{
    "location-bodiesofwater": ["water"],
    "other-law": ["law"],
    "art-broadcastprogram": ["broadcast", "program"],
    "organization-media/newspaper": ["media", "newspaper"],
    "building-restaurant": ["restaurant"],
    "person-artist/author": ["artist", "author"],
    "art-film": ["film"],
    "other-award": ["award"],
    "location-park": ["park"],
    "event-other": ["event"],
    "organization-government/governmentagency": ["government", "agency"],
    "person-other": ["person"],
    "other-educationaldegree": ["educational", "degree"],
    "organization-education": ["education"],
    "person-director": ["director"],
    "product-game": ["game"],
    "building-sportsfacility": ["sports", "facility"],
    "event-protest": ["protest"],
    "product-car": ["car"],
    "other-language": ["language"],
    "building-airport": ["airport"],
    "organization-other": ["organization"],
    "building-other": ["building"],
    "location-other": ["location"],
    "person-athlete": ["athlete"],
    "organization-showorganization": ["show", "organization"],
    "organization-sportsleague": ["sports", "league"],
    "location-GPE": ["geopolitical"],
    "person-scholar": ["scholar", "scientist"],
    "building-library": ["library"],
    "building-hotel": ["hotel"],
    "location-road/railway/highway/transit": ["road", "railway", "highway", "transit"],
    "art-painting": ["painting"],
    "building-hospital": ["hospital"],
    "event-election": ["election"],
    "art-writtenart": ["written", "art"],
    "organization-religion": ["religion"],
    "organization-company": ["company"],
    "product-train": ["train"],
    "product-ship": ["ship"],
    "event-attack/battle/war/militaryconflict": ["attack", "battle", "war", "military", "conflict"],
    "event-sportsevent": ["sports", "event"],
    "event-disaster": ["disaster"],
    "other-currency": ["currency"],
    "product-weapon": ["weapon"],
    "other-livingthing": ["living"],
    "organization-sportsteam": ["sports", "team"],
    "person-politician": ["politician"],
    "other-god": ["god"],
    "organization-politicalparty": ["political", "party"],
    "art-music": ["music"],
    "art-other": ["art"],
    "person-actor": ["actor"],
    "building-theater": ["theater"],
    "other-biologything": ["biology"],
    "product-software": ["software"],
    "location-island": ["island"],
    "other-medical": ["medical"],
    "other-disease": ["disease"],
    "other-chemicalthing": ["chemical"],
    "product-other": ["product"],
    "product-airplane": ["airplane"],
    "product-food": ["food"],
    "location-mountain": ["mountain"],
    "other-astronomything": ["astronomy"],
    "person-soldier": ["soldier"]
}