{"location-bodiesofwater": ["water", "lake", "oxygen", "liquid", "seawater", "ocean", "river", "groundwater", "nutrient", "ice", "snow", "hydrogen", "earth", "sweat", "cloud", "urine", "irrigation", "puddle", "h2o", "sea", "wet", "stream", "rain", "freshwater", "gas", "irrigate", "sewage", "reservoir", "atom", "wastewater", "aquifer", "drainage"], "other-law": ["law", "jurisprudence", "constitution", "state", "statute", "rule", "legislation", "lawyer", "police", "justice", "court", "recusation", "regulation", "torah", "sharia", "tort", "precedent", "courts", "derogation", "impoundment", "subrogation", "philosophy", "champerty", "concept", "conception"], "art-broadcastprogram": ["broadcast", "program", "radio", "programme", "air", "television", "telecast", "plan", "circulate", "curriculum", "spread", "software", "rebroadcast", "schedule", "simulcast", "project", "publicize", "system", "parser", "newscast", "compiler", "rerun", "assembler", "transmit", "playbill", "subprogram", "show", "interpreter", "pbs", "interface", "audience", "network", "subroutine"], "organization-media/newspaper": ["media", "newspaper", "cooked", "paper", "intermediate", "editorial", "newsprint", "spiritualist", "news", "article", "megilp", "magazine", "substance", "tabloid", "liquid", "publisher", "columnist", "metier", "journalist", "publication", "gazette", "moderate", "reporter", "mixture", "saucepan", "range", "headline", "slice", "column", "skillet", "rotogravure", "butter", "saute", "journal"], "building-restaurant": ["restaurant", "cafeteria", "kitchen", "eatery", "cafe", "bistro", "diner", "lunch", "cuisine", "waiter", "buffet", "sushi", "menu", "canteen", "dinner", "bar", "brasserie", "steakhouse", "seafood", "waitress", "chef", "tearoom", "deli", "hotel", "pub", "lunchroom", "breakfast", "beer", "wine", "grill", "food", "grillroom", "rotisserie", "coffeehouse"], "person-artist/author": ["artist", "author", "art", "writer", "painter", "poet", "illustrator", "novelist", "musician", "essayist", "artwork", "bronte", "sculptor", "burroughs", "photographer", "book", "sculpture", "coauthor", "decorator", "biographer", "journalist", "playwright", "kitsch", "authoress", "painting", "scriptwriter", "artisan", "paragrapher", "portrait", "story", "speechwriter", "pamphleteer", "miniaturist", "poem", "portraitist", "generator", "printmaker", "source"], "art-film": ["film", "movie", "cinema", "celluloid", "picture", "shoot", "television", "soundtrack", "documentary", "dvd", "animation", "flick", "photography", "screenplay", "microfilm", "reshoot", "episode", "actor", "pic", "scene", "telefilm", "art", "cinematography", "sequel", "filmmaker", "videotape", "video", "studio", "thriller"], "other-award": ["award", "prize", "trophy", "medal", "honor", "grant", "accolade", "honour", "excellence", "emmy", "scholarship", "oscar", "commendation", "honorary", "contribution", "recognition", "ribbon", "bestow", "confer", "fellowship", "laurels", "present", "gift", "premium", "pension", "gratuity", "cachet", "citation", "tribute", "achievement", "recipient", "honors", "grammy", "bafta", "acclaim", "nominations"], "location-park": ["park", "playground", "recreation", "ballpark", "tract", "garden", "stadium", "grass", "yard", "commons", "parkland", "parcel", "landscape", "baseball", "tree", "city", "town", "place", "fountain", "area", "site", "trail", "historic", "temple", "backyard", "parkway", "plaza", "pavilion", "lawn", "pond", "meadow"], "event-other": ["event", "occurrence", "circumstance", "phenomenon", "festival", "miracle", "case", "occurrent", "materialization", "reverberation", "issue", "incident", "act", "occasion", "tournament", "venue", "competition", "race", "contest", "gala", "exhibition", "celebration", "show", "championship", "day", "round", "games", "match", "time", "chance", "course", "night", "encounter", "episode", "affair", "reunion", "consequence", "effect", "outcome"], "organization-government/governmentagency": ["government", "agency", "governance", "bureau", "administration", "office", "politics", "authority", "democracy", "organization", "state", "action", "judiciary", "activeness", "authorities", "implementation", "regime", "way", "means", "legislature", "representation", "executive", "activity", "country", "delegacy", "aristocracy", "policy", "agent", "polity", "organ", "ministry", "department", "bureaucracy", "act"], "person-other": ["person", "people", "someone", "worker", "child", "human", "applicant", "somebody", "philosophy", "language", "mammal", "adult", "female", "primates", "legs", "brain", "personhood", "individualist", "self", "gentile", "mortal", "soul", "capricorn", "slav", "capitalist", "amateur", "nonworker", "male", "face", "ape", "inhabitant", "traveler", "idea"], "other-educationaldegree": ["degree", "curriculum", "school", "level", "university", "grade", "college", "doctorate", "magnitude", "extent", "pedagogy", "intensity", "knowledge", "diploma", "literacy", "undergraduate", "postgraduate", "graduate", "student", "adult", "arcminute", "point", "education", "stage", "autodidacticism", "exponent"], "organization-education": ["education", "pedagogy", "instruction", "school", "curriculum", "college", "university", "didactics", "training", "knowledge", "scholarship", "literacy", "tuition", "teacher", "student", "undergraduate", "adult", "skill", "experience", "medicine", "science", "humanities", "coeducation", "autodidacticism", "lesson"], "person-director": ["director", "manager", "administrator", "conductor", "supervisor", "chief", "head", "principal", "ceo", "management", "filmmaker", "bandleader", "board", "executive", "assistant", "chairman", "superintendent", "deputy", "secretary", "officer", "commissioner", "editor", "dean", "curator", "leader", "leadership", "boss", "producer", "headmaster", "controller", "commander", "guidance", "headmistress", "lead"], "product-game": ["game", "play", "tennis", "baseball", "gamey", "pitch", "competition", "pinball", "basketball", "postseason", "football", "stake", "chess", "dice", "diversion", "strategy", "score", "played", "cricket", "frolic", "player", "replay", "venison", "mettlesome", "biz", "punt"], "building-sportsfacility": ["sports", "facility", "athletics", "installation", "station", "gymnastics", "service", "sportsman", "artifact", "competition", "adroitness", "artefact", "cycling", "capacity", "soccer", "operation", "tennis", "transit", "readiness", "quickness", "game", "deftness", "downfield", "adeptness", "offside", "backroom", "judo", "utility", "polo", "dexterity", "team", "arboretum", "skiing", "restroom", "forum", "hockey", "plant"], "event-protest": ["protest", "objection", "demonstration", "dissent", "protestation", "rebel", "government", "resist", "boycott", "strike", "walkout", "opposition", "demonstrate", "oppose", "march", "contradict", "affirm", "resistance", "protesters", "controvert", "demonstrators", "activists", "rallies", "crackdown", "supporters", "rally", "outcry", "rioting", "riot", "marchers", "outrage", "slogans", "condemnation", "retaliation", "unrest", "revolt"], "product-car": ["car", "bus", "wheel", "automobile", "auto", "minivan", "suv", "van", "vehicle", "passenger", "limousine", "jeep", "cab", "motorcar", "sedan", "hatchback", "gasoline", "compartment", "bicycle", "carriage", "oldsmobile", "wagon", "railcar", "coupe", "fender", "bumper", "machine", "truck", "taxi", "train", "motor", "roadster"], "other-language": ["language", "speech", "dialect", "word", "words", "terminology", "syntax", "linguistics", "lexicon", "hindi", "communication", "sociolinguistics", "neurolinguistics", "code", "latin", "human", "meaning", "sanskrit", "pronunciation", "swahili", "phonology", "idiom", "lexis", "metalanguage", "monologue", "sign"], "building-airport": ["airport", "aerodrome", "hangar", "runway", "heliport", "airfield", "taxiway", "hotel", "airplane", "seaplane", "takeoff", "airdrome", "flight", "luggage", "tarmac", "plane", "airline", "bus", "passenger", "pilot", "customs", "immigration", "nation", "government", "road", "port", "heathrow", "rain", "snow", "fog"], "organization-other": ["organization", "establishment", "federation", "institution", "organisation", "administration", "association", "hierarchy", "rationalization", "government", "cooperative", "membership", "bureaucracy", "corporation", "reorganization", "constitution", "system", "company", "enterprise", "committee", "ngo", "society", "management", "territorialization", "quango", "structure", "machine", "rationalisation", "systematization", "unionisation", "group", "fiefdom", "nonprofit", "union", "alliance", "quorum", "adhocracy", "commission"], "building-other": ["building", "construct", "create", "progress", "rebuild", "frame", "construction", "reconstruct", "person", "shape", "form", "chassis", "figure", "physique", "bod", "flesh", "soma", "anatomy", "body-build", "architecture", "manage", "cantilever", "erect", "raise", "expand", "provide", "secure", "maintain", "bring"], "location-other": ["location", "space", "superposition", "region", "placement", "localization", "position", "whereabouts", "site", "area", "home", "juxtaposition", "part", "place", "point", "base", "fix", "localisation", "emplacement", "orientation", "station", "locator", "east", "locality", "venue", "proximity", "vicinity", "places", "locale", "destination", "maps", "entrance", "facility", "locate"], "person-athlete": ["athlete", "sport", "sportsman", "skater", "jock", "swimmer", "gymnast", "skier", "weightlifter", "hurdler", "winner", "athletics", "basketball", "amateur", "contestant", "runner", "footballer", "sportswoman", "vaulter", "cricketer", "lifter", "competitor", "decathlon", "golfer", "ballplayer", "pentathlete", "cager", "player", "competition", "sports", "marathoner", "sprinter", "wrestler"], "organization-showorganization": ["show", "organization", "exhibit", "establishment", "demonstrate", "federation", "display", "institution", "demonstration", "organisation", "register", "administration", "demo", "association", "picture", "hierarchy", "evince", "rationalization", "indicate", "government", "prove", "cooperative", "reveal", "membership", "appearance", "bureaucracy", "present", "corporation", "record", "reorganization", "point", "constitution", "evidence", "system", "read", "company", "movie", "enterprise", "performance", "committee", "ngo"], "organization-sportsleague": ["sports", "league", "athletics", "association", "union", "gymnastics", "team", "sportsman", "unify", "competition", "conference", "cycling", "soccer", "tennis", "alliance", "coalition", "division", "game", "football", "downfield", "club", "offside", "federation", "judo", "season", "polo", "baseball", "skiing", "championship", "basketball", "hockey", "nhl"], "location-GPE": ["ukraine", "geography", "geopolitik", "australia", "politics", "belarus", "russia", "geostrategic", "brzezinski", "eurasianism", "climate", "topography", "demography", "region", "guyana", "dominica", "grenada", "brunei", "kiribati", "tyrol", "friesland", "belize", "malaysia"], "person-scholar": ["scholar", "scientist", "student", "science", "historian", "physicist", "philosopher", "psychologist", "biologist", "professor", "chemist", "alumnus", "mathematician", "geologist", "master", "university", "researcher", "musicologist", "engineer", "linguist", "academy", "paleontologist", "lecturer", "investigator", "scholarship", "oceanographer", "learner", "schoolman", "research", "alumna", "geneticist", "laboratory", "astronomy"], "building-library": ["library", "book", "internet", "collection", "bookcase", "school", "manuscripts", "constantinople", "aggregation", "assemblage", "accumulation", "bookstore", "institution", "building", "church", "university", "manuscript", "microform", "athenaeum", "carrel", "bibliotheca", "atheneum", "repository", "depository", "sumer", "e-book", "history", "papyrus", "egypt", "biography", "bookseller", "academy"], "building-hotel": ["hotel", "inn", "restaurant", "motel", "resort", "hostel", "london", "casino", "building", "lodge", "room", "amenity", "timeshare", "hostelry", "fleabag", "apartment", "airport", "house", "ritz", "paris", "home", "coach", "spa", "hyatt", "exeter", "bedroom", "mansion", "manhattan", "mall", "concierge", "luxury"], "location-road/railway/highway/transit": ["road", "railway", "highway", "transit", "track", "freeway", "pavement", "tram", "motorway", "roadway", "rail", "pass", "lane", "line", "traffic", "transportation", "route", "funicular", "thoroughfare", "railroad", "interstate", "passage", "street", "theodolite", "parkway", "train", "intersection", "monorail", "journey", "trail", "metro"], "art-painting": ["painting", "pigment", "repaint", "stipple", "acrylic", "watercolor", "watercolour", "latex", "distemper", "art", "wax", "coat", "semigloss", "airbrush", "color", "canvas", "rouge", "gouache", "alkyd", "colour", "fresco", "surface", "painter", "charcoal", "fingerpaint", "blusher", "tempera", "paintless", "enamel"], "building-hospital": ["hospital", "clinic", "outpatient", "patient", "surgeon", "nurse", "surgery", "physician", "sanatorium", "hospice", "inpatient", "ambulance", "radiology", "medicine", "lazaretto", "doctor", "dentist", "health", "dermatology", "geriatric", "sanitarium", "psychiatry", "pathology", "oncologist", "neurologist", "cardiologist", "pediatrician", "nephrologist", "internist"], "event-election": ["election", "vote", "reelection", "legislature", "referendum", "ballot", "poll", "elect", "democracy", "psephology", "plurality", "parliament", "presidency", "selection", "choice", "option", "pick", "voter", "runoff", "predestination", "majority", "predetermination", "decision", "preelection", "electorate", "candidate", "polls", "party", "candidacy", "candidates", "senate", "president", "opposition", "voters"], "art-writtenart": ["art", "literacy", "rewrite", "remain", "print", "consist", "script", "rest", "cuneiform", "read", "paper", "stagnate", "cost", "superscribe", "comprise", "represent", "paragraph", "embody", "exist", "look", "spell", "suffer", "scribe", "hold", "stay", "text", "continue", "pencil", "fall", "draw", "seethe"], "organization-religion": ["religion", "buddhism", "judaism", "faith", "christianity", "islam", "hinduism", "cult", "belief", "sikhism", "atheism", "taoism", "orthodox", "god", "shamanism", "deity", "theology", "catholicism", "spirituality", "shinto", "conformist", "orthodoxy", "christian", "jainism", "brahmanism", "paganism", "zoroastrianism", "meditation", "shintoism", "church", "worship", "vaishnavism", "symbol", "gnosticism", "monotheism", "dharma"], "organization-company": ["company", "business", "corporation", "subsidiary", "companion", "troupe", "accompany", "unit", "fellowship", "distributor", "companionship", "firm", "freemasonry", "shareholder", "organisation", "organization", "consort", "ltd.", "establishment", "partnership", "platoon", "battalion", "society", "party", "caller", "institution", "associate", "affiliate", "cohort", "minstrelsy", "ceo"], "product-train": ["train", "prepare", "educate", "groom", "railcar", "coach", "discipline", "check", "rail", "railway", "cargo", "retrain", "vehicle", "learn", "passenger", "monorail", "teach", "drill", "condition", "aim", "instruct", "tram", "bus", "school", "trail", "commuter"], "product-ship": ["ship", "warship", "boat", "ferry", "submarine", "vessel", "cargo", "sail", "forecastle", "barge", "frigate", "caravel", "watercraft", "port", "transport", "troopship", "barque", "lightship", "tonne", "ferryboat", "galley", "fleet", "trireme", "rudder", "steamer", "yacht", "carrack", "stern", "schooner", "navy", "tanker", "steamship", "shipwreck"], "event-attack/battle/war/militaryconflict": ["attack", "battle", "war", "conflict", "assault", "combat", "warfare", "counterattack", "dispute", "strike", "fight", "army", "assail", "navy", "disagreement", "fire", "struggle", "conscription", "clash", "blitz", "raid", "strife", "bombard", "engagement", "genocide"], "event-sportsevent": ["sports", "event", "athletics", "occurrence", "circumstance", "gymnastics", "phenomenon", "sportsman", "festival", "competition", "miracle", "case", "cycling", "occurrent", "soccer", "materialization", "tennis", "reverberation", "issue", "game", "incident", "downfield", "act", "offside", "occasion", "judo", "tournament", "polo", "venue", "team", "skiing", "race", "hockey", "contest"], "event-disaster": ["disaster", "catastrophe", "calamity", "tragedy", "tsunami", "famine", "devastation", "earthquake", "hardship", "cataclysm", "hurricane", "destruction", "damage", "accident", "misfortune", "flood", "adversity", "drought", "meltdown", "apocalypse", "plague", "visitation", "spill", "emergency", "aftermath", "quake", "rescue", "relief", "katrina", "emergencies", "crisis", "floods", "danger", "crash", "wreck", "explosion", "preparedness"], "other-currency": ["currency", "money", "dollar", "banknote", "coin", "franc", "cash", "euro", "bank", "inflation", "greenback", "credit", "coinage", "banking", "currentness", "cent", "loan", "loonie", "debt", "eurocurrency", "stock", "shekel", "ruble", "exchange", "peso", "devaluation", "equities", "eurozone", "commodities"], "product-weapon": ["weapon", "sword", "gun", "missile", "spear", "firearm", "ammunition", "artillery", "projectile", "rifle", "pistol", "bomb", "bow", "weaponry", "arm", "arms", "knife", "munition", "cannon", "guns", "shotgun", "tool", "gunpowder", "rocket", "instrument", "pike", "firearms", "tank", "war", "animal", "warfare", "warhead", "rock", "armor"], "other-livingthing": ["living", "survive", "exist", "endure", "reside", "subsist", "inhabit", "people", "animation", "life", "experience", "breathe", "shack", "reverberant", "populate", "board", "relive", "animate", "vital", "vitality", "dwell", "springy", "bouncy"], "organization-sportsteam": ["sports", "team", "athletics", "squad", "group", "gymnastics", "crew", "sportsman", "game", "competition", "league", "football", "cycling", "soccer", "hockey", "tennis", "coach", "sport", "varsity", "downfield", "offense", "offside", "unit", "judo", "defense", "polo", "player", "skiing", "players", "championship"], "person-politician": ["politician", "politics", "leader", "governor", "democrat", "candidate", "statesman", "legislator", "demagogue", "campaigner", "senator", "politico", "pol", "jackson", "whig", "socialist", "clinton", "technocrat", "labourite", "boss", "businessman", "lawmaker", "jurist", "journalist", "servant", "reformer", "nationalist", "presidency", "clergyman", "congressman", "populist", "preacher", "maverick", "activist", "schoolteacher", "policy"], "other-god": ["god", "deity", "allah", "atheism", "theism", "yahweh", "agnosticism", "polytheism", "monotheism", "trinity", "jehovah", "deism", "divine", "judaism", "divinity", "almighty", "jesus", "goddess", "christianity", "islam", "immortal", "hinduism", "idol", "henotheism", "pantheism", "godhead", "tetragrammaton", "faith", "theist", "demigod", "pandeism", "krishna", "muslim"], "organization-politicalparty": ["party", "government", "fete", "politics", "governance", "law", "governmental", "kuomintang", "aristotle", "shindig", "politician", "soiree", "opposition", "policy", "birthday", "republic", "bash", "election", "wedding", "nation", "cocktail", "fiesta", "policy-making", "country", "dance", "celebrate", "politicians", "festival"], "art-music": ["music", "piano", "jazz", "sound", "melody", "guitar", "song", "rhythm", "harmony", "lyrics", "chord", "orchestra", "choir", "composer", "blues", "songwriter", "harmonise", "harmonize", "musician", "art", "opera", "poetry", "tonality", "entertainment", "flute", "symphony", "musicology", "violin", "karaoke", "recapitulation"], "art-other": ["art", "remain", "consist", "rest", "stagnate", "cost", "comprise", "represent", "embody", "exist", "look", "suffer", "hold", "stay", "continue", "fall", "seethe", "dwell", "seem", "begin", "delimit", "belong", "fact", "preexist", "impend", "hoodoo", "indwell", "depend", "loiter", "inhabit", "gravitate"], "person-actor": ["actor", "comedy", "barrymore", "mime", "actress", "drama", "doer", "fairbanks", "performer", "radio", "theatre", "film", "character", "movie", "comedian", "pantomime", "player", "screenplay", "television", "tragedy", "act", "barnstormer", "thespis", "greece", "star", "moore", "fonda", "hanks", "gibson", "allen", "keaton", "worker", "histrion", "portrayal", "role"], "building-theater": ["theater", "theatre", "opera", "comedy", "dramaturgy", "drama", "cinema", "play", "actor", "tragedy", "stage", "dance", "melodrama", "sophocles", "house", "dramatics", "aeschylus", "ballet", "euripides", "orchestra", "music", "audience", "movie", "playhouse", "film", "burlesque", "poetics", "literature", "cabaret", "repertory", "aristotle", "vaudeville"], "other-biologything": ["biology", "ecology", "physiology", "evolution", "genetics", "botany", "organism", "taxonomy", "science", "biochemistry", "anatomy", "microbiology", "paleontology", "species", "neurobiology", "dna", "zoology", "cell", "bacteria", "bacterium", "embryology", "medicine", "metabolism", "eukaryote", "biologist", "sessile", "sociobiology", "paleobiology", "radiobiology", "neuroscience", "life", "entomology", "phylum", "anthropology", "biophysics", "psychology", "sociology", "environment"], "product-software": ["software", "linux", "compiler", "data", "program", "malware", "hardware", "computer", "groupware", "shareware", "firmware", "programmer", "interpreter", "algorithm", "package", "spyware", "code", "subprogram", "applications", "programme", "microprocessor", "freeware", "information", "application", "tool", "compute", "interface", "antivirus"], "location-island": ["island", "greenland", "continent", "australia", "borneo", "madagascar", "singapore", "archipelago", "mainland", "iceland", "seychelles", "taiwan", "tasmania", "ireland", "cuba", "sumatra", "islet", "barbados", "newfoundland", "maldives", "mauritius", "samoa", "nauru", "atoll", "peninsula", "isle", "capri", "shikoku", "cay", "crete", "hokkaido", "bahrain", "lagoon", "kyushu", "aruba", "anguilla", "cyprus", "madeira"], "other-medical": ["physician", "disease", "therapy", "pediatrics", "checkup", "splint", "medicine", "health", "humorism", "doctor", "prevention", "specialist", "oncology", "surgeon", "examination", "psychiatry", "podiatry", "physicians", "clinic", "anesthesiology", "gastroenterology", "dermatology", "nephrology", "urology", "patient", "surgeons", "medication", "diagnosis"], "other-disease": ["disease", "virus", "cancer", "syndrome", "infection", "symptom", "illness", "malaria", "leprosy", "malignancy", "acute", "influenza", "chronic", "diabetes", "tuberculosis", "pathogen", "leukemia", "malady", "sickness", "filariasis", "cure", "anthrax", "ailment", "diagnosis", "sanitation", "outbreak", "medication", "illnesses", "pneumonia"], "other-chemicalthing": ["chemical", "material", "hydrogen", "chemic", "laboratory", "polymer", "oxygen", "pesticide", "gas", "liquid", "chemist", "ion", "water", "aldehyde", "ratio", "fertilizer", "chemistry", "energy", "molecule", "plutonium", "inorganic", "molecular", "mineral", "matter", "mixture", "gold", "phase", "temperature", "pressure", "sugar", "isomer", "phenol"], "product-other": ["product", "output", "production", "merchandise", "book", "generic", "ware", "intersection", "filtrate", "produce", "yield", "commodity", "addition", "creation", "outlet", "industry", "marketing", "consumer", "packaging", "brand", "software", "pricing", "company", "technology", "customer", "manufacture", "result", "movie", "flick", "outcome", "set", "film", "fruit", "issue", "event"], "product-airplane": ["airplane", "plane", "airliner", "propeller", "monoplane", "fuselage", "jet", "biplane", "aeroplane", "aircraft", "aviator", "flight", "jetliner", "seaplane", "passenger", "helicopter", "air", "pilot", "triplane", "airlift", "takeoff", "airbus", "cockpit", "thrust", "airliners", "hydroplane", "fly", "aviation", "planes"], "product-food": ["food", "nutrition", "rice", "nutrient", "beef", "meat", "provender", "victuals", "cooking", "seafood", "pabulum", "animal", "cereal", "drink", "cheese", "fat", "soup", "butter", "yogurt", "nourishment", "agriculture", "pasta", "feed", "fish", "sustenance", "meal", "milk", "ingredients", "chicken", "sushi", "hunger", "sugar", "maize", "wheat", "plant", "energy", "substance", "protein", "vitamin"], "location-mountain": ["mountain", "hill", "volcano", "mount", "glacier", "magma", "orogeny", "mountainside", "river", "alpine", "hillside", "asia", "highland", "africa", "plateau", "earth", "seamount", "alp", "summit", "peak", "elevation", "k2", "slope", "himalayas", "climb", "snow", "rocky", "mountaintop", "valley", "foothills", "slopes", "ridge", "canyon"], "other-astronomything": ["astronomy", "galaxy", "comet", "physics", "planet", "astrophysics", "star", "universe", "astronomer", "observatory", "astrometry", "asteroid", "astrology", "supernova", "science", "cosmology", "pulsar", "sun", "uranus", "chemistry", "nebula", "earth", "telescope", "moon", "nucleosynthesis"], "person-soldier": ["soldier", "trooper", "cavalryman", "army", "peacekeeper", "paratrooper", "infantryman", "reservist", "commando", "guardsman", "warrior", "marine", "platoon", "colonel", "sapper", "sniper", "infantry", "conscription", "flanker", "gurkha", "janissary", "worker", "policeman", "serviceman", "pistoleer", "rifleman", "guerrilla", "war", "sergeant", "man", "militiaman", "servicemen", "airman", "paratroops", "solider", "commander", "troops", "troop", "fighter"]}