<?xml version="1.0" encoding="UTF-8" ?>
<!DOCTYPE mapper PUBLIC "-//mybatis.org//DTD Mapper 3.0//EN" "http://mybatis.org/dtd/mybatis-3-mapper.dtd" >
<mapper namespace="com.cf.carpark.dao.mapper.CfCarParkCarTypeMapper" >
  <resultMap id="BaseResultMap" type="com.cf.carpark.domain.CfCarParkCarType" >
    <id column="id" property="id" jdbcType="VARCHAR" />
    <result column="name" property="name" jdbcType="VARCHAR" />
    <result column="flag_key" property="flagKey" jdbcType="VARCHAR" />
    <result column="image" property="image" jdbcType="VARCHAR" />
    <result column="description" property="description" jdbcType="VARCHAR" />
    <result column="sort_index" property="sortIndex" jdbcType="INTEGER" />
  </resultMap>
  <sql id="Example_Where_Clause" >
    <where >
      <foreach collection="oredCriteria" item="criteria" separator="or" >
        <if test="criteria.valid" >
          <trim prefix="(" suffix=")" prefixOverrides="and" >
            <foreach collection="criteria.criteria" item="criterion" >
              <choose >
                <when test="criterion.noValue" >
                  and ${criterion.condition}
                </when>
                <when test="criterion.singleValue" >
                  and ${criterion.condition} #{criterion.value}
                </when>
                <when test="criterion.betweenValue" >
                  and ${criterion.condition} #{criterion.value} and #{criterion.secondValue}
                </when>
                <when test="criterion.listValue" >
                  and ${criterion.condition}
                  <foreach collection="criterion.value" item="listItem" open="(" close=")" separator="," >
                    #{listItem}
                  </foreach>
                </when>
              </choose>
            </foreach>
          </trim>
        </if>
      </foreach>
    </where>
  </sql>
  <sql id="Update_By_Example_Where_Clause" >
    <where >
      <foreach collection="example.oredCriteria" item="criteria" separator="or" >
        <if test="criteria.valid" >
          <trim prefix="(" suffix=")" prefixOverrides="and" >
            <foreach collection="criteria.criteria" item="criterion" >
              <choose >
                <when test="criterion.noValue" >
                  and ${criterion.condition}
                </when>
                <when test="criterion.singleValue" >
                  and ${criterion.condition} #{criterion.value}
                </when>
                <when test="criterion.betweenValue" >
                  and ${criterion.condition} #{criterion.value} and #{criterion.secondValue}
                </when>
                <when test="criterion.listValue" >
                  and ${criterion.condition}
                  <foreach collection="criterion.value" item="listItem" open="(" close=")" separator="," >
                    #{listItem}
                  </foreach>
                </when>
              </choose>
            </foreach>
          </trim>
        </if>
      </foreach>
    </where>
  </sql>
  <sql id="Base_Column_List" >
    id, name, flag_key, image, description, sort_index
  </sql>
  <select id="selectByExample" resultMap="BaseResultMap" parameterType="com.cf.carpark.domain.CfCarParkCarTypeExample" >
    select
    <if test="distinct" >
      distinct
    </if>
    <include refid="Base_Column_List" />
    from cf_car_park_car_type
    <if test="_parameter != null" >
      <include refid="Example_Where_Clause" />
    </if>
    <if test="orderByClause != null" >
      order by ${orderByClause}
    </if>
  </select>
  <select id="selectByPrimaryKey" resultMap="BaseResultMap" parameterType="java.lang.String" >
    select 
    <include refid="Base_Column_List" />
    from cf_car_park_car_type
    where id = #{id,jdbcType=VARCHAR}
  </select>
  <delete id="deleteByPrimaryKey" parameterType="java.lang.String" >
    delete from cf_car_park_car_type
    where id = #{id,jdbcType=VARCHAR}
  </delete>
  <delete id="deleteByExample" parameterType="com.cf.carpark.domain.CfCarParkCarTypeExample" >
    delete from cf_car_park_car_type
    <if test="_parameter != null" >
      <include refid="Example_Where_Clause" />
    </if>
  </delete>
  <insert id="insert" parameterType="com.cf.carpark.domain.CfCarParkCarType" >
    insert into cf_car_park_car_type (id, name, flag_key, 
      image, description, sort_index
      )
    values (#{id,jdbcType=VARCHAR}, #{name,jdbcType=VARCHAR}, #{flagKey,jdbcType=VARCHAR}, 
      #{image,jdbcType=VARCHAR}, #{description,jdbcType=VARCHAR}, #{sortIndex,jdbcType=INTEGER}
      )
  </insert>
  <insert id="insertSelective" parameterType="com.cf.carpark.domain.CfCarParkCarType" >
    insert into cf_car_park_car_type
    <trim prefix="(" suffix=")" suffixOverrides="," >
      <if test="id != null" >
        id,
      </if>
      <if test="name != null" >
        name,
      </if>
      <if test="flagKey != null" >
        flag_key,
      </if>
      <if test="image != null" >
        image,
      </if>
      <if test="description != null" >
        description,
      </if>
      <if test="sortIndex != null" >
        sort_index,
      </if>
    </trim>
    <trim prefix="values (" suffix=")" suffixOverrides="," >
      <if test="id != null" >
        #{id,jdbcType=VARCHAR},
      </if>
      <if test="name != null" >
        #{name,jdbcType=VARCHAR},
      </if>
      <if test="flagKey != null" >
        #{flagKey,jdbcType=VARCHAR},
      </if>
      <if test="image != null" >
        #{image,jdbcType=VARCHAR},
      </if>
      <if test="description != null" >
        #{description,jdbcType=VARCHAR},
      </if>
      <if test="sortIndex != null" >
        #{sortIndex,jdbcType=INTEGER},
      </if>
    </trim>
  </insert>
  <select id="countByExample" parameterType="com.cf.carpark.domain.CfCarParkCarTypeExample" resultType="java.lang.Integer" >
    select count(*) from cf_car_park_car_type
    <if test="_parameter != null" >
      <include refid="Example_Where_Clause" />
    </if>
  </select>
  <update id="updateByExampleSelective" parameterType="map" >
    update cf_car_park_car_type
    <set >
      <if test="record.id != null" >
        id = #{record.id,jdbcType=VARCHAR},
      </if>
      <if test="record.name != null" >
        name = #{record.name,jdbcType=VARCHAR},
      </if>
      <if test="record.flagKey != null" >
        flag_key = #{record.flagKey,jdbcType=VARCHAR},
      </if>
      <if test="record.image != null" >
        image = #{record.image,jdbcType=VARCHAR},
      </if>
      <if test="record.description != null" >
        description = #{record.description,jdbcType=VARCHAR},
      </if>
      <if test="record.sortIndex != null" >
        sort_index = #{record.sortIndex,jdbcType=INTEGER},
      </if>
    </set>
    <if test="_parameter != null" >
      <include refid="Update_By_Example_Where_Clause" />
    </if>
  </update>
  <update id="updateByExample" parameterType="map" >
    update cf_car_park_car_type
    set id = #{record.id,jdbcType=VARCHAR},
      name = #{record.name,jdbcType=VARCHAR},
      flag_key = #{record.flagKey,jdbcType=VARCHAR},
      image = #{record.image,jdbcType=VARCHAR},
      description = #{record.description,jdbcType=VARCHAR},
      sort_index = #{record.sortIndex,jdbcType=INTEGER}
    <if test="_parameter != null" >
      <include refid="Update_By_Example_Where_Clause" />
    </if>
  </update>
  <update id="updateByPrimaryKeySelective" parameterType="com.cf.carpark.domain.CfCarParkCarType" >
    update cf_car_park_car_type
    <set >
      <if test="name != null" >
        name = #{name,jdbcType=VARCHAR},
      </if>
      <if test="flagKey != null" >
        flag_key = #{flagKey,jdbcType=VARCHAR},
      </if>
      <if test="image != null" >
        image = #{image,jdbcType=VARCHAR},
      </if>
      <if test="description != null" >
        description = #{description,jdbcType=VARCHAR},
      </if>
      <if test="sortIndex != null" >
        sort_index = #{sortIndex,jdbcType=INTEGER},
      </if>
    </set>
    where id = #{id,jdbcType=VARCHAR}
  </update>
  <update id="updateByPrimaryKey" parameterType="com.cf.carpark.domain.CfCarParkCarType" >
    update cf_car_park_car_type
    set name = #{name,jdbcType=VARCHAR},
      flag_key = #{flagKey,jdbcType=VARCHAR},
      image = #{image,jdbcType=VARCHAR},
      description = #{description,jdbcType=VARCHAR},
      sort_index = #{sortIndex,jdbcType=INTEGER}
    where id = #{id,jdbcType=VARCHAR}
  </update>
</mapper>