<?xml version="1.0" encoding="UTF-8" ?>
<!DOCTYPE mapper PUBLIC "-//mybatis.org//DTD Mapper 3.0//EN" "http://mybatis.org/dtd/mybatis-3-mapper.dtd" >
<mapper namespace="com.cf.carpark.dao.mapper.CfCarParkPaymentAgencyMapper" >
  <resultMap id="BaseResultMap" type="com.cf.carpark.domain.CfCarParkPaymentAgency" >
    <id column="id" property="id" jdbcType="VARCHAR" />
    <result column="car_park_id" property="carParkId" jdbcType="VARCHAR" />
    <result column="user_payment_agency" property="userPaymentAgency" jdbcType="VARCHAR" />
    <result column="sort_index" property="sortIndex" jdbcType="INTEGER" />
  </resultMap>
  <sql id="Example_Where_Clause" >
    <where >
      <foreach collection="oredCriteria" item="criteria" separator="or" >
        <if test="criteria.valid" >
          <trim prefix="(" suffix=")" prefixOverrides="and" >
            <foreach collection="criteria.criteria" item="criterion" >
              <choose >
                <when test="criterion.noValue" >
                  and ${criterion.condition}
                </when>
                <when test="criterion.singleValue" >
                  and ${criterion.condition} #{criterion.value}
                </when>
                <when test="criterion.betweenValue" >
                  and ${criterion.condition} #{criterion.value} and #{criterion.secondValue}
                </when>
                <when test="criterion.listValue" >
                  and ${criterion.condition}
                  <foreach collection="criterion.value" item="listItem" open="(" close=")" separator="," >
                    #{listItem}
                  </foreach>
                </when>
              </choose>
            </foreach>
          </trim>
        </if>
      </foreach>
    </where>
  </sql>
  <sql id="Update_By_Example_Where_Clause" >
    <where >
      <foreach collection="example.oredCriteria" item="criteria" separator="or" >
        <if test="criteria.valid" >
          <trim prefix="(" suffix=")" prefixOverrides="and" >
            <foreach collection="criteria.criteria" item="criterion" >
              <choose >
                <when test="criterion.noValue" >
                  and ${criterion.condition}
                </when>
                <when test="criterion.singleValue" >
                  and ${criterion.condition} #{criterion.value}
                </when>
                <when test="criterion.betweenValue" >
                  and ${criterion.condition} #{criterion.value} and #{criterion.secondValue}
                </when>
                <when test="criterion.listValue" >
                  and ${criterion.condition}
                  <foreach collection="criterion.value" item="listItem" open="(" close=")" separator="," >
                    #{listItem}
                  </foreach>
                </when>
              </choose>
            </foreach>
          </trim>
        </if>
      </foreach>
    </where>
  </sql>
  <sql id="Base_Column_List" >
    id, car_park_id, user_payment_agency, sort_index
  </sql>
  <select id="selectByExample" resultMap="BaseResultMap" parameterType="com.cf.carpark.domain.CfCarParkPaymentAgencyExample" >
    select
    <if test="distinct" >
      distinct
    </if>
    <include refid="Base_Column_List" />
    from cf_car_park_payment_agency
    <if test="_parameter != null" >
      <include refid="Example_Where_Clause" />
    </if>
    <if test="orderByClause != null" >
      order by ${orderByClause}
    </if>
  </select>
  <select id="selectByPrimaryKey" resultMap="BaseResultMap" parameterType="java.lang.String" >
    select 
    <include refid="Base_Column_List" />
    from cf_car_park_payment_agency
    where id = #{id,jdbcType=VARCHAR}
  </select>
  <delete id="deleteByPrimaryKey" parameterType="java.lang.String" >
    delete from cf_car_park_payment_agency
    where id = #{id,jdbcType=VARCHAR}
  </delete>
  <delete id="deleteByExample" parameterType="com.cf.carpark.domain.CfCarParkPaymentAgencyExample" >
    delete from cf_car_park_payment_agency
    <if test="_parameter != null" >
      <include refid="Example_Where_Clause" />
    </if>
  </delete>
  <insert id="insert" parameterType="com.cf.carpark.domain.CfCarParkPaymentAgency" >
    insert into cf_car_park_payment_agency (id, car_park_id, user_payment_agency, 
      sort_index)
    values (#{id,jdbcType=VARCHAR}, #{carParkId,jdbcType=VARCHAR}, #{userPaymentAgency,jdbcType=VARCHAR}, 
      #{sortIndex,jdbcType=INTEGER})
  </insert>
  <insert id="insertSelective" parameterType="com.cf.carpark.domain.CfCarParkPaymentAgency" >
    insert into cf_car_park_payment_agency
    <trim prefix="(" suffix=")" suffixOverrides="," >
      <if test="id != null" >
        id,
      </if>
      <if test="carParkId != null" >
        car_park_id,
      </if>
      <if test="userPaymentAgency != null" >
        user_payment_agency,
      </if>
      <if test="sortIndex != null" >
        sort_index,
      </if>
    </trim>
    <trim prefix="values (" suffix=")" suffixOverrides="," >
      <if test="id != null" >
        #{id,jdbcType=VARCHAR},
      </if>
      <if test="carParkId != null" >
        #{carParkId,jdbcType=VARCHAR},
      </if>
      <if test="userPaymentAgency != null" >
        #{userPaymentAgency,jdbcType=VARCHAR},
      </if>
      <if test="sortIndex != null" >
        #{sortIndex,jdbcType=INTEGER},
      </if>
    </trim>
  </insert>
  <select id="countByExample" parameterType="com.cf.carpark.domain.CfCarParkPaymentAgencyExample" resultType="java.lang.Integer" >
    select count(*) from cf_car_park_payment_agency
    <if test="_parameter != null" >
      <include refid="Example_Where_Clause" />
    </if>
  </select>
  <update id="updateByExampleSelective" parameterType="map" >
    update cf_car_park_payment_agency
    <set >
      <if test="record.id != null" >
        id = #{record.id,jdbcType=VARCHAR},
      </if>
      <if test="record.carParkId != null" >
        car_park_id = #{record.carParkId,jdbcType=VARCHAR},
      </if>
      <if test="record.userPaymentAgency != null" >
        user_payment_agency = #{record.userPaymentAgency,jdbcType=VARCHAR},
      </if>
      <if test="record.sortIndex != null" >
        sort_index = #{record.sortIndex,jdbcType=INTEGER},
      </if>
    </set>
    <if test="_parameter != null" >
      <include refid="Update_By_Example_Where_Clause" />
    </if>
  </update>
  <update id="updateByExample" parameterType="map" >
    update cf_car_park_payment_agency
    set id = #{record.id,jdbcType=VARCHAR},
      car_park_id = #{record.carParkId,jdbcType=VARCHAR},
      user_payment_agency = #{record.userPaymentAgency,jdbcType=VARCHAR},
      sort_index = #{record.sortIndex,jdbcType=INTEGER}
    <if test="_parameter != null" >
      <include refid="Update_By_Example_Where_Clause" />
    </if>
  </update>
  <update id="updateByPrimaryKeySelective" parameterType="com.cf.carpark.domain.CfCarParkPaymentAgency" >
    update cf_car_park_payment_agency
    <set >
      <if test="carParkId != null" >
        car_park_id = #{carParkId,jdbcType=VARCHAR},
      </if>
      <if test="userPaymentAgency != null" >
        user_payment_agency = #{userPaymentAgency,jdbcType=VARCHAR},
      </if>
      <if test="sortIndex != null" >
        sort_index = #{sortIndex,jdbcType=INTEGER},
      </if>
    </set>
    where id = #{id,jdbcType=VARCHAR}
  </update>
  <update id="updateByPrimaryKey" parameterType="com.cf.carpark.domain.CfCarParkPaymentAgency" >
    update cf_car_park_payment_agency
    set car_park_id = #{carParkId,jdbcType=VARCHAR},
      user_payment_agency = #{userPaymentAgency,jdbcType=VARCHAR},
      sort_index = #{sortIndex,jdbcType=INTEGER}
    where id = #{id,jdbcType=VARCHAR}
  </update>

  <resultMap id="ContainPaymentAgencyResultMap" type="com.cf.carpark.domain.CfCarParkPaymentAgency" >
    <id column="id" property="id" jdbcType="VARCHAR" />
    <result column="car_park_id" property="carParkId" jdbcType="VARCHAR" />
    <result column="user_payment_agency" property="userPaymentAgency" jdbcType="VARCHAR" />
    <result column="sort_index" property="sortIndex" jdbcType="INTEGER" />
    <collection property="cfUserPaymentAgency" ofType="com.cf.pay.domain.CfUserPaymentAgency">
      <result column="upa_name" property="name" jdbcType="VARCHAR" />
      <result column="upa_payment_agency_short_name" property="paymentAgencyShortName" jdbcType="VARCHAR" />
    </collection>
    <collection property="cfCarPark" ofType="com.cf.carpark.domain.CfCarPark">
      <result column="pk_name" property="name" jdbcType="VARCHAR" />
    </collection>
  </resultMap>

  <select id="selectByQuery" resultMap="ContainPaymentAgencyResultMap" parameterType="com.cf.carpark.domain.request.CfCarParkPaymentAgencyQuery">
    select cppa.*,upa.name upa_name,upa.payment_agency_short_name upa_payment_agency_short_name,pk.name pk_name from cf_car_park_payment_agency cppa
    left join cf_user_payment_agency upa on (upa.id=cppa.user_payment_agency) left join cf_car_park pk on(pk.id=cppa.car_park_id)
    <trim prefix="where" prefixOverrides="and">
      <if test="id!=null and id!=''">
        and cppa.id = #{id,jdbcType=VARCHAR}
      </if>
      <if test="carParkId!=null and carParkId!=''">
        and cppa.car_park_id = #{carParkId,jdbcType=VARCHAR}
      </if>
      <if test="carParkIds!=null and carParkIds!=''">
        and cppa.car_park_id IN (#{carParkIds,jdbcType=VARCHAR})
      </if>
      <if test="userPaymentAgency!=null">
        and cppa.user_payment_agency = #{userPaymentAgency,jdbcType=VARCHAR}
      </if>
    </trim>
    <if test="orderBy!=null and orderBy!=''">
      order by #{orderBy,jdbcType=VARCHAR}
    </if>
    <if test="page!=null and size !=null">
      limit #{page,jdbcType=INTEGER},#{size,jdbcType=INTEGER}
    </if>
  </select>

</mapper>