<?xml version="1.0" encoding="UTF-8" ?>
<!DOCTYPE mapper PUBLIC "-//mybatis.org//DTD Mapper 3.0//EN" "http://mybatis.org/dtd/mybatis-3-mapper.dtd" >
<mapper namespace="com.cf.carpark.dao.mapper.CfDailyParkingStatistcsMapper" >
  <resultMap id="BaseResultMap" type="com.cf.carpark.domain.CfDailyParkingStatistcs" >
    <id column="id" property="id" jdbcType="VARCHAR" />
    <result column="title" property="title" jdbcType="VARCHAR" />
    <result column="carpark_id" property="carparkId" jdbcType="VARCHAR" />
    <result column="year" property="year" jdbcType="SMALLINT" />
    <result column="month" property="month" jdbcType="TINYINT" />
    <result column="date" property="date" jdbcType="TINYINT" />
    <result column="start_time" property="startTime" jdbcType="BIGINT" />
    <result column="end_time" property="endTime" jdbcType="BIGINT" />
    <result column="parking_counts" property="parkingCounts" jdbcType="INTEGER" />
    <result column="parking_temporary_counts" property="parkingTemporaryCounts" jdbcType="INTEGER" />
    <result column="parking_space" property="parkingSpace" jdbcType="INTEGER" />
    <result column="parking_used_space" property="parkingUsedSpace" jdbcType="INTEGER" />
    <result column="parking_not_in_time_counts" property="parkingNotInTimeCounts" jdbcType="INTEGER" />
    <result column="parking_abnormal_release_counts" property="parkingAbnormalReleaseCounts" jdbcType="INTEGER" />
    <result column="parking_package_renewal_counts" property="parkingPackageRenewalCounts" jdbcType="INTEGER" />
    <result column="parking_time_counts" property="parkingTimeCounts" jdbcType="BIGINT" />
    <result column="counts_time" property="countsTime" jdbcType="BIGINT" />
    <result column="yellow_number_plate_counts" property="yellowNumberPlateCounts" jdbcType="INTEGER" />
    <result column="blue_number_plate_counts" property="blueNumberPlateCounts" jdbcType="INTEGER" />
    <result column="green_number_plate_counts" property="greenNumberPlateCounts" jdbcType="INTEGER" />
  </resultMap>
  <sql id="Example_Where_Clause" >
    <where >
      <foreach collection="oredCriteria" item="criteria" separator="or" >
        <if test="criteria.valid" >
          <trim prefix="(" suffix=")" prefixOverrides="and" >
            <foreach collection="criteria.criteria" item="criterion" >
              <choose >
                <when test="criterion.noValue" >
                  and ${criterion.condition}
                </when>
                <when test="criterion.singleValue" >
                  and ${criterion.condition} #{criterion.value}
                </when>
                <when test="criterion.betweenValue" >
                  and ${criterion.condition} #{criterion.value} and #{criterion.secondValue}
                </when>
                <when test="criterion.listValue" >
                  and ${criterion.condition}
                  <foreach collection="criterion.value" item="listItem" open="(" close=")" separator="," >
                    #{listItem}
                  </foreach>
                </when>
              </choose>
            </foreach>
          </trim>
        </if>
      </foreach>
    </where>
  </sql>
  <sql id="Update_By_Example_Where_Clause" >
    <where >
      <foreach collection="example.oredCriteria" item="criteria" separator="or" >
        <if test="criteria.valid" >
          <trim prefix="(" suffix=")" prefixOverrides="and" >
            <foreach collection="criteria.criteria" item="criterion" >
              <choose >
                <when test="criterion.noValue" >
                  and ${criterion.condition}
                </when>
                <when test="criterion.singleValue" >
                  and ${criterion.condition} #{criterion.value}
                </when>
                <when test="criterion.betweenValue" >
                  and ${criterion.condition} #{criterion.value} and #{criterion.secondValue}
                </when>
                <when test="criterion.listValue" >
                  and ${criterion.condition}
                  <foreach collection="criterion.value" item="listItem" open="(" close=")" separator="," >
                    #{listItem}
                  </foreach>
                </when>
              </choose>
            </foreach>
          </trim>
        </if>
      </foreach>
    </where>
  </sql>
  <sql id="Base_Column_List" >
    id, title, carpark_id, year, month, date, start_time, end_time, parking_counts, parking_temporary_counts, 
    parking_space, parking_used_space, parking_not_in_time_counts, parking_abnormal_release_counts, 
    parking_package_renewal_counts, parking_time_counts, counts_time, yellow_number_plate_counts, 
    blue_number_plate_counts, green_number_plate_counts
  </sql>
  <select id="selectByExample" resultMap="BaseResultMap" parameterType="com.cf.carpark.domain.CfDailyParkingStatistcsExample" >
    select
    <if test="distinct" >
      distinct
    </if>
    <include refid="Base_Column_List" />
    from cf_daily_parking_statistcs
    <if test="_parameter != null" >
      <include refid="Example_Where_Clause" />
    </if>
    <if test="orderByClause != null" >
      order by ${orderByClause}
    </if>
  </select>
  <select id="selectByPrimaryKey" resultMap="BaseResultMap" parameterType="java.lang.String" >
    select 
    <include refid="Base_Column_List" />
    from cf_daily_parking_statistcs
    where id = #{id,jdbcType=VARCHAR}
  </select>
  <delete id="deleteByPrimaryKey" parameterType="java.lang.String" >
    delete from cf_daily_parking_statistcs
    where id = #{id,jdbcType=VARCHAR}
  </delete>
  <delete id="deleteByExample" parameterType="com.cf.carpark.domain.CfDailyParkingStatistcsExample" >
    delete from cf_daily_parking_statistcs
    <if test="_parameter != null" >
      <include refid="Example_Where_Clause" />
    </if>
  </delete>
  <insert id="insert" parameterType="com.cf.carpark.domain.CfDailyParkingStatistcs" >
    insert into cf_daily_parking_statistcs (id, title, carpark_id, 
      year, month, date, 
      start_time, end_time, parking_counts, 
      parking_temporary_counts, parking_space, parking_used_space, 
      parking_not_in_time_counts, parking_abnormal_release_counts, 
      parking_package_renewal_counts, parking_time_counts, 
      counts_time, yellow_number_plate_counts, blue_number_plate_counts, 
      green_number_plate_counts)
    values (#{id,jdbcType=VARCHAR}, #{title,jdbcType=VARCHAR}, #{carparkId,jdbcType=VARCHAR}, 
      #{year,jdbcType=SMALLINT}, #{month,jdbcType=TINYINT}, #{date,jdbcType=TINYINT}, 
      #{startTime,jdbcType=BIGINT}, #{endTime,jdbcType=BIGINT}, #{parkingCounts,jdbcType=INTEGER}, 
      #{parkingTemporaryCounts,jdbcType=INTEGER}, #{parkingSpace,jdbcType=INTEGER}, #{parkingUsedSpace,jdbcType=INTEGER}, 
      #{parkingNotInTimeCounts,jdbcType=INTEGER}, #{parkingAbnormalReleaseCounts,jdbcType=INTEGER}, 
      #{parkingPackageRenewalCounts,jdbcType=INTEGER}, #{parkingTimeCounts,jdbcType=BIGINT}, 
      #{countsTime,jdbcType=BIGINT}, #{yellowNumberPlateCounts,jdbcType=INTEGER}, #{blueNumberPlateCounts,jdbcType=INTEGER}, 
      #{greenNumberPlateCounts,jdbcType=INTEGER})
  </insert>
  <insert id="insertSelective" parameterType="com.cf.carpark.domain.CfDailyParkingStatistcs" >
    insert into cf_daily_parking_statistcs
    <trim prefix="(" suffix=")" suffixOverrides="," >
      <if test="id != null" >
        id,
      </if>
      <if test="title != null" >
        title,
      </if>
      <if test="carparkId != null" >
        carpark_id,
      </if>
      <if test="year != null" >
        year,
      </if>
      <if test="month != null" >
        month,
      </if>
      <if test="date != null" >
        date,
      </if>
      <if test="startTime != null" >
        start_time,
      </if>
      <if test="endTime != null" >
        end_time,
      </if>
      <if test="parkingCounts != null" >
        parking_counts,
      </if>
      <if test="parkingTemporaryCounts != null" >
        parking_temporary_counts,
      </if>
      <if test="parkingSpace != null" >
        parking_space,
      </if>
      <if test="parkingUsedSpace != null" >
        parking_used_space,
      </if>
      <if test="parkingNotInTimeCounts != null" >
        parking_not_in_time_counts,
      </if>
      <if test="parkingAbnormalReleaseCounts != null" >
        parking_abnormal_release_counts,
      </if>
      <if test="parkingPackageRenewalCounts != null" >
        parking_package_renewal_counts,
      </if>
      <if test="parkingTimeCounts != null" >
        parking_time_counts,
      </if>
      <if test="countsTime != null" >
        counts_time,
      </if>
      <if test="yellowNumberPlateCounts != null" >
        yellow_number_plate_counts,
      </if>
      <if test="blueNumberPlateCounts != null" >
        blue_number_plate_counts,
      </if>
      <if test="greenNumberPlateCounts != null" >
        green_number_plate_counts,
      </if>
    </trim>
    <trim prefix="values (" suffix=")" suffixOverrides="," >
      <if test="id != null" >
        #{id,jdbcType=VARCHAR},
      </if>
      <if test="title != null" >
        #{title,jdbcType=VARCHAR},
      </if>
      <if test="carparkId != null" >
        #{carparkId,jdbcType=VARCHAR},
      </if>
      <if test="year != null" >
        #{year,jdbcType=SMALLINT},
      </if>
      <if test="month != null" >
        #{month,jdbcType=TINYINT},
      </if>
      <if test="date != null" >
        #{date,jdbcType=TINYINT},
      </if>
      <if test="startTime != null" >
        #{startTime,jdbcType=BIGINT},
      </if>
      <if test="endTime != null" >
        #{endTime,jdbcType=BIGINT},
      </if>
      <if test="parkingCounts != null" >
        #{parkingCounts,jdbcType=INTEGER},
      </if>
      <if test="parkingTemporaryCounts != null" >
        #{parkingTemporaryCounts,jdbcType=INTEGER},
      </if>
      <if test="parkingSpace != null" >
        #{parkingSpace,jdbcType=INTEGER},
      </if>
      <if test="parkingUsedSpace != null" >
        #{parkingUsedSpace,jdbcType=INTEGER},
      </if>
      <if test="parkingNotInTimeCounts != null" >
        #{parkingNotInTimeCounts,jdbcType=INTEGER},
      </if>
      <if test="parkingAbnormalReleaseCounts != null" >
        #{parkingAbnormalReleaseCounts,jdbcType=INTEGER},
      </if>
      <if test="parkingPackageRenewalCounts != null" >
        #{parkingPackageRenewalCounts,jdbcType=INTEGER},
      </if>
      <if test="parkingTimeCounts != null" >
        #{parkingTimeCounts,jdbcType=BIGINT},
      </if>
      <if test="countsTime != null" >
        #{countsTime,jdbcType=BIGINT},
      </if>
      <if test="yellowNumberPlateCounts != null" >
        #{yellowNumberPlateCounts,jdbcType=INTEGER},
      </if>
      <if test="blueNumberPlateCounts != null" >
        #{blueNumberPlateCounts,jdbcType=INTEGER},
      </if>
      <if test="greenNumberPlateCounts != null" >
        #{greenNumberPlateCounts,jdbcType=INTEGER},
      </if>
    </trim>
  </insert>
  <select id="countByExample" parameterType="com.cf.carpark.domain.CfDailyParkingStatistcsExample" resultType="java.lang.Integer" >
    select count(*) from cf_daily_parking_statistcs
    <if test="_parameter != null" >
      <include refid="Example_Where_Clause" />
    </if>
  </select>
  <update id="updateByExampleSelective" parameterType="map" >
    update cf_daily_parking_statistcs
    <set >
      <if test="record.id != null" >
        id = #{record.id,jdbcType=VARCHAR},
      </if>
      <if test="record.title != null" >
        title = #{record.title,jdbcType=VARCHAR},
      </if>
      <if test="record.carparkId != null" >
        carpark_id = #{record.carparkId,jdbcType=VARCHAR},
      </if>
      <if test="record.year != null" >
        year = #{record.year,jdbcType=SMALLINT},
      </if>
      <if test="record.month != null" >
        month = #{record.month,jdbcType=TINYINT},
      </if>
      <if test="record.date != null" >
        date = #{record.date,jdbcType=TINYINT},
      </if>
      <if test="record.startTime != null" >
        start_time = #{record.startTime,jdbcType=BIGINT},
      </if>
      <if test="record.endTime != null" >
        end_time = #{record.endTime,jdbcType=BIGINT},
      </if>
      <if test="record.parkingCounts != null" >
        parking_counts = #{record.parkingCounts,jdbcType=INTEGER},
      </if>
      <if test="record.parkingTemporaryCounts != null" >
        parking_temporary_counts = #{record.parkingTemporaryCounts,jdbcType=INTEGER},
      </if>
      <if test="record.parkingSpace != null" >
        parking_space = #{record.parkingSpace,jdbcType=INTEGER},
      </if>
      <if test="record.parkingUsedSpace != null" >
        parking_used_space = #{record.parkingUsedSpace,jdbcType=INTEGER},
      </if>
      <if test="record.parkingNotInTimeCounts != null" >
        parking_not_in_time_counts = #{record.parkingNotInTimeCounts,jdbcType=INTEGER},
      </if>
      <if test="record.parkingAbnormalReleaseCounts != null" >
        parking_abnormal_release_counts = #{record.parkingAbnormalReleaseCounts,jdbcType=INTEGER},
      </if>
      <if test="record.parkingPackageRenewalCounts != null" >
        parking_package_renewal_counts = #{record.parkingPackageRenewalCounts,jdbcType=INTEGER},
      </if>
      <if test="record.parkingTimeCounts != null" >
        parking_time_counts = #{record.parkingTimeCounts,jdbcType=BIGINT},
      </if>
      <if test="record.countsTime != null" >
        counts_time = #{record.countsTime,jdbcType=BIGINT},
      </if>
      <if test="record.yellowNumberPlateCounts != null" >
        yellow_number_plate_counts = #{record.yellowNumberPlateCounts,jdbcType=INTEGER},
      </if>
      <if test="record.blueNumberPlateCounts != null" >
        blue_number_plate_counts = #{record.blueNumberPlateCounts,jdbcType=INTEGER},
      </if>
      <if test="record.greenNumberPlateCounts != null" >
        green_number_plate_counts = #{record.greenNumberPlateCounts,jdbcType=INTEGER},
      </if>
    </set>
    <if test="_parameter != null" >
      <include refid="Update_By_Example_Where_Clause" />
    </if>
  </update>
  <update id="updateByExample" parameterType="map" >
    update cf_daily_parking_statistcs
    set id = #{record.id,jdbcType=VARCHAR},
      title = #{record.title,jdbcType=VARCHAR},
      carpark_id = #{record.carparkId,jdbcType=VARCHAR},
      year = #{record.year,jdbcType=SMALLINT},
      month = #{record.month,jdbcType=TINYINT},
      date = #{record.date,jdbcType=TINYINT},
      start_time = #{record.startTime,jdbcType=BIGINT},
      end_time = #{record.endTime,jdbcType=BIGINT},
      parking_counts = #{record.parkingCounts,jdbcType=INTEGER},
      parking_temporary_counts = #{record.parkingTemporaryCounts,jdbcType=INTEGER},
      parking_space = #{record.parkingSpace,jdbcType=INTEGER},
      parking_used_space = #{record.parkingUsedSpace,jdbcType=INTEGER},
      parking_not_in_time_counts = #{record.parkingNotInTimeCounts,jdbcType=INTEGER},
      parking_abnormal_release_counts = #{record.parkingAbnormalReleaseCounts,jdbcType=INTEGER},
      parking_package_renewal_counts = #{record.parkingPackageRenewalCounts,jdbcType=INTEGER},
      parking_time_counts = #{record.parkingTimeCounts,jdbcType=BIGINT},
      counts_time = #{record.countsTime,jdbcType=BIGINT},
      yellow_number_plate_counts = #{record.yellowNumberPlateCounts,jdbcType=INTEGER},
      blue_number_plate_counts = #{record.blueNumberPlateCounts,jdbcType=INTEGER},
      green_number_plate_counts = #{record.greenNumberPlateCounts,jdbcType=INTEGER}
    <if test="_parameter != null" >
      <include refid="Update_By_Example_Where_Clause" />
    </if>
  </update>
  <update id="updateByPrimaryKeySelective" parameterType="com.cf.carpark.domain.CfDailyParkingStatistcs" >
    update cf_daily_parking_statistcs
    <set >
      <if test="title != null" >
        title = #{title,jdbcType=VARCHAR},
      </if>
      <if test="carparkId != null" >
        carpark_id = #{carparkId,jdbcType=VARCHAR},
      </if>
      <if test="year != null" >
        year = #{year,jdbcType=SMALLINT},
      </if>
      <if test="month != null" >
        month = #{month,jdbcType=TINYINT},
      </if>
      <if test="date != null" >
        date = #{date,jdbcType=TINYINT},
      </if>
      <if test="startTime != null" >
        start_time = #{startTime,jdbcType=BIGINT},
      </if>
      <if test="endTime != null" >
        end_time = #{endTime,jdbcType=BIGINT},
      </if>
      <if test="parkingCounts != null" >
        parking_counts = #{parkingCounts,jdbcType=INTEGER},
      </if>
      <if test="parkingTemporaryCounts != null" >
        parking_temporary_counts = #{parkingTemporaryCounts,jdbcType=INTEGER},
      </if>
      <if test="parkingSpace != null" >
        parking_space = #{parkingSpace,jdbcType=INTEGER},
      </if>
      <if test="parkingUsedSpace != null" >
        parking_used_space = #{parkingUsedSpace,jdbcType=INTEGER},
      </if>
      <if test="parkingNotInTimeCounts != null" >
        parking_not_in_time_counts = #{parkingNotInTimeCounts,jdbcType=INTEGER},
      </if>
      <if test="parkingAbnormalReleaseCounts != null" >
        parking_abnormal_release_counts = #{parkingAbnormalReleaseCounts,jdbcType=INTEGER},
      </if>
      <if test="parkingPackageRenewalCounts != null" >
        parking_package_renewal_counts = #{parkingPackageRenewalCounts,jdbcType=INTEGER},
      </if>
      <if test="parkingTimeCounts != null" >
        parking_time_counts = #{parkingTimeCounts,jdbcType=BIGINT},
      </if>
      <if test="countsTime != null" >
        counts_time = #{countsTime,jdbcType=BIGINT},
      </if>
      <if test="yellowNumberPlateCounts != null" >
        yellow_number_plate_counts = #{yellowNumberPlateCounts,jdbcType=INTEGER},
      </if>
      <if test="blueNumberPlateCounts != null" >
        blue_number_plate_counts = #{blueNumberPlateCounts,jdbcType=INTEGER},
      </if>
      <if test="greenNumberPlateCounts != null" >
        green_number_plate_counts = #{greenNumberPlateCounts,jdbcType=INTEGER},
      </if>
    </set>
    where id = #{id,jdbcType=VARCHAR}
  </update>
  <update id="updateByPrimaryKey" parameterType="com.cf.carpark.domain.CfDailyParkingStatistcs" >
    update cf_daily_parking_statistcs
    set title = #{title,jdbcType=VARCHAR},
      carpark_id = #{carparkId,jdbcType=VARCHAR},
      year = #{year,jdbcType=SMALLINT},
      month = #{month,jdbcType=TINYINT},
      date = #{date,jdbcType=TINYINT},
      start_time = #{startTime,jdbcType=BIGINT},
      end_time = #{endTime,jdbcType=BIGINT},
      parking_counts = #{parkingCounts,jdbcType=INTEGER},
      parking_temporary_counts = #{parkingTemporaryCounts,jdbcType=INTEGER},
      parking_space = #{parkingSpace,jdbcType=INTEGER},
      parking_used_space = #{parkingUsedSpace,jdbcType=INTEGER},
      parking_not_in_time_counts = #{parkingNotInTimeCounts,jdbcType=INTEGER},
      parking_abnormal_release_counts = #{parkingAbnormalReleaseCounts,jdbcType=INTEGER},
      parking_package_renewal_counts = #{parkingPackageRenewalCounts,jdbcType=INTEGER},
      parking_time_counts = #{parkingTimeCounts,jdbcType=BIGINT},
      counts_time = #{countsTime,jdbcType=BIGINT},
      yellow_number_plate_counts = #{yellowNumberPlateCounts,jdbcType=INTEGER},
      blue_number_plate_counts = #{blueNumberPlateCounts,jdbcType=INTEGER},
      green_number_plate_counts = #{greenNumberPlateCounts,jdbcType=INTEGER}
    where id = #{id,jdbcType=VARCHAR}
  </update>
</mapper>