{
    "applications": "*",
    "changelogDate": "20200417191023",
    "clientRootFolder": "",
    "dto": "no",
    "embedded": false,
    "entityTableName": "album",
    "fields": [{ "fieldName": "name", "fieldType": "String", "fieldValidateRules": ["required"] }],
    "fluentMethods": true,
    "jpaMetamodelFiltering": false,
    "name": "Album",
    "pagination": "no",
    "readOnly": false,
    "relationships": [
        {
            "otherEntityField": "name",
            "otherEntityName": "artist",
            "otherEntityRelationshipName": "album",
            "ownerSide": true,
            "relationshipName": "artist",
            "relationshipType": "one-to-one"
        },
        {
            "otherEntityField": "name",
            "otherEntityName": "genre",
            "otherEntityRelationshipName": "album",
            "ownerSide": true,
            "relationshipName": "genre",
            "relationshipType": "one-to-one"
        },
        {
            "otherEntityName": "track",
            "otherEntityRelationshipName": "album",
            "relationshipName": "track",
            "relationshipType": "one-to-many"
        }
    ],
    "service": "no"
}
