{
    "angularJSSuffix": "mySuffix",
    "changelogDate": "20150805124839",
    "dto": "mapstruct",
    "fields": [
        { "fieldName": "userId", "fieldType": "UUID" },
        { "fieldName": "name", "fieldType": "String", "fieldValidateRules": ["required"] },
        { "fieldName": "bankNumber", "fieldType": "Integer" },
        { "fieldName": "agencyNumber", "fieldType": "Long" },
        { "fieldName": "lastOperationDuration", "fieldType": "Float" },
        { "fieldName": "meanOperationDuration", "fieldType": "Double" },
        { "fieldName": "balance", "fieldType": "BigDecimal", "fieldValidateRules": ["required"] },
        { "fieldName": "lastOperationDate", "fieldType": "Date" },
        { "fieldName": "active", "fieldType": "Boolean" },
        { "fieldName": "picture", "fieldType": "byte[]", "fieldTypeBlobContent": "image", "fieldValidateRules": ["required"] },
        { "fieldName": "operationsFile", "fieldType": "byte[]" },
        { "fieldName": "accountType", "fieldType": "AccountTypeEnum", "fieldValues": "STANDARD,PREMIUM" }
    ],
    "fluentMethods": true,
    "pagination": "no",
    "service": "serviceImpl"
}
