{
    "changelogDate": "20170626061520",
    "clientRootFolder": "test-root",
    "dto": "no",
    "entityTableName": "division",
    "fields": [
        { "fieldName": "name", "fieldType": "String", "fieldValidateRules": ["required", "unique"] },
        { "fieldName": "shortName", "fieldType": "String", "fieldValidateRules": ["unique"] },
        { "fieldName": "numberOfPeople", "fieldType": "Long" },
        {
            "fieldName": "divisionType",
            "fieldType": "DivisionType",
            "fieldValidateRules": ["required"],
            "fieldValues": "SCHOOL,CLASS,SUBGROUP"
        },
        { "fieldName": "colorBackground", "fieldType": "String" },
        { "fieldName": "colorText", "fieldType": "String" }
    ],
    "fluentMethods": true,
    "pagination": "no",
    "relationships": [
        {
            "otherEntityName": "place",
            "otherEntityRelationshipName": "owner",
            "relationshipName": "divisionsPlace",
            "relationshipType": "one-to-many"
        },
        {
            "otherEntityName": "place",
            "otherEntityRelationshipName": "preferredDivision",
            "ownerSide": false,
            "relationshipName": "preferredPlace",
            "relationshipType": "many-to-many"
        }
    ],
    "service": "no"
}
