{
    "changelogDate": "20200804163351",
    "clientRootFolder": "test-root",
    "dto": "mapstruct",
    "embedded": true,
    "fields": [
        { "fieldName": "date", "fieldType": "Instant", "fieldValidateRules": ["required"] },
        { "fieldName": "description", "fieldType": "String" },
        { "fieldName": "amount", "fieldType": "BigDecimal", "fieldValidateRules": ["required"] }
    ],
    "fluentMethods": true,
    "pagination": "infinite-scroll",
    "relationships": [
        {
            "otherEntityField": "name",
            "otherEntityName": "documentBankAccount",
            "otherEntityRelationshipName": "embeddedOperation",
            "relationshipName": "documentBankAccount",
            "relationshipType": "many-to-one"
        }
    ],
    "service": "no"
}
