{
    "changelogDate": "20160208184036",
    "dto": "no",
    "fields": [
        { "fieldName": "stringHugo", "fieldType": "String" },
        { "fieldName": "stringRequiredHugo", "fieldType": "String", "fieldValidateRules": ["required"] },
        {
            "fieldName": "stringMinlengthHugo",
            "fieldType": "String",
            "fieldValidateRules": ["minlength"],
            "fieldValidateRulesMinlength": 0
        },
        {
            "fieldName": "stringMaxlengthHugo",
            "fieldType": "String",
            "fieldValidateRules": ["maxlength"],
            "fieldValidateRulesMaxlength": 20
        },
        {
            "fieldName": "stringPatternHugo",
            "fieldType": "String",
            "fieldValidateRules": ["pattern"],
            "fieldValidateRulesPattern": "^[a-zA-Z0-9]*$",
            "fieldValidateRulesPatternJava": "^[a-zA-Z0-9]*$"
        },
        { "fieldName": "integerHugo", "fieldType": "Integer" },
        { "fieldName": "integerRequiredHugo", "fieldType": "Integer", "fieldValidateRules": ["required"] },
        { "fieldName": "integerMinHugo", "fieldType": "Integer", "fieldValidateRules": ["min"], "fieldValidateRulesMin": 0 },
        { "fieldName": "integerMaxHugo", "fieldType": "Integer", "fieldValidateRules": ["max"], "fieldValidateRulesMax": 100 },
        { "fieldName": "longHugo", "fieldType": "Long" },
        { "fieldName": "longRequiredHugo", "fieldType": "Long", "fieldValidateRules": ["required"] },
        { "fieldName": "longMinHugo", "fieldType": "Long", "fieldValidateRules": ["min"], "fieldValidateRulesMin": 0 },
        { "fieldName": "longMaxHugo", "fieldType": "Long", "fieldValidateRules": ["max"], "fieldValidateRulesMax": 100 },
        { "fieldName": "floatHugo", "fieldType": "Float" },
        { "fieldName": "floatRequiredHugo", "fieldType": "Float", "fieldValidateRules": ["required"] },
        { "fieldName": "floatMinHugo", "fieldType": "Float", "fieldValidateRules": ["min"], "fieldValidateRulesMin": 0 },
        { "fieldName": "floatMaxHugo", "fieldType": "Float", "fieldValidateRules": ["max"], "fieldValidateRulesMax": 100 },
        { "fieldName": "doubleRequiredHugo", "fieldType": "Double", "fieldValidateRules": ["required"] },
        { "fieldName": "doubleMinHugo", "fieldType": "Double", "fieldValidateRules": ["min"], "fieldValidateRulesMin": 0 },
        { "fieldName": "doubleMaxHugo", "fieldType": "Double", "fieldValidateRules": ["max"], "fieldValidateRulesMax": 100 },
        { "fieldName": "bigDecimalRequiredHugo", "fieldType": "BigDecimal", "fieldValidateRules": ["required"] },
        { "fieldName": "bigDecimalMinHugo", "fieldType": "BigDecimal", "fieldValidateRules": ["min"], "fieldValidateRulesMin": 0 },
        { "fieldName": "bigDecimalMaxHugo", "fieldType": "BigDecimal", "fieldValidateRules": ["max"], "fieldValidateRulesMax": 100 },
        { "fieldName": "localDateHugo", "fieldType": "LocalDate" },
        { "fieldName": "localDateRequiredHugo", "fieldType": "LocalDate", "fieldValidateRules": ["required"] },
        { "fieldName": "instantHugo", "fieldType": "Instant" },
        { "fieldName": "instanteRequiredHugo", "fieldType": "Instant", "fieldValidateRules": ["required"] },
        { "fieldName": "zonedDateTimeHugo", "fieldType": "ZonedDateTime" },
        { "fieldName": "zonedDateTimeRequiredHugo", "fieldType": "ZonedDateTime", "fieldValidateRules": ["required"] },
        { "fieldName": "durationHugo", "fieldType": "Duration" },
        { "fieldName": "durationRequiredHugo", "fieldType": "Duration", "fieldValidateRules": ["required"] },
        { "fieldName": "booleanHugo", "fieldType": "Boolean" },
        { "fieldName": "booleanRequiredHugo", "fieldType": "Boolean", "fieldValidateRules": ["required"] },
        { "fieldName": "enumHugo", "fieldType": "EnumFieldClass", "fieldValues": "ENUM_VALUE_1,ENUM_VALUE_2,ENUM_VALUE_3" },
        {
            "fieldName": "enumRequiredHugo",
            "fieldType": "EnumRequiredFieldClass",
            "fieldValidateRules": ["required"],
            "fieldValues": "ENUM_VALUE_1,ENUM_VALUE_2,ENUM_VALUE_3"
        },
        { "fieldName": "uuidHugo", "fieldType": "UUID" },
        { "fieldName": "uuidRequiredHugo", "fieldType": "UUID", "fieldValidateRules": ["required"] },
        { "fieldName": "byteImageHugo", "fieldType": "byte[]", "fieldTypeBlobContent": "image" },
        {
            "fieldName": "byteImageRequiredHugo",
            "fieldType": "byte[]",
            "fieldTypeBlobContent": "image",
            "fieldValidateRules": ["required"]
        },
        {
            "fieldName": "byteImageMinbytesHugo",
            "fieldType": "byte[]",
            "fieldTypeBlobContent": "image",
            "fieldValidateRules": ["minbytes"],
            "fieldValidateRulesMinbytes": 0
        },
        {
            "fieldName": "byteImageMaxbytesHugo",
            "fieldType": "byte[]",
            "fieldTypeBlobContent": "image",
            "fieldValidateRules": ["maxbytes"],
            "fieldValidateRulesMaxbytes": 10000
        },
        { "fieldName": "byteAnyHugo", "fieldType": "byte[]", "fieldTypeBlobContent": "any" },
        { "fieldName": "byteAnyRequiredHugo", "fieldType": "byte[]", "fieldTypeBlobContent": "any", "fieldValidateRules": ["required"] },
        {
            "fieldName": "byteAnyMinbytesHugo",
            "fieldType": "byte[]",
            "fieldTypeBlobContent": "any",
            "fieldValidateRules": ["minbytes"],
            "fieldValidateRulesMinbytes": 0
        },
        {
            "fieldName": "byteAnyMaxbytesHugo",
            "fieldType": "byte[]",
            "fieldTypeBlobContent": "any",
            "fieldValidateRules": ["maxbytes"],
            "fieldValidateRulesMaxbytes": 10000
        },
        { "fieldName": "byteTextHugo", "fieldType": "byte[]", "fieldTypeBlobContent": "text" },
        { "fieldName": "byteTextRequiredHugo", "fieldType": "byte[]", "fieldTypeBlobContent": "text", "fieldValidateRules": ["required"] }
    ],
    "fluentMethods": true,
    "pagination": "infinite-scroll",
    "relationships": [],
    "service": "no"
}
