{
    "changelogDate": "20160208184037",
    "dto": "mapstruct",
    "fields": [
        { "fieldName": "stringEva", "fieldType": "String" },
        { "fieldName": "stringRequiredEva", "fieldType": "String", "fieldValidateRules": ["required"] },
        { "fieldName": "stringMinlengthEva", "fieldType": "String", "fieldValidateRules": ["minlength"], "fieldValidateRulesMinlength": 0 },
        {
            "fieldName": "stringMaxlengthEva",
            "fieldType": "String",
            "fieldValidateRules": ["maxlength"],
            "fieldValidateRulesMaxlength": 20
        },
        {
            "fieldName": "stringPatternEva",
            "fieldType": "String",
            "fieldValidateRules": ["pattern"],
            "fieldValidateRulesPattern": "^[a-zA-Z0-9]*$",
            "fieldValidateRulesPatternJava": "^[a-zA-Z0-9]*$"
        },
        { "fieldName": "integerEva", "fieldType": "Integer" },
        { "fieldName": "integerRequiredEva", "fieldType": "Integer", "fieldValidateRules": ["required"] },
        { "fieldName": "integerMinEva", "fieldType": "Integer", "fieldValidateRules": ["min"], "fieldValidateRulesMin": 0 },
        { "fieldName": "integerMaxEva", "fieldType": "Integer", "fieldValidateRules": ["max"], "fieldValidateRulesMax": 100 },
        { "fieldName": "longEva", "fieldType": "Long" },
        { "fieldName": "longRequiredEva", "fieldType": "Long", "fieldValidateRules": ["required"] },
        { "fieldName": "longMinEva", "fieldType": "Long", "fieldValidateRules": ["min"], "fieldValidateRulesMin": 0 },
        { "fieldName": "longMaxEva", "fieldType": "Long", "fieldValidateRules": ["max"], "fieldValidateRulesMax": 100 },
        { "fieldName": "floatEva", "fieldType": "Float" },
        { "fieldName": "floatRequiredEva", "fieldType": "Float", "fieldValidateRules": ["required"] },
        { "fieldName": "floatMinEva", "fieldType": "Float", "fieldValidateRules": ["min"], "fieldValidateRulesMin": 0 },
        { "fieldName": "floatMaxEva", "fieldType": "Float", "fieldValidateRules": ["max"], "fieldValidateRulesMax": 100 },
        { "fieldName": "doubleRequiredEva", "fieldType": "Double", "fieldValidateRules": ["required"] },
        { "fieldName": "doubleMinEva", "fieldType": "Double", "fieldValidateRules": ["min"], "fieldValidateRulesMin": 0 },
        { "fieldName": "doubleMaxEva", "fieldType": "Double", "fieldValidateRules": ["max"], "fieldValidateRulesMax": 100 },
        { "fieldName": "bigDecimalRequiredEva", "fieldType": "BigDecimal", "fieldValidateRules": ["required"] },
        { "fieldName": "bigDecimalMinEva", "fieldType": "BigDecimal", "fieldValidateRules": ["min"], "fieldValidateRulesMin": 0 },
        { "fieldName": "bigDecimalMaxEva", "fieldType": "BigDecimal", "fieldValidateRules": ["max"], "fieldValidateRulesMax": 100 },
        { "fieldName": "localDateEva", "fieldType": "LocalDate" },
        { "fieldName": "localDateRequiredEva", "fieldType": "LocalDate", "fieldValidateRules": ["required"] },
        { "fieldName": "instantEva", "fieldType": "Instant" },
        { "fieldName": "instanteRequiredEva", "fieldType": "Instant", "fieldValidateRules": ["required"] },
        { "fieldName": "zonedDateTimeEva", "fieldType": "ZonedDateTime" },
        { "fieldName": "zonedDateTimeRequiredEva", "fieldType": "ZonedDateTime", "fieldValidateRules": ["required"] },
        { "fieldName": "durationEva", "fieldType": "Duration" },
        { "fieldName": "durationRequiredEva", "fieldType": "Duration", "fieldValidateRules": ["required"] },
        { "fieldName": "booleanEva", "fieldType": "Boolean" },
        { "fieldName": "booleanRequiredEva", "fieldType": "Boolean", "fieldValidateRules": ["required"] },
        { "fieldName": "enumEva", "fieldType": "EnumFieldClass", "fieldValues": "ENUM_VALUE_1,ENUM_VALUE_2,ENUM_VALUE_3" },
        {
            "fieldName": "enumRequiredEva",
            "fieldType": "EnumRequiredFieldClass",
            "fieldValidateRules": ["required"],
            "fieldValues": "ENUM_VALUE_1,ENUM_VALUE_2,ENUM_VALUE_3"
        },
        { "fieldName": "uuidEva", "fieldType": "UUID" },
        { "fieldName": "uuidRequiredEva", "fieldType": "UUID", "fieldValidateRules": ["required"] },
        { "fieldName": "byteImageEva", "fieldType": "byte[]", "fieldTypeBlobContent": "image" },
        { "fieldName": "byteImageRequiredEva", "fieldType": "byte[]", "fieldTypeBlobContent": "image", "fieldValidateRules": ["required"] },
        {
            "fieldName": "byteImageMinbytesEva",
            "fieldType": "byte[]",
            "fieldTypeBlobContent": "image",
            "fieldValidateRules": ["minbytes"],
            "fieldValidateRulesMinbytes": 0
        },
        {
            "fieldName": "byteImageMaxbytesEva",
            "fieldType": "byte[]",
            "fieldTypeBlobContent": "image",
            "fieldValidateRules": ["maxbytes"],
            "fieldValidateRulesMaxbytes": 10000
        },
        { "fieldName": "byteAnyEva", "fieldType": "byte[]", "fieldTypeBlobContent": "any" },
        { "fieldName": "byteAnyRequiredEva", "fieldType": "byte[]", "fieldTypeBlobContent": "any", "fieldValidateRules": ["required"] },
        {
            "fieldName": "byteAnyMinbytesEva",
            "fieldType": "byte[]",
            "fieldTypeBlobContent": "any",
            "fieldValidateRules": ["minbytes"],
            "fieldValidateRulesMinbytes": 0
        },
        {
            "fieldName": "byteAnyMaxbytesEva",
            "fieldType": "byte[]",
            "fieldTypeBlobContent": "any",
            "fieldValidateRules": ["maxbytes"],
            "fieldValidateRulesMaxbytes": 10000
        },
        { "fieldName": "byteTextEva", "fieldType": "byte[]", "fieldTypeBlobContent": "text" },
        { "fieldName": "byteTextRequiredEva", "fieldType": "byte[]", "fieldTypeBlobContent": "text", "fieldValidateRules": ["required"] }
    ],
    "fluentMethods": true,
    "pagination": "no",
    "relationships": [],
    "service": "serviceClass"
}
