{
    "applications": ["jhipster"],
    "changelogDate": "20200820222459",
    "dto": "mapstruct",
    "embedded": false,
    "entityTableName": "jpa_filtering_other_side",
    "fields": [
        { "fieldName": "createdBy", "fieldType": "String" },
        { "fieldName": "createdOn", "fieldType": "Instant" }
    ],
    "fluentMethods": true,
    "jpaMetamodelFiltering": true,
    "name": "JpaFilteringOtherSide",
    "pagination": "pagination",
    "readOnly": false,
    "relationships": [
        {
            "otherEntityName": "jpaFilteringRelationship",
            "otherEntityRelationshipName": "requiredOneToOne",
            "ownerSide": false,
            "relationshipName": "requiredOneToOneOtherSide",
            "relationshipType": "one-to-one"
        },
        {
            "otherEntityName": "jpaFilteringRelationship",
            "otherEntityRelationshipName": "oneToOne",
            "ownerSide": false,
            "relationshipName": "oneToOneOtherSide",
            "relationshipType": "one-to-one"
        },
        {
            "otherEntityField": "id",
            "otherEntityName": "jpaFilteringRelationship",
            "otherEntityRelationshipName": "oneToMany",
            "relationshipName": "oneToManyOtherSide",
            "relationshipType": "many-to-one"
        },
        {
            "otherEntityField": "id",
            "otherEntityName": "jpaFilteringRelationship",
            "otherEntityRelationshipName": "requiredManyToMany",
            "ownerSide": false,
            "relationshipName": "requiredManyToManyOtherSide",
            "relationshipType": "many-to-many"
        },
        {
            "otherEntityField": "id",
            "otherEntityName": "jpaFilteringRelationship",
            "otherEntityRelationshipName": "manyToMany",
            "ownerSide": false,
            "relationshipName": "manyToManyOtherSide",
            "relationshipType": "many-to-many"
        }
    ],
    "service": "serviceClass",
    "skipUiGrouping": false
}
