{
    "applications": ["jhipster"],
    "changelogDate": "20200820222306",
    "dto": "mapstruct",
    "embedded": false,
    "entityTableName": "jpa_filtering_relationship",
    "fields": [
        { "fieldName": "createdBy", "fieldType": "String" },
        { "fieldName": "createdOn", "fieldType": "Instant" }
    ],
    "fluentMethods": true,
    "jpaMetamodelFiltering": true,
    "name": "JpaFilteringRelationship",
    "pagination": "pagination",
    "readOnly": false,
    "relationships": [
        {
            "otherEntityField": "id",
            "otherEntityName": "jpaFilteringOtherSide",
            "otherEntityRelationshipName": "requiredOneToOneOtherSide",
            "ownerSide": true,
            "relationshipName": "requiredOneToOne",
            "relationshipType": "one-to-one",
            "relationshipValidateRules": "required"
        },
        {
            "otherEntityField": "id",
            "otherEntityName": "jpaFilteringOtherSide",
            "otherEntityRelationshipName": "oneToOneOtherSide",
            "ownerSide": true,
            "relationshipName": "oneToOne",
            "relationshipType": "one-to-one"
        },
        {
            "otherEntityName": "jpaFilteringOtherSide",
            "otherEntityRelationshipName": "oneToManyOtherSide",
            "relationshipName": "oneToMany",
            "relationshipType": "one-to-many"
        },
        {
            "otherEntityField": "id",
            "otherEntityName": "jpaFilteringOtherSide",
            "otherEntityRelationshipName": "requiredManyToOneOtherSide",
            "relationshipName": "requiredManyToOne",
            "relationshipType": "many-to-one",
            "relationshipValidateRules": "required"
        },
        {
            "otherEntityField": "id",
            "otherEntityName": "jpaFilteringOtherSide",
            "otherEntityRelationshipName": "manyToOneOtherSide",
            "relationshipName": "manyToOne",
            "relationshipType": "many-to-one"
        },
        {
            "otherEntityField": "id",
            "otherEntityName": "jpaFilteringOtherSide",
            "otherEntityRelationshipName": "requiredManyToManyOtherSide",
            "ownerSide": true,
            "relationshipName": "requiredManyToMany",
            "relationshipType": "many-to-many",
            "relationshipValidateRules": "required"
        },
        {
            "otherEntityField": "id",
            "otherEntityName": "jpaFilteringOtherSide",
            "otherEntityRelationshipName": "manyToManyOtherSide",
            "ownerSide": true,
            "relationshipName": "manyToMany",
            "relationshipType": "many-to-many"
        }
    ],
    "service": "serviceClass",
    "skipUiGrouping": false
}
