{
    "changelogDate": "20190117075042",
    "clientRootFolder": "",
    "databaseType": "sql",
    "dto": "mapstruct",
    "entityTableName": "maps_id_parent_with_dto",
    "fields": [{ "fieldName": "name", "fieldType": "String" }],
    "fluentMethods": true,
    "jpaMetamodelFiltering": false,
    "pagination": "no",
    "relationships": [
        {
            "otherEntityName": "mapsIdChildEntityWithDTO",
            "otherEntityRelationshipName": "mapsIdParentEntityWithDTO",
            "ownerSide": false,
            "relationshipName": "mapsIdChildEntityWithDTO",
            "relationshipType": "one-to-one"
        }
    ],
    "searchEngine": "no",
    "service": "serviceImpl"
}
