{
    "changelogDate": "20220313234025",
    "clientRootFolder": "",
    "databaseType": "sql",
    "dto": "mapstruct",
    "entityTableName": "maps_id_grandchild_with_dto",
    "fields": [{ "fieldName": "date", "fieldType": "Instant" }],
    "fluentMethods": true,
    "jpaMetamodelFiltering": false,
    "pagination": "no",
    "relationships": [
        {
            "id": true,
            "otherEntityField": "id",
            "otherEntityName": "mapsIdChildEntityWithDTO",
            "otherEntityRelationshipName": "mapsIdGrandchildEntityWithDTO",
            "ownerSide": true,
            "relationshipName": "mapsIdChildEntityWithDTO",
            "relationshipType": "one-to-one"
        }
    ],
    "searchEngine": "no",
    "service": "serviceImpl"
}
