{
    "changelogDate": "20190117074315",
    "clientRootFolder": "",
    "databaseType": "sql",
    "dto": "no",
    "entityTableName": "maps_id_parent_wo_dto",
    "fields": [{ "fieldName": "name", "fieldType": "String" }],
    "fluentMethods": true,
    "jpaMetamodelFiltering": false,
    "pagination": "no",
    "relationships": [
        {
            "otherEntityName": "mapsIdChildEntityWithoutDTO",
            "otherEntityRelationshipName": "mapsIdParentEntityWithoutDTO",
            "ownerSide": false,
            "relationshipName": "mapsIdChildEntityWithoutDTO",
            "relationshipType": "one-to-one"
        }
    ],
    "searchEngine": "no",
    "service": "no"
}
