{
    "changelogDate": "20190117075155",
    "clientRootFolder": "",
    "databaseType": "sql",
    "dto": "mapstruct",
    "entityTableName": "maps_id_child_with_dto",
    "fields": [{ "fieldName": "date", "fieldType": "Instant" }],
    "fluentMethods": true,
    "jpaMetamodelFiltering": false,
    "pagination": "no",
    "relationships": [
        {
            "id": true,
            "otherEntityField": "id",
            "otherEntityName": "mapsIdParentEntityWithDTO",
            "otherEntityRelationshipName": "mapsIdChildEntityWithDTO",
            "ownerSide": true,
            "relationshipName": "mapsIdParentEntityWithDTO",
            "relationshipType": "one-to-one"
        },
        {
            "otherEntityName": "mapsIdGrandchildEntityWithDTO",
            "otherEntityRelationshipName": "mapsIdChildEntityWithDTO",
            "ownerSide": false,
            "relationshipName": "mapsIdGrandchildEntityWithDTO",
            "relationshipType": "one-to-one"
        }
    ],
    "searchEngine": "no",
    "service": "serviceImpl"
}
