{
    "changelogDate": "20150805124936",
    "dto": "no",
    "fields": [
        { "fieldName": "label", "fieldType": "String", "fieldValidateRules": ["required", "minlength"], "fieldValidateRulesMinlength": "3" }
    ],
    "fluentMethods": true,
    "jpaMetamodelFiltering": true,
    "pagination": "pagination",
    "relationships": [
        {
            "otherEntityName": "microserviceOperation",
            "otherEntityRelationshipName": "label",
            "ownerSide": false,
            "relationshipName": "operation",
            "relationshipType": "many-to-many"
        }
    ],
    "service": "serviceClass"
}
