{
    "changelogDate": "20150805125054",
    "dto": "no",
    "fields": [
        { "fieldName": "date", "fieldType": "Instant", "fieldValidateRules": ["required"] },
        { "fieldName": "description", "fieldType": "String" },
        { "fieldName": "amount", "fieldType": "BigDecimal", "fieldValidateRules": ["required"] }
    ],
    "fluentMethods": true,
    "pagination": "infinite-scroll",
    "relationships": [
        {
            "otherEntityField": "name",
            "otherEntityName": "microserviceBankAccount",
            "otherEntityRelationshipName": "operation",
            "relationshipName": "bankAccount",
            "relationshipType": "many-to-one"
        },
        {
            "otherEntityField": "label",
            "otherEntityName": "microserviceLabel",
            "otherEntityRelationshipName": "operation",
            "ownerSide": true,
            "relationshipName": "label",
            "relationshipType": "many-to-many"
        }
    ],
    "service": "no"
}
