{
    "changelogDate": "20170626061521",
    "clientRootFolder": "test-root",
    "dto": "no",
    "entityTableName": "place",
    "fields": [
        { "fieldName": "name", "fieldType": "String", "fieldValidateRules": ["required"] },
        { "fieldName": "numberOfSeats", "fieldType": "Long" },
        { "fieldName": "shortName", "fieldType": "String" },
        { "fieldName": "colorBackground", "fieldType": "String" },
        { "fieldName": "colorText", "fieldType": "String" },
        { "fieldName": "description", "fieldType": "byte[]", "fieldTypeBlobContent": "text" }
    ],
    "fluentMethods": true,
    "pagination": "pagination",
    "relationships": [
        {
            "otherEntityField": "name",
            "otherEntityName": "division",
            "otherEntityRelationshipName": "preferredPlace",
            "ownerSide": true,
            "relationshipName": "preferredDivision",
            "relationshipType": "many-to-many"
        },
        {
            "otherEntityField": "name",
            "otherEntityName": "division",
            "otherEntityRelationshipName": "divisionsPlace",
            "relationshipName": "owner",
            "relationshipType": "many-to-one"
        }
    ],
    "service": "no"
}
