{
    "angularJSSuffix": "mySuffixAlt",
    "changelogDate": "20181120190609",
    "dto": "no",
    "fields": [],
    "fluentMethods": true,
    "jpaMetamodelFiltering": true,
    "pagination": "no",
    "relationships": [
        {
            "otherEntityName": "testManyToOne",
            "otherEntityRelationshipName": "superMegaLargeTestEntity",
            "relationshipName": "superMegaLargeTestManyToOne",
            "relationshipType": "one-to-many"
        },
        {
            "otherEntityName": "testManyToMany",
            "otherEntityRelationshipName": "superMegaLargeTestEntity",
            "ownerSide": false,
            "relationshipName": "superMegaLargeTestManyToMany",
            "relationshipType": "many-to-many"
        },
        {
            "otherEntityName": "testOneToOne",
            "otherEntityRelationshipName": "superMegaLargeTestEntity",
            "ownerSide": false,
            "relationshipName": "superMegaLargeTestOneToOne",
            "relationshipType": "one-to-one"
        },
        {
            "otherEntityField": "login",
            "otherEntityName": "user",
            "relationshipName": "superMegaLargeUserOneToMany",
            "relationshipType": "many-to-one",
            "relationshipValidateRules": "required"
        },
        {
            "otherEntityField": "login",
            "otherEntityName": "user",
            "ownerSide": true,
            "relationshipName": "superMegaLargeUserManyToMany",
            "relationshipType": "many-to-many"
        },
        {
            "otherEntityField": "login",
            "otherEntityName": "user",
            "otherEntityRelationshipName": "parent",
            "ownerSide": true,
            "relationshipName": "superMegaLargeUserOneToOne",
            "relationshipType": "one-to-one"
        },
        {
            "otherEntityName": "testCustomTableName",
            "otherEntityRelationshipName": "superMegaLargeTestEntity",
            "relationshipName": "superMegaLargeTestCustomTableName",
            "relationshipType": "one-to-many"
        }
    ],
    "service": "no"
}
