{
    "changelogDate": "20160208210112",
    "dto": "mapstruct",
    "fields": [],
    "fluentMethods": true,
    "pagination": "no",
    "relationships": [
        {
            "otherEntityName": "testManyRelPaginDTO",
            "otherEntityRelationshipName": "backTestMapstructOwnerOneToOne",
            "ownerSide": true,
            "relationshipName": "testMapstructOwnerOneToOne",
            "relationshipType": "one-to-one"
        },
        {
            "otherEntityName": "testManyRelPaginDTO",
            "otherEntityRelationshipName": "backTestMapstructOwnerManyToMany",
            "ownerSide": true,
            "relationshipName": "testMapstructOwnerManyToMany",
            "relationshipType": "many-to-many"
        },
        {
            "otherEntityName": "testManyRelPaginDTO",
            "otherEntityRelationshipName": "backTestMapstructOwnerManyToOne",
            "relationshipName": "testMapstructOwnerManyToOne",
            "relationshipType": "many-to-one"
        },
        {
            "otherEntityName": "testManyRelPaginDTO",
            "otherEntityRelationshipName": "backTestMapstructBackOneToOne",
            "ownerSide": false,
            "relationshipName": "testMapstructBackOneToOne",
            "relationshipType": "one-to-one"
        },
        {
            "otherEntityName": "testManyRelPaginDTO",
            "otherEntityRelationshipName": "backTestMapstructBackManyToMany",
            "ownerSide": false,
            "relationshipName": "testMapstructBackManyToMany",
            "relationshipType": "many-to-many"
        },
        {
            "otherEntityName": "testManyRelPaginDTO",
            "otherEntityRelationshipName": "backTestMapstructBackManyToOne",
            "relationshipName": "testMapstructBackManyToOne",
            "relationshipType": "one-to-many"
        },
        { "otherEntityField": "login", "otherEntityName": "user", "relationshipName": "userManyToOne", "relationshipType": "many-to-one" },
        {
            "otherEntityField": "login",
            "otherEntityName": "user",
            "ownerSide": true,
            "relationshipName": "userManyToMany",
            "relationshipType": "many-to-many"
        },
        {
            "otherEntityField": "login",
            "otherEntityName": "user",
            "ownerSide": true,
            "relationshipName": "userOneToOne",
            "relationshipType": "one-to-one"
        }
    ],
    "service": "no"
}
