{
    "angularJSSuffix": "mySuffix",
    "changelogDate": "20160208210116",
    "dto": "no",
    "entityTableName": "test_multiple_rel",
    "fields": [],
    "fluentMethods": true,
    "pagination": "no",
    "relationships": [
        {
            "otherEntityField": "id",
            "otherEntityName": "testEntity",
            "otherEntityRelationshipName": "firstTestTwoRelationshipsSameEntity",
            "relationshipName": "firstRelationship",
            "relationshipType": "many-to-one"
        },
        {
            "otherEntityField": "id",
            "otherEntityName": "testEntity",
            "otherEntityRelationshipName": "secondTestTwoRelationshipsSameEntity",
            "relationshipName": "secondRelationship",
            "relationshipType": "many-to-one"
        },
        { "otherEntityName": "user", "ownerSide": true, "relationshipName": "userOne", "relationshipType": "one-to-one" },
        { "otherEntityName": "user", "ownerSide": true, "relationshipName": "userTwo", "relationshipType": "one-to-one" },
        {
            "otherEntityField": "id",
            "otherEntityName": "division",
            "otherEntityRelationshipName": "firstTestTwoRelationshipsSameEntity",
            "relationshipName": "firstUniqueRequiredRelation",
            "relationshipType": "many-to-one",
            "relationshipValidateRules": "required"
        },
        {
            "otherEntityField": "id",
            "otherEntityName": "division",
            "otherEntityRelationshipName": "secondTestTwoRelationshipsSameEntity",
            "relationshipName": "secondUniqueRequiredRelation",
            "relationshipType": "many-to-one",
            "relationshipValidateRules": "required"
        }
    ],
    "service": "no"
}
