{
    "angularJSSuffix": "mySuffix",
    "changelogDate": "20160208211541",
    "dto": "no",
    "fields": [],
    "fluentMethods": true,
    "pagination": "no",
    "relationships": [
        {
            "otherEntityField": "id",
            "otherEntityName": "testEntity",
            "otherEntityRelationshipName": "testOneToOne",
            "ownerSide": true,
            "relationshipName": "testEntity",
            "relationshipType": "one-to-one"
        },
        {
            "otherEntityField": "id",
            "otherEntityName": "testServiceClass",
            "otherEntityRelationshipName": "testOneToOne",
            "ownerSide": true,
            "relationshipName": "testServiceClass",
            "relationshipType": "one-to-one"
        },
        {
            "otherEntityField": "id",
            "otherEntityName": "testServiceImpl",
            "otherEntityRelationshipName": "testOneToOne",
            "ownerSide": true,
            "relationshipName": "testServiceImpl",
            "relationshipType": "one-to-one"
        },
        {
            "otherEntityField": "id",
            "otherEntityName": "testInfiniteScroll",
            "otherEntityRelationshipName": "testOneToOne",
            "ownerSide": true,
            "relationshipName": "testInfiniteScroll",
            "relationshipType": "one-to-one"
        },
        {
            "otherEntityField": "id",
            "otherEntityName": "testPagination",
            "otherEntityRelationshipName": "testOneToOne",
            "ownerSide": true,
            "relationshipName": "testPagination",
            "relationshipType": "one-to-one"
        },
        {
            "otherEntityField": "id",
            "otherEntityName": "testCustomTableName",
            "otherEntityRelationshipName": "testOneToOne",
            "ownerSide": true,
            "relationshipName": "testCustomTableName",
            "relationshipType": "one-to-one"
        },
        {
            "otherEntityField": "id",
            "otherEntityName": "superMegaLargeTestEntity",
            "otherEntityRelationshipName": "superMegaLargeTestOneToOne",
            "ownerSide": true,
            "relationshipName": "superMegaLargeTestEntity",
            "relationshipType": "one-to-one"
        }
    ],
    "service": "no"
}
