{
    "angularJSSuffix": "mySuffix",
    "changelogDate": "20160208210534",
    "dto": "mapstruct",
    "entityTableName": "test_many_many_pagination_dto",
    "fields": [],
    "fluentMethods": true,
    "pagination": "pagination",
    "relationships": [
        {
            "otherEntityName": "testMapstruct",
            "otherEntityRelationshipName": "testMapstructOwnerOneToOne",
            "ownerSide": false,
            "relationshipName": "backTestMapstructOwnerOneToOne",
            "relationshipType": "one-to-one"
        },
        {
            "otherEntityName": "testMapstruct",
            "otherEntityRelationshipName": "testMapstructOwnerManyToMany",
            "ownerSide": false,
            "relationshipName": "backTestMapstructOwnerManyToMany",
            "relationshipType": "many-to-many"
        },
        {
            "otherEntityName": "testMapstruct",
            "otherEntityRelationshipName": "testMapstructOwnerManyToOne",
            "relationshipName": "backTestMapstructOwnerManyToOne",
            "relationshipType": "one-to-many"
        },
        {
            "otherEntityName": "testMapstruct",
            "otherEntityRelationshipName": "testMapstructBackOneToOne",
            "ownerSide": true,
            "relationshipName": "backTestMapstructBackOneToOne",
            "relationshipType": "one-to-one"
        },
        {
            "otherEntityName": "testMapstruct",
            "otherEntityRelationshipName": "testMapstructBackManyToMany",
            "ownerSide": true,
            "relationshipName": "backTestMapstructBackManyToMany",
            "relationshipType": "many-to-many"
        },
        {
            "otherEntityName": "testMapstruct",
            "otherEntityRelationshipName": "testMapstructBackManyToOne",
            "relationshipName": "backTestMapstructBackManyToOne",
            "relationshipType": "many-to-one"
        }
    ],
    "service": "serviceImpl"
}
