{
    "changelogDate": "20160208210115",
    "dto": "no",
    "fields": [],
    "fluentMethods": true,
    "jpaMetamodelFiltering": true,
    "pagination": "no",
    "relationships": [
        {
            "otherEntityName": "testManyToOne",
            "otherEntityRelationshipName": "testServiceImpl",
            "relationshipName": "testManyToOne",
            "relationshipType": "one-to-many"
        },
        {
            "otherEntityName": "testManyToMany",
            "otherEntityRelationshipName": "testServiceImpl",
            "ownerSide": false,
            "relationshipName": "testManyToMany",
            "relationshipType": "many-to-many"
        },
        {
            "otherEntityName": "testOneToOne",
            "otherEntityRelationshipName": "testServiceImpl",
            "ownerSide": false,
            "relationshipName": "testOneToOne",
            "relationshipType": "one-to-one"
        },
        { "otherEntityField": "login", "otherEntityName": "user", "relationshipName": "userOneToMany", "relationshipType": "many-to-one" },
        {
            "otherEntityField": "login",
            "otherEntityName": "user",
            "ownerSide": true,
            "relationshipName": "userManyToMany",
            "relationshipType": "many-to-many"
        },
        {
            "otherEntityField": "login",
            "otherEntityName": "user",
            "otherEntityRelationshipName": "parent",
            "ownerSide": true,
            "relationshipName": "userOneToOne",
            "relationshipType": "one-to-one"
        }
    ],
    "service": "serviceImpl"
}
