{
    "angularJSSuffix": "mySuffixAlt",
    "changelogDate": "20160208210110",
    "dto": "no",
    "fields": [],
    "fluentMethods": true,
    "jpaMetamodelFiltering": true,
    "pagination": "no",
    "relationships": [
        {
            "otherEntityName": "testManyToOne",
            "otherEntityRelationshipName": "testEntity",
            "relationshipName": "testManyToOne",
            "relationshipType": "one-to-many"
        },
        {
            "otherEntityName": "testManyToMany",
            "otherEntityRelationshipName": "testEntity",
            "ownerSide": false,
            "relationshipName": "testManyToMany",
            "relationshipType": "many-to-many"
        },
        {
            "otherEntityName": "testOneToOne",
            "otherEntityRelationshipName": "testEntity",
            "ownerSide": false,
            "relationshipName": "testOneToOne",
            "relationshipType": "one-to-one"
        },
        {
            "otherEntityField": "login",
            "otherEntityName": "user",
            "relationshipName": "userOneToMany",
            "relationshipType": "many-to-one",
            "relationshipValidateRules": "required"
        },
        {
            "otherEntityField": "login",
            "otherEntityName": "user",
            "ownerSide": true,
            "relationshipName": "userManyToMany",
            "relationshipType": "many-to-many"
        },
        {
            "otherEntityField": "login",
            "otherEntityName": "user",
            "otherEntityRelationshipName": "parent",
            "ownerSide": true,
            "relationshipName": "userOneToOne",
            "relationshipType": "one-to-one"
        },
        {
            "otherEntityName": "testCustomTableName",
            "otherEntityRelationshipName": "testEntity",
            "relationshipName": "testCustomTableName",
            "relationshipType": "one-to-many"
        }
    ],
    "service": "no"
}
