{
    "changelogDate": "20160208210109",
    "dto": "no",
    "entityTableName": "test_custom_table_name_entity",
    "fields": [],
    "fluentMethods": true,
    "pagination": "no",
    "relationships": [
        {
            "otherEntityName": "testManyToOne",
            "otherEntityRelationshipName": "testCustomTableName",
            "relationshipName": "testManyToOne",
            "relationshipType": "one-to-many"
        },
        {
            "otherEntityName": "testManyToMany",
            "otherEntityRelationshipName": "testCustomTableName",
            "ownerSide": false,
            "relationshipName": "testManyToMany",
            "relationshipType": "many-to-many"
        },
        {
            "otherEntityName": "testOneToOne",
            "otherEntityRelationshipName": "testCustomTableName",
            "ownerSide": false,
            "relationshipName": "testOneToOne",
            "relationshipType": "one-to-one"
        },
        {
            "otherEntityField": "id",
            "otherEntityName": "testEntity",
            "relationshipName": "testEntity",
            "relationshipType": "many-to-one",
            "relationshipValidateRules": "required"
        },
        { "otherEntityField": "login", "otherEntityName": "user", "relationshipName": "userOneToMany", "relationshipType": "many-to-one" },
        {
            "otherEntityField": "login",
            "otherEntityName": "user",
            "ownerSide": true,
            "relationshipName": "userManyToMany",
            "relationshipType": "many-to-many"
        },
        {
            "otherEntityField": "login",
            "otherEntityName": "user",
            "otherEntityRelationshipName": "parent",
            "ownerSide": true,
            "relationshipName": "userOneToOne",
            "relationshipType": "one-to-one"
        },
        {
            "otherEntityField": "id",
            "otherEntityName": "superMegaLargeTestEntity",
            "relationshipName": "superMegaLargeTestEntity",
            "relationshipType": "many-to-one",
            "relationshipValidateRules": "required"
        }
    ],
    "service": "no"
}
