{
    "angularJSSuffix": "mySuffix",
    "changelogDate": "20160208211440",
    "dto": "no",
    "fields": [],
    "fluentMethods": true,
    "pagination": "no",
    "relationships": [
        {
            "otherEntityField": "id",
            "otherEntityName": "testEntity",
            "otherEntityRelationshipName": "testManyToOne",
            "relationshipName": "testEntity",
            "relationshipType": "many-to-one"
        },
        {
            "otherEntityField": "id",
            "otherEntityName": "testServiceClass",
            "otherEntityRelationshipName": "testManyToOne",
            "relationshipName": "testServiceClass",
            "relationshipType": "many-to-one"
        },
        {
            "otherEntityField": "id",
            "otherEntityName": "testServiceImpl",
            "otherEntityRelationshipName": "testManyToOne",
            "relationshipName": "testServiceImpl",
            "relationshipType": "many-to-one"
        },
        {
            "otherEntityField": "id",
            "otherEntityName": "testInfiniteScroll",
            "otherEntityRelationshipName": "testManyToOne",
            "relationshipName": "testInfiniteScroll",
            "relationshipType": "many-to-one"
        },
        {
            "otherEntityField": "id",
            "otherEntityName": "testPagination",
            "otherEntityRelationshipName": "testManyToOne",
            "relationshipName": "testPagination",
            "relationshipType": "many-to-one"
        },
        {
            "otherEntityField": "id",
            "otherEntityName": "testCustomTableName",
            "otherEntityRelationshipName": "testManyToOne",
            "relationshipName": "testCustomTableName",
            "relationshipType": "many-to-one"
        },
        {
            "otherEntityField": "id",
            "otherEntityName": "superMegaLargeTestEntity",
            "otherEntityRelationshipName": "superMegaLargeTestManyToOne",
            "relationshipName": "superMegaLargeTestEntity",
            "relationshipType": "many-to-one"
        }
    ],
    "service": "no"
}
