{
    "applications": "*",
    "changelogDate": "20200417190923",
    "clientRootFolder": "",
    "dto": "no",
    "embedded": false,
    "entityTableName": "track",
    "fields": [{ "fieldName": "name", "fieldType": "String", "fieldValidateRules": ["required"] }],
    "fluentMethods": true,
    "jpaMetamodelFiltering": false,
    "name": "Track",
    "pagination": "no",
    "readOnly": false,
    "relationships": [
        {
            "otherEntityField": "name",
            "otherEntityName": "album",
            "otherEntityRelationshipName": "track",
            "relationshipName": "album",
            "relationshipType": "many-to-one"
        }
    ],
    "service": "no"
}
