<?xml version="1.0" encoding="ISO-8859-1"?>
<site xmlns="http://maven.apache.org/SITE/2.0.0" xmlns:xsi="http://www.w3.org/2001/XMLSchema-instance"
  xsi:schemaLocation="http://maven.apache.org/SITE/2.0.0 https://maven.apache.org/xsd/site-2.0.0.xsd"
  name="LangGraph4j::How-To" >
    <skin>
        <groupId>org.apache.maven.skins</groupId>
        <artifactId>maven-fluido-skin</artifactId>
        <version>2.0.0-M11</version>
    </skin>
    <custom>
        <fluidoSkin>
            <sideBarEnabled>true</sideBarEnabled>
        </fluidoSkin>
    </custom>
    <body>

        <head>
            <!--
            Workaround by https://shred.zone/cilla/page/431/fluido-skin-and-markdown-syntax-highlighting.html
            -->
            <![CDATA[<script type="text/javascript">
                    $(document).ready(function () {
                        $(".language-java").addClass("prettyprint");
                        prettyPrint();
                    });
            </script>]]>
        </head>

        <menu name="How To(s)">
            <item name="Adaptive Rag" href="adaptiverag.html"/>
            <item name="Agent Executor" href="agentexecutor.html"/>
            <item name="Multi-agent supervisor" href="multi-agent-supervisor.html"/>
            <item name="How to add persistence to your graph" href="persistence.html"/>
            <item name="How to view and update past graph state" href="time-travel.html"/>
            <item name="Wait for user input" href="wait-user-input.html"/>
            <item name="Langchain4j LLM Streaming" href="llm-streaming.html"/>
            <item name="Subgraph">
                <item name="Subgraph as state graph" href="subgraph-as-stategraph.html"/>
                <item name="Subgraph as compiled graph" href="subgraph-as-compiledgraph.html"/>
                <item name="Subgraph as node action" href="subgraph-as-nodeaction.html"/>
            </item>
        </menu>
    </body>
</site>
