<!--
	Copyright 2024 VMware, Inc.

	Licensed under the Apache License, Version 2.0 (the "License");
	you may not use this file except in compliance with the License.
	You may obtain a copy of the License at

	https://www.apache.org/licenses/LICENSE-2.0

	Unless required by applicable law or agreed to in writing, software
	distributed under the License is distributed on an "AS IS" BASIS,
	WITHOUT WARRANTIES OR CONDITIONS OF ANY KIND, either express or implied.
	See the License for the specific language governing permissions and
	limitations under the License.
-->
<configuration>
	<appender name="STDOUT" class="ch.qos.logback.core.ConsoleAppender">
		<encoder>
			<pattern>%d{HH:mm:ss.SSS} [%thread] %-5level %logger{36} - %msg%n</pattern>
		</encoder>
	</appender>

	<appender name="NOP" class="ch.qos.logback.core.helpers.NOPAppender">
	</appender>

	<logger name="unfilteredLogger" level="ALL" additivity="false">
		<appender-ref ref="NOP" />
	</logger>

	<logger name="filteredLogger" level="OFF" additivity="false">
		<appender-ref ref="NOP" />
	</logger>

	<root level="WARN">
		<appender-ref ref="STDOUT" />
	</root>
</configuration>
