<?xml version="1.0" encoding="UTF-8"?>
<!DOCTYPE mapper PUBLIC "-//mybatis.org//DTD Mapper 3.0//EN" "http://mybatis.org/dtd/mybatis-3-mapper.dtd">
<mapper namespace="com.fit2cloud.dao.mapper.CloudAccountMapper">
   <resultMap id="BaseResultMap" type="com.fit2cloud.dao.entity.CloudAccount">
       <id column="id" property="id" />
       <result column="name" property="name"/>
       <result column="credential" property="credential" typeHandler="com.fit2cloud.base.handler.CredentialTypeHandler"/>
       <result column="platform" property="platform"  />
       <result column="create_time" property="createTime"  />
       <result column="update_time" property="updateTime"  />
   </resultMap>

    <resultMap id="AccountJobRecordMap" type="com.fit2cloud.response.JobRecordResourceResponse">
        <result column="resource_id" jdbcType="VARCHAR" property="resourceId"/>
        <result column="job_record_id" jdbcType="VARCHAR" property="jobRecordId"/>
        <result column="type" jdbcType="INTEGER" property="type"/>
        <result column="status" jdbcType="INTEGER" property="status" />
        <result column="description" jdbcType="VARCHAR" property="description"/>
        <result column="result" jdbcType="LONGVARCHAR" property="result"/>
        <result column="params" jdbcType="VARCHAR" property="params"
                typeHandler="com.baomidou.mybatisplus.extension.handlers.JacksonTypeHandler"/>
        <result column="create_time" jdbcType="DATE" property="createTime"/>
        <result column="update_time" jdbcType="DATE" property="updateTime"/>
    </resultMap>

    <resultMap id="CloudPageResultMap" type="com.fit2cloud.controller.response.cloud_account.CloudAccountResponse">
        <id column="id" property="id" />
        <result column="name" property="name"/>
        <result column="credential" property="credential" typeHandler="com.fit2cloud.base.handler.CredentialTypeHandler"/>
        <result column="platform" property="platform"  />
        <result column="state" property="state"  />
        <result column="status" property="status"  />
        <result column="create_time" property="createTime"  />
        <result column="update_time" property="updateTime"  />
    </resultMap>

    <select id="pageCloudAccount" resultMap="CloudPageResultMap">
        SELECT
            *
        FROM
            (
                SELECT
                    a.*,
                    IF (
                            t1.`status` IS NULL ,- 1,
                            t1.`status`
                        ) AS `status`
                FROM
                    cloud_account a
                        LEFT JOIN (
                        SELECT
                            resource_id,

                            IF (
                                        SUM(`status`) = 0,
                                        0,

                                        IF (
                                                    GROUP_CONCAT(`status`) LIKE '%1%',
                                                    1,

                                                    IF (
                                                                GROUP_CONCAT(`status`) LIKE '%2%',
                                                                2 ,- 1
                                                        )
                                            )
                                ) AS `status`
                        FROM
                            (
                                SELECT
                                    job_record_resource_mapping.resource_id AS resource_id,
                                    job_record.`status` AS `status`
                                FROM
                                    job_record_resource_mapping job_record_resource_mapping
                                        RIGHT JOIN (
                                        SELECT
                                            MAX(create_time) AS create_time,
                                            resource_type AS resource_type,
                                            resource_id AS resource_id
                                        FROM
                                            job_record_resource_mapping job_record_resource_mapping
                                        WHERE
                                            job_record_resource_mapping.job_type IN (101, 102)
                                        GROUP BY
                                            job_record_resource_mapping.resource_id,
                                            job_record_resource_mapping.resource_type
                                    ) t1 ON t1.resource_id = job_record_resource_mapping.resource_id
                                        AND t1.resource_type = job_record_resource_mapping.resource_type
                                        AND t1.create_time = job_record_resource_mapping.create_time
                                        LEFT JOIN job_record job_record ON job_record.id = job_record_resource_mapping.job_record_id
                                WHERE
                                    job_record_resource_mapping.resource_type IS NOT NULL
                            ) js
                        GROUP BY
                            resource_id
                    ) t1 ON t1.resource_id = a.id
            ) a
            ${ew.customSqlSegment}
    </select>

    <select id="pageSyncRecord" resultMap="AccountJobRecordMap">
        SELECT * FROM (
          SELECT
              job_record_resource_mapping.resource_id,
              job_record_resource_mapping.job_record_id,
              job_record.type,
              job_record.`status`,
              job_record.description,
              job_record.result,
              job_record.params,
              job_record.create_time,
              job_record.update_time
          FROM
              job_record_resource_mapping,
              job_record
          WHERE
              job_record_resource_mapping.job_record_id = job_record.id
          ORDER BY create_time desc,description)
          job_record_info
        ${ew.customSqlSegment}
    </select>

    <select id="listTypes" resultType="string">
        SELECT distinct description from job_record
        ${ew.customSqlSegment}
    </select>
</mapper>
