<?xml version="1.0" encoding="UTF-8"?>
<!DOCTYPE mapper PUBLIC "-//mybatis.org//DTD Mapper 3.0//EN" "http://mybatis.org/dtd/mybatis-3-mapper.dtd">
<mapper namespace="com.fit2cloud.dao.mapper.OrganizationMapper">
    <resultMap id="BaseResultMap" type="com.fit2cloud.base.entity.Organization">
        <id column="id" jdbcType="VARCHAR" property="id" />
        <result column="name" jdbcType="VARCHAR" property="name" />
        <result column="description" jdbcType="VARCHAR" property="description" />
        <result column="pid" jdbcType="VARCHAR" property="pid"/>
        <result column="create_time" jdbcType="DATE" property="createTime" />
        <result column="update_time" jdbcType="DATE" property="updateTime" />
    </resultMap>

    <resultMap id="ExtResultMap" type="com.fit2cloud.dto.OrganizationDTO" extends="BaseResultMap">
        <result column="workspaceCount" jdbcType="INTEGER" property="workspaceCount" />
        <result column="userCount" jdbcType="INTEGER" property="userCount" />
    </resultMap>

    <select id="pageOrganization" resultMap="ExtResultMap">
        SELECT
            id,
            `name`,
            description,
            create_time,
            update_time,
            pid,
            (select count(workspace.id) from workspace where workspace.organization_id = organization.id) as workspaceCount,
            (select count(DISTINCT user_role.user_id ) from user_role where user_role._source = organization.id) as userCount
        FROM
            organization
                INNER JOIN (
                SELECT
                    GROUP_CONCAT(
                            GET_CHILDREN_ID ( id )) AS ids
                FROM
                   <if test="rootId != null">
                       (
                       SELECT DISTINCT
                       id AS id
                       FROM
                       organization
                       where id = #{rootId}
                       ) t1
                   </if>
                   <if test="rootId == null">
                        (
                        SELECT DISTINCT
                        GET_ROOT_ORG_ID ( id ) AS id
                        FROM
                        organization
                        ${ew.customSqlSegment}
                        ) t1

                   </if>

            ) t2
        WHERE
            FIND_IN_SET(
                    id,
                    t2.ids)
    </select>
</mapper>
