{
  "nodes": [
    {
      "type": "lifecycle/onStart",
      "id": "0",
      "flows": {
        "flow": {
          "nodeId": "1",
          "socket": "flow"
        }
      }
    },
    {
      "type": "debug/log",
      "id": "1",
      "parameters": {
        "text": {
          "value": "Starting Sequence..."
        }
      },
      "flows": {
        "flow": {
          "nodeId": "2",
          "socket": "flow"
        }
      }
    },
    {
      "type": "flow/sequence",
      "configuration": {
        "numOutputs": 4
      },
      "id": "2",
      "flows": {
        "1": {
          "nodeId": "3",
          "socket": "flow"
        },
        "2": {
          "nodeId": "4",
          "socket": "flow"
        },
        "3": {
          "nodeId": "5",
          "socket": "flow"
        },
        "4": {
          "nodeId": "6",
          "socket": "flow"
        }
      }
    },
    {
      "type": "debug/log",
      "id": "3",
      "parameters": {
        "text": {
          "value": "Trigging Counter"
        }
      },
      "flows": {
        "flow": {
          "nodeId": "7",
          "socket": "flow"
        }
      }
    },
    {
      "type": "debug/log",
      "id": "4",
      "parameters": {
        "text": {
          "value": "Trigging Counter"
        }
      },
      "flows": {
        "flow": {
          "nodeId": "7",
          "socket": "flow"
        }
      }
    },
    {
      "type": "debug/log",
      "id": "5",
      "parameters": {
        "text": {
          "value": "Resetting Counter"
        }
      },
      "flows": {
        "flow": {
          "nodeId": "7",
          "socket": "reset"
        }
      }
    },
    {
      "type": "debug/log",
      "id": "6",
      "parameters": {
        "text": {
          "value": "Triggering Counter"
        }
      },
      "flows": {
        "flow": {
          "nodeId": "7",
          "socket": "flow"
        }
      }
    },
    {
      "type": "flow/counter",
      "id": "7",
      "flows": {
        "flow": {
          "nodeId": "9",
          "socket": "flow"
        }
      }
    },
    {
      "type": "math/toString/integer",
      "id": "8",
      "parameters": {
        "a": {
          "link": {
            "nodeId": "7",
            "socket": "count"
          }
        }
      }
    },
    {
      "type": "debug/log",
      "id": "9",
      "parameters": {
        "text": {
          "link": {
            "nodeId": "8",
            "socket": "result"
          }
        }
      }
    }
  ]
}
