{
  "nodes": [
    {
      "type": "lifecycle/onStart",
      "id": "0",
      "flows": {
        "flow": {
          "nodeId": "1",
          "socket": "flow"
        }
      }
    },
    {
      "type": "debug/log",
      "id": "1",
      "parameters": {
        "text": {
          "value": "Starting For Loop..."
        }
      },
      "flows": {
        "flow": {
          "nodeId": "2",
          "socket": "flow"
        }
      }
    },
    {
      "type": "flow/forLoop",
      "id": "2",
      "parameters": {
        "startIndex": {
          "value": 0
        },
        "endIndex": {
          "value": 10
        }
      },
      "flows": {
        "loopBody": {
          "nodeId": "3",
          "socket": "flow"
        },
        "completed": {
          "nodeId": "6",
          "socket": "flow"
        }
      }
    },
    {
      "type": "flow/flipFlop",
      "id": "3",
      "flows": {
        "on": {
          "nodeId": "4",
          "socket": "flow"
        },
        "off": {
          "nodeId": "5",
          "socket": "flow"
        }
      }
    },
    {
      "type": "debug/log",
      "id": "4",
      "parameters": {
        "text": {
          "value": "FlipFlop On Body!"
        }
      }
    },
    {
      "type": "debug/log",
      "id": "5",
      "parameters": {
        "text": {
          "value": "FlipFlop Off Body!"
        }
      }
    },
    {
      "type": "debug/log",
      "id": "6",
      "parameters": {
        "text": {
          "value": "Completed For Loop!"
        }
      }
    }
  ]
}
