<settings xmlns="http://maven.apache.org/SETTINGS/1.0.0" xmlns:xsi="http://www.w3.org/2001/XMLSchema-instance"
      xsi:schemaLocation="http://maven.apache.org/SETTINGS/1.0.0 https://maven.apache.org/xsd/settings-1.0.0.xsd">
  <profiles>
    <profile>
      <id>google-mirror</id>
      <repositories>
        <repository>
          <id>google-maven-central</id>
          <name>GCS Maven Central mirror EU</name>
          <url>https://maven-central.storage-download.googleapis.com/maven2/</url>
          <releases>
            <enabled>true</enabled>
          </releases>
          <snapshots>
            <enabled>false</enabled>
          </snapshots>
        </repository>
      </repositories>
      <pluginRepositories>
        <pluginRepository>
          <id>google-maven-central</id>
          <name>GCS Maven Central mirror EU</name>
          <url>https://maven-central.storage-download.googleapis.com/maven2/</url>
          <releases>
            <enabled>true</enabled>
          </releases>
          <snapshots>
            <enabled>false</enabled>
          </snapshots>
        </pluginRepository>
      </pluginRepositories>
    </profile>
    <profile>
      <id>snapshots</id>
      <properties>
        <!-- https://docs.aws.amazon.com/codeartifact/latest/ug/maven-troubleshooting.html#disable-parallel-puts -->
        <aether.connector.basic.parallelPut>false</aether.connector.basic.parallelPut>
      </properties>
      <repositories>
        <repository>
          <id>sonatype-maven-central</id>
          <name>Sonatype Maven Central Snapshots</name>
          <url>https://central.sonatype.com/repository/maven-snapshots/</url>
          <layout>default</layout>
          <releases>
            <enabled>false</enabled>
            <updatePolicy>never</updatePolicy>
          </releases>
          <snapshots>
            <enabled>true</enabled>
            <updatePolicy>always</updatePolicy>
          </snapshots>
        </repository>
      </repositories>
      <pluginRepositories>
        <pluginRepository>
          <id>sonatype-maven-central</id>
          <name>Sonatype Maven Central Snapshots</name>
          <url>https://central.sonatype.com/repository/maven-snapshots/</url>
          <layout>default</layout>
          <releases>
            <enabled>false</enabled>
            <updatePolicy>never</updatePolicy>
          </releases>
          <snapshots>
            <enabled>true</enabled>
            <updatePolicy>always</updatePolicy>
          </snapshots>
        </pluginRepository>
      </pluginRepositories>
    </profile>
  </profiles>
  <activeProfiles>
    <activeProfile>google-mirror</activeProfile>
  </activeProfiles>
</settings>
