<component name="ProjectRunConfigurationManager">
  <configuration default="false" name="Deploy CE" type="PythonConfigurationType" factoryName="Python">
    <module name="mlrun" />
    <option name="ENV_FILES" value="" />
    <option name="INTERPRETER_OPTIONS" value="" />
    <option name="PARENT_ENVS" value="true" />
    <envs>
      <env name="PYTHONUNBUFFERED" value="1" />
    </envs>
    <option name="SDK_HOME" value="" />
    <option name="WORKING_DIRECTORY" value="$PROJECT_DIR$/automation/deployment" />
    <option name="IS_MODULE_SDK" value="true" />
    <option name="ADD_CONTENT_ROOTS" value="true" />
    <option name="ADD_SOURCE_ROOTS" value="true" />
    <EXTENSION ID="PythonCoverageRunConfigurationExtension" runner="coverage.py" />
    <EXTENSION ID="net.ashald.envfile">
      <option name="IS_ENABLED" value="false" />
      <option name="IS_SUBST" value="false" />
      <option name="IS_PATH_MACRO_SUPPORTED" value="false" />
      <option name="IS_IGNORE_MISSING_FILES" value="false" />
      <option name="IS_ENABLE_EXPERIMENTAL_INTEGRATIONS" value="false" />
      <ENTRIES>
        <ENTRY IS_ENABLED="true" PARSER="runconfig" IS_EXECUTABLE="false" />
      </ENTRIES>
    </EXTENSION>
    <option name="SCRIPT_NAME" value="$PROJECT_DIR$/automation/deployment/ce.py" />
    <option name="PARAMETERS" value="deploy --verbose --minikube --registry-secret-name=&quot;&quot; --mlrun-version=&quot;FILL ME&quot; --override-mlrun-api-image=&quot;mlrun/mlrun-api:FILL ME&quot; --set 'mlrun.api.extraEnvKeyValue.MLRUN_HTTPDB__BUILDER__MLRUN_VERSION_SPECIFIER=&quot;mlrun[complete] @ git+https://github.com/mlrun/mlrun@FILL ME&quot;' --set 'mlrun.api.extraEnvKeyValue.MLRUN_HTTPDB__SCHEDULING__MIN_ALLOWED_INTERVAL=&quot;0 seconds&quot;' --set mlrun.api.extraEnvKeyValue.MLRUN_MODEL_ENDPOINT_MONITORING__PARQUET_BATCHING_MAX_EVENTS=&quot;100&quot;" />
    <option name="SHOW_COMMAND_LINE" value="false" />
    <option name="EMULATE_TERMINAL" value="false" />
    <option name="MODULE_MODE" value="false" />
    <option name="REDIRECT_INPUT" value="false" />
    <option name="INPUT_FILE" value="" />
    <method v="2" />
  </configuration>
</component>