{
    "generator-jhipster": {
        "applicationType": "monolith",
        "authenticationType": "session",
        "baseName": "sampleMongoKafka",
        "blueprints": [],
        "buildTool": "gradle",
        "cacheProvider": "ehcache",
        "clientFramework": "angular",
        "clientPackageManager": "npm",
        "clientTheme": "none",
        "creationTimestamp": 1596513172471,
        "databaseType": "mongodb",
        "devDatabaseType": "mongodb",
        "dtoSuffix": "DTO",
        "embeddableLaunchScript": false,
        "enableHibernateCache": false,
        "enableTranslation": true,
        "entitySuffix": "",
        "jhiPrefix": "myPrefix",
        "jwtSecretKey": "OTNiNTU1YzgyNjA3NjUwNDRhYWM1OTBiMGI3YmY1ODk3NWFiZWIyMmZiNzFhM2JiOWY4OWY0OTc1YTllNTkzZWExNjk5NWMzZGQxZTEwODNhZWFlNjc2M2IzNGViODg2NWRlNjM0ZDdkNDkxYjdhZThhODY1ZGJmODRhYWM4OTk=",
        "languages": ["en", "fr"],
        "messageBroker": "kafka",
        "nativeLanguage": "en",
        "otherModules": [],
        "packageFolder": "tech/jhipster/sample",
        "packageName": "tech.jhipster.sample",
        "prodDatabaseType": "mongodb",
        "rememberMeKey": "a5e93fdeb16e2ee2dc4a629b5dbdabb30f968e418dfc0483c53afdc695cfac96d06cf5c581cbefb93e3aaa241880857fcafe",
        "searchEngine": "no",
        "serverPort": "8080",
        "serviceDiscoveryType": "no",
        "testFrameworks": ["gatling", "cucumber", "cypress"],
        "websocket": "spring-websocket"
    }
}
