{
    "generator-jhipster": {
        "applicationType": "monolith",
        "authenticationType": "session",
        "baseName": "sampleReact",
        "buildTool": "gradle",
        "cacheProvider": "ehcache",
        "clientFramework": "react",
        "clientPackageManager": "npm",
        "creationTimestamp": 1596513172471,
        "databaseType": "sql",
        "devDatabaseType": "h2Disk",
        "enableHibernateCache": true,
        "enableTranslation": false,
        "jhiPrefix": "myPrefix",
        "messageBroker": "no",
        "packageFolder": "tech/jhipster/sample",
        "packageName": "tech.jhipster.sample",
        "prodDatabaseType": "postgresql",
        "rememberMeKey": "a5e93fdeb16e2ee2dc4a629b5dbdabb30f968e418dfc0483c53afdc695cfac96d06cf5c581cbefb93e3aaa241880857fcafe",
        "searchEngine": "elasticsearch",
        "serverPort": "8080",
        "serviceDiscoveryType": "no",
        "testFrameworks": ["cypress"],
        "websocket": "spring-websocket"
    }
}
