{
    "generator-jhipster": {
        "applicationType": "gateway",
        "authenticationType": "jwt",
        "baseName": "jhipster",
        "blueprints": [],
        "buildTool": "maven",
        "cacheProvider": "no",
        "clientFramework": "vue",
        "clientPackageManager": "npm",
        "clientTheme": "none",
        "clientThemeVariant": "primary",
        "creationTimestamp": 1594452153587,
        "databaseType": "sql",
        "devDatabaseType": "h2Disk",
        "dtoSuffix": "DTO",
        "enableHibernateCache": false,
        "enableSwaggerCodegen": false,
        "enableTranslation": true,
        "entitySuffix": "",
        "jhiPrefix": "",
        "jwtSecretKey": "ZjY4MTM4YjI5YzMwZjhjYjI2OTNkNTRjMWQ5Y2Q0Y2YwOWNmZTE2NzRmYzU3NTMwM2NjOTE3MTllOTM3MWRkMzcyYTljMjVmNmQ0Y2MxOTUzODc0MDhhMTlkMDIxMzI2YzQzZDM2ZDE3MmQ3NjVkODk3OTVmYzljYTQyZDNmMTQ=",
        "languages": ["en"],
        "messageBroker": "no",
        "nativeLanguage": "en",
        "otherModules": [],
        "packageFolder": "tech/jhipster/sample",
        "packageName": "tech.jhipster.sample",
        "prodDatabaseType": "postgresql",
        "reactive": true,
        "searchEngine": "no",
        "serverPort": "8080",
        "serverSideOptions": [],
        "serviceDiscoveryType": "no",
        "skipCheckLengthOfIdentifier": false,
        "skipClient": false,
        "skipFakeData": false,
        "skipServer": false,
        "skipUserManagement": false,
        "testFrameworks": ["gatling", "cypress"],
        "websocket": "no"
    }
}
