{
    "employees": [
        { "firstName": "John", "lastName": "Doe", "employeeId": 42, "dateOfBirth": "1975-05-22" },
        { "firstName": "Anna", "lastName": "Smith", "employeeId": 35, "dateOfBirth": "1989-02-01" },
        { "firstName": "Peter", "lastName": "Jones", "employeeId": 48, "dateOfBirth": "1992-02-28" },
        { "firstName": "Paula", "lastName": "Johnson", "employeeId": 212, "dateOfBirth": "1992-03-28" },
        { "firstName": "Paul", "lastName": "Jones", "employeeId": 143, "dateOfBirth": "1992-11-03" },
        { "firstName": "Liz", "lastName": "Tyler", "employeeId": 53, "dateOfBirth": "1982-05-05" },
        { "firstName": "Tim", "lastName": "Jones", "employeeId": 22, "dateOfBirth": "1991-06-18" },
        { "firstName": "Mary", "lastName": "Cortes", "employeeId": 130, "dateOfBirth": "1980-05-03" }
    ]
}
