{
    "settings": {
        "amazonchoice": null,
        "show": {
            "showCovers": null,
            "showAuthors": null,
            "showTitles": null,
            "showRatings": null,
            "showDates": null,
            "showReviews": null,
            "showTags": "1",
            "showCollections": "1"
        },
        "style": null,
        "title": null,
        "titleLink": null,
        "theuser": "timspalding",
        "powered": "Powered by ",
        "uniqueKey": null,
        "bookcount": 10,
        "showWhat": null,
        "nullSetMsg": "No books found.",
        "notEnoughImagesMsg": "Not enough books found.",
        "domain": "www.librarything.com",
        "textsnippets": {
            "by": "by",
            "Tagged": "Tagged",
            "readreview": "read review",
            "stars": "stars"
        }
    },
    "books": {
        "112618928": {
            "book_id": "112618928",
            "title": "\u1f29\u03c1\u03bf\u03b4\u03cc\u03c4\u03bf\u03c5 \u1f09\u03bb\u03b9\u03ba\u03b1\u03c1\u03bd\u03b7\u03c3\u03c3\u03ad\u03bf\u03c2 \u1f31\u03c3\u03c4\u03bf\u03c1\u03af\u03b7\u03c2 \u1f00\u03c0\u03cc\u03b4\u03b5\u03be\u03b9\u03c2",
            "author_lf": "\u1f29\u03c1\u03cc\u03b4\u03bf\u03c4\u03bf\u03c2",
            "author_fl": "\u1f29\u03c1\u03cc\u03b4\u03bf\u03c4\u03bf\u03c2",
            "author_code": "4073570986",
            "ISBN": "",
            "ISBN_cleaned": "",
            "publicationdate": "?",
            "entry_stamp": "1411067736",
            "entry_date": "Sep 18, 2014",
            "copies": "1",
            "rating": 0,
            "language_main": "",
            "language_secondary": "",
            "language_original": "",
            "hasreview": "1",
            "dateacquired_stamp": "0",
            "dateacquired_date": "Dec 31, 1969",
            "cover": "http://pics.cdn.librarything.com/picsizes/bd/b6/bdb6561b310263459774d414141414141414141.jpg",
            "tags": ["greek history", "love", "greek literature"],
            "collections": {
                "1": "Your library",
                "316929": "Fiddlesticks"
            }
        },
        "39285978": {
            "book_id": "39285978",
            "title": "Zona disagio",
            "author_lf": "Franzen, Jonathan",
            "author_fl": "Jonathan Franzen",
            "author_code": "franzenjonathan",
            "ISBN": "8806193112",
            "ISBN_cleaned": "8806193112",
            "publicationdate": "Fri, 01 Aug 2008 00:00:00 0000",
            "entry_stamp": "1229488363",
            "entry_date": "Dec 16, 2008",
            "copies": "1",
            "rating": 0,
            "language_main": "",
            "language_secondary": "",
            "language_original": "",
            "hasreview": "0",
            "dateacquired_stamp": "0",
            "dateacquired_date": "Dec 31, 1969",
            "cover": "http://ecx.images-amazon.com/images/P/8806193112.01._SCLZZZZZZZ_.jpg",
            "collections": {
                "1": "Your library"
            }
        },
        "30966619": {
            "book_id": "30966619",
            "title": "Zeus: A Journey Through Greece in the Footsteps of a God",
            "author_lf": "Stone, Tom",
            "author_fl": "Tom Stone",
            "author_code": "stonetom",
            "ISBN": "158234518X",
            "ISBN_cleaned": "158234518X",
            "publicationdate": "2008",
            "entry_stamp": "1213547879",
            "entry_date": "Jun 15, 2008",
            "copies": "1",
            "rating": 4,
            "language_main": "eng",
            "language_secondary": "",
            "language_original": "",
            "hasreview": "0",
            "dateacquired_stamp": "0",
            "dateacquired_date": "Dec 31, 1969",
            "cover": "http://ecx.images-amazon.com/images/P/158234518X.01._SCLZZZZZZZ_.jpg",
            "tags": ["wishlist", "greek religion"],
            "collections": {
                "1": "Your library",
                "4": "Wishlist"
            }
        },
        "41601804": {
            "book_id": "41601804",
            "title": "Zarafa: a giraffe's true story, from deep in Africa to the heart of Paris",
            "author_lf": "Allin, Michael",
            "author_fl": "Michael Allin",
            "author_code": "allinmichael",
            "ISBN": "0802713394",
            "ISBN_cleaned": "0802713394",
            "publicationdate": "1998",
            "entry_stamp": "1234335056",
            "entry_date": "Feb 11, 2009",
            "copies": "1",
            "rating": 0,
            "language_main": "eng",
            "language_secondary": "",
            "language_original": "",
            "hasreview": "0",
            "dateacquired_stamp": "0",
            "dateacquired_date": "Dec 31, 1969",
            "cover": "http://ecx.images-amazon.com/images/P/0802713394.01._SCLZZZZZZZ_.jpg",
            "collections": {
                "1": "Your library"
            }
        },
        "79141967": {
            "book_id": "79141967",
            "title": "Ysabel",
            "author_lf": "Kay, Guy Gavriel",
            "author_fl": "Guy Gavriel Kay",
            "author_code": "kayguygavriel",
            "ISBN": "0143016695",
            "ISBN_cleaned": "0143016695",
            "publicationdate": "2007",
            "entry_stamp": "1318989423",
            "entry_date": "Oct 18, 2011",
            "copies": "1",
            "rating": 0,
            "language_main": "",
            "language_secondary": "",
            "language_original": "",
            "hasreview": "0",
            "dateacquired_stamp": "0",
            "dateacquired_date": "Dec 31, 1969",
            "cover": "http://ecx.images-amazon.com/images/P/0143016695.01._SCLZZZZZZZ_.jpg",
            "collections": {
                "1": "Your library",
                "156970": "Want to read"
            }
        },
        "3589685": {
            "book_id": "3589685",
            "title": "Your Safari Dragons: In Search of the Real Komodo Dragon",
            "author_lf": "White, Daniel",
            "author_fl": "Daniel White",
            "author_code": "whitedaniel",
            "ISBN": "1595940146",
            "ISBN_cleaned": "1595940146",
            "publicationdate": "2005",
            "entry_stamp": "1150337888",
            "entry_date": "Jun 14, 2006",
            "copies": "1",
            "rating": 4,
            "language_main": "eng",
            "language_secondary": "",
            "language_original": "",
            "hasreview": "0",
            "dateacquired_stamp": "0",
            "dateacquired_date": "Dec 31, 1969",
            "cover": "http://ecx.images-amazon.com/images/P/1595940146.01._SCLZZZZZZZ_.jpg",
            "tags": [null],
            "collections": {
                "1": "Your library"
            }
        },
        "118889688": {
            "book_id": "118889688",
            "title": "Young Frankenstein",
            "author_lf": "Wilder, Gene",
            "author_fl": "Gene Wilder",
            "author_code": "wildergene",
            "ISBN": "",
            "ISBN_cleaned": "",
            "publicationdate": "2006",
            "entry_stamp": "1433355867",
            "entry_date": "Jun 3, 2015",
            "copies": "1",
            "rating": 0,
            "language_main": "eng",
            "language_secondary": "",
            "language_original": "",
            "hasreview": "0",
            "dateacquired_stamp": "0",
            "dateacquired_date": "Dec 31, 1969",
            "cover": "http://pics.cdn.librarything.com/picsizes/bd/b6/bdb6561b310263459774d414141414141414141.jpg",
            "tags": ["bettercover"],
            "collections": []
        },
        "118889679": {
            "book_id": "118889679",
            "title": "Young Frankenstein",
            "author_lf": "",
            "author_fl": "",
            "author_code": "",
            "ISBN": "",
            "ISBN_cleaned": "",
            "publicationdate": "?",
            "entry_stamp": "1433355834",
            "entry_date": "Jun 3, 2015",
            "copies": "1",
            "rating": 0,
            "language_main": "eng",
            "language_secondary": "",
            "language_original": "",
            "hasreview": "0",
            "dateacquired_stamp": "0",
            "dateacquired_date": "Dec 31, 1969",
            "cover": "http://pics.cdn.librarything.com/picsizes/bd/b6/bdb6561b310263459774d414141414141414141.jpg",
            "tags": ["bettercover"],
            "collections": []
        },
        "465": {
            "book_id": "465",
            "title": "You just don't understand : women and men in conversation",
            "author_lf": "Tannen, Deborah",
            "author_fl": "Deborah Tannen",
            "author_code": "tannendeborah",
            "ISBN": "0345372050",
            "ISBN_cleaned": "0345372050",
            "publicationdate": "1990",
            "entry_stamp": "1213553289",
            "entry_date": "Jun 15, 2008",
            "copies": "1",
            "rating": 4,
            "language_main": "eng",
            "language_secondary": "",
            "language_original": "",
            "hasreview": "0",
            "dateacquired_stamp": "0",
            "dateacquired_date": "Dec 31, 1969",
            "cover": "http://ecx.images-amazon.com/images/P/0345372050.01._SCLZZZZZZZ_.jpg",
            "tags": ["psychology", "linguistics", "relationships"],
            "collections": {
                "1": "Your library"
            }
        },
        "47747605": {
            "book_id": "47747605",
            "title": "You Can Work Any Hundred Hours a Week You Want (In Your Underwear)!!: The History of Microcosm Publishing as Told to the Best of My Recollection",
            "author_lf": "Biel, Joe",
            "author_fl": "Joe Biel",
            "author_code": "bieljoe",
            "ISBN": "",
            "ISBN_cleaned": "",
            "publicationdate": "2006",
            "entry_stamp": "1247546283",
            "entry_date": "Jul 14, 2009",
            "copies": "1",
            "rating": 0,
            "language_main": "",
            "language_secondary": "",
            "language_original": "",
            "hasreview": "0",
            "dateacquired_stamp": "0",
            "dateacquired_date": "Dec 31, 1969",
            "cover": "http://pics.cdn.librarything.com/picsizes/0c/ab/0cab3e11336067e593053535641414141414141.jpg",
            "tags": ["diy", "zines", "librarything", "quimby's"],
            "collections": {
                "1": "Your library",
                "6012": "LibraryThing"
            }
        }
    }
}
