[
    {
        "_id": "55eb101fa0fbace4ea0e00c2",
        "index": 0,
        "guid": "ad99172f-d6e3-477e-8276-27533164088c",
        "isActive": true,
        "balance": "$3,414.21",
        "picture": "http://placehold.it/32x32",
        "age": 24,
        "eyeColor": "blue",
        "name": {
            "first": "Alyssa",
            "last": "Albert"
        },
        "company": "LIQUICOM",
        "email": "alyssa.albert@liquicom.us",
        "phone": "+1 (962) 491-2052",
        "address": "649 Powers Street, Diaperville, Palau, 2147",
        "about": "Ullamco ea aliqua ex magna ullamco labore occaecat officia. Dolor exercitation aliquip qui sit consequat duis. Veniam dolor do voluptate in ex. Voluptate ad et reprehenderit aliqua esse. Laboris commodo amet labore enim incididunt occaecat cupidatat aliqua enim pariatur velit laboris minim.",
        "registered": "Wednesday, November 26, 2014 8:50 PM",
        "latitude": "49.20323",
        "longitude": "-135.624813",
        "tags": ["enim", "laboris", "et", "ipsum", "eiusmod", "irure", "reprehenderit", "custom_tag"],
        "range": [0, 1, 2, 3, 4, 5, 6, 7, 8, 9],
        "friends": [
            {
                "id": 0,
                "name": "Liz Duke"
            },
            {
                "id": 1,
                "name": "Estes Beasley"
            },
            {
                "id": 2,
                "name": "Heath Mejia"
            }
        ],
        "greeting": "Hello, Alyssa! You have 7 unread messages.",
        "favoriteFruit": "strawberry"
    },
    {
        "_id": "55eb101fd65ddd579b6189bf",
        "index": 1,
        "guid": "e3adcce7-c3eb-45e6-8c13-c8004eb34374",
        "isActive": true,
        "balance": "$3,473.78",
        "picture": "http://placehold.it/32x32",
        "age": 20,
        "eyeColor": "blue",
        "name": {
            "first": "Marshall",
            "last": "Walsh"
        },
        "company": "GEEKFARM",
        "email": "marshall.walsh@geekfarm.me",
        "phone": "+1 (896) 421-2477",
        "address": "388 Sumner Place, Lopezo, New Mexico, 360",
        "about": "Qui excepteur irure occaecat ad qui cillum ea sunt duis irure. Sint labore ex fugiat Lorem veniam duis ut incididunt et ea do pariatur dolor. Ad culpa consequat pariatur ullamco minim cupidatat do laboris labore minim reprehenderit non officia. Officia duis veniam reprehenderit ut occaecat ut reprehenderit culpa dolor. Adipisicing veniam aute velit dolore tempor deserunt pariatur do dolor consectetur ea. Enim irure eiusmod aute nostrud Lorem labore ipsum veniam magna fugiat nisi. Nisi labore pariatur sunt do sint duis et aute nisi laborum aute.",
        "registered": "Saturday, November 22, 2014 4:39 AM",
        "latitude": "51.966557",
        "longitude": "42.458405",
        "tags": ["enim", "laboris", "et", "ipsum", "eiusmod", "irure", "reprehenderit", "custom_tag"],
        "range": [0, 1, 2, 3, 4, 5, 6, 7, 8, 9],
        "friends": [
            {
                "id": 0,
                "name": "Liz Duke"
            },
            {
                "id": 1,
                "name": "Estes Beasley"
            },
            {
                "id": 2,
                "name": "Heath Mejia"
            }
        ],
        "greeting": "Hello, Marshall! You have 9 unread messages.",
        "favoriteFruit": "banana"
    },
    {
        "_id": "55eb101f03957df4a0d0c5cc",
        "index": 2,
        "guid": "e5ae27c5-660c-4a24-ae65-10fb14d92f59",
        "isActive": true,
        "balance": "$3,036.72",
        "picture": "http://placehold.it/32x32",
        "age": 21,
        "eyeColor": "brown",
        "name": {
            "first": "Lynn",
            "last": "Hewitt"
        },
        "company": "LOTRON",
        "email": "lynn.hewitt@lotron.co.uk",
        "phone": "+1 (969) 412-3097",
        "address": "817 Garnet Street, Hardyville, Massachusetts, 3924",
        "about": "Deserunt reprehenderit fugiat non quis esse consequat aliquip ut adipisicing. Mollit nulla nisi Lorem pariatur laboris cupidatat nisi aute. Adipisicing adipisicing nostrud aliqua do ipsum mollit est deserunt enim ad. Enim voluptate reprehenderit eiusmod consequat sit est ea consequat irure exercitation ipsum.",
        "registered": "Tuesday, November 25, 2014 8:14 PM",
        "latitude": "27.384854",
        "longitude": "12.799411",
        "tags": ["enim", "laboris", "et", "ipsum", "eiusmod", "irure", "reprehenderit", "custom_tag"],
        "range": [0, 1, 2, 3, 4, 5, 6, 7, 8, 9],
        "friends": [
            {
                "id": 0,
                "name": "Liz Duke"
            },
            {
                "id": 1,
                "name": "Estes Beasley"
            },
            {
                "id": 2,
                "name": "Heath Mejia"
            }
        ],
        "greeting": "Hello, Lynn! You have 10 unread messages.",
        "favoriteFruit": "banana"
    },
    {
        "_id": "55eb101f97af28633c0c59ac",
        "index": 3,
        "guid": "a4c94947-a140-4ea7-a91d-3c436f39bdfd",
        "isActive": true,
        "balance": "$1,232.74",
        "picture": "http://placehold.it/32x32",
        "age": 31,
        "eyeColor": "blue",
        "name": {
            "first": "Tisha",
            "last": "James"
        },
        "company": "STREZZO",
        "email": "tisha.james@strezzo.com",
        "phone": "+1 (991) 443-3600",
        "address": "480 Hull Street, Gibbsville, Florida, 1822",
        "about": "Aliqua sit qui cillum laborum pariatur qui magna culpa laborum officia. Ex tempor anim culpa adipisicing commodo ea anim aute ad amet minim magna. Anim ut fugiat magna excepteur Lorem. Consectetur aute tempor ullamco dolor ex ut laborum quis tempor proident id aute amet veniam.",
        "registered": "Sunday, January 18, 2015 6:32 PM",
        "latitude": "53.402216",
        "longitude": "39.033769",
        "tags": ["enim", "laboris", "et", "ipsum", "eiusmod", "irure", "reprehenderit", "custom_tag"],
        "range": [0, 1, 2, 3, 4, 5, 6, 7, 8, 9],
        "friends": [
            {
                "id": 0,
                "name": "Liz Duke"
            },
            {
                "id": 1,
                "name": "Estes Beasley"
            },
            {
                "id": 2,
                "name": "Heath Mejia"
            }
        ],
        "greeting": "Hello, Tisha! You have 6 unread messages.",
        "favoriteFruit": "banana"
    },
    {
        "_id": "55eb1020a59f62d7ca439f0b",
        "index": 4,
        "guid": "bebe97dd-7344-4918-a034-ed8e83ef7df1",
        "isActive": true,
        "balance": "$1,634.91",
        "picture": "http://placehold.it/32x32",
        "age": 34,
        "eyeColor": "green",
        "name": {
            "first": "Taylor",
            "last": "Bird"
        },
        "company": "STELAECOR",
        "email": "taylor.bird@stelaecor.biz",
        "phone": "+1 (852) 590-3488",
        "address": "989 Micieli Place, Glenbrook, Hawaii, 6804",
        "about": "Non do eu in officia Lorem duis est eu et non. Incididunt proident officia amet ipsum elit exercitation cupidatat esse pariatur non dolore. Magna ullamco commodo nisi irure in. Do exercitation laborum voluptate minim sint sunt proident. Esse qui deserunt et qui sit ut ullamco officia.",
        "registered": "Monday, January 26, 2015 3:45 AM",
        "latitude": "41.381236",
        "longitude": "-118.456272",
        "tags": ["enim", "laboris", "et", "ipsum", "eiusmod", "irure", "reprehenderit", "custom_tag"],
        "range": [0, 1, 2, 3, 4, 5, 6, 7, 8, 9],
        "friends": [
            {
                "id": 0,
                "name": "Liz Duke"
            },
            {
                "id": 1,
                "name": "Estes Beasley"
            },
            {
                "id": 2,
                "name": "Heath Mejia"
            }
        ],
        "greeting": "Hello, Taylor! You have 9 unread messages.",
        "favoriteFruit": "banana"
    }
]
