<?xml version="1.0" encoding="ISO-8859-1"?>
<project xmlns="http://maven.apache.org/DECORATION/1.8.0" xmlns:xsi="http://www.w3.org/2001/XMLSchema-instance"
  xsi:schemaLocation="http://maven.apache.org/DECORATION/1.8.0 https://maven.apache.org/xsd/decoration-1.8.0.xsd"
      name="LangGraph4j">
    
    <skin>
        <groupId>org.apache.maven.skins</groupId>
        <artifactId>maven-fluido-skin</artifactId>
        <version>2.0.0-M11</version>
    </skin>

    <custom>
        <fluidoSkin>
            <sideBarEnabled>true</sideBarEnabled>
        </fluidoSkin>
    </custom>

    <bannerLeft>
        <!-- <name>LangGraph4j</name> -->
        <href>/</href>
        <src>langgraph4j.png</src>
    </bannerLeft>

    <bannerRight>
    </bannerRight>
    <body>

        <head>
            <!--
            Workaround by https://shred.zone/cilla/page/431/fluido-skin-and-markdown-syntax-highlighting.html
            -->
            <![CDATA[<script type="text/javascript">
                    $(document).ready(function () {
                        $(".language-java").addClass("prettyprint");
                        prettyPrint();
                    });
            </script>]]>
        </head>

        <menu name="Modules">
            <item name="Core" href="core/langgraph4j-core/index.html"/>
            <item name="Langchain4j integration" href="langchain4j/langgraph4j-langchain4j/index.html"/>
            <item name="Langchain4j Agent Executor" href="agent-executor/langgraph4j-agent-executor/index.html"/>
            <item name="Spring AI integration" href="spring-ai/langgraph4j-spring-ai/index.html"/>
            <item name="Spring AI Agent Executor" href="spring-ai-agent/langgraph4j-springai-agentexecutor/index.html"/>
            <item name="Studio" href="studio/base/studio/langgraph4j-studio/index.html"/>
            <item name="Builder" href="https://langgraph4j.github.io/langgraph4j-builder/"/>
        </menu>
        <menu name="References">
            <item name="How To(s)" href="how-tos/langgraph4j-howtos/index.html"/>
            <item name="JavaDocs" href="apidocs/index.html"/>
        </menu>
    </body>
</project>
