<?xml version="1.0" encoding="UTF-8"?>
<databaseChangeLog
        xmlns:xsi="http://www.w3.org/2001/XMLSchema-instance"
        xmlns="http://www.liquibase.org/xml/ns/dbchangelog"
        xsi:schemaLocation="http://www.liquibase.org/xml/ns/dbchangelog
                      http://www.liquibase.org/xml/ns/dbchangelog/dbchangelog-4.9.xsd"
        objectQuotingStrategy="QUOTE_ONLY_RESERVED_WORDS">
    <changeSet id="1697708034037-1" author="test" runOnChange="true">
        <preConditions onFail="MARK_RAN">
            <not>
                <tableExists tableName="RISESOFT_DEMO_TIPS"/>
            </not>
        </preConditions>
        <createTable remarks="提示详情" tableName="RISESOFT_DEMO_TIPS">
            <column name="ID" remarks="主键" type="VARCHAR(38)">
                <constraints nullable="false" primaryKey="true"/>
            </column>
            <column name="USER_ID" remarks="人员主键" type="VARCHAR(50)"/>
            <column name="MESSAGE" remarks="提示详情" type="VARCHAR(1000)"/>
            <column name="LINK" remarks="链接地址" type="VARCHAR(500)"/> 
             <column name="CREATE_TIME" remarks="创建时间" type="datetime"/>
        </createTable>
    </changeSet> 
     <changeSet id="1697701085071-2" author="test" runOnChange="true">
        <preConditions onFail="MARK_RAN">
            <not>
                <tableExists tableName="RISESOFT_DEMO_USER"/>
            </not>
        </preConditions>
        <createTable remarks="人员表" tableName="RISESOFT_DEMO_USER">
            <column name="user_id" remarks="UUID字段" type="VARCHAR(38)">
                <constraints nullable="false" primaryKey="true"/>
            </column>
           
            <column name="USER_NAME" remarks="名称" type="VARCHAR(30)"/>
            <column name="USER_AGE" remarks="年龄" type="INT"> 
            </column>
            <column name="USER_SEX" remarks="性别" type="VARCHAR(10)"/>
            <column name="USER_BIRTH" remarks="出生年月" type="date"/>
            
            <column name="COUNTRY" remarks="居住国家" type="VARCHAR(255)"/>
            <column name="USER_EDUCATION" remarks="教育" type="VARCHAR(255)"/>
            <column name="USER_MOBILE" remarks="电话" type="VARCHAR(255)"/>
            <column name="HOME_PHONE" remarks="家庭电话" type="VARCHAR(255)"/>
             <column name="CREATE_TIME" remarks="创建时间" type="datetime"/>
        </createTable>
    </changeSet>   
    
    
    <changeSet id="1697708034037-9" author="shidaobang" runOnChange="true">
        <preConditions onFail="MARK_RAN">
            <not>
                <tableExists tableName="Y9_COMMON_TENANT"/>
            </not>
        </preConditions>
        <createTable remarks="租户信息表" tableName="Y9_COMMON_TENANT">
            <column name="ID" remarks="主键id" type="VARCHAR(38)">
                <constraints nullable="false" primaryKey="true"/>
            </column>
            <column name="CREATE_TIME" remarks="创建时间" type="datetime"/>
            <column name="UPDATE_TIME" remarks="更新时间" type="datetime"/>
            <column name="DEFAULT_DATA_SOURCE_ID" remarks="默认的租户数据源id，对应Y9_COMMON_DATASOURCE表的id字段"
                    type="VARCHAR(38)"/>
            <column name="DESCRIPTION" remarks="描述" type="VARCHAR(255)"/>
            <column defaultValueNumeric="1" name="ENABLED" remarks="是否启用" type="INT">
                <constraints nullable="false"/>
            </column>
            <column name="FOOTER" remarks="门户页尾显示信息" type="VARCHAR(150)"/>
            <column name="GUID_PATH" remarks="由ID组成的父子关系列表，之间用逗号分隔" type="VARCHAR(800)"/>
            <column name="LOGO_ICON" remarks="租户logo" type="VARCHAR(255)"/>
            <column name="NAME" remarks="租户中文名称" type="VARCHAR(200)">
                <constraints nullable="false" unique="true"/>
            </column>
            <column name="NAME_PATH" remarks="由shortName组成的父子关系列表，之间用逗号分隔" type="VARCHAR(800)"/>
            <column name="PARENT_ID" remarks="父节点id" type="VARCHAR(38)"/>
            <column name="SHORT_NAME" remarks="租户英文名称" type="VARCHAR(200)">
                <constraints nullable="false" unique="true"/>
            </column>
            <column name="TAB_INDEX" remarks="排序号" type="INT">
                <constraints nullable="false"/>
            </column>
            <column name="TENANT_TYPE" remarks="租户类型： 0=超级用户，1=运维团队，2=开发商，3=普通租户" type="INT">
                <constraints nullable="false"/>
            </column>
        </createTable>
    </changeSet>
    <changeSet id="1697708034037-4" author="shidaobang" runOnChange="true">
        <preConditions onFail="MARK_RAN">
            <not>
                <tableExists tableName="Y9_COMMON_DATASOURCE"/>
            </not>
        </preConditions>
        <createTable remarks="数据源基本信息表" tableName="Y9_COMMON_DATASOURCE">
            <column name="ID" remarks="主键" type="VARCHAR(38)">
                <constraints nullable="false" primaryKey="true"/>
            </column>
            <column name="CREATE_TIME" remarks="创建时间" type="datetime"/>
            <column name="UPDATE_TIME" remarks="更新时间" type="datetime"/>
            <column name="DRIVER" remarks="驱动" type="VARCHAR(100)"/>
            <column name="INITIAL_SIZE" remarks="数据库初始化大小" type="INT"/>
            <column name="JNDI_NAME" remarks="数据源名称" type="VARCHAR(100)">
                <constraints nullable="false"/>
            </column>
            <column name="MAX_ACTIVE" remarks="参数maxActive" type="INT"/>
            <column name="MIN_IDLE" remarks="参数minIdle" type="INT"/>
            <column name="PASSWORD" remarks="密码" type="VARCHAR(20)"/>
            <column name="TYPE" remarks="数据源类型1=jndi; 2=druid" type="INT">
                <constraints nullable="false"/>
            </column>
            <column name="URL" remarks="路径" type="VARCHAR(300)"/>
            <column name="USERNAME" remarks="用户名" type="VARCHAR(50)"/>
        </createTable>
    </changeSet>
    
    <changeSet id="1697708034037-8" author="shidaobang" runOnChange="true">
        <preConditions onFail="MARK_RAN">
            <not>
                <tableExists tableName="Y9_COMMON_SYSTEM"/>
            </not>
        </preConditions>
        <createTable remarks="系统信息表" tableName="Y9_COMMON_SYSTEM">
            <column name="ID" remarks="主键" type="VARCHAR(38)">
                <constraints nullable="false" primaryKey="true"/>
            </column>
            <column name="CREATE_TIME" remarks="创建时间" type="datetime"/>
            <column name="UPDATE_TIME" remarks="更新时间" type="datetime"/>
            <column defaultValueNumeric="0" name="AUTO_INIT" remarks="是否自动租用系统" type="INT">
                <constraints nullable="false"/>
            </column>
            <column name="CN_NAME" remarks="系统中文名称" type="VARCHAR(50)">
                <constraints nullable="false"/>
            </column>
            <column name="CONTEXT_PATH" remarks="系统程序上下文" type="VARCHAR(50)"/>
            <column name="DESCRIPTION" remarks="描述" type="VARCHAR(255)"/>
            <column defaultValueNumeric="1" name="ENABLED" remarks="是否启用" type="INT"/>
            <column name="ISV_GUID" remarks="开发商GUID" type="VARCHAR(38)"/>
            <column name="NAME" remarks="系统名称" type="VARCHAR(50)">
                <constraints nullable="false" unique="true"/>
            </column>
            <column defaultValueNumeric="0" name="SINGE_DATASOURCE" remarks="是否启用独立数据源" type="INT">
                <constraints nullable="false"/>
            </column>
            <column name="TAB_INDEX" remarks="排序" type="INT">
                <constraints nullable="false"/>
            </column>
        </createTable>
    </changeSet>
    
    <changeSet id="1697708034037-11" author="shidaobang" runOnChange="true">
        <preConditions onFail="MARK_RAN">
            <not>
                <tableExists tableName="Y9_COMMON_TENANT_SYSTEM"/>
            </not>
        </preConditions>
        <createTable remarks="租户系统表" tableName="Y9_COMMON_TENANT_SYSTEM">
            <column name="ID" remarks="主键id" type="VARCHAR(38)">
                <constraints nullable="false" primaryKey="true"/>
            </column>
            <column name="CREATE_TIME" remarks="创建时间" type="datetime"/>
            <column name="UPDATE_TIME" remarks="更新时间" type="datetime"/>
            <column defaultValueNumeric="0" name="INITIALIZED" remarks="租户数据已经初始化" type="INT">
                <constraints nullable="false"/>
            </column>
            <column name="SYSTEM_ID" remarks="系统id" type="VARCHAR(38)">
                <constraints nullable="false"/>
            </column>
            <column name="TENANT_DATA_SOURCE" remarks="数据源id" type="VARCHAR(38)">
                <constraints nullable="false"/>
            </column>
            <column name="TENANT_ID" remarks="租户id" type="VARCHAR(38)">
                <constraints nullable="false"/>
            </column>
        </createTable>
    </changeSet>
    
     <changeSet id="1697701085071-1" author="test" runOnChange="true">
        <preConditions onFail="MARK_RAN">
            <not>
                <tableExists tableName="RISESOFT_DEMO_USER"/>
            </not>
        </preConditions>
        <createTable remarks="人员表" tableName="RISESOFT_DEMO_USER">
            <column name="user_id" remarks="UUID字段" type="VARCHAR(38)">
                <constraints nullable="false" primaryKey="true"/>
            </column>
           
            <column name="USER_NAME" remarks="名称" type="VARCHAR(30)"/>
            <column name="USER_AGE" remarks="年龄" type="INT"> 
            </column>
            <column name="USER_SEX" remarks="性别" type="VARCHAR(10)"/>
            <column name="USER_BIRTH" remarks="出生年月" type="date"/>
            
            <column name="COUNTRY" remarks="居住国家" type="VARCHAR(255)"/>
            <column name="USER_EDUCATION" remarks="教育" type="VARCHAR(255)"/>
            <column name="USER_MOBILE" remarks="电话" type="VARCHAR(255)"/>
            <column name="HOME_PHONE" remarks="家庭电话" type="VARCHAR(255)"/>
             <column name="CREATE_TIME" remarks="创建时间" type="datetime"/>
        </createTable>
    </changeSet>   
    
    
</databaseChangeLog>