{
    "/bangumi/play/ep260416/": "[P001]1 弹指一挥间：中国全方位崛起.json",
    "/bangumi/play/ep260697/": "[P002]2 一出国就爱国.json",
    "/bangumi/play/ep261025/": "[P003]3 防止盲人摸象.json",
    "/bangumi/play/ep261791/": "[P004]4 中国不寻常的崛起.json",
    "/bangumi/play/ep262474/": "[P005]5 把中国的事说清楚.json",
    "/bangumi/play/ep262774/": "[P006]6 文明型国家（一）.json",
    "/bangumi/play/ep263109/": "[P007]7 文明型国家（二）.json",
    "/bangumi/play/ep264305/": "[P008]8 谈谈中国模式（一）.json",
    "/bangumi/play/ep264722/": "[P009]9 谈谈中国模式（二）.json",
    "/bangumi/play/ep265132/": "[P010]10 民主模式的国际比较.json",
    "/bangumi/play/ep266248/": "[P011]11 好民主才是人民之福.json",
    "/bangumi/play/ep267424/": "[P012]12 谈谈人权.json",
    "/bangumi/play/ep268792/": "[P013]13 “普世价值”面临的困境.json",
    "/bangumi/play/ep269602/": "[P014]14 震撼世界的中国工业革命.json",
    "/bangumi/play/ep270361/": "[P015]15 “一带一路”：机遇和未来.json",
    "/bangumi/play/ep270944/": "[P016]16 解构“西方中心论”（一）.json",
    "/bangumi/play/ep271315/": "[P017]17 解构“西方中心论”（二）.json",
    "/bangumi/play/ep272063/": "[P018]18 从领先到落伍到赶超.json",
    "/bangumi/play/ep272587/": "[P019]19 中国是如何实现和平崛起的.json",
    "/bangumi/play/ep273469/": "[P020]20 小议中美贸易战.json",
    "/bangumi/play/ep274447/": "[P021]21 中国人的爱国主义.json",
    "/bangumi/play/ep274740/": "[P022]22 “历史终结论”的终结.json",
    "/bangumi/play/ep275913/": "[P023]23 从英国“脱欧”看西方制度困境.json",
    "/bangumi/play/ep276487/": "[P024]24 国际视野下的中国共产党.json",
    "/bangumi/play/ep277227/": "[P025]25 比较中国梦和美国梦.json",
    "/bangumi/play/ep278470/": "[P026]26 中国是如何突破依附体系的.json",
    "/bangumi/play/ep279061/": "[P027]27 中国突破依附体系的意义.json",
    "/bangumi/play/ep279898/": "[P028]28 苏联是如何解体的.json",
    "/bangumi/play/ep280662/": "[P029]29 给西方民主把把脉.json",
    "/bangumi/play/ep281061/": "[P030]30 为什么“阿拉伯之春”变成“阿拉伯之冬”.json",
    "/bangumi/play/ep281463/": "[P031]31 市场原教旨主义行不通.json",
    "/bangumi/play/ep281994/": "[P032]32 中国是国家资本主义吗.json",
    "/bangumi/play/ep283070/": "[P033]33 可能影响世界的中国理念（一）.json",
    "/bangumi/play/ep283817/": "[P034]34 可能影响世界的中国理念（二）.json",
    "/bangumi/play/ep284181/": "[P035]35 香港局势：自助者天助之.json",
    "/bangumi/play/ep286577/": "[P036]36 开天辟地新中国.json",
    "/bangumi/play/ep287670/": "[P037]37 中国脱贫惠及世界.json",
    "/bangumi/play/ep288545/": "[P038]38 可能影响世界的中国理念（三）.json",
    "/bangumi/play/ep292603/": "[P039]39 谈谈文化自信.json",
    "/bangumi/play/ep293297/": "[P040]40 中国文化走出去.json",
    "/bangumi/play/ep299882/": "[P041]41 台湾民主问题.json",
    "/bangumi/play/ep301215/": "[P042]42 谈谈言论自由.json",
    "/bangumi/play/ep304388/": "[P043]43 中国：组织起来的力量.json",
    "/bangumi/play/ep304601/": "[P044]44 全面小康-14亿人的成功.json",
    "/bangumi/play/ep304602/": "[P045]45 世界观察：印度发展面临的挑战.json",
    "/bangumi/play/ep304603/": "[P046]46 中国抗疫的世界意义.json",
    "/bangumi/play/ep304604/": "[P047]47 防控中的经济保卫战.json",
    "/bangumi/play/ep304605/": "[P048]48 我们亚洲：共建亚洲命运共同体.json",
    "/bangumi/play/ep316421/": "[P049]49 全球抗疫中的中国担当.json",
    "/bangumi/play/ep316832/": "[P050]50 中国抗疫中的科技力量.json",
    "/bangumi/play/ep317295/": "[P051]51 疫情背后西方的傲慢与偏见.json",
    "/bangumi/play/ep318578/": "[P052]52 中国人的政道智慧.json",
    "/bangumi/play/ep319045/": "[P053]53 百年未有之大变局.json",
    "/bangumi/play/ep320499/": "[P054]54 从长征开始的建国、强国道路.json",
    "/bangumi/play/ep322752/": "[P055]55 世界各国看待中国的不同眼光.json",
    "/bangumi/play/ep325046/": "[P056]56 疫情下的底线思维.json",
    "/bangumi/play/ep325671/": "[P057]57 这就是民主.json",
    "/bangumi/play/ep326085/": "[P058]58 探索新型民主.json",
    "/bangumi/play/ep327622/": "[P059]59 谈谈中国的人民民主.json",
    "/bangumi/play/ep327685/": "[P060]60 捍卫和平的力量.json",
    "/bangumi/play/ep328293/": "[P061]61 美国：抗疫失败的背后.json",
    "/bangumi/play/ep329199/": "[P062]62 谈谈战略思维.json",
    "/bangumi/play/ep330077/": "[P063]63 中国心胜.json",
    "/bangumi/play/ep331131/": "[P064]64 香港明天会更好.json",
    "/bangumi/play/ep331841/": "[P065]65 美国乱局剖析.json",
    "/bangumi/play/ep332630/": "[P066]66 美国的多重危机.json",
    "/bangumi/play/ep333719/": "[P067]67 西方对抗疫的反思.json",
    "/bangumi/play/ep334282/": "[P068]68 谈谈中国新基建.json",
    "/bangumi/play/ep334641/": "[P069]69 变局中的中国策.json",
    "/bangumi/play/ep336245/": "[P070]70 百年未有之大变局（下）.json",
    "/bangumi/play/ep336771/": "[P071]71 民调看民主.json",
    "/bangumi/play/ep337325/": "[P072]72 反击西方偏见.json",
    "/bangumi/play/ep338455/": "[P073]73 西进西进.json",
    "/bangumi/play/ep339771/": "[P074]74 中美新冷战？.json",
    "/bangumi/play/ep343493/": "[P075]75 新的思想解放.json",
    "/bangumi/play/ep347605/": "[P076]76 中国北斗创新前行.json",
    "/bangumi/play/ep350462/": "[P077]77 回望伟大的抗美援朝.json",
    "/bangumi/play/ep355332/": "[P078]78 美国“宪政危机.json",
    "/bangumi/play/ep359250/": "[P079]79 关注台海局势.json",
    "/bangumi/play/ep363789/": "[P080]80 接轨与不接轨.json",
    "/bangumi/play/ep365904/": "[P081]81 “中国崩溃论”的崩溃.json",
    "/bangumi/play/ep368747/": "[P082]82 RCEP：世界向东方倾斜.json",
    "/bangumi/play/ep370136/": "[P083]83 而立浦东正风帆.json",
    "/bangumi/play/ep371593/": "[P084]84 对话斯蒂格利茨.json",
    "/bangumi/play/ep373036/": "[P085]85 中国五年规划的力量.json",
    "/bangumi/play/ep375014/": "[P086]86 心胜2020.json",
    "/bangumi/play/ep377608/": "[P087]87 世界睁眼看中国.json",
    "/bangumi/play/ep378431/": "[P088]88 中美关系将何去何从.json",
    "/bangumi/play/ep378939/": "[P089]89 席卷西方的民粹主义.json",
    "/bangumi/play/ep380974/": "[P090]90 对西方的双重标准说不.json",
    "/bangumi/play/ep388213/": "[P091]91 看清虚伪的美国人权.json",
    "/bangumi/play/ep388203/": "[P092]92 一场客观的中西方对话.json",
    "/bangumi/play/ep388204/": "[P093]93 走生态文明之路.json",
    "/bangumi/play/ep388206/": "[P094]94 西方媒体的信誉危机.json",
    "/bangumi/play/ep388207/": "[P095]95 欧洲与中美关系.json",
    "/bangumi/play/ep388208/": "[P096]96 一场里程碑式的对话.json",
    "/bangumi/play/ep388209/": "[P097]97 呼吸机上的资本主义.json",
    "/bangumi/play/ep388210/": "[P098]98 亚洲的智慧.json",
    "/bangumi/play/ep388211/": "[P099]99 中医药造福人民.json",
    "/bangumi/play/ep388212/": "[P100]100 如何讲好中国政治故事.json",
    "/bangumi/play/ep407351/": "[P101]101 问苍茫大地 谁主沉浮.json",
    "/bangumi/play/ep407796/": "[P102]102 决定中国当代命运的关键一招.json",
    "/bangumi/play/ep408089/": "[P103]103 一个光荣而不朽的名字.json",
    "/bangumi/play/ep409900/": "[P104]104 别了，南斯拉夫！.json",
    "/bangumi/play/ep411729/": "[P105]105 人间正道是沧桑.json",
    "/bangumi/play/ep413352/": "[P106]106 台湾“病重”.json",
    "/bangumi/play/ep414861/": "[P107]107 新中国的外交政策.json",
    "/bangumi/play/ep415572/": "[P108]108 中国特色的大国外交.json",
    "/bangumi/play/ep415985/": "[P109]109 中美天津唇枪舌剑.json",
    "/bangumi/play/ep416715/": "[P110]110 美国的排名游戏.json",
    "/bangumi/play/ep417268/": "[P111]111 如何防止西方的话语忽悠.json",
    "/bangumi/play/ep419563/": "[P112]112 让中国话语体系走向世界.json",
    "/bangumi/play/ep422541/": "[P113]113 美国在阿富汗的溃败.json",
    "/bangumi/play/ep424197/": "[P114]114 中国古代之谜.json",
    "/bangumi/play/ep425215/": "[P115]115 中国古村落的保护.json",
    "/bangumi/play/ep425821/": "[P116]116 新疆是个好地方.json",
    "/bangumi/play/ep426332/": "[P117]117 国际比较中讲好新疆故事.json",
    "/bangumi/play/ep427055/": "[P118]118 中国与非洲.json",
    "/bangumi/play/ep427868/": "[P119]119 孟晚舟归来.json",
    "/bangumi/play/ep429817/": "[P120]120 讲好普通中国人的故事.json",
    "/bangumi/play/ep430933/": "[P121]121 伊斯兰世界关注中国.json",
    "/bangumi/play/ep432262/": "[P122]122 美国反华还有什么牌.json",
    "/bangumi/play/ep433616/": "[P123]123 中国必须要统一.json",
    "/bangumi/play/ep436357/": "[P124]124 美式反恐  越反越恐.json",
    "/bangumi/play/ep440112/": "[P125]125 傲慢的英国尝到了苦头.json",
    "/bangumi/play/ep448901/": "[P126]126 条条大路通中国.json",
    "/bangumi/play/ep450728/": "[P127]127 国际社会关注六中全会.json",
    "/bangumi/play/ep457597/": "[P128]128 迈向共同富裕.json",
    "/bangumi/play/ep460055/": "[P129]129 世界民主峰会 喜剧还是闹剧.json",
    "/bangumi/play/ep466857/": "[P130]130 西方民主出了什么问题.json",
    "/bangumi/play/ep468272/": "[P131]131 哈萨克斯坦的“颜色革命”.json",
    "/bangumi/play/ep470381/": "[P132]132 科学革命的密码.json",
    "/bangumi/play/ep471059/": "[P133]133 美国的党争.json",
    "/bangumi/play/ep472150/": "[P134]134 扑朔迷离的乌克兰局势.json",
    "/bangumi/play/ep472709/": "[P135]135 拜登执政一周年.json",
    "/bangumi/play/ep473868/": "[P136]136  “后西方时代”与“后美国时代”.json",
    "/bangumi/play/ep474513/": "[P137]137 中东外交新突破.json",
    "/bangumi/play/ep475419/": "[P138]138 乌克兰冲突再议.json",
    "/bangumi/play/ep479266/": "[P139]139 从“美国军工复合体”说起.json",
    "/bangumi/play/ep509039/": "[P140]140 俄乌冲突中的网络信息战.json",
    "/bangumi/play/ep510128/": "[P141]141 从普京的演讲说开去.json",
    "/bangumi/play/ep511388/": "[P142]142 疑云重重的美国生物实验室.json",
    "/bangumi/play/ep512348/": "[P143]143 中西方的又一次理性对话.json",
    "/bangumi/play/ep514294/": "[P144]144 《这就是中国》走向世界.json",
    "/bangumi/play/ep515393/": "[P145]145 俄罗斯的大彻大悟.json",
    "/bangumi/play/ep516310/": "[P146]146 欧洲的危机与失落.json",
    "/bangumi/play/ep517644/": "[P147]147 从精神上站立起来.json",
    "/bangumi/play/ep519398/": "[P148]148 “颜色革命”是如何摧毁乌克兰的.json",
    "/bangumi/play/ep563720/": "[P149]149 美国“后院”的造反.json",
    "/bangumi/play/ep598560/": "[P150]150 俄乌冲突与国际秩序变革.json",
    "/bangumi/play/ep624591/": "[P151]151 与印度学者的对话.json",
    "/bangumi/play/ep652851/": "[P152]152 对话外国驻港记者.json",
    "/bangumi/play/ep668839/": "[P153]153 致敬人民军队：从“党指挥枪”到“军魂”塑造.json",
    "/bangumi/play/ep669898/": "[P154]154 美元霸权的危机.json",
    "/bangumi/play/ep670917/": "[P155]155 “文明型国家”与全球政治叙事.json",
    "/bangumi/play/ep672261/": "[P156]156 非西方世界的觉醒.json",
    "/bangumi/play/ep674185/": "[P157]157 祖国统一进入快车道.json",
    "/bangumi/play/ep675672/": "[P158]158 美国也要搞“一带一路”？.json",
    "/bangumi/play/ep678781/": "[P159]159 谈谈GDP.json",
    "/bangumi/play/ep681629/": "[P160]160 西方争辩“文明型国家”.json",
    "/bangumi/play/ep684790/": "[P161]161 中国航空航天 创新前行.json",
    "/bangumi/play/ep689194/": "[P162]162 自信的中国精神力量和话语力量.json",
    "/bangumi/play/ep692231/": "[P163]163 聚焦二十大：情怀与担当.json",
    "/bangumi/play/ep693493/": "[P164]164 聚焦二十大：世界热议“中国式现代化”.json",
    "/bangumi/play/ep700223/": "[P165]165 聚焦二十大：迈向共同富裕.json",
    "/bangumi/play/ep702225/": "[P166]166 聚焦二十大：中国引领全球汽车革命.json",
    "/bangumi/play/ep703980/": "[P167]167 美式民主的制度困境.json",
    "/bangumi/play/ep706585/": "[P168]168 举世瞩目的中美元首会晤.json",
    "/bangumi/play/ep709310/": "[P169]169 中越关系新发展.json",
    "/bangumi/play/ep718919/": "[P170]170 世界进入“觉醒年代”.json",
    "/bangumi/play/ep731885/": "[P171]171 谈谈高质量发展.json",
    "/bangumi/play/ep733634/": "[P172]172 阿拉伯世界拥抱中国.json",
    "/bangumi/play/ep734656/": "[P173]173 中国民主的优势在哪里.json",
    "/bangumi/play/ep735704/": "[P174]174 欧洲何去何从.json",
    "/bangumi/play/ep736197/": "[P175]175 中国经济的复苏.json",
    "/bangumi/play/ep736738/": "[P176]176 “文明型国家”颠覆了什么.json",
    "/bangumi/play/ep737611/": "[P177]177 中国软实力的崛起.json",
    "/bangumi/play/ep739899/": "[P178]178 全球瞩目的两会.json",
    "/bangumi/play/ep741435/": "[P179]179 从“北溪”事件谈起.json",
    "/bangumi/play/ep742802/": "[P180]180 长三角一体化的全球意义.json",
    "/bangumi/play/ep743655/": "[P181]181 “金主”如何操纵民主.json",
    "/bangumi/play/ep744860/": "[P182]182 “到中国去！”.json",
    "/bangumi/play/ep746000/": "[P183]183 “全球瞩目的中俄峰会！”.json",
    "/bangumi/play/ep747192/": "[P184]184 从美欧银行危机谈起.json",
    "/bangumi/play/ep748626/": "[P185]185 我们质疑美国.json",
    "/bangumi/play/ep749972/": "[P186]186 平视西方的一代.json",
    "/bangumi/play/ep750939/": "[P187]187 世界变了.json",
    "/bangumi/play/ep752168/": "[P188]188  “去美元化”大潮.json",
    "/bangumi/play/ep752929/": "[P189]189 向“台独”亮剑，加速统一进程.json",
    "/bangumi/play/ep756357/": "[P190]190 中美关系新特点.json",
    "/bangumi/play/ep758252/": "[P191]191 “蓝厅”到“世界会客厅”中国式现代化的全球意义.json",
    "/bangumi/play/ep761434/": "[P192]192 对话“全球南方”学者.json",
    "/bangumi/play/ep762989/": "[P193]193 中国产业链的定力.json",
    "/bangumi/play/ep764155/": "[P194]194 从抗美援朝胜利到国防工业的飞跃发展.json",
    "/bangumi/play/ep765650/": "[P195]195 促进人权的中国智慧.json",
    "/bangumi/play/ep766930/": "[P196]196 人类智能时代从中华文明中汲取智慧.json",
    "/bangumi/play/ep768013/": "[P197]197 超大规模人口的现代化.json",
    "/bangumi/play/ep769780/": "[P198]198 西方 正视现实吧.json",
    "/bangumi/play/ep771899/": "[P199]199 中华文明就像一颗恒星.json",
    "/bangumi/play/ep773635/": "[P200]200 “一带一路”改变世界.json",
    "/bangumi/play/ep775029/": "[P201]201 世界进入大争之世.json",
    "/bangumi/play/ep776238/": "[P202]202 新疆的现代化之路.json",
    "/bangumi/play/ep778481/": "[P203]203 中国外交从万隆会议到金砖峰会.json",
    "/bangumi/play/ep779632/": "[P204]204 南非归来话“南方”.json",
    "/bangumi/play/ep780367/": "[P205]205 东进，东进，我们的铁军.json",
    "/bangumi/play/ep780956/": "[P206]206 从华为的“遥遥领先”说起.json",
    "/bangumi/play/ep783400/": "[P207]207 中国引领的全球绿色革命.json",
    "/bangumi/play/ep785454/": "[P208]208 从苏联解体到中国崛起.json",
    "/bangumi/play/ep787403/": "[P209]209 巴以冲突的全球影响.json",
    "/bangumi/play/ep788956/": "[P210]210 “一带一路”推进世界的现代化.json",
    "/bangumi/play/ep790186/": "[P211]211 世界乱局与西方的制度.json",
    "/bangumi/play/ep791064/": "[P212]212 中国-东盟，迈向命运共同体.json",
    "/bangumi/play/ep800013/": "[P213]213 中美旧金山峰会的意义.json",
    "/bangumi/play/ep807144/": "[P214]214 从香山论坛看全球安全风云.json",
    "/bangumi/play/ep810366/": "[P215]215 中国和平的中流砥柱.json",
    "/bangumi/play/ep811389/": "[P216]216 国际时局与国防自信.json",
    "/bangumi/play/ep812138/": "[P217]217 如何重新确立我们的审美权.json",
    "/bangumi/play/ep812879/": "[P218]218 谈谈台湾地区“大选”.json",
    "/bangumi/play/ep813964/": "[P219]219 东方之美：谈谈中国人的审美自信.json",
    "/bangumi/play/ep815261/": "[P220]220 何以中国·何以政治文明.json",
    "/bangumi/play/ep815777/": "[P221]221 再谈“中国经济崩溃论”的崩溃.json",
    "/bangumi/play/ep816504/": "[P222]222 让中国学回到中国.json",
    "/bangumi/play/ep817183/": "[P223]223 数字经济重塑中国.json",
    "/bangumi/play/ep818105/": "[P224]224 特朗普能否卷土重来.json",
    "/bangumi/play/ep818757/": "[P225]225 红海行动 何去何从？.json",
    "/bangumi/play/ep819171/": "[P226]226 金门事件与加速祖国统一.json",
    "/bangumi/play/ep819560/": "[P227]227 美国是否会分裂.json",
    "/bangumi/play/ep819965/": "[P228]228 一个演讲引起的反响.json",
    "/bangumi/play/ep820273/": "[P229]229 西方霸权体系的瓦解.json",
    "/bangumi/play/ep822963/": "[P230]230 社会主义与文明再造.json",
    "/bangumi/play/ep823233/": "[P231]231 外国学者激辩中美关系.json",
    "/bangumi/play/ep823600/": "[P232]232 波音危机带来的思考.json",
    "/bangumi/play/ep824119/": "[P233]233 何谓共赢 何谓共输 从亚洲看欧洲.json",
    "/bangumi/play/ep824644/": "[P234]234 华侨旗帜 民族光辉.json",
    "/bangumi/play/ep825593/": "[P235]235 海外华人的故事.json",
    "/bangumi/play/ep826270/": "[P236]236 懂点中医，大有益处.json",
    "/bangumi/play/ep826798/": "[P237]237 中医药现代化.json",
    "/bangumi/play/ep827737/": "[P238]238 共建伟大的中华民族共同体.json",
    "/bangumi/play/ep828577/": "[P239]239 团结友爱 坚强如钢.json",
    "/bangumi/play/ep829508/": "[P240]240 走出国门谈祖国统一.json",
    "/bangumi/play/ep830282/": "[P241]241 中国优秀文化传统中的政治智慧.json",
    "/bangumi/play/ep830880/": "[P242]242 全球关注三中全会.json",
    "/bangumi/play/ep831570/": "[P243]243 从“中国热”到“中国模式热”.json",
    "/bangumi/play/ep832091/": "[P244]244 来自“全球南方”的智慧.json",
    "/bangumi/play/ep833006/": "[P245]245 来自圣彼得堡的全球思考.json",
    "/bangumi/play/ep833491/": "[P246]246 美国军事霸权正迅速丧失.json",
    "/bangumi/play/ep833931/": "[P247]247 难忘的红色岁月.json",
    "/bangumi/play/ep834316/": "[P248]248 巴黎奥运会的中国风.json",
    "/bangumi/play/ep834977/": "[P249]249 美国总统选举观察.json",
    "/bangumi/play/ep836515/": "[P250]250 对北约“亚太化”说NO.json",
    "/bangumi/play/ep838608/": "[P251]251 中国人生活水平的国际比较.json",
    "/bangumi/play/ep840469/": "[P252]252 勇往直前的中国年轻人.json",
    "/bangumi/play/ep1111723/": "[P253]253 从舟曲涅槃看西部振兴.json",
    "/bangumi/play/ep1112334/": "[P254]254 中国科技的跨越式发展：我们做对了什么.json",
    "/bangumi/play/ep1113194/": "[P255]255 对话希腊前财长：再议欧洲的未来.json",
    "/bangumi/play/ep1113872/": "[P256]256 枕戈待旦、迈向统一.json",
    "/bangumi/play/ep1114477/": "[P257]257 回望金砖峰会.json",
    "/bangumi/play/ep1115141/": "[P258]258 从特朗普当选看美国政治大变局.json",
    "/bangumi/play/ep1176384/": "[P259]259 天灾人祸与制度之争.json",
    "/bangumi/play/ep1186418/": "[P260]260 在日内瓦辩论 中国因素与美国问题.json",
    "/bangumi/play/ep1199014/": "[P261]261 从美国学者的激辩说起.json",
    "/bangumi/play/ep1214907/": "[P262]262 对话希腊前财长谈谈资本主义的未来.json",
    "/bangumi/play/ep1227357/": "[P263]263 美国的“政权更迭”.json",
    "/bangumi/play/ep1340213/": "[P264]264 人民城市让生活更美好.json",
    "/bangumi/play/ep1361209/": "[P265]265 震撼世界的中国能源转型.json",
    "/bangumi/play/ep1373594/": "[P266]266 运河：从历史走进新时代.json",
    "/bangumi/play/ep1405201/": "[P267]267 德国乱、法国乱、韩国乱，西方模式怎么了？.json",
    "/bangumi/play/ep1427465/": "[P268]268 中国强势反制裁.json",
    "/bangumi/play/ep1447975/": "[P269]269 拉美的“中国时刻”.json",
    "/bangumi/play/ep1461793/": "[P270]270 西方制度的封建性.json",
    "/bangumi/play/ep1473432/": "[P271]271 中国崛起 从梦想到现实.json",
    "/bangumi/play/ep1487937/": "[P272]272 “洋悟”运动：中美民众大对账.json",
    "/bangumi/play/ep1503848/": "[P273]273 DeepSeek震撼.json",
    "/bangumi/play/ep1518267/": "[P274]274 特朗普政府2.0.json",
    "/bangumi/play/ep1531328/": "[P275]275 历史大潮中的“中学西渐”.json",
    "/bangumi/play/ep1549325/": "[P276]276 乌克兰从“棋子”到“弃子”.json",
    "/bangumi/play/ep1567802/": "[P277]277 欧洲的“至暗时刻”.json",
    "/bangumi/play/ep1590688/": "[P278]278 如何正确认识全球民粹主义.json",
    "/bangumi/play/ep1618707/": "[P279]279 中美关税战：从美国优先到美国没落.json"
}