{
  "note": "this file is a copy of the BEiT model config, not used directly",
  "architectures": [
    "BeitForImageClassification"
  ],
  "url": "https://huggingface.co/microsoft/beit-base-patch16-224-pt22k-ft22k/raw/main/config.json",
  "attention_probs_dropout_prob": 0.0,
  "drop_path_rate": 0.1,
  "hidden_act": "gelu",
  "hidden_dropout_prob": 0.0,
  "hidden_size": 768,
  "image_size": 224,
  "initializer_range": 0.02,
  "intermediate_size": 3072,
  "layer_norm_eps": 1e-12,
  "layer_scale_init_value": 0.1,
  "model_type": "beit",
  "num_attention_heads": 12,
  "num_channels": 3,
  "num_hidden_layers": 12,
  "patch_size": 16,
  "torch_dtype": "float32",
  "transformers_version": "4.11.0.dev0",
  "use_absolute_position_embeddings": false,
  "use_mask_token": false,
  "use_mean_pooling": true,
  "use_relative_position_bias": true,
  "use_shared_relative_position_bias": false,
  "vocab_size": 8192
}
