<?xml version="1.0"?>
<!--
  ~  OmegaT - Computer Assisted Translation (CAT) tool
  ~           with fuzzy matching, translation memory, keyword search,
  ~           glossaries, and translation leveraging into updated projects.
  ~
  ~  Copyright (C) 2023 Hiroshi Miura
  ~                Home page: https://www.omegat.org/
  ~                Support center: https://omegat.org/support
  ~
  ~  This file is part of OmegaT.
  ~
  ~  OmegaT is free software: you can redistribute it and/or modify
  ~  it under the terms of the GNU General Public License as published by
  ~  the Free Software Foundation, either version 3 of the License, or
  ~  (at your option) any later version.
  ~
  ~  OmegaT is distributed in the hope that it will be useful,
  ~  but WITHOUT ANY WARRANTY; without even the implied warranty of
  ~  MERCHANTABILITY or FITNESS FOR A PARTICULAR PURPOSE.  See the
  ~  GNU General Public License for more details.
  ~
  ~  You should have received a copy of the GNU General Public License
  ~  along with this program.  If not, see <https://www.gnu.org/licenses/>.
  -->

<!DOCTYPE suppressions PUBLIC
     "-//Checkstyle//DTD SuppressionFilter Configuration 1.0//EN"
     "https://checkstyle.org/dtds/suppressions_1_0.dtd">

<suppressions>

    <!-- Permanently suppress errors/warnings -->
    
    <!-- tests -->
    <suppress files="TestCore\.java" checks="MethodLength"/>
    <suppress checks="(MethodName|MemberName|OperatorWrap)" files=".*Test\.java"/>
    <suppress files="(TestFilterBase|TmxComplianceBase|FilterMasterTest)\.java" checks="(HiddenField|ParameterNumber)"/>
    <suppress files="AutoTmxTest\.java" checks="InnerAssignment"/>
    <suppress files="(CLIParameters|WordPredictor|JsonParser|POFilter)Test\.java"
              checks="AvoidNestedBlocks"/>
    <!-- expectation string lengthy -->
    <suppress files="ResourceBundleFilterTest\.java" checks="LineLength" lines="221"/>
    <suppress files="GlossarySearcherTest\.java" checks="LineLength" lines="118"/>
    <suppress files="MatchesVarExpansionTest\.java" checks="LineLength" lines="163"/>
    <suppress files="MoodlePHPFilterTest\.java" checks="LineLength" lines="55"/>
    <suppress files="MozillaDTDFilterTest\.java" checks="LineLength" lines="66"/>
    <suppress files="MozillaFTLFilterTest\.java" checks="LineLength" lines="63"/>
    <!-- avoid deprecated API imports in deprecated test -->
    <suppress files="XMLStreamReaderTest\.java" checks="(AvoidStarImport|InnerAssignment)"/>

    <!-- interfaces -->
    <!-- Keep names for compatibility -->
    <suppress files="(IParseCallback|TestingParseCallback)\.java" checks="ParameterNumber"/>
    <suppress checks="TypeName" files="IProjectEventListener\.java" lines="35"/>

    <!-- ignore Auto generated source files -->
    <!-- These files are generated by NetBeans GUI editor -->
    <suppress checks="(LineLength|WhitespaceAround)"
            files="(StatisticsWindow|AlignFilePicker|AlignPanel|EditingPanel|AlignMenuFrame|FilterBarSearch|EditingBehaviorPanel)\.java"/>
    <suppress files=".*(Dialog|Panel|Pane|Form|Frame)\.java"
              checks="(DesignForExtension|LineLength|MagicNumber|MemberName|WhitespaceAround)"/>
    <suppress files=".*Filter\.java"
              checks="(DesignForExtension|MagicNumber)"/>
    <suppress checks="WhitespaceAround"
            files="(AlignFilePicker|InstanceEditor|CreateGlossaryEntry|NewTeamProject|FilenamePatternsEditor|FilterEditor|SegmentPropertiesListCell|FilterBarReplace|ProjectFilesList)\.java"/>
    <suppress checks="ParameterNumber" files="EntryListPane\.java" lines="304"/>
    <suppress checks="LineLength" files="(CreateGlossaryEntry|FilterBarReplace|FilterEditor|InstanceEditor|NewTeamProject|ProjectFilesList)\.java"/>

    <!-- Suppress for readability -->
    <suppress files="PluginInformation\.java" checks="NeedBraces" lines="190-250"/>
    <!-- core/data/* -->
    <suppress checks="ParameterNumber" files="PluginInformation\.java" lines="60"/>
    <suppress checks="ParameterNumber" files="ParseEntry\.java" lines="130-150,200-277"/>
    <suppress checks="ParameterNumber" files="ExternalTMFactory\.java" lines="270-290"/>
    <suppress checks="(ParameterNumber|FileLength)" files="RealProject\.java"/>

    <!-- util/Platform -->
    <suppress files="Platform\.java" checks="ConstantName" lines="61-85"/>
    <!-- util/Preferences -->
    <suppress files="Preferences\.java" checks="LineLength" lines="197"/>
    <!-- util/xml -->
    <suppress checks="(EmptyBlock|MethodLength)" files="XMLStreamReader\.java"/>
    <!-- util -->
    <suppress checks="InnerAssignment" files="TagUtil\.java"/>
    <suppress checks="InnerAssignment" files="VarExpansion\.java" lines="108"/>
    <suppress checks="ConstantName" files="UIDesignManager\.java" lines="83,85,336,338"/>
    <suppress checks="(ParameterNumber|MissingSwitchDefault|MethodLength|TypeName)" files="TMX(Reader|Writer)2\.java"/>
    <suppress checks="MethodLength" files="SegmentationCustomizerController\.java"/>
    <suppress checks="MethodLength" files="DefaultFlatTheme\.java"/>

    <!-- Old code which uses m_* style field names -->
    <suppress checks="MemberName" files="(ProjectFileList|PreferencesImpl|SourceEntryText)\.java"/>
    <suppress checks="MemberName" files="(RichScriptEditor|ScriptSet|ScriptsMonitor|StandardScriptEditor)\.java"/>

    <!-- Old code violates style rule -->
    <suppress files="CLIParameters\.java" checks="TypeName"/>
    <suppress files="LanguageTool(NetworkBridge|ConfigurationController)\.java" checks="EmptyBlock"/>
    <suppress files="(BidiUtils|Java8Compat|MagicComment|JnaLoader)\.java" checks="HideUtilityClassConstructor"/>
    <suppress files="JTextPaneLinkifier\.java" checks="EmptyBlock"/>
    <suppress files="RepositoriesMappingController\.java:" checks="MethodLength"/>
    <suppress files="EditorSettings\.java" checks="ParameterNumber" lines="525"/>
    <suppress files="PreferencesWindowController\.java" checks="MethodLength"/>
    <suppress files="MatchesVarExpansion\.java" checks="InnerAssignment"/>
    <suppress files="EditorTextArea3\.java" checks="MethodLength"/>
    <suppress files="AutoCompleter\.java" checks="EmptyStatement"/>
    <suppress files="RepositoriesMappingController\.java" checks="MethodLength"/>
    <suppress files="InstanceEditor\.java" checks="ParameterNumber"/>
    <suppress files="EditorController\.java" checks="FileLength"/>
    <suppress files="ProjectUICommands\.java" checks="MethodLength"/>
    <suppress files="ProjectFilesListController\.java" checks="MethodLength"/>
    <suppress files="BaseMainWindowMenu\.java" checks="MethodLength"/>

    <!-- Temporary suppress errors -->
    <!-- These errors should be fixed in future changes -->

    <suppress files="PreferencesImpl\.java" checks="MemberName" lines="53-60"/>

    <!-- SearchResultEntry.java -->
    <suppress checks="(MemberName|MissingSwitchDefault|ParameterNumber)" files="SearchResultEntry\.java"/>

    <suppress files="StaticUtils\.java" checks="EmptyStatement" lines="158,162,549"/>
    <suppress files="StaticUtils\.java" checks="LineLength" lines="715"/>
    <suppress files="PatternConsts\.java" checks="LineLength" lines="50,259,294"/>

    <!-- repository -->
    <suppress checks="(ConstantName|OperatorWrap)" files="GITCredentialProvider\.java" lines="89,90,91,94,95"/>
    <suppress checks="MemberName" files="SVNAuthenticationManager\.java" lines="236"/>
    <suppress files="FileRepository\.java" checks="StaticVariableName" lines="49"/>

    <!-- GITExternalGpgSigner: ignore because the class will be deprecated in OmegaT 6.2.0 -->
    <suppress files="GITExternalGpgSigner\.java" checks="ConstantName"/>

    <!-- Searcher -->
    <suppress files="Searcher\.java" checks="ParameterNumber"/>

    <!-- matching -->
    <suppress files="NearString\.java" checks="TypeName" lines="50-70"/>
    <suppress files="NearString\.java" checks="ParameterNumber"/>

    <!-- Aligner, AlignFilePickerController, AlignPanelController -->
    <suppress files="Aligner\.java" checks="ParameterNumber"/>
    <suppress files="AlignPanelController\.java" checks="MethodLength|FileLength"/>

    <!-- machinetranslators -->
    <suppress checks="(DesignForExtension|MagicNumber|MemberName|HideUtilityClassConstructor)"
              files="(Apertium|DeepL|YandexCloud|Google2|IBMWatson|MyMemory)Translate\.java"/>

    <!-- spellchecker -->
    <suppress checks="(LineLength|OperatorWrap)" files="SpellcheckerConfigurationController\.java"/>

    <!-- filters/master -->
    <suppress checks="MissingSwitchDefault" files="(OneFilter|Filters)TableModel\.java"/>

    <!-- filters -->
    <suppress checks="MethodLength" files="FilterVisitor\.java"/>
    <suppress checks="MethodLength" files="PoFilter\.java"/>
    <suppress checks="(TypeName|MissingSwitchDefault)" files="srtFilter\.java" lines="55,102"/>
    <suppress checks="TypeName" files="XLIFFOptions\.java" lines="67"/>
    <suppress files="CamtasiaWindowsDialect\.java" checks="MethodLength" lines="44"/>
    <suppress files="Entry\.java" checks="MethodLength"/>

    <!-- filters4 -->
    <!-- There are tons of errors in filters4 that are contributed from stax-filter -->
    <!-- Suppress it specifically the error lines. When someone, hopefully by original author  -->
    <!-- changes, it should be resolved. -->
    <suppress files="OpenXmlFilter\.java" checks="MethodLength" lines="300-310"/>
    <suppress files="MsOfficeFileFilter\.java" checks="(MemberName|OperatorWrap)" lines="49,50,190"/>
    <suppress files="SdlXliff\.java" checks="MemberName" lines="62,105,106,107"/>

    <!-- missing javadoc: temporary global suppression  -->
    <suppress checks="(DesignForExtension|MagicNumber)"
              files=".*"/>

</suppressions>

