{
    "description": "Global Service Logging Duplicated",
    "rationale": "Global service logging is enabled in multiple Trails. While this does not jeopardize the security of the environment, duplicated entries in logs increase the difficulty to investigate potential incidents.",
    "references": [
        "https://docs.aws.amazon.com/awscloudtrail/latest/userguide/cloudtrail-concepts.html#cloudtrail-concepts-global-service-events"
    ],
    "dashboard_name": "Configurations",
    "path": "cloudtrail.regions.id.trails.id",
    "conditions": [
        "and",
        [
            "cloudtrail.DuplicatedGlobalServiceEvents",
            "true",
            ""
        ],
        [
            "this",
            "withKey",
            "IncludeGlobalServiceEvents"
        ],
        [
            "IncludeGlobalServiceEvents",
            "true",
            ""
        ],
        [
            "IsLogging",
            "true",
            ""
        ]
    ],
    "id_suffix": "IncludeGlobalServiceEvents"
}
