{
    "description": "CloudTrail Service Not Configured",
    "rationale": "CloudTrail is not configured, which means that API activity is not logged.",
    "references": [
        "https://docs.aws.amazon.com/awscloudtrail/latest/userguide/best-practices-security.html"
    ],
    "dashboard_name": "Regions",
    "path": "cloudtrail.regions.id",
    "conditions": [
        "and",
        [
            "trails_count",
            "equal",
            "0"
        ]
    ],
    "id_suffix": "NotConfigured"
}
