{
    "description": "Global Service Logging Disabled",
    "rationale": "API activity for global services such as IAM and STS is not logged. Investigation of incidents will be incomplete due to the lack of information.",
    "references": [
        "https://docs.aws.amazon.com/awscloudtrail/latest/userguide/cloudtrail-concepts.html#cloudtrail-concepts-global-service-events"
    ],
    "dashboard_name": "Configurations",
    "path": "cloudtrail.regions.id.trails.id",
    "conditions": [
        "and",
        [
            "cloudtrail.IncludeGlobalServiceEvents",
            "false",
            ""
        ],
        [
            "this",
            "withKey",
            "IncludeGlobalServiceEvents"
        ]
    ],
    "id_suffix": "IncludeGlobalServiceEvents"
}
