{
    "description": "Unused Security Group",
    "rationale": " Non-default security groups were defined which were unused and may not be required. This being the case, their existence in the configuration increases the risk that they may be inappropriately assigned. The unused security groups should be reviewed and removed if no longer required.",
    "references": [
        "https://docs.aws.amazon.com/vpc/latest/userguide/VPC_SecurityGroups.html"
    ],
    "dashboard_name": "Security groups",
    "path": "ec2.regions.id.vpcs.id.security_groups.id",
    "conditions": [
        "and",
        [
            "ec2.regions.id.vpcs.id.security_groups.id.",
            "withoutKey",
            "used_by"
        ],
        [
            "ec2.regions.id.vpcs.id.security_groups.id.name",
            "notEqual",
            "default"
        ]
    ]
}
