{
    "description": "Security Group Opens All Ports",
    "rationale": "It was detected that all ports in the security group are open, which creates a wider attack surface for resources assigned to it. Open ports should be reduced to the minimum needed to correctly operate.",
    "dashboard_name": "Rules",
    "display_path": "ec2.regions.id.vpcs.id.security_groups.id",
    "path": "ec2.regions.id.vpcs.id.security_groups.id.rules.id.protocols.id.ports.id",
    "conditions": [
        "and",
        [
            "_INCLUDE_(conditions/security-group-opens-all-ports.json)",
            "",
            ""
        ]
    ]
}