{
    "description": "Security Group Opens _ARG_0_ Port to All",
    "rationale": "The security group was found to be exposing a well-known port to all source addresses. Well-known ports are commonly probed by automated scanning tools, and could be an indicator of sensitive services exposed to Internet. If such services need to be exposed, a restriction on the source address could help to reduce the attack surface of the infrastructure.",
    "remediation": "Remove the inbound rules that expose open ports",
    "compliance": [
        {
            "name": "CIS Amazon Web Services Foundations",
            "version": "1.0.0",
            "reference": "4.1"
        },
        {
            "name": "CIS Amazon Web Services Foundations",
            "version": "1.0.0",
            "reference": "4.2"
        },
        {
            "name": "CIS Amazon Web Services Foundations",
            "version": "1.1.0",
            "reference": "4.1"
        },
        {
            "name": "CIS Amazon Web Services Foundations",
            "version": "1.1.0",
            "reference": "4.2"
        },
        {
            "name": "CIS Amazon Web Services Foundations",
            "version": "1.2.0",
            "reference": "4.1"
        },
        {
            "name": "CIS Amazon Web Services Foundations",
            "version": "1.2.0",
            "reference": "4.2"
        }
    ],
    "dashboard_name": "Rules",
    "display_path": "ec2.regions.id.vpcs.id.security_groups.id",
    "path": "ec2.regions.id.vpcs.id.security_groups.id.rules.id.protocols.id.ports.id.cidrs.id.CIDR",
    "conditions": [
        "and",
        [
            "_INCLUDE_(conditions/cidr-is-all.json)",
            "",
            ""
        ],
        [
            "ec2.regions.id.vpcs.id.security_groups.id.rules.id",
            "equal",
            "ingress"
        ],
        [
            "ec2.regions.id.vpcs.id.security_groups.id.rules.id.protocols.id",
            "equal",
            "_ARG_1_"
        ],
        [
            "ec2.regions.id.vpcs.id.security_groups.id.rules.id.protocols.id.ports.id",
            "equal",
            "_ARG_2_"
        ]
    ],
    "key": "ec2-security-group-opens-_ARG_0_-port-to-all",
    "arg_names": [
        "Network protocol name",
        "Transport protocol name",
        "Port number"
    ]
}