{
    "description": "Security Group Whitelists Unknown CIDRs",
    "rationale": "This configuration goes against organizational policies.",
    "dashboard_name": "Rules",
    "display_path": "ec2.regions.id.vpcs.id.security_groups.id",
    "path": "ec2.regions.id.vpcs.id.security_groups.id.rules.id.protocols.id.ports.id.cidrs.id.CIDR",
    "conditions": [
        "and",
        [
            "this",
            "notEqual",
            "0.0.0.0/0"
        ],
        [
            "this",
            "notEqual",
            "::/0"
        ],
        [
            "this",
            "notInSubnets",
            "_IP_RANGES_FROM_FILE_(aws/ip-ranges/aws.json, [])"
        ],
        [
            "this",
            "notInSubnets",
            "_IP_RANGES_FROM_FILE_(ip-ranges-from-args, [])"
        ],
        [
            "_INCLUDE_(conditions/ip-not-in-private-space.json)",
            "",
            ""
        ]
    ]
}