{
    "description": "Unrestricted Network Traffic within Security Group",
    "rationale": "This configuration goes against organizational policies.",
    "dashboard_name": "Rules",
    "display_path": "ec2.regions.id.vpcs.id.security_groups.id",
    "path": "ec2.regions.id.vpcs.id.security_groups.id.rules.id.protocols.id.ports.id.security_groups.id",
    "conditions": [
        "and",
        [
            "_INCLUDE_(conditions/security-group-opens-all-ports.json)",
            "",
            ""
        ],
        [
            "ec2.regions.id.vpcs.id.security_groups.id.rules.id.protocols.id.ports.id.security_groups.id.GroupId",
            "equal",
            "_GET_VALUE_AT_(ec2.regions.id.vpcs.id.security_groups.id)"
        ]
    ]
}