{
    "description": "Potential Secret in Instance User Data",
    "rationale": "It was detected that the EC2 instance was configured with user data, which could potentially include secrets. Although user data can only be accessed from within the instance itself, the data is not protected by cryptographic methods. Anyone who can access the instance can view its metadata. It should therefore be ensured that sensitive data, such as passwords and SSH keys, are not stored as user data.",
    "references": [
        "https://docs.aws.amazon.com/AWSEC2/latest/UserGuide/ec2-instance-metadata.html"
    ],
    "dashboard_name": "Instances",
    "path": "ec2.regions.id.vpcs.id.instances.id",
    "conditions": [
        "and",
        [
            "ec2.regions.id.vpcs.id.instances.id.user_data_secrets",
            "notEmpty",
            ""
        ]
    ],
    "id_suffix": "potential_secrets"
}
