{
    "description": "Security Group Opens _ARG_0_ Port to All",
    "rationale": "The security group was found to be exposing a port to all source addresses. Ports are commonly probed by automated scanning tools, and could be an indicator of sensitive services exposed to Internet. If such services need to be exposed, a restriction on the source address could help to reduce the attack surface of the infrastructure.",
    "dashboard_name": "Rules",
    "display_path": "ec2.regions.id.vpcs.id.security_groups.id",
    "path": "ec2.regions.id.vpcs.id.security_groups.id.rules.id.protocols.id.ports.id.cidrs.id.CIDR",
    "conditions": [
        "and",
        [
            "_INCLUDE_(conditions/cidr-is-all.json)",
            "",
            ""
        ],
        [
            "ec2.regions.id.vpcs.id.security_groups.id.rules.id",
            "equal",
            "ingress"
        ],
        [
            "ec2.regions.id.vpcs.id.security_groups.id.rules.id.protocols.id",
            "equal",
            "_ARG_0_"
        ],
        [
            "ec2.regions.id.vpcs.id.security_groups.id.rules.id.protocols.id.ports.id",
            "containNoneOf",
            [
                "22",
                "80",
                "443",
                "1433",
                "1521",
                "3306",
                "3389",
                "5432",
                "27017"
            ]
        ]
    ],
    "key": "ec2-security-group-opens-_ARG_0_-port-to-all",
    "arg_names": [
        "Network transport protocol"
    ]
}