{
    "description": "Use of _ARG_0_ Instances",
    "rationale": "Policies dictate _ARG_0_ EC2 instances should not be used in this environment",
    "references": [
        "https://aws.amazon.com/ec2/instance-types/"
    ],
    "dashboard_name": "Instances",
    "path": "ec2.regions.id.vpcs.id.instances.id",
    "conditions": [
        "and",
        [
            "InstanceType",
            "containAtLeastOneOf",
            "_ARG_1_"
        ]
    ],
    "key": "ec2-instance-type-_STRIPDOTS_(_ARG_0_)",
    "arg_names": [
        "Display name of types of instances",
        "Type of EC2 instances that may not be used."
    ]
}
