{
    "description": "Use of _ARG_0_ Instances",
    "rationale": "Policies dictate EC2 instances of type _ARG_0_ should not be used in this environment",
    "references": [
        "https://aws.amazon.com/ec2/instance-types/"
    ],
    "dashboard_name": "Instances",
    "path": "ec2.regions.id.vpcs.id.instances.id",
    "conditions": [
        "and",
        [
            "InstanceType",
            "equal",
            "_ARG_0_"
        ]
    ],
    "key": "ec2-instance-type-_STRIPDOTS_(_ARG_0_)",
    "arg_names": [
        "Type of EC2 instance (e.g. t2.micro)"
    ]
}
