{
    "description": "Load Balancer Allowing Clear Text (HTTP) Communication",
    "rationale": "Use of a secure protocol (HTTPS or SSL) is best practice for encrypted communication. A load balancer without a listener using an encrypted protocol can be vulnerable to eavesdropping and man-in-the-middle attacks.",
    "references": [
        "https://docs.aws.amazon.com/elasticloadbalancing/latest/classic/elb-listener-config.html"
    ],
    "dashboard_name": "Load Balancer Listeners",
    "display_path": "elb.regions.id.vpcs.id.elbs.id",
    "path": "elb.regions.id.vpcs.id.elbs.id.listeners.id",
    "conditions": [
        "and",
        [
            "elb.regions.id.vpcs.id.elbs.id.listeners.id.Protocol",
            "containNoneOf",
            [
                "HTTPS",
                "SSL"
            ]
        ]
    ]
}
