{
    "description": "Older SSL/TLS Policy",
    "rationale": "Use of the latest TLS policies is best practice. The recommended predefined security policies are:<ul><li>ELBSecurityPolicy-2016-08</li><li>ELBSecurityPolicy-FS-2018-06</li><li>ELBSecurityPolicy-TLS-1-1-2017-01</li><li>ELBSecurityPolicy-TLS-1-2-2017-01</li><li>ELBSecurityPolicy-TLS-1-2-Ext-2018-06</li><li>ELBSecurityPolicy-FS-1-1-2019-08</li><li>ELBSecurityPolicy-FS-1-2-2019-08</li><li>ELBSecurityPolicy-FS-1-2-Res-2019-08</li></ul>",
    "references": [
        "https://docs.aws.amazon.com/elasticloadbalancing/latest/application/create-https-listener.html#describe-ssl-policies"
    ],
    "dashboard_name": "Load Balancer Listeners",
    "display_path": "elbv2.regions.id.vpcs.id.lbs.id",
    "path": "elbv2.regions.id.vpcs.id.lbs.id.listeners.id.SslPolicy",
    "conditions": [
        "and",
        [
            "this",
            "containNoneOf",
            [
                "ELBSecurityPolicy-2016-08",
                "ELBSecurityPolicy-TLS-1-1-2017-01",
                "ELBSecurityPolicy-TLS-1-2-2017-01",
                "ELBSecurityPolicy-TLS-1-2-Ext-2018-06",
                "ELBSecurityPolicy-FS-2018-06",
                "ELBSecurityPolicy-FS-1-1-2019-08",
                "ELBSecurityPolicy-FS-1-2-2019-08",
                "ELBSecurityPolicy-FS-1-2-Res-2019-08"
            ]
        ]
    ]
}
