{
    "description": "Minimum Password Length Too Short",
    "rationale": "The password policy did not enforce a minimum of _ARG_0_ characters. As a result, password complexity requirements were not in line with security best practice.",
    "remediation": "Ensure the password policy is configured to require a minimum length",
    "compliance": [
        {
            "name": "CIS Amazon Web Services Foundations",
            "version": "1.0.0",
            "reference": "1.9"
        },
        {
            "name": "CIS Amazon Web Services Foundations",
            "version": "1.1.0",
            "reference": "1.9"
        },
        {
            "name": "CIS Amazon Web Services Foundations",
            "version": "1.2.0",
            "reference": "1.9"
        }
    ],
    "references": [
        "https://docs.aws.amazon.com/securityhub/latest/userguide/securityhub-cis-controls.html#securityhub-cis-controls-1.9"
    ],
    "dashboard_name": "Password policy",
    "path": "iam.password_policy.MinimumPasswordLength",
    "conditions": [
        "or",
        [
            "this",
            "lessThan",
            "_ARG_0_"
        ]
    ],
    "arg_names": [
        "Minimum password length"
    ]
}
