{
    "description": "Password Policy Lacks Symbol Requirement",
    "rationale": "The password policy did not require the use of at least one special character. As a result, password complexity requirements were not in line with security best practice.",
    "remediation": "Ensure the password policy is configured to require at least one symbol",
    "compliance": [
        {
            "name": "CIS Amazon Web Services Foundations",
            "version": "1.0.0",
            "reference": "1.7"
        },
        {
            "name": "CIS Amazon Web Services Foundations",
            "version": "1.1.0",
            "reference": "1.7"
        },
        {
            "name": "CIS Amazon Web Services Foundations",
            "version": "1.2.0",
            "reference": "1.7"
        }
    ],
    "references": [
        "https://docs.aws.amazon.com/securityhub/latest/userguide/securityhub-cis-controls.html#securityhub-cis-controls-1.7"
    ],
    "dashboard_name": "Password policy",
    "path": "iam.password_policy.RequireSymbols",
    "conditions": [
        "or",
        [
            "this",
            "false",
            ""
        ]
    ]
}
