{
    "description": "User with _ARG_0_ Policies",
    "rationale": "The user was found to be attached to inline policies. This can increase the complexity in user and policy management, and increase the risk of the user being assigned or retaining excessive permissions.",
    "remediation": "Ensure IAM policies are only attached to groups or roles",
    "compliance": [
        {
            "name": "CIS Amazon Web Services Foundations",
            "version": "1.0.0",
            "reference": "1.15"
        },
        {
            "name": "CIS Amazon Web Services Foundations",
            "version": "1.1.0",
            "reference": "1.16"
        },
        {
            "name": "CIS Amazon Web Services Foundations",
            "version": "1.2.0",
            "reference": "1.16"
        }
    ],
    "dashboard_name": "Users",
    "path": "iam.users.id",
    "conditions": [
        "and",
        [
            "iam.users.id.",
            "withKey",
            "_ARG_1_"
        ],
        [
            "iam.users.id._ARG_1_",
            "notEmpty",
            ""
        ]
    ],
    "key": "iam-user-with-_ARG_0_-policies",
    "arg_names": [
        "Type of policy",
        "Path to policies"
    ],
    "id_suffix": "_ARG_1_"
}