{
    "description": "Passwords Expire after _ARG_0_ Days",
    "rationale": "Password expiration is disabled, or expiration time is set to a too high value. As a result, compromised credentials could be used by potential attackers for a larger period of time. Periodic password change enforced with an appropriate password expiration policy could help to mitigate this issue.",
    "remediation": "Enable password expiration and set the expiration period to 90 days or less",
    "compliance": [
        {
            "name": "CIS Amazon Web Services Foundations",
            "version": "1.0.0",
            "reference": "1.11"
        },
        {
            "name": "CIS Amazon Web Services Foundations",
            "version": "1.1.0",
            "reference": "1.11"
        },
        {
            "name": "CIS Amazon Web Services Foundations",
            "version": "1.2.0",
            "reference": "1.11"
        }
    ],
    "references": [
        "https://docs.aws.amazon.com/securityhub/latest/userguide/securityhub-cis-controls.html#securityhub-cis-controls-1.11"
    ],
    "dashboard_name": "Password policy",
    "display_path": "iam.password_policy.MaxPasswordAge",
    "path": "iam.password_policy",
    "conditions": [
        "or",
        [
            "iam.password_policy.ExpirePasswords",
            "false",
            ""
        ],
        [
            "iam.password_policy.MaxPasswordAge",
            "moreThan",
            "_ARG_0_"
        ]
    ],
    "arg_names": [
        "Maximum password age"
    ],
    "id_suffix": "MaxPasswordAge"
}
