{
    "description": "Lack of Key Rotation for (_ARG_0_) Days",
    "rationale": "In case of access key compromise, the lack of credential rotation increases the period during which an attacker has access to the AWS account.",
    "remediation": "Rotate access keys that have not been changed recently",
    "compliance": [
        {
            "name": "CIS Amazon Web Services Foundations",
            "version": "1.0.0",
            "reference": "1.4"
        },
        {
            "name": "CIS Amazon Web Services Foundations",
            "version": "1.1.0",
            "reference": "1.4"
        },
        {
            "name": "CIS Amazon Web Services Foundations",
            "version": "1.2.0",
            "reference": "1.4"
        }
    ],
    "references": [
        "https://docs.aws.amazon.com/IAM/latest/UserGuide/best-practices.html#rotate-credentials"
    ],
    "dashboard_name": "Access keys",
    "display_path": "iam.users.id",
    "path": "iam.users.id.AccessKeys.id",
    "conditions": [
        "and",
        [
            "iam.users.id.AccessKeys.id.Status",
            "equal",
            "_ARG_0_"
        ],
        [
            "iam.users.id.AccessKeys.id.CreateDate",
            "olderThan",
            [
                "_ARG_1_",
                "days"
            ]
        ]
    ],
    "key": "iam-user-no-_ARG_0_-key-rotation.json",
    "arg_names": [
        "Key status",
        "Rotation period"
    ]
}
