{
    "description": "User without MFA",
    "rationale": "All IAM users should have MFA. MFA adds an extra layer of protection on top of a user name and password. With MFA enabled, when a user signs in to an AWS website, they're prompted for their user name and password and for an authentication code from their AWS MFA device.",
    "remediation": "Enable MFA for all users in the AWS account",
    "compliance": [
        {
            "name": "CIS Amazon Web Services Foundations",
            "version": "1.0.0",
            "reference": "1.2"
        },
        {
            "name": "CIS Amazon Web Services Foundations",
            "version": "1.1.0",
            "reference": "1.2"
        },
        {
            "name": "CIS Amazon Web Services Foundations",
            "version": "1.2.0",
            "reference": "1.2"
        }
    ],
    "references": [
        "https://docs.aws.amazon.com/IAM/latest/UserGuide/best-practices.html#enable-mfa-for-privileged-users"
    ],
    "dashboard_name": "Users",
    "path": "iam.users.id",
    "conditions": [
        "and",
        [
            "iam.users.id.",
            "withKey",
            "LoginProfile"
        ],
        [
            "iam.users.id.MFADevices",
            "empty",
            ""
        ]
    ],
    "keys": [
        "iam.users.id.name"
    ],
    "id_suffix": "mfa_enabled"
}
