{
    "description": "Credentials Unused for _ARG_0_ Days or Greater Are Not Disabled",
    "rationale": "Disabling or removing unnecessary credentials will reduce the window of opportunity for compromised accounts to be used.",
    "remediation": "Ensure that all credentials (including passwords and access keys) have been used and changed in the last _ARG_0_ days",
    "compliance": [
        {
            "name": "CIS Amazon Web Services Foundations",
            "version": "1.0.0",
            "reference": "1.3"
        },
        {
            "name": "CIS Amazon Web Services Foundations",
            "version": "1.1.0",
            "reference": "1.3"
        },
        {
            "name": "CIS Amazon Web Services Foundations",
            "version": "1.2.0",
            "reference": "1.3"
        }
    ],
    "dashboard_name": "Users",
    "path": "iam.credential_reports.id",
    "conditions": [
        "or",
        [
            "and",
            [
                "iam.credential_reports.id.password_enabled",
                "true",
                ""
            ],
            [
                "and",
                [
                    "iam.credential_reports.id.password_last_used",
                    "notNull",
                    ""
                ],
                [
                    "iam.credential_reports.id.password_last_used",
                    "olderThan",
                    [
                        "_ARG_0_",
                        "days"
                    ]
                ]
            ]
        ],
        [
            "and",
            [
                "iam.credential_reports.id.access_key_1_active",
                "true",
                ""
            ],
            [
                "and",
                [
                    "iam.credential_reports.id.access_key_1_last_used_date",
                    "notNull",
                    ""
                ],
                [
                    "iam.credential_reports.id.access_key_1_last_used_date",
                    "olderThan",
                    [
                        "_ARG_0_",
                        "days"
                    ]
                ]
            ]
        ],
        [
            "and",
            [
                "iam.credential_reports.id.access_key_2_active",
                "true",
                ""
            ],
            [
                "and",
                [
                    "iam.credential_reports.id.access_key_2_last_used_date",
                    "notNull",
                    ""
                ],
                [
                    "iam.credential_reports.id.access_key_2_last_used_date",
                    "olderThan",
                    [
                        "_ARG_0_",
                        "days"
                    ]
                ]
            ]
        ]
    ],
    "arg_names": [
        "Period in days"
    ],
    "class_suffix": "unused_credentials"
}