{
    "description": "User with Password and Keys Enabled",
    "rationale": "The user was found to have configured with both password and API keys for authentication. This is considered against security best practice.",
    "references": [
        "https://docs.aws.amazon.com/general/latest/gr/aws-access-keys-best-practices.html",
        "https://docs.aws.amazon.com/IAM/latest/UserGuide/id_credentials_passwords_admin-change-user.html"
    ],
    "dashboard_name": "Users",
    "path": "iam.users.id",
    "conditions": [
        "and",
        [
            "iam.users.id.",
            "withKey",
            "LoginProfile"
        ],
        [
            "iam.users.id.AccessKeys",
            "notEmpty",
            ""
        ]
    ],
    "keys": [
        "iam.users.id.name"
    ],
    "id_suffix": "password_and_keys"
}
