{
    "description": "Password Expiration Disabled",
    "rationale": "Password expiration is disabled. As a result, compromised credentials could be used by potential attackers for a indefinite amount of time. Periodic password change enforced with an appropriate password expiration policy could help to mitigate this issue.",
    "references": [
        "https://docs.aws.amazon.com/securityhub/latest/userguide/securityhub-cis-controls.html#securityhub-cis-controls-1.11"
    ],
    "dashboard_name": "Password policy",
    "path": "iam.password_policy.ExpirePasswords",
    "conditions": [
        "or",
        [
            "this",
            "false",
            ""
        ]
    ]
}
