{
    "description": "Root Account Used Recently",
    "rationale": "The root account is the most privileged user in an account. As a best practice, the root account should only be used when required for root-only tasks.",
    "remediation": "Follow the remediation instructions of the Ensure IAM policies are attached only to groups or roles recommendation",
    "compliance": [
        {
            "name": "CIS Amazon Web Services Foundations",
            "version": "1.0.0",
            "reference": "1.1"
        },
        {
            "name": "CIS Amazon Web Services Foundations",
            "version": "1.1.0",
            "reference": "1.1"
        },
        {
            "name": "CIS Amazon Web Services Foundations",
            "version": "1.2.0",
            "reference": "1.1"
        }
    ],
    "references": [
        "https://docs.aws.amazon.com/securityhub/latest/userguide/securityhub-cis-controls.html#securityhub-standards-cis-controls-1.1",
        "https://docs.aws.amazon.com/general/latest/gr/aws_tasks-that-require-root.html"
    ],
    "dashboard_name": "Root account",
    "path": "iam.credential_reports.id",
    "conditions": [
        "and",
        [
            "iam.credential_reports.id.password_last_used",
            "notNull",
            ""
        ],
        [
            "iam.credential_reports.id.password_last_used",
            "newerThan",
            [
                "90",
                "days"
            ]
        ],
        [
            "iam.credential_reports.id.name",
            "equal",
            "<root_account>"
        ]
    ],
    "id_suffix": "password_last_used"
}
