{
    "description": "Service User with Password Enabled",
    "rationale": "A user meant to be used for a service or application not hosted in AWS was found to have password authentication enabled. This goes against security best practice, which recommends that these types of users should only have API authentication enabled, to minimize the likeliness of account compromise.",
    "dashboard_name": "Users",
    "path": "iam.users.id",
    "conditions": [
        "and",
        [
            "iam.users.id.",
            "withKey",
            "LoginProfile"
        ],
        [
            "iam.users.id.groups",
            "containAtLeastOneOf",
            "_ARG_0_"
        ]
    ],
    "arg_names": [
        "Group for service users"
    ]
}