{
    "description": "Password Policy Lacks Lowercase Requirement",
    "rationale": "The password policy did not require the use of at least one lowercase character. As a result, password complexity requirements were not in line with security best practice.",
    "remediation": "Ensure the password policy is configured to require at least one lowercase letter",
    "compliance": [
        {
            "name": "CIS Amazon Web Services Foundations",
            "version": "1.0.0",
            "reference": "1.6"
        },
        {
            "name": "CIS Amazon Web Services Foundations",
            "version": "1.1.0",
            "reference": "1.6"
        },
        {
            "name": "CIS Amazon Web Services Foundations",
            "version": "1.2.0",
            "reference": "1.6"
        }
    ],
    "references": [
        "https://docs.aws.amazon.com/securityhub/latest/userguide/securityhub-cis-controls.html#securityhub-cis-controls-1.6"
    ],
    "dashboard_name": "Password policy",
    "path": "iam.password_policy.RequireLowercaseCharacters",
    "conditions": [
        "or",
        [
            "this",
            "false",
            ""
        ]
    ]
}
