{
    "description": "Password Policy Allows the Reuse of Passwords",
    "rationale": "The password policy allowed password reuse. As a result, password complexity requirements were not in line with security best practice.",
    "remediation": "Ensure the password policy is configured to prevent password reuse",
    "compliance": [
        {
            "name": "CIS Amazon Web Services Foundations",
            "version": "1.0.0",
            "reference": "1.10"
        },
        {
            "name": "CIS Amazon Web Services Foundations",
            "version": "1.1.0",
            "reference": "1.10"
        },
        {
            "name": "CIS Amazon Web Services Foundations",
            "version": "1.2.0",
            "reference": "1.10"
        }
    ],
    "references": [
        "https://docs.aws.amazon.com/securityhub/latest/userguide/securityhub-cis-controls.html#securityhub-cis-controls-1.10"
    ],
    "dashboard_name": "Password policy",
    "path": "iam.password_policy.PasswordReusePrevention",
    "conditions": [
        "or",
        [
            "this",
            "false",
            ""
        ]
    ]
}
