{
    "description": "AssumeRole Policy Lacks MFA",
    "rationale": "When authorizing assumption, MFA should be required.",
    "references": [
        "https://research.nccgroup.com/2019/12/18/demystifying-aws-assumerole-and-stsexternalid/"
    ],
    "dashboard_name": "Roles",
    "display_path": "iam.roles.id",
    "path": "iam.roles.id.assume_role_policy.PolicyDocument.Statement.id",
    "conditions": [
        "and",
        [
            "iam.roles.id.assume_role_policy.PolicyDocument.Statement.id.Effect",
            "equal",
            "Allow"
        ],
        [
            "iam.roles.id.assume_role_policy.PolicyDocument.Statement.id.",
            "containAction",
            "sts:AssumeRole"
        ],
        [
            "iam.roles.id.assume_role_policy.PolicyDocument.Statement.id.Principal",
            "withKey",
            "AWS"
        ],
        [
            "or",
            [
                "iam.roles.id.assume_role_policy.PolicyDocument.Statement.id.",
                "withoutKey",
                "Condition"
            ],
            [
                "iam.roles.id.assume_role_policy.PolicyDocument.Statement.id.Condition",
                "withoutKey",
                "Bool"
            ],
            [
                "iam.roles.id.assume_role_policy.PolicyDocument.Statement.id.Condition.Bool.",
                "withoutKey",
                "aws:MultiFactorAuthPresent"
            ],
            [
                "iam.roles.id.assume_role_policy.PolicyDocument.Statement.id.Condition.Bool.aws:MultiFactorAuthPresent",
                "notTrue",
                ""
            ]
        ]
    ]
}
