{
    "description": "Human User with _ARG_1_ Policies",
    "rationale": "This configuration goes against organizational policies.",
    "dashboard_name": "Users",
    "path": "iam.users.id",
    "conditions": [
        "and",
        [
            "iam.users.id.groups",
            "containAtLeastOneOf",
            "_ARG_0_"
        ],
        [
            "iam.users.id.",
            "withKey",
            "_ARG_2_"
        ],
        [
            "iam.users.id._ARG_2_",
            "notEmpty",
            ""
        ]
    ],
    "key": "iam-human-user-with-_ARG_1_-policies",
    "arg_names": [
        "Name of IAM group",
        "Type of policy",
        "Path to policies"
    ],
    "id_suffix": "_ARG_1_"
}