{
    "description": "KMS Customer Master Keys (CMKs) with Rotation Disabled",
    "rationale": "Cryptographic best practices discourage extensive reuse of encryption keys. Consequently, Customer Master Keys (CMKs) should be rotated to prevent usage of compromised keys.<br><br>Note that AWS KMS supports optional automatic key rotation only for customer managed CMKs.",
    "remediation": "For every KMS Customer Master Keys (CMKs), ensure that Rotate this key every year is enabled",
    "compliance": [
        {
            "name": "CIS Amazon Web Services Foundations",
            "version": "1.0.0",
            "reference": "2.8"
        },
        {
            "name": "CIS Amazon Web Services Foundations",
            "version": "1.1.0",
            "reference": "2.8"
        },
        {
            "name": "CIS Amazon Web Services Foundations",
            "version": "1.2.0",
            "reference": "2.8"
        }
    ],
    "references": [
        "https://docs.aws.amazon.com/kms/latest/developerguide/rotate-keys.html"
    ],
    "dashboard_name": "Keys",
    "display_path": "kms.regions.id.keys.id",
    "path": "kms.regions.id.keys.id",
    "conditions": [
        "and",
        [
            "kms.regions.id.keys.id.rotation_enabled",
            "false",
            ""
        ],
        [
            "kms.regions.id.keys.id.origin",
            "equal",
            "AWS_KMS"
        ],
        [
            "kms.regions.id.keys.id.key_manager",
            "equal",
            "CUSTOMER"
        ]
    ],
    "id_suffix": "rotation_enabled"
}
