{
    "description": "No CloudWatch Alarm for \"CloudTrail Configuration Changes\"",
    "rationale": "There was no CloudWatch alarm to monitor CloudTrail configuration changes. Monitoring for CloudTrail policy changes will help ensure sustained visibility to activities performed in the AWS account.",
    "remediation": "Enable a CloudWatch alarm to monitor CloudTrail configuration changes.",
    "compliance": [
        {
            "name": "CIS Amazon Web Services Foundations",
            "version": "1.0.0",
            "reference": "3.5"
        },
        {
            "name": "CIS Amazon Web Services Foundations",
            "version": "1.1.0",
            "reference": "3.5"
        },
        {
            "name": "CIS Amazon Web Services Foundations",
            "version": "1.2.0",
            "reference": "3.5"
        }
    ],
    "dashboard_name": "Alarms",
    "path": "cloudwatch.regions.id.metric_filters.id",
    "conditions": [
        "or",
        [
            "cloudwatch.regions.id.metric_filters_pattern_checks.cloudtrail_configuration_changes",
            "false",
            ""
        ]
    ]
}