{
    "description": "No CloudWatch Alarm for \"Route Table Changes\"",
    "rationale": "There was no CloudWatch alarm to monitor changes in route tables. Monitoring for route table changes will help ensure that all VPC traffic flows thorough an expected path.",
    "remediation": "Enable a CloudWatch alarm to detect route table changes.",
    "compliance": [
        {
            "name": "CIS Amazon Web Services Foundations",
            "version": "1.0.0",
            "reference": "3.13"
        },
        {
            "name": "CIS Amazon Web Services Foundations",
            "version": "1.1.0",
            "reference": "3.13"
        },
        {
            "name": "CIS Amazon Web Services Foundations",
            "version": "1.2.0",
            "reference": "3.13"
        }
    ],
    "dashboard_name": "Alarms",
    "path": "cloudwatch.regions.id.metric_filters.id",
    "conditions": [
        "or",
        [
            "cloudwatch.regions.id.metric_filters_pattern_checks.route_table_changes",
            "false",
            ""
        ]
    ]
}