{
    "description": "No CloudWatch Alarm for \"IAM Policy Changes\"",
    "rationale": "There was no CloudWatch alarm to monitor IAM policy changes. Monitoring for IAM policy changes will help ensure authentication and authorization control remain intact.",
    "remediation": "Enable a CloudWatch alarm to monitor the usage of the root account.",
    "compliance": [
        {
            "name": "CIS Amazon Web Services Foundations",
            "version": "1.0.0",
            "reference": "3.4"
        },
        {
            "name": "CIS Amazon Web Services Foundations",
            "version": "1.1.0",
            "reference": "3.4"
        },
        {
            "name": "CIS Amazon Web Services Foundations",
            "version": "1.2.0",
            "reference": "3.4"
        }
    ],
    "dashboard_name": "Alarms",
    "path": "cloudwatch.regions.id.metric_filters.id",
    "conditions": [
        "or",
        [
            "cloudwatch.regions.id.metric_filters_pattern_checks.iam_policy_changes",
            "false",
            ""
        ]
    ]
}