{
    "description": "No CloudWatch Alarm for \"Network Access Control Lists Changes\"",
    "rationale": "There was no CloudWatch alarm to detect changes to NACL. Monitoring for NACL changes will help ensure that no service or resource is unintentionally exposed.",
    "remediation": "Enable a CloudWatch alarm to detect NACL changes.",
    "compliance": [
        {
            "name": "CIS Amazon Web Services Foundations",
            "version": "1.0.0",
            "reference": "3.11"
        },
        {
            "name": "CIS Amazon Web Services Foundations",
            "version": "1.1.0",
            "reference": "3.11"
        },
        {
            "name": "CIS Amazon Web Services Foundations",
            "version": "1.2.0",
            "reference": "3.11"
        }
    ],
    "dashboard_name": "Alarms",
    "path": "cloudwatch.regions.id.metric_filters.id",
    "conditions": [
        "or",
        [
            "cloudwatch.regions.id.metric_filters_pattern_checks.nacl_changes",
            "false",
            ""
        ]
    ]
}