{
    "description": "No CloudWatch Alarm for \"Network Gateways Changes\"",
    "rationale": "There was no CloudWatch alarm to monitor changes in network gateways. Monitoring for network gateways changes will help ensure that all traffic traverses the VPC border via a controlled path.",
    "remediation": "Enable a CloudWatch alarm to detect network gateways changes.",
    "compliance": [
        {
            "name": "CIS Amazon Web Services Foundations",
            "version": "1.0.0",
            "reference": "3.12"
        },
        {
            "name": "CIS Amazon Web Services Foundations",
            "version": "1.1.0",
            "reference": "3.12"
        },
        {
            "name": "CIS Amazon Web Services Foundations",
            "version": "1.2.0",
            "reference": "3.12"
        }
    ],
    "dashboard_name": "Alarms",
    "path": "cloudwatch.regions.id.metric_filters.id",
    "conditions": [
        "or",
        [
            "cloudwatch.regions.id.metric_filters_pattern_checks.network_gateways_changes",
            "false",
            ""
        ]
    ]
}