{
    "description": "No CloudWatch Alarm for \"AWS Configuration Changes\"",
    "rationale": "There was no CloudWatch alarm to monitor AWS configuration changes. Monitoring for AWS configuration changes will help ensure sustained visibility to changes performed in the AWS account.",
    "remediation": "Enable a CloudWatch alarm to detect AWS configuration changes.",
    "compliance": [
        {
            "name": "CIS Amazon Web Services Foundations",
            "version": "1.0.0",
            "reference": "3.9"
        },
        {
            "name": "CIS Amazon Web Services Foundations",
            "version": "1.1.0",
            "reference": "3.9"
        },
        {
            "name": "CIS Amazon Web Services Foundations",
            "version": "1.2.0",
            "reference": "3.9"
        }
    ],
    "dashboard_name": "Alarms",
    "path": "cloudwatch.regions.id.metric_filters.id",
    "conditions": [
        "or",
        [
            "cloudwatch.regions.id.metric_filters_pattern_checks.aws_configuration_changes",
            "false",
            ""
        ]
    ]
}