{
    "description": "No CloudWatch Alarm for \"Root Account Usage\"",
    "rationale": "There was no CloudWatch alarm for the usage of the root account. Monitoring for root account log ins will provide visibility into the use of a fully privileged account.",
    "remediation": "Enable a CloudWatch alarm to monitor the usage of the root account.",
    "compliance": [
        {
            "name": "CIS Amazon Web Services Foundations",
            "version": "1.0.0",
            "reference": "3.3"
        },
        {
            "name": "CIS Amazon Web Services Foundations",
            "version": "1.1.0",
            "reference": "3.3"
        },
        {
            "name": "CIS Amazon Web Services Foundations",
            "version": "1.2.0",
            "reference": "3.3"
        }
    ],
    "dashboard_name": "Alarms",
    "path": "cloudwatch.regions.id.metric_filters.id",
    "conditions": [
        "or",
        [
            "cloudwatch.regions.id.metric_filters_pattern_checks.root_usage",
            "false",
            ""
        ]
    ]
}