<?xml version="1.0" encoding="utf-8"?>
<!--
  ~ Copyright 2012-2019 the original author or authors.
  ~
  ~ Licensed under the Apache License, Version 2.0 (the "License");
  ~ you may not use this file except in compliance with the License.
  ~ You may obtain a copy of the License at
  ~
  ~      https://www.apache.org/licenses/LICENSE-2.0
  ~
  ~ Unless required by applicable law or agreed to in writing, software
  ~ distributed under the License is distributed on an "AS IS" BASIS,
  ~ WITHOUT WARRANTIES OR CONDITIONS OF ANY KIND, either express or implied.
  ~ See the License for the specific language governing permissions and
  ~ limitations under the License.
  -->

<databaseChangeLog
	xmlns="http://www.liquibase.org/xml/ns/dbchangelog"
	xmlns:xsi="http://www.w3.org/2001/XMLSchema-instance"
	xsi:schemaLocation="http://www.liquibase.org/xml/ns/dbchangelog http://www.liquibase.org/xml/ns/dbchangelog/dbchangelog-3.5.xsd">

	<property name="version" value="2.4.13"/>

	<changeSet id="${version}" author="sion">
		<createTable tableName="consistency_task" remarks="用户表">
			<column name="id" type="bigint" remarks="主键" autoIncrement="true">
				<constraints primaryKey="true" nullable="false"/>
			</column>
			<column name="task_id" type="varchar(20)" remarks="任务ID">
				<constraints unique="true" nullable="false"/>
			</column>
			<column name="task_status" type="boolean" valueBoolean="false" remarks="执行状态"/>
		</createTable>
	</changeSet>
</databaseChangeLog>
