{
    "author": {
        "name": "Singly, Inc.",
        "email": "nerds@singly.com"
    },
    "name": "helloplaces",
    "description": "A simple way to view the check-ins of you and your friends on a map.",
    "version": "0.0.6",
    "homepage": "https://github.com/LockerProject/photosv0.9",
    "engines": {
        "node": ">=0.4.9"
    },
    "dependencies": {},
    "devDependencies": {},
    "type": "app",
    "title": "Places (DEMO)",
    "status": "stable",
    "static": true,
    "handle": "helloplaces",
    "uses": {
        "services": [
            "twitter",
            "foursquare",
            "instagram"
        ],
        "types": [
            "places"
        ]
    },
    "update": true,
    "github": "https://github.com/LockerProject/locker",
    "url": "",
    "upserted": 1768097745331,
    "manifest": "Apps/HelloPlaces/package.json",
    "srcdir": "Apps/HelloPlaces",
    "provider": "helloplaces",
    "id": "helloplaces",
    "installed": 1768094646009,
    "uri": "http://localhost:8042/Me/helloplaces/",
    "externalUri": "http://localhost:40271/Me/helloplaces/",
    "loaded": 1768097745326
}