<?xml version="1.0" encoding="utf-8"?>
<databaseChangeLog
    xmlns="http://www.liquibase.org/xml/ns/dbchangelog"
    xmlns:ext="http://www.liquibase.org/xml/ns/dbchangelog-ext"
    xmlns:xsi="http://www.w3.org/2001/XMLSchema-instance"
    xsi:schemaLocation="http://www.liquibase.org/xml/ns/dbchangelog http://www.liquibase.org/xml/ns/dbchangelog/dbchangelog-latest.xsd
                        http://www.liquibase.org/xml/ns/dbchangelog-ext http://www.liquibase.org/xml/ns/dbchangelog/dbchangelog-ext.xsd">

    <!--
        Added the entity Preferences.
    -->
    <changeSet id="20170725033721-1" author="jhipster">
        <preConditions onFail="MARK_RAN">
            <not>
                <tableExists schemaName="public" tableName="preferences"/>
            </not>
        </preConditions>
        <createTable tableName="preferences">
            <column name="id" type="bigint">
                <constraints primaryKey="true" nullable="false"/>
            </column>
            <column name="weekly_goal" type="integer">
                <constraints nullable="false" />
            </column>
            <column name="weight_units" type="varchar(255)">
                <constraints nullable="false" />
            </column>
            <column name="user_id" type="bigint">
                <constraints nullable="true" unique="true" uniqueConstraintName="ux_preferences_user_id" />
            </column>
            <!-- jhipster-needle-liquibase-add-column - JHipster will add columns here -->
        </createTable>
    </changeSet>

    <!-- jhipster-needle-liquibase-add-changeset - JHipster will add changesets here -->

    <!--
        Load sample data generated with Faker.js
        - This data can be easily edited using a CSV editor (or even MS Excel) and
          is located in the 'src/main/resources/config/liquibase/fake-data' directory
        - By default this data is applied when running with the JHipster 'dev' profile.
          This can be customized by adding or removing 'faker' in the 'spring.liquibase.contexts'
          Spring Boot configuration key.
    -->
    <changeSet id="20221108002021-1-data" author="jhipster" context="faker">
        <loadData
                  file="config/liquibase/fake-data/preferences.csv"
                  separator=";"
                  tableName="preferences"
                  usePreparedStatements="true">
            <column name="id" type="numeric"/>
            <column name="weekly_goal" type="numeric"/>
            <column name="weight_units" type="string"/>
            <!-- jhipster-needle-liquibase-add-loadcolumn - JHipster (and/or extensions) can add load columns here -->
        </loadData>
    </changeSet>
</databaseChangeLog>
