<?xml version="1.0" encoding="utf-8"?>
<databaseChangeLog
    xmlns="http://www.liquibase.org/xml/ns/dbchangelog"
    xmlns:ext="http://www.liquibase.org/xml/ns/dbchangelog-ext"
    xmlns:xsi="http://www.w3.org/2001/XMLSchema-instance"
    xsi:schemaLocation="http://www.liquibase.org/xml/ns/dbchangelog http://www.liquibase.org/xml/ns/dbchangelog/dbchangelog-latest.xsd
                        http://www.liquibase.org/xml/ns/dbchangelog-ext http://www.liquibase.org/xml/ns/dbchangelog/dbchangelog-ext.xsd">

    <!--
        Added the entity Points.
    -->
    <changeSet id="20170725030037-1" author="jhipster">
        <preConditions onFail="MARK_RAN">
            <not>
                <tableExists schemaName="public" tableName="points"/>
            </not>
        </preConditions>
        <createTable tableName="points">
            <column name="id" type="bigint">
                <constraints primaryKey="true" nullable="false"/>
            </column>
            <column name="date" type="date">
                <constraints nullable="false" />
            </column>
            <column name="exercise" type="integer">
                <constraints nullable="true" />
            </column>
            <column name="meals" type="integer">
                <constraints nullable="true" />
            </column>
            <column name="alcohol" type="integer">
                <constraints nullable="true" />
            </column>
            <column name="notes" type="varchar(140)">
                <constraints nullable="true" />
            </column>
            <column name="user_id" type="bigint">
                <constraints nullable="true" />
            </column>
            <!-- jhipster-needle-liquibase-add-column - JHipster will add columns here -->
        </createTable>
    </changeSet>

    <!-- jhipster-needle-liquibase-add-changeset - JHipster will add changesets here -->

    <!--
        Load sample data generated with Faker.js
        - This data can be easily edited using a CSV editor (or even MS Excel) and
          is located in the 'src/main/resources/config/liquibase/fake-data' directory
        - By default this data is applied when running with the JHipster 'dev' profile.
          This can be customized by adding or removing 'faker' in the 'spring.liquibase.contexts'
          Spring Boot configuration key.
    -->
    <changeSet id="20221108000520-1-data" author="jhipster" context="faker">
        <loadData
                  file="config/liquibase/fake-data/points.csv"
                  separator=";"
                  tableName="points"
                  usePreparedStatements="true">
            <column name="id" type="numeric"/>
            <column name="date" type="date"/>
            <column name="exercise" type="numeric"/>
            <column name="meals" type="numeric"/>
            <column name="alcohol" type="numeric"/>
            <column name="notes" type="string"/>
            <!-- jhipster-needle-liquibase-add-loadcolumn - JHipster (and/or extensions) can add load columns here -->
        </loadData>
    </changeSet>
</databaseChangeLog>
