{
    "author": {
        "name": "nerds"
    },
    "name": "smtp",
    "description": "Email Sender",
    "version": "0.0.4",
    "engines": {
        "node": ">=0.4.9"
    },
    "dependencies": {},
    "devDependencies": {},
    "title": "Email Sender",
    "handle": "smtp",
    "update": "auto",
    "run": "node smtp.js",
    "github": "https://github.com/LockerProject/Locker",
    "type": "connector",
    "hidden": "true",
    "static": "false",
    "keys": "false",
    "url": "",
    "upserted": 1768097745334,
    "manifest": "Connectors/SMTP/package.json",
    "srcdir": "Connectors/SMTP",
    "provider": "smtp",
    "id": "smtp",
    "installed": 1768094646011,
    "uri": "http://localhost:8042/Me/smtp/",
    "externalUri": "http://localhost:40271/Me/smtp/",
    "loaded": 1768097745329
}