{
    "author": {
        "name": "nerds"
    },
    "name": "photos",
    "description": "Photos Collection",
    "version": "0.0.3",
    "engines": {
        "node": ">=0.4.9"
    },
    "dependencies": {},
    "devDependencies": {},
    "title": "Photos",
    "run": "node photos.js",
    "update": "auto",
    "github": "https://github.com/LockerProject/Locker",
    "type": "collection",
    "handle": "photos",
    "provides": [
        "photo"
    ],
    "mongoCollections": [
        "photo"
    ],
    "events": [
        [
            "tweets/twitter",
            "/events",
            true
        ],
        [
            "checkin/foursquare",
            "/events",
            true
        ],
        [
            "photo/facebook",
            "/events",
            true
        ],
        [
            "post/tumblr",
            "/events",
            true
        ],
        [
            "photo/twitpic",
            "/events",
            true
        ],
        [
            "photo/instagram",
            "/events",
            true
        ],
        [
            "photo/flickr",
            "/events",
            true
        ]
    ],
    "url": "",
    "upserted": 1768097745339,
    "manifest": "Collections/Photos/package.json",
    "srcdir": "Collections/Photos",
    "provider": "photos",
    "id": "photos",
    "installed": 1768094646015,
    "uri": "http://localhost:8042/Me/photos/",
    "externalUri": "http://localhost:40271/Me/photos/",
    "loaded": 1768097745327
}