{
    "provides":["contact/twitter", "mentions/twitter", "related/twitter", "timeline/twitter", "tweets/twitter"],
    "mongoId" : {
        "timeline":"id_str",
        "tweets":"id_str",
        "mentions":"id_str"
    },
    "types" : {
        "timeline":"tweet",
        "tweets":"tweet",
        "self":"contact",
        "mentions":"tweet"
    },
    "profileIds" : ["id_str", "screen_name"],
    "strip" : {
        "contact":["status"]
    },
    "vm":true,
    "synclets":[
        {"name": "self", "frequency": 7200},
        {"name": "friends", "frequency": 3600},
        {"name": "tweets", "frequency": 600},
        {"name": "timeline", "frequency": 120},
        {"name": "mentions", "frequency": 600},
        {"name": "related", "frequency": 3600},
        {"name": "tweet"}]
}
