{
  "builders": [
    {
      "ami_name": "consoleme {{timestamp}}",
      "instance_type": "t2.micro",
      "region": "us-east-1",
      "source_ami_filter": {
        "filters": {
          "name": "ubuntu/images/*ubuntu-focal-20.04-amd64-server-*",
          "root-device-type": "ebs",
          "virtualization-type": "hvm"
        },
        "most_recent": true,
        "owners": ["099720109477"]
      },
      "ssh_username": "ubuntu",
      "type": "amazon-ebs"
    }
  ],
  "provisioners": [
    {
      "inline": ["sleep 30"],
      "type": "shell"
    },
    {
      "inline": [
        "export CONFIG_LOCATION={{user `CONFIG_LOCATION`}}",
        "export CONSOLEME_CONFIG_ENTRYPOINT={{user `CONSOLEME_CONFIG_ENTRYPOINT`}}",
        "sudo mkdir -p /apps/consoleme",
        "sudo chown -R ubuntu /apps/"
      ],
      "type": "shell"
    },
    {
      "destination": "{{user `app_archive`}}",
      "source": "{{user `app_archive`}}",
      "type": "file"
    },
    {
      "inline": [
        "tar -xzf {{user `app_archive`}} -C /apps/consoleme/",
        "sudo cp -R /apps/consoleme/packer/root/* /",
        "rm {{user `app_archive`}}"
      ],
      "type": "shell"
    },
    {
      "inline": [
        "sudo apt update",
        "sudo apt install -y python3-pip python3-venv virtualenv libcurl4-openssl-dev libssl-dev pkg-config libxmlsec1-dev docker.io make",
        "sudo systemctl start docker",
        "sudo systemctl enable docker",
        "sudo usermod -aG docker $USER",
        "newgrp docker"
      ],
      "type": "shell"
    },
    {
      "inline": [
        "cd /apps/consoleme",
        "python3 -m venv env",
        ". env/bin/activate",
        "make packer_ubuntu_oss"
      ],
      "type": "shell"
    },
    {
      "inline": ["sudo systemctl enable consoleme"],
      "type": "shell"
    }
  ],
  "variables": {
    "CONFIG_LOCATION": "{{env `CONFIG_LOCATION`}}",
    "CONSOLEME_CONFIG_ENTRYPOINT": "{{env `CONSOLEME_CONFIG_ENTRYPOINT`}}",
    "app_archive": ""
  }
}
