{
  "signedContributors": [
    {
      "name": "grib0ed0v",
      "id": 10911871,
      "comment_id": 811036981,
      "created_at": "2021-03-31T12:41:17Z",
      "repoId": 329117231,
      "pullRequestNo": 50
    },
    {
      "name": "walteriviera",
      "id": 78015934,
      "comment_id": 811258002,
      "created_at": "2021-03-31T17:06:50Z",
      "repoId": 329117231,
      "pullRequestNo": 35
    },
    {
      "name": "walteriviera",
      "id": 78015934,
      "comment_id": 811349094,
      "created_at": "2021-03-31T19:00:38Z",
      "repoId": 329117231,
      "pullRequestNo": 35
    },
    {
      "name": "sarthakpati",
      "id": 11719673,
      "comment_id": 841339208,
      "created_at": "2021-05-14T16:06:18Z",
      "repoId": 329117231,
      "pullRequestNo": 80
    }
  ]
}