<?xml version="1.0" encoding="UTF-8"?>

<beans xmlns="http://www.springframework.org/schema/beans"
  xmlns:xsi="http://www.w3.org/2001/XMLSchema-instance"
  xsi:schemaLocation="http://www.springframework.org/schema/beans http://www.springframework.org/schema/beans/spring-beans-2.5.xsd">

  <bean
    class="org.springframework.beans.factory.config.PropertyPlaceholderConfigurer">
    <property name="locations" value="classpath:ext/vesta/vesta-rest.properties"/>
  </bean>

  <bean id="idService" class="com.robert.vesta.service.factory.IdServiceFactoryBean"
    init-method="init">
    <property name="providerType" value="PROPERTY"/>
    <property name="type" value="${vesta.type}"/>
    <property name="genMethod" value="${vesta.genMethod}"/>
    <property name="machineId" value="${vesta.machine}"/>
  </bean>

</beans>