{
  "items": [
    {
      "type": "item",
      "title": "Introduction",
      "uri": "docs/introduction.md"
    },
    {
      "type": "item",
      "title": "Contribute to Elements",
      "uri": "CONTRIBUTING.md"
    },
    {
      "type": "item",
      "title": "Elements vs Elements Dev Portal",
      "uri": "docs/elements-vs-dev-portal.md"
    },
    {
      "type": "divider",
      "title": "Getting Started"
    },
    {
      "type": "group",
      "title": "Elements",
      "items": [
        {
          "type": "item",
          "title": "Introduction to Elements",
          "uri": "docs/getting-started/elements/introduction.md"
        },
        {
          "type": "item",
          "title": "Usage with React",
          "uri": "docs/getting-started/elements/react.md"
        },
        {
          "type": "item",
          "title": "Usage with HTML",
          "uri": "docs/getting-started/elements/html.md"
        },
        {
          "type": "item",
          "title": "Usage with Angular",
          "uri": "docs/getting-started/elements/angular.md"
        },
          {
          "type": "item",
          "title": "Elements Configuration Options",
          "uri": "docs/getting-started/elements/elements-options.md"
        }
      ]
    },
    {
      "type": "group",
      "title": "Elements Dev Portal",
      "items": [
        {
          "type": "item",
          "title": "Introduction to Elements Dev Portal",
          "uri": "docs/getting-started/dev-portal/introduction.md"
        },
        {
          "type": "item",
          "title": "Usage with React",
          "uri": "docs/getting-started/dev-portal/react.md"
        },
        {
          "type": "item",
          "title": "Usage with HTML",
          "uri": "docs/getting-started/dev-portal/html.md"
        },
        {
          "type": "item",
          "title": "Usage with Angular",
          "uri": "docs/getting-started/dev-portal/dev-portal-angular.md"
        },
        {
          "type": "item",
          "title": "Dev Portal Configuration Options",
          "uri": "docs/getting-started/dev-portal/dev-portal-options.md"
        },
        {
          "type": "item",
          "title": "Elements Dev Portal Search",
          "uri": "docs/getting-started/dev-portal/search-component.md"
        }
      ]
    },
    {
      "type": "divider",
      "title": "Guides"
    },
    {
      "type": "item",
      "title": "Hello World Example",
      "uri": "docs/guides/hello-world.md"
    },
    {
      "type": "item",
      "title": "Layouts",
      "uri": "docs/guides/layouts.md"
    },
    {
      "type": "item",
      "title": "Great API Documentation",
      "uri": "docs/guides/great-api-docs.md"
    }
  ]
}
