<?xml version="1.0" encoding="UTF-8"?>
<configuration>

    <!-- [%thread] -->

    <appender name="STDOUT" class="ch.qos.logback.core.ConsoleAppender">
        <layout class="ch.qos.logback.classic.PatternLayout">
            <Pattern>%d{HH:mm:ss.SSS}  %-5level %logger{36} - %msg%n</Pattern>
        </layout>
    </appender>

    <root level="error">
        <appender-ref ref="STDOUT" />
    </root>
    <logger name="org.springframework" level='info'>
    </logger>

    <logger name="net.chrisrichardson.eventstore.javaexamples.banking" level='info'>
    </logger>

    <logger name="io.eventuate.activity" level='debug'>
    </logger>

</configuration>