<?xml version="1.0" encoding="UTF-8"?>
<!DOCTYPE generatorConfiguration
        PUBLIC "-//mybatis.org//DTD MyBatis Generator Configuration 1.0//EN"
        "http://mybatis.org/dtd/mybatis-generator-config_1_0.dtd">

<generatorConfiguration>
    <context id="Tables" targetRuntime="MyBatis3" defaultModelType="flat">

        <!--        <plugin type="com.xiaomi.data.push.common.PagerPlugin"></plugin>-->
        <plugin type="com.itfsw.mybatis.generator.plugins.BatchInsertPlugin"/>
        <plugin type="com.itfsw.mybatis.generator.plugins.ModelColumnPlugin"/>
        <plugin type="org.mybatis.generator.plugins.UnmergeableXmlMappersPlugin"/>


        <!-- 注释 -->
        <commentGenerator>
            <!-- 是否生成注释代时间戳 -->
            <property name="suppressDate" value="true"/>
            <!-- 是否去除自动生成的注释 true：是 ： false:否 -->
            <property name="suppressAllComments" value="true"/>
        </commentGenerator>

        <!-- JDBC连接 -->
        <jdbcConnection
                driverClass="com.mysql.jdbc.Driver"
                connectionURL="jdbc:mysql://127.0.0.1:3312/miapimanager"
                userId="xx"
                password="xxx">
        </jdbcConnection>

        <!-- 非必需，类型处理器，在数据库类型和java类型之间的转换控制-->
        <!-- 默认false，把JDBC DECIMAL 和 NUMERIC 类型解析为 Integer，为 true时把JDBC DECIMAL 和
         NUMERIC 类型解析为java.math.BigDecimal -->
        <javaTypeResolver>
            <!-- 是否使用bigDecimal， false可自动转化以下类型（Long, Integer, Short, etc.） -->
            <property name="forceBigDecimals" value="false"/>
            <property name="forceIntegers" value="true"/>
        </javaTypeResolver>

        <!-- 生成实体类地址 -->
        <javaModelGenerator targetPackage="com.xiaomi.miapi.pojo"
                            targetProject="../mi-api-service/src/main/java">
            <!-- 从数据库返回的值被清理前后的空格 -->
            <property name="trimStrings" value="true"/>
            <!-- enableSubPackages:是否让schema作为包的后缀 -->
            <property name="enableSubPackages" value="false"/>
        </javaModelGenerator>

        <!-- 生成mapper xml文件 -->
        <sqlMapGenerator targetPackage="mapper" targetProject="src/main/resources/">
            <!-- enableSubPackages:是否让schema作为包的后缀 -->
            <property name="enableSubPackages" value="false"/>
        </sqlMapGenerator>

        <!-- 生成mapper xml对应Client-->
        <javaClientGenerator targetPackage="com.xiaomi.miapi.mapper"
                             targetProject="../mi-api-service/src/main/java" type="XMLMAPPER">
            <!-- enableSubPackages:是否让schema作为包的后缀 -->
            <property name="enableSubPackages" value="false"/>
        </javaClientGenerator>

        <!-- 配置表信息 -->
        <!-- schema即为数据库名 tableName为对应的数据库表 domainObjectName是要生成的实体类 enable*ByExample
            是否生成 example类 -->

        <!--<table schema="detail" tableName="conf" domainObjectName="Conf">-->
        <!--<generatedKey column="id" sqlStatement="MySql" identity="true"/>-->
        <!--</table>-->

        <!--<table schema="detail" tableName="iface_conf" domainObjectName="IfaceConf">-->
        <!--<generatedKey column="id" sqlStatement="MySql" identity="true"/>-->
        <!--</table>-->

        <!--<table schema="detail" tableName="iface_run_info" domainObjectName="IfaceRunInfo">-->
        <!--<generatedKey column="id" sqlStatement="MySql" identity="true"/>-->
        <!--</table>-->

        <!--        <table schema="gwdash" tableName="account" domainObjectName="Account">-->
        <!--            <generatedKey column="id" sqlStatement="MySql" identity="true"/>-->
        <!--        </table>-->

        <!--                <table schema="miapimanager" tableName="eo_dubbo_api" domainObjectName="EoDubboApiInfo">-->
        <!--                    <generatedKey column="id" sqlStatement="MySql" identity="true"/>-->
        <!--        &lt;!&ndash;            <columnOverride column="route_type" javaType="java.lang.Integer" />&ndash;&gt;-->
        <!--                </table>-->


        <!--        <table schema="miapimanager" tableName="eo_dubbo_api_param" domainObjectName="EoDubboApiInfoParam">-->
        <!--            <generatedKey column="id" sqlStatement="MySql" identity="true"/>-->
        <!--            &lt;!&ndash;            <columnOverride column="route_type" javaType="java.lang.Integer" />&ndash;&gt;-->
        <!--        </table>-->
        <!--        <table schema="miapimanager" tableName="api_index" domainObjectName="ApiIndex">-->
        <!--            <generatedKey column="id" sqlStatement="MySql" identity="true"/>-->
        <!--            &lt;!&ndash;            <columnOverride column="route_type" javaType="java.lang.Integer" />&ndash;&gt;-->
        <!--        </table>-->

        <!--                <table schema="miapimanager" tableName="index_info" domainObjectName="IndexInfo">-->
        <!--                    <generatedKey column="index_id" sqlStatement="MySql" identity="true"/>-->
        <!--                    &lt;!&ndash;            <columnOverride column="route_type" javaType="java.lang.Integer" />&ndash;&gt;-->
        <!--                </table>-->

        <!--        <table schema="miapimanager" tableName="api_request_exp" domainObjectName="ApiRequestExp">-->
        <!--            <generatedKey column="id" sqlStatement="MySql" identity="true"/>-->
        <!--            &lt;!&ndash;            <columnOverride column="route_type" javaType="java.lang.Integer" />&ndash;&gt;-->
        <!--        </table>-->

        <!--        <table schema="miapimanager" tableName="api_history_record" domainObjectName="ApiHistoryRecord">-->
        <!--            <generatedKey column="id" sqlStatement="MySql" identity="true"/>-->
        <!--            &lt;!&ndash;            <columnOverride column="route_type" javaType="java.lang.Integer" />&ndash;&gt;-->
        <!--        </table>-->
        <!--        <table schema="miapimanager" tableName="api_error_code" domainObjectName="ApiErrorCode">-->
        <!--            <generatedKey column="id" sqlStatement="MySql" identity="true"/>-->
        <!--            &lt;!&ndash;            <columnOverride column="route_type" javaType="java.lang.Integer" />&ndash;&gt;-->
        <!--        </table>-->
                <table schema="miapimanager" tableName="eo_project_focus" domainObjectName="ProjectFocus">
                    <generatedKey column="id" sqlStatement="MySql" identity="true"/>
                    <!--            <columnOverride column="route_type" javaType="java.lang.Integer" />-->
                </table>

        <!--        <table schema="miapimanager" tableName="api_response_exp" domainObjectName="ApiResponseExp">-->
        <!--            <generatedKey column="id" sqlStatement="MySql" identity="true"/>-->
        <!--            &lt;!&ndash;            <columnOverride column="route_type" javaType="java.lang.Integer" />&ndash;&gt;-->
        <!--        </table>-->
        <!--        <table schema="miapimanager" tableName="test_case_group" domainObjectName="TestCaseGroup">-->
        <!--            <generatedKey column="id" sqlStatement="MySql" identity="true"/>-->
        <!--        </table>-->

        <!--        <table schema="miapimanager" tableName="api_test_case" domainObjectName="ApiTestCase">-->
        <!--            <generatedKey column="id" sqlStatement="MySql" identity="true"/>-->
        <!--        </table>-->
        <!--        <table schema="miapimanager" tableName="api_mock_exp" domainObjectName="ApiMockExpect">-->
        <!--            <generatedKey column="id" sqlStatement="MySql" identity="true"/>-->
        <!--        </table>-->

        <!--        <table schema="miapimanager" tableName="dubbo_push_data" domainObjectName="DubboPushData">-->
        <!--            <generatedKey column="id" sqlStatement="MySql" identity="true"/>-->
        <!--        </table>-->

        <!--        <table schema="miapimanager" tableName="http_push_data" domainObjectName="HttpPushData">-->
        <!--            <generatedKey column="id" sqlStatement="MySql" identity="true"/>-->
        <!--        </table>-->

<!--        <table schema="miapimanager" tableName="sidecar_push_data" domainObjectName="SidecarPushData">-->
<!--            <generatedKey column="id" sqlStatement="MySql" identity="true"/>-->
<!--        </table>-->

<!--        <table schema="miapimanager" tableName="bus_project" domainObjectName="BusProject">-->
<!--            <generatedKey column="id" sqlStatement="MySql" identity="true"/>-->
<!--        </table>-->
<!--        <table schema="miapimanager" tableName="bus_project_group" domainObjectName="BusProjectGroup">-->
<!--            <generatedKey column="group_id" sqlStatement="MySql" identity="true"/>-->
<!--        </table>-->

        <!--        <table schema="miapimanager" tableName="module_name_data" domainObjectName="ModuleNameData">-->
        <!--            <generatedKey column="id" sqlStatement="MySql" identity="true"/>-->
        <!--        </table>-->
        <!--        <table schema="miapimanager" tableName="api_env" domainObjectName="ApiEnv">-->
        <!--            <generatedKey column="id" sqlStatement="MySql" identity="true"/>-->
        <!--        </table>-->

<!--        <table schema="miapimanager" tableName="api_test_case" domainObjectName="ApiTestCase">-->
<!--            <generatedKey column="id" sqlStatement="MySql" identity="true"/>-->
<!--        </table>-->

        <!--        <table schema="gwdash" tableName="api_group_info" domainObjectName="ApiGroupInfo">-->
        <!--            <generatedKey column="id" sqlStatement="MySql" identity="true"/>-->
        <!--        </table>-->

        <!--<table schema="gwdash" tableName="debug_record" domainObjectName="DebugRecord">-->
        <!--<generatedKey column="id" sqlStatement="MySql" identity="true"/>-->
        <!--</table>-->
    </context>
</generatorConfiguration>
