<?xml version="1.0" encoding="UTF-8"?>
<configuration scan="true" scanPeriod="5 seconds">

    <property resource="application.properties"></property>

    <appender name="youpinLogAppender" class="com.xiaomi.youpin.jcommon.log.YouPinLogAppender">
        <appName>mi-api</appName>
        <group>${youpin.log.group}</group>
        <talosTopicName>${talos.topic}</talosTopicName>
        <talosSendpoint>${talos.sendpoint}</talosSendpoint>
        <talosAccessKey>${talos.access.key}</talosAccessKey>
        <talosAccessSecret>${talos.access.secret}</talosAccessSecret>
        <needCatLog>true</needCatLog>
    </appender>

    <appender name="fileAppender" class="ch.qos.logback.core.rolling.RollingFileAppender">
        <file>${log.path}/mi-api/server.log</file>
        <encoder>
            <pattern>%d|%-5level|%X{trace_id}|%thread|%logger{40}|%msg%n</pattern>
        </encoder>
        <rollingPolicy class="ch.qos.logback.core.rolling.TimeBasedRollingPolicy">
            <fileNamePattern>${log.path}/MiApiManager/server.log.%d{yyyy-MM-dd-HH}</fileNamePattern>
        </rollingPolicy>
    </appender>


    <appender name="errorAppender" class="ch.qos.logback.core.rolling.RollingFileAppender">
        <file>${log.path}/mi-api/error.log</file>
        <encoder>
            <pattern>%d|%-5level|%thread|%logger{40}|%L|%msg%n</pattern>
        </encoder>
        <rollingPolicy class="ch.qos.logback.core.rolling.TimeBasedRollingPolicy">
            <fileNamePattern>${log.path}/mi-api/error.log.%d{yyyy-MM-dd-HH}</fileNamePattern>
        </rollingPolicy>
        <filter class="ch.qos.logback.classic.filter.LevelFilter">
            <level>ERROR</level>
            <onMatch>ACCEPT</onMatch>
            <onMismatch>DENY</onMismatch>
        </filter>
    </appender>

    <appender name="STDOUT" class="ch.qos.logback.core.ConsoleAppender">
        <encoder>
            <pattern>%d|%-5level|%thread|%logger{40}|%L|%msg%n</pattern>
        </encoder>
    </appender>

    <logger name="org.springframework" level="ERROR"/>
    <logger name="ch.qos.logback" level="ERROR"/>
    <logger name="com.xiaomi.data.push.service.state" level="ERROR"/>
    <logger name="org.reflections.Reflections" level="ERROR"/>

    <root level="INFO">
        <appender-ref ref="STDOUT"/>
        <appender-ref ref="errorAppender"/>
        <appender-ref ref="fileAppender"/>
        <appender-ref ref="youpinLogAppender"/>
    </root>

</configuration>