"article_id","title","content"
1,"Reset Password","To reset your password, go to the login page, click 'Forgot Password,' and enter your email to receive a reset link. Article 1 details: Contact support if issues persist."
2,"Billing Issue - Unexpected Charge","If you see an unexpected charge, log into your account, navigate to 'Billing History,' and review recent transactions. Article 2 details: Contact support if issues persist."
3,"Account Setup - New User","To set up a new account, visit the registration page, provide your email and a strong password, and verify your email. Article 3 details: Contact support if issues persist."
4,"Track Delivery Status","Check your delivery status by logging into your account and visiting the 'Order Tracking' section. Article 4 details: Contact support if issues persist."
5,"Troubleshoot Login Issues","If you can't log in, ensure your email and password are correct. Try resetting your password or clearing your browser cache. Article 5 details: Contact support if issues persist."
6,"Refund Request Process","To request a refund, go to the 'Orders' page, select the order, and click 'Request Refund.' Article 6 details: Contact support if issues persist."
7,"Update Billing Information","Update your billing information in the 'Account Settings' under 'Payment Methods.' Article 7 details: Contact support if issues persist."
8,"Change Account Email","To change your account email, go to 'Account Settings,' select 'Change Email,' and enter a new email. Article 8 details: Contact support if issues persist."
9,"Cancel Subscription","To cancel your subscription, navigate to 'Subscriptions,' select the active plan, and click 'Cancel.' Article 9 details: Contact support if issues persist."
10,"Product Not Working","If your product isn't working, check the user manual for troubleshooting steps. Article 10 details: Contact support if issues persist."
11,"Reset Password","To reset your password, go to the login page, click 'Forgot Password,' and enter your email to receive a reset link. Article 11 details: Contact support if issues persist."
12,"Billing Issue - Unexpected Charge","If you see an unexpected charge, log into your account, navigate to 'Billing History,' and review recent transactions. Article 12 details: Contact support if issues persist."
13,"Account Setup - New User","To set up a new account, visit the registration page, provide your email and a strong password, and verify your email. Article 13 details: Contact support if issues persist."
14,"Track Delivery Status","Check your delivery status by logging into your account and visiting the 'Order Tracking' section. Article 14 details: Contact support if issues persist."
15,"Troubleshoot Login Issues","If you can't log in, ensure your email and password are correct. Try resetting your password or clearing your browser cache. Article 15 details: Contact support if issues persist."
16,"Refund Request Process","To request a refund, go to the 'Orders' page, select the order, and click 'Request Refund.' Article 16 details: Contact support if issues persist."
17,"Update Billing Information","Update your billing information in the 'Account Settings' under 'Payment Methods.' Article 17 details: Contact support if issues persist."
18,"Change Account Email","To change your account email, go to 'Account Settings,' select 'Change Email,' and enter a new email. Article 18 details: Contact support if issues persist."
19,"Cancel Subscription","To cancel your subscription, navigate to 'Subscriptions,' select the active plan, and click 'Cancel.' Article 19 details: Contact support if issues persist."
20,"Product Not Working","If your product isn't working, check the user manual for troubleshooting steps. Article 20 details: Contact support if issues persist."
21,"Reset Password","To reset your password, go to the login page, click 'Forgot Password,' and enter your email to receive a reset link. Article 21 details: Contact support if issues persist."
22,"Billing Issue - Unexpected Charge","If you see an unexpected charge, log into your account, navigate to 'Billing History,' and review recent transactions. Article 22 details: Contact support if issues persist."
23,"Account Setup - New User","To set up a new account, visit the registration page, provide your email and a strong password, and verify your email. Article 23 details: Contact support if issues persist."
24,"Track Delivery Status","Check your delivery status by logging into your account and visiting the 'Order Tracking' section. Article 24 details: Contact support if issues persist."
25,"Troubleshoot Login Issues","If you can't log in, ensure your email and password are correct. Try resetting your password or clearing your browser cache. Article 25 details: Contact support if issues persist."
26,"Refund Request Process","To request a refund, go to the 'Orders' page, select the order, and click 'Request Refund.' Article 26 details: Contact support if issues persist."
27,"Update Billing Information","Update your billing information in the 'Account Settings' under 'Payment Methods.' Article 27 details: Contact support if issues persist."
28,"Change Account Email","To change your account email, go to 'Account Settings,' select 'Change Email,' and enter a new email. Article 28 details: Contact support if issues persist."
29,"Cancel Subscription","To cancel your subscription, navigate to 'Subscriptions,' select the active plan, and click 'Cancel.' Article 29 details: Contact support if issues persist."
30,"Product Not Working","If your product isn't working, check the user manual for troubleshooting steps. Article 30 details: Contact support if issues persist."
31,"Reset Password","To reset your password, go to the login page, click 'Forgot Password,' and enter your email to receive a reset link. Article 31 details: Contact support if issues persist."
32,"Billing Issue - Unexpected Charge","If you see an unexpected charge, log into your account, navigate to 'Billing History,' and review recent transactions. Article 32 details: Contact support if issues persist."
33,"Account Setup - New User","To set up a new account, visit the registration page, provide your email and a strong password, and verify your email. Article 33 details: Contact support if issues persist."
34,"Track Delivery Status","Check your delivery status by logging into your account and visiting the 'Order Tracking' section. Article 34 details: Contact support if issues persist."
35,"Troubleshoot Login Issues","If you can't log in, ensure your email and password are correct. Try resetting your password or clearing your browser cache. Article 35 details: Contact support if issues persist."
36,"Refund Request Process","To request a refund, go to the 'Orders' page, select the order, and click 'Request Refund.' Article 36 details: Contact support if issues persist."
37,"Update Billing Information","Update your billing information in the 'Account Settings' under 'Payment Methods.' Article 37 details: Contact support if issues persist."
38,"Change Account Email","To change your account email, go to 'Account Settings,' select 'Change Email,' and enter a new email. Article 38 details: Contact support if issues persist."
39,"Cancel Subscription","To cancel your subscription, navigate to 'Subscriptions,' select the active plan, and click 'Cancel.' Article 39 details: Contact support if issues persist."
40,"Product Not Working","If your product isn't working, check the user manual for troubleshooting steps. Article 40 details: Contact support if issues persist."
41,"Reset Password","To reset your password, go to the login page, click 'Forgot Password,' and enter your email to receive a reset link. Article 41 details: Contact support if issues persist."
42,"Billing Issue - Unexpected Charge","If you see an unexpected charge, log into your account, navigate to 'Billing History,' and review recent transactions. Article 42 details: Contact support if issues persist."
43,"Account Setup - New User","To set up a new account, visit the registration page, provide your email and a strong password, and verify your email. Article 43 details: Contact support if issues persist."
44,"Track Delivery Status","Check your delivery status by logging into your account and visiting the 'Order Tracking' section. Article 44 details: Contact support if issues persist."
45,"Troubleshoot Login Issues","If you can't log in, ensure your email and password are correct. Try resetting your password or clearing your browser cache. Article 45 details: Contact support if issues persist."
46,"Refund Request Process","To request a refund, go to the 'Orders' page, select the order, and click 'Request Refund.' Article 46 details: Contact support if issues persist."
47,"Update Billing Information","Update your billing information in the 'Account Settings' under 'Payment Methods.' Article 47 details: Contact support if issues persist."
48,"Change Account Email","To change your account email, go to 'Account Settings,' select 'Change Email,' and enter a new email. Article 48 details: Contact support if issues persist."
49,"Cancel Subscription","To cancel your subscription, navigate to 'Subscriptions,' select the active plan, and click 'Cancel.' Article 49 details: Contact support if issues persist."
50,"Product Not Working","If your product isn't working, check the user manual for troubleshooting steps. Article 50 details: Contact support if issues persist."
51,"Reset Password","To reset your password, go to the login page, click 'Forgot Password,' and enter your email to receive a reset link. Article 51 details: Contact support if issues persist."
52,"Billing Issue - Unexpected Charge","If you see an unexpected charge, log into your account, navigate to 'Billing History,' and review recent transactions. Article 52 details: Contact support if issues persist."
53,"Account Setup - New User","To set up a new account, visit the registration page, provide your email and a strong password, and verify your email. Article 53 details: Contact support if issues persist."
54,"Track Delivery Status","Check your delivery status by logging into your account and visiting the 'Order Tracking' section. Article 54 details: Contact support if issues persist."
55,"Troubleshoot Login Issues","If you can't log in, ensure your email and password are correct. Try resetting your password or clearing your browser cache. Article 55 details: Contact support if issues persist."
56,"Refund Request Process","To request a refund, go to the 'Orders' page, select the order, and click 'Request Refund.' Article 56 details: Contact support if issues persist."
57,"Update Billing Information","Update your billing information in the 'Account Settings' under 'Payment Methods.' Article 57 details: Contact support if issues persist."
58,"Change Account Email","To change your account email, go to 'Account Settings,' select 'Change Email,' and enter a new email. Article 58 details: Contact support if issues persist."
59,"Cancel Subscription","To cancel your subscription, navigate to 'Subscriptions,' select the active plan, and click 'Cancel.' Article 59 details: Contact support if issues persist."
60,"Product Not Working","If your product isn't working, check the user manual for troubleshooting steps. Article 60 details: Contact support if issues persist."
61,"Reset Password","To reset your password, go to the login page, click 'Forgot Password,' and enter your email to receive a reset link. Article 61 details: Contact support if issues persist."
62,"Billing Issue - Unexpected Charge","If you see an unexpected charge, log into your account, navigate to 'Billing History,' and review recent transactions. Article 62 details: Contact support if issues persist."
63,"Account Setup - New User","To set up a new account, visit the registration page, provide your email and a strong password, and verify your email. Article 63 details: Contact support if issues persist."
64,"Track Delivery Status","Check your delivery status by logging into your account and visiting the 'Order Tracking' section. Article 64 details: Contact support if issues persist."
65,"Troubleshoot Login Issues","If you can't log in, ensure your email and password are correct. Try resetting your password or clearing your browser cache. Article 65 details: Contact support if issues persist."
66,"Refund Request Process","To request a refund, go to the 'Orders' page, select the order, and click 'Request Refund.' Article 66 details: Contact support if issues persist."
67,"Update Billing Information","Update your billing information in the 'Account Settings' under 'Payment Methods.' Article 67 details: Contact support if issues persist."
68,"Change Account Email","To change your account email, go to 'Account Settings,' select 'Change Email,' and enter a new email. Article 68 details: Contact support if issues persist."
69,"Cancel Subscription","To cancel your subscription, navigate to 'Subscriptions,' select the active plan, and click 'Cancel.' Article 69 details: Contact support if issues persist."
70,"Product Not Working","If your product isn't working, check the user manual for troubleshooting steps. Article 70 details: Contact support if issues persist."
71,"Reset Password","To reset your password, go to the login page, click 'Forgot Password,' and enter your email to receive a reset link. Article 71 details: Contact support if issues persist."
72,"Billing Issue - Unexpected Charge","If you see an unexpected charge, log into your account, navigate to 'Billing History,' and review recent transactions. Article 72 details: Contact support if issues persist."
73,"Account Setup - New User","To set up a new account, visit the registration page, provide your email and a strong password, and verify your email. Article 73 details: Contact support if issues persist."
74,"Track Delivery Status","Check your delivery status by logging into your account and visiting the 'Order Tracking' section. Article 74 details: Contact support if issues persist."
75,"Troubleshoot Login Issues","If you can't log in, ensure your email and password are correct. Try resetting your password or clearing your browser cache. Article 75 details: Contact support if issues persist."
76,"Refund Request Process","To request a refund, go to the 'Orders' page, select the order, and click 'Request Refund.' Article 76 details: Contact support if issues persist."
77,"Update Billing Information","Update your billing information in the 'Account Settings' under 'Payment Methods.' Article 77 details: Contact support if issues persist."
78,"Change Account Email","To change your account email, go to 'Account Settings,' select 'Change Email,' and enter a new email. Article 78 details: Contact support if issues persist."
79,"Cancel Subscription","To cancel your subscription, navigate to 'Subscriptions,' select the active plan, and click 'Cancel.' Article 79 details: Contact support if issues persist."
80,"Product Not Working","If your product isn't working, check the user manual for troubleshooting steps. Article 80 details: Contact support if issues persist."
81,"Reset Password","To reset your password, go to the login page, click 'Forgot Password,' and enter your email to receive a reset link. Article 81 details: Contact support if issues persist."
82,"Billing Issue - Unexpected Charge","If you see an unexpected charge, log into your account, navigate to 'Billing History,' and review recent transactions. Article 82 details: Contact support if issues persist."
83,"Account Setup - New User","To set up a new account, visit the registration page, provide your email and a strong password, and verify your email. Article 83 details: Contact support if issues persist."
84,"Track Delivery Status","Check your delivery status by logging into your account and visiting the 'Order Tracking' section. Article 84 details: Contact support if issues persist."
85,"Troubleshoot Login Issues","If you can't log in, ensure your email and password are correct. Try resetting your password or clearing your browser cache. Article 85 details: Contact support if issues persist."
86,"Refund Request Process","To request a refund, go to the 'Orders' page, select the order, and click 'Request Refund.' Article 86 details: Contact support if issues persist."
87,"Update Billing Information","Update your billing information in the 'Account Settings' under 'Payment Methods.' Article 87 details: Contact support if issues persist."
88,"Change Account Email","To change your account email, go to 'Account Settings,' select 'Change Email,' and enter a new email. Article 88 details: Contact support if issues persist."
89,"Cancel Subscription","To cancel your subscription, navigate to 'Subscriptions,' select the active plan, and click 'Cancel.' Article 89 details: Contact support if issues persist."
90,"Product Not Working","If your product isn't working, check the user manual for troubleshooting steps. Article 90 details: Contact support if issues persist."
91,"Reset Password","To reset your password, go to the login page, click 'Forgot Password,' and enter your email to receive a reset link. Article 91 details: Contact support if issues persist."
92,"Billing Issue - Unexpected Charge","If you see an unexpected charge, log into your account, navigate to 'Billing History,' and review recent transactions. Article 92 details: Contact support if issues persist."
93,"Account Setup - New User","To set up a new account, visit the registration page, provide your email and a strong password, and verify your email. Article 93 details: Contact support if issues persist."
94,"Track Delivery Status","Check your delivery status by logging into your account and visiting the 'Order Tracking' section. Article 94 details: Contact support if issues persist."
95,"Troubleshoot Login Issues","If you can't log in, ensure your email and password are correct. Try resetting your password or clearing your browser cache. Article 95 details: Contact support if issues persist."
96,"Refund Request Process","To request a refund, go to the 'Orders' page, select the order, and click 'Request Refund.' Article 96 details: Contact support if issues persist."
97,"Update Billing Information","Update your billing information in the 'Account Settings' under 'Payment Methods.' Article 97 details: Contact support if issues persist."
98,"Change Account Email","To change your account email, go to 'Account Settings,' select 'Change Email,' and enter a new email. Article 98 details: Contact support if issues persist."
99,"Cancel Subscription","To cancel your subscription, navigate to 'Subscriptions,' select the active plan, and click 'Cancel.' Article 99 details: Contact support if issues persist."
100,"Product Not Working","If your product isn't working, check the user manual for troubleshooting steps. Article 100 details: Contact support if issues persist."
101,"Reset Password","To reset your password, go to the login page, click 'Forgot Password,' and enter your email to receive a reset link. Article 101 details: Contact support if issues persist."
102,"Billing Issue - Unexpected Charge","If you see an unexpected charge, log into your account, navigate to 'Billing History,' and review recent transactions. Article 102 details: Contact support if issues persist."
103,"Account Setup - New User","To set up a new account, visit the registration page, provide your email and a strong password, and verify your email. Article 103 details: Contact support if issues persist."
104,"Track Delivery Status","Check your delivery status by logging into your account and visiting the 'Order Tracking' section. Article 104 details: Contact support if issues persist."
105,"Troubleshoot Login Issues","If you can't log in, ensure your email and password are correct. Try resetting your password or clearing your browser cache. Article 105 details: Contact support if issues persist."
106,"Refund Request Process","To request a refund, go to the 'Orders' page, select the order, and click 'Request Refund.' Article 106 details: Contact support if issues persist."
107,"Update Billing Information","Update your billing information in the 'Account Settings' under 'Payment Methods.' Article 107 details: Contact support if issues persist."
108,"Change Account Email","To change your account email, go to 'Account Settings,' select 'Change Email,' and enter a new email. Article 108 details: Contact support if issues persist."
109,"Cancel Subscription","To cancel your subscription, navigate to 'Subscriptions,' select the active plan, and click 'Cancel.' Article 109 details: Contact support if issues persist."
110,"Product Not Working","If your product isn't working, check the user manual for troubleshooting steps. Article 110 details: Contact support if issues persist."
111,"Reset Password","To reset your password, go to the login page, click 'Forgot Password,' and enter your email to receive a reset link. Article 111 details: Contact support if issues persist."
112,"Billing Issue - Unexpected Charge","If you see an unexpected charge, log into your account, navigate to 'Billing History,' and review recent transactions. Article 112 details: Contact support if issues persist."
113,"Account Setup - New User","To set up a new account, visit the registration page, provide your email and a strong password, and verify your email. Article 113 details: Contact support if issues persist."
114,"Track Delivery Status","Check your delivery status by logging into your account and visiting the 'Order Tracking' section. Article 114 details: Contact support if issues persist."
115,"Troubleshoot Login Issues","If you can't log in, ensure your email and password are correct. Try resetting your password or clearing your browser cache. Article 115 details: Contact support if issues persist."
116,"Refund Request Process","To request a refund, go to the 'Orders' page, select the order, and click 'Request Refund.' Article 116 details: Contact support if issues persist."
117,"Update Billing Information","Update your billing information in the 'Account Settings' under 'Payment Methods.' Article 117 details: Contact support if issues persist."
118,"Change Account Email","To change your account email, go to 'Account Settings,' select 'Change Email,' and enter a new email. Article 118 details: Contact support if issues persist."
119,"Cancel Subscription","To cancel your subscription, navigate to 'Subscriptions,' select the active plan, and click 'Cancel.' Article 119 details: Contact support if issues persist."
120,"Product Not Working","If your product isn't working, check the user manual for troubleshooting steps. Article 120 details: Contact support if issues persist."
121,"Reset Password","To reset your password, go to the login page, click 'Forgot Password,' and enter your email to receive a reset link. Article 121 details: Contact support if issues persist."
122,"Billing Issue - Unexpected Charge","If you see an unexpected charge, log into your account, navigate to 'Billing History,' and review recent transactions. Article 122 details: Contact support if issues persist."
123,"Account Setup - New User","To set up a new account, visit the registration page, provide your email and a strong password, and verify your email. Article 123 details: Contact support if issues persist."
124,"Track Delivery Status","Check your delivery status by logging into your account and visiting the 'Order Tracking' section. Article 124 details: Contact support if issues persist."
125,"Troubleshoot Login Issues","If you can't log in, ensure your email and password are correct. Try resetting your password or clearing your browser cache. Article 125 details: Contact support if issues persist."
126,"Refund Request Process","To request a refund, go to the 'Orders' page, select the order, and click 'Request Refund.' Article 126 details: Contact support if issues persist."
127,"Update Billing Information","Update your billing information in the 'Account Settings' under 'Payment Methods.' Article 127 details: Contact support if issues persist."
128,"Change Account Email","To change your account email, go to 'Account Settings,' select 'Change Email,' and enter a new email. Article 128 details: Contact support if issues persist."
129,"Cancel Subscription","To cancel your subscription, navigate to 'Subscriptions,' select the active plan, and click 'Cancel.' Article 129 details: Contact support if issues persist."
130,"Product Not Working","If your product isn't working, check the user manual for troubleshooting steps. Article 130 details: Contact support if issues persist."
131,"Reset Password","To reset your password, go to the login page, click 'Forgot Password,' and enter your email to receive a reset link. Article 131 details: Contact support if issues persist."
132,"Billing Issue - Unexpected Charge","If you see an unexpected charge, log into your account, navigate to 'Billing History,' and review recent transactions. Article 132 details: Contact support if issues persist."
133,"Account Setup - New User","To set up a new account, visit the registration page, provide your email and a strong password, and verify your email. Article 133 details: Contact support if issues persist."
134,"Track Delivery Status","Check your delivery status by logging into your account and visiting the 'Order Tracking' section. Article 134 details: Contact support if issues persist."
135,"Troubleshoot Login Issues","If you can't log in, ensure your email and password are correct. Try resetting your password or clearing your browser cache. Article 135 details: Contact support if issues persist."
136,"Refund Request Process","To request a refund, go to the 'Orders' page, select the order, and click 'Request Refund.' Article 136 details: Contact support if issues persist."
137,"Update Billing Information","Update your billing information in the 'Account Settings' under 'Payment Methods.' Article 137 details: Contact support if issues persist."
138,"Change Account Email","To change your account email, go to 'Account Settings,' select 'Change Email,' and enter a new email. Article 138 details: Contact support if issues persist."
139,"Cancel Subscription","To cancel your subscription, navigate to 'Subscriptions,' select the active plan, and click 'Cancel.' Article 139 details: Contact support if issues persist."
140,"Product Not Working","If your product isn't working, check the user manual for troubleshooting steps. Article 140 details: Contact support if issues persist."
141,"Reset Password","To reset your password, go to the login page, click 'Forgot Password,' and enter your email to receive a reset link. Article 141 details: Contact support if issues persist."
142,"Billing Issue - Unexpected Charge","If you see an unexpected charge, log into your account, navigate to 'Billing History,' and review recent transactions. Article 142 details: Contact support if issues persist."
143,"Account Setup - New User","To set up a new account, visit the registration page, provide your email and a strong password, and verify your email. Article 143 details: Contact support if issues persist."
144,"Track Delivery Status","Check your delivery status by logging into your account and visiting the 'Order Tracking' section. Article 144 details: Contact support if issues persist."
145,"Troubleshoot Login Issues","If you can't log in, ensure your email and password are correct. Try resetting your password or clearing your browser cache. Article 145 details: Contact support if issues persist."
146,"Refund Request Process","To request a refund, go to the 'Orders' page, select the order, and click 'Request Refund.' Article 146 details: Contact support if issues persist."
147,"Update Billing Information","Update your billing information in the 'Account Settings' under 'Payment Methods.' Article 147 details: Contact support if issues persist."
148,"Change Account Email","To change your account email, go to 'Account Settings,' select 'Change Email,' and enter a new email. Article 148 details: Contact support if issues persist."
149,"Cancel Subscription","To cancel your subscription, navigate to 'Subscriptions,' select the active plan, and click 'Cancel.' Article 149 details: Contact support if issues persist."
150,"Product Not Working","If your product isn't working, check the user manual for troubleshooting steps. Article 150 details: Contact support if issues persist."
151,"Reset Password","To reset your password, go to the login page, click 'Forgot Password,' and enter your email to receive a reset link. Article 151 details: Contact support if issues persist."
152,"Billing Issue - Unexpected Charge","If you see an unexpected charge, log into your account, navigate to 'Billing History,' and review recent transactions. Article 152 details: Contact support if issues persist."
153,"Account Setup - New User","To set up a new account, visit the registration page, provide your email and a strong password, and verify your email. Article 153 details: Contact support if issues persist."
154,"Track Delivery Status","Check your delivery status by logging into your account and visiting the 'Order Tracking' section. Article 154 details: Contact support if issues persist."
155,"Troubleshoot Login Issues","If you can't log in, ensure your email and password are correct. Try resetting your password or clearing your browser cache. Article 155 details: Contact support if issues persist."
156,"Refund Request Process","To request a refund, go to the 'Orders' page, select the order, and click 'Request Refund.' Article 156 details: Contact support if issues persist."
157,"Update Billing Information","Update your billing information in the 'Account Settings' under 'Payment Methods.' Article 157 details: Contact support if issues persist."
158,"Change Account Email","To change your account email, go to 'Account Settings,' select 'Change Email,' and enter a new email. Article 158 details: Contact support if issues persist."
159,"Cancel Subscription","To cancel your subscription, navigate to 'Subscriptions,' select the active plan, and click 'Cancel.' Article 159 details: Contact support if issues persist."
160,"Product Not Working","If your product isn't working, check the user manual for troubleshooting steps. Article 160 details: Contact support if issues persist."
161,"Reset Password","To reset your password, go to the login page, click 'Forgot Password,' and enter your email to receive a reset link. Article 161 details: Contact support if issues persist."
162,"Billing Issue - Unexpected Charge","If you see an unexpected charge, log into your account, navigate to 'Billing History,' and review recent transactions. Article 162 details: Contact support if issues persist."
163,"Account Setup - New User","To set up a new account, visit the registration page, provide your email and a strong password, and verify your email. Article 163 details: Contact support if issues persist."
164,"Track Delivery Status","Check your delivery status by logging into your account and visiting the 'Order Tracking' section. Article 164 details: Contact support if issues persist."
165,"Troubleshoot Login Issues","If you can't log in, ensure your email and password are correct. Try resetting your password or clearing your browser cache. Article 165 details: Contact support if issues persist."
166,"Refund Request Process","To request a refund, go to the 'Orders' page, select the order, and click 'Request Refund.' Article 166 details: Contact support if issues persist."
167,"Update Billing Information","Update your billing information in the 'Account Settings' under 'Payment Methods.' Article 167 details: Contact support if issues persist."
168,"Change Account Email","To change your account email, go to 'Account Settings,' select 'Change Email,' and enter a new email. Article 168 details: Contact support if issues persist."
169,"Cancel Subscription","To cancel your subscription, navigate to 'Subscriptions,' select the active plan, and click 'Cancel.' Article 169 details: Contact support if issues persist."
170,"Product Not Working","If your product isn't working, check the user manual for troubleshooting steps. Article 170 details: Contact support if issues persist."
171,"Reset Password","To reset your password, go to the login page, click 'Forgot Password,' and enter your email to receive a reset link. Article 171 details: Contact support if issues persist."
172,"Billing Issue - Unexpected Charge","If you see an unexpected charge, log into your account, navigate to 'Billing History,' and review recent transactions. Article 172 details: Contact support if issues persist."
173,"Account Setup - New User","To set up a new account, visit the registration page, provide your email and a strong password, and verify your email. Article 173 details: Contact support if issues persist."
174,"Track Delivery Status","Check your delivery status by logging into your account and visiting the 'Order Tracking' section. Article 174 details: Contact support if issues persist."
175,"Troubleshoot Login Issues","If you can't log in, ensure your email and password are correct. Try resetting your password or clearing your browser cache. Article 175 details: Contact support if issues persist."
176,"Refund Request Process","To request a refund, go to the 'Orders' page, select the order, and click 'Request Refund.' Article 176 details: Contact support if issues persist."
177,"Update Billing Information","Update your billing information in the 'Account Settings' under 'Payment Methods.' Article 177 details: Contact support if issues persist."
178,"Change Account Email","To change your account email, go to 'Account Settings,' select 'Change Email,' and enter a new email. Article 178 details: Contact support if issues persist."
179,"Cancel Subscription","To cancel your subscription, navigate to 'Subscriptions,' select the active plan, and click 'Cancel.' Article 179 details: Contact support if issues persist."
180,"Product Not Working","If your product isn't working, check the user manual for troubleshooting steps. Article 180 details: Contact support if issues persist."
181,"Reset Password","To reset your password, go to the login page, click 'Forgot Password,' and enter your email to receive a reset link. Article 181 details: Contact support if issues persist."
182,"Billing Issue - Unexpected Charge","If you see an unexpected charge, log into your account, navigate to 'Billing History,' and review recent transactions. Article 182 details: Contact support if issues persist."
183,"Account Setup - New User","To set up a new account, visit the registration page, provide your email and a strong password, and verify your email. Article 183 details: Contact support if issues persist."
184,"Track Delivery Status","Check your delivery status by logging into your account and visiting the 'Order Tracking' section. Article 184 details: Contact support if issues persist."
185,"Troubleshoot Login Issues","If you can't log in, ensure your email and password are correct. Try resetting your password or clearing your browser cache. Article 185 details: Contact support if issues persist."
186,"Refund Request Process","To request a refund, go to the 'Orders' page, select the order, and click 'Request Refund.' Article 186 details: Contact support if issues persist."
187,"Update Billing Information","Update your billing information in the 'Account Settings' under 'Payment Methods.' Article 187 details: Contact support if issues persist."
188,"Change Account Email","To change your account email, go to 'Account Settings,' select 'Change Email,' and enter a new email. Article 188 details: Contact support if issues persist."
189,"Cancel Subscription","To cancel your subscription, navigate to 'Subscriptions,' select the active plan, and click 'Cancel.' Article 189 details: Contact support if issues persist."
190,"Product Not Working","If your product isn't working, check the user manual for troubleshooting steps. Article 190 details: Contact support if issues persist."
191,"Reset Password","To reset your password, go to the login page, click 'Forgot Password,' and enter your email to receive a reset link. Article 191 details: Contact support if issues persist."
192,"Billing Issue - Unexpected Charge","If you see an unexpected charge, log into your account, navigate to 'Billing History,' and review recent transactions. Article 192 details: Contact support if issues persist."
193,"Account Setup - New User","To set up a new account, visit the registration page, provide your email and a strong password, and verify your email. Article 193 details: Contact support if issues persist."
194,"Track Delivery Status","Check your delivery status by logging into your account and visiting the 'Order Tracking' section. Article 194 details: Contact support if issues persist."
195,"Troubleshoot Login Issues","If you can't log in, ensure your email and password are correct. Try resetting your password or clearing your browser cache. Article 195 details: Contact support if issues persist."
196,"Refund Request Process","To request a refund, go to the 'Orders' page, select the order, and click 'Request Refund.' Article 196 details: Contact support if issues persist."
197,"Update Billing Information","Update your billing information in the 'Account Settings' under 'Payment Methods.' Article 197 details: Contact support if issues persist."
198,"Change Account Email","To change your account email, go to 'Account Settings,' select 'Change Email,' and enter a new email. Article 198 details: Contact support if issues persist."
199,"Cancel Subscription","To cancel your subscription, navigate to 'Subscriptions,' select the active plan, and click 'Cancel.' Article 199 details: Contact support if issues persist."
200,"Product Not Working","If your product isn't working, check the user manual for troubleshooting steps. Article 200 details: Contact support if issues persist."
201,"Reset Password","To reset your password, go to the login page, click 'Forgot Password,' and enter your email to receive a reset link. Article 201 details: Contact support if issues persist."
202,"Billing Issue - Unexpected Charge","If you see an unexpected charge, log into your account, navigate to 'Billing History,' and review recent transactions. Article 202 details: Contact support if issues persist."
203,"Account Setup - New User","To set up a new account, visit the registration page, provide your email and a strong password, and verify your email. Article 203 details: Contact support if issues persist."
204,"Track Delivery Status","Check your delivery status by logging into your account and visiting the 'Order Tracking' section. Article 204 details: Contact support if issues persist."
205,"Troubleshoot Login Issues","If you can't log in, ensure your email and password are correct. Try resetting your password or clearing your browser cache. Article 205 details: Contact support if issues persist."
206,"Refund Request Process","To request a refund, go to the 'Orders' page, select the order, and click 'Request Refund.' Article 206 details: Contact support if issues persist."
207,"Update Billing Information","Update your billing information in the 'Account Settings' under 'Payment Methods.' Article 207 details: Contact support if issues persist."
208,"Change Account Email","To change your account email, go to 'Account Settings,' select 'Change Email,' and enter a new email. Article 208 details: Contact support if issues persist."
209,"Cancel Subscription","To cancel your subscription, navigate to 'Subscriptions,' select the active plan, and click 'Cancel.' Article 209 details: Contact support if issues persist."
210,"Product Not Working","If your product isn't working, check the user manual for troubleshooting steps. Article 210 details: Contact support if issues persist."
211,"Reset Password","To reset your password, go to the login page, click 'Forgot Password,' and enter your email to receive a reset link. Article 211 details: Contact support if issues persist."
212,"Billing Issue - Unexpected Charge","If you see an unexpected charge, log into your account, navigate to 'Billing History,' and review recent transactions. Article 212 details: Contact support if issues persist."
213,"Account Setup - New User","To set up a new account, visit the registration page, provide your email and a strong password, and verify your email. Article 213 details: Contact support if issues persist."
214,"Track Delivery Status","Check your delivery status by logging into your account and visiting the 'Order Tracking' section. Article 214 details: Contact support if issues persist."
215,"Troubleshoot Login Issues","If you can't log in, ensure your email and password are correct. Try resetting your password or clearing your browser cache. Article 215 details: Contact support if issues persist."
216,"Refund Request Process","To request a refund, go to the 'Orders' page, select the order, and click 'Request Refund.' Article 216 details: Contact support if issues persist."
217,"Update Billing Information","Update your billing information in the 'Account Settings' under 'Payment Methods.' Article 217 details: Contact support if issues persist."
218,"Change Account Email","To change your account email, go to 'Account Settings,' select 'Change Email,' and enter a new email. Article 218 details: Contact support if issues persist."
219,"Cancel Subscription","To cancel your subscription, navigate to 'Subscriptions,' select the active plan, and click 'Cancel.' Article 219 details: Contact support if issues persist."
220,"Product Not Working","If your product isn't working, check the user manual for troubleshooting steps. Article 220 details: Contact support if issues persist."
221,"Reset Password","To reset your password, go to the login page, click 'Forgot Password,' and enter your email to receive a reset link. Article 221 details: Contact support if issues persist."
222,"Billing Issue - Unexpected Charge","If you see an unexpected charge, log into your account, navigate to 'Billing History,' and review recent transactions. Article 222 details: Contact support if issues persist."
223,"Account Setup - New User","To set up a new account, visit the registration page, provide your email and a strong password, and verify your email. Article 223 details: Contact support if issues persist."
224,"Track Delivery Status","Check your delivery status by logging into your account and visiting the 'Order Tracking' section. Article 224 details: Contact support if issues persist."
225,"Troubleshoot Login Issues","If you can't log in, ensure your email and password are correct. Try resetting your password or clearing your browser cache. Article 225 details: Contact support if issues persist."
226,"Refund Request Process","To request a refund, go to the 'Orders' page, select the order, and click 'Request Refund.' Article 226 details: Contact support if issues persist."
227,"Update Billing Information","Update your billing information in the 'Account Settings' under 'Payment Methods.' Article 227 details: Contact support if issues persist."
228,"Change Account Email","To change your account email, go to 'Account Settings,' select 'Change Email,' and enter a new email. Article 228 details: Contact support if issues persist."
229,"Cancel Subscription","To cancel your subscription, navigate to 'Subscriptions,' select the active plan, and click 'Cancel.' Article 229 details: Contact support if issues persist."
230,"Product Not Working","If your product isn't working, check the user manual for troubleshooting steps. Article 230 details: Contact support if issues persist."
231,"Reset Password","To reset your password, go to the login page, click 'Forgot Password,' and enter your email to receive a reset link. Article 231 details: Contact support if issues persist."
232,"Billing Issue - Unexpected Charge","If you see an unexpected charge, log into your account, navigate to 'Billing History,' and review recent transactions. Article 232 details: Contact support if issues persist."
233,"Account Setup - New User","To set up a new account, visit the registration page, provide your email and a strong password, and verify your email. Article 233 details: Contact support if issues persist."
234,"Track Delivery Status","Check your delivery status by logging into your account and visiting the 'Order Tracking' section. Article 234 details: Contact support if issues persist."
235,"Troubleshoot Login Issues","If you can't log in, ensure your email and password are correct. Try resetting your password or clearing your browser cache. Article 235 details: Contact support if issues persist."
236,"Refund Request Process","To request a refund, go to the 'Orders' page, select the order, and click 'Request Refund.' Article 236 details: Contact support if issues persist."
237,"Update Billing Information","Update your billing information in the 'Account Settings' under 'Payment Methods.' Article 237 details: Contact support if issues persist."
238,"Change Account Email","To change your account email, go to 'Account Settings,' select 'Change Email,' and enter a new email. Article 238 details: Contact support if issues persist."
239,"Cancel Subscription","To cancel your subscription, navigate to 'Subscriptions,' select the active plan, and click 'Cancel.' Article 239 details: Contact support if issues persist."
240,"Product Not Working","If your product isn't working, check the user manual for troubleshooting steps. Article 240 details: Contact support if issues persist."
241,"Reset Password","To reset your password, go to the login page, click 'Forgot Password,' and enter your email to receive a reset link. Article 241 details: Contact support if issues persist."
242,"Billing Issue - Unexpected Charge","If you see an unexpected charge, log into your account, navigate to 'Billing History,' and review recent transactions. Article 242 details: Contact support if issues persist."
243,"Account Setup - New User","To set up a new account, visit the registration page, provide your email and a strong password, and verify your email. Article 243 details: Contact support if issues persist."
244,"Track Delivery Status","Check your delivery status by logging into your account and visiting the 'Order Tracking' section. Article 244 details: Contact support if issues persist."
245,"Troubleshoot Login Issues","If you can't log in, ensure your email and password are correct. Try resetting your password or clearing your browser cache. Article 245 details: Contact support if issues persist."
246,"Refund Request Process","To request a refund, go to the 'Orders' page, select the order, and click 'Request Refund.' Article 246 details: Contact support if issues persist."
247,"Update Billing Information","Update your billing information in the 'Account Settings' under 'Payment Methods.' Article 247 details: Contact support if issues persist."
248,"Change Account Email","To change your account email, go to 'Account Settings,' select 'Change Email,' and enter a new email. Article 248 details: Contact support if issues persist."
249,"Cancel Subscription","To cancel your subscription, navigate to 'Subscriptions,' select the active plan, and click 'Cancel.' Article 249 details: Contact support if issues persist."
250,"Product Not Working","If your product isn't working, check the user manual for troubleshooting steps. Article 250 details: Contact support if issues persist."
251,"Reset Password","To reset your password, go to the login page, click 'Forgot Password,' and enter your email to receive a reset link. Article 251 details: Contact support if issues persist."
252,"Billing Issue - Unexpected Charge","If you see an unexpected charge, log into your account, navigate to 'Billing History,' and review recent transactions. Article 252 details: Contact support if issues persist."
253,"Account Setup - New User","To set up a new account, visit the registration page, provide your email and a strong password, and verify your email. Article 253 details: Contact support if issues persist."
254,"Track Delivery Status","Check your delivery status by logging into your account and visiting the 'Order Tracking' section. Article 254 details: Contact support if issues persist."
255,"Troubleshoot Login Issues","If you can't log in, ensure your email and password are correct. Try resetting your password or clearing your browser cache. Article 255 details: Contact support if issues persist."
256,"Refund Request Process","To request a refund, go to the 'Orders' page, select the order, and click 'Request Refund.' Article 256 details: Contact support if issues persist."
257,"Update Billing Information","Update your billing information in the 'Account Settings' under 'Payment Methods.' Article 257 details: Contact support if issues persist."
258,"Change Account Email","To change your account email, go to 'Account Settings,' select 'Change Email,' and enter a new email. Article 258 details: Contact support if issues persist."
259,"Cancel Subscription","To cancel your subscription, navigate to 'Subscriptions,' select the active plan, and click 'Cancel.' Article 259 details: Contact support if issues persist."
260,"Product Not Working","If your product isn't working, check the user manual for troubleshooting steps. Article 260 details: Contact support if issues persist."
261,"Reset Password","To reset your password, go to the login page, click 'Forgot Password,' and enter your email to receive a reset link. Article 261 details: Contact support if issues persist."
262,"Billing Issue - Unexpected Charge","If you see an unexpected charge, log into your account, navigate to 'Billing History,' and review recent transactions. Article 262 details: Contact support if issues persist."
263,"Account Setup - New User","To set up a new account, visit the registration page, provide your email and a strong password, and verify your email. Article 263 details: Contact support if issues persist."
264,"Track Delivery Status","Check your delivery status by logging into your account and visiting the 'Order Tracking' section. Article 264 details: Contact support if issues persist."
265,"Troubleshoot Login Issues","If you can't log in, ensure your email and password are correct. Try resetting your password or clearing your browser cache. Article 265 details: Contact support if issues persist."
266,"Refund Request Process","To request a refund, go to the 'Orders' page, select the order, and click 'Request Refund.' Article 266 details: Contact support if issues persist."
267,"Update Billing Information","Update your billing information in the 'Account Settings' under 'Payment Methods.' Article 267 details: Contact support if issues persist."
268,"Change Account Email","To change your account email, go to 'Account Settings,' select 'Change Email,' and enter a new email. Article 268 details: Contact support if issues persist."
269,"Cancel Subscription","To cancel your subscription, navigate to 'Subscriptions,' select the active plan, and click 'Cancel.' Article 269 details: Contact support if issues persist."
270,"Product Not Working","If your product isn't working, check the user manual for troubleshooting steps. Article 270 details: Contact support if issues persist."
271,"Reset Password","To reset your password, go to the login page, click 'Forgot Password,' and enter your email to receive a reset link. Article 271 details: Contact support if issues persist."
272,"Billing Issue - Unexpected Charge","If you see an unexpected charge, log into your account, navigate to 'Billing History,' and review recent transactions. Article 272 details: Contact support if issues persist."
273,"Account Setup - New User","To set up a new account, visit the registration page, provide your email and a strong password, and verify your email. Article 273 details: Contact support if issues persist."
274,"Track Delivery Status","Check your delivery status by logging into your account and visiting the 'Order Tracking' section. Article 274 details: Contact support if issues persist."
275,"Troubleshoot Login Issues","If you can't log in, ensure your email and password are correct. Try resetting your password or clearing your browser cache. Article 275 details: Contact support if issues persist."
276,"Refund Request Process","To request a refund, go to the 'Orders' page, select the order, and click 'Request Refund.' Article 276 details: Contact support if issues persist."
277,"Update Billing Information","Update your billing information in the 'Account Settings' under 'Payment Methods.' Article 277 details: Contact support if issues persist."
278,"Change Account Email","To change your account email, go to 'Account Settings,' select 'Change Email,' and enter a new email. Article 278 details: Contact support if issues persist."
279,"Cancel Subscription","To cancel your subscription, navigate to 'Subscriptions,' select the active plan, and click 'Cancel.' Article 279 details: Contact support if issues persist."
280,"Product Not Working","If your product isn't working, check the user manual for troubleshooting steps. Article 280 details: Contact support if issues persist."
281,"Reset Password","To reset your password, go to the login page, click 'Forgot Password,' and enter your email to receive a reset link. Article 281 details: Contact support if issues persist."
282,"Billing Issue - Unexpected Charge","If you see an unexpected charge, log into your account, navigate to 'Billing History,' and review recent transactions. Article 282 details: Contact support if issues persist."
283,"Account Setup - New User","To set up a new account, visit the registration page, provide your email and a strong password, and verify your email. Article 283 details: Contact support if issues persist."
284,"Track Delivery Status","Check your delivery status by logging into your account and visiting the 'Order Tracking' section. Article 284 details: Contact support if issues persist."
285,"Troubleshoot Login Issues","If you can't log in, ensure your email and password are correct. Try resetting your password or clearing your browser cache. Article 285 details: Contact support if issues persist."
286,"Refund Request Process","To request a refund, go to the 'Orders' page, select the order, and click 'Request Refund.' Article 286 details: Contact support if issues persist."
287,"Update Billing Information","Update your billing information in the 'Account Settings' under 'Payment Methods.' Article 287 details: Contact support if issues persist."
288,"Change Account Email","To change your account email, go to 'Account Settings,' select 'Change Email,' and enter a new email. Article 288 details: Contact support if issues persist."
289,"Cancel Subscription","To cancel your subscription, navigate to 'Subscriptions,' select the active plan, and click 'Cancel.' Article 289 details: Contact support if issues persist."
290,"Product Not Working","If your product isn't working, check the user manual for troubleshooting steps. Article 290 details: Contact support if issues persist."
291,"Reset Password","To reset your password, go to the login page, click 'Forgot Password,' and enter your email to receive a reset link. Article 291 details: Contact support if issues persist."
292,"Billing Issue - Unexpected Charge","If you see an unexpected charge, log into your account, navigate to 'Billing History,' and review recent transactions. Article 292 details: Contact support if issues persist."
293,"Account Setup - New User","To set up a new account, visit the registration page, provide your email and a strong password, and verify your email. Article 293 details: Contact support if issues persist."
294,"Track Delivery Status","Check your delivery status by logging into your account and visiting the 'Order Tracking' section. Article 294 details: Contact support if issues persist."
295,"Troubleshoot Login Issues","If you can't log in, ensure your email and password are correct. Try resetting your password or clearing your browser cache. Article 295 details: Contact support if issues persist."
296,"Refund Request Process","To request a refund, go to the 'Orders' page, select the order, and click 'Request Refund.' Article 296 details: Contact support if issues persist."
297,"Update Billing Information","Update your billing information in the 'Account Settings' under 'Payment Methods.' Article 297 details: Contact support if issues persist."
298,"Change Account Email","To change your account email, go to 'Account Settings,' select 'Change Email,' and enter a new email. Article 298 details: Contact support if issues persist."
299,"Cancel Subscription","To cancel your subscription, navigate to 'Subscriptions,' select the active plan, and click 'Cancel.' Article 299 details: Contact support if issues persist."
300,"Product Not Working","If your product isn't working, check the user manual for troubleshooting steps. Article 300 details: Contact support if issues persist."
301,"Reset Password","To reset your password, go to the login page, click 'Forgot Password,' and enter your email to receive a reset link. Article 301 details: Contact support if issues persist."
302,"Billing Issue - Unexpected Charge","If you see an unexpected charge, log into your account, navigate to 'Billing History,' and review recent transactions. Article 302 details: Contact support if issues persist."
303,"Account Setup - New User","To set up a new account, visit the registration page, provide your email and a strong password, and verify your email. Article 303 details: Contact support if issues persist."
304,"Track Delivery Status","Check your delivery status by logging into your account and visiting the 'Order Tracking' section. Article 304 details: Contact support if issues persist."
305,"Troubleshoot Login Issues","If you can't log in, ensure your email and password are correct. Try resetting your password or clearing your browser cache. Article 305 details: Contact support if issues persist."
306,"Refund Request Process","To request a refund, go to the 'Orders' page, select the order, and click 'Request Refund.' Article 306 details: Contact support if issues persist."
307,"Update Billing Information","Update your billing information in the 'Account Settings' under 'Payment Methods.' Article 307 details: Contact support if issues persist."
308,"Change Account Email","To change your account email, go to 'Account Settings,' select 'Change Email,' and enter a new email. Article 308 details: Contact support if issues persist."
309,"Cancel Subscription","To cancel your subscription, navigate to 'Subscriptions,' select the active plan, and click 'Cancel.' Article 309 details: Contact support if issues persist."
310,"Product Not Working","If your product isn't working, check the user manual for troubleshooting steps. Article 310 details: Contact support if issues persist."
311,"Reset Password","To reset your password, go to the login page, click 'Forgot Password,' and enter your email to receive a reset link. Article 311 details: Contact support if issues persist."
312,"Billing Issue - Unexpected Charge","If you see an unexpected charge, log into your account, navigate to 'Billing History,' and review recent transactions. Article 312 details: Contact support if issues persist."
313,"Account Setup - New User","To set up a new account, visit the registration page, provide your email and a strong password, and verify your email. Article 313 details: Contact support if issues persist."
314,"Track Delivery Status","Check your delivery status by logging into your account and visiting the 'Order Tracking' section. Article 314 details: Contact support if issues persist."
315,"Troubleshoot Login Issues","If you can't log in, ensure your email and password are correct. Try resetting your password or clearing your browser cache. Article 315 details: Contact support if issues persist."
316,"Refund Request Process","To request a refund, go to the 'Orders' page, select the order, and click 'Request Refund.' Article 316 details: Contact support if issues persist."
317,"Update Billing Information","Update your billing information in the 'Account Settings' under 'Payment Methods.' Article 317 details: Contact support if issues persist."
318,"Change Account Email","To change your account email, go to 'Account Settings,' select 'Change Email,' and enter a new email. Article 318 details: Contact support if issues persist."
319,"Cancel Subscription","To cancel your subscription, navigate to 'Subscriptions,' select the active plan, and click 'Cancel.' Article 319 details: Contact support if issues persist."
320,"Product Not Working","If your product isn't working, check the user manual for troubleshooting steps. Article 320 details: Contact support if issues persist."
321,"Reset Password","To reset your password, go to the login page, click 'Forgot Password,' and enter your email to receive a reset link. Article 321 details: Contact support if issues persist."
322,"Billing Issue - Unexpected Charge","If you see an unexpected charge, log into your account, navigate to 'Billing History,' and review recent transactions. Article 322 details: Contact support if issues persist."
323,"Account Setup - New User","To set up a new account, visit the registration page, provide your email and a strong password, and verify your email. Article 323 details: Contact support if issues persist."
324,"Track Delivery Status","Check your delivery status by logging into your account and visiting the 'Order Tracking' section. Article 324 details: Contact support if issues persist."
325,"Troubleshoot Login Issues","If you can't log in, ensure your email and password are correct. Try resetting your password or clearing your browser cache. Article 325 details: Contact support if issues persist."
326,"Refund Request Process","To request a refund, go to the 'Orders' page, select the order, and click 'Request Refund.' Article 326 details: Contact support if issues persist."
327,"Update Billing Information","Update your billing information in the 'Account Settings' under 'Payment Methods.' Article 327 details: Contact support if issues persist."
328,"Change Account Email","To change your account email, go to 'Account Settings,' select 'Change Email,' and enter a new email. Article 328 details: Contact support if issues persist."
329,"Cancel Subscription","To cancel your subscription, navigate to 'Subscriptions,' select the active plan, and click 'Cancel.' Article 329 details: Contact support if issues persist."
330,"Product Not Working","If your product isn't working, check the user manual for troubleshooting steps. Article 330 details: Contact support if issues persist."
331,"Reset Password","To reset your password, go to the login page, click 'Forgot Password,' and enter your email to receive a reset link. Article 331 details: Contact support if issues persist."
332,"Billing Issue - Unexpected Charge","If you see an unexpected charge, log into your account, navigate to 'Billing History,' and review recent transactions. Article 332 details: Contact support if issues persist."
333,"Account Setup - New User","To set up a new account, visit the registration page, provide your email and a strong password, and verify your email. Article 333 details: Contact support if issues persist."
334,"Track Delivery Status","Check your delivery status by logging into your account and visiting the 'Order Tracking' section. Article 334 details: Contact support if issues persist."
335,"Troubleshoot Login Issues","If you can't log in, ensure your email and password are correct. Try resetting your password or clearing your browser cache. Article 335 details: Contact support if issues persist."
336,"Refund Request Process","To request a refund, go to the 'Orders' page, select the order, and click 'Request Refund.' Article 336 details: Contact support if issues persist."
337,"Update Billing Information","Update your billing information in the 'Account Settings' under 'Payment Methods.' Article 337 details: Contact support if issues persist."
338,"Change Account Email","To change your account email, go to 'Account Settings,' select 'Change Email,' and enter a new email. Article 338 details: Contact support if issues persist."
339,"Cancel Subscription","To cancel your subscription, navigate to 'Subscriptions,' select the active plan, and click 'Cancel.' Article 339 details: Contact support if issues persist."
340,"Product Not Working","If your product isn't working, check the user manual for troubleshooting steps. Article 340 details: Contact support if issues persist."
341,"Reset Password","To reset your password, go to the login page, click 'Forgot Password,' and enter your email to receive a reset link. Article 341 details: Contact support if issues persist."
342,"Billing Issue - Unexpected Charge","If you see an unexpected charge, log into your account, navigate to 'Billing History,' and review recent transactions. Article 342 details: Contact support if issues persist."
343,"Account Setup - New User","To set up a new account, visit the registration page, provide your email and a strong password, and verify your email. Article 343 details: Contact support if issues persist."
344,"Track Delivery Status","Check your delivery status by logging into your account and visiting the 'Order Tracking' section. Article 344 details: Contact support if issues persist."
345,"Troubleshoot Login Issues","If you can't log in, ensure your email and password are correct. Try resetting your password or clearing your browser cache. Article 345 details: Contact support if issues persist."
346,"Refund Request Process","To request a refund, go to the 'Orders' page, select the order, and click 'Request Refund.' Article 346 details: Contact support if issues persist."
347,"Update Billing Information","Update your billing information in the 'Account Settings' under 'Payment Methods.' Article 347 details: Contact support if issues persist."
348,"Change Account Email","To change your account email, go to 'Account Settings,' select 'Change Email,' and enter a new email. Article 348 details: Contact support if issues persist."
349,"Cancel Subscription","To cancel your subscription, navigate to 'Subscriptions,' select the active plan, and click 'Cancel.' Article 349 details: Contact support if issues persist."
350,"Product Not Working","If your product isn't working, check the user manual for troubleshooting steps. Article 350 details: Contact support if issues persist."
351,"Reset Password","To reset your password, go to the login page, click 'Forgot Password,' and enter your email to receive a reset link. Article 351 details: Contact support if issues persist."
352,"Billing Issue - Unexpected Charge","If you see an unexpected charge, log into your account, navigate to 'Billing History,' and review recent transactions. Article 352 details: Contact support if issues persist."
353,"Account Setup - New User","To set up a new account, visit the registration page, provide your email and a strong password, and verify your email. Article 353 details: Contact support if issues persist."
354,"Track Delivery Status","Check your delivery status by logging into your account and visiting the 'Order Tracking' section. Article 354 details: Contact support if issues persist."
355,"Troubleshoot Login Issues","If you can't log in, ensure your email and password are correct. Try resetting your password or clearing your browser cache. Article 355 details: Contact support if issues persist."
356,"Refund Request Process","To request a refund, go to the 'Orders' page, select the order, and click 'Request Refund.' Article 356 details: Contact support if issues persist."
357,"Update Billing Information","Update your billing information in the 'Account Settings' under 'Payment Methods.' Article 357 details: Contact support if issues persist."
358,"Change Account Email","To change your account email, go to 'Account Settings,' select 'Change Email,' and enter a new email. Article 358 details: Contact support if issues persist."
359,"Cancel Subscription","To cancel your subscription, navigate to 'Subscriptions,' select the active plan, and click 'Cancel.' Article 359 details: Contact support if issues persist."
360,"Product Not Working","If your product isn't working, check the user manual for troubleshooting steps. Article 360 details: Contact support if issues persist."
361,"Reset Password","To reset your password, go to the login page, click 'Forgot Password,' and enter your email to receive a reset link. Article 361 details: Contact support if issues persist."
362,"Billing Issue - Unexpected Charge","If you see an unexpected charge, log into your account, navigate to 'Billing History,' and review recent transactions. Article 362 details: Contact support if issues persist."
363,"Account Setup - New User","To set up a new account, visit the registration page, provide your email and a strong password, and verify your email. Article 363 details: Contact support if issues persist."
364,"Track Delivery Status","Check your delivery status by logging into your account and visiting the 'Order Tracking' section. Article 364 details: Contact support if issues persist."
365,"Troubleshoot Login Issues","If you can't log in, ensure your email and password are correct. Try resetting your password or clearing your browser cache. Article 365 details: Contact support if issues persist."
366,"Refund Request Process","To request a refund, go to the 'Orders' page, select the order, and click 'Request Refund.' Article 366 details: Contact support if issues persist."
367,"Update Billing Information","Update your billing information in the 'Account Settings' under 'Payment Methods.' Article 367 details: Contact support if issues persist."
368,"Change Account Email","To change your account email, go to 'Account Settings,' select 'Change Email,' and enter a new email. Article 368 details: Contact support if issues persist."
369,"Cancel Subscription","To cancel your subscription, navigate to 'Subscriptions,' select the active plan, and click 'Cancel.' Article 369 details: Contact support if issues persist."
370,"Product Not Working","If your product isn't working, check the user manual for troubleshooting steps. Article 370 details: Contact support if issues persist."
371,"Reset Password","To reset your password, go to the login page, click 'Forgot Password,' and enter your email to receive a reset link. Article 371 details: Contact support if issues persist."
372,"Billing Issue - Unexpected Charge","If you see an unexpected charge, log into your account, navigate to 'Billing History,' and review recent transactions. Article 372 details: Contact support if issues persist."
373,"Account Setup - New User","To set up a new account, visit the registration page, provide your email and a strong password, and verify your email. Article 373 details: Contact support if issues persist."
374,"Track Delivery Status","Check your delivery status by logging into your account and visiting the 'Order Tracking' section. Article 374 details: Contact support if issues persist."
375,"Troubleshoot Login Issues","If you can't log in, ensure your email and password are correct. Try resetting your password or clearing your browser cache. Article 375 details: Contact support if issues persist."
376,"Refund Request Process","To request a refund, go to the 'Orders' page, select the order, and click 'Request Refund.' Article 376 details: Contact support if issues persist."
377,"Update Billing Information","Update your billing information in the 'Account Settings' under 'Payment Methods.' Article 377 details: Contact support if issues persist."
378,"Change Account Email","To change your account email, go to 'Account Settings,' select 'Change Email,' and enter a new email. Article 378 details: Contact support if issues persist."
379,"Cancel Subscription","To cancel your subscription, navigate to 'Subscriptions,' select the active plan, and click 'Cancel.' Article 379 details: Contact support if issues persist."
380,"Product Not Working","If your product isn't working, check the user manual for troubleshooting steps. Article 380 details: Contact support if issues persist."
381,"Reset Password","To reset your password, go to the login page, click 'Forgot Password,' and enter your email to receive a reset link. Article 381 details: Contact support if issues persist."
382,"Billing Issue - Unexpected Charge","If you see an unexpected charge, log into your account, navigate to 'Billing History,' and review recent transactions. Article 382 details: Contact support if issues persist."
383,"Account Setup - New User","To set up a new account, visit the registration page, provide your email and a strong password, and verify your email. Article 383 details: Contact support if issues persist."
384,"Track Delivery Status","Check your delivery status by logging into your account and visiting the 'Order Tracking' section. Article 384 details: Contact support if issues persist."
385,"Troubleshoot Login Issues","If you can't log in, ensure your email and password are correct. Try resetting your password or clearing your browser cache. Article 385 details: Contact support if issues persist."
386,"Refund Request Process","To request a refund, go to the 'Orders' page, select the order, and click 'Request Refund.' Article 386 details: Contact support if issues persist."
387,"Update Billing Information","Update your billing information in the 'Account Settings' under 'Payment Methods.' Article 387 details: Contact support if issues persist."
388,"Change Account Email","To change your account email, go to 'Account Settings,' select 'Change Email,' and enter a new email. Article 388 details: Contact support if issues persist."
389,"Cancel Subscription","To cancel your subscription, navigate to 'Subscriptions,' select the active plan, and click 'Cancel.' Article 389 details: Contact support if issues persist."
390,"Product Not Working","If your product isn't working, check the user manual for troubleshooting steps. Article 390 details: Contact support if issues persist."
391,"Reset Password","To reset your password, go to the login page, click 'Forgot Password,' and enter your email to receive a reset link. Article 391 details: Contact support if issues persist."
392,"Billing Issue - Unexpected Charge","If you see an unexpected charge, log into your account, navigate to 'Billing History,' and review recent transactions. Article 392 details: Contact support if issues persist."
393,"Account Setup - New User","To set up a new account, visit the registration page, provide your email and a strong password, and verify your email. Article 393 details: Contact support if issues persist."
394,"Track Delivery Status","Check your delivery status by logging into your account and visiting the 'Order Tracking' section. Article 394 details: Contact support if issues persist."
395,"Troubleshoot Login Issues","If you can't log in, ensure your email and password are correct. Try resetting your password or clearing your browser cache. Article 395 details: Contact support if issues persist."
396,"Refund Request Process","To request a refund, go to the 'Orders' page, select the order, and click 'Request Refund.' Article 396 details: Contact support if issues persist."
397,"Update Billing Information","Update your billing information in the 'Account Settings' under 'Payment Methods.' Article 397 details: Contact support if issues persist."
398,"Change Account Email","To change your account email, go to 'Account Settings,' select 'Change Email,' and enter a new email. Article 398 details: Contact support if issues persist."
399,"Cancel Subscription","To cancel your subscription, navigate to 'Subscriptions,' select the active plan, and click 'Cancel.' Article 399 details: Contact support if issues persist."
400,"Product Not Working","If your product isn't working, check the user manual for troubleshooting steps. Article 400 details: Contact support if issues persist."
401,"Reset Password","To reset your password, go to the login page, click 'Forgot Password,' and enter your email to receive a reset link. Article 401 details: Contact support if issues persist."
402,"Billing Issue - Unexpected Charge","If you see an unexpected charge, log into your account, navigate to 'Billing History,' and review recent transactions. Article 402 details: Contact support if issues persist."
403,"Account Setup - New User","To set up a new account, visit the registration page, provide your email and a strong password, and verify your email. Article 403 details: Contact support if issues persist."
404,"Track Delivery Status","Check your delivery status by logging into your account and visiting the 'Order Tracking' section. Article 404 details: Contact support if issues persist."
405,"Troubleshoot Login Issues","If you can't log in, ensure your email and password are correct. Try resetting your password or clearing your browser cache. Article 405 details: Contact support if issues persist."
406,"Refund Request Process","To request a refund, go to the 'Orders' page, select the order, and click 'Request Refund.' Article 406 details: Contact support if issues persist."
407,"Update Billing Information","Update your billing information in the 'Account Settings' under 'Payment Methods.' Article 407 details: Contact support if issues persist."
408,"Change Account Email","To change your account email, go to 'Account Settings,' select 'Change Email,' and enter a new email. Article 408 details: Contact support if issues persist."
409,"Cancel Subscription","To cancel your subscription, navigate to 'Subscriptions,' select the active plan, and click 'Cancel.' Article 409 details: Contact support if issues persist."
410,"Product Not Working","If your product isn't working, check the user manual for troubleshooting steps. Article 410 details: Contact support if issues persist."
411,"Reset Password","To reset your password, go to the login page, click 'Forgot Password,' and enter your email to receive a reset link. Article 411 details: Contact support if issues persist."
412,"Billing Issue - Unexpected Charge","If you see an unexpected charge, log into your account, navigate to 'Billing History,' and review recent transactions. Article 412 details: Contact support if issues persist."
413,"Account Setup - New User","To set up a new account, visit the registration page, provide your email and a strong password, and verify your email. Article 413 details: Contact support if issues persist."
414,"Track Delivery Status","Check your delivery status by logging into your account and visiting the 'Order Tracking' section. Article 414 details: Contact support if issues persist."
415,"Troubleshoot Login Issues","If you can't log in, ensure your email and password are correct. Try resetting your password or clearing your browser cache. Article 415 details: Contact support if issues persist."
416,"Refund Request Process","To request a refund, go to the 'Orders' page, select the order, and click 'Request Refund.' Article 416 details: Contact support if issues persist."
417,"Update Billing Information","Update your billing information in the 'Account Settings' under 'Payment Methods.' Article 417 details: Contact support if issues persist."
418,"Change Account Email","To change your account email, go to 'Account Settings,' select 'Change Email,' and enter a new email. Article 418 details: Contact support if issues persist."
419,"Cancel Subscription","To cancel your subscription, navigate to 'Subscriptions,' select the active plan, and click 'Cancel.' Article 419 details: Contact support if issues persist."
420,"Product Not Working","If your product isn't working, check the user manual for troubleshooting steps. Article 420 details: Contact support if issues persist."
421,"Reset Password","To reset your password, go to the login page, click 'Forgot Password,' and enter your email to receive a reset link. Article 421 details: Contact support if issues persist."
422,"Billing Issue - Unexpected Charge","If you see an unexpected charge, log into your account, navigate to 'Billing History,' and review recent transactions. Article 422 details: Contact support if issues persist."
423,"Account Setup - New User","To set up a new account, visit the registration page, provide your email and a strong password, and verify your email. Article 423 details: Contact support if issues persist."
424,"Track Delivery Status","Check your delivery status by logging into your account and visiting the 'Order Tracking' section. Article 424 details: Contact support if issues persist."
425,"Troubleshoot Login Issues","If you can't log in, ensure your email and password are correct. Try resetting your password or clearing your browser cache. Article 425 details: Contact support if issues persist."
426,"Refund Request Process","To request a refund, go to the 'Orders' page, select the order, and click 'Request Refund.' Article 426 details: Contact support if issues persist."
427,"Update Billing Information","Update your billing information in the 'Account Settings' under 'Payment Methods.' Article 427 details: Contact support if issues persist."
428,"Change Account Email","To change your account email, go to 'Account Settings,' select 'Change Email,' and enter a new email. Article 428 details: Contact support if issues persist."
429,"Cancel Subscription","To cancel your subscription, navigate to 'Subscriptions,' select the active plan, and click 'Cancel.' Article 429 details: Contact support if issues persist."
430,"Product Not Working","If your product isn't working, check the user manual for troubleshooting steps. Article 430 details: Contact support if issues persist."
431,"Reset Password","To reset your password, go to the login page, click 'Forgot Password,' and enter your email to receive a reset link. Article 431 details: Contact support if issues persist."
432,"Billing Issue - Unexpected Charge","If you see an unexpected charge, log into your account, navigate to 'Billing History,' and review recent transactions. Article 432 details: Contact support if issues persist."
433,"Account Setup - New User","To set up a new account, visit the registration page, provide your email and a strong password, and verify your email. Article 433 details: Contact support if issues persist."
434,"Track Delivery Status","Check your delivery status by logging into your account and visiting the 'Order Tracking' section. Article 434 details: Contact support if issues persist."
435,"Troubleshoot Login Issues","If you can't log in, ensure your email and password are correct. Try resetting your password or clearing your browser cache. Article 435 details: Contact support if issues persist."
436,"Refund Request Process","To request a refund, go to the 'Orders' page, select the order, and click 'Request Refund.' Article 436 details: Contact support if issues persist."
437,"Update Billing Information","Update your billing information in the 'Account Settings' under 'Payment Methods.' Article 437 details: Contact support if issues persist."
438,"Change Account Email","To change your account email, go to 'Account Settings,' select 'Change Email,' and enter a new email. Article 438 details: Contact support if issues persist."
439,"Cancel Subscription","To cancel your subscription, navigate to 'Subscriptions,' select the active plan, and click 'Cancel.' Article 439 details: Contact support if issues persist."
440,"Product Not Working","If your product isn't working, check the user manual for troubleshooting steps. Article 440 details: Contact support if issues persist."
441,"Reset Password","To reset your password, go to the login page, click 'Forgot Password,' and enter your email to receive a reset link. Article 441 details: Contact support if issues persist."
442,"Billing Issue - Unexpected Charge","If you see an unexpected charge, log into your account, navigate to 'Billing History,' and review recent transactions. Article 442 details: Contact support if issues persist."
443,"Account Setup - New User","To set up a new account, visit the registration page, provide your email and a strong password, and verify your email. Article 443 details: Contact support if issues persist."
444,"Track Delivery Status","Check your delivery status by logging into your account and visiting the 'Order Tracking' section. Article 444 details: Contact support if issues persist."
445,"Troubleshoot Login Issues","If you can't log in, ensure your email and password are correct. Try resetting your password or clearing your browser cache. Article 445 details: Contact support if issues persist."
446,"Refund Request Process","To request a refund, go to the 'Orders' page, select the order, and click 'Request Refund.' Article 446 details: Contact support if issues persist."
447,"Update Billing Information","Update your billing information in the 'Account Settings' under 'Payment Methods.' Article 447 details: Contact support if issues persist."
448,"Change Account Email","To change your account email, go to 'Account Settings,' select 'Change Email,' and enter a new email. Article 448 details: Contact support if issues persist."
449,"Cancel Subscription","To cancel your subscription, navigate to 'Subscriptions,' select the active plan, and click 'Cancel.' Article 449 details: Contact support if issues persist."
450,"Product Not Working","If your product isn't working, check the user manual for troubleshooting steps. Article 450 details: Contact support if issues persist."
451,"Reset Password","To reset your password, go to the login page, click 'Forgot Password,' and enter your email to receive a reset link. Article 451 details: Contact support if issues persist."
452,"Billing Issue - Unexpected Charge","If you see an unexpected charge, log into your account, navigate to 'Billing History,' and review recent transactions. Article 452 details: Contact support if issues persist."
453,"Account Setup - New User","To set up a new account, visit the registration page, provide your email and a strong password, and verify your email. Article 453 details: Contact support if issues persist."
454,"Track Delivery Status","Check your delivery status by logging into your account and visiting the 'Order Tracking' section. Article 454 details: Contact support if issues persist."
455,"Troubleshoot Login Issues","If you can't log in, ensure your email and password are correct. Try resetting your password or clearing your browser cache. Article 455 details: Contact support if issues persist."
456,"Refund Request Process","To request a refund, go to the 'Orders' page, select the order, and click 'Request Refund.' Article 456 details: Contact support if issues persist."
457,"Update Billing Information","Update your billing information in the 'Account Settings' under 'Payment Methods.' Article 457 details: Contact support if issues persist."
458,"Change Account Email","To change your account email, go to 'Account Settings,' select 'Change Email,' and enter a new email. Article 458 details: Contact support if issues persist."
459,"Cancel Subscription","To cancel your subscription, navigate to 'Subscriptions,' select the active plan, and click 'Cancel.' Article 459 details: Contact support if issues persist."
460,"Product Not Working","If your product isn't working, check the user manual for troubleshooting steps. Article 460 details: Contact support if issues persist."
461,"Reset Password","To reset your password, go to the login page, click 'Forgot Password,' and enter your email to receive a reset link. Article 461 details: Contact support if issues persist."
462,"Billing Issue - Unexpected Charge","If you see an unexpected charge, log into your account, navigate to 'Billing History,' and review recent transactions. Article 462 details: Contact support if issues persist."
463,"Account Setup - New User","To set up a new account, visit the registration page, provide your email and a strong password, and verify your email. Article 463 details: Contact support if issues persist."
464,"Track Delivery Status","Check your delivery status by logging into your account and visiting the 'Order Tracking' section. Article 464 details: Contact support if issues persist."
465,"Troubleshoot Login Issues","If you can't log in, ensure your email and password are correct. Try resetting your password or clearing your browser cache. Article 465 details: Contact support if issues persist."
466,"Refund Request Process","To request a refund, go to the 'Orders' page, select the order, and click 'Request Refund.' Article 466 details: Contact support if issues persist."
467,"Update Billing Information","Update your billing information in the 'Account Settings' under 'Payment Methods.' Article 467 details: Contact support if issues persist."
468,"Change Account Email","To change your account email, go to 'Account Settings,' select 'Change Email,' and enter a new email. Article 468 details: Contact support if issues persist."
469,"Cancel Subscription","To cancel your subscription, navigate to 'Subscriptions,' select the active plan, and click 'Cancel.' Article 469 details: Contact support if issues persist."
470,"Product Not Working","If your product isn't working, check the user manual for troubleshooting steps. Article 470 details: Contact support if issues persist."
471,"Reset Password","To reset your password, go to the login page, click 'Forgot Password,' and enter your email to receive a reset link. Article 471 details: Contact support if issues persist."
472,"Billing Issue - Unexpected Charge","If you see an unexpected charge, log into your account, navigate to 'Billing History,' and review recent transactions. Article 472 details: Contact support if issues persist."
473,"Account Setup - New User","To set up a new account, visit the registration page, provide your email and a strong password, and verify your email. Article 473 details: Contact support if issues persist."
474,"Track Delivery Status","Check your delivery status by logging into your account and visiting the 'Order Tracking' section. Article 474 details: Contact support if issues persist."
475,"Troubleshoot Login Issues","If you can't log in, ensure your email and password are correct. Try resetting your password or clearing your browser cache. Article 475 details: Contact support if issues persist."
476,"Refund Request Process","To request a refund, go to the 'Orders' page, select the order, and click 'Request Refund.' Article 476 details: Contact support if issues persist."
477,"Update Billing Information","Update your billing information in the 'Account Settings' under 'Payment Methods.' Article 477 details: Contact support if issues persist."
478,"Change Account Email","To change your account email, go to 'Account Settings,' select 'Change Email,' and enter a new email. Article 478 details: Contact support if issues persist."
479,"Cancel Subscription","To cancel your subscription, navigate to 'Subscriptions,' select the active plan, and click 'Cancel.' Article 479 details: Contact support if issues persist."
480,"Product Not Working","If your product isn't working, check the user manual for troubleshooting steps. Article 480 details: Contact support if issues persist."
481,"Reset Password","To reset your password, go to the login page, click 'Forgot Password,' and enter your email to receive a reset link. Article 481 details: Contact support if issues persist."
482,"Billing Issue - Unexpected Charge","If you see an unexpected charge, log into your account, navigate to 'Billing History,' and review recent transactions. Article 482 details: Contact support if issues persist."
483,"Account Setup - New User","To set up a new account, visit the registration page, provide your email and a strong password, and verify your email. Article 483 details: Contact support if issues persist."
484,"Track Delivery Status","Check your delivery status by logging into your account and visiting the 'Order Tracking' section. Article 484 details: Contact support if issues persist."
485,"Troubleshoot Login Issues","If you can't log in, ensure your email and password are correct. Try resetting your password or clearing your browser cache. Article 485 details: Contact support if issues persist."
486,"Refund Request Process","To request a refund, go to the 'Orders' page, select the order, and click 'Request Refund.' Article 486 details: Contact support if issues persist."
487,"Update Billing Information","Update your billing information in the 'Account Settings' under 'Payment Methods.' Article 487 details: Contact support if issues persist."
488,"Change Account Email","To change your account email, go to 'Account Settings,' select 'Change Email,' and enter a new email. Article 488 details: Contact support if issues persist."
489,"Cancel Subscription","To cancel your subscription, navigate to 'Subscriptions,' select the active plan, and click 'Cancel.' Article 489 details: Contact support if issues persist."
490,"Product Not Working","If your product isn't working, check the user manual for troubleshooting steps. Article 490 details: Contact support if issues persist."
491,"Reset Password","To reset your password, go to the login page, click 'Forgot Password,' and enter your email to receive a reset link. Article 491 details: Contact support if issues persist."
492,"Billing Issue - Unexpected Charge","If you see an unexpected charge, log into your account, navigate to 'Billing History,' and review recent transactions. Article 492 details: Contact support if issues persist."
493,"Account Setup - New User","To set up a new account, visit the registration page, provide your email and a strong password, and verify your email. Article 493 details: Contact support if issues persist."
494,"Track Delivery Status","Check your delivery status by logging into your account and visiting the 'Order Tracking' section. Article 494 details: Contact support if issues persist."
495,"Troubleshoot Login Issues","If you can't log in, ensure your email and password are correct. Try resetting your password or clearing your browser cache. Article 495 details: Contact support if issues persist."
496,"Refund Request Process","To request a refund, go to the 'Orders' page, select the order, and click 'Request Refund.' Article 496 details: Contact support if issues persist."
497,"Update Billing Information","Update your billing information in the 'Account Settings' under 'Payment Methods.' Article 497 details: Contact support if issues persist."
498,"Change Account Email","To change your account email, go to 'Account Settings,' select 'Change Email,' and enter a new email. Article 498 details: Contact support if issues persist."
499,"Cancel Subscription","To cancel your subscription, navigate to 'Subscriptions,' select the active plan, and click 'Cancel.' Article 499 details: Contact support if issues persist."
500,"Product Not Working","If your product isn't working, check the user manual for troubleshooting steps. Article 500 details: Contact support if issues persist."
