{
  "title": "Network Connection Extension",
  "description": "dcm4che proprietary Network Connection Attributes",
  "type": "object",
  "required": [
    "dcmProtocol",
    "dcmTLSNeedClientAuth",
    "dcmTLSProtocol",
    "dcmTCPBacklog",
    "dcmTCPCloseDelay",
    "dcmTCPNoDelay",
    "dcmSendPDULength",
    "dcmReceivePDULength",
    "dcmMaxOpsPerformed",
    "dcmMaxOpsInvoked",
    "dcmPackPDV",
    "dcmRetrieveTimeoutTotal",
    "dcmAATimeout"
  ],
  "properties": {
    "dcmProtocol": {
      "title": "Protocol",
      "description": "Protocol of Network Connection.",
      "type": "string",
      "default": "DICOM",
      "enum": [
          "DICOM",
          "HL7",
          "HL7_MLLP2",
          "SYSLOG_TLS",
          "SYSLOG_UDP",
          "HTTP"
      ]
    },
    "dcmHTTPProxy": {
      "title": "HTTP Proxy",
      "description": "HTTP Proxy: [user:password@]host:port",
      "type": "string"
    },
    "dcmTLSNeedClientAuth": {
      "title": "TLS Need Client Auth",
      "description": "Indicates if TLS client authentication is required.",
      "type": "boolean",
      "default": true
    },
    "dcmTLSProtocol": {
      "title": "TLS Protocol",
      "description": "The Supported TLS Protocols.",
      "default": ["TLSv1.2"],
      "type": "array",
      "items" : {
        "type": "string",
        "enum": [
          "TLSv1.3",
          "TLSv1.2",
          "TLSv1.1",
          "TLSv1",
          "SSLv3"
        ]
      }
    },
    "dcmTLSEndpointIdentificationAlgorithm": {
      "title": "TLS Endpoint Identification Algorithm",
      "description": "Indicates the endpoint identification or verification procedures during TLS handshaking.",
      "type": "string",
      "enum": [ "HTTPS", "LDAPS"]
    },
    "dcmTCPBacklog": {
      "title": "TCP Backlog",
      "description": "Maximum queue length for incoming TCP connections.",
      "type": "integer",
      "default": 50,
      "minimum": 1
    },
    "dcmTCPConnectTimeout": {
      "title": "TCP Connect Timeout",
      "description": "TCP connect timeout in ms; no timeout if absent.",
      "type": "integer",
      "minimum": 100
    },
    "dcmTCPCloseDelay": {
      "title": "TCP Close Delay",
      "description": "TCP socket close delay in ms after send of A-ASSOCIATE-RJ, A-RELEASE-RP or A-ABORT PDU.",
      "type": "integer",
      "default": 50,
      "minimum": 0
    },
    "dcmTCPSendBufferSize": {
      "title": "TCP Send Buffer Size",
      "description": "TCP send buffer size; use system defaults if absent",
      "type": "integer",
      "minimum": 1024
    },
    "dcmTCPReceiveBufferSize": {
      "title": "TCP Receive Buffer Size",
      "description": "TCP receive buffer size; use system defaults if absent",
      "type": "integer",
      "minimum": 1024
    },
    "dcmTCPNoDelay": {
      "title": "TCP No Delay",
      "description": "Enable/disable TCP_NODELAY (disable/enable Nagle algorithm).",
      "type": "boolean",
      "default": true
    },
    "dcmBindAddress": {
      "title": "Bind Address",
      "description": "Bind address of listening socket; use hostname of the connection if absent",
      "type": "string"
    },
    "dcmClientBindAddress": {
      "title": "Client Bind Address",
      "description": "Bind address of outgoing connections; use hostname of the connection if absent",
      "type": "string"
    },
    "dcmBlacklistedHostname": {
      "title": "Blacklisted Hostname",
      "description": "blacklisted DNS hostnames",
      "type": "array",
      "items": {
        "type": "string"
      }
    },
    "dcmSendPDULength": {
      "title": "Send PDU Length",
      "description": "Maximal length of emitted PDUs.",
      "type": "integer",
      "default": 16378,
      "minimum": 1024
    },
    "dcmReceivePDULength": {
      "title": "Receive PDU Length",
      "description": "Maximal length of received PDUs.",
      "type": "integer",
      "default": 16378,
      "minimum": 1024
    },
    "dcmMaxOpsPerformed": {
      "title": "Max Ops Performed",
      "description": "Maximal number of operations to perform asynchronously; 0 = infinite.",
      "type": "integer",
      "default": 1,
      "minimum": 0
    },
    "dcmMaxOpsInvoked": {
      "title": "Max Ops Invoked",
      "description": "Maximal number of operations to invoke asynchronously; 0 = infinite.",
      "type": "integer",
      "default": 1,
      "minimum": 0
    },
    "dcmPackPDV": {
      "title": "Pack PDV",
      "description": "Enable/disable packing of command and data PDVs into one P-DATA-TF PDU.",
      "type": "boolean",
      "default": true
    },
    "dcmAARQTimeout": {
      "title": "AA-RQ Timeout",
      "description": "Timeout in ms for receive of A-ASSOCIATE-RQ PDU after TCP connect; no timeout if absent",
      "type": "integer",
      "minimum": 100
    },
    "dcmAAACTimeout": {
      "title": "AA-AC Timeout",
      "description": "Timeout in ms for receive of A-ASSOCIATE-AC PDU after send of A-ASSOCIATE-RQ PDU; no timeout if absent",
      "type": "integer",
      "minimum": 100
    },
    "dcmARRPTimeout": {
      "title": "AR-RP Timeout",
      "description": "Timeout in ms for receive of A-RELEASE-RP PDU after send of A-RELEASE-RQ PDU; no timeout if absent",
      "type": "integer",
      "minimum": 100
    },
    "dcmSendTimeout": {
      "title": "Send Timeout",
      "description": "Timeout in ms for sending other DIMSE RQs than C-STORE RQs; no timeout if absent",
      "type": "integer",
      "minimum": 100
    },
    "dcmStoreTimeout": {
      "title": "Store Timeout",
      "description": "Timeout in ms for sending C-STORE RQs; no timeout if absent",
      "type": "integer",
      "minimum": 100
    },
    "dcmResponseTimeout": {
      "title": "Response Timeout",
      "description": "Timeout in ms for receive of outstanding <br>- DIMSE RSPs other than C-MOVE / C-GET RSPs <br>- responses of outgoing HL7 messages <br>- HTTP(S) responses <br>No timeout if absent",
      "type": "integer",
      "minimum": 100
    },
    "dcmRetrieveTimeout": {
      "title": "Retrieve Timeout",
      "description": "Timeout in ms for receive of outstanding C-GET or C-MOVE RSPs; no timeout if absent",
      "type": "integer",
      "minimum": 100
    },
    "dcmRetrieveTimeoutTotal": {
      "title": "Retrieve Timeout Total",
      "description": "Indicates if the timer with the specified timeout for outstanding C-GET and C-MOVE RSPs shall be restarted on receive of pending RSPs (=false) or not (=true).",
      "type": "boolean",
      "default": false
    },
    "dcmIdleTimeout": {
      "title": "Idle Timeout",
      "description": "Indicates aborting of idle Associations after specified timeout in ms; no timeout if absent",
      "type": "integer",
      "minimum": 100
    },
    "dcmAATimeout": {
      "title": "A-ABORT Timeout",
      "description": "Timeout in ms for waiting for finishing sending any DIMSE before sending an A-ABORT PDU, triggered by the application or by expiration of a configured other timeout of this Connection. If the timeout expires, the TCP connection will be closed without sending the A-ABORT.",
      "type": "integer",
      "minimum": 0,
      "default": 1000
    }
  }
}
