{
  "image": {
    "tensorflowjs": [
      {
        "title": "Javascript",
        "url": "/image/tensorflowjs/javascript.md"
      },
      {
        "title": "p5.js",
        "url": "/image/tensorflowjs/p5js.md"
      }
    ],
    "tensorflow": [
      {
        "title": "Keras",
        "url": "/image/tensorflow/keras.md"
      },
      {
        "title": "OpenCV Keras",
        "url": "/image/tensorflow/opencv-keras.md"
      }
    ],
    "tflite": [
      {
        "title": "Android",
        "url": "/image/tflite/android.md"
      },
      {
        "title": "Coral",
        "url": "/image/edgetpu/python.md"
      }
    ]
  },
  "tiny_image": {
    "tensorflowjs": [
      {
        "title": "Javascript",
        "url": "/image/tensorflowjs/javascript.md"
      }
    ],
    "tflite": [
      {
        "title": "TensorFlow Lite for Microcontrollers",
        "url": "/tiny_image/tflite/tinyml.md"
      }
    ]
  },
  "audio": {
    "tensorflowjs": [
      {
        "title": "Javascript",
        "url": "/audio/tensorflowjs/javascript.md"
      },
      {
        "title": "p5.js",
        "url": "/audio/tensorflowjs/p5js.md"
      }
    ],
    "tflite": [
      {
        "title": "Android",
        "url": "/audio/tflite/Android.md"
      }
    ]
  },
  "pose": {
    "tensorflowjs": [
      {
        "title": "Javascript",
        "url": "/pose/tensorflowjs/javascript.md"
      }
    ]
  }
}
