<?xml version="1.0" encoding="UTF-8"?>
<!--

    Copyright (c) 2021, 2023 Oracle and/or its affiliates.

    Licensed under the Apache License, Version 2.0 (the "License");
    you may not use this file except in compliance with the License.
    You may obtain a copy of the License at

        http://www.apache.org/licenses/LICENSE-2.0

    Unless required by applicable law or agreed to in writing, software
    distributed under the License is distributed on an "AS IS" BASIS,
    WITHOUT WARRANTIES OR CONDITIONS OF ANY KIND, either express or implied.
    See the License for the specific language governing permissions and
    limitations under the License.

-->
<archetype-script xmlns="https://helidon.io/archetype/2.0"
                  xmlns:xsi="http://www.w3.org/2001/XMLSchema-instance"
                  xsi:schemaLocation="https://helidon.io/archetype/2.0 https://helidon.io/xsd/archetype-2.0.xsd">

    <step name="Application Type" optional="true">
        <inputs>
            <enum id="app-type"
                  name="Select an Application Type"
                  default="quickstart"
                  global="true"
                  optional="true">
                <option value="quickstart"
                        name="Quickstart"
                        description="Sample Helidon MP project that includes multiple REST operations">
                    <exec src="quickstart/quickstart-mp.xml"/>
                </option>
                <option value="database"
                        name="Database"
                        description="Helidon MP application that uses a database with JPA">
                    <exec src="database/database-mp.xml"/>
                </option>
                <option value="custom"
                        name="Custom"
                        description="Custom Helidon MP project">
                    <exec src="custom/custom-mp.xml"/>
                </option>
                <option value="oci"
                        name="OCI"
                        description="Helidon MP application that integrates with Oracle Cloud Infrastructure">
                    <exec src="oci/oci-mp.xml"/>
                </option>
            </enum>
        </inputs>
    </step>
    <output>
        <model>
            <value key="app-type">${app-type}</value>
        </model>
    </output>
</archetype-script>
