<?xml version="1.0" encoding="UTF-8"?>
<configuration>
    <include resource="org/springframework/boot/logging/logback/defaults.xml"/>

    <springProfile name="! json-log">
        <include resource="org/springframework/boot/logging/logback/console-appender.xml" />
    </springProfile>

    <springProfile name="json-log">
        <appender name="CONSOLE" class="ch.qos.logback.core.ConsoleAppender">
            <encoder class="net.logstash.logback.encoder.LogstashEncoder">
                <customFields>{"app":"keycloak-config-cli"}</customFields>
            </encoder>
        </appender>
    </springProfile>

    <root level="INFO">
        <appender-ref ref="CONSOLE" />
    </root>
</configuration>
