{
  "bean": {
    "kind": "bean",
    "name": "CaffeineAggregationRepository",
    "javaType": "org.apache.camel.component.caffeine.processor.aggregate.CaffeineAggregationRepository",
    "interfaceType": "org.apache.camel.spi.AggregationRepository",
    "title": "Caffeine Aggregation Repository",
    "description": "Aggregation repository that uses Caffeine Cache to store exchanges.",
    "deprecated": false,
    "groupId": "org.apache.camel",
    "artifactId": "camel-caffeine",
    "version": "4.18.0-SNAPSHOT",
    "properties": { "useRecovery": { "index": 0, "kind": "property", "displayName": "Use Recovery", "required": false, "type": "boolean", "javaType": "boolean", "deprecated": false, "autowired": false, "secret": false, "defaultValue": true, "description": "Whether or not recovery is enabled" }, "deadLetterUri": { "index": 1, "kind": "property", "displayName": "Dead Letter Uri", "required": false, "type": "string", "javaType": "java.lang.String", "deprecated": false, "autowired": false, "secret": false, "description": "Sets an optional dead letter channel which exhausted recovered Exchange should be send to." }, "recoveryInterval": { "index": 2, "kind": "property", "displayName": "Recovery Interval", "required": false, "type": "integer", "javaType": "long", "deprecated": false, "autowired": false, "secret": false, "defaultValue": 5000, "description": "Sets the interval between recovery scans" }, "maximumRedeliveries": { "index": 3, "kind": "property", "displayName": "Maximum Redeliveries", "required": false, "type": "integer", "javaType": "int", "deprecated": false, "autowired": false, "secret": false, "defaultValue": 3, "description": "Sets an optional limit of the number of redelivery attempt of recovered Exchange should be attempted, before its exhausted. When this limit is hit, then the Exchange is moved to the dead letter channel." }, "allowSerializedHeaders": { "index": 4, "kind": "property", "displayName": "Allow Serialized Headers", "label": "advanced", "required": false, "type": "boolean", "javaType": "boolean", "deprecated": false, "autowired": false, "secret": false, "description": "Whether headers on the Exchange that are Java objects and Serializable should be included and saved to the repository" } }
  }
}

