{
  "bean": {
    "kind": "bean",
    "name": "CassandraIdempotentRepository",
    "javaType": "org.apache.camel.processor.idempotent.cassandra.CassandraIdempotentRepository",
    "interfaceType": "org.apache.camel.spi.IdempotentRepository",
    "title": "Cassandra Idempotent Repository",
    "description": "Idempotent repository that uses Cassandra table to store message ids. Advice: use LeveledCompaction for this table and tune read\/write consistency levels.",
    "deprecated": false,
    "groupId": "org.apache.camel",
    "artifactId": "camel-cassandraql",
    "version": "4.17.0-SNAPSHOT",
    "properties": { "session": { "index": 0, "kind": "property", "displayName": "Session", "required": true, "type": "object", "javaType": "org.apache.camel.utils.cassandra.CassandraSessionHolder", "deprecated": false, "autowired": false, "secret": false, "description": "Cassandra session" }, "table": { "index": 1, "kind": "property", "displayName": "Table", "required": false, "type": "string", "javaType": "java.lang.String", "deprecated": false, "autowired": false, "secret": false, "defaultValue": "CAMEL_IDEMPOTENT", "description": "The table name for storing the data" }, "prefixPKValues": { "index": 2, "kind": "property", "displayName": "Prefix Primary Key Values", "required": false, "type": "string", "javaType": "java.lang.String", "deprecated": false, "autowired": false, "secret": false, "description": "Values used as primary key prefix. Multiple values can be separated by comma." }, "pkColumns": { "index": 3, "kind": "property", "displayName": "Primary Key Columns", "required": false, "type": "string", "javaType": "java.lang.String", "deprecated": false, "autowired": false, "secret": false, "defaultValue": "KEY", "description": "Primary key columns. Multiple values can be separated by comma." }, "ttl": { "index": 4, "kind": "property", "displayName": "Time to Live", "required": false, "type": "integer", "javaType": "java.lang.Integer", "deprecated": false, "autowired": false, "secret": false, "description": "Time to live in seconds used for inserts" }, "writeConsistencyLevel": { "index": 5, "kind": "property", "displayName": "Write Consistency Level", "required": false, "type": "enum", "javaType": "com.datastax.oss.driver.api.core.ConsistencyLevel", "enum": [ "ANY", "ONE", "TWO", "THREE", "QUORUM", "ALL", "LOCAL_ONE", "LOCAL_QUORUM", "EACH_QUORUM", "SERIAL", "LOCAL_SERIAL" ], "deprecated": false, "autowired": false, "secret": false, "description": "Write consistency level" }, "readConsistencyLevel": { "index": 6, "kind": "property", "displayName": "Read Consistency Level", "required": false, "type": "enum", "javaType": "com.datastax.oss.driver.api.core.ConsistencyLevel", "enum": [ "ANY", "ONE", "TWO", "THREE", "QUORUM", "ALL", "LOCAL_ONE", "LOCAL_QUORUM", "EACH_QUORUM", "SERIAL", "LOCAL_SERIAL" ], "deprecated": false, "autowired": false, "secret": false, "description": "Read consistency level" } }
  }
}

