{
  "bean": {
    "kind": "bean",
    "name": "GroupedMessageAggregationStrategy",
    "javaType": "org.apache.camel.processor.aggregate.GroupedMessageAggregationStrategy",
    "interfaceType": "org.apache.camel.AggregationStrategy",
    "title": "Grouped Message Aggregation Strategy",
    "description": "Aggregate all Message into a single combined Exchange holding all the aggregated messages in a List of Message as the message body. This aggregation strategy can be used in combination with Splitter to batch messages.",
    "deprecated": false,
    "groupId": "org.apache.camel",
    "artifactId": "camel-core-processor",
    "version": "4.18.0-SNAPSHOT"
  }
}

