{
  "bean": {
    "kind": "bean",
    "name": "HazelcastAggregationRepository",
    "javaType": "org.apache.camel.processor.aggregate.hazelcast.HazelcastAggregationRepository",
    "interfaceType": "org.apache.camel.spi.AggregationRepository",
    "title": "Hazelcast Aggregation Repository",
    "description": "Aggregation repository that uses Hazelcast Cache to store exchanges.",
    "deprecated": false,
    "groupId": "org.apache.camel",
    "artifactId": "camel-hazelcast",
    "version": "4.18.0-SNAPSHOT",
    "properties": { "mapName": { "index": 0, "kind": "property", "displayName": "Map Name", "required": true, "type": "string", "javaType": "java.lang.String", "deprecated": false, "autowired": false, "secret": false, "description": "Name of cache to use" }, "hazelcastInstance": { "index": 1, "kind": "property", "displayName": "Hazelcast Instance", "required": false, "type": "object", "javaType": "com.hazelcast.core.HazelcastInstance", "deprecated": false, "autowired": false, "secret": false, "description": "To use an existing Hazelcast instance instead of local" }, "persistenceMapName": { "index": 2, "kind": "property", "displayName": "Persistence Map Name", "label": "advanced", "required": false, "type": "string", "javaType": "java.lang.String", "deprecated": false, "autowired": false, "secret": false, "description": "Name of cache to use for completed exchanges" }, "optimistic": { "index": 3, "kind": "property", "displayName": "Optimistic", "required": false, "type": "boolean", "javaType": "boolean", "deprecated": false, "autowired": false, "secret": false, "description": "Whether to use optimistic locking" }, "useRecovery": { "index": 4, "kind": "property", "displayName": "Use Recovery", "required": false, "type": "boolean", "javaType": "boolean", "deprecated": false, "autowired": false, "secret": false, "defaultValue": true, "description": "Whether or not recovery is enabled" }, "recoveryInterval": { "index": 5, "kind": "property", "displayName": "Recovery Interval", "required": false, "type": "integer", "javaType": "long", "deprecated": false, "autowired": false, "secret": false, "defaultValue": 5000, "description": "Sets the interval between recovery scans" }, "deadLetterUri": { "index": 6, "kind": "property", "displayName": "Dead Letter Uri", "required": false, "type": "string", "javaType": "java.lang.String", "deprecated": false, "autowired": false, "secret": false, "description": "Sets an optional dead letter channel which exhausted recovered Exchange should be send to." }, "maximumRedeliveries": { "index": 7, "kind": "property", "displayName": "Maximum Redeliveries", "required": false, "type": "integer", "javaType": "int", "deprecated": false, "autowired": false, "secret": false, "defaultValue": 3, "description": "Sets an optional limit of the number of redelivery attempt of recovered Exchange should be attempted, before its exhausted. When this limit is hit, then the Exchange is moved to the dead letter channel." }, "allowSerializedHeaders": { "index": 8, "kind": "property", "displayName": "Allow Serialized Headers", "label": "advanced", "required": false, "type": "boolean", "javaType": "boolean", "deprecated": false, "autowired": false, "secret": false, "description": "Whether headers on the Exchange that are Java objects and Serializable should be included and saved to the repository" } }
  }
}

