{
  "bean": {
    "kind": "bean",
    "name": "InfinispanEmbeddedIdempotentRepository",
    "javaType": "org.apache.camel.component.infinispan.embedded.InfinispanEmbeddedIdempotentRepository",
    "interfaceType": "org.apache.camel.spi.IdempotentRepository",
    "title": "Infinispan Embedded Idempotent Repository",
    "description": "Idempotent repository that uses embedded Infinispan to store message ids.",
    "deprecated": false,
    "groupId": "org.apache.camel",
    "artifactId": "camel-infinispan-embedded",
    "version": "4.18.0-SNAPSHOT",
    "properties": { "cacheName": { "index": 0, "kind": "property", "displayName": "Cache Name", "required": true, "type": "string", "javaType": "java.lang.String", "deprecated": false, "autowired": false, "secret": false, "description": "Name of cache" }, "configuration": { "index": 1, "kind": "property", "displayName": "Configuration", "required": false, "type": "object", "javaType": "org.apache.camel.component.infinispan.embedded.InfinispanEmbeddedConfiguration", "deprecated": false, "autowired": false, "secret": false, "description": "Configuration for embedded Infinispan" } }
  }
}

