{
  "bean": {
    "kind": "bean",
    "name": "InfinispanEmbeddedClusterService",
    "javaType": "org.apache.camel.component.infinispan.embedded.cluster.InfinispanEmbeddedClusterService",
    "interfaceType": "org.apache.camel.cluster.CamelClusterService",
    "title": "Infinispan Embedded Cluster Service",
    "description": "Infinispan based embedded cluster locking",
    "deprecated": false,
    "groupId": "org.apache.camel",
    "artifactId": "camel-infinispan-embedded",
    "version": "4.18.0-SNAPSHOT",
    "properties": { "id": { "index": 0, "kind": "property", "displayName": "Id", "required": true, "type": "string", "javaType": "java.lang.String", "deprecated": false, "autowired": false, "secret": false, "description": "Node id" }, "configurationUri": { "index": 1, "kind": "property", "displayName": "Configuration Uri", "label": "advanced", "required": false, "type": "string", "javaType": "java.lang.String", "deprecated": false, "autowired": false, "secret": false, "description": "An implementation specific URI for the CacheManager" }, "configuration": { "index": 2, "kind": "property", "displayName": "Configuration", "label": "advanced", "required": false, "type": "object", "javaType": "org.apache.camel.component.infinispan.embedded.cluster.InfinispanEmbeddedClusterConfiguration", "deprecated": false, "autowired": false, "secret": false, "description": "To use an existing configuration" }, "cacheContainer": { "index": 3, "kind": "property", "displayName": "Cache Container", "required": false, "type": "object", "javaType": "org.infinispan.manager.EmbeddedCacheManager", "deprecated": false, "autowired": false, "secret": false, "description": "Specifies the cache Container to connect" }, "cacheContainerConfiguration": { "index": 4, "kind": "property", "displayName": "Cache Container Configuration", "label": "advanced", "required": false, "type": "object", "javaType": "org.infinispan.configuration.cache.Configuration", "deprecated": false, "autowired": false, "secret": false, "description": "The CacheContainer configuration. Used if the cacheContainer is not defined." }, "lifespan": { "index": 5, "kind": "property", "displayName": "Lifespan", "required": false, "type": "integer", "javaType": "long", "deprecated": false, "autowired": false, "secret": false, "defaultValue": 30, "description": "The lifespan of the cache entry for the local cluster member registered to the inventory" }, "lifespanTimeUnit": { "index": 6, "kind": "property", "displayName": "Lifespan Time Unit", "required": false, "type": "object", "javaType": "java.util.concurrent.TimeUnit", "deprecated": false, "autowired": false, "secret": false, "defaultValue": "SECONDS", "description": "The TimeUnit of the lifespan" } }
  }
}

