{
  "bean": {
    "kind": "bean",
    "name": "InfinispanRemoteAggregationRepository",
    "javaType": "org.apache.camel.component.infinispan.remote.InfinispanRemoteAggregationRepository",
    "interfaceType": "org.apache.camel.spi.AggregationRepository",
    "title": "Infinispan Remote Aggregation Repository",
    "description": "Aggregation repository that uses remote Infinispan to store exchanges.",
    "deprecated": false,
    "groupId": "org.apache.camel",
    "artifactId": "camel-infinispan",
    "version": "4.18.0-SNAPSHOT",
    "properties": { "cacheName": { "index": 0, "kind": "property", "displayName": "Cache Name", "required": true, "type": "string", "javaType": "java.lang.String", "deprecated": false, "autowired": false, "secret": false, "description": "Name of cache" }, "configuration": { "index": 1, "kind": "property", "displayName": "Configuration", "required": false, "type": "object", "javaType": "org.apache.camel.component.infinispan.remote.InfinispanRemoteConfiguration", "deprecated": false, "autowired": false, "secret": false, "description": "Configuration for remote Infinispan" }, "useRecovery": { "index": 2, "kind": "property", "displayName": "Use Recovery", "required": false, "type": "boolean", "javaType": "boolean", "deprecated": false, "autowired": false, "secret": false, "defaultValue": true, "description": "Whether or not recovery is enabled" }, "deadLetterUri": { "index": 3, "kind": "property", "displayName": "Dead Letter Uri", "required": false, "type": "string", "javaType": "java.lang.String", "deprecated": false, "autowired": false, "secret": false, "description": "Sets an optional dead letter channel which exhausted recovered Exchange should be send to." }, "recoveryInterval": { "index": 4, "kind": "property", "displayName": "Recovery Interval", "required": false, "type": "integer", "javaType": "long", "deprecated": false, "autowired": false, "secret": false, "defaultValue": 5000, "description": "Sets the interval between recovery scans" }, "maximumRedeliveries": { "index": 5, "kind": "property", "displayName": "Maximum Redeliveries", "required": false, "type": "integer", "javaType": "int", "deprecated": false, "autowired": false, "secret": false, "defaultValue": 3, "description": "Sets an optional limit of the number of redelivery attempt of recovered Exchange should be attempted, before its exhausted. When this limit is hit, then the Exchange is moved to the dead letter channel." }, "allowSerializedHeaders": { "index": 6, "kind": "property", "displayName": "Allow Serialized Headers", "label": "advanced", "required": false, "type": "boolean", "javaType": "boolean", "deprecated": false, "autowired": false, "secret": false, "description": "Whether headers on the Exchange that are Java objects and Serializable should be included and saved to the repository" } }
  }
}

