{
  "bean": {
    "kind": "bean",
    "name": "JCacheIdempotentRepository",
    "javaType": "org.apache.camel.component.jcache.processor.idempotent.JCacheIdempotentRepository",
    "interfaceType": "org.apache.camel.spi.IdempotentRepository",
    "title": "JCache Idempotent Repository",
    "description": "Idempotent repository that uses JCache to store message ids.",
    "deprecated": false,
    "groupId": "org.apache.camel",
    "artifactId": "camel-jcache",
    "version": "4.17.0-SNAPSHOT",
    "properties": { "configuration": { "index": 0, "kind": "property", "displayName": "Configuration", "required": false, "type": "object", "javaType": "org.apache.camel.component.jcache.JCacheConfiguration", "deprecated": false, "autowired": false, "secret": false, "description": "Configuration for JCache" } }
  }
}

