<?xml version="1.0" encoding="UTF-8"?>
<configuration scan="true" scanPeriod="60 seconds" debug="false">
    <conversionRule conversionWord="clr" converterClass="org.springframework.boot.logging.logback.ColorConverter" />
    <conversionRule conversionWord="wex" converterClass="org.springframework.boot.logging.logback.WhitespaceThrowableProxyConverter" />
    <conversionRule conversionWord="wEx" converterClass="org.springframework.boot.logging.logback.ExtendedWhitespaceThrowableProxyConverter" />
    <contextName>linfengcommunity</contextName>
    <property name="log.charset" value="utf-8" />
    <property name="log.pattern" value="${log.pattern:-%clr(%d{yyyy-MM-dd HH:mm:ss.SSS}){faint} %clr(${LOG_LEVEL_PATTERN:-%5p}) %clr(${PID:- }){magenta} %clr(---){faint} %clr([%thread]){faint} %clr(%-40.40logger{39}){cyan} %clr(:){faint} %m%n${LOG_EXCEPTION_CONVERSION_WORD:-%wEx}}"  />
    <property name="log.path" value="../linfengcommunity_log"/>
    <appender name="console" class="ch.qos.logback.core.ConsoleAppender">
        <encoder>
            <pattern>${log.pattern}</pattern>
            <charset>${log.charset}</charset>
        </encoder>
    </appender>
    <appender name="error" class="ch.qos.logback.core.rolling.RollingFileAppender">
        <file>${log.path}/error.log</file>
        <rollingPolicy class="ch.qos.logback.core.rolling.SizeAndTimeBasedRollingPolicy">
            <fileNamePattern>${log.path}/%d{yyyy-MM}/error.%d{yyyy-MM-dd}.%i.log.gz</fileNamePattern>
            <maxFileSize>50MB</maxFileSize>
            <maxHistory>30</maxHistory>
        </rollingPolicy>
        <encoder>
            <pattern>%date [%thread] %-5level [%logger{50}] %file:%line - %msg%n</pattern>
            <charset>UTF-8</charset>
        </encoder>
        <filter class="ch.qos.logback.classic.filter.ThresholdFilter">
            <level>ERROR</level>
        </filter>
    </appender>
    <appender name="info" class="ch.qos.logback.core.rolling.RollingFileAppender">
        <file>${log.path}/info.log</file>
        <rollingPolicy class="ch.qos.logback.core.rolling.SizeAndTimeBasedRollingPolicy">
            <fileNamePattern>${log.path}/%d{yyyy-MM}/info.%d{yyyy-MM-dd}.%i.log.gz</fileNamePattern>
            <maxFileSize>50MB</maxFileSize>
            <maxHistory>30</maxHistory>
        </rollingPolicy>
        <encoder>
            <pattern>%date [%thread] %-5level [%logger{50}] %file:%line - %msg%n</pattern>
            <charset>UTF-8</charset>
        </encoder>
        <filter class="ch.qos.logback.classic.filter.ThresholdFilter">
            <level>INFO</level>
        </filter>
    </appender>
    <!--普通日志输出到控制台-->
    <root level="info">
        <appender-ref ref="console" />
        <appender-ref ref="error"/>
        <appender-ref ref="info"/>
    </root>
    <!--监控sql日志输出 -->
    <logger name="jdbc.sqlonly" level="DEBUG" additivity="false">
        <appender-ref ref="console" />
    </logger>
    <logger name="jdbc.resultset" level="ERROR" additivity="false">
        <appender-ref ref="console" />
    </logger>
    <logger name="jdbc.resultsettable" level="OFF" additivity="false">
        <appender-ref ref="console" />
    </logger>
    <logger name="jdbc.connection" level="OFF" additivity="false">
        <appender-ref ref="console" />
    </logger>
    <logger name="jdbc.sqltiming" level="OFF" additivity="false">
        <appender-ref ref="console" />
    </logger>
    <logger name="jdbc.audit" level="OFF" additivity="false">
        <appender-ref ref="console" />
    </logger>
</configuration>