{
  "id": "896287",
  "name": "form-making",
  "font_family": "fm-iconfont",
  "css_prefix_text": "icon-",
  "description": "表单设计器",
  "glyphs": [
    {
      "icon_id": "16030617",
      "name": "editor-formula",
      "font_class": "editor-formula",
      "unicode": "e647",
      "unicode_decimal": 58951
    },
    {
      "icon_id": "5387942",
      "name": "取消全屏_o",
      "font_class": "quxiaoquanping_o",
      "unicode": "eb98",
      "unicode_decimal": 60312
    },
    {
      "icon_id": "5387948",
      "name": "全屏_o",
      "font_class": "quanping_o",
      "unicode": "eb99",
      "unicode_decimal": 60313
    },
    {
      "icon_id": "16136927",
      "name": "卡片",
      "font_class": "kapian",
      "unicode": "e604",
      "unicode_decimal": 58884
    },
    {
      "icon_id": "1766481",
      "name": "符号-分组",
      "font_class": "fenzu",
      "unicode": "e694",
      "unicode_decimal": 59028
    },
    {
      "icon_id": "2967176",
      "name": "符号-大纲树",
      "font_class": "fuhao-dagangshu",
      "unicode": "e71f",
      "unicode_decimal": 59167
    },
    {
      "icon_id": "30697789",
      "name": "元数据-组件库",
      "font_class": "yuanshuju-zujianku",
      "unicode": "e62d",
      "unicode_decimal": 58925
    },
    {
      "icon_id": "1766507",
      "name": "符号-Dialog",
      "font_class": "Dialog",
      "unicode": "e6a2",
      "unicode_decimal": 59042
    },
    {
      "icon_id": "15188493",
      "name": "pagination",
      "font_class": "pagination",
      "unicode": "e705",
      "unicode_decimal": 59141
    },
    {
      "icon_id": "1766510",
      "name": "符号-折叠面板",
      "font_class": "zhediemianban",
      "unicode": "e6a1",
      "unicode_decimal": 59041
    },
    {
      "icon_id": "27157333",
      "name": "子表单",
      "font_class": "a-ziyuan25",
      "unicode": "e66c",
      "unicode_decimal": 58988
    },
    {
      "icon_id": "1766486",
      "name": "符号-警告提示",
      "font_class": "jinggaotishi",
      "unicode": "e696",
      "unicode_decimal": 59030
    },
    {
      "icon_id": "1766499",
      "name": "符号-树选择器",
      "font_class": "shuxuanzeqi",
      "unicode": "e69c",
      "unicode_decimal": 59036
    },
    {
      "icon_id": "22782989",
      "name": "m-穿梭框",
      "font_class": "m-chuansuokuang",
      "unicode": "e857",
      "unicode_decimal": 59479
    },
    {
      "icon_id": "21181429",
      "name": "m-步骤",
      "font_class": "m-buzhou",
      "unicode": "e7fb",
      "unicode_decimal": 59387
    },
    {
      "icon_id": "4767093",
      "name": "check",
      "font_class": "check1",
      "unicode": "e7fc",
      "unicode_decimal": 59388
    },
    {
      "icon_id": "29925",
      "name": "close",
      "font_class": "close",
      "unicode": "e646",
      "unicode_decimal": 58950
    },
    {
      "icon_id": "12865653",
      "name": "check",
      "font_class": "check",
      "unicode": "e6e6",
      "unicode_decimal": 59110
    },
    {
      "icon_id": "15838480",
      "name": "file",
      "font_class": "file",
      "unicode": "e671",
      "unicode_decimal": 58993
    },
    {
      "icon_id": "1239936",
      "name": "代码块",
      "font_class": "daimakuai",
      "unicode": "e6a0",
      "unicode_decimal": 59040
    },
    {
      "icon_id": "4347521",
      "name": "icon_预览",
      "font_class": "icon_yulan",
      "unicode": "eb8a",
      "unicode_decimal": 60298
    },
    {
      "icon_id": "6219264",
      "name": "清空",
      "font_class": "qingkong",
      "unicode": "e946",
      "unicode_decimal": 59718
    },
    {
      "icon_id": "11833498",
      "name": "导入",
      "font_class": "daoru",
      "unicode": "e60b",
      "unicode_decimal": 58891
    },
    {
      "icon_id": "15214524",
      "name": "json",
      "font_class": "json1",
      "unicode": "e610",
      "unicode_decimal": 58896
    },
    {
      "icon_id": "11807996",
      "name": "plus",
      "font_class": "plus",
      "unicode": "e68f",
      "unicode_decimal": 59023
    },
    {
      "icon_id": "18997288",
      "name": "inlineview",
      "font_class": "inlineview",
      "unicode": "e662",
      "unicode_decimal": 58978
    },
    {
      "icon_id": "16696538",
      "name": "链接",
      "font_class": "lianjie",
      "unicode": "e62e",
      "unicode_decimal": 58926
    },
    {
      "icon_id": "16859933",
      "name": "按钮",
      "font_class": "button",
      "unicode": "e648",
      "unicode_decimal": 58952
    },
    {
      "icon_id": "6162941",
      "name": "表格设置",
      "font_class": "biaogeshezhi",
      "unicode": "e61a",
      "unicode_decimal": 58906
    },
    {
      "icon_id": "1254752",
      "name": "8重做",
      "font_class": "8zhongzuo",
      "unicode": "e619",
      "unicode_decimal": 58905
    },
    {
      "icon_id": "1308053",
      "name": "007操作_撤销",
      "font_class": "007caozuo_chexiao",
      "unicode": "e624",
      "unicode_decimal": 58916
    },
    {
      "icon_id": "18592429",
      "name": "mobile",
      "font_class": "mobile",
      "unicode": "e686",
      "unicode_decimal": 59014
    },
    {
      "icon_id": "12225077",
      "name": "pc",
      "font_class": "pc",
      "unicode": "e618",
      "unicode_decimal": 58904
    },
    {
      "icon_id": "15838509",
      "name": "pad",
      "font_class": "pad",
      "unicode": "e679",
      "unicode_decimal": 59001
    },
    {
      "icon_id": "14719399",
      "name": "添加  增加   加",
      "font_class": "tianjiazengjiajia",
      "unicode": "e609",
      "unicode_decimal": 58889
    },
    {
      "icon_id": "2347922",
      "name": "扩展组件",
      "font_class": "extend",
      "unicode": "e820",
      "unicode_decimal": 59424
    },
    {
      "icon_id": "1984642",
      "name": "发布",
      "font_class": "publish",
      "unicode": "e69b",
      "unicode_decimal": 59035
    },
    {
      "icon_id": "14713266",
      "name": "向下合并",
      "font_class": "xiangxiahebing",
      "unicode": "e670",
      "unicode_decimal": 58992
    },
    {
      "icon_id": "14826792",
      "name": "向右合并",
      "font_class": "xiangyouhebing",
      "unicode": "e689",
      "unicode_decimal": 59017
    },
    {
      "icon_id": "10868151",
      "name": "删除行",
      "font_class": "shanchuhang",
      "unicode": "e8a3",
      "unicode_decimal": 59555
    },
    {
      "icon_id": "10868263",
      "name": "删除列",
      "font_class": "shanchulie",
      "unicode": "e8a5",
      "unicode_decimal": 59557
    },
    {
      "icon_id": "13015642",
      "name": "29-插入列",
      "font_class": "-charulie",
      "unicode": "e6d2",
      "unicode_decimal": 59090
    },
    {
      "icon_id": "13015644",
      "name": "28-插入行",
      "font_class": "-charuhang",
      "unicode": "e6d3",
      "unicode_decimal": 59091
    },
    {
      "icon_id": "7617113",
      "name": "table",
      "font_class": "table1",
      "unicode": "e602",
      "unicode_decimal": 58882
    },
    {
      "icon_id": "10056190",
      "name": "自定义",
      "font_class": "zidingyi",
      "unicode": "e6e9",
      "unicode_decimal": 59113
    },
    {
      "icon_id": "10746989",
      "name": "edit",
      "font_class": "edit",
      "unicode": "e601",
      "unicode_decimal": 58881
    },
    {
      "icon_id": "586812",
      "name": "component",
      "font_class": "component",
      "unicode": "e6de",
      "unicode_decimal": 59102
    },
    {
      "icon_id": "7239776",
      "name": "html5",
      "font_class": "html",
      "unicode": "e735",
      "unicode_decimal": 59189
    },
    {
      "icon_id": "7450622",
      "name": "评分",
      "font_class": "pingfen1",
      "unicode": "e661",
      "unicode_decimal": 58977
    },
    {
      "icon_id": "1395847",
      "name": "自定义数据",
      "font_class": "zidingyishuju",
      "unicode": "e634",
      "unicode_decimal": 58932
    },
    {
      "icon_id": "9745467",
      "name": "tabs",
      "font_class": "tabs",
      "unicode": "e65f",
      "unicode_decimal": 58975
    },
    {
      "icon_id": "2199046",
      "name": "文件上传",
      "font_class": "wenjianshangchuan",
      "unicode": "e617",
      "unicode_decimal": 58903
    },
    {
      "icon_id": "2471356",
      "name": "分割线",
      "font_class": "fengexian",
      "unicode": "e66e",
      "unicode_decimal": 58990
    },
    {
      "icon_id": "7007279",
      "name": "文字设置-22",
      "font_class": "wenzishezhi-",
      "unicode": "e67c",
      "unicode_decimal": 59004
    },
    {
      "icon_id": "1200326",
      "name": "清空回收站",
      "font_class": "qingkonghuishouzhan",
      "unicode": "e642",
      "unicode_decimal": 58946
    },
    {
      "icon_id": "1262212",
      "name": "table",
      "font_class": "table",
      "unicode": "e713",
      "unicode_decimal": 59155
    },
    {
      "icon_id": "911013",
      "name": "delete",
      "font_class": "delete",
      "unicode": "e616",
      "unicode_decimal": 58902
    },
    {
      "icon_id": "2471396",
      "name": "图片预览",
      "font_class": "tupianyulan",
      "unicode": "e67d",
      "unicode_decimal": 59005
    },
    {
      "icon_id": "7852097",
      "name": "sync",
      "font_class": "sync1",
      "unicode": "e631",
      "unicode_decimal": 58929
    },
    {
      "icon_id": "7646743",
      "name": "单栏布局",
      "font_class": "RectangleCopy",
      "unicode": "e620",
      "unicode_decimal": 58912
    },
    {
      "icon_id": "5203323",
      "name": "栅格",
      "font_class": "zhage",
      "unicode": "e63f",
      "unicode_decimal": 58943
    },
    {
      "icon_id": "1261483",
      "name": "code",
      "font_class": "code",
      "unicode": "e65b",
      "unicode_decimal": 58971
    },
    {
      "icon_id": "978315",
      "name": "发布",
      "font_class": "fabu",
      "unicode": "e630",
      "unicode_decimal": 58928
    },
    {
      "icon_id": "605457",
      "name": "代码生成",
      "font_class": "weibiaoti46",
      "unicode": "e63c",
      "unicode_decimal": 58940
    },
    {
      "icon_id": "1444787",
      "name": "json",
      "font_class": "json",
      "unicode": "e7bd",
      "unicode_decimal": 59325
    },
    {
      "icon_id": "3095097",
      "name": "评分",
      "font_class": "pingfen",
      "unicode": "e640",
      "unicode_decimal": 58944
    },
    {
      "icon_id": "6263341",
      "name": "预览",
      "font_class": "yulan",
      "unicode": "e668",
      "unicode_decimal": 58984
    },
    {
      "icon_id": "5038944",
      "name": "上传",
      "font_class": "shangchuan",
      "unicode": "e645",
      "unicode_decimal": 58949
    },
    {
      "icon_id": "1766483",
      "name": "符号-级联选择",
      "font_class": "jilianxuanze",
      "unicode": "e695",
      "unicode_decimal": 59029
    },
    {
      "icon_id": "586799",
      "name": "clear",
      "font_class": "clear",
      "unicode": "e6d1",
      "unicode_decimal": 59089
    },
    {
      "icon_id": "4936456",
      "name": "drag",
      "font_class": "drag",
      "unicode": "e842",
      "unicode_decimal": 59458
    },
    {
      "icon_id": "2761589",
      "name": "ad-icon-tooltip",
      "font_class": "ad-icon-tooltip",
      "unicode": "e63e",
      "unicode_decimal": 58942
    },
    {
      "icon_id": "1907051",
      "name": "icon_clone",
      "font_class": "icon_clone",
      "unicode": "e606",
      "unicode_decimal": 58886
    },
    {
      "icon_id": "3789832",
      "name": "icon_bars",
      "font_class": "icon_bars",
      "unicode": "e7c4",
      "unicode_decimal": 59332
    },
    {
      "icon_id": "4898445",
      "name": "trash",
      "font_class": "trash",
      "unicode": "e60f",
      "unicode_decimal": 58895
    },
    {
      "icon_id": "4813826",
      "name": "自定义字段",
      "font_class": "ic",
      "unicode": "e621",
      "unicode_decimal": 58913
    },
    {
      "icon_id": "6478692",
      "name": "select",
      "font_class": "select",
      "unicode": "e920",
      "unicode_decimal": 59680
    },
    {
      "icon_id": "1388473",
      "name": "diy-com-textarea",
      "font_class": "diy-com-textarea",
      "unicode": "e91f",
      "unicode_decimal": 59679
    },
    {
      "icon_id": "2508851",
      "name": "time",
      "font_class": "time",
      "unicode": "e600",
      "unicode_decimal": 58880
    },
    {
      "icon_id": "2546726",
      "name": "rate",
      "font_class": "icon-test",
      "unicode": "e605",
      "unicode_decimal": 58885
    },
    {
      "icon_id": "2673459",
      "name": "图片",
      "font_class": "tupian",
      "unicode": "e65e",
      "unicode_decimal": 58974
    },
    {
      "icon_id": "2931748",
      "name": "check-box",
      "font_class": "check-box",
      "unicode": "e60e",
      "unicode_decimal": 58894
    },
    {
      "icon_id": "2936385",
      "name": "switch",
      "font_class": "switch",
      "unicode": "e660",
      "unicode_decimal": 58976
    },
    {
      "icon_id": "3102087",
      "name": "input",
      "font_class": "input",
      "unicode": "e6b2",
      "unicode_decimal": 59058
    },
    {
      "icon_id": "3159057",
      "name": "radio",
      "font_class": "radio-active",
      "unicode": "e615",
      "unicode_decimal": 58901
    },
    {
      "icon_id": "3628726",
      "name": "color",
      "font_class": "color",
      "unicode": "e62f",
      "unicode_decimal": 58927
    },
    {
      "icon_id": "3775281",
      "name": "slider",
      "font_class": "slider",
      "unicode": "e60d",
      "unicode_decimal": 58893
    },
    {
      "icon_id": "4462751",
      "name": "date",
      "font_class": "date",
      "unicode": "e69f",
      "unicode_decimal": 59039
    },
    {
      "icon_id": "4919445",
      "name": "grid-45",
      "font_class": "grid-",
      "unicode": "e6ad",
      "unicode_decimal": 59053
    },
    {
      "icon_id": "5314461",
      "name": "number",
      "font_class": "number",
      "unicode": "e76b",
      "unicode_decimal": 59243
    },
    {
      "icon_id": "4096082",
      "name": "富文本框",
      "font_class": "fuwenbenkuang",
      "unicode": "e682",
      "unicode_decimal": 59010
    }
  ]
}
