{
  "$schema": "https://vega.github.io/schema/vega/v6.json",
  "width": 900,
  "height": 560,
  "padding": {"top": 0, "left": 0, "right": 0, "bottom": 0},
  "autosize": "none",

  "data": [
    {
      "name": "states",
      "url": "data/us-10m.json",
      "format": {"type": "topojson", "feature": "states"},
      "transform": [
        {
          "type": "geopath",
          "projection": "projection"
        }
      ]
    },
    {
      "name": "traffic",
      "url": "data/flights-airport.csv",
      "format": {"type": "csv", "parse": "auto"},
      "transform": [
        {
          "type": "aggregate",
          "groupby": ["origin"],
          "fields": ["count"], "ops": ["sum"], "as": ["flights"]
        }
      ]
    },
    {
      "name": "airports",
      "url": "data/airports.csv",
      "format": {"type": "csv", "parse": "auto"},
      "transform": [
        {
          "type": "lookup",
          "from": "traffic", "key": "origin",
          "fields": ["iata"], "as": ["traffic"]
        },
        {
          "type": "filter",
          "expr": "datum.traffic != null"
        },
        {
          "type": "geopoint",
          "projection": "projection",
          "fields": ["longitude", "latitude"]
        },
        {
          "type": "filter",
          "expr": "datum.x != null && datum.y != null"
        }
      ]
    }
  ],

  "projections": [
    {
      "name": "projection",
      "type": "albersUsa",
      "scale": 1200,
      "translate": [{"signal": "width / 2"}, {"signal": "height / 2"}]
    }
  ],

  "marks": [
    {
      "type": "path",
      "from": {"data": "states"},
      "encode": {
        "enter": {
          "fill": {"value": "#dedede"},
          "stroke": {"value": "white"}
        },
        "update": {
          "path": {"field": "path"}
        }
      }
    },
    {
      "type": "symbol",
      "from": {"data": "airports"},
      "encode": {
        "enter": {
          "size": {"value": 16},
          "fill": {"value": "steelblue"},
          "fillOpacity": {"value": 0.8},
          "stroke": {"value": "white"},
          "strokeWidth": {"value": 1.5}
        },
        "update": {
          "x": {"field": "x"},
          "y": {"field": "y"}
        }
      }
    }
  ]
}
