<?xml version="1.0" encoding="UTF-8"?>
<!DOCTYPE mapper PUBLIC "-//mybatis.org//DTD Mapper 3.0//EN" "http://mybatis.org/dtd/mybatis-3-mapper.dtd">
<mapper namespace="com.xiaomi.miapi.mapper.BusProjectGroupMapper">
  <resultMap id="BaseResultMap" type="com.xiaomi.miapi.pojo.BusProjectGroup">
    <id column="group_id" jdbcType="INTEGER" property="groupId" />
    <result column="group_name" jdbcType="VARCHAR" property="groupName" />
    <result column="group_desc" jdbcType="VARCHAR" property="groupDesc" />
    <result column="status" jdbcType="BIT" property="status" />
    <result column="pub_group" jdbcType="INTEGER" property="pubGroup" />
  </resultMap>
  <sql id="Example_Where_Clause">
    <where>
      <foreach collection="oredCriteria" item="criteria" separator="or">
        <if test="criteria.valid">
          <trim prefix="(" prefixOverrides="and" suffix=")">
            <foreach collection="criteria.criteria" item="criterion">
              <choose>
                <when test="criterion.noValue">
                  and ${criterion.condition}
                </when>
                <when test="criterion.singleValue">
                  and ${criterion.condition} #{criterion.value}
                </when>
                <when test="criterion.betweenValue">
                  and ${criterion.condition} #{criterion.value} and #{criterion.secondValue}
                </when>
                <when test="criterion.listValue">
                  and ${criterion.condition}
                  <foreach close=")" collection="criterion.value" item="listItem" open="(" separator=",">
                    #{listItem}
                  </foreach>
                </when>
              </choose>
            </foreach>
          </trim>
        </if>
      </foreach>
    </where>
  </sql>
  <sql id="Update_By_Example_Where_Clause">
    <where>
      <foreach collection="example.oredCriteria" item="criteria" separator="or">
        <if test="criteria.valid">
          <trim prefix="(" prefixOverrides="and" suffix=")">
            <foreach collection="criteria.criteria" item="criterion">
              <choose>
                <when test="criterion.noValue">
                  and ${criterion.condition}
                </when>
                <when test="criterion.singleValue">
                  and ${criterion.condition} #{criterion.value}
                </when>
                <when test="criterion.betweenValue">
                  and ${criterion.condition} #{criterion.value} and #{criterion.secondValue}
                </when>
                <when test="criterion.listValue">
                  and ${criterion.condition}
                  <foreach close=")" collection="criterion.value" item="listItem" open="(" separator=",">
                    #{listItem}
                  </foreach>
                </when>
              </choose>
            </foreach>
          </trim>
        </if>
      </foreach>
    </where>
  </sql>
  <sql id="Base_Column_List">
    group_id, group_name, group_desc, status, pub_group
  </sql>
  <select id="selectByExample" parameterType="com.xiaomi.miapi.pojo.BusProjectGroupExample" resultMap="BaseResultMap">
    select
    <if test="distinct">
      distinct
    </if>
    <include refid="Base_Column_List" />
    from bus_project_group
    <if test="_parameter != null">
      <include refid="Example_Where_Clause" />
    </if>
    <if test="orderByClause != null">
      order by ${orderByClause}
    </if>
  </select>
  <select id="selectByPrimaryKey" parameterType="java.lang.Integer" resultMap="BaseResultMap">
    select 
    <include refid="Base_Column_List" />
    from bus_project_group
    where group_id = #{groupId,jdbcType=INTEGER}
  </select>
  <delete id="deleteByPrimaryKey" parameterType="java.lang.Integer">
    delete from bus_project_group
    where group_id = #{groupId,jdbcType=INTEGER}
  </delete>
  <delete id="deleteByExample" parameterType="com.xiaomi.miapi.pojo.BusProjectGroupExample">
    delete from bus_project_group
    <if test="_parameter != null">
      <include refid="Example_Where_Clause" />
    </if>
  </delete>
  <insert id="insert" parameterType="com.xiaomi.miapi.pojo.BusProjectGroup">
    <selectKey keyProperty="groupId" order="AFTER" resultType="java.lang.Integer">
      SELECT LAST_INSERT_ID()
    </selectKey>
    insert into bus_project_group (group_name, group_desc, status, 
      pub_group)
    values (#{groupName,jdbcType=VARCHAR}, #{groupDesc,jdbcType=VARCHAR}, #{status,jdbcType=BIT}, 
      #{pubGroup,jdbcType=INTEGER})
  </insert>
  <insert id="insertSelective" parameterType="com.xiaomi.miapi.pojo.BusProjectGroup">
    <selectKey keyProperty="groupId" order="AFTER" resultType="java.lang.Integer">
      SELECT LAST_INSERT_ID()
    </selectKey>
    insert into bus_project_group
    <trim prefix="(" suffix=")" suffixOverrides=",">
      <if test="groupName != null">
        group_name,
      </if>
      <if test="groupDesc != null">
        group_desc,
      </if>
      <if test="status != null">
        status,
      </if>
      <if test="pubGroup != null">
        pub_group,
      </if>
    </trim>
    <trim prefix="values (" suffix=")" suffixOverrides=",">
      <if test="groupName != null">
        #{groupName,jdbcType=VARCHAR},
      </if>
      <if test="groupDesc != null">
        #{groupDesc,jdbcType=VARCHAR},
      </if>
      <if test="status != null">
        #{status,jdbcType=BIT},
      </if>
      <if test="pubGroup != null">
        #{pubGroup,jdbcType=INTEGER},
      </if>
    </trim>
  </insert>
  <select id="countByExample" parameterType="com.xiaomi.miapi.pojo.BusProjectGroupExample" resultType="java.lang.Long">
    select count(*) from bus_project_group
    <if test="_parameter != null">
      <include refid="Example_Where_Clause" />
    </if>
  </select>
  <update id="updateByExampleSelective" parameterType="map">
    update bus_project_group
    <set>
      <if test="record.groupId != null">
        group_id = #{record.groupId,jdbcType=INTEGER},
      </if>
      <if test="record.groupName != null">
        group_name = #{record.groupName,jdbcType=VARCHAR},
      </if>
      <if test="record.groupDesc != null">
        group_desc = #{record.groupDesc,jdbcType=VARCHAR},
      </if>
      <if test="record.status != null">
        status = #{record.status,jdbcType=BIT},
      </if>
      <if test="record.pubGroup != null">
        pub_group = #{record.pubGroup,jdbcType=INTEGER},
      </if>
    </set>
    <if test="_parameter != null">
      <include refid="Update_By_Example_Where_Clause" />
    </if>
  </update>
  <update id="updateByExample" parameterType="map">
    update bus_project_group
    set group_id = #{record.groupId,jdbcType=INTEGER},
      group_name = #{record.groupName,jdbcType=VARCHAR},
      group_desc = #{record.groupDesc,jdbcType=VARCHAR},
      status = #{record.status,jdbcType=BIT},
      pub_group = #{record.pubGroup,jdbcType=INTEGER}
    <if test="_parameter != null">
      <include refid="Update_By_Example_Where_Clause" />
    </if>
  </update>
  <update id="updateByPrimaryKeySelective" parameterType="com.xiaomi.miapi.pojo.BusProjectGroup">
    update bus_project_group
    <set>
      <if test="groupName != null">
        group_name = #{groupName,jdbcType=VARCHAR},
      </if>
      <if test="groupDesc != null">
        group_desc = #{groupDesc,jdbcType=VARCHAR},
      </if>
      <if test="status != null">
        status = #{status,jdbcType=BIT},
      </if>
      <if test="pubGroup != null">
        pub_group = #{pubGroup,jdbcType=INTEGER},
      </if>
    </set>
    where group_id = #{groupId,jdbcType=INTEGER}
  </update>
  <update id="updateByPrimaryKey" parameterType="com.xiaomi.miapi.pojo.BusProjectGroup">
    update bus_project_group
    set group_name = #{groupName,jdbcType=VARCHAR},
      group_desc = #{groupDesc,jdbcType=VARCHAR},
      status = #{status,jdbcType=BIT},
      pub_group = #{pubGroup,jdbcType=INTEGER}
    where group_id = #{groupId,jdbcType=INTEGER}
  </update>
  <insert id="batchInsert" keyColumn="group_id" keyProperty="groupId" parameterType="map" useGeneratedKeys="true">
    insert into bus_project_group
    (group_name, group_desc, status, pub_group)
    values
    <foreach collection="list" item="item" separator=",">
      (#{item.groupName,jdbcType=VARCHAR}, #{item.groupDesc,jdbcType=VARCHAR}, #{item.status,jdbcType=BIT}, 
        #{item.pubGroup,jdbcType=INTEGER})
    </foreach>
  </insert>
  <insert id="batchInsertSelective" keyColumn="group_id" keyProperty="list.groupId" parameterType="map" useGeneratedKeys="true">
    insert into bus_project_group (
    <foreach collection="selective" item="column" separator=",">
      ${column.escapedColumnName}
    </foreach>
    )
    values
    <foreach collection="list" item="item" separator=",">
      (
      <foreach collection="selective" item="column" separator=",">
        <if test="'group_name'.toString() == column.value">
          #{item.groupName,jdbcType=VARCHAR}
        </if>
        <if test="'group_desc'.toString() == column.value">
          #{item.groupDesc,jdbcType=VARCHAR}
        </if>
        <if test="'status'.toString() == column.value">
          #{item.status,jdbcType=BIT}
        </if>
        <if test="'pub_group'.toString() == column.value">
          #{item.pubGroup,jdbcType=INTEGER}
        </if>
      </foreach>
      )
    </foreach>
  </insert>
</mapper>