<?xml version="1.0" encoding="UTF-8"?>
<!DOCTYPE mapper PUBLIC "-//mybatis.org//DTD Mapper 3.0//EN" "http://mybatis.org/dtd/mybatis-3-mapper.dtd">
<mapper namespace="com.xiaomi.miapi.mapper.DubboPushDataMapper">
  <resultMap id="BaseResultMap" type="com.xiaomi.miapi.pojo.DubboPushData">
    <id column="id" jdbcType="INTEGER" property="id" />
    <result column="address" jdbcType="VARCHAR" property="address" />
  </resultMap>
  <resultMap extends="BaseResultMap" id="ResultMapWithBLOBs" type="com.xiaomi.miapi.pojo.DubboPushData">
    <result column="apiModuleList" jdbcType="LONGVARCHAR" property="apimodulelist" />
    <result column="apiModuleInfo" jdbcType="LONGVARCHAR" property="apimoduleinfo" />
    <result column="apiParamsResponseInfo" jdbcType="LONGVARCHAR" property="apiparamsresponseinfo" />
  </resultMap>
  <sql id="Example_Where_Clause">
    <where>
      <foreach collection="oredCriteria" item="criteria" separator="or">
        <if test="criteria.valid">
          <trim prefix="(" prefixOverrides="and" suffix=")">
            <foreach collection="criteria.criteria" item="criterion">
              <choose>
                <when test="criterion.noValue">
                  and ${criterion.condition}
                </when>
                <when test="criterion.singleValue">
                  and ${criterion.condition} #{criterion.value}
                </when>
                <when test="criterion.betweenValue">
                  and ${criterion.condition} #{criterion.value} and #{criterion.secondValue}
                </when>
                <when test="criterion.listValue">
                  and ${criterion.condition}
                  <foreach close=")" collection="criterion.value" item="listItem" open="(" separator=",">
                    #{listItem}
                  </foreach>
                </when>
              </choose>
            </foreach>
          </trim>
        </if>
      </foreach>
    </where>
  </sql>
  <sql id="Update_By_Example_Where_Clause">
    <where>
      <foreach collection="example.oredCriteria" item="criteria" separator="or">
        <if test="criteria.valid">
          <trim prefix="(" prefixOverrides="and" suffix=")">
            <foreach collection="criteria.criteria" item="criterion">
              <choose>
                <when test="criterion.noValue">
                  and ${criterion.condition}
                </when>
                <when test="criterion.singleValue">
                  and ${criterion.condition} #{criterion.value}
                </when>
                <when test="criterion.betweenValue">
                  and ${criterion.condition} #{criterion.value} and #{criterion.secondValue}
                </when>
                <when test="criterion.listValue">
                  and ${criterion.condition}
                  <foreach close=")" collection="criterion.value" item="listItem" open="(" separator=",">
                    #{listItem}
                  </foreach>
                </when>
              </choose>
            </foreach>
          </trim>
        </if>
      </foreach>
    </where>
  </sql>
  <sql id="Base_Column_List">
    id, address
  </sql>
  <sql id="Blob_Column_List">
    apiModuleList, apiModuleInfo, apiParamsResponseInfo
  </sql>
  <select id="selectByExampleWithBLOBs" parameterType="com.xiaomi.miapi.pojo.DubboPushDataExample" resultMap="ResultMapWithBLOBs">
    select
    <if test="distinct">
      distinct
    </if>
    <include refid="Base_Column_List" />
    ,
    <include refid="Blob_Column_List" />
    from dubbo_push_data
    <if test="_parameter != null">
      <include refid="Example_Where_Clause" />
    </if>
    <if test="orderByClause != null">
      order by ${orderByClause}
    </if>
  </select>
  <select id="selectByExample" parameterType="com.xiaomi.miapi.pojo.DubboPushDataExample" resultMap="BaseResultMap">
    select
    <if test="distinct">
      distinct
    </if>
    <include refid="Base_Column_List" />
    from dubbo_push_data
    <if test="_parameter != null">
      <include refid="Example_Where_Clause" />
    </if>
    <if test="orderByClause != null">
      order by ${orderByClause}
    </if>
  </select>
  <select id="selectByPrimaryKey" parameterType="java.lang.Integer" resultMap="ResultMapWithBLOBs">
    select 
    <include refid="Base_Column_List" />
    ,
    <include refid="Blob_Column_List" />
    from dubbo_push_data
    where id = #{id,jdbcType=INTEGER}
  </select>
  <delete id="deleteByPrimaryKey" parameterType="java.lang.Integer">
    delete from dubbo_push_data
    where id = #{id,jdbcType=INTEGER}
  </delete>
  <delete id="deleteByExample" parameterType="com.xiaomi.miapi.pojo.DubboPushDataExample">
    delete from dubbo_push_data
    <if test="_parameter != null">
      <include refid="Example_Where_Clause" />
    </if>
  </delete>
  <insert id="insert" parameterType="com.xiaomi.miapi.pojo.DubboPushData">
    insert into dubbo_push_data (address, apiModuleList, apiModuleInfo,
      apiParamsResponseInfo)
    values (#{address,jdbcType=VARCHAR}, #{apimodulelist,jdbcType=LONGVARCHAR}, #{apimoduleinfo,jdbcType=LONGVARCHAR}, 
      #{apiparamsresponseinfo,jdbcType=LONGVARCHAR})
  </insert>
  <insert id="insertSelective" parameterType="com.xiaomi.miapi.pojo.DubboPushData">
    <selectKey keyProperty="id" order="AFTER" resultType="java.lang.Integer">
      SELECT LAST_INSERT_ID()
    </selectKey>
    insert into dubbo_push_data
    <trim prefix="(" suffix=")" suffixOverrides=",">
      <if test="address != null">
        address,
      </if>
      <if test="apimodulelist != null">
        apiModuleList,
      </if>
      <if test="apimoduleinfo != null">
        apiModuleInfo,
      </if>
      <if test="apiparamsresponseinfo != null">
        apiParamsResponseInfo,
      </if>
    </trim>
    <trim prefix="values (" suffix=")" suffixOverrides=",">
      <if test="address != null">
        #{address,jdbcType=VARCHAR},
      </if>
      <if test="apimodulelist != null">
        #{apimodulelist,jdbcType=LONGVARCHAR},
      </if>
      <if test="apimoduleinfo != null">
        #{apimoduleinfo,jdbcType=LONGVARCHAR},
      </if>
      <if test="apiparamsresponseinfo != null">
        #{apiparamsresponseinfo,jdbcType=LONGVARCHAR},
      </if>
    </trim>
  </insert>
  <select id="countByExample" parameterType="com.xiaomi.miapi.pojo.DubboPushDataExample" resultType="java.lang.Long">
    select count(*) from dubbo_push_data
    <if test="_parameter != null">
      <include refid="Example_Where_Clause" />
    </if>
  </select>
  <update id="updateByExampleSelective" parameterType="map">
    update dubbo_push_data
    <set>
      <if test="record.id != null">
        id = #{record.id,jdbcType=INTEGER},
      </if>
      <if test="record.address != null">
        address = #{record.address,jdbcType=VARCHAR},
      </if>
      <if test="record.apimodulelist != null">
        apiModuleList = #{record.apimodulelist,jdbcType=LONGVARCHAR},
      </if>
      <if test="record.apimoduleinfo != null">
        apiModuleInfo = #{record.apimoduleinfo,jdbcType=LONGVARCHAR},
      </if>
      <if test="record.apiparamsresponseinfo != null">
        apiParamsResponseInfo = #{record.apiparamsresponseinfo,jdbcType=LONGVARCHAR},
      </if>
    </set>
    <if test="_parameter != null">
      <include refid="Update_By_Example_Where_Clause" />
    </if>
  </update>
  <update id="updateByExampleWithBLOBs" parameterType="map">
    update dubbo_push_data
    set id = #{record.id,jdbcType=INTEGER},
      address = #{record.address,jdbcType=VARCHAR},
      apiModuleList = #{record.apimodulelist,jdbcType=LONGVARCHAR},
      apiModuleInfo = #{record.apimoduleinfo,jdbcType=LONGVARCHAR},
      apiParamsResponseInfo = #{record.apiparamsresponseinfo,jdbcType=LONGVARCHAR}
    <if test="_parameter != null">
      <include refid="Update_By_Example_Where_Clause" />
    </if>
  </update>
  <update id="updateByExample" parameterType="map">
    update dubbo_push_data
    set id = #{record.id,jdbcType=INTEGER},
      address = #{record.address,jdbcType=VARCHAR}
    <if test="_parameter != null">
      <include refid="Update_By_Example_Where_Clause" />
    </if>
  </update>
  <update id="updateByPrimaryKeySelective" parameterType="com.xiaomi.miapi.pojo.DubboPushData">
    update dubbo_push_data
    <set>
      <if test="address != null">
        address = #{address,jdbcType=VARCHAR},
      </if>
      <if test="apimodulelist != null">
        apiModuleList = #{apimodulelist,jdbcType=LONGVARCHAR},
      </if>
      <if test="apimoduleinfo != null">
        apiModuleInfo = #{apimoduleinfo,jdbcType=LONGVARCHAR},
      </if>
      <if test="apiparamsresponseinfo != null">
        apiParamsResponseInfo = #{apiparamsresponseinfo,jdbcType=LONGVARCHAR},
      </if>
    </set>
    where id = #{id,jdbcType=INTEGER}
  </update>
  <update id="updateByPrimaryKeyWithBLOBs" parameterType="com.xiaomi.miapi.pojo.DubboPushData">
    update dubbo_push_data
    set address = #{address,jdbcType=VARCHAR},
      apiModuleList = #{apimodulelist,jdbcType=LONGVARCHAR},
      apiModuleInfo = #{apimoduleinfo,jdbcType=LONGVARCHAR},
      apiParamsResponseInfo = #{apiparamsresponseinfo,jdbcType=LONGVARCHAR}
    where id = #{id,jdbcType=INTEGER}
  </update>
  <update id="updateByPrimaryKey" parameterType="com.xiaomi.miapi.pojo.DubboPushData">
    update dubbo_push_data
    set address = #{address,jdbcType=VARCHAR}
    where id = #{id,jdbcType=INTEGER}
  </update>
  <insert id="batchInsert" keyColumn="id" keyProperty="id" parameterType="map" useGeneratedKeys="true">
    insert into dubbo_push_data
    (address, apiModuleList, apiModuleInfo, apiParamsResponseInfo)
    values
    <foreach collection="list" item="item" separator=",">
      (#{item.address,jdbcType=VARCHAR}, #{item.apimodulelist,jdbcType=LONGVARCHAR}, #{item.apimoduleinfo,jdbcType=LONGVARCHAR}, 
        #{item.apiparamsresponseinfo,jdbcType=LONGVARCHAR})
    </foreach>
  </insert>
  <insert id="batchInsertSelective" keyColumn="id" keyProperty="list.id" parameterType="map" useGeneratedKeys="true">
    insert into dubbo_push_data (
    <foreach collection="selective" item="column" separator=",">
      ${column.escapedColumnName}
    </foreach>
    )
    values
    <foreach collection="list" item="item" separator=",">
      (
      <foreach collection="selective" item="column" separator=",">
        <if test="'address'.toString() == column.value">
          #{item.address,jdbcType=VARCHAR}
        </if>
        <if test="'apiModuleList'.toString() == column.value">
          #{item.apimodulelist,jdbcType=LONGVARCHAR}
        </if>
        <if test="'apiModuleInfo'.toString() == column.value">
          #{item.apimoduleinfo,jdbcType=LONGVARCHAR}
        </if>
        <if test="'apiParamsResponseInfo'.toString() == column.value">
          #{item.apiparamsresponseinfo,jdbcType=LONGVARCHAR}
        </if>
      </foreach>
      )
    </foreach>
  </insert>
</mapper>