<?xml version="1.0" encoding="UTF-8"?>
<!DOCTYPE mapper PUBLIC "-//mybatis.org//DTD Mapper 3.0//EN" "http://mybatis.org/dtd/mybatis-3-mapper.dtd">
<mapper namespace="com.xiaomi.miapi.mapper.HttpPushDataMapper">
  <resultMap id="BaseResultMap" type="com.xiaomi.miapi.pojo.HttpPushData">
    <id column="id" jdbcType="INTEGER" property="id" />
    <result column="address" jdbcType="VARCHAR" property="address" />
  </resultMap>
  <resultMap extends="BaseResultMap" id="ResultMapWithBLOBs" type="com.xiaomi.miapi.pojo.HttpPushData">
    <result column="httpApiModuleInfo" jdbcType="LONGVARCHAR" property="httpapimoduleinfo" />
    <result column="httpApiModuleListAndApiInfo" jdbcType="LONGVARCHAR" property="httpapimodulelistandapiinfo" />
    <result column="httpApiParamsResponseInfo" jdbcType="LONGVARCHAR" property="httpapiparamsresponseinfo" />
  </resultMap>
  <sql id="Example_Where_Clause">
    <where>
      <foreach collection="oredCriteria" item="criteria" separator="or">
        <if test="criteria.valid">
          <trim prefix="(" prefixOverrides="and" suffix=")">
            <foreach collection="criteria.criteria" item="criterion">
              <choose>
                <when test="criterion.noValue">
                  and ${criterion.condition}
                </when>
                <when test="criterion.singleValue">
                  and ${criterion.condition} #{criterion.value}
                </when>
                <when test="criterion.betweenValue">
                  and ${criterion.condition} #{criterion.value} and #{criterion.secondValue}
                </when>
                <when test="criterion.listValue">
                  and ${criterion.condition}
                  <foreach close=")" collection="criterion.value" item="listItem" open="(" separator=",">
                    #{listItem}
                  </foreach>
                </when>
              </choose>
            </foreach>
          </trim>
        </if>
      </foreach>
    </where>
  </sql>
  <sql id="Update_By_Example_Where_Clause">
    <where>
      <foreach collection="example.oredCriteria" item="criteria" separator="or">
        <if test="criteria.valid">
          <trim prefix="(" prefixOverrides="and" suffix=")">
            <foreach collection="criteria.criteria" item="criterion">
              <choose>
                <when test="criterion.noValue">
                  and ${criterion.condition}
                </when>
                <when test="criterion.singleValue">
                  and ${criterion.condition} #{criterion.value}
                </when>
                <when test="criterion.betweenValue">
                  and ${criterion.condition} #{criterion.value} and #{criterion.secondValue}
                </when>
                <when test="criterion.listValue">
                  and ${criterion.condition}
                  <foreach close=")" collection="criterion.value" item="listItem" open="(" separator=",">
                    #{listItem}
                  </foreach>
                </when>
              </choose>
            </foreach>
          </trim>
        </if>
      </foreach>
    </where>
  </sql>
  <sql id="Base_Column_List">
    id, address
  </sql>
  <sql id="Blob_Column_List">
    httpApiModuleInfo, httpApiModuleListAndApiInfo, httpApiParamsResponseInfo
  </sql>
  <select id="selectByExampleWithBLOBs" parameterType="com.xiaomi.miapi.pojo.HttpPushDataExample" resultMap="ResultMapWithBLOBs">
    select
    <if test="distinct">
      distinct
    </if>
    <include refid="Base_Column_List" />
    ,
    <include refid="Blob_Column_List" />
    from http_push_data
    <if test="_parameter != null">
      <include refid="Example_Where_Clause" />
    </if>
    <if test="orderByClause != null">
      order by ${orderByClause}
    </if>
  </select>
  <select id="selectByExample" parameterType="com.xiaomi.miapi.pojo.HttpPushDataExample" resultMap="BaseResultMap">
    select
    <if test="distinct">
      distinct
    </if>
    <include refid="Base_Column_List" />
    from http_push_data
    <if test="_parameter != null">
      <include refid="Example_Where_Clause" />
    </if>
    <if test="orderByClause != null">
      order by ${orderByClause}
    </if>
  </select>
  <select id="selectByPrimaryKey" parameterType="java.lang.Integer" resultMap="ResultMapWithBLOBs">
    select 
    <include refid="Base_Column_List" />
    ,
    <include refid="Blob_Column_List" />
    from http_push_data
    where id = #{id,jdbcType=INTEGER}
  </select>
  <delete id="deleteByPrimaryKey" parameterType="java.lang.Integer">
    delete from http_push_data
    where id = #{id,jdbcType=INTEGER}
  </delete>
  <delete id="deleteByExample" parameterType="com.xiaomi.miapi.pojo.HttpPushDataExample">
    delete from http_push_data
    <if test="_parameter != null">
      <include refid="Example_Where_Clause" />
    </if>
  </delete>
  <insert id="insert" parameterType="com.xiaomi.miapi.pojo.HttpPushData">
    insert into http_push_data (address, httpApiModuleInfo, httpApiModuleListAndApiInfo,
      httpApiParamsResponseInfo)
    values (#{address,jdbcType=VARCHAR}, #{httpapimoduleinfo,jdbcType=LONGVARCHAR}, #{httpapimodulelistandapiinfo,jdbcType=LONGVARCHAR}, 
      #{httpapiparamsresponseinfo,jdbcType=LONGVARCHAR})
  </insert>
  <insert id="insertSelective" parameterType="com.xiaomi.miapi.pojo.HttpPushData">
    <selectKey keyProperty="id" order="AFTER" resultType="java.lang.Integer">
      SELECT LAST_INSERT_ID()
    </selectKey>
    insert into http_push_data
    <trim prefix="(" suffix=")" suffixOverrides=",">
      <if test="address != null">
        address,
      </if>
      <if test="httpapimoduleinfo != null">
        httpApiModuleInfo,
      </if>
      <if test="httpapimodulelistandapiinfo != null">
        httpApiModuleListAndApiInfo,
      </if>
      <if test="httpapiparamsresponseinfo != null">
        httpApiParamsResponseInfo,
      </if>
    </trim>
    <trim prefix="values (" suffix=")" suffixOverrides=",">
      <if test="address != null">
        #{address,jdbcType=VARCHAR},
      </if>
      <if test="httpapimoduleinfo != null">
        #{httpapimoduleinfo,jdbcType=LONGVARCHAR},
      </if>
      <if test="httpapimodulelistandapiinfo != null">
        #{httpapimodulelistandapiinfo,jdbcType=LONGVARCHAR},
      </if>
      <if test="httpapiparamsresponseinfo != null">
        #{httpapiparamsresponseinfo,jdbcType=LONGVARCHAR},
      </if>
    </trim>
  </insert>
  <select id="countByExample" parameterType="com.xiaomi.miapi.pojo.HttpPushDataExample" resultType="java.lang.Long">
    select count(*) from http_push_data
    <if test="_parameter != null">
      <include refid="Example_Where_Clause" />
    </if>
  </select>
  <update id="updateByExampleSelective" parameterType="map">
    update http_push_data
    <set>
      <if test="record.id != null">
        id = #{record.id,jdbcType=INTEGER},
      </if>
      <if test="record.address != null">
        address = #{record.address,jdbcType=VARCHAR},
      </if>
      <if test="record.httpapimoduleinfo != null">
        httpApiModuleInfo = #{record.httpapimoduleinfo,jdbcType=LONGVARCHAR},
      </if>
      <if test="record.httpapimodulelistandapiinfo != null">
        httpApiModuleListAndApiInfo = #{record.httpapimodulelistandapiinfo,jdbcType=LONGVARCHAR},
      </if>
      <if test="record.httpapiparamsresponseinfo != null">
        httpApiParamsResponseInfo = #{record.httpapiparamsresponseinfo,jdbcType=LONGVARCHAR},
      </if>
    </set>
    <if test="_parameter != null">
      <include refid="Update_By_Example_Where_Clause" />
    </if>
  </update>
  <update id="updateByExampleWithBLOBs" parameterType="map">
    update http_push_data
    set id = #{record.id,jdbcType=INTEGER},
      address = #{record.address,jdbcType=VARCHAR},
      httpApiModuleInfo = #{record.httpapimoduleinfo,jdbcType=LONGVARCHAR},
      httpApiModuleListAndApiInfo = #{record.httpapimodulelistandapiinfo,jdbcType=LONGVARCHAR},
      httpApiParamsResponseInfo = #{record.httpapiparamsresponseinfo,jdbcType=LONGVARCHAR}
    <if test="_parameter != null">
      <include refid="Update_By_Example_Where_Clause" />
    </if>
  </update>
  <update id="updateByExample" parameterType="map">
    update http_push_data
    set id = #{record.id,jdbcType=INTEGER},
      address = #{record.address,jdbcType=VARCHAR}
    <if test="_parameter != null">
      <include refid="Update_By_Example_Where_Clause" />
    </if>
  </update>
  <update id="updateByPrimaryKeySelective" parameterType="com.xiaomi.miapi.pojo.HttpPushData">
    update http_push_data
    <set>
      <if test="address != null">
        address = #{address,jdbcType=VARCHAR},
      </if>
      <if test="httpapimoduleinfo != null">
        httpApiModuleInfo = #{httpapimoduleinfo,jdbcType=LONGVARCHAR},
      </if>
      <if test="httpapimodulelistandapiinfo != null">
        httpApiModuleListAndApiInfo = #{httpapimodulelistandapiinfo,jdbcType=LONGVARCHAR},
      </if>
      <if test="httpapiparamsresponseinfo != null">
        httpApiParamsResponseInfo = #{httpapiparamsresponseinfo,jdbcType=LONGVARCHAR},
      </if>
    </set>
    where id = #{id,jdbcType=INTEGER}
  </update>
  <update id="updateByPrimaryKeyWithBLOBs" parameterType="com.xiaomi.miapi.pojo.HttpPushData">
    update http_push_data
    set address = #{address,jdbcType=VARCHAR},
      httpApiModuleInfo = #{httpapimoduleinfo,jdbcType=LONGVARCHAR},
      httpApiModuleListAndApiInfo = #{httpapimodulelistandapiinfo,jdbcType=LONGVARCHAR},
      httpApiParamsResponseInfo = #{httpapiparamsresponseinfo,jdbcType=LONGVARCHAR}
    where id = #{id,jdbcType=INTEGER}
  </update>
  <update id="updateByPrimaryKey" parameterType="com.xiaomi.miapi.pojo.HttpPushData">
    update http_push_data
    set address = #{address,jdbcType=VARCHAR}
    where id = #{id,jdbcType=INTEGER}
  </update>
  <insert id="batchInsert" keyColumn="id" keyProperty="id" parameterType="map" useGeneratedKeys="true">
    insert into http_push_data
    (address, httpApiModuleInfo, httpApiModuleListAndApiInfo, httpApiParamsResponseInfo
      )
    values
    <foreach collection="list" item="item" separator=",">
      (#{item.address,jdbcType=VARCHAR}, #{item.httpapimoduleinfo,jdbcType=LONGVARCHAR}, 
        #{item.httpapimodulelistandapiinfo,jdbcType=LONGVARCHAR}, #{item.httpapiparamsresponseinfo,jdbcType=LONGVARCHAR}
        )
    </foreach>
  </insert>
  <insert id="batchInsertSelective" keyColumn="id" keyProperty="list.id" parameterType="map" useGeneratedKeys="true">
    insert into http_push_data (
    <foreach collection="selective" item="column" separator=",">
      ${column.escapedColumnName}
    </foreach>
    )
    values
    <foreach collection="list" item="item" separator=",">
      (
      <foreach collection="selective" item="column" separator=",">
        <if test="'address'.toString() == column.value">
          #{item.address,jdbcType=VARCHAR}
        </if>
        <if test="'httpApiModuleInfo'.toString() == column.value">
          #{item.httpapimoduleinfo,jdbcType=LONGVARCHAR}
        </if>
        <if test="'httpApiModuleListAndApiInfo'.toString() == column.value">
          #{item.httpapimodulelistandapiinfo,jdbcType=LONGVARCHAR}
        </if>
        <if test="'httpApiParamsResponseInfo'.toString() == column.value">
          #{item.httpapiparamsresponseinfo,jdbcType=LONGVARCHAR}
        </if>
      </foreach>
      )
    </foreach>
  </insert>
</mapper>