<?xml version="1.0" encoding="UTF-8"?>
<!DOCTYPE mapper PUBLIC "-//mybatis.org//DTD Mapper 3.0//EN" "http://mybatis.org/dtd/mybatis-3-mapper.dtd">
<mapper namespace="com.xiaomi.miapi.mapper.ProjectFocusMapper">
  <resultMap id="BaseResultMap" type="com.xiaomi.miapi.pojo.ProjectFocus">
    <id column="id" jdbcType="INTEGER" property="id" />
    <result column="busProjectId" jdbcType="INTEGER" property="busprojectid" />
    <result column="username" jdbcType="VARCHAR" property="username" />
  </resultMap>
  <sql id="Example_Where_Clause">
    <where>
      <foreach collection="oredCriteria" item="criteria" separator="or">
        <if test="criteria.valid">
          <trim prefix="(" prefixOverrides="and" suffix=")">
            <foreach collection="criteria.criteria" item="criterion">
              <choose>
                <when test="criterion.noValue">
                  and ${criterion.condition}
                </when>
                <when test="criterion.singleValue">
                  and ${criterion.condition} #{criterion.value}
                </when>
                <when test="criterion.betweenValue">
                  and ${criterion.condition} #{criterion.value} and #{criterion.secondValue}
                </when>
                <when test="criterion.listValue">
                  and ${criterion.condition}
                  <foreach close=")" collection="criterion.value" item="listItem" open="(" separator=",">
                    #{listItem}
                  </foreach>
                </when>
              </choose>
            </foreach>
          </trim>
        </if>
      </foreach>
    </where>
  </sql>
  <sql id="Update_By_Example_Where_Clause">
    <where>
      <foreach collection="example.oredCriteria" item="criteria" separator="or">
        <if test="criteria.valid">
          <trim prefix="(" prefixOverrides="and" suffix=")">
            <foreach collection="criteria.criteria" item="criterion">
              <choose>
                <when test="criterion.noValue">
                  and ${criterion.condition}
                </when>
                <when test="criterion.singleValue">
                  and ${criterion.condition} #{criterion.value}
                </when>
                <when test="criterion.betweenValue">
                  and ${criterion.condition} #{criterion.value} and #{criterion.secondValue}
                </when>
                <when test="criterion.listValue">
                  and ${criterion.condition}
                  <foreach close=")" collection="criterion.value" item="listItem" open="(" separator=",">
                    #{listItem}
                  </foreach>
                </when>
              </choose>
            </foreach>
          </trim>
        </if>
      </foreach>
    </where>
  </sql>
  <sql id="Base_Column_List">
    id, busProjectId, username
  </sql>
  <select id="selectByExample" parameterType="com.xiaomi.miapi.pojo.ProjectFocusExample" resultMap="BaseResultMap">
    select
    <if test="distinct">
      distinct
    </if>
    <include refid="Base_Column_List" />
    from eo_project_focus
    <if test="_parameter != null">
      <include refid="Example_Where_Clause" />
    </if>
    <if test="orderByClause != null">
      order by ${orderByClause}
    </if>
  </select>
  <select id="selectByPrimaryKey" parameterType="java.lang.Integer" resultMap="BaseResultMap">
    select 
    <include refid="Base_Column_List" />
    from eo_project_focus
    where id = #{id,jdbcType=INTEGER}
  </select>
  <delete id="deleteByPrimaryKey" parameterType="java.lang.Integer">
    delete from eo_project_focus
    where id = #{id,jdbcType=INTEGER}
  </delete>
  <delete id="deleteByExample" parameterType="com.xiaomi.miapi.pojo.ProjectFocusExample">
    delete from eo_project_focus
    <if test="_parameter != null">
      <include refid="Example_Where_Clause" />
    </if>
  </delete>
  <insert id="insert" parameterType="com.xiaomi.miapi.pojo.ProjectFocus">
    <selectKey keyProperty="id" order="AFTER" resultType="java.lang.Integer">
      SELECT LAST_INSERT_ID()
    </selectKey>
    insert into eo_project_focus (busProjectId, username)
    values (#{busprojectid,jdbcType=INTEGER}, #{username,jdbcType=VARCHAR})
  </insert>
  <insert id="insertSelective" parameterType="com.xiaomi.miapi.pojo.ProjectFocus">
    <selectKey keyProperty="id" order="AFTER" resultType="java.lang.Integer">
      SELECT LAST_INSERT_ID()
    </selectKey>
    insert into eo_project_focus
    <trim prefix="(" suffix=")" suffixOverrides=",">
      <if test="busprojectid != null">
        busProjectId,
      </if>
      <if test="username != null">
        username,
      </if>
    </trim>
    <trim prefix="values (" suffix=")" suffixOverrides=",">
      <if test="busprojectid != null">
        #{busprojectid,jdbcType=INTEGER},
      </if>
      <if test="username != null">
        #{username,jdbcType=VARCHAR},
      </if>
    </trim>
  </insert>
  <select id="countByExample" parameterType="com.xiaomi.miapi.pojo.ProjectFocusExample" resultType="java.lang.Long">
    select count(*) from eo_project_focus
    <if test="_parameter != null">
      <include refid="Example_Where_Clause" />
    </if>
  </select>
  <update id="updateByExampleSelective" parameterType="map">
    update eo_project_focus
    <set>
      <if test="record.id != null">
        id = #{record.id,jdbcType=INTEGER},
      </if>
      <if test="record.busprojectid != null">
        busProjectId = #{record.busprojectid,jdbcType=INTEGER},
      </if>
      <if test="record.username != null">
        username = #{record.username,jdbcType=VARCHAR},
      </if>
    </set>
    <if test="_parameter != null">
      <include refid="Update_By_Example_Where_Clause" />
    </if>
  </update>
  <update id="updateByExample" parameterType="map">
    update eo_project_focus
    set id = #{record.id,jdbcType=INTEGER},
      busProjectId = #{record.busprojectid,jdbcType=INTEGER},
      username = #{record.username,jdbcType=VARCHAR}
    <if test="_parameter != null">
      <include refid="Update_By_Example_Where_Clause" />
    </if>
  </update>
  <update id="updateByPrimaryKeySelective" parameterType="com.xiaomi.miapi.pojo.ProjectFocus">
    update eo_project_focus
    <set>
      <if test="busprojectid != null">
        busProjectId = #{busprojectid,jdbcType=INTEGER},
      </if>
      <if test="username != null">
        username = #{username,jdbcType=VARCHAR},
      </if>
    </set>
    where id = #{id,jdbcType=INTEGER}
  </update>
  <update id="updateByPrimaryKey" parameterType="com.xiaomi.miapi.pojo.ProjectFocus">
    update eo_project_focus
    set busProjectId = #{busprojectid,jdbcType=INTEGER},
      username = #{username,jdbcType=VARCHAR}
    where id = #{id,jdbcType=INTEGER}
  </update>
  <insert id="batchInsert" keyColumn="id" keyProperty="id" parameterType="map" useGeneratedKeys="true">
    insert into eo_project_focus
    (busProjectId, username)
    values
    <foreach collection="list" item="item" separator=",">
      (#{item.busprojectid,jdbcType=INTEGER}, #{item.username,jdbcType=VARCHAR})
    </foreach>
  </insert>
  <insert id="batchInsertSelective" keyColumn="id" keyProperty="list.id" parameterType="map" useGeneratedKeys="true">
    insert into eo_project_focus (
    <foreach collection="selective" item="column" separator=",">
      ${column.escapedColumnName}
    </foreach>
    )
    values
    <foreach collection="list" item="item" separator=",">
      (
      <foreach collection="selective" item="column" separator=",">
        <if test="'busProjectId'.toString() == column.value">
          #{item.busprojectid,jdbcType=INTEGER}
        </if>
        <if test="'username'.toString() == column.value">
          #{item.username,jdbcType=VARCHAR}
        </if>
      </foreach>
      )
    </foreach>
  </insert>
</mapper>