<?xml version="1.0" encoding="UTF-8"?>
<!DOCTYPE mapper PUBLIC "-//mybatis.org//DTD Mapper 3.0//EN" "http://mybatis.org/dtd/mybatis-3-mapper.dtd">
<mapper namespace="com.xiaomi.miapi.mapper.TestCaseGroupMapper">
  <resultMap id="BaseResultMap" type="com.xiaomi.miapi.pojo.TestCaseGroup">
    <id column="id" jdbcType="INTEGER" property="id" />
    <result column="case_group_name" jdbcType="VARCHAR" property="caseGroupName" />
    <result column="project_id" jdbcType="INTEGER" property="projectId" />
    <result column="api_id" jdbcType="INTEGER" property="apiId" />
    <result column="account_id" jdbcType="INTEGER" property="accountId" />
  </resultMap>
  <sql id="Example_Where_Clause">
    <where>
      <foreach collection="oredCriteria" item="criteria" separator="or">
        <if test="criteria.valid">
          <trim prefix="(" prefixOverrides="and" suffix=")">
            <foreach collection="criteria.criteria" item="criterion">
              <choose>
                <when test="criterion.noValue">
                  and ${criterion.condition}
                </when>
                <when test="criterion.singleValue">
                  and ${criterion.condition} #{criterion.value}
                </when>
                <when test="criterion.betweenValue">
                  and ${criterion.condition} #{criterion.value} and #{criterion.secondValue}
                </when>
                <when test="criterion.listValue">
                  and ${criterion.condition}
                  <foreach close=")" collection="criterion.value" item="listItem" open="(" separator=",">
                    #{listItem}
                  </foreach>
                </when>
              </choose>
            </foreach>
          </trim>
        </if>
      </foreach>
    </where>
  </sql>
  <sql id="Update_By_Example_Where_Clause">
    <where>
      <foreach collection="example.oredCriteria" item="criteria" separator="or">
        <if test="criteria.valid">
          <trim prefix="(" prefixOverrides="and" suffix=")">
            <foreach collection="criteria.criteria" item="criterion">
              <choose>
                <when test="criterion.noValue">
                  and ${criterion.condition}
                </when>
                <when test="criterion.singleValue">
                  and ${criterion.condition} #{criterion.value}
                </when>
                <when test="criterion.betweenValue">
                  and ${criterion.condition} #{criterion.value} and #{criterion.secondValue}
                </when>
                <when test="criterion.listValue">
                  and ${criterion.condition}
                  <foreach close=")" collection="criterion.value" item="listItem" open="(" separator=",">
                    #{listItem}
                  </foreach>
                </when>
              </choose>
            </foreach>
          </trim>
        </if>
      </foreach>
    </where>
  </sql>
  <sql id="Base_Column_List">
    id, case_group_name, project_id, api_id, account_id
  </sql>
  <select id="selectByExample" parameterType="com.xiaomi.miapi.pojo.TestCaseGroupExample" resultMap="BaseResultMap">
    select
    <if test="distinct">
      distinct
    </if>
    <include refid="Base_Column_List" />
    from test_case_group
    <if test="_parameter != null">
      <include refid="Example_Where_Clause" />
    </if>
    <if test="orderByClause != null">
      order by ${orderByClause}
    </if>
  </select>
  <select id="selectByPrimaryKey" parameterType="java.lang.Integer" resultMap="BaseResultMap">
    select 
    <include refid="Base_Column_List" />
    from test_case_group
    where id = #{id,jdbcType=INTEGER}
  </select>
  <delete id="deleteByPrimaryKey" parameterType="java.lang.Integer">
    delete from test_case_group
    where id = #{id,jdbcType=INTEGER}
  </delete>
  <delete id="deleteByExample" parameterType="com.xiaomi.miapi.pojo.TestCaseGroupExample">
    delete from test_case_group
    <if test="_parameter != null">
      <include refid="Example_Where_Clause" />
    </if>
  </delete>
  <insert id="insert" parameterType="com.xiaomi.miapi.pojo.TestCaseGroup">
    <selectKey keyProperty="id" order="AFTER" resultType="java.lang.Integer">
      SELECT LAST_INSERT_ID()
    </selectKey>
    insert into test_case_group (case_group_name, project_id, api_id, 
      account_id)
    values (#{caseGroupName,jdbcType=VARCHAR}, #{projectId,jdbcType=INTEGER}, #{apiId,jdbcType=INTEGER}, 
      #{accountId,jdbcType=INTEGER})
  </insert>
  <insert id="insertSelective" parameterType="com.xiaomi.miapi.pojo.TestCaseGroup">
    <selectKey keyProperty="id" order="AFTER" resultType="java.lang.Integer">
      SELECT LAST_INSERT_ID()
    </selectKey>
    insert into test_case_group
    <trim prefix="(" suffix=")" suffixOverrides=",">
      <if test="caseGroupName != null">
        case_group_name,
      </if>
      <if test="projectId != null">
        project_id,
      </if>
      <if test="apiId != null">
        api_id,
      </if>
      <if test="accountId != null">
        account_id,
      </if>
    </trim>
    <trim prefix="values (" suffix=")" suffixOverrides=",">
      <if test="caseGroupName != null">
        #{caseGroupName,jdbcType=VARCHAR},
      </if>
      <if test="projectId != null">
        #{projectId,jdbcType=INTEGER},
      </if>
      <if test="apiId != null">
        #{apiId,jdbcType=INTEGER},
      </if>
      <if test="accountId != null">
        #{accountId,jdbcType=INTEGER},
      </if>
    </trim>
  </insert>
  <select id="countByExample" parameterType="com.xiaomi.miapi.pojo.TestCaseGroupExample" resultType="java.lang.Long">
    select count(*) from test_case_group
    <if test="_parameter != null">
      <include refid="Example_Where_Clause" />
    </if>
  </select>
  <update id="updateByExampleSelective" parameterType="map">
    update test_case_group
    <set>
      <if test="record.id != null">
        id = #{record.id,jdbcType=INTEGER},
      </if>
      <if test="record.caseGroupName != null">
        case_group_name = #{record.caseGroupName,jdbcType=VARCHAR},
      </if>
      <if test="record.projectId != null">
        project_id = #{record.projectId,jdbcType=INTEGER},
      </if>
      <if test="record.apiId != null">
        api_id = #{record.apiId,jdbcType=INTEGER},
      </if>
      <if test="record.accountId != null">
        account_id = #{record.accountId,jdbcType=INTEGER},
      </if>
    </set>
    <if test="_parameter != null">
      <include refid="Update_By_Example_Where_Clause" />
    </if>
  </update>
  <update id="updateByExample" parameterType="map">
    update test_case_group
    set id = #{record.id,jdbcType=INTEGER},
      case_group_name = #{record.caseGroupName,jdbcType=VARCHAR},
      project_id = #{record.projectId,jdbcType=INTEGER},
      api_id = #{record.apiId,jdbcType=INTEGER},
      account_id = #{record.accountId,jdbcType=INTEGER}
    <if test="_parameter != null">
      <include refid="Update_By_Example_Where_Clause" />
    </if>
  </update>
  <update id="updateByPrimaryKeySelective" parameterType="com.xiaomi.miapi.pojo.TestCaseGroup">
    update test_case_group
    <set>
      <if test="caseGroupName != null">
        case_group_name = #{caseGroupName,jdbcType=VARCHAR},
      </if>
      <if test="projectId != null">
        project_id = #{projectId,jdbcType=INTEGER},
      </if>
      <if test="apiId != null">
        api_id = #{apiId,jdbcType=INTEGER},
      </if>
      <if test="accountId != null">
        account_id = #{accountId,jdbcType=INTEGER},
      </if>
    </set>
    where id = #{id,jdbcType=INTEGER}
  </update>
  <update id="updateByPrimaryKey" parameterType="com.xiaomi.miapi.pojo.TestCaseGroup">
    update test_case_group
    set case_group_name = #{caseGroupName,jdbcType=VARCHAR},
      project_id = #{projectId,jdbcType=INTEGER},
      api_id = #{apiId,jdbcType=INTEGER},
      account_id = #{accountId,jdbcType=INTEGER}
    where id = #{id,jdbcType=INTEGER}
  </update>
  <insert id="batchInsert" keyColumn="id" keyProperty="id" parameterType="map" useGeneratedKeys="true">
    insert into test_case_group
    (case_group_name, project_id, api_id, account_id)
    values
    <foreach collection="list" item="item" separator=",">
      (#{item.caseGroupName,jdbcType=VARCHAR}, #{item.projectId,jdbcType=INTEGER}, #{item.apiId,jdbcType=INTEGER}, 
        #{item.accountId,jdbcType=INTEGER})
    </foreach>
  </insert>
  <insert id="batchInsertSelective" keyColumn="id" keyProperty="list.id" parameterType="map" useGeneratedKeys="true">
    insert into test_case_group (
    <foreach collection="selective" item="column" separator=",">
      ${column.escapedColumnName}
    </foreach>
    )
    values
    <foreach collection="list" item="item" separator=",">
      (
      <foreach collection="selective" item="column" separator=",">
        <if test="'case_group_name'.toString() == column.value">
          #{item.caseGroupName,jdbcType=VARCHAR}
        </if>
        <if test="'project_id'.toString() == column.value">
          #{item.projectId,jdbcType=INTEGER}
        </if>
        <if test="'api_id'.toString() == column.value">
          #{item.apiId,jdbcType=INTEGER}
        </if>
        <if test="'account_id'.toString() == column.value">
          #{item.accountId,jdbcType=INTEGER}
        </if>
      </foreach>
      )
    </foreach>
  </insert>
</mapper>