{"title":{"tt6443346":"Black Adam","tt10954600":"Ant-Man and the Wasp: Quantumania","tt9114286":"Black Panther: Wakanda Forever","tt10648342":"Thor: Love and Thunder","tt1877830":"The Batman","tt10872600":"Spider-Man: No Way Home","tt8912936":"DC League of Super-Pets","tt4154796":"Avengers: Endgame","tt0468569":"The Dark Knight","tt9419884":"Doctor Strange in the Multiverse of Madness","tt5108870":"Morbius","tt0448115":"Shazam!","tt6334354":"The Suicide Squad","tt12361974":"Zack Snyder's Justice League","tt6791350":"Guardians of the Galaxy Vol. 3","tt7126948":"Wonder Woman 1984","tt1250777":"Kick-Ass","tt9032400":"Eternals","tt0478970":"Ant-Man","tt6263850":"Deadpool 3","tt1477834":"Aquaman","tt0145487":"Spider-Man","tt10151854":"Shazam! Fury of the Gods","tt2015381":"Guardians of the Galaxy","tt1431045":"Deadpool","tt5463162":"Deadpool 2","tt12412888":"Sonic the Hedgehog 2","tt4154756":"Avengers: Infinity War","tt5095030":"Ant-Man and the Wasp","tt21361444":"Avengers: Secret Wars","tt1345836":"The Dark Knight Rises","tt0338459":"Spy Kids 3: Game Over","tt10298810":"Lightyear","tt2802144":"Kingsman: The Secret Service","tt2975590":"Batman v Superman: Dawn of Justice","tt0372784":"Batman Begins","tt0103893":"Buffy the Vampire Slayer","tt4633694":"Spider-Man: Into the Spider-Verse","tt0409459":"Watchmen","tt0974015":"Justice League","tt0434409":"V for Vendetta","tt4682266":"The New Mutants","tt0120903":"X-Men","tt0266697":"Kill Bill: Vol. 1","tt0360486":"Constantine","tt20969586":"Thunderbolts","tt9663764":"Aquaman and the Lost Kingdom","tt9376612":"Shang-Chi and the Legend of the Ten Rings","tt0109506":"The Crow","tt2250912":"Spider-Man: Homecoming","tt3501632":"Thor: Ragnarok","tt21357150":"Avengers: The Kang Dynasty","tt0800080":"The Incredible Hulk","tt1211837":"Doctor Strange","tt1001526":"Megamind","tt3385516":"X-Men: Apocalypse","tt0458339":"Captain America: The First Avenger","tt10676048":"The Marvels","tt1270798":"X-Men: First Class","tt0119654":"Men in Black","tt7097896":"Venom: Let There Be Carnage","tt3896198":"Guardians of the Galaxy Vol. 2","tt14513804":"Captain America: New World Order","tt0317705":"The Incredibles","tt4154664":"Captain Marvel","tt7752126":"Brightburn","tt3498820":"Captain America: Civil War","tt1228705":"Iron Man 2","tt0118688":"Batman & Robin","tt0437086":"Alita: Battle Angel","tt6320628":"Spider-Man: Far from Home","tt2395427":"Avengers: Age of Ultron","tt0948470":"The Amazing Spider-Man","tt2562232":"Birdman or (The Unexpected Virtue of Ignorance)","tt1877832":"X-Men: Days of Future Past","tt1104001":"TRON: Legacy","tt6277462":"Brahmastra Part One: Shiva","tt1133985":"Green Lantern","tt0359013":"Blade: Trinity","tt0187738":"Blade II","tt1843866":"Captain America: The Winter Soldier","tt3794354":"Sonic the Hedgehog","tt6565702":"X-Men: Dark Phoenix","tt1300854":"Iron Man 3","tt7556122":"The Old Guard","tt0112462":"Batman Forever","tt0286716":"Hulk","tt0227538":"Spy Kids","tt0413300":"Spider-Man 3","tt9362722":"Spider-Man: Across the Spider-Verse","tt0458525":"X-Men Origins: Wolverine","tt0103776":"Batman Returns","tt0378194":"Kill Bill: Vol. 2","tt1333125":"Movie 43","tt9362930":"Blue Beetle","tt4649466":"Kingsman: The Golden Circle","tt0316654":"Spider-Man 2","tt0790736":"R.I.P.D.","tt0259324":"Ghost Rider","tt0489099":"Jumper"},"description":{"tt6443346":"Nearly 5,000 years after he was bestowed with the almighty powers of the Egyptian gods - and imprisoned just as quickly - Black Adam is freed from his earthly tomb, ready to unleash his unique form of justice on the modern world.","tt10954600":"Scott Lang and Hope Van Dyne, along with Hank Pym and Janet Van Dyne, explore the Quantum Realm, where they interact with strange creatures and embark on an adventure that goes beyond the limits of what they thought was possible.","tt9114286":"The nation of Wakanda is pitted against intervening world powers as they mourn the loss of their king T'Challa.","tt10648342":"Thor enlists the help of Valkyrie, Korg and ex-girlfriend Jane Foster to fight Gorr the God Butcher, who intends to make the gods extinct.","tt1877830":"When a sadistic serial killer begins murdering key political figures in Gotham, Batman is forced to investigate the city's hidden corruption and question his family's involvement.","tt10872600":"With Spider-Man's identity now revealed, Peter asks Doctor Strange for help. When a spell goes wrong, dangerous foes from other worlds start to appear, forcing Peter to discover what it truly means to be Spider-Man.","tt8912936":"Krypto the Super-Dog and Superman are inseparable best friends, sharing the same superpowers and fighting crime side by side in Metropolis. However, Krypto must master his own powers for a rescue mission when Superman is kidnapped.","tt4154796":"After the devastating events of Avengers: Infinity War (2018), the universe is in ruins. With the help of remaining allies, the Avengers assemble once more in order to reverse Thanos' actions and restore balance to the universe.","tt0468569":"When the menace known as the Joker wreaks havoc and chaos on the people of Gotham, Batman must accept one of the greatest psychological and physical tests of his ability to fight injustice.","tt9419884":"Doctor Strange teams up with a mysterious teenage girl from his dreams who can travel across multiverses, to battle multiple threats, including other-universe versions of himself, which threaten to wipe out millions across the multiverse. They seek help from Wanda the Scarlet Witch, Wong and others.","tt5108870":"Biochemist Michael Morbius tries to cure himself of a rare blood disease, but he inadvertently infects himself with a form of vampirism instead.","tt0448115":"A newly fostered young boy in search of his mother instead finds unexpected super powers and soon gains a powerful enemy.","tt6334354":"Supervillains Harley Quinn, Bloodsport, Peacemaker, and a collection of nutty cons at Belle Reve prison join the super-secret, super-shady Task Force X as they are dropped off at the remote, enemy-infused island of Corto Maltese.","tt12361974":"Determined to ensure that Superman's ultimate sacrifice wasn't in vain, Bruce Wayne recruits a team of metahumans to protect the world from an approaching threat of catastrophic proportions.","tt6791350":"Still reeling from the loss of Gamora, Peter Quill rallies his team to defend the universe and one of their own - a mission that could mean the end of the Guardians if not successful.","tt7126948":"Diana must contend with a work colleague, and with a businessman whose desire for extreme wealth sends the world down a path of destruction, after an ancient artifact that grants wishes goes missing.","tt1250777":"Dave Lizewski is an unnoticed high school student and comic book fan who one day decides to become a superhero, even though he has no powers, training or meaningful reason to do so.","tt9032400":"The saga of the Eternals, a race of immortal beings who lived on Earth and shaped its history and civilizations.","tt0478970":"Armed with a super-suit with the astonishing ability to shrink in scale but increase in strength, cat burglar Scott Lang must embrace his inner hero and help his mentor, Dr. Hank Pym, pull off a plan that will save the world.","tt6263850":"A weary wolverine finds himself recovering from his injuries when he comes across a loudmouth Deadpool who has time travelled forward to heal his greatest pal in the hopes to befriend the wild beast and to team up to take down a foe they both have in common","tt1477834":"Arthur Curry, the human-born heir to the underwater kingdom of Atlantis, goes on a quest to prevent a war between the worlds of ocean and land.","tt0145487":"After being bitten by a genetically-modified spider, a shy teenager gains spider-like abilities that he uses to fight injustice as a masked superhero and face a vengeful enemy.","tt10151854":"The film continues the story of teenage Billy Batson who, upon reciting the magic word \"SHAZAM!\" is transformed into his adult Super Hero alter ego, Shazam.","tt2015381":"A group of intergalactic criminals must pull together to stop a fanatical warrior with plans to purge the universe.","tt1431045":"A wisecracking mercenary gets experimented on and becomes immortal but ugly, and sets out to track down the man who ruined his looks.","tt5463162":"Foul-mouthed mutant mercenary Wade Wilson (a.k.a. Deadpool) assembles a team of fellow mutant rogues to protect a young boy with supernatural abilities from the brutal, time-traveling cyborg Cable.","tt12412888":"When the manic Dr Robotnik returns to Earth with a new ally, Knuckles the Echidna, Sonic and his new friend Tails is all that stands in their way.","tt4154756":"The Avengers and their allies must be willing to sacrifice all in an attempt to defeat the powerful Thanos before his blitz of devastation and ruin puts an end to the universe.","tt5095030":"As Scott Lang balances being both a superhero and a father, Hope van Dyne and Dr. Hank Pym present an urgent new mission that finds the Ant-Man fighting alongside The Wasp to uncover secrets from their past.","tt21361444":"Plot under wraps.","tt1345836":"Eight years after the Joker's reign of anarchy, Batman, with the help of the enigmatic Selina Kyle, is forced from his exile to save Gotham City from the brutal guerrilla terrorist Bane.","tt0338459":"Carmen's caught in a virtual reality game designed by the Kids' new nemesis, the Toymaker. It's up to Juni to save his sister, and ultimately the world.","tt10298810":"While spending years attempting to return home, marooned Space Ranger Buzz Lightyear encounters an army of ruthless robots commanded by Zurg who are attempting to steal his fuel source.","tt2802144":"A spy organisation recruits a promising street kid into the agency's training program, while a global threat emerges from a twisted tech genius.","tt2975590":"Fearing that the actions of Superman are left unchecked, Batman takes on the Man of Steel, while the world wrestles with what kind of a hero it really needs.","tt0372784":"After training with his mentor, Batman begins his fight to free crime-ridden Gotham City from corruption.","tt0103893":"Flighty teenage girl Buffy Summers learns that she is her generation's destined battler of vampires.","tt4633694":"Teen Miles Morales becomes the Spider-Man of his universe, and must join with five spider-powered individuals from other dimensions to stop a threat for all realities.","tt0409459":"In 1985 where former superheroes exist, the murder of a colleague sends active vigilante Rorschach into his own sprawling investigation, uncovering something that could completely change the course of history as we know it.","tt0974015":"Fueled by his restored faith in humanity and inspired by Superman's selfless act, Bruce Wayne enlists the help of his new-found ally, Diana Prince, to face an even greater enemy.","tt0434409":"In a future British dystopian society, a shadowy freedom fighter, known only by the alias of \"V\", plots to overthrow the tyrannical government - with the help of a young woman.","tt4682266":"Five young mutants, just discovering their abilities while held in a secret facility against their will, fight to escape their past sins and save themselves.","tt0120903":"In a world where mutants (evolved super-powered humans) exist and are discriminated against, two groups form for an inevitable clash: the supremacist Brotherhood, and the pacifist X-Men.","tt0266697":"After awakening from a four-year coma, a former assassin wreaks vengeance on the team of assassins who betrayed her.","tt0360486":"Supernatural exorcist and demonologist John Constantine helps a policewoman prove her sister's death was not a suicide, but something more.","tt20969586":"A group of supervillains are recruited to go on missions for the government.","tt9663764":"Plot unknown. Sequel to the 2018 film 'Aquaman.'","tt9376612":"Shang-Chi, the master of weaponry-based Kung Fu, is forced to confront his past after being drawn into the Ten Rings organization.","tt0109506":"A modern re-imagining of the beloved character, The Crow, based on the original graphic novel by James O'Barr.","tt2250912":"Peter Parker balances his life as an ordinary high school student in Queens with his superhero alter-ego Spider-Man, and finds himself on the trail of a new menace prowling the skies of New York City.","tt3501632":"Imprisoned on the planet Sakaar, Thor must race against time to return to Asgard and stop Ragnar\u00f6k, the destruction of his world, at the hands of the powerful and ruthless villain Hela.","tt21357150":"Plot under wraps.","tt0800080":"Bruce Banner, a scientist on the run from the U.S. Government, must find a cure for the monster he turns into whenever he loses his temper.","tt1211837":"While on a journey of physical and spiritual healing, a brilliant neurosurgeon is drawn into the world of the mystic arts.","tt1001526":"Evil genius Megamind finally defeats his do-gooder nemesis, Metro Man, but is left without a purpose in a superhero-free world.","tt3385516":"In the 1980s the X-Men must defeat an ancient all-powerful mutant, En Sabah Nur, who intends to thrive through bringing destruction to the world.","tt0458339":"Steve Rogers, a rejected military soldier, transforms into Captain America after taking a dose of a \"Super-Soldier serum\". But being Captain America comes at a price as he attempts to take down a warmonger and a terrorist organization.","tt10676048":"Sequel to the 2019 title 'Captain Marvel'.","tt1270798":"In the 1960s, superpowered humans Charles Xavier and Erik Lensherr work together to find others like them, but Erik's vengeful pursuit of an ambitious mutant who ruined his life causes a schism to divide them.","tt0119654":"A police officer joins a secret organization that polices and monitors extraterrestrial interactions on Earth.","tt7097896":"Eddie Brock attempts to reignite his career by interviewing serial killer Cletus Kasady, who becomes the host of the symbiote Carnage and escapes prison after a failed execution.","tt3896198":"The Guardians struggle to keep together as a team while dealing with their personal family issues, notably Star-Lord's encounter with his father the ambitious celestial being Ego.","tt14513804":"Plot kept under wraps. Fourth movie in the Captain America franchise.","tt0317705":"While trying to lead a quiet suburban life, a family of undercover superheroes are forced into action to save the world.","tt4154664":"Carol Danvers becomes one of the universe's most powerful heroes when Earth is caught in the middle of a galactic war between two alien races.","tt7752126":"What if a child from another world crash-landed on Earth, but instead of becoming a hero to mankind, he proved to be something far more sinister?","tt3498820":"Political involvement in the Avengers' affairs causes a rift between Captain America and Iron Man.","tt1228705":"With the world now aware of his identity as Iron Man, Tony Stark must contend with both his declining health and a vengeful mad man with ties to his father's legacy.","tt0118688":"Batman and Robin try to keep their relationship together even as they must stop Mr. Freeze and Poison Ivy from freezing Gotham City.","tt0437086":"A deactivated cyborg's revived, but can't remember anything of her past and goes on a quest to find out who she is.","tt6320628":"Following the events of Avengers: Endgame (2019), Spider-Man must step up to take on new threats in a world that has changed forever.","tt2395427":"When Tony Stark and Bruce Banner try to jump-start a dormant peacekeeping program called Ultron, things go horribly wrong and it's up to Earth's mightiest heroes to stop the villainous Ultron from enacting his terrible plan.","tt0948470":"After Peter Parker is bitten by a genetically altered spider, he gains newfound, spider-like powers and ventures out to save the city from the machinations of a mysterious reptilian foe.","tt2562232":"A washed-up superhero actor attempts to revive his fading career by writing, directing, and starring in a Broadway production.","tt1877832":"The X-Men send Wolverine to the past in a desperate effort to change history and prevent an event that results in doom for both humans and mutants.","tt1104001":"The son of a virtual world designer goes looking for his father and ends up inside the digital world that his father designed. He meets his father's corrupted creation and a unique ally who was born inside the digital world.","tt6277462":"This is the story of Shiva who sets out in search of love and self-discovery. During his journey, he has to face many evil forces that threaten our existence.","tt1133985":"Reckless test pilot Hal Jordan is granted an alien ring that bestows him with otherworldly powers that inducts him into an intergalactic police force, the Green Lantern Corps.","tt0359013":"Blade, now a wanted man by the FBI, must join forces with the Nightstalkers to face his most challenging enemy yet: Dracula.","tt0187738":"Blade forms an uneasy alliance with the vampire council in order to combat the Reapers, who are feeding on vampires.","tt1843866":"As Steve Rogers struggles to embrace his role in the modern world, he teams up with a fellow Avenger and S.H.I.E.L.D agent, Black Widow, to battle a new threat from history: an assassin known as the Winter Soldier.","tt3794354":"After discovering a small, blue, fast hedgehog, a small-town police officer must help him defeat an evil genius who wants to do experiments on him.","tt6565702":"Jean Grey begins to develop incredible powers that corrupt and turn her into a Dark Phoenix, causing the X-Men to decide if her life is worth more than all of humanity.","tt1300854":"When Tony Stark's world is torn apart by a formidable terrorist called the Mandarin, he starts an odyssey of rebuilding and retribution.","tt7556122":"A covert team of immortal mercenaries is suddenly exposed and must now fight to keep their identity a secret just as an unexpected new member is discovered.","tt0112462":"Batman must battle former district attorney Harvey Dent, who is now Two-Face and Edward Nygma, The Riddler with help from an amorous psychologist and a young circus acrobat who becomes his sidekick, Robin.","tt0286716":"Bruce Banner, a genetics researcher with a tragic past, suffers an accident that causes him to transform into a raging green monster when he gets angry.","tt0227538":"Using high tech gadgets, two kids have to save their reactivated OSS top spy parents when they're taken by an evil, high tech enemy.","tt0413300":"A strange black entity from another world bonds with Peter Parker and causes inner turmoil as he contends with new villains, temptations, and revenge.","tt9362722":"Miles Morales returns for the next chapter of the Oscar\u00ae-winning Spider-Verse saga, an epic adventure that will transport Brooklyn's full-time, friendly neighborhood Spider-Man across the Multiverse to join forces with Gwen Stacy and a new team of Spider-People to face off with a villain more powerful than anything they have ever encountered.","tt0458525":"The early years of James Logan, featuring his rivalry with his brother Victor Creed, his service in the special forces team Weapon X, and his experimentation into the metal-lined mutant Wolverine.","tt0103776":"While Batman deals with a deformed man calling himself the Penguin wreaking havoc across Gotham with the help of a cruel businessman, a female employee of the latter becomes the Catwoman with her own vendetta.","tt0378194":"The Bride continues her quest of vengeance against her former boss and lover Bill, the reclusive bouncer Budd, and the treacherous, one-eyed Elle.","tt1333125":"A series of interconnected short films follows a washed-up producer as he pitches insane story lines featuring some of the biggest stars in Hollywood.","tt9362930":"A Mexican teenager finds an alien beetle that gives him superpowered armor.","tt4649466":"After the Kingsman's headquarters are destroyed and the world is held hostage, an allied spy organization in the United States is discovered. These two elite secret agencies must band together to defeat a common enemy.","tt0316654":"Peter Parker is beset with troubles in his failing personal life as he battles a brilliant scientist named Doctor Otto Octavius.","tt0790736":"A cop killed by his own partner joins RIPD, an afterlife law enforcement department working to apprehend various monsters disguised as humans living on earth, and gets paired up with a smart-mouthed veteran.","tt0259324":"When motorcycle rider Johnny Blaze sells his soul to the Devil to save his father's life, he is transformed into the Ghost Rider, the Devil's own bounty hunter, and is sent to hunt down sinners.","tt0489099":"A teenager with teleportation abilities suddenly finds himself in the middle of an ancient war between those like him and their sworn annihilators."},"poster_url":{"tt6443346":"https:\/\/m.media-amazon.com\/images\/M\/MV5BYzZkOGUwMzMtMTgyNS00YjFlLTg5NzYtZTE3Y2E5YTA5NWIyXkEyXkFqcGdeQXVyMjkwOTAyMDU@._V1_QL75_UX190_CR0,0,190,281_.jpg","tt10954600":"https:\/\/m.media-amazon.com\/images\/M\/MV5BNDgyNGM4NTYtN2M3MS00YTY2LTk0OWUtZmIzYjg3MmQ0OGM4XkEyXkFqcGdeQXVyODk4OTc3MTY@._V1_QL75_UX190_CR0,0,190,281_.jpg","tt9114286":"https:\/\/m.media-amazon.com\/images\/M\/MV5BNTM4NjIxNmEtYWE5NS00NDczLTkyNWQtYThhNmQyZGQzMjM0XkEyXkFqcGdeQXVyODk4OTc3MTY@._V1_QL75_UX190_CR0,0,190,281_.jpg","tt10648342":"https:\/\/m.media-amazon.com\/images\/M\/MV5BYmMxZWRiMTgtZjM0Ny00NDQxLWIxYWQtZDdlNDNkOTEzYTdlXkEyXkFqcGdeQXVyMTkxNjUyNQ@@._V1_QL75_UX190_CR0,0,190,281_.jpg","tt1877830":"https:\/\/m.media-amazon.com\/images\/M\/MV5BMDdmMTBiNTYtMDIzNi00NGVlLWIzMDYtZTk3MTQ3NGQxZGEwXkEyXkFqcGdeQXVyMzMwOTU5MDk@._V1_QL75_UX190_CR0,0,190,281_.jpg","tt10872600":"https:\/\/m.media-amazon.com\/images\/M\/MV5BZWMyYzFjYTYtNTRjYi00OGExLWE2YzgtOGRmYjAxZTU3NzBiXkEyXkFqcGdeQXVyMzQ0MzA0NTM@._V1_QL75_UX190_CR0,0,190,281_.jpg","tt8912936":"https:\/\/m.media-amazon.com\/images\/M\/MV5BZTIyNzc3NzMtNGE5YS00Yjg5LTk5MDMtOTUxMzk1ZTBkOTgwXkEyXkFqcGdeQXVyODE5NzE3OTE@._V1_QL75_UY281_CR1,0,190,281_.jpg","tt4154796":"https:\/\/m.media-amazon.com\/images\/M\/MV5BMTc5MDE2ODcwNV5BMl5BanBnXkFtZTgwMzI2NzQ2NzM@._V1_QL75_UX190_CR0,0,190,281_.jpg","tt0468569":"https:\/\/m.media-amazon.com\/images\/M\/MV5BMTMxNTMwODM0NF5BMl5BanBnXkFtZTcwODAyMTk2Mw@@._V1_QL75_UX190_CR0,0,190,281_.jpg","tt9419884":"https:\/\/m.media-amazon.com\/images\/M\/MV5BNWM0ZGJlMzMtZmYwMi00NzI3LTgzMzMtNjMzNjliNDRmZmFlXkEyXkFqcGdeQXVyMTM1MTE1NDMx._V1_QL75_UX190_CR0,0,190,281_.jpg","tt5108870":"https:\/\/m.media-amazon.com\/images\/M\/MV5BNTA3N2Q0ZTAtODJjNy00MmQzLWJlMmItOGFmNDI0ODgxN2QwXkEyXkFqcGdeQXVyMTM0NTUzNDIy._V1_QL75_UX190_CR0,2,190,281_.jpg","tt0448115":"https:\/\/m.media-amazon.com\/images\/M\/MV5BOWZhZjE4NGQtODg5Ni00MjQ1LWJmMzAtNzQ2N2M1NzYzMDJkXkEyXkFqcGdeQXVyMjMwNDgzNjc@._V1_QL75_UX190_CR0,0,190,281_.jpg","tt6334354":"https:\/\/m.media-amazon.com\/images\/M\/MV5BMWU4NDQ2NjEtNjhkOS00Y2MwLWJkODItZmJhZGE0MDU1OWM4XkEyXkFqcGdeQXVyODE5NzE3OTE@._V1_QL75_UX190_CR0,0,190,281_.jpg","tt12361974":"https:\/\/m.media-amazon.com\/images\/M\/MV5BYjI3NDg0ZTEtMDEwYS00YWMyLThjYjktMTNlM2NmYjc1OGRiXkEyXkFqcGdeQXVyMTEyMjM2NDc2._V1_QL75_UX190_CR0,0,190,281_.jpg","tt6791350":"https:\/\/m.media-amazon.com\/images\/M\/MV5BNmVhN2IyMTUtZTg3ZS00YWYxLTg3OTItMTFlNGM0MDYyNWI3XkEyXkFqcGdeQXVyODk4OTc3MTY@._V1_QL75_UX190_CR0,0,190,281_.jpg","tt7126948":"https:\/\/m.media-amazon.com\/images\/M\/MV5BYTlhNzJjYzYtNGU3My00ZDI5LTgzZDUtYzllYjU1ZmU0YTgwXkEyXkFqcGdeQXVyMjQwMDg0Ng@@._V1_QL75_UX190_CR0,0,190,281_.jpg","tt1250777":"https:\/\/m.media-amazon.com\/images\/M\/MV5BMTMzNzEzMDYxM15BMl5BanBnXkFtZTcwMTc0NTMxMw@@._V1_QL75_UX190_CR0,0,190,281_.jpg","tt9032400":"https:\/\/m.media-amazon.com\/images\/M\/MV5BY2Y1ODBhYTItYmJiZi00NjU2LWI2NjktNTcwM2U2NGQ2ZTNiXkEyXkFqcGdeQXVyMTkxNjUyNQ@@._V1_QL75_UX190_CR0,0,190,281_.jpg","tt0478970":"https:\/\/m.media-amazon.com\/images\/M\/MV5BMjM2NTQ5Mzc2M15BMl5BanBnXkFtZTgwNTcxMDI2NTE@._V1_QL75_UX190_CR0,0,190,281_.jpg","tt6263850":"https:\/\/m.media-amazon.com\/images\/M\/MV5BMGI0ZDg3Y2EtYzIyYi00MGYwLThlOGItNWQ5MjMxNDU2ODUzXkEyXkFqcGdeQXVyMTEwMTcxOTAx._V1_QL75_UY281_CR20,0,190,281_.jpg","tt1477834":"https:\/\/m.media-amazon.com\/images\/M\/MV5BOTk5ODg0OTU5M15BMl5BanBnXkFtZTgwMDQ3MDY3NjM@._V1_QL75_UX190_CR0,0,190,281_.jpg","tt0145487":"https:\/\/m.media-amazon.com\/images\/M\/MV5BZDEyN2NhMjgtMjdhNi00MmNlLWE5YTgtZGE4MzNjMTRlMGEwXkEyXkFqcGdeQXVyNDUyOTg3Njg@._V1_QL75_UY281_CR0,0,190,281_.jpg","tt10151854":"https:\/\/m.media-amazon.com\/images\/M\/MV5BNTBmNjQ5MTUtMzMxMi00NTk1LWExYjEtMzNkZGE4MTFjNzlkXkEyXkFqcGdeQXVyODk4OTc3MTY@._V1_QL75_UX190_CR0,0,190,281_.jpg","tt2015381":"https:\/\/m.media-amazon.com\/images\/M\/MV5BZTkwZjU3MTctMGExMi00YjU5LTgwMDMtOWNkZDRlZjQ4NmZhXkEyXkFqcGdeQXVyNjAwNDUxODI@._V1_QL75_UX190_CR0,2,190,281_.jpg","tt1431045":"https:\/\/m.media-amazon.com\/images\/M\/MV5BYzE5MjY1ZDgtMTkyNC00MTMyLThhMjAtZGI5OTE1NzFlZGJjXkEyXkFqcGdeQXVyNjU0OTQ0OTY@._V1_QL75_UX190_CR0,2,190,281_.jpg","tt5463162":"https:\/\/m.media-amazon.com\/images\/M\/MV5BMDkzNmRhNTMtZDI4NC00Zjg1LTgxM2QtMjYxZDQ3OWJlMDRlXkEyXkFqcGdeQXVyNTU5MjkzMTU@._V1_QL75_UX190_CR0,2,190,281_.jpg","tt12412888":"https:\/\/m.media-amazon.com\/images\/M\/MV5BODRlNTY5ZjktZjE0Ni00YjZhLTk3NTItYzk0ZjYxN2QxMWEzXkEyXkFqcGdeQXVyMjMwNDgzNjc@._V1_QL75_UY281_CR0,0,190,281_.jpg","tt4154756":"https:\/\/m.media-amazon.com\/images\/M\/MV5BMjMxNjY2MDU1OV5BMl5BanBnXkFtZTgwNzY1MTUwNTM@._V1_QL75_UX190_CR0,0,190,281_.jpg","tt5095030":"https:\/\/m.media-amazon.com\/images\/M\/MV5BYjcyYTk0N2YtMzc4ZC00Y2E0LWFkNDgtNjE1MzZmMGE1YjY1XkEyXkFqcGdeQXVyMTMxODk2OTU@._V1_QL75_UX190_CR0,0,190,281_.jpg","tt21361444":"https:\/\/m.media-amazon.com\/images\/M\/MV5BZWE0MjkyNGQtMjgwMS00NGIwLTg5YmEtYThlOTQ1NTZmNWFmXkEyXkFqcGdeQXVyMTEzMTI1Mjk3._V1_QL75_UX190_CR0,2,190,281_.jpg","tt1345836":"https:\/\/m.media-amazon.com\/images\/M\/MV5BMTk4ODQzNDY3Ml5BMl5BanBnXkFtZTcwODA0NTM4Nw@@._V1_QL75_UX190_CR0,0,190,281_.jpg","tt0338459":"https:\/\/m.media-amazon.com\/images\/M\/MV5BMTI4MTQyNTUzMF5BMl5BanBnXkFtZTcwNzE2MDAwMQ@@._V1_QL75_UY281_CR1,0,190,281_.jpg","tt10298810":"https:\/\/m.media-amazon.com\/images\/M\/MV5BYTg2Zjk0ZTctM2ZmMi00MDRmLWJjOGYtNWM0YjBmZTBjMjRkXkEyXkFqcGdeQXVyMTM1MTE1NDMx._V1_QL75_UX190_CR0,0,190,281_.jpg","tt2802144":"https:\/\/m.media-amazon.com\/images\/M\/MV5BYTM3ZTllNzItNTNmOS00NzJiLTg1MWMtMjMxNDc0NmJhODU5XkEyXkFqcGdeQXVyODE5NzE3OTE@._V1_QL75_UX190_CR0,2,190,281_.jpg","tt2975590":"https:\/\/m.media-amazon.com\/images\/M\/MV5BYThjYzcyYzItNTVjNy00NDk0LTgwMWQtYjMwNmNlNWJhMzMyXkEyXkFqcGdeQXVyMTQxNzMzNDI@._V1_QL75_UX190_CR0,0,190,281_.jpg","tt0372784":"https:\/\/m.media-amazon.com\/images\/M\/MV5BOTY4YjI2N2MtYmFlMC00ZjcyLTg3YjEtMDQyM2ZjYzQ5YWFkXkEyXkFqcGdeQXVyMTQxNzMzNDI@._V1_QL75_UY281_CR0,0,190,281_.jpg","tt0103893":"https:\/\/m.media-amazon.com\/images\/M\/MV5BN2NkY2Y5MmMtZjZmNC00YWZmLTkwZTUtMDFiZTQ2MmNjMTMxXkEyXkFqcGdeQXVyMTQxNzMzNDI@._V1_QL75_UX190_CR0,1,190,281_.jpg","tt4633694":"https:\/\/m.media-amazon.com\/images\/M\/MV5BMjMwNDkxMTgzOF5BMl5BanBnXkFtZTgwNTkwNTQ3NjM@._V1_QL75_UX190_CR0,0,190,281_.jpg","tt0409459":"https:\/\/m.media-amazon.com\/images\/M\/MV5BY2IzNGNiODgtOWYzOS00OTI0LTgxZTUtOTA5OTQ5YmI3NGUzXkEyXkFqcGdeQXVyNjU0OTQ0OTY@._V1_QL75_UX190_CR0,2,190,281_.jpg","tt0974015":"https:\/\/m.media-amazon.com\/images\/M\/MV5BYWVhZjZkYTItOGIwYS00NmRkLWJlYjctMWM0ZjFmMDU4ZjEzXkEyXkFqcGdeQXVyMTMxODk2OTU@._V1_QL75_UX190_CR0,0,190,281_.jpg","tt0434409":"https:\/\/m.media-amazon.com\/images\/M\/MV5BOTI5ODc3NzExNV5BMl5BanBnXkFtZTcwNzYxNzQzMw@@._V1_QL75_UX190_CR0,0,190,281_.jpg","tt4682266":"https:\/\/m.media-amazon.com\/images\/M\/MV5BZDQ2NTdmNDgtMGIwMS00ODE2LTk5M2EtZGZhYzc4MWRlNTU3XkEyXkFqcGdeQXVyNTc4MjczMTM@._V1_QL75_UX190_CR0,0,190,281_.jpg","tt0120903":"https:\/\/m.media-amazon.com\/images\/M\/MV5BZmIyMDk5NGYtYjQ5NS00ZWQxLTg2YzQtZDk1ZmM4ZDBlN2E3XkEyXkFqcGdeQXVyMTQxNzMzNDI@._V1_QL75_UX190_CR0,0,190,281_.jpg","tt0266697":"https:\/\/m.media-amazon.com\/images\/M\/MV5BNzM3NDFhYTAtYmU5Mi00NGRmLTljYjgtMDkyODQ4MjNkMGY2XkEyXkFqcGdeQXVyNzkwMjQ5NzM@._V1_QL75_UX190_CR0,2,190,281_.jpg","tt0360486":"https:\/\/m.media-amazon.com\/images\/M\/MV5BODZiMzAxNTctZjdiZC00OGY5LTg2NDAtNWJhNmQwZTcyMWQ2XkEyXkFqcGdeQXVyMjUzOTY1NTc@._V1_QL75_UX190_CR0,0,190,281_.jpg","tt20969586":"https:\/\/m.media-amazon.com\/images\/M\/MV5BMzdkNzFhMDAtNWVhNC00MDM5LTllYzktMWFkN2Q0ZWFlYWZkXkEyXkFqcGdeQXVyODk4OTc3MTY@._V1_QL75_UX190_CR0,0,190,281_.jpg","tt9663764":"https:\/\/m.media-amazon.com\/images\/M\/MV5BM2QyYTRkMjMtMDk5NC00OTc0LWIyYTYtNGNhMzRjMTNhNGNkXkEyXkFqcGdeQXVyNjc0NzQzNTM@._V1_QL75_UY281_CR155,0,190,281_.jpg","tt9376612":"https:\/\/m.media-amazon.com\/images\/M\/MV5BNTliYjlkNDQtMjFlNS00NjgzLWFmMWEtYmM2Mzc2Zjg3ZjEyXkEyXkFqcGdeQXVyMTkxNjUyNQ@@._V1_QL75_UX190_CR0,0,190,281_.jpg","tt0109506":"https:\/\/m.media-amazon.com\/images\/M\/MV5BODBlNmRhODYtOWE2Ni00MTZmLWExMWYtMmRjYWNhNDRjNGU2XkEyXkFqcGdeQXVyMDM2NDM2MQ@@._V1_QL75_UY140_CR31,0,140,140_.jpg","tt2250912":"https:\/\/m.media-amazon.com\/images\/M\/MV5BNTk4ODQ1MzgzNl5BMl5BanBnXkFtZTgwMTMyMzM4MTI@._V1_QL75_UX190_CR0,4,190,281_.jpg","tt3501632":"https:\/\/m.media-amazon.com\/images\/M\/MV5BMjMyNDkzMzI1OF5BMl5BanBnXkFtZTgwODcxODg5MjI@._V1_QL75_UX190_CR0,0,190,281_.jpg","tt21357150":"https:\/\/m.media-amazon.com\/images\/M\/MV5BMTMyMTMwYTctMjExYi00NTc3LWEwYjAtZWJmODVkZDU1NTZiXkEyXkFqcGdeQXVyMTEzMTI1Mjk3._V1_QL75_UX190_CR0,2,190,281_.jpg","tt0800080":"https:\/\/m.media-amazon.com\/images\/M\/MV5BMTUyNzk3MjA1OF5BMl5BanBnXkFtZTcwMTE1Njg2MQ@@._V1_QL75_UX190_CR0,0,190,281_.jpg","tt1211837":"https:\/\/m.media-amazon.com\/images\/M\/MV5BNjgwNzAzNjk1Nl5BMl5BanBnXkFtZTgwMzQ2NjI1OTE@._V1_QL75_UX190_CR0,0,190,281_.jpg","tt1001526":"https:\/\/m.media-amazon.com\/images\/M\/MV5BMTAzMzI0NTMzNDBeQTJeQWpwZ15BbWU3MDM3NTAyOTM@._V1_QL75_UX190_CR0,8,190,281_.jpg","tt3385516":"https:\/\/m.media-amazon.com\/images\/M\/MV5BMjU1ODM1MzYxN15BMl5BanBnXkFtZTgwOTA4NDE2ODE@._V1_QL75_UY281_CR0,0,190,281_.jpg","tt0458339":"https:\/\/m.media-amazon.com\/images\/M\/MV5BMTYzOTc2NzU3N15BMl5BanBnXkFtZTcwNjY3MDE3NQ@@._V1_QL75_UX190_CR0,8,190,281_.jpg","tt10676048":"https:\/\/m.media-amazon.com\/images\/M\/MV5BNjQ4NzQ2MmUtMTUwYi00ZTVhLWI5Y2MtYWM3ZmM5MTc1OGEyXkEyXkFqcGdeQXVyODk4OTc3MTY@._V1_QL75_UX190_CR0,0,190,281_.jpg","tt1270798":"https:\/\/m.media-amazon.com\/images\/M\/MV5BMTg5OTMxNzk4Nl5BMl5BanBnXkFtZTcwOTk1MjAwNQ@@._V1_QL75_UX190_CR0,0,190,281_.jpg","tt0119654":"https:\/\/m.media-amazon.com\/images\/M\/MV5BOTlhYTVkMDktYzIyNC00NzlkLTlmN2ItOGEyMWQ4OTA2NDdmXkEyXkFqcGdeQXVyNTAyODkwOQ@@._V1_QL75_UX190_CR0,2,190,281_.jpg","tt7097896":"https:\/\/m.media-amazon.com\/images\/M\/MV5BYTc3ZTAwYTgtMmM4ZS00MDRiLWI2Y2EtYmRiZmE0YjkzMGY1XkEyXkFqcGdeQXVyMDA4NzMyOA@@._V1_QL75_UX190_CR0,0,190,281_.jpg","tt3896198":"https:\/\/m.media-amazon.com\/images\/M\/MV5BNjM0NTc0NzItM2FlYS00YzEwLWE0YmUtNTA2ZWIzODc2OTgxXkEyXkFqcGdeQXVyNTgwNzIyNzg@._V1_QL75_UX190_CR0,0,190,281_.jpg","tt14513804":"https:\/\/m.media-amazon.com\/images\/M\/MV5BNWMwNDU1M2YtMWQyOC00NGU3LWFlYjYtMmE0YTIyOTIzNjAwXkEyXkFqcGdeQXVyODk4OTc3MTY@._V1_QL75_UX190_CR0,0,190,281_.jpg","tt0317705":"https:\/\/m.media-amazon.com\/images\/M\/MV5BMTY5OTU0OTc2NV5BMl5BanBnXkFtZTcwMzU4MDcyMQ@@._V1_QL75_UX190_CR0,0,190,281_.jpg","tt4154664":"https:\/\/m.media-amazon.com\/images\/M\/MV5BMTE0YWFmOTMtYTU2ZS00ZTIxLWE3OTEtYTNiYzBkZjViZThiXkEyXkFqcGdeQXVyODMzMzQ4OTI@._V1_QL75_UX190_CR0,0,190,281_.jpg","tt7752126":"https:\/\/m.media-amazon.com\/images\/M\/MV5BMjc0YzM2ZjItNzE3OS00NTRhLTkyNTUtMjY5Y2Y5NTU3OWI0XkEyXkFqcGdeQXVyNjU2NTI4MjE@._V1_QL75_UX190_CR0,0,190,281_.jpg","tt3498820":"https:\/\/m.media-amazon.com\/images\/M\/MV5BMjQ0MTgyNjAxMV5BMl5BanBnXkFtZTgwNjUzMDkyODE@._V1_QL75_UX190_CR0,0,190,281_.jpg","tt1228705":"https:\/\/m.media-amazon.com\/images\/M\/MV5BMTM0MDgwNjMyMl5BMl5BanBnXkFtZTcwNTg3NzAzMw@@._V1_QL75_UX190_CR0,0,190,281_.jpg","tt0118688":"https:\/\/m.media-amazon.com\/images\/M\/MV5BMGQ5YTM1NmMtYmIxYy00N2VmLWJhZTYtN2EwYTY3MWFhOTczXkEyXkFqcGdeQXVyNTA2NTI0MTY@._V1_QL75_UX190_CR0,1,190,281_.jpg","tt0437086":"https:\/\/m.media-amazon.com\/images\/M\/MV5BMTQzYWYwYjctY2JhZS00NTYzLTllM2UtZWY5ZTk0NmYwYzIyXkEyXkFqcGdeQXVyMzgxODM4NjM@._V1_QL75_UX190_CR0,0,190,281_.jpg","tt6320628":"https:\/\/m.media-amazon.com\/images\/M\/MV5BMGZlNTY1ZWUtYTMzNC00ZjUyLWE0MjQtMTMxN2E3ODYxMWVmXkEyXkFqcGdeQXVyMDM2NDM2MQ@@._V1_QL75_UX190_CR0,0,190,281_.jpg","tt2395427":"https:\/\/m.media-amazon.com\/images\/M\/MV5BMTM4OGJmNWMtOTM4Ni00NTE3LTg3MDItZmQxYjc4N2JhNmUxXkEyXkFqcGdeQXVyNTgzMDMzMTg@._V1_QL75_UX190_CR0,0,190,281_.jpg","tt0948470":"https:\/\/m.media-amazon.com\/images\/M\/MV5BMjMyOTM4MDMxNV5BMl5BanBnXkFtZTcwNjIyNzExOA@@._V1_QL75_UX190_CR0,0,190,281_.jpg","tt2562232":"https:\/\/m.media-amazon.com\/images\/M\/MV5BODAzNDMxMzAxOV5BMl5BanBnXkFtZTgwMDMxMjA4MjE@._V1_QL75_UX190_CR0,0,190,281_.jpg","tt1877832":"https:\/\/m.media-amazon.com\/images\/M\/MV5BZGIzNWYzN2YtMjcwYS00YjQ3LWI2NjMtOTNiYTUyYjE2MGNkXkEyXkFqcGdeQXVyMTQxNzMzNDI@._V1_QL75_UX190_CR0,0,190,281_.jpg","tt1104001":"https:\/\/m.media-amazon.com\/images\/M\/MV5BMTk4NTk4MTk1OF5BMl5BanBnXkFtZTcwNTE2MDIwNA@@._V1_QL75_UX190_CR0,0,190,281_.jpg","tt6277462":"https:\/\/m.media-amazon.com\/images\/M\/MV5BZjY2MmI1ZWItNmU0Yy00NTdkLWJiYmQtNzFlZWNlMzkxZTZjXkEyXkFqcGdeQXVyNjkwOTg4MTA@._V1_QL75_UY281_CR18,0,190,281_.jpg","tt1133985":"https:\/\/m.media-amazon.com\/images\/M\/MV5BZjQ1YTIxNzEtMzcxNC00NTUzLThkZjktMmJlYTcyMjBhMGUyXkEyXkFqcGdeQXVyNTIzOTk5ODM@._V1_QL75_UX190_CR0,0,190,281_.jpg","tt0359013":"https:\/\/m.media-amazon.com\/images\/M\/MV5BMjE0Nzg2MzI3MF5BMl5BanBnXkFtZTYwMjExODQ3._V1_QL75_UX190_CR0,0,190,281_.jpg","tt0187738":"https:\/\/m.media-amazon.com\/images\/M\/MV5BOWVjZTIzNDYtNTBlNC00NTJjLTkzOTEtOTE0MjlhYzI2YTcyXkEyXkFqcGdeQXVyNTAyODkwOQ@@._V1_QL75_UX190_CR0,0,190,281_.jpg","tt1843866":"https:\/\/m.media-amazon.com\/images\/M\/MV5BMzA2NDkwODAwM15BMl5BanBnXkFtZTgwODk5MTgzMTE@._V1_QL75_UY281_CR2,0,190,281_.jpg","tt3794354":"https:\/\/m.media-amazon.com\/images\/M\/MV5BNTdmNmI4MzQtZTAzNS00MjhjLWEzOGQtZjI1NDNjZjk4N2JjXkEyXkFqcGdeQXVyMTM0NTUzNDIy._V1_QL75_UY281_CR0,0,190,281_.jpg","tt6565702":"https:\/\/m.media-amazon.com\/images\/M\/MV5BMmZmYTgwZGItNDIxMS00MmRkLWEzODQtYTllNzM0ZWE1NmQ5XkEyXkFqcGdeQXVyODQzNTE3ODc@._V1_QL75_UX190_CR0,0,190,281_.jpg","tt1300854":"https:\/\/m.media-amazon.com\/images\/M\/MV5BMjE5MzcyNjk1M15BMl5BanBnXkFtZTcwMjQ4MjcxOQ@@._V1_QL75_UY281_CR4,0,190,281_.jpg","tt7556122":"https:\/\/m.media-amazon.com\/images\/M\/MV5BNDJiZDliZDAtMjc5Yy00MzVhLThkY2MtNDYwNTQ2ZTM5MDcxXkEyXkFqcGdeQXVyMDA4NzMyOA@@._V1_QL75_UX190_CR0,0,190,281_.jpg","tt0112462":"https:\/\/m.media-amazon.com\/images\/M\/MV5BNDdjYmFiYWEtYzBhZS00YTZkLWFlODgtY2I5MDE0NzZmMDljXkEyXkFqcGdeQXVyMTMxODk2OTU@._V1_QL75_UY281_CR0,0,190,281_.jpg","tt0286716":"https:\/\/m.media-amazon.com\/images\/M\/MV5BMzQwZDg1MGEtN2E5My00ZDJlLWI4MzItM2U2MjJhYzlkNmEzXkEyXkFqcGdeQXVyNDAxNjkxNjQ@._V1_QL75_UY281_CR1,0,190,281_.jpg","tt0227538":"https:\/\/m.media-amazon.com\/images\/M\/MV5BY2JhODU1NmQtNjllYS00ZmQwLWEwZjYtMTE5NjA1M2YyMzdjXkEyXkFqcGdeQXVyMTQxNzMzNDI@._V1_QL75_UX190_CR0,0,190,281_.jpg","tt0413300":"https:\/\/m.media-amazon.com\/images\/M\/MV5BYTk3MDljOWQtNGI2My00OTEzLTlhYjQtOTQ4ODM2MzUwY2IwXkEyXkFqcGdeQXVyNTIzOTk5ODM@._V1_QL75_UX190_CR0,0,190,281_.jpg","tt9362722":"https:\/\/m.media-amazon.com\/images\/M\/MV5BZGRhNDE1YjYtOGUzMC00YjliLThiOTgtYTkwNmQwNDZjYjFhXkEyXkFqcGdeQXVyMTEyMjM2NDc2._V1_QL75_UX190_CR0,0,190,281_.jpg","tt0458525":"https:\/\/m.media-amazon.com\/images\/M\/MV5BZWRhMzdhMzEtZTViNy00YWYyLTgxZmUtMTMwMWM0NTEyMjk3XkEyXkFqcGdeQXVyNTIzOTk5ODM@._V1_QL75_UY281_CR0,0,190,281_.jpg","tt0103776":"https:\/\/m.media-amazon.com\/images\/M\/MV5BOGZmYzVkMmItM2NiOS00MDI3LWI4ZWQtMTg0YWZkODRkMmViXkEyXkFqcGdeQXVyODY0NzcxNw@@._V1_QL75_UX190_CR0,0,190,281_.jpg","tt0378194":"https:\/\/m.media-amazon.com\/images\/M\/MV5BNmFiYmJmN2QtNWQwMi00MzliLThiOWMtZjQxNGRhZTQ1MjgyXkEyXkFqcGdeQXVyNzQ1ODk3MTQ@._V1_QL75_UX190_CR0,0,190,281_.jpg","tt1333125":"https:\/\/m.media-amazon.com\/images\/M\/MV5BMTg4NzQ3NDM1Nl5BMl5BanBnXkFtZTcwNjEzMjM3OA@@._V1_QL75_UX190_CR0,0,190,281_.jpg","tt9362930":"https:\/\/m.media-amazon.com\/images\/M\/MV5BNThmZTMyMGItYTViNi00YWFkLTk1NWMtNTJkYjZlMjU3ZGVhXkEyXkFqcGdeQXVyNjc0NzQzNTM@._V1_QL75_UX190_CR0,0,190,281_.jpg","tt4649466":"https:\/\/m.media-amazon.com\/images\/M\/MV5BMjQ3OTgzMzY4NF5BMl5BanBnXkFtZTgwOTc4OTQyMzI@._V1_QL75_UX190_CR0,0,190,281_.jpg","tt0316654":"https:\/\/m.media-amazon.com\/images\/M\/MV5BMzY2ODk4NmUtOTVmNi00ZTdkLTlmOWYtMmE2OWVhNTU2OTVkXkEyXkFqcGdeQXVyMTQxNzMzNDI@._V1_QL75_UY281_CR8,0,190,281_.jpg","tt0790736":"https:\/\/m.media-amazon.com\/images\/M\/MV5BMTM5OTYxNzE5N15BMl5BanBnXkFtZTcwMDU1MTQ4OQ@@._V1_QL75_UX190_CR0,10,190,281_.jpg","tt0259324":"https:\/\/m.media-amazon.com\/images\/M\/MV5BMzIyNDE5ODI1OV5BMl5BanBnXkFtZTcwNTIyNDE0MQ@@._V1_QL75_UX190_CR0,0,190,281_.jpg","tt0489099":"https:\/\/m.media-amazon.com\/images\/M\/MV5BMjEwOTkyOTI3M15BMl5BanBnXkFtZTcwNTQxMjU1MQ@@._V1_QL75_UX190_CR0,0,190,281_.jpg"},"genre":{"tt6443346":"SuperHero","tt10954600":"SuperHero","tt9114286":"SuperHero","tt10648342":"SuperHero","tt1877830":"SuperHero","tt10872600":"SuperHero","tt8912936":"SuperHero","tt4154796":"SuperHero","tt0468569":"SuperHero","tt9419884":"SuperHero","tt5108870":"SuperHero","tt0448115":"SuperHero","tt6334354":"SuperHero","tt12361974":"SuperHero","tt6791350":"SuperHero","tt7126948":"SuperHero","tt1250777":"SuperHero","tt9032400":"SuperHero","tt0478970":"SuperHero","tt6263850":"SuperHero","tt1477834":"SuperHero","tt0145487":"SuperHero","tt10151854":"SuperHero","tt2015381":"SuperHero","tt1431045":"SuperHero","tt5463162":"SuperHero","tt12412888":"SuperHero","tt4154756":"SuperHero","tt5095030":"SuperHero","tt21361444":"SuperHero","tt1345836":"SuperHero","tt0338459":"SuperHero","tt10298810":"SuperHero","tt2802144":"SuperHero","tt2975590":"SuperHero","tt0372784":"SuperHero","tt0103893":"SuperHero","tt4633694":"SuperHero","tt0409459":"SuperHero","tt0974015":"SuperHero","tt0434409":"SuperHero","tt4682266":"SuperHero","tt0120903":"SuperHero","tt0266697":"SuperHero","tt0360486":"SuperHero","tt20969586":"SuperHero","tt9663764":"SuperHero","tt9376612":"SuperHero","tt0109506":"SuperHero","tt2250912":"SuperHero","tt3501632":"SuperHero","tt21357150":"SuperHero","tt0800080":"SuperHero","tt1211837":"SuperHero","tt1001526":"SuperHero","tt3385516":"SuperHero","tt0458339":"SuperHero","tt10676048":"SuperHero","tt1270798":"SuperHero","tt0119654":"SuperHero","tt7097896":"SuperHero","tt3896198":"SuperHero","tt14513804":"SuperHero","tt0317705":"SuperHero","tt4154664":"SuperHero","tt7752126":"SuperHero","tt3498820":"SuperHero","tt1228705":"SuperHero","tt0118688":"SuperHero","tt0437086":"SuperHero","tt6320628":"SuperHero","tt2395427":"SuperHero","tt0948470":"SuperHero","tt2562232":"SuperHero","tt1877832":"SuperHero","tt1104001":"SuperHero","tt6277462":"SuperHero","tt1133985":"SuperHero","tt0359013":"SuperHero","tt0187738":"SuperHero","tt1843866":"SuperHero","tt3794354":"SuperHero","tt6565702":"SuperHero","tt1300854":"SuperHero","tt7556122":"SuperHero","tt0112462":"SuperHero","tt0286716":"SuperHero","tt0227538":"SuperHero","tt0413300":"SuperHero","tt9362722":"SuperHero","tt0458525":"SuperHero","tt0103776":"SuperHero","tt0378194":"SuperHero","tt1333125":"SuperHero","tt9362930":"SuperHero","tt4649466":"SuperHero","tt0316654":"SuperHero","tt0790736":"SuperHero","tt0259324":"SuperHero","tt0489099":"SuperHero"},"labels":{"tt6443346":["Action","Adventure","Fantasy"],"tt10954600":["Action","Adventure","Comedy"],"tt9114286":["Action","Adventure","Drama"],"tt10648342":["Action","Adventure","Comedy"],"tt1877830":["Action","Crime","Drama"],"tt10872600":["Action","Adventure","Fantasy"],"tt8912936":["Animation","Action","Adventure"],"tt4154796":["Action","Adventure","Drama"],"tt0468569":["Action","Crime","Drama"],"tt9419884":["Action","Adventure","Fantasy"],"tt5108870":["Action","Adventure","Horror"],"tt0448115":["Action","Adventure","Comedy"],"tt6334354":["Action","Adventure","Comedy"],"tt12361974":["Action","Adventure","Fantasy"],"tt6791350":["Action","Adventure","Comedy"],"tt7126948":["Action","Adventure","Fantasy"],"tt1250777":["Action","Comedy","Crime"],"tt9032400":["Action","Adventure","Fantasy"],"tt0478970":["Action","Adventure","Comedy"],"tt6263850":["Action","Comedy","Sci-Fi"],"tt1477834":["Action","Adventure","Fantasy"],"tt0145487":["Action","Adventure","Sci-Fi"],"tt10151854":["Action","Adventure","Comedy"],"tt2015381":["Action","Adventure","Comedy"],"tt1431045":["Action","Adventure","Comedy"],"tt5463162":["Action","Adventure","Comedy"],"tt12412888":["Action","Adventure","Comedy"],"tt4154756":["Action","Adventure","Sci-Fi"],"tt5095030":["Action","Adventure","Comedy"],"tt21361444":["Action","Adventure","Sci-Fi"],"tt1345836":["Action","Drama"],"tt0338459":["Action","Adventure","Comedy"],"tt10298810":["Animation","Action","Adventure"],"tt2802144":["Action","Adventure","Comedy"],"tt2975590":["Action","Adventure","Sci-Fi"],"tt0372784":["Action","Crime","Drama"],"tt0103893":["Action","Comedy","Fantasy"],"tt4633694":["Animation","Action","Adventure"],"tt0409459":["Action","Drama","Mystery"],"tt0974015":["Action","Adventure","Fantasy"],"tt0434409":["Action","Drama","Sci-Fi"],"tt4682266":["Action","Horror","Mystery"],"tt0120903":["Action","Adventure","Sci-Fi"],"tt0266697":["Action","Crime","Drama"],"tt0360486":["Action","Fantasy","Horror"],"tt20969586":["Action","Adventure","Crime"],"tt9663764":["Action","Adventure","Fantasy"],"tt9376612":["Action","Adventure","Fantasy"],"tt0109506":["Action","Crime","Fantasy"],"tt2250912":["Action","Adventure","Sci-Fi"],"tt3501632":["Action","Adventure","Comedy"],"tt21357150":["Action","Adventure","Sci-Fi"],"tt0800080":["Action","Adventure","Sci-Fi"],"tt1211837":["Action","Adventure","Fantasy"],"tt1001526":["Animation","Action","Comedy"],"tt3385516":["Action","Adventure","Sci-Fi"],"tt0458339":["Action","Adventure","Sci-Fi"],"tt10676048":["Action","Adventure","Fantasy"],"tt1270798":["Action","Adventure","Sci-Fi"],"tt0119654":["Action","Adventure","Comedy"],"tt7097896":["Action","Adventure","Sci-Fi"],"tt3896198":["Action","Adventure","Comedy"],"tt14513804":["Action","Adventure","Sci-Fi"],"tt0317705":["Animation","Action","Adventure"],"tt4154664":["Action","Adventure","Sci-Fi"],"tt7752126":["Drama","Horror","Mystery"],"tt3498820":["Action","Adventure","Sci-Fi"],"tt1228705":["Action","Adventure","Sci-Fi"],"tt0118688":["Action","Sci-Fi"],"tt0437086":["Action","Adventure","Sci-Fi"],"tt6320628":["Action","Adventure","Sci-Fi"],"tt2395427":["Action","Adventure","Sci-Fi"],"tt0948470":["Action","Adventure","Sci-Fi"],"tt2562232":["Comedy","Drama"],"tt1877832":["Action","Adventure","Sci-Fi"],"tt1104001":["Action","Adventure","Sci-Fi"],"tt6277462":["Action","Adventure","Fantasy"],"tt1133985":["Action","Adventure","Sci-Fi"],"tt0359013":["Action","Horror","Sci-Fi"],"tt0187738":["Action","Horror","Sci-Fi"],"tt1843866":["Action","Adventure","Sci-Fi"],"tt3794354":["Action","Adventure","Comedy"],"tt6565702":["Action","Adventure","Sci-Fi"],"tt1300854":["Action","Adventure","Sci-Fi"],"tt7556122":["Action","Thriller"],"tt0112462":["Action","Adventure"],"tt0286716":["Action","Sci-Fi"],"tt0227538":["Action","Adventure","Comedy"],"tt0413300":["Action","Adventure","Sci-Fi"],"tt9362722":["Animation","Action","Adventure"],"tt0458525":["Action","Sci-Fi"],"tt0103776":["Action","Crime","Fantasy"],"tt0378194":["Action","Crime","Thriller"],"tt1333125":["Comedy"],"tt9362930":["Action","Adventure","Sci-Fi"],"tt4649466":["Action","Adventure","Comedy"],"tt0316654":["Action","Adventure","Sci-Fi"],"tt0790736":["Action","Adventure","Comedy"],"tt0259324":["Action","Fantasy","Thriller"],"tt0489099":["Action","Adventure","Sci-Fi"]},"releaseDate":{"tt6443346":null,"tt10954600":null,"tt9114286":null,"tt10648342":null,"tt1877830":null,"tt10872600":null,"tt8912936":null,"tt4154796":null,"tt0468569":null,"tt9419884":null,"tt5108870":null,"tt0448115":null,"tt6334354":null,"tt12361974":null,"tt6791350":null,"tt7126948":null,"tt1250777":null,"tt9032400":null,"tt0478970":null,"tt6263850":null,"tt1477834":null,"tt0145487":null,"tt10151854":null,"tt2015381":null,"tt1431045":null,"tt5463162":null,"tt12412888":null,"tt4154756":null,"tt5095030":null,"tt21361444":null,"tt1345836":null,"tt0338459":null,"tt10298810":null,"tt2802144":null,"tt2975590":null,"tt0372784":null,"tt0103893":null,"tt4633694":null,"tt0409459":null,"tt0974015":null,"tt0434409":null,"tt4682266":null,"tt0120903":null,"tt0266697":null,"tt0360486":null,"tt20969586":null,"tt9663764":null,"tt9376612":null,"tt0109506":null,"tt2250912":null,"tt3501632":null,"tt21357150":null,"tt0800080":null,"tt1211837":null,"tt1001526":null,"tt3385516":null,"tt0458339":null,"tt10676048":null,"tt1270798":null,"tt0119654":null,"tt7097896":null,"tt3896198":null,"tt14513804":null,"tt0317705":null,"tt4154664":null,"tt7752126":null,"tt3498820":null,"tt1228705":null,"tt0118688":null,"tt0437086":null,"tt6320628":null,"tt2395427":null,"tt0948470":null,"tt2562232":null,"tt1877832":null,"tt1104001":null,"tt6277462":null,"tt1133985":null,"tt0359013":null,"tt0187738":null,"tt1843866":null,"tt3794354":null,"tt6565702":null,"tt1300854":null,"tt7556122":null,"tt0112462":null,"tt0286716":null,"tt0227538":null,"tt0413300":null,"tt9362722":null,"tt0458525":null,"tt0103776":null,"tt0378194":null,"tt1333125":null,"tt9362930":null,"tt4649466":null,"tt0316654":null,"tt0790736":null,"tt0259324":null,"tt0489099":null},"film_year":{"tt6443346":2022,"tt10954600":2023,"tt9114286":2022,"tt10648342":2022,"tt1877830":2022,"tt10872600":2021,"tt8912936":2022,"tt4154796":2019,"tt0468569":2008,"tt9419884":2022,"tt5108870":2022,"tt0448115":2019,"tt6334354":2021,"tt12361974":2021,"tt6791350":2023,"tt7126948":2020,"tt1250777":2010,"tt9032400":2021,"tt0478970":2015,"tt6263850":2024,"tt1477834":2018,"tt0145487":2002,"tt10151854":2023,"tt2015381":2014,"tt1431045":2016,"tt5463162":2018,"tt12412888":2022,"tt4154756":2018,"tt5095030":2018,"tt21361444":2026,"tt1345836":2012,"tt0338459":2003,"tt10298810":2022,"tt2802144":2014,"tt2975590":2016,"tt0372784":2005,"tt0103893":1992,"tt4633694":2018,"tt0409459":2009,"tt0974015":2017,"tt0434409":2005,"tt4682266":2020,"tt0120903":2000,"tt0266697":2003,"tt0360486":2005,"tt20969586":2024,"tt9663764":2023,"tt9376612":2021,"tt0109506":1994,"tt2250912":2017,"tt3501632":2017,"tt21357150":2025,"tt0800080":2008,"tt1211837":2016,"tt1001526":2010,"tt3385516":2016,"tt0458339":2011,"tt10676048":2023,"tt1270798":2011,"tt0119654":1997,"tt7097896":2021,"tt3896198":2017,"tt14513804":2024,"tt0317705":2004,"tt4154664":2019,"tt7752126":2019,"tt3498820":2016,"tt1228705":2010,"tt0118688":1997,"tt0437086":2019,"tt6320628":2019,"tt2395427":2015,"tt0948470":2012,"tt2562232":2014,"tt1877832":2014,"tt1104001":2010,"tt6277462":2022,"tt1133985":2011,"tt0359013":2004,"tt0187738":2002,"tt1843866":2014,"tt3794354":2020,"tt6565702":2019,"tt1300854":2013,"tt7556122":2020,"tt0112462":1995,"tt0286716":2003,"tt0227538":2001,"tt0413300":2007,"tt9362722":2023,"tt0458525":2009,"tt0103776":1992,"tt0378194":2004,"tt1333125":2013,"tt9362930":2023,"tt4649466":2017,"tt0316654":2004,"tt0790736":2013,"tt0259324":2007,"tt0489099":2008}}