{"v":"5.6.4","fr":29.9700012207031,"ip":25.0000010182709,"op":171.000006964973,"w":4000,"h":4000,"nm":"Komp 1","ddd":0,"assets":[],"layers":[{"ddd":0,"ind":3,"ty":4,"nm":"Formebene 2","sr":1,"ks":{"o":{"a":0,"k":100,"ix":11},"r":{"a":0,"k":0,"ix":10},"p":{"a":0,"k":[2000,2000,0],"ix":2},"a":{"a":0,"k":[0,0,0],"ix":1},"s":{"a":0,"k":[174,174,100],"ix":6}},"ao":0,"shapes":[{"ind":0,"ty":"sh","ix":1,"ks":{"a":0,"k":{"i":[[0,0],[-78.994,0],[0,-78.996],[27.006,-26.996],[0,0],[0,-46.202]],"o":[[0.003,-78.994],[78.996,0],[0,38.185],[0,0],[-32.67,32.67],[0,0]],"v":[[-131.389,-499.833],[12.611,-643.827],[156.611,-499.827],[114.416,-397.986],[50.958,-334.527],[-0.066,-211.346]],"c":false},"ix":2},"nm":"Pfad 4","mn":"ADBE Vector Shape - Group","hd":false},{"ty":"tm","s":{"a":1,"k":[{"i":{"x":[0],"y":[1]},"o":{"x":[1],"y":[0]},"t":159,"s":[0]},{"t":170.000006924242,"s":[100]}],"ix":1},"e":{"a":1,"k":[{"i":{"x":[0],"y":[1]},"o":{"x":[1],"y":[0]},"t":141,"s":[0]},{"t":151.000006150356,"s":[100]}],"ix":2},"o":{"a":0,"k":0,"ix":3},"m":1,"ix":2,"nm":"Pfade trimmen 1","mn":"ADBE Vector Filter - Trim","hd":false},{"ty":"st","c":{"a":0,"k":[1,0,0,1],"ix":3},"o":{"a":0,"k":100,"ix":4},"w":{"a":0,"k":164,"ix":5},"lc":2,"lj":2,"bm":0,"nm":"Kontur 1","mn":"ADBE Vector Graphic - Stroke","hd":false},{"ty":"gr","it":[{"ind":0,"ty":"sh","ix":1,"ks":{"a":0,"k":{"i":[[28.666,0],[0,0],[0,28.666],[0,0],[0,0],[-28.666,0],[0,0],[0,-28.666],[0,0],[0,0]],"o":[[0,0],[-28.666,0],[0,0],[0,0],[0,-28.666],[0,0],[28.666,0],[0,0],[0,0],[0,28.666]],"v":[[0.096,51.904],[-0.096,51.904],[-52,0],[-52,-0.191],[-52,-0.192],[-0.096,-52.096],[0.096,-52.096],[52,-0.192],[52,-0.191],[52,0]],"c":true},"ix":2},"nm":"Pfad 5","mn":"ADBE Vector Shape - Group","hd":false},{"ty":"fl","c":{"a":0,"k":[1,0,0,1],"ix":4},"o":{"a":0,"k":100,"ix":5},"r":1,"bm":0,"nm":"FlÃÂ¤che 1","mn":"ADBE Vector Graphic - Fill","hd":false},{"ty":"tr","p":{"a":0,"k":[0,-0.096],"ix":2},"a":{"a":0,"k":[0,-0.096],"ix":1},"s":{"a":1,"k":[{"i":{"x":[0,0],"y":[1,1]},"o":{"x":[1,1],"y":[0,0]},"t":141,"s":[0,0]},{"t":153.000006231818,"s":[159,159]}],"ix":3},"r":{"a":0,"k":0,"ix":6},"o":{"a":0,"k":100,"ix":7},"sk":{"a":0,"k":0,"ix":4},"sa":{"a":0,"k":0,"ix":5},"nm":"Transformieren"}],"nm":"Gruppe 1","np":2,"cix":2,"bm":0,"ix":4,"mn":"ADBE Vector Group","hd":false}],"ip":0,"op":1008.00004105668,"st":0,"bm":0},{"ddd":0,"ind":4,"ty":4,"nm":"Formebene 1","sr":1,"ks":{"o":{"a":0,"k":100,"ix":11},"r":{"a":1,"k":[{"i":{"x":[0],"y":[1]},"o":{"x":[1],"y":[0]},"t":67,"s":[0]},{"i":{"x":[0],"y":[1]},"o":{"x":[1],"y":[0]},"t":80,"s":[45]},{"i":{"x":[0],"y":[1]},"o":{"x":[1],"y":[0]},"t":96,"s":[135]},{"t":110.000004480392,"s":[180]}],"ix":10},"p":{"a":1,"k":[{"i":{"x":0,"y":1},"o":{"x":1,"y":0},"t":132,"s":[2000,2000,0],"to":[0,650.5,0],"ti":[0,-650.5,0]},{"t":152.000006191087,"s":[2000,5903,0]}],"ix":2},"a":{"a":0,"k":[0,0,0],"ix":1},"s":{"a":0,"k":[271,271,100],"ix":6}},"ao":0,"shapes":[{"ty":"gr","it":[{"ind":0,"ty":"sh","ix":1,"ks":{"a":1,"k":[{"i":{"x":0,"y":1},"o":{"x":1,"y":0},"t":67,"s":[{"i":[[0,0],[0,0],[-0.983,0],[0,0],[0,0],[0,0],[0,0],[2.041,0],[0,0],[0,0]],"o":[[0,0],[0,0],[0,0],[0,0],[0.983,0],[0,0],[0,0],[0,0],[0,0],[-2.041,0]],"v":[[-52,8],[-52,8],[-50.219,8],[0.096,8],[50.219,8],[52,8],[52,8],[48.304,8],[0.096,8],[-48.304,8]],"c":true}]},{"i":{"x":0,"y":1},"o":{"x":1,"y":0},"t":80,"s":[{"i":[[0,2.041],[0,0],[-0.983,0],[0,0],[0,0],[0,-0.983],[0,0],[2.041,0],[0,0],[0,0]],"o":[[0,0],[0,-0.983],[0,0],[0,0],[0.983,0],[0,0],[0,2.041],[0,0],[0,0],[-2.041,0]],"v":[[-51.904,-52.696],[-52,-157.219],[-50.219,-159],[0.096,-159],[50.219,-159],[52,-157.219],[52.096,-52.696],[48.4,-49],[0.191,-49],[-48.208,-49]],"c":true}]},{"i":{"x":0,"y":1},"o":{"x":0.167,"y":0},"t":96,"s":[{"i":[[0,28.666],[0,0],[-28.666,0],[0,0],[0,0],[0,-28.666],[0,0],[28.666,0],[0,0],[0,0]],"o":[[0,0],[0,-28.666],[0,0],[0,0],[28.666,0],[0,0],[0,28.666],[0,0],[0,0],[-28.666,0]],"v":[[-52,-127.904],[-52,-128.096],[-0.096,-180],[0.096,-180],[0.096,-180],[52,-128.096],[52,-127.904],[0.096,-76],[0.096,-76],[-0.096,-76]],"c":true}]},{"i":{"x":0.833,"y":1},"o":{"x":1,"y":0},"t":110,"s":[{"i":[[0,2.041],[0,0],[-0.983,0],[0,0],[0,0],[0,-0.983],[0,0],[2.041,0],[0,0],[0,0]],"o":[[0,0],[0,-0.983],[0,0],[0,0],[0.983,0],[0,0],[0,2.041],[0,0],[0,0],[-2.041,0]],"v":[[-51.904,-52.696],[-52,-157.219],[-50.219,-159],[0.096,-159],[50.219,-159],[52,-157.219],[52.096,-52.696],[48.4,-49],[0.191,-49],[-48.208,-49]],"c":true}]},{"t":111.000004521123,"s":[{"i":[[0,0],[0,-0.129],[0,-0.065],[0,-0.014],[0,0.024],[0,0.051],[0,0.065],[0,0.067],[0,0.057],[0,0.035]],"o":[[0,0.204],[0,0.129],[0,0.065],[0,0.014],[0,-0.024],[0,-0.051],[0,-0.065],[0,-0.067],[0,-0.057],[0,-0.035]],"v":[[-133.904,-51.696],[-133.904,-51.2],[-133.904,-50.912],[-133.904,-50.796],[-133.904,-50.814],[-133.904,-50.931],[-133.904,-51.108],[-133.904,-51.31],[-133.904,-51.5],[-133.904,-51.641]],"c":true}]}],"ix":2},"nm":"Pfad 2","mn":"ADBE Vector Shape - Group","hd":false},{"ty":"fl","c":{"a":0,"k":[1,0,0,1],"ix":4},"o":{"a":0,"k":100,"ix":5},"r":1,"bm":0,"nm":"FlÃÂ¤che 1","mn":"ADBE Vector Graphic - Fill","hd":false},{"ty":"tr","p":{"a":0,"k":[0,-0.096],"ix":2},"a":{"a":0,"k":[0,-0.096],"ix":1},"s":{"a":0,"k":[100,100],"ix":3},"r":{"a":0,"k":0,"ix":6},"o":{"a":0,"k":100,"ix":7},"sk":{"a":0,"k":0,"ix":4},"sa":{"a":0,"k":0,"ix":5},"nm":"Transformieren"}],"nm":"Gruppe 3","np":2,"cix":2,"bm":0,"ix":1,"mn":"ADBE Vector Group","hd":false},{"ty":"gr","it":[{"ind":0,"ty":"sh","ix":1,"ks":{"a":1,"k":[{"i":{"x":0,"y":1},"o":{"x":1,"y":0},"t":67,"s":[{"i":[[0,0],[0,0],[-0.983,0],[0,0],[0,0],[0,0],[0,0],[2.041,0],[0,0],[0,0]],"o":[[0,0],[0,0],[0,0],[0,0],[0.983,0],[0,0],[0,0],[0,0],[0,0],[-2.041,0]],"v":[[-52,8],[-52,8],[-50.219,8],[0.096,8],[50.219,8],[52,8],[52,8],[48.304,8],[0.096,8],[-48.304,8]],"c":true}]},{"i":{"x":0,"y":1},"o":{"x":1,"y":0},"t":80,"s":[{"i":[[0,-2.041],[0,0],[0.983,0],[0,0],[0,0],[0,0.983],[0,0],[-2.041,0],[0,0],[0,0]],"o":[[0,0],[0,0.983],[0,0],[0,0],[-0.983,0],[0,0],[0,-2.041],[0,0],[0,0],[2.041,0]],"v":[[52,54.696],[52.096,159.219],[50.315,161],[0,161],[-50.124,161],[-51.904,159.219],[-52,54.696],[-48.304,51],[-0.096,51],[48.304,51]],"c":true}]},{"i":{"x":0,"y":1},"o":{"x":0.167,"y":0},"t":96,"s":[{"i":[[0,-28.666],[0,0],[28.666,0],[0,0],[0,0],[0,28.666],[0,0],[-28.666,0],[0,0],[0,0]],"o":[[0,0],[0,28.666],[0,0],[0,0],[-28.666,0],[0,0],[0,-28.666],[0,0],[0,0],[28.666,0]],"v":[[51.904,127.904],[51.904,128.096],[0,180],[-0.192,180],[-0.192,180],[-52.096,128.096],[-52.096,127.904],[-0.192,76],[-0.192,76],[0,76]],"c":true}]},{"i":{"x":0,"y":1},"o":{"x":1,"y":0},"t":110,"s":[{"i":[[0,-2.041],[0,0],[0.983,0],[0,0],[0,0],[0,0.983],[0,0],[-2.041,0],[0,0],[0,0]],"o":[[0,0],[0,0.983],[0,0],[0,0],[-0.983,0],[0,0],[0,-2.041],[0,0],[0,0],[2.041,0]],"v":[[52,54.696],[52.096,159.219],[50.315,161],[0,161],[-50.124,161],[-51.904,159.219],[-52,54.696],[-48.304,51],[-0.096,51],[48.304,51]],"c":true}]},{"i":{"x":0,"y":1},"o":{"x":1,"y":0},"t":111,"s":[{"i":[[0,-5.957],[0,0],[0.983,0],[0,0],[0,0],[0,2.87],[0,0],[-2.041,0],[0,0],[0,0]],"o":[[0,0],[0,2.87],[0,0],[0,0],[-0.983,0],[0,0],[0,-5.957],[0,0],[0,0],[2.041,0]],"v":[[52,-149.214],[52.096,155.804],[50.315,161],[0,161],[-50.124,161],[-51.904,155.804],[-52,-149.214],[-48.304,-160],[-0.096,-160],[48.304,-160]],"c":true}]},{"t":127.000005172816,"s":[{"i":[[5.957,0],[0,0],[0,0.983],[0,0],[0,0],[-2.87,0],[0,0],[0,-2.041],[0,0],[0,0]],"o":[[0,0],[-2.87,0],[0,0],[0,0],[0,-0.983],[0,0],[5.957,0],[0,0],[0,0],[0,2.041]],"v":[[149.762,-111.548],[-155.256,-111.452],[-160.452,-113.233],[-160.452,-163.548],[-160.452,-213.672],[-155.256,-215.452],[149.762,-215.548],[160.548,-211.852],[160.548,-163.644],[160.548,-115.244]],"c":true}]}],"ix":2},"nm":"Pfad 3","mn":"ADBE Vector Shape - Group","hd":false},{"ty":"fl","c":{"a":0,"k":[1,0,0,1],"ix":4},"o":{"a":0,"k":100,"ix":5},"r":1,"bm":0,"nm":"FlÃÂ¤che 1","mn":"ADBE Vector Graphic - Fill","hd":false},{"ty":"tr","p":{"a":0,"k":[0,-0.096],"ix":2},"a":{"a":0,"k":[0,-0.096],"ix":1},"s":{"a":0,"k":[100,100],"ix":3},"r":{"a":0,"k":0,"ix":6},"o":{"a":0,"k":100,"ix":7},"sk":{"a":0,"k":0,"ix":4},"sa":{"a":0,"k":0,"ix":5},"nm":"Transformieren"}],"nm":"Gruppe 2","np":2,"cix":2,"bm":0,"ix":2,"mn":"ADBE Vector Group","hd":false},{"ty":"gr","it":[{"ind":0,"ty":"sh","ix":1,"ks":{"a":1,"k":[{"i":{"x":0,"y":1},"o":{"x":1,"y":0},"t":32,"s":[{"i":[[0,0],[0,28.666],[0,0],[0,0],[28.666,0],[0,0],[0,-28.666],[0,0],[0,0],[-28.666,0]],"o":[[28.666,0],[0,0],[0,0],[0,-28.666],[0,0],[-28.666,0],[0,0],[0,0],[0,28.666],[0,0]],"v":[[0.096,51.904],[52,0],[52,-0.191],[52,-0.192],[0.096,-52.096],[-0.096,-52.096],[-52,-0.192],[-52,-0.191],[-52,0],[-0.096,51.904]],"c":true}]},{"i":{"x":0,"y":1},"o":{"x":1,"y":0},"t":45.411,"s":[{"i":[[0,0],[0,28.666],[0,0],[0,0],[28.666,0],[0,0],[0,-28.666],[0,0],[0,0],[-28.666,0]],"o":[[28.666,0],[0,0],[0,0],[0,-28.666],[0,0],[-28.666,0],[0,0],[0,0],[0,28.666],[0,0]],"v":[[107.096,52],[159,0.096],[159,-0.096],[159,-0.096],[107.096,-52],[-107.096,-52],[-159,-0.096],[-159,-0.096],[-159,0.096],[-107.096,52]],"c":true}]},{"i":{"x":0,"y":1},"o":{"x":1,"y":0},"t":56,"s":[{"i":[[0,0],[0,28.666],[0,0],[0,0],[28.666,0],[0,0],[0,-0.983],[0,0],[0,0],[-0.983,0]],"o":[[28.666,0],[0,0],[0,0],[0,-28.666],[0,0],[-0.983,0],[0,0],[0,0],[0,0.983],[0,0]],"v":[[107.096,52],[159,0.096],[159,-0.096],[159,-0.096],[107.096,-52],[-157.219,-52],[-159,-50.219],[-159,-0.096],[-159,50.219],[-157.219,52]],"c":true}]},{"t":66.6175027133864,"s":[{"i":[[0,0],[0,2.041],[0,0],[0,0],[2.041,0],[0,0],[0,-0.983],[0,0],[0,0],[-0.983,0]],"o":[[2.041,0],[0,0],[0,0],[0,-2.041],[0,0],[-0.983,0],[0,0],[0,0],[0,0.983],[0,0]],"v":[[155.304,52],[159,48.304],[159,-0.096],[159,-48.304],[155.304,-52],[-157.219,-52],[-159,-50.219],[-159,-0.096],[-159,50.219],[-157.219,52]],"c":true}]}],"ix":2},"nm":"Pfad 1","mn":"ADBE Vector Shape - Group","hd":false},{"ty":"fl","c":{"a":0,"k":[1,0,0,1],"ix":4},"o":{"a":0,"k":100,"ix":5},"r":1,"bm":0,"nm":"FlÃÂ¤che 1","mn":"ADBE Vector Graphic - Fill","hd":false},{"ty":"tr","p":{"a":0,"k":[0,-0.096],"ix":2},"a":{"a":0,"k":[0,-0.096],"ix":1},"s":{"a":0,"k":[100,100],"ix":3},"r":{"a":0,"k":0,"ix":6},"o":{"a":0,"k":100,"ix":7},"sk":{"a":0,"k":0,"ix":4},"sa":{"a":0,"k":0,"ix":5},"nm":"Transformieren"}],"nm":"Gruppe 1","np":2,"cix":2,"bm":0,"ix":3,"mn":"ADBE Vector Group","hd":false}],"ip":0,"op":1008.00004105668,"st":0,"bm":0}],"markers":[]}