{"v":"5.4.4","fr":23,"ip":0,"op":80,"w":1080,"h":1080,"nm":"Helix_Line-03","ddd":0,"assets":[{"id":"comp_0","layers":[{"ddd":0,"ind":1,"ty":3,"nm":"Null 10","sr":1,"ks":{"o":{"a":0,"k":0,"ix":11},"r":{"a":1,"k":[{"i":{"x":[0.182],"y":[1]},"o":{"x":[0.828],"y":[0]},"t":10,"s":[0],"e":[180]},{"t":65}],"ix":10},"p":{"a":0,"k":[540,540,0],"ix":2},"a":{"a":0,"k":[0,0,0],"ix":1},"s":{"a":0,"k":[100,100,100],"ix":6}},"ao":0,"ef":[{"ty":34,"nm":"Puppet","np":6,"mn":"ADBE FreePin3","ix":1,"en":1,"ef":[{"ty":7,"nm":"Puppet Engine","mn":"ADBE FreePin3 Puppet Engine","ix":1,"v":{"a":0,"k":2,"ix":1}},{"ty":0,"nm":"Mesh Rotation Refinement","mn":"ADBE FreePin3 Auto Rotate Pins","ix":2,"v":{"a":0,"k":20,"ix":2}},{"ty":7,"nm":"On Transparent","mn":"ADBE FreePin3 On Transparent","ix":3,"v":{"a":0,"k":0,"ix":3}},{"ty":23,"nm":"arap","np":3,"mn":"ADBE FreePin3 ARAP Group","ix":4,"en":1,"ef":[{"ty":6,"nm":"Auto-traced Shapes","mn":"ADBE FreePin3 Outlines","ix":1,"v":0},{"ty":1,"nm":"Mesh","np":1,"mn":"ADBE FreePin3 Mesh Group","ix":2,"en":1,"ef":[]}]}]}],"ip":0,"op":1380,"st":0,"bm":0},{"ddd":0,"ind":2,"ty":0,"nm":"JSON","parent":1,"refId":"comp_1","sr":1,"ks":{"o":{"a":0,"k":100,"ix":11},"r":{"a":0,"k":0,"ix":10},"p":{"a":0,"k":[0,0,0],"ix":2},"a":{"a":0,"k":[540,540,0],"ix":1},"s":{"a":0,"k":[100,100,100],"ix":6}},"ao":0,"w":1080,"h":1080,"ip":0,"op":1380,"st":0,"bm":0},{"ddd":0,"ind":3,"ty":1,"nm":"White Solid 1","sr":1,"ks":{"o":{"a":0,"k":100,"ix":11},"r":{"a":0,"k":0,"ix":10},"p":{"a":0,"k":[541,540,0],"ix":2},"a":{"a":0,"k":[540,540,0],"ix":1},"s":{"a":0,"k":[100,100,100],"ix":6}},"ao":0,"sw":1080,"sh":1080,"sc":"#ffffff","ip":0,"op":1380,"st":0,"bm":0}]},{"id":"comp_1","layers":[{"ddd":0,"ind":1,"ty":0,"nm":"Helix_Line-05","refId":"comp_2","sr":1,"ks":{"o":{"a":0,"k":100,"ix":11},"r":{"a":0,"k":0,"ix":10},"p":{"a":0,"k":[540,288,0],"ix":2},"a":{"a":0,"k":[960,540,0],"ix":1},"s":{"a":0,"k":[100,100,100],"ix":6}},"ao":0,"w":1920,"h":1080,"ip":0,"op":1380,"st":0,"bm":0},{"ddd":0,"ind":2,"ty":0,"nm":"Helix_Line-05","refId":"comp_2","sr":1,"ks":{"o":{"a":0,"k":100,"ix":11},"r":{"a":0,"k":0,"ix":10},"p":{"a":0,"k":[540,388,0],"ix":2},"a":{"a":0,"k":[960,540,0],"ix":1},"s":{"a":0,"k":[100,100,100],"ix":6}},"ao":0,"w":1920,"h":1080,"ip":3,"op":1383,"st":3,"bm":0},{"ddd":0,"ind":3,"ty":0,"nm":"Helix_Line-05","refId":"comp_2","sr":1,"ks":{"o":{"a":0,"k":100,"ix":11},"r":{"a":0,"k":0,"ix":10},"p":{"a":0,"k":[540,488,0],"ix":2},"a":{"a":0,"k":[960,540,0],"ix":1},"s":{"a":0,"k":[100,100,100],"ix":6}},"ao":0,"w":1920,"h":1080,"ip":6,"op":1386,"st":6,"bm":0},{"ddd":0,"ind":4,"ty":0,"nm":"Helix_Line-05","refId":"comp_2","sr":1,"ks":{"o":{"a":0,"k":100,"ix":11},"r":{"a":0,"k":0,"ix":10},"p":{"a":0,"k":[540,588,0],"ix":2},"a":{"a":0,"k":[960,540,0],"ix":1},"s":{"a":0,"k":[100,100,100],"ix":6}},"ao":0,"w":1920,"h":1080,"ip":9,"op":1389,"st":9,"bm":0},{"ddd":0,"ind":5,"ty":0,"nm":"Helix_Line-05","refId":"comp_2","sr":1,"ks":{"o":{"a":0,"k":100,"ix":11},"r":{"a":0,"k":0,"ix":10},"p":{"a":0,"k":[540,688,0],"ix":2},"a":{"a":0,"k":[960,540,0],"ix":1},"s":{"a":0,"k":[100,100,100],"ix":6}},"ao":0,"w":1920,"h":1080,"ip":12,"op":1392,"st":12,"bm":0},{"ddd":0,"ind":6,"ty":0,"nm":"Helix_Line-05","refId":"comp_2","sr":1,"ks":{"o":{"a":0,"k":100,"ix":11},"r":{"a":0,"k":0,"ix":10},"p":{"a":0,"k":[540,788,0],"ix":2},"a":{"a":0,"k":[960,540,0],"ix":1},"s":{"a":0,"k":[100,100,100],"ix":6}},"ao":0,"w":1920,"h":1080,"ip":15,"op":1395,"st":15,"bm":0}]},{"id":"comp_2","layers":[{"ddd":0,"ind":1,"ty":4,"nm":"Left-Ball 6","sr":1,"ks":{"o":{"a":1,"k":[{"i":{"x":[0.833],"y":[0.833]},"o":{"x":[0.167],"y":[0.167]},"t":10,"s":[0],"e":[0]},{"i":{"x":[0.833],"y":[0.833]},"o":{"x":[0.167],"y":[0.167]},"t":39,"s":[0],"e":[100]},{"i":{"x":[0.833],"y":[0.833]},"o":{"x":[0.167],"y":[0.167]},"t":40,"s":[100],"e":[100]},{"t":50}],"ix":11,"x":"var $bm_rt;\n$bm_rt = loopOut();"},"r":{"a":0,"k":0,"ix":10},"p":{"a":1,"k":[{"i":{"x":0.408,"y":1},"o":{"x":0.812,"y":0},"t":10,"s":[960,540.25,0],"e":[845.125,540.25,0],"to":[-19.146,0,0],"ti":[0,0,0]},{"i":{"x":1,"y":1},"o":{"x":1,"y":0},"t":20,"s":[845.125,540.25,0],"e":[960,540.25,0],"to":[0,0,0],"ti":[0,0,0]},{"i":{"x":0,"y":1},"o":{"x":0,"y":0},"t":30,"s":[960,540.25,0],"e":[845.125,540.25,0],"to":[0,0,0],"ti":[0,0,0]},{"i":{"x":0.405,"y":1},"o":{"x":0.593,"y":0},"t":40,"s":[845.125,540.25,0],"e":[960,540.25,0],"to":[0,0,0],"ti":[-19.146,0,0]},{"t":50}],"ix":2,"x":"var $bm_rt;\n$bm_rt = loopOut();"},"a":{"a":0,"k":[0,-0.25,0],"ix":1},"s":{"a":0,"k":[100,100,100],"ix":6}},"ao":0,"shapes":[{"ty":"gr","it":[{"d":1,"ty":"el","s":{"a":0,"k":[71.5,71.5],"ix":2},"p":{"a":0,"k":[0,0],"ix":3},"nm":"Ellipse Path 1","mn":"ADBE Vector Shape - Ellipse","hd":false},{"ty":"st","c":{"a":0,"k":[1,0.7607843137254902,0,1],"ix":3},"o":{"a":0,"k":100,"ix":4},"w":{"a":0,"k":0,"ix":5},"lc":1,"lj":1,"ml":4,"bm":0,"nm":"Stroke 1","mn":"ADBE Vector Graphic - Stroke","hd":false},{"ty":"fl","c":{"a":0,"k":[0.09019607843137255,0.2,0.44313725490196076,1],"ix":4},"o":{"a":0,"k":100,"ix":5},"r":1,"bm":0,"nm":"Fill 1","mn":"ADBE Vector Graphic - Fill","hd":false},{"ty":"tr","p":{"a":0,"k":[0,-0.25],"ix":2},"a":{"a":0,"k":[0,0],"ix":1},"s":{"a":0,"k":[100,100],"ix":3},"r":{"a":0,"k":0,"ix":6},"o":{"a":0,"k":100,"ix":7},"sk":{"a":0,"k":0,"ix":4},"sa":{"a":0,"k":0,"ix":5},"nm":"Transform"}],"nm":"Ellipse 1","np":3,"cix":2,"bm":0,"ix":1,"mn":"ADBE Vector Group","hd":false}],"ip":10,"op":50,"st":10,"bm":0},{"ddd":0,"ind":2,"ty":4,"nm":"Left-Ball 5","sr":1,"ks":{"o":{"a":1,"k":[{"i":{"x":[0.833],"y":[0.833]},"o":{"x":[0.167],"y":[0.167]},"t":10,"s":[0],"e":[0]},{"i":{"x":[0.833],"y":[0.833]},"o":{"x":[0.167],"y":[0.167]},"t":19,"s":[0],"e":[100]},{"i":{"x":[0.833],"y":[0.833]},"o":{"x":[0.167],"y":[0.167]},"t":20,"s":[100],"e":[100]},{"i":{"x":[0.833],"y":[0.833]},"o":{"x":[0.167],"y":[0.167]},"t":29,"s":[100],"e":[0]},{"i":{"x":[0.833],"y":[0.833]},"o":{"x":[0.167],"y":[0.167]},"t":30,"s":[0],"e":[0]},{"t":50}],"ix":11,"x":"var $bm_rt;\n$bm_rt = loopOut();"},"r":{"a":0,"k":0,"ix":10},"p":{"a":1,"k":[{"i":{"x":0.408,"y":1},"o":{"x":0.812,"y":0},"t":10,"s":[960,540.25,0],"e":[845.125,540.25,0],"to":[-19.146,0,0],"ti":[0,0,0]},{"i":{"x":1,"y":1},"o":{"x":1,"y":0},"t":20,"s":[845.125,540.25,0],"e":[960,540.25,0],"to":[0,0,0],"ti":[0,0,0]},{"i":{"x":0,"y":1},"o":{"x":0,"y":0},"t":30,"s":[960,540.25,0],"e":[845.125,540.25,0],"to":[0,0,0],"ti":[0,0,0]},{"i":{"x":0.405,"y":1},"o":{"x":0.593,"y":0},"t":40,"s":[845.125,540.25,0],"e":[960,540.25,0],"to":[0,0,0],"ti":[-19.146,0,0]},{"t":50}],"ix":2,"x":"var $bm_rt;\n$bm_rt = loopOut();"},"a":{"a":0,"k":[0,-0.25,0],"ix":1},"s":{"a":0,"k":[100,100,100],"ix":6}},"ao":0,"shapes":[{"ty":"gr","it":[{"d":1,"ty":"el","s":{"a":0,"k":[71.5,71.5],"ix":2},"p":{"a":0,"k":[0,0],"ix":3},"nm":"Ellipse Path 1","mn":"ADBE Vector Shape - Ellipse","hd":false},{"ty":"st","c":{"a":0,"k":[1,0.7607843137254902,0,1],"ix":3},"o":{"a":0,"k":100,"ix":4},"w":{"a":0,"k":0,"ix":5},"lc":1,"lj":1,"ml":4,"bm":0,"nm":"Stroke 1","mn":"ADBE Vector Graphic - Stroke","hd":false},{"ty":"fl","c":{"a":0,"k":[0.09019607843137255,0.2,0.44313725490196076,1],"ix":4},"o":{"a":0,"k":100,"ix":5},"r":1,"bm":0,"nm":"Fill 1","mn":"ADBE Vector Graphic - Fill","hd":false},{"ty":"tr","p":{"a":0,"k":[0,-0.25],"ix":2},"a":{"a":0,"k":[0,0],"ix":1},"s":{"a":0,"k":[100,100],"ix":3},"r":{"a":0,"k":0,"ix":6},"o":{"a":0,"k":100,"ix":7},"sk":{"a":0,"k":0,"ix":4},"sa":{"a":0,"k":0,"ix":5},"nm":"Transform"}],"nm":"Ellipse 1","np":3,"cix":2,"bm":0,"ix":1,"mn":"ADBE Vector Group","hd":false}],"ip":10,"op":50,"st":10,"bm":0},{"ddd":0,"ind":3,"ty":4,"nm":"Right-Ball 11","sr":-1,"ks":{"o":{"a":0,"k":100,"ix":11},"r":{"a":0,"k":0,"ix":10},"p":{"a":0,"k":[960,540.25,0],"ix":2},"a":{"a":0,"k":[0,-0.25,0],"ix":1},"s":{"a":1,"k":[{"i":{"x":[0.2,0.2,0.667],"y":[1,1,1]},"o":{"x":[0.104,0.104,0.333],"y":[0,0,0]},"t":59.992,"s":[0,0,100],"e":[130,130,100]},{"i":{"x":[0.667,0.667,0.667],"y":[1,1,1]},"o":{"x":[1,1,0.333],"y":[0,0,0]},"t":54.992,"s":[130,130,100],"e":[100,100,100]},{"t":50.9923333333333}],"ix":6}},"ao":0,"shapes":[{"ty":"gr","it":[{"d":1,"ty":"el","s":{"a":0,"k":[71.5,71.5],"ix":2},"p":{"a":0,"k":[0,0],"ix":3},"nm":"Ellipse Path 1","mn":"ADBE Vector Shape - Ellipse","hd":false},{"ty":"st","c":{"a":0,"k":[1,0.7607843137254902,0,1],"ix":3},"o":{"a":0,"k":100,"ix":4},"w":{"a":0,"k":0,"ix":5},"lc":1,"lj":1,"ml":4,"bm":0,"nm":"Stroke 1","mn":"ADBE Vector Graphic - Stroke","hd":false},{"ty":"fl","c":{"a":0,"k":[0.09019607843137255,0.2,0.44313725490196076,1],"ix":4},"o":{"a":0,"k":100,"ix":5},"r":1,"bm":0,"nm":"Fill 1","mn":"ADBE Vector Graphic - Fill","hd":false},{"ty":"tr","p":{"a":0,"k":[0,-0.25],"ix":2},"a":{"a":0,"k":[0,0],"ix":1},"s":{"a":0,"k":[100,100],"ix":3},"r":{"a":0,"k":0,"ix":6},"o":{"a":0,"k":100,"ix":7},"sk":{"a":0,"k":0,"ix":4},"sa":{"a":0,"k":0,"ix":5},"nm":"Transform"}],"nm":"Ellipse 1","np":3,"cix":2,"bm":0,"ix":1,"mn":"ADBE Vector Group","hd":false}],"ip":59.9923333333333,"op":49.9923333333333,"st":50,"bm":0},{"ddd":0,"ind":4,"ty":4,"nm":"Right-Ball 10","sr":1,"ks":{"o":{"a":0,"k":100,"ix":11},"r":{"a":0,"k":0,"ix":10},"p":{"a":0,"k":[960,540.25,0],"ix":2},"a":{"a":0,"k":[0,-0.25,0],"ix":1},"s":{"a":1,"k":[{"i":{"x":[0.2,0.2,0.667],"y":[1,1,1]},"o":{"x":[0.104,0.104,0.333],"y":[0,0,0]},"t":0,"s":[0,0,100],"e":[130,130,100]},{"i":{"x":[0.667,0.667,0.667],"y":[1,1,1]},"o":{"x":[1,1,0.333],"y":[0,0,0]},"t":5,"s":[130,130,100],"e":[100,100,100]},{"t":9}],"ix":6}},"ao":0,"shapes":[{"ty":"gr","it":[{"d":1,"ty":"el","s":{"a":0,"k":[71.5,71.5],"ix":2},"p":{"a":0,"k":[0,0],"ix":3},"nm":"Ellipse Path 1","mn":"ADBE Vector Shape - Ellipse","hd":false},{"ty":"st","c":{"a":0,"k":[1,0.7607843137254902,0,1],"ix":3},"o":{"a":0,"k":100,"ix":4},"w":{"a":0,"k":0,"ix":5},"lc":1,"lj":1,"ml":4,"bm":0,"nm":"Stroke 1","mn":"ADBE Vector Graphic - Stroke","hd":false},{"ty":"fl","c":{"a":0,"k":[0.09019607843137255,0.2,0.44313725490196076,1],"ix":4},"o":{"a":0,"k":100,"ix":5},"r":1,"bm":0,"nm":"Fill 1","mn":"ADBE Vector Graphic - Fill","hd":false},{"ty":"tr","p":{"a":0,"k":[0,-0.25],"ix":2},"a":{"a":0,"k":[0,0],"ix":1},"s":{"a":0,"k":[100,100],"ix":3},"r":{"a":0,"k":0,"ix":6},"o":{"a":0,"k":100,"ix":7},"sk":{"a":0,"k":0,"ix":4},"sa":{"a":0,"k":0,"ix":5},"nm":"Transform"}],"nm":"Ellipse 1","np":3,"cix":2,"bm":0,"ix":1,"mn":"ADBE Vector Group","hd":false}],"ip":0,"op":10,"st":10,"bm":0},{"ddd":0,"ind":6,"ty":4,"nm":"Right-Ball 3","sr":1,"ks":{"o":{"a":1,"k":[{"i":{"x":[0.833],"y":[0.833]},"o":{"x":[0.167],"y":[0.167]},"t":10,"s":[100],"e":[100]},{"i":{"x":[0.833],"y":[0.833]},"o":{"x":[0.167],"y":[0.167]},"t":19,"s":[100],"e":[0]},{"i":{"x":[0.833],"y":[0.833]},"o":{"x":[0.167],"y":[0.167]},"t":20,"s":[0],"e":[0]},{"i":{"x":[0.833],"y":[0.833]},"o":{"x":[0.167],"y":[0.167]},"t":30,"s":[0],"e":[0]},{"t":50}],"ix":11,"x":"var $bm_rt;\n$bm_rt = loopOut();"},"r":{"a":0,"k":0,"ix":10},"p":{"a":1,"k":[{"i":{"x":0.408,"y":1},"o":{"x":0.812,"y":0},"t":10,"s":[960,540.25,0],"e":[1075.75,540.063,0],"to":[19.292,-0.031,0],"ti":[0.521,0,0]},{"i":{"x":1,"y":1},"o":{"x":1,"y":0},"t":20,"s":[1075.75,540.063,0],"e":[956.875,540.25,0],"to":[-0.521,0,0],"ti":[0,0,0]},{"i":{"x":0,"y":1},"o":{"x":0,"y":0},"t":30,"s":[956.875,540.25,0],"e":[1075.75,540.063,0],"to":[0,0,0],"ti":[-0.521,0,0]},{"i":{"x":0.405,"y":1},"o":{"x":0.593,"y":0},"t":40,"s":[1075.75,540.063,0],"e":[960,540.25,0],"to":[0.521,0,0],"ti":[19.292,-0.031,0]},{"t":50}],"ix":2,"x":"var $bm_rt;\n$bm_rt = loopOut();"},"a":{"a":0,"k":[0,-0.25,0],"ix":1},"s":{"a":0,"k":[100,100,100],"ix":6}},"ao":0,"shapes":[{"ty":"gr","it":[{"d":1,"ty":"el","s":{"a":0,"k":[71.5,71.5],"ix":2},"p":{"a":0,"k":[0,0],"ix":3},"nm":"Ellipse Path 1","mn":"ADBE Vector Shape - Ellipse","hd":false},{"ty":"st","c":{"a":0,"k":[1,0.7607843137254902,0,1],"ix":3},"o":{"a":0,"k":100,"ix":4},"w":{"a":0,"k":0,"ix":5},"lc":1,"lj":1,"ml":4,"bm":0,"nm":"Stroke 1","mn":"ADBE Vector Graphic - Stroke","hd":false},{"ty":"fl","c":{"a":0,"k":[0.09019607843137255,0.2,0.44313725490196076,1],"ix":4},"o":{"a":0,"k":100,"ix":5},"r":1,"bm":0,"nm":"Fill 1","mn":"ADBE Vector Graphic - Fill","hd":false},{"ty":"tr","p":{"a":0,"k":[0,-0.25],"ix":2},"a":{"a":0,"k":[0,0],"ix":1},"s":{"a":0,"k":[100,100],"ix":3},"r":{"a":0,"k":0,"ix":6},"o":{"a":0,"k":100,"ix":7},"sk":{"a":0,"k":0,"ix":4},"sa":{"a":0,"k":0,"ix":5},"nm":"Transform"}],"nm":"Ellipse 1","np":3,"cix":2,"bm":0,"ix":1,"mn":"ADBE Vector Group","hd":false}],"ip":10,"op":50,"st":10,"bm":0},{"ddd":0,"ind":7,"ty":4,"nm":"Right-Ball 6","sr":1,"ks":{"o":{"a":1,"k":[{"i":{"x":[0.833],"y":[0.833]},"o":{"x":[0.167],"y":[0.167]},"t":10,"s":[0],"e":[0]},{"i":{"x":[0.833],"y":[0.833]},"o":{"x":[0.167],"y":[0.167]},"t":29,"s":[0],"e":[100]},{"i":{"x":[0.833],"y":[0.833]},"o":{"x":[0.167],"y":[0.167]},"t":30,"s":[100],"e":[100]},{"i":{"x":[0.833],"y":[0.833]},"o":{"x":[0.167],"y":[0.167]},"t":40,"s":[100],"e":[0]},{"i":{"x":[0.833],"y":[0.833]},"o":{"x":[0.167],"y":[0.167]},"t":41,"s":[0],"e":[0]},{"t":50}],"ix":11,"x":"var $bm_rt;\n$bm_rt = loopOut();"},"r":{"a":0,"k":0,"ix":10},"p":{"a":1,"k":[{"i":{"x":0.408,"y":1},"o":{"x":0.812,"y":0},"t":10,"s":[960,540.25,0],"e":[1075.75,540.063,0],"to":[19.292,-0.031,0],"ti":[0.521,0,0]},{"i":{"x":1,"y":1},"o":{"x":1,"y":0},"t":20,"s":[1075.75,540.063,0],"e":[956.875,540.25,0],"to":[-0.521,0,0],"ti":[0,0,0]},{"i":{"x":0,"y":1},"o":{"x":0,"y":0},"t":30,"s":[956.875,540.25,0],"e":[1075.75,540.063,0],"to":[0,0,0],"ti":[-0.521,0,0]},{"i":{"x":0.405,"y":1},"o":{"x":0.593,"y":0},"t":40,"s":[1075.75,540.063,0],"e":[960,540.25,0],"to":[0.521,0,0],"ti":[19.292,-0.031,0]},{"t":50}],"ix":2,"x":"var $bm_rt;\n$bm_rt = loopOut();"},"a":{"a":0,"k":[0,-0.25,0],"ix":1},"s":{"a":0,"k":[100,100,100],"ix":6}},"ao":0,"shapes":[{"ty":"gr","it":[{"d":1,"ty":"el","s":{"a":0,"k":[71.5,71.5],"ix":2},"p":{"a":0,"k":[0,0],"ix":3},"nm":"Ellipse Path 1","mn":"ADBE Vector Shape - Ellipse","hd":false},{"ty":"st","c":{"a":0,"k":[1,0.7607843137254902,0,1],"ix":3},"o":{"a":0,"k":100,"ix":4},"w":{"a":0,"k":0,"ix":5},"lc":1,"lj":1,"ml":4,"bm":0,"nm":"Stroke 1","mn":"ADBE Vector Graphic - Stroke","hd":false},{"ty":"fl","c":{"a":0,"k":[0.09019607843137255,0.2,0.44313725490196076,1],"ix":4},"o":{"a":0,"k":100,"ix":5},"r":1,"bm":0,"nm":"Fill 1","mn":"ADBE Vector Graphic - Fill","hd":false},{"ty":"tr","p":{"a":0,"k":[0,-0.25],"ix":2},"a":{"a":0,"k":[0,0],"ix":1},"s":{"a":0,"k":[100,100],"ix":3},"r":{"a":0,"k":0,"ix":6},"o":{"a":0,"k":100,"ix":7},"sk":{"a":0,"k":0,"ix":4},"sa":{"a":0,"k":0,"ix":5},"nm":"Transform"}],"nm":"Ellipse 1","np":3,"cix":2,"bm":0,"ix":1,"mn":"ADBE Vector Group","hd":false}],"ip":10,"op":50,"st":10,"bm":0},{"ddd":0,"ind":8,"ty":4,"nm":"Helix Base","sr":1,"ks":{"o":{"a":0,"k":100,"ix":11},"r":{"a":0,"k":0,"ix":10},"p":{"a":0,"k":[960,540,0],"ix":2},"a":{"a":0,"k":[0,0,0],"ix":1},"s":{"a":0,"k":[100,100,100],"ix":6}},"ao":0,"shapes":[{"ty":"gr","it":[{"ind":0,"ty":"sh","ix":1,"ks":{"a":0,"k":{"i":[[0,0],[0,0]],"o":[[0,0],[0,0]],"v":[[-78.75,0.25],[79.75,0.25]],"c":false},"ix":2},"nm":"Path 1","mn":"ADBE Vector Shape - Group","hd":false},{"ty":"st","c":{"a":0,"k":[1,0.7607843137254902,0,1],"ix":3},"o":{"a":0,"k":100,"ix":4},"w":{"a":0,"k":30,"ix":5},"lc":2,"lj":1,"ml":4,"bm":0,"nm":"Stroke 1","mn":"ADBE Vector Graphic - Stroke","hd":false},{"ty":"fl","c":{"a":0,"k":[0.09019607843137255,0.2,0.44313725490196076,1],"ix":4},"o":{"a":0,"k":100,"ix":5},"r":1,"bm":0,"nm":"Fill 1","mn":"ADBE Vector Graphic - Fill","hd":false},{"ty":"tr","p":{"a":0,"k":[0,0],"ix":2},"a":{"a":0,"k":[0,0],"ix":1},"s":{"a":0,"k":[100,100],"ix":3},"r":{"a":0,"k":0,"ix":6},"o":{"a":0,"k":100,"ix":7},"sk":{"a":0,"k":0,"ix":4},"sa":{"a":0,"k":0,"ix":5},"nm":"Transform"}],"nm":"Shape 1","np":3,"cix":2,"bm":0,"ix":1,"mn":"ADBE Vector Group","hd":false},{"ty":"tm","s":{"a":1,"k":[{"i":{"x":[0.408],"y":[1]},"o":{"x":[0.812],"y":[0.023]},"t":10,"s":[50],"e":[0]},{"i":{"x":[1],"y":[1]},"o":{"x":[1],"y":[0]},"t":20,"s":[0],"e":[50]},{"i":{"x":[0],"y":[0.972]},"o":{"x":[0],"y":[0]},"t":30,"s":[50],"e":[0]},{"i":{"x":[0.405],"y":[1]},"o":{"x":[0.593],"y":[0]},"t":40,"s":[0],"e":[50]},{"t":50}],"ix":1,"x":"var $bm_rt;\n$bm_rt = loopOut();"},"e":{"a":1,"k":[{"i":{"x":[0.408],"y":[1]},"o":{"x":[0.812],"y":[-0.023]},"t":10,"s":[50],"e":[100]},{"i":{"x":[1],"y":[1]},"o":{"x":[1],"y":[0]},"t":20,"s":[100],"e":[50]},{"i":{"x":[0],"y":[1.028]},"o":{"x":[0],"y":[0]},"t":30,"s":[50],"e":[100]},{"i":{"x":[0.405],"y":[1]},"o":{"x":[0.593],"y":[0]},"t":40,"s":[100],"e":[50]},{"t":50}],"ix":2,"x":"var $bm_rt;\n$bm_rt = loopOut();"},"o":{"a":0,"k":0,"ix":3},"m":1,"ix":2,"nm":"Trim Paths 1","mn":"ADBE Vector Filter - Trim","hd":false}],"ip":10,"op":50,"st":10,"bm":0},{"ddd":0,"ind":9,"ty":4,"nm":"Right-Ball 7","sr":1,"ks":{"o":{"a":1,"k":[{"i":{"x":[0.833],"y":[0.833]},"o":{"x":[0.167],"y":[0.167]},"t":10,"s":[100],"e":[100]},{"i":{"x":[0.833],"y":[0.833]},"o":{"x":[0.167],"y":[0.167]},"t":19,"s":[100],"e":[100]},{"i":{"x":[0.833],"y":[0.833]},"o":{"x":[0.167],"y":[0.167]},"t":20,"s":[100],"e":[100]},{"i":{"x":[0.833],"y":[0.833]},"o":{"x":[0.167],"y":[0.167]},"t":29,"s":[100],"e":[0]},{"i":{"x":[0.833],"y":[0.833]},"o":{"x":[0.167],"y":[0.167]},"t":30,"s":[0],"e":[0]},{"t":50}],"ix":11,"x":"var $bm_rt;\n$bm_rt = loopOut();"},"r":{"a":0,"k":0,"ix":10},"p":{"a":1,"k":[{"i":{"x":0.408,"y":1},"o":{"x":0.812,"y":0},"t":10,"s":[960,540.25,0],"e":[1075.75,540.063,0],"to":[19.292,-0.031,0],"ti":[0.521,0,0]},{"i":{"x":1,"y":1},"o":{"x":1,"y":0},"t":20,"s":[1075.75,540.063,0],"e":[956.875,540.25,0],"to":[-0.521,0,0],"ti":[0,0,0]},{"i":{"x":0,"y":1},"o":{"x":0,"y":0},"t":30,"s":[956.875,540.25,0],"e":[1075.75,540.063,0],"to":[0,0,0],"ti":[-0.521,0,0]},{"i":{"x":0.405,"y":1},"o":{"x":0.593,"y":0},"t":40,"s":[1075.75,540.063,0],"e":[960,540.25,0],"to":[0.521,0,0],"ti":[19.292,-0.031,0]},{"t":50}],"ix":2,"x":"var $bm_rt;\n$bm_rt = loopOut();"},"a":{"a":0,"k":[0,-0.25,0],"ix":1},"s":{"a":0,"k":[100,100,100],"ix":6}},"ao":0,"shapes":[{"ty":"gr","it":[{"d":1,"ty":"el","s":{"a":0,"k":[71.5,71.5],"ix":2},"p":{"a":0,"k":[0,0],"ix":3},"nm":"Ellipse Path 1","mn":"ADBE Vector Shape - Ellipse","hd":false},{"ty":"st","c":{"a":0,"k":[1,0.7607843137254902,0,1],"ix":3},"o":{"a":0,"k":100,"ix":4},"w":{"a":0,"k":0,"ix":5},"lc":1,"lj":1,"ml":4,"bm":0,"nm":"Stroke 1","mn":"ADBE Vector Graphic - Stroke","hd":false},{"ty":"fl","c":{"a":0,"k":[0.09019607843137255,0.2,0.44313725490196076,1],"ix":4},"o":{"a":0,"k":100,"ix":5},"r":1,"bm":0,"nm":"Fill 1","mn":"ADBE Vector Graphic - Fill","hd":false},{"ty":"tr","p":{"a":0,"k":[0,-0.25],"ix":2},"a":{"a":0,"k":[0,0],"ix":1},"s":{"a":0,"k":[100,100],"ix":3},"r":{"a":0,"k":0,"ix":6},"o":{"a":0,"k":100,"ix":7},"sk":{"a":0,"k":0,"ix":4},"sa":{"a":0,"k":0,"ix":5},"nm":"Transform"}],"nm":"Ellipse 1","np":3,"cix":2,"bm":0,"ix":1,"mn":"ADBE Vector Group","hd":false}],"ip":10,"op":50,"st":10,"bm":0},{"ddd":0,"ind":10,"ty":4,"nm":"Right-Ball 5","sr":1,"ks":{"o":{"a":1,"k":[{"i":{"x":[0.833],"y":[0.833]},"o":{"x":[0.167],"y":[0.167]},"t":10,"s":[0],"e":[0]},{"i":{"x":[0.833],"y":[0.833]},"o":{"x":[0.167],"y":[0.167]},"t":29,"s":[0],"e":[100]},{"i":{"x":[0.833],"y":[0.833]},"o":{"x":[0.167],"y":[0.167]},"t":30,"s":[100],"e":[100]},{"i":{"x":[0.833],"y":[0.833]},"o":{"x":[0.167],"y":[0.167]},"t":40,"s":[100],"e":[100]},{"i":{"x":[0.833],"y":[0.833]},"o":{"x":[0.167],"y":[0.167]},"t":41,"s":[100],"e":[100]},{"t":50}],"ix":11,"x":"var $bm_rt;\n$bm_rt = loopOut();"},"r":{"a":0,"k":0,"ix":10},"p":{"a":1,"k":[{"i":{"x":0.408,"y":1},"o":{"x":0.812,"y":0},"t":10,"s":[960,540.25,0],"e":[1075.75,540.063,0],"to":[19.292,-0.031,0],"ti":[0.521,0,0]},{"i":{"x":1,"y":1},"o":{"x":1,"y":0},"t":20,"s":[1075.75,540.063,0],"e":[956.875,540.25,0],"to":[-0.521,0,0],"ti":[0,0,0]},{"i":{"x":0,"y":0.995},"o":{"x":0,"y":0},"t":30,"s":[956.875,540.25,0],"e":[1075.75,540.063,0],"to":[0,0,0],"ti":[-0.521,0,0]},{"i":{"x":0.405,"y":1},"o":{"x":0.593,"y":0},"t":40,"s":[1075.75,540.063,0],"e":[960,540.25,0],"to":[0.521,0,0],"ti":[19.292,-0.031,0]},{"t":50}],"ix":2,"x":"var $bm_rt;\n$bm_rt = loopOut();"},"a":{"a":0,"k":[0,-0.25,0],"ix":1},"s":{"a":0,"k":[100,100,100],"ix":6}},"ao":0,"shapes":[{"ty":"gr","it":[{"d":1,"ty":"el","s":{"a":0,"k":[71.5,71.5],"ix":2},"p":{"a":0,"k":[0,0],"ix":3},"nm":"Ellipse Path 1","mn":"ADBE Vector Shape - Ellipse","hd":false},{"ty":"st","c":{"a":0,"k":[1,0.7607843137254902,0,1],"ix":3},"o":{"a":0,"k":100,"ix":4},"w":{"a":0,"k":0,"ix":5},"lc":1,"lj":1,"ml":4,"bm":0,"nm":"Stroke 1","mn":"ADBE Vector Graphic - Stroke","hd":false},{"ty":"fl","c":{"a":0,"k":[0.09019607843137255,0.2,0.44313725490196076,1],"ix":4},"o":{"a":0,"k":100,"ix":5},"r":1,"bm":0,"nm":"Fill 1","mn":"ADBE Vector Graphic - Fill","hd":false},{"ty":"tr","p":{"a":0,"k":[0,-0.25],"ix":2},"a":{"a":0,"k":[0,0],"ix":1},"s":{"a":0,"k":[100,100],"ix":3},"r":{"a":0,"k":0,"ix":6},"o":{"a":0,"k":100,"ix":7},"sk":{"a":0,"k":0,"ix":4},"sa":{"a":0,"k":0,"ix":5},"nm":"Transform"}],"nm":"Ellipse 1","np":3,"cix":2,"bm":0,"ix":1,"mn":"ADBE Vector Group","hd":false}],"ip":10,"op":50,"st":10,"bm":0},{"ddd":0,"ind":11,"ty":4,"nm":"Left-Ball 3","sr":1,"ks":{"o":{"a":1,"k":[{"i":{"x":[0.833],"y":[0.833]},"o":{"x":[0.167],"y":[0.167]},"t":10,"s":[100],"e":[100]},{"i":{"x":[0.833],"y":[0.833]},"o":{"x":[0.167],"y":[0.167]},"t":29,"s":[100],"e":[0]},{"i":{"x":[0.833],"y":[0.833]},"o":{"x":[0.167],"y":[0.167]},"t":30,"s":[0],"e":[0]},{"t":50}],"ix":11,"x":"var $bm_rt;\n$bm_rt = loopOut();"},"r":{"a":0,"k":0,"ix":10},"p":{"a":1,"k":[{"i":{"x":0.408,"y":1},"o":{"x":0.812,"y":0},"t":10,"s":[960,540.25,0],"e":[845.125,540.25,0],"to":[-19.146,0,0],"ti":[0,0,0]},{"i":{"x":1,"y":1},"o":{"x":1,"y":0},"t":20,"s":[845.125,540.25,0],"e":[960,540.25,0],"to":[0,0,0],"ti":[0,0,0]},{"i":{"x":0,"y":0.995},"o":{"x":0,"y":0},"t":30,"s":[960,540.25,0],"e":[845.125,540.25,0],"to":[0,0,0],"ti":[0,0,0]},{"i":{"x":0.405,"y":1},"o":{"x":0.593,"y":0},"t":40,"s":[845.125,540.25,0],"e":[960,540.25,0],"to":[0,0,0],"ti":[-19.146,0,0]},{"t":50}],"ix":2,"x":"var $bm_rt;\n$bm_rt = loopOut();"},"a":{"a":0,"k":[0,-0.25,0],"ix":1},"s":{"a":0,"k":[100,100,100],"ix":6}},"ao":0,"shapes":[{"ty":"gr","it":[{"d":1,"ty":"el","s":{"a":0,"k":[71.5,71.5],"ix":2},"p":{"a":0,"k":[0,0],"ix":3},"nm":"Ellipse Path 1","mn":"ADBE Vector Shape - Ellipse","hd":false},{"ty":"st","c":{"a":0,"k":[1,0.7607843137254902,0,1],"ix":3},"o":{"a":0,"k":100,"ix":4},"w":{"a":0,"k":0,"ix":5},"lc":1,"lj":1,"ml":4,"bm":0,"nm":"Stroke 1","mn":"ADBE Vector Graphic - Stroke","hd":false},{"ty":"fl","c":{"a":0,"k":[0.09019607843137255,0.2,0.44313725490196076,1],"ix":4},"o":{"a":0,"k":100,"ix":5},"r":1,"bm":0,"nm":"Fill 1","mn":"ADBE Vector Graphic - Fill","hd":false},{"ty":"tr","p":{"a":0,"k":[0,-0.25],"ix":2},"a":{"a":0,"k":[0,0],"ix":1},"s":{"a":0,"k":[100,100],"ix":3},"r":{"a":0,"k":0,"ix":6},"o":{"a":0,"k":100,"ix":7},"sk":{"a":0,"k":0,"ix":4},"sa":{"a":0,"k":0,"ix":5},"nm":"Transform"}],"nm":"Ellipse 1","np":3,"cix":2,"bm":0,"ix":1,"mn":"ADBE Vector Group","hd":false}],"ip":10,"op":50,"st":10,"bm":0},{"ddd":0,"ind":12,"ty":4,"nm":"Left-Ball 4","sr":1,"ks":{"o":{"a":1,"k":[{"i":{"x":[0.833],"y":[0.833]},"o":{"x":[0.167],"y":[0.167]},"t":10,"s":[0],"e":[0]},{"i":{"x":[0.833],"y":[0.833]},"o":{"x":[0.167],"y":[0.167]},"t":29,"s":[0],"e":[100]},{"i":{"x":[0.833],"y":[0.833]},"o":{"x":[0.167],"y":[0.167]},"t":30,"s":[100],"e":[100]},{"t":50}],"ix":11,"x":"var $bm_rt;\n$bm_rt = loopOut();"},"r":{"a":0,"k":0,"ix":10},"p":{"a":1,"k":[{"i":{"x":0.408,"y":1},"o":{"x":0.812,"y":0},"t":10,"s":[960,540.25,0],"e":[845.125,540.25,0],"to":[-19.146,0,0],"ti":[0,0,0]},{"i":{"x":1,"y":1},"o":{"x":1,"y":0},"t":20,"s":[845.125,540.25,0],"e":[960,540.25,0],"to":[0,0,0],"ti":[0,0,0]},{"i":{"x":0,"y":1},"o":{"x":0,"y":0},"t":30,"s":[960,540.25,0],"e":[845.125,540.25,0],"to":[0,0,0],"ti":[0,0,0]},{"i":{"x":0.405,"y":1},"o":{"x":0.593,"y":0},"t":40,"s":[845.125,540.25,0],"e":[960,540.25,0],"to":[0,0,0],"ti":[-19.146,0,0]},{"t":50}],"ix":2,"x":"var $bm_rt;\n$bm_rt = loopOut();"},"a":{"a":0,"k":[0,-0.25,0],"ix":1},"s":{"a":0,"k":[100,100,100],"ix":6}},"ao":0,"shapes":[{"ty":"gr","it":[{"d":1,"ty":"el","s":{"a":0,"k":[71.5,71.5],"ix":2},"p":{"a":0,"k":[0,0],"ix":3},"nm":"Ellipse Path 1","mn":"ADBE Vector Shape - Ellipse","hd":false},{"ty":"st","c":{"a":0,"k":[1,0.7607843137254902,0,1],"ix":3},"o":{"a":0,"k":100,"ix":4},"w":{"a":0,"k":0,"ix":5},"lc":1,"lj":1,"ml":4,"bm":0,"nm":"Stroke 1","mn":"ADBE Vector Graphic - Stroke","hd":false},{"ty":"fl","c":{"a":0,"k":[0.09019607843137255,0.2,0.44313725490196076,1],"ix":4},"o":{"a":0,"k":100,"ix":5},"r":1,"bm":0,"nm":"Fill 1","mn":"ADBE Vector Graphic - Fill","hd":false},{"ty":"tr","p":{"a":0,"k":[0,-0.25],"ix":2},"a":{"a":0,"k":[0,0],"ix":1},"s":{"a":0,"k":[100,100],"ix":3},"r":{"a":0,"k":0,"ix":6},"o":{"a":0,"k":100,"ix":7},"sk":{"a":0,"k":0,"ix":4},"sa":{"a":0,"k":0,"ix":5},"nm":"Transform"}],"nm":"Ellipse 1","np":3,"cix":2,"bm":0,"ix":1,"mn":"ADBE Vector Group","hd":false}],"ip":10,"op":50,"st":10,"bm":0}]}],"layers":[{"ddd":0,"ind":1,"ty":0,"nm":"Helix_JSON","refId":"comp_0","sr":1,"ks":{"o":{"a":0,"k":100,"ix":11},"r":{"a":0,"k":0,"ix":10},"p":{"a":0,"k":[540,540,0],"ix":2},"a":{"a":0,"k":[540,540,0],"ix":1},"s":{"a":0,"k":[100,100,100],"ix":6}},"ao":0,"w":1080,"h":1080,"ip":0,"op":1380,"st":0,"bm":0},{"ddd":0,"ind":2,"ty":1,"nm":"BG","sr":1,"ks":{"o":{"a":0,"k":100,"ix":11},"r":{"a":0,"k":0,"ix":10},"p":{"a":0,"k":[540,540,0],"ix":2},"a":{"a":0,"k":[540,540,0],"ix":1},"s":{"a":0,"k":[100,100,100],"ix":6}},"ao":0,"sw":1080,"sh":1080,"sc":"#ffffff","ip":0,"op":1380,"st":0,"bm":0}],"markers":[]}