{"v":"4.8.0","meta":{"g":"LottieFiles AE 1.0.0","a":"Lynge Olsen Group","k":"analysis, icon, animation","d":"Analysis icon animation","tc":""},"fr":25,"ip":0,"op":101,"w":512,"h":512,"nm":"analysis","ddd":0,"assets":[],"layers":[{"ddd":0,"ind":1,"ty":4,"nm":"Zoom","sr":1,"ks":{"o":{"a":0,"k":100,"ix":11},"r":{"a":0,"k":0,"ix":10},"p":{"a":1,"k":[{"i":{"x":0.3,"y":1},"o":{"x":0.3,"y":0},"t":15,"s":[-264,256,0],"to":[147.849,-93.384,0],"ti":[-143.985,36.065,0]},{"t":80,"s":[256,256,0]}],"ix":2},"a":{"a":0,"k":[256,256,0],"ix":1},"s":{"a":0,"k":[100,100,100],"ix":6}},"ao":0,"shapes":[{"ty":"gr","it":[{"ty":"gr","it":[{"ind":0,"ty":"sh","ix":1,"ks":{"a":0,"k":{"i":[[-5.326,17.156],[7.585,16.1],[3.747,-1.765],[-1.766,-3.747],[4.181,-13.466],[12.287,-7.094],[14.501,3.885],[7.506,13.002],[-26.841,15.497],[-18.071,-13.672],[-2.499,3.304],[3.304,2.499],[24.857,-14.351],[4.923,-18.372],[-9.51,-16.472],[-18.372,-4.924],[-6.185,0],[-10.971,6.335]],"o":[[5.295,-17.056],[-1.766,-3.748],[-3.748,1.766],[5.983,12.7],[-4.204,13.54],[-13.002,7.508],[-14.502,-3.886],[-15.497,-26.841],[19.625,-11.329],[3.304,2.5],[2.499,-3.303],[-22.891,-17.321],[-16.472,9.51],[-4.923,18.372],[9.51,16.473],[6.135,1.644],[12.338,0],[15.567,-8.986]],"v":[[68.207,23.52],[64.655,-27.895],[54.674,-31.484],[51.086,-21.503],[53.882,19.071],[28.309,51.068],[-14.344,56.683],[-48.474,30.495],[-27.9,-46.287],[34.151,-42.43],[44.658,-43.885],[43.202,-54.391],[-35.401,-59.278],[-68.578,-16.04],[-61.465,37.993],[-18.227,71.173],[0.319,73.63],[35.807,64.058]],"c":true},"ix":2},"nm":"Path 1","mn":"ADBE Vector Shape - Group","hd":false},{"ty":"fl","c":{"a":0,"k":[0,0,0,1],"ix":4},"o":{"a":0,"k":100,"ix":5},"r":1,"bm":0,"nm":"Fill 1","mn":"ADBE Vector Graphic - Fill","hd":false},{"ty":"tr","p":{"a":0,"k":[393.335,240.09],"ix":2},"a":{"a":0,"k":[0,0],"ix":1},"s":{"a":0,"k":[100,100],"ix":3},"r":{"a":0,"k":0,"ix":6},"o":{"a":0,"k":100,"ix":7},"sk":{"a":0,"k":0,"ix":4},"sa":{"a":0,"k":0,"ix":5},"nm":"Transform"}],"nm":"Group 1","np":2,"cix":2,"bm":0,"ix":1,"mn":"ADBE Vector Group","hd":false},{"ty":"gr","it":[{"ind":0,"ty":"sh","ix":1,"ks":{"a":0,"k":{"i":[[4.168,-2.406],[3.723,6.45],[0,0],[-3.946,2.278],[-3.541,2.748],[0,0],[0,-2.35]],"o":[[-6.453,3.726],[0,0],[4.148,-1.693],[3.949,-2.28],[0,0],[1.188,2.061],[0,4.818]],"v":[[93.432,131.302],[74.975,126.36],[33.587,54.656],[45.743,48.705],[56.974,41.139],[98.374,112.846],[100.19,119.589]],"c":true},"ix":2},"nm":"Path 1","mn":"ADBE Vector Shape - Group","hd":false},{"ind":1,"ty":"sh","ix":2,"ks":{"a":0,"k":{"i":[[21.422,5.738],[11.089,19.206],[-39.647,22.891],[-14.078,0],[-15.36,-26.604],[5.74,-21.422],[19.206,-11.089]],"o":[[-21.421,-5.74],[-22.89,-39.648],[13.043,-7.53],[28.715,0],[11.088,19.206],[-5.74,21.422],[-19.205,11.089]],"v":[[-24.759,44.009],[-75.174,5.324],[-44.784,-108.093],[-3.41,-119.199],[68.633,-77.702],[76.927,-14.7],[38.242,35.714]],"c":true},"ix":2},"nm":"Path 2","mn":"ADBE Vector Shape - Group","hd":false},{"ind":2,"ty":"sh","ix":3,"ks":{"a":0,"k":{"i":[[2.503,4.338],[0,0],[-4.24,15.824],[13.092,22.676],[46.81,-27.025],[-27.026,-46.811],[-25.291,-6.778],[-8.515,0],[-7.236,1.694],[0,0],[-9.862,0.001],[-4.479,2.584],[0,10.162]],"o":[[0,0],[10.901,-11.619],[6.777,-25.291],[-27.026,-46.813],[-46.811,27.025],[13.092,22.676],[8.446,2.263],[7.442,0],[0,0],[5.273,9.137],[4.833,0],[8.796,-5.077],[0,-4.979]],"v":[[111.365,105.348],[68.337,30.822],[91.417,-10.818],[81.624,-85.202],[-52.283,-121.083],[-88.163,12.824],[-28.641,58.498],[-3.111,61.88],[18.966,59.33],[61.983,133.858],[86.72,148.107],[100.928,144.294],[115.19,119.588]],"c":true},"ix":2},"nm":"Path 3","mn":"ADBE Vector Shape - Group","hd":false},{"ty":"mm","mm":1,"nm":"Merge Paths 1","mn":"ADBE Vector Filter - Merge","hd":false},{"ty":"fl","c":{"a":0,"k":[0,0,0,1],"ix":4},"o":{"a":0,"k":100,"ix":5},"r":1,"bm":0,"nm":"Fill 1","mn":"ADBE Vector Graphic - Fill","hd":false},{"ty":"tr","p":{"a":0,"k":[396.81,278.671],"ix":2},"a":{"a":0,"k":[0,0],"ix":1},"s":{"a":0,"k":[100,100],"ix":3},"r":{"a":0,"k":0,"ix":6},"o":{"a":0,"k":100,"ix":7},"sk":{"a":0,"k":0,"ix":4},"sa":{"a":0,"k":0,"ix":5},"nm":"Transform"}],"nm":"Group 2","np":5,"cix":2,"bm":0,"ix":2,"mn":"ADBE Vector Group","hd":false},{"ty":"tr","p":{"a":0,"k":[0,0],"ix":2},"a":{"a":0,"k":[0,0],"ix":1},"s":{"a":0,"k":[100,100],"ix":3},"r":{"a":0,"k":0,"ix":6},"o":{"a":0,"k":100,"ix":7},"sk":{"a":0,"k":0,"ix":4},"sa":{"a":0,"k":0,"ix":5},"nm":"Transform"}],"nm":"Zoom","np":2,"cix":2,"bm":0,"ix":1,"mn":"ADBE Vector Group","hd":false}],"ip":15,"op":765,"st":15,"bm":0},{"ddd":0,"ind":2,"ty":4,"nm":"Table 4","sr":1,"ks":{"o":{"a":0,"k":100,"ix":11},"r":{"a":0,"k":0,"ix":10},"p":{"a":0,"k":[326.622,348.849,0],"ix":2},"a":{"a":0,"k":[326.622,348.849,0],"ix":1},"s":{"a":1,"k":[{"i":{"x":[0.3,0.3,0.833],"y":[1,1,1]},"o":{"x":[0.3,0.3,0.167],"y":[0,0,0]},"t":75,"s":[100,0,100]},{"i":{"x":[0.3,0.3,0.833],"y":[1,1,1]},"o":{"x":[0.3,0.3,0.167],"y":[0,0,0]},"t":85,"s":[100,110,100]},{"t":90,"s":[100,100,100]}],"ix":6}},"ao":0,"shapes":[{"ty":"gr","it":[{"ty":"gr","it":[{"ind":0,"ty":"sh","ix":1,"ks":{"a":0,"k":{"i":[[4.142,0],[0,-4.143],[0,0],[-4.142,0],[0,0],[0,4.143],[4.142,0],[0,0],[0,0]],"o":[[-4.142,0],[0,0],[0,4.143],[0,0],[4.142,0],[0,-4.143],[0,0],[0,0],[0,-4.143]],"v":[[-15.214,-18.509],[-22.714,-11.009],[-22.714,11.008],[-15.214,18.508],[15.213,18.508],[22.713,11.008],[15.213,3.508],[-7.714,3.508],[-7.714,-11.009]],"c":true},"ix":2},"nm":"Path 1","mn":"ADBE Vector Shape - Group","hd":false},{"ty":"fl","c":{"a":0,"k":[0,0,0,1],"ix":4},"o":{"a":0,"k":100,"ix":5},"r":1,"bm":0,"nm":"Fill 1","mn":"ADBE Vector Graphic - Fill","hd":false},{"ty":"tr","p":{"a":0,"k":[326.622,330.341],"ix":2},"a":{"a":0,"k":[0,0],"ix":1},"s":{"a":0,"k":[100,100],"ix":3},"r":{"a":0,"k":0,"ix":6},"o":{"a":0,"k":100,"ix":7},"sk":{"a":0,"k":0,"ix":4},"sa":{"a":0,"k":0,"ix":5},"nm":"Transform"}],"nm":"Group 3","np":2,"cix":2,"bm":0,"ix":1,"mn":"ADBE Vector Group","hd":false},{"ty":"tr","p":{"a":0,"k":[223.369,289.048],"ix":2},"a":{"a":0,"k":[223.369,289.048],"ix":1},"s":{"a":0,"k":[100,100],"ix":3},"r":{"a":0,"k":0,"ix":6},"o":{"a":0,"k":100,"ix":7},"sk":{"a":0,"k":0,"ix":4},"sa":{"a":0,"k":0,"ix":5},"nm":"Transform"}],"nm":"Table","np":1,"cix":2,"bm":0,"ix":1,"mn":"ADBE Vector Group","hd":false}],"ip":15,"op":765,"st":15,"bm":0},{"ddd":0,"ind":3,"ty":4,"nm":"Table 3","sr":1,"ks":{"o":{"a":0,"k":100,"ix":11},"r":{"a":0,"k":0,"ix":10},"p":{"a":0,"k":[257.786,348.848,0],"ix":2},"a":{"a":0,"k":[257.786,348.848,0],"ix":1},"s":{"a":1,"k":[{"i":{"x":[0.3,0.3,0.833],"y":[1,1,1]},"o":{"x":[0.3,0.3,0.167],"y":[0,0,0]},"t":57,"s":[100,0,100]},{"i":{"x":[0.3,0.3,0.833],"y":[1,1,1]},"o":{"x":[0.3,0.3,0.167],"y":[0,0,0]},"t":67,"s":[100,110,100]},{"t":72,"s":[100,100,100]}],"ix":6}},"ao":0,"shapes":[{"ty":"gr","it":[{"ty":"gr","it":[{"ind":0,"ty":"sh","ix":1,"ks":{"a":0,"k":{"i":[[0,0],[0,0],[0,0],[0,0]],"o":[[0,0],[0,0],[0,0],[0,0]],"v":[[7.714,25.637],[-7.714,25.637],[-7.714,-25.635],[7.714,-25.635]],"c":true},"ix":2},"nm":"Path 1","mn":"ADBE Vector Shape - Group","hd":false},{"ind":1,"ty":"sh","ix":2,"ks":{"a":0,"k":{"i":[[0,0],[0,-4.143],[0,0],[-4.142,0],[0,0],[0,4.143],[0,0],[4.142,0]],"o":[[-4.142,0],[0,0],[0,4.143],[0,0],[4.142,0],[0,0],[0,-4.143],[0,0]],"v":[[-15.214,-40.636],[-22.714,-33.136],[-22.714,33.136],[-15.214,40.636],[15.214,40.636],[22.714,33.136],[22.714,-33.136],[15.214,-40.636]],"c":true},"ix":2},"nm":"Path 2","mn":"ADBE Vector Shape - Group","hd":false},{"ty":"mm","mm":1,"nm":"Merge Paths 1","mn":"ADBE Vector Filter - Merge","hd":false},{"ty":"fl","c":{"a":0,"k":[0,0,0,1],"ix":4},"o":{"a":0,"k":100,"ix":5},"r":1,"bm":0,"nm":"Fill 1","mn":"ADBE Vector Graphic - Fill","hd":false},{"ty":"tr","p":{"a":0,"k":[257.786,308.212],"ix":2},"a":{"a":0,"k":[0,0],"ix":1},"s":{"a":0,"k":[100,100],"ix":3},"r":{"a":0,"k":0,"ix":6},"o":{"a":0,"k":100,"ix":7},"sk":{"a":0,"k":0,"ix":4},"sa":{"a":0,"k":0,"ix":5},"nm":"Transform"}],"nm":"Group 4","np":4,"cix":2,"bm":0,"ix":1,"mn":"ADBE Vector Group","hd":false},{"ty":"tr","p":{"a":0,"k":[223.369,289.048],"ix":2},"a":{"a":0,"k":[223.369,289.048],"ix":1},"s":{"a":0,"k":[100,100],"ix":3},"r":{"a":0,"k":0,"ix":6},"o":{"a":0,"k":100,"ix":7},"sk":{"a":0,"k":0,"ix":4},"sa":{"a":0,"k":0,"ix":5},"nm":"Transform"}],"nm":"Table","np":1,"cix":2,"bm":0,"ix":1,"mn":"ADBE Vector Group","hd":false}],"ip":15,"op":765,"st":15,"bm":0},{"ddd":0,"ind":4,"ty":4,"nm":"Table 2","sr":1,"ks":{"o":{"a":0,"k":100,"ix":11},"r":{"a":0,"k":0,"ix":10},"p":{"a":0,"k":[188.951,348.849,0],"ix":2},"a":{"a":0,"k":[188.951,348.849,0],"ix":1},"s":{"a":1,"k":[{"i":{"x":[0.3,0.3,0.833],"y":[1,1,1]},"o":{"x":[0.3,0.3,0.167],"y":[0,0,0]},"t":47,"s":[100,0,100]},{"i":{"x":[0.3,0.3,0.833],"y":[1,1,1]},"o":{"x":[0.3,0.3,0.167],"y":[0,0,0]},"t":57,"s":[100,110,100]},{"t":62,"s":[100,100,100]}],"ix":6}},"ao":0,"shapes":[{"ty":"gr","it":[{"ty":"gr","it":[{"ind":0,"ty":"sh","ix":1,"ks":{"a":0,"k":{"i":[[0,0],[0,0],[0,0],[0,0]],"o":[[0,0],[0,0],[0,0],[0,0]],"v":[[7.714,44.801],[-7.713,44.801],[-7.713,-44.801],[7.714,-44.801]],"c":true},"ix":2},"nm":"Path 1","mn":"ADBE Vector Shape - Group","hd":false},{"ind":1,"ty":"sh","ix":2,"ks":{"a":0,"k":{"i":[[0,0],[0,-4.143],[0,0],[-4.142,0],[0,0],[0,4.143],[0,0],[4.142,0]],"o":[[-4.142,0],[0,0],[0,4.143],[0,0],[4.142,0],[0,0],[0,-4.143],[0,0]],"v":[[-15.214,-59.801],[-22.714,-52.301],[-22.714,52.301],[-15.214,59.801],[15.214,59.801],[22.714,52.301],[22.714,-52.301],[15.214,-59.801]],"c":true},"ix":2},"nm":"Path 2","mn":"ADBE Vector Shape - Group","hd":false},{"ty":"mm","mm":1,"nm":"Merge Paths 1","mn":"ADBE Vector Filter - Merge","hd":false},{"ty":"fl","c":{"a":0,"k":[0,0,0,1],"ix":4},"o":{"a":0,"k":100,"ix":5},"r":1,"bm":0,"nm":"Fill 1","mn":"ADBE Vector Graphic - Fill","hd":false},{"ty":"tr","p":{"a":0,"k":[188.951,289.048],"ix":2},"a":{"a":0,"k":[0,0],"ix":1},"s":{"a":0,"k":[100,100],"ix":3},"r":{"a":0,"k":0,"ix":6},"o":{"a":0,"k":100,"ix":7},"sk":{"a":0,"k":0,"ix":4},"sa":{"a":0,"k":0,"ix":5},"nm":"Transform"}],"nm":"Group 5","np":4,"cix":2,"bm":0,"ix":1,"mn":"ADBE Vector Group","hd":false},{"ty":"tr","p":{"a":0,"k":[223.369,289.048],"ix":2},"a":{"a":0,"k":[223.369,289.048],"ix":1},"s":{"a":0,"k":[100,100],"ix":3},"r":{"a":0,"k":0,"ix":6},"o":{"a":0,"k":100,"ix":7},"sk":{"a":0,"k":0,"ix":4},"sa":{"a":0,"k":0,"ix":5},"nm":"Transform"}],"nm":"Table","np":1,"cix":2,"bm":0,"ix":1,"mn":"ADBE Vector Group","hd":false}],"ip":15,"op":765,"st":15,"bm":0},{"ddd":0,"ind":5,"ty":4,"nm":"Table 1","sr":1,"ks":{"o":{"a":0,"k":100,"ix":11},"r":{"a":0,"k":0,"ix":10},"p":{"a":0,"k":[120.115,348.848,0],"ix":2},"a":{"a":0,"k":[120.115,348.848,0],"ix":1},"s":{"a":1,"k":[{"i":{"x":[0.3,0.3,0.833],"y":[1,1,1]},"o":{"x":[0.3,0.3,0.167],"y":[0,0,0]},"t":40,"s":[100,0,100]},{"i":{"x":[0.3,0.3,0.833],"y":[1,1,1]},"o":{"x":[0.3,0.3,0.167],"y":[0,0,0]},"t":50,"s":[100,110,100]},{"t":55,"s":[100,100,100]}],"ix":6}},"ao":0,"shapes":[{"ty":"gr","it":[{"ty":"gr","it":[{"ind":0,"ty":"sh","ix":1,"ks":{"a":0,"k":{"i":[[0,0],[0,0],[0,0],[0,0]],"o":[[0,0],[0,0],[0,0],[0,0]],"v":[[7.714,25.637],[-7.714,25.637],[-7.714,-25.635],[7.714,-25.635]],"c":true},"ix":2},"nm":"Path 1","mn":"ADBE Vector Shape - Group","hd":false},{"ind":1,"ty":"sh","ix":2,"ks":{"a":0,"k":{"i":[[0,0],[0,-4.143],[0,0],[-4.142,0],[0,0],[0,4.143],[0,0],[4.142,0]],"o":[[-4.142,0],[0,0],[0,4.143],[0,0],[4.142,0],[0,0],[0,-4.143],[0,0]],"v":[[-15.214,-40.636],[-22.714,-33.136],[-22.714,33.136],[-15.214,40.636],[15.214,40.636],[22.714,33.136],[22.714,-33.136],[15.214,-40.636]],"c":true},"ix":2},"nm":"Path 2","mn":"ADBE Vector Shape - Group","hd":false},{"ty":"mm","mm":1,"nm":"Merge Paths 1","mn":"ADBE Vector Filter - Merge","hd":false},{"ty":"fl","c":{"a":0,"k":[0,0,0,1],"ix":4},"o":{"a":0,"k":100,"ix":5},"r":1,"bm":0,"nm":"Fill 1","mn":"ADBE Vector Graphic - Fill","hd":false},{"ty":"tr","p":{"a":0,"k":[120.115,308.212],"ix":2},"a":{"a":0,"k":[0,0],"ix":1},"s":{"a":0,"k":[100,100],"ix":3},"r":{"a":0,"k":0,"ix":6},"o":{"a":0,"k":100,"ix":7},"sk":{"a":0,"k":0,"ix":4},"sa":{"a":0,"k":0,"ix":5},"nm":"Transform"}],"nm":"Group 6","np":4,"cix":2,"bm":0,"ix":1,"mn":"ADBE Vector Group","hd":false},{"ty":"tr","p":{"a":0,"k":[223.369,289.048],"ix":2},"a":{"a":0,"k":[223.369,289.048],"ix":1},"s":{"a":0,"k":[100,100],"ix":3},"r":{"a":0,"k":0,"ix":6},"o":{"a":0,"k":100,"ix":7},"sk":{"a":0,"k":0,"ix":4},"sa":{"a":0,"k":0,"ix":5},"nm":"Transform"}],"nm":"Table","np":1,"cix":2,"bm":0,"ix":1,"mn":"ADBE Vector Group","hd":false}],"ip":15,"op":765,"st":15,"bm":0},{"ddd":0,"ind":6,"ty":4,"nm":"Graph","sr":1,"ks":{"o":{"a":0,"k":100,"ix":11},"r":{"a":0,"k":0,"ix":10},"p":{"a":0,"k":[256,256,0],"ix":2},"a":{"a":0,"k":[256,256,0],"ix":1},"s":{"a":0,"k":[100,100,100],"ix":6}},"ao":0,"hasMask":true,"masksProperties":[{"inv":false,"mode":"a","pt":{"a":1,"k":[{"i":{"x":0.3,"y":1},"o":{"x":0.3,"y":0},"t":42,"s":[{"i":[[0,0],[0,0],[0,0],[0,0]],"o":[[0,0],[0,0],[0,0],[0,0]],"v":[[94.118,83.061],[94.118,229.234],[94.118,229.234],[94.118,83.061]],"c":true}]},{"t":90,"s":[{"i":[[0,0],[0,0],[0,0],[0,0]],"o":[[0,0],[0,0],[0,0],[0,0]],"v":[[95.118,83.061],[95.118,229.234],[351.623,229.234],[351.623,83.061]],"c":true}]}],"ix":1},"o":{"a":0,"k":100,"ix":3},"x":{"a":1,"k":[{"i":{"x":[0.3],"y":[1]},"o":{"x":[0.3],"y":[0]},"t":42,"s":[0]},{"t":90,"s":[30]}],"ix":4},"nm":"Mask 1"}],"shapes":[{"ty":"gr","it":[{"ind":0,"ty":"sh","ix":1,"ks":{"a":0,"k":{"i":[[-2.718,0],[0,13.785],[13.785,0],[0,-13.785],[-3.153,-4.184],[0,0],[2.718,0],[4.466,-4.158],[0,0],[0,1.803],[13.785,0],[0,-13.785],[-0.365,-1.696],[0,0],[6.569,0],[0,-13.785],[-13.785,0],[0,13.785],[0.365,1.696],[0,0],[-6.569,0],[-4.467,4.157],[0,0],[0,-1.803],[-13.785,0],[0,13.785],[3.153,4.184],[0,0]],"o":[[13.785,0],[0,-13.785],[-13.785,0],[0,5.63],[0,0],[-2.451,-0.805],[-6.569,0],[0,0],[0.365,-1.696],[0,-13.785],[-13.785,0],[0,1.803],[0,0],[-4.466,-4.158],[-13.785,0],[0,13.785],[13.785,0],[0,-1.803],[0,0],[4.466,4.158],[6.569,0],[0,0],[-0.365,1.696],[0,13.785],[13.786,0],[0,-5.631],[0,0],[2.45,0.804]],"v":[[103.253,-23.085],[128.253,-48.085],[103.253,-73.087],[78.253,-48.085],[83.277,-33.072],[42.201,24.329],[34.417,23.083],[17.4,29.791],[-9.979,14.256],[-9.417,8.999],[-34.417,-16.002],[-59.417,8.999],[-58.857,14.256],[-86.236,29.791],[-103.253,23.083],[-128.253,48.084],[-103.253,73.085],[-78.253,48.084],[-78.814,42.827],[-51.434,27.291],[-34.417,34.001],[-17.4,27.292],[9.979,42.829],[9.417,48.085],[34.417,73.087],[59.418,48.085],[54.392,33.07],[95.468,-24.331]],"c":true},"ix":2},"nm":"Path 5","mn":"ADBE Vector Shape - Group","hd":false},{"ty":"fl","c":{"a":0,"k":[0,0,0,1],"ix":4},"o":{"a":0,"k":100,"ix":5},"r":1,"bm":0,"nm":"Fill 1","mn":"ADBE Vector Graphic - Fill","hd":false},{"ty":"tr","p":{"a":0,"k":[223.37,156.148],"ix":2},"a":{"a":0,"k":[0,0],"ix":1},"s":{"a":0,"k":[100,100],"ix":3},"r":{"a":0,"k":0,"ix":6},"o":{"a":0,"k":100,"ix":7},"sk":{"a":0,"k":0,"ix":4},"sa":{"a":0,"k":0,"ix":5},"nm":"Transform"}],"nm":"Graph","np":2,"cix":2,"bm":0,"ix":1,"mn":"ADBE Vector Group","hd":false}],"ip":15,"op":765,"st":15,"bm":0},{"ddd":0,"ind":7,"ty":4,"nm":"Board","sr":1,"ks":{"o":{"a":0,"k":100,"ix":11},"r":{"a":0,"k":0,"ix":10},"p":{"a":0,"k":[256,256,0],"ix":2},"a":{"a":0,"k":[256,256,0],"ix":1},"s":{"a":0,"k":[100,100,100],"ix":6}},"ao":0,"shapes":[{"ty":"gr","it":[{"ty":"gr","it":[{"ind":0,"ty":"sh","ix":1,"ks":{"a":0,"k":{"i":[[0,0],[-2.105,0],[0,0],[0,-2.104],[0,0],[0,0],[0,0]],"o":[[0,-2.104],[0,0],[2.104,0],[0,0],[0,0],[0,0],[0,0]],"v":[[-66.161,-47.976],[-62.344,-51.792],[-16.726,-51.792],[-12.909,-47.976],[-12.909,-33.234],[-66.16,-33.234],[-66.16,-47.976]],"c":true},"ix":2},"nm":"Path 1","mn":"ADBE Vector Shape - Group","hd":false},{"ind":1,"ty":"sh","ix":2,"ks":{"a":0,"k":{"i":[[-4.142,0],[0,0],[0,0],[0,0],[0,-3.427],[0,0],[-4.142,0],[0,4.143],[0,0],[11.698,0],[0,0],[0,0],[10.376,0],[0,0],[0,-10.375],[0,0],[0,0],[0,-4.143]],"o":[[0,0],[0,0],[0,0],[3.427,0],[0,0],[0,4.143],[4.142,0],[0,0],[0,-11.698],[0,0],[0,0],[0,-10.375],[0,0],[-10.375,0],[0,0],[0,0],[-4.142,0],[0,4.143]],"v":[[-176.333,-18.234],[-73.661,-18.234],[-5.41,-18.234],[162.618,-18.234],[168.833,-12.019],[168.833,59.292],[176.333,66.792],[183.833,59.292],[183.833,-12.019],[162.618,-33.234],[2.091,-33.234],[2.091,-47.976],[-16.726,-66.792],[-62.344,-66.792],[-81.161,-47.976],[-81.161,-33.234],[-176.333,-33.234],[-183.833,-25.734]],"c":true},"ix":2},"nm":"Path 2","mn":"ADBE Vector Shape - Group","hd":false},{"ty":"mm","mm":1,"nm":"Merge Paths 1","mn":"ADBE Vector Filter - Merge","hd":false},{"ty":"fl","c":{"a":0,"k":[0,0,0,1],"ix":4},"o":{"a":0,"k":100,"ix":5},"r":1,"bm":0,"nm":"Fill 1","mn":"ADBE Vector Graphic - Fill","hd":false},{"ty":"tr","p":{"a":0,"k":[78.6,47.134],"ix":2},"a":{"a":0,"k":[-184.304,-26.216],"ix":1},"s":{"a":1,"k":[{"i":{"x":[0.3,0.3],"y":[1,1]},"o":{"x":[0.3,0.3],"y":[0,0]},"t":10,"s":[0,100]},{"i":{"x":[0.833,0.833],"y":[1,1]},"o":{"x":[0.167,0.167],"y":[0,0]},"t":20,"s":[110,100]},{"t":25,"s":[100,100]}],"ix":3},"r":{"a":0,"k":0,"ix":6},"o":{"a":0,"k":100,"ix":7},"sk":{"a":0,"k":0,"ix":4},"sa":{"a":0,"k":0,"ix":5},"nm":"Transform"}],"nm":"Group 7","np":4,"cix":2,"bm":0,"ix":1,"mn":"ADBE Vector Group","hd":false},{"ty":"gr","it":[{"ind":0,"ty":"sh","ix":1,"ks":{"a":0,"k":{"i":[[0,0],[1.132,0],[0,0],[0,1.132],[0,0],[0,0]],"o":[[0,1.132],[0,0],[-1.132,0],[0,0],[0,0],[0,0]],"v":[[145.662,135.692],[143.609,137.745],[-123.167,137.745],[-125.22,135.692],[-125.22,119.186],[145.662,119.186]],"c":true},"ix":2},"nm":"Path 1","mn":"ADBE Vector Shape - Group","hd":false},{"ind":1,"ty":"sh","ix":2,"ks":{"a":0,"k":{"i":[[4.142,0],[0,0],[0,0],[0,0],[0,3.427],[0,0],[-3.427,0],[0,0],[0,4.143],[4.142,0],[0,0],[0,-11.698],[0,0],[-11.698,0],[0,0],[0,0],[-9.403,0],[0,0],[0,0],[-3.687,-1.889],[-1.151,0],[-1.327,2.593],[0,0],[0,0],[0,0],[-2.725,0],[-1.094,0.559],[1.889,3.687],[0,0],[0,0],[0,9.404],[0,0],[0,0],[0,4.143]],"o":[[0,0],[0,0],[0,0],[-3.427,0],[0,0],[0,-3.427],[0,0],[4.142,0],[0,-4.143],[0,0],[-11.698,0],[0,0],[0,11.698],[0,0],[0,0],[0,9.403],[0,0],[0,0],[-1.888,3.687],[1.094,0.561],[2.725,0],[0,0],[0,0],[0,0],[1.328,2.593],[1.151,0],[3.687,-1.889],[0,0],[0,0],[9.403,0],[0,0],[0,0],[4.142,0],[0,-4.143]],"v":[[205.648,104.186],[153.162,104.186],[-132.72,104.186],[-191.933,104.186],[-198.148,97.971],[-198.148,-211.448],[-191.933,-217.663],[-156.577,-217.663],[-149.077,-225.163],[-156.577,-232.663],[-191.933,-232.663],[-213.148,-211.448],[-213.148,97.971],[-191.933,119.186],[-140.22,119.186],[-140.22,135.692],[-123.167,152.745],[-48.093,152.745],[-83.433,221.743],[-80.177,231.838],[-76.764,232.664],[-70.083,228.581],[-31.24,152.745],[51.682,152.745],[90.525,228.581],[97.206,232.664],[100.619,231.838],[103.875,221.743],[68.535,152.745],[143.609,152.745],[160.662,135.692],[160.662,119.186],[205.648,119.186],[213.148,111.686]],"c":true},"ix":2},"nm":"Path 2","mn":"ADBE Vector Shape - Group","hd":false},{"ty":"mm","mm":1,"nm":"Merge Paths 1","mn":"ADBE Vector Filter - Merge","hd":false},{"ty":"fl","c":{"a":0,"k":[0,0,0,1],"ix":4},"o":{"a":0,"k":100,"ix":5},"r":1,"bm":0,"nm":"Fill 1","mn":"ADBE Vector Graphic - Fill","hd":false},{"ty":"tr","p":{"a":0,"k":[223.639,504.629],"ix":2},"a":{"a":0,"k":[10.491,231.849],"ix":1},"s":{"a":1,"k":[{"i":{"x":[0.3,0.3],"y":[1,1]},"o":{"x":[0.3,0.3],"y":[0,0]},"t":0,"s":[100,0]},{"i":{"x":[0.3,0.3],"y":[1,1]},"o":{"x":[0.3,0.3],"y":[0,0]},"t":10,"s":[100,108]},{"t":15,"s":[100,100]}],"ix":3},"r":{"a":0,"k":0,"ix":6},"o":{"a":0,"k":100,"ix":7},"sk":{"a":0,"k":0,"ix":4},"sa":{"a":0,"k":0,"ix":5},"nm":"Transform"}],"nm":"Group 8","np":4,"cix":2,"bm":0,"ix":2,"mn":"ADBE Vector Group","hd":false},{"ty":"tr","p":{"a":0,"k":[223.368,256.001],"ix":2},"a":{"a":0,"k":[223.368,256.001],"ix":1},"s":{"a":0,"k":[100,100],"ix":3},"r":{"a":0,"k":0,"ix":6},"o":{"a":0,"k":100,"ix":7},"sk":{"a":0,"k":0,"ix":4},"sa":{"a":0,"k":0,"ix":5},"nm":"Transform"}],"nm":"Board","np":2,"cix":2,"bm":0,"ix":1,"mn":"ADBE Vector Group","hd":false}],"ip":0,"op":750,"st":0,"bm":0},{"ddd":0,"ind":8,"ty":1,"nm":"White Solid 1","sr":1,"ks":{"o":{"a":0,"k":100,"ix":11},"r":{"a":0,"k":0,"ix":10},"p":{"a":0,"k":[256,256,0],"ix":2},"a":{"a":0,"k":[256,256,0],"ix":1},"s":{"a":0,"k":[100,100,100],"ix":6}},"ao":0,"sw":512,"sh":512,"sc":"#ffffff","ip":0,"op":750,"st":0,"bm":0}],"markers":[]}