{"v":"5.5.5","fr":29.9700012207031,"ip":0,"op":66.0000026882351,"w":600,"h":600,"nm":"Comp 2","ddd":0,"assets":[{"id":"comp_0","layers":[{"ddd":0,"ind":1,"ty":0,"nm":"Pre-comp 3","refId":"comp_1","sr":1,"ks":{"o":{"a":0,"k":99,"ix":11},"r":{"a":0,"k":0,"ix":10},"p":{"a":0,"k":[408,272,0],"ix":2},"a":{"a":0,"k":[300,300,0],"ix":1},"s":{"a":0,"k":[-100,-100,100],"ix":6}},"ao":0,"w":600,"h":600,"ip":10.0000004073083,"op":127.000005172816,"st":10.0000004073083,"bm":0},{"ddd":0,"ind":2,"ty":0,"nm":"Pre-comp 3","refId":"comp_1","sr":1,"ks":{"o":{"a":0,"k":55,"ix":11},"r":{"a":0,"k":0,"ix":10},"p":{"a":0,"k":[186,226,0],"ix":2},"a":{"a":0,"k":[300,300,0],"ix":1},"s":{"a":0,"k":[-100,-100,100],"ix":6}},"ao":0,"w":600,"h":600,"ip":7.00000028511585,"op":124.000005050624,"st":7.00000028511585,"bm":0},{"ddd":0,"ind":3,"ty":0,"nm":"Pre-comp 3","refId":"comp_1","sr":1,"ks":{"o":{"a":0,"k":100,"ix":11},"r":{"a":0,"k":0,"ix":10},"p":{"a":0,"k":[516,226,0],"ix":2},"a":{"a":0,"k":[300,300,0],"ix":1},"s":{"a":0,"k":[100,100,100],"ix":6}},"ao":0,"w":600,"h":600,"ip":4.00000016292334,"op":121.000004928431,"st":4.00000016292334,"bm":0},{"ddd":0,"ind":4,"ty":0,"nm":"Pre-comp 3","refId":"comp_1","sr":1,"ks":{"o":{"a":0,"k":100,"ix":11},"r":{"a":0,"k":0,"ix":10},"p":{"a":0,"k":[74,344,0],"ix":2},"a":{"a":0,"k":[300,300,0],"ix":1},"s":{"a":0,"k":[100,100,100],"ix":6}},"ao":0,"w":600,"h":600,"ip":2.00000008146167,"op":119.000004846969,"st":2.00000008146167,"bm":0},{"ddd":0,"ind":5,"ty":0,"nm":"Pre-comp 3","refId":"comp_1","sr":1,"ks":{"o":{"a":0,"k":100,"ix":11},"r":{"a":0,"k":0,"ix":10},"p":{"a":0,"k":[296,380,0],"ix":2},"a":{"a":0,"k":[300,300,0],"ix":1},"s":{"a":0,"k":[100,100,100],"ix":6}},"ao":0,"w":600,"h":600,"ip":0,"op":117.000004765508,"st":0,"bm":0}]},{"id":"comp_1","layers":[{"ddd":0,"ind":1,"ty":0,"nm":"Pre-comp 2","refId":"comp_2","sr":1,"ks":{"o":{"a":0,"k":74,"ix":11},"r":{"a":0,"k":0,"ix":10},"p":{"a":0,"k":[300,240,0],"ix":2},"a":{"a":0,"k":[300,300,0],"ix":1},"s":{"a":0,"k":[100,100,100],"ix":6}},"ao":0,"w":600,"h":600,"ip":0,"op":112.000004561854,"st":0,"bm":0},{"ddd":0,"ind":2,"ty":0,"nm":"Pre-comp 2","refId":"comp_2","sr":1,"ks":{"o":{"a":0,"k":34,"ix":11},"r":{"a":0,"k":0,"ix":10},"p":{"a":0,"k":[300,253,0],"ix":2},"a":{"a":0,"k":[300,300,0],"ix":1},"s":{"a":0,"k":[100,100,100],"ix":6}},"ao":0,"w":600,"h":600,"ip":2.00000008146167,"op":114.000004643315,"st":2.00000008146167,"bm":0},{"ddd":0,"ind":3,"ty":0,"nm":"Pre-comp 2","refId":"comp_2","sr":1,"ks":{"o":{"a":0,"k":13,"ix":11},"r":{"a":0,"k":0,"ix":10},"p":{"a":0,"k":[300,267,0],"ix":2},"a":{"a":0,"k":[300,300,0],"ix":1},"s":{"a":0,"k":[100,100,100],"ix":6}},"ao":0,"w":600,"h":600,"ip":4.00000016292334,"op":116.000004724777,"st":4.00000016292334,"bm":0},{"ddd":0,"ind":4,"ty":0,"nm":"Pre-comp 2","refId":"comp_2","sr":1,"ks":{"o":{"a":0,"k":13,"ix":11},"r":{"a":0,"k":0,"ix":10},"p":{"a":0,"k":[300,277,0],"ix":2},"a":{"a":0,"k":[300,300,0],"ix":1},"s":{"a":0,"k":[100,100,100],"ix":6}},"ao":0,"w":600,"h":600,"ip":5.00000020365417,"op":117.000004765508,"st":5.00000020365417,"bm":0}]},{"id":"comp_2","layers":[{"ddd":0,"ind":1,"ty":4,"nm":"Shape Layer 4","sr":1,"ks":{"o":{"a":1,"k":[{"i":{"x":[0.833],"y":[0.833]},"o":{"x":[0.167],"y":[0.167]},"t":0,"s":[0]},{"i":{"x":[0.833],"y":[0.833]},"o":{"x":[0.167],"y":[0.167]},"t":3,"s":[100]},{"i":{"x":[0.833],"y":[0.833]},"o":{"x":[0.167],"y":[0.167]},"t":57,"s":[100]},{"t":63.0000025660426,"s":[0]}],"ix":11},"r":{"a":0,"k":0,"ix":10},"p":{"a":0,"k":[300,340,0],"ix":2},"a":{"a":0,"k":[0,0,0],"ix":1},"s":{"a":0,"k":[-100,100,100],"ix":6}},"ao":0,"shapes":[{"ty":"gr","it":[{"ind":0,"ty":"sh","ix":1,"ks":{"a":0,"k":{"i":[[0,0],[99.107,97.913],[-21,17]],"o":[[0,0],[-83,-82],[38.022,-30.779]],"v":[[-4,194],[-2,10],[-4,-151]],"c":false},"ix":2},"nm":"Path 1","mn":"ADBE Vector Shape - Group","hd":false},{"ty":"gs","o":{"a":0,"k":100,"ix":9},"w":{"a":0,"k":19,"ix":10},"g":{"p":3,"k":{"a":0,"k":[0,0,0.894,1,0.485,0,0.776,1,1,0,0.659,1],"ix":8}},"s":{"a":0,"k":[-4,152],"ix":4},"e":{"a":0,"k":[-5,-130],"ix":5},"t":1,"lc":2,"lj":1,"ml":4,"ml2":{"a":0,"k":4,"ix":13},"bm":0,"nm":"Gradient Stroke 1","mn":"ADBE Vector Graphic - G-Stroke","hd":false},{"ty":"fl","c":{"a":0,"k":[0.067973858702,0.07677043092,0.254901960784,1],"ix":4},"o":{"a":0,"k":0,"ix":5},"r":1,"bm":0,"nm":"Fill 1","mn":"ADBE Vector Graphic - Fill","hd":false},{"ty":"tr","p":{"a":0,"k":[0,0],"ix":2},"a":{"a":0,"k":[0,0],"ix":1},"s":{"a":0,"k":[100,100],"ix":3},"r":{"a":0,"k":0,"ix":6},"o":{"a":0,"k":100,"ix":7},"sk":{"a":0,"k":0,"ix":4},"sa":{"a":0,"k":0,"ix":5},"nm":"Transform"}],"nm":"Shape 1","np":3,"cix":2,"bm":0,"ix":1,"mn":"ADBE Vector Group","hd":false},{"ty":"tm","s":{"a":1,"k":[{"i":{"x":[0.34],"y":[1]},"o":{"x":[0.66],"y":[0]},"t":17,"s":[0]},{"t":65.0000026475043,"s":[100]}],"ix":1},"e":{"a":1,"k":[{"i":{"x":[0.34],"y":[1]},"o":{"x":[0.66],"y":[0]},"t":0,"s":[0]},{"t":48.0000019550801,"s":[100]}],"ix":2},"o":{"a":0,"k":0,"ix":3},"m":1,"ix":2,"nm":"Trim Paths 2","mn":"ADBE Vector Filter - Trim","hd":false}],"ip":0,"op":112.000004561854,"st":2.00000008146167,"bm":0},{"ddd":0,"ind":2,"ty":4,"nm":"Shape Layer 1","sr":1,"ks":{"o":{"a":1,"k":[{"i":{"x":[0.833],"y":[0.833]},"o":{"x":[0.167],"y":[0.167]},"t":0,"s":[0]},{"i":{"x":[0.833],"y":[0.833]},"o":{"x":[0.167],"y":[0.167]},"t":3,"s":[100]},{"i":{"x":[0.833],"y":[0.833]},"o":{"x":[0.167],"y":[0.167]},"t":57,"s":[100]},{"t":63.0000025660426,"s":[0]}],"ix":11},"r":{"a":0,"k":0,"ix":10},"p":{"a":0,"k":[300,300,0],"ix":2},"a":{"a":0,"k":[0,0,0],"ix":1},"s":{"a":0,"k":[100,100,100],"ix":6}},"ao":0,"shapes":[{"ty":"gr","it":[{"ind":0,"ty":"sh","ix":1,"ks":{"a":0,"k":{"i":[[0,0],[99.107,97.913],[-21,17]],"o":[[0,0],[-83,-82],[38.022,-30.779]],"v":[[-4,194],[-2,10],[-4,-151]],"c":false},"ix":2},"nm":"Path 1","mn":"ADBE Vector Shape - Group","hd":false},{"ty":"gs","o":{"a":0,"k":100,"ix":9},"w":{"a":0,"k":19,"ix":10},"g":{"p":3,"k":{"a":0,"k":[0,1,0,0.824,0.485,1,0.212,0.412,1,1,0.424,0],"ix":8}},"s":{"a":0,"k":[-4,152],"ix":4},"e":{"a":0,"k":[-5,-130],"ix":5},"t":1,"lc":2,"lj":1,"ml":4,"ml2":{"a":0,"k":4,"ix":13},"bm":0,"nm":"Gradient Stroke 1","mn":"ADBE Vector Graphic - G-Stroke","hd":false},{"ty":"fl","c":{"a":0,"k":[0.067973858702,0.07677043092,0.254901960784,1],"ix":4},"o":{"a":0,"k":0,"ix":5},"r":1,"bm":0,"nm":"Fill 1","mn":"ADBE Vector Graphic - Fill","hd":false},{"ty":"tr","p":{"a":0,"k":[0,0],"ix":2},"a":{"a":0,"k":[0,0],"ix":1},"s":{"a":0,"k":[100,100],"ix":3},"r":{"a":0,"k":0,"ix":6},"o":{"a":0,"k":100,"ix":7},"sk":{"a":0,"k":0,"ix":4},"sa":{"a":0,"k":0,"ix":5},"nm":"Transform"}],"nm":"Shape 1","np":3,"cix":2,"bm":0,"ix":1,"mn":"ADBE Vector Group","hd":false},{"ty":"tm","s":{"a":1,"k":[{"i":{"x":[0.34],"y":[1]},"o":{"x":[0.66],"y":[0]},"t":17,"s":[0]},{"t":65.0000026475043,"s":[100]}],"ix":1},"e":{"a":1,"k":[{"i":{"x":[0.34],"y":[1]},"o":{"x":[0.66],"y":[0]},"t":0,"s":[0]},{"t":48.0000019550801,"s":[100]}],"ix":2},"o":{"a":0,"k":0,"ix":3},"m":1,"ix":2,"nm":"Trim Paths 1","mn":"ADBE Vector Filter - Trim","hd":false}],"ip":0,"op":101.000004113814,"st":0,"bm":0}]}],"layers":[{"ddd":0,"ind":1,"ty":4,"nm":"Shape Layer 1","td":1,"sr":1,"ks":{"o":{"a":0,"k":100,"ix":11},"r":{"a":0,"k":0,"ix":10},"p":{"a":0,"k":[300,300,0],"ix":2},"a":{"a":0,"k":[0,0,0],"ix":1},"s":{"a":0,"k":[100,100,100],"ix":6}},"ao":0,"shapes":[{"ty":"gr","it":[{"d":1,"ty":"el","s":{"a":0,"k":[528,528],"ix":2},"p":{"a":0,"k":[0,0],"ix":3},"nm":"Ellipse Path 1","mn":"ADBE Vector Shape - Ellipse","hd":false},{"ty":"gs","o":{"a":0,"k":0,"ix":9},"w":{"a":0,"k":19,"ix":10},"g":{"p":3,"k":{"a":0,"k":[0,0,0.894,1,0.485,0,0.776,1,1,0,0.659,1],"ix":8}},"s":{"a":0,"k":[0,0],"ix":4},"e":{"a":0,"k":[100,0],"ix":5},"t":1,"lc":1,"lj":1,"ml":4,"ml2":{"a":0,"k":4,"ix":13},"bm":0,"nm":"Gradient Stroke 1","mn":"ADBE Vector Graphic - G-Stroke","hd":false},{"ty":"gf","o":{"a":0,"k":100,"ix":10},"r":1,"bm":0,"g":{"p":3,"k":{"a":0,"k":[0,1,1,1,0.5,1,1,1,1,1,1,1,0.497,1,0.749,0.5,1,0],"ix":9}},"s":{"a":0,"k":[0,0],"ix":5},"e":{"a":0,"k":[220,0],"ix":6},"t":2,"h":{"a":0,"k":0,"ix":7},"a":{"a":0,"k":0,"ix":8},"nm":"Gradient Fill 1","mn":"ADBE Vector Graphic - G-Fill","hd":false},{"ty":"tr","p":{"a":0,"k":[-4,0],"ix":2},"a":{"a":0,"k":[0,0],"ix":1},"s":{"a":0,"k":[100,100],"ix":3},"r":{"a":0,"k":0,"ix":6},"o":{"a":0,"k":100,"ix":7},"sk":{"a":0,"k":0,"ix":4},"sa":{"a":0,"k":0,"ix":5},"nm":"Transform"}],"nm":"Ellipse 1","np":3,"cix":2,"bm":0,"ix":1,"mn":"ADBE Vector Group","hd":false}],"ip":0,"op":600.000024438501,"st":0,"bm":0},{"ddd":0,"ind":2,"ty":0,"nm":"Pre-comp 4","tt":1,"refId":"comp_0","sr":1,"ks":{"o":{"a":0,"k":100,"ix":11},"r":{"a":0,"k":0,"ix":10},"p":{"a":0,"k":[300,300,0],"ix":2},"a":{"a":0,"k":[300,300,0],"ix":1},"s":{"a":0,"k":[100,100,100],"ix":6}},"ao":0,"w":600,"h":600,"ip":0,"op":127.000005172816,"st":0,"bm":0}],"markers":[]}