<?xml version="1.0" encoding="UTF-8"?>
<!-- ===== BEGIN LICENSE BLOCK =====
    
    Version: MPL 1.1/GPL 2.0/LGPL 2.1
    
    The contents of this file are subject to the Mozilla Public License Version
    1.1 (the "License"); you may not use this file except in compliance with
    the License. You may obtain a copy of the License at
    http://www.mozilla.org/MPL/
    
    Software distributed under the License is distributed on an "AS IS" basis,
    WITHOUT WARRANTY OF ANY KIND, either express or implied. See the License
    for the specific language governing rights and limitations under the
    License.
    
    The Original Code is part of dcm4che, an implementation of DICOM(TM) in
    Java(TM), hosted at https://github.com/dcm4che.
    
    The Initial Developer of the Original Code is
    Agfa Healthcare.
    Portions created by the Initial Developer are Copyright (C) 2013
    the Initial Developer. All Rights Reserved.
    
    Contributor(s):
    Michael Backhaus <michael.backhaus@agfa.com>
    
    Alternatively, the contents of this file may be used under the terms of
    either the GNU General Public License Version 2 or later (the "GPL"), or
    the GNU Lesser General Public License Version 2.1 or later (the "LGPL"),
    in which case the provisions of the GPL or the LGPL are applicable instead
    of those above. If you wish to allow use of your version of this file only
    under the terms of either the GPL or the LGPL, and not to allow others to
    use your version of this file under the terms of the MPL, indicate your
    decision by deleting the provisions above and replace them with the notice
    and other provisions required by the GPL or the LGPL. If you do not delete
    the provisions above, a recipient may use your version of this file under
    the terms of any one of the MPL, the GPL or the LGPL.
    
    ===== END LICENSE BLOCK ===== -->
<IOD xml-space="preserved">
  <!-- Patient Module -->
  <DataElement keyword="PatientName" tag="00100010" vr="PN" type="2" vm="1" />
  <DataElement keyword="PatientID" tag="00100020" vr="LO" type="2" vm="1" />
  <DataElement keyword="PatientBirthDate" tag="00100030" vr="DA" type="2" vm="1" />
  <DataElement keyword="PatientSex" tag="00100040" vr="CS" type="2" vm="1">
    <Value>M</Value>
    <Value>F</Value>
    <Value>O</Value>
  </DataElement>
  <!-- General Study Module -->
  <DataElement keyword="StudyInstanceUID" tag="0020000D" vr="UI" type="1" vm="1" />
  <DataElement keyword="StudyDate" tag="00080020" vr="DA" type="2" vm="1" />
  <DataElement keyword="StudyTime" tag="00080030" vr="TM" type="2" vm="1" />
  <DataElement keyword="ReferringPhysicianName" tag="00080090" vr="PN" type="2" vm="1" />
  <DataElement keyword="StudyID" tag="00200010" vr="SH" type="2" vm="1" />
  <DataElement keyword="AccessionNumber" tag="00080050" vr="DA" type="2" vm="1" />
  <!-- Series SR Document Module -->
  <DataElement keyword="Modality" tag="00080060" vr="CS" type="1" vm="1" />
  <DataElement keyword="SeriesInstanceUID" tag="0020000E" vr="UI" type="1" vm="1" />
  <DataElement keyword="SeriesNumber" tag="00200011" vr="IS" type="1" vm="1" />
  <DataElement keyword="ReferencedPerformedProcedureStepSequence" tag="00081111" vr="SQ" type="2" items="1">
    <Item id="SOPInstanceReference">
      <DataElement keyword="ReferencedSOPClassUID" tag="00081150" vr="UI" type="1" vm="1" />
      <DataElement keyword="ReferencedSOPInstanceUID" tag="00081155" vr="UI" type="1" vm="1" />
    </Item>
  </DataElement>
  <!-- Enhanced General Equipment Module -->
  <DataElement keyword="Manufacturer" tag="00080070" vr="LO" type="3" vm="1" />
  <DataElement keyword="ManufacturerModelName" tag="00081090" vr="LO" type="3" vm="1" />
  <DataElement keyword="DeviceSerialNumber" tag="00181000" vr="LO" type="3" vm="1" />
  <DataElement keyword="SoftwareVersions" tag="00181020" vr="LO" type="3" vm="1" />
  <!-- General SR Document Module -->
  <DataElement keyword="InstanceNumber" tag="00200013" vr="IS" type="1" vm="1" />
  <DataElement keyword="CompletionFlag" tag="0040A491" vr="CS" type="1" vm="1">
    <Value>PARTIAL</Value>
    <Value>COMPLETE</Value>
  </DataElement>
  <DataElement keyword="VerificationFlag" tag="0040A493" vr="CS" type="1" vm="1">
    <If>
      <MemberOf keyword="CompletionFlag" tag="0040A491" vr="CS" type="1" vm="1">
        <Value>COMPLETE</Value>
      </MemberOf>
    </If>
    <Value>UNVERIFIED</Value>
    <Value>VERIFIED</Value>
  </DataElement>
  <DataElement keyword="VerificationFlag" tag="0040A493" vr="CS" type="1" vm="1">
    <If>
      <NotMemberOf keyword="CompletionFlag" tag="0040A491" vr="CS" type="1" vm="1">
        <Value>COMPLETE</Value>
      </NotMemberOf>
    </If>
    <Value>UNVERIFIED</Value>
  </DataElement>
  <DataElement keyword="ContentDate" tag="00080023" vr="DA" type="1" vm="1" />
  <DataElement keyword="ContentTime" tag="00080033" vr="TM" type="1" vm="1" />
  <DataElement keyword="VerifyingObserverSequence" tag="0040A073" vr="SQ" type="1" items="n">
    <If>
      <MemberOf keyword="VerificationFlag" tag="0040A493" vr="CS" valueNumber="1">
        <Value>VERIFIED</Value>
      </MemberOf>
    </If>
    <Item>
      <DataElement keyword="VerifyingObserverName" tag="0040A075" vr="PN" vm="1" type="2" />
      <DataElement keyword="VerifyingObserverIdentificationCodeSequence" tag="0040A088" vr="SQ" type="2"
        items="1">
        <Item id="CodeSequence">
          <DataElement keyword="CodeValue" tag="00080100" vr="SH" type="1" vm="1" />
          <DataElement keyword="CodingSchemeDesignator" tag="00080102" vr="SH" type="1" vm="1" />
          <DataElement keyword="CodingSchemeVersion" tag="00080103" vr="SH" type="3" vm="1" />
          <DataElement keyword="CodeMeaning" tag="00080104" vr="LO" type="1" vm="1" />
        </Item>
      </DataElement>
      <DataElement keyword="VerifyingOrganization" tag="0040A027" vr="LO" vm="1" type="2" />
      <DataElement keyword="VerificationDateTime" tag="0040A030" vr="DT" vm="1" type="2" />
    </Item>
  </DataElement>
  <!-- SR Document Content Module -->
  <DataElement keyword="ValueType" tag="0040A040" vr="CS" type="1" vm="1">
    <Value>CONTAINER</Value>
  </DataElement>
  <DataElement keyword="ConceptNameCodeSequence" tag="0040A043" vr="SQ" type="1" vm="1">
    <Code codeValue="113701" codingSchemeDesignator="DCM" codeMeaning="X-Ray Radiation Dose Report" />
  </DataElement>
  <DataElement keyword="ContinuityOfContent" tag="0040A050" vr="CS" type="1" vm="1">
    <Value>SEPARATE</Value>
    <Value>CONTINUOUS</Value>
  </DataElement>
  <DataElement keyword="ObservationDateTime" tag="0040A032" vr="DT" type="3" vm="1" />
  <!-- TID 10011 CT Radiation Dose -->
  <DataElement keyword="ContentTemplateSequence" tag="0040A504" vr="SQ" type="1" items="1">
    <Item>
      <DataElement keyword="MappingResource" tag="00080105" vr="CS" type="1" vm="1">
        <Value>DCMR</Value>
      </DataElement>
      <DataElement keyword="TemplateIdentifier" tag="0040DB00" vr="CS" type="1" vm="1">
        <Value>10011</Value>
      </DataElement>
    </Item>
  </DataElement>
  <DataElement keyword="ContentSequence" tag="0040A730" vr="SQ" type="1" items="n">
    <Item type="1">
      <MemberOf keyword="ConceptNameCodeSequence" tag="0040A043" vr="SQ" type="1" vm="1">
        <Code codeValue="121058" codingSchemeDesignator="DCM" codeMeaning="Procedure reported" />
      </MemberOf>
      <DataElement keyword="RelationshipType" tag="0040A010" vr="CS" type="1" vm="1">
        <Value>HAS CONCEPT MOD</Value>
      </DataElement>
      <DataElement keyword="ValueType" tag="0040A040" vr="CS" type="1" vm="1">
        <Value>CODE</Value>
      </DataElement>
      <DataElement keyword="ConceptCodeSequence" tag="0040A168" vr="SQ" type="1" items="1">
        <Code codeValue="P5-08000" codingSchemeDesignator="SRT" codeMeaning="Computed Tomography X-Ray" />
      </DataElement>
      <DataElement keyword="ContentSequence" tag="0040A730" vr="SQ" type="1" vm="1" items="1">
        <Item>
          <DataElement keyword="RelationshipType" tag="0040A010" vr="CS" type="1" vm="1">
            <Value>HAS CONCEPT MOD</Value>
          </DataElement>
          <DataElement keyword="ValueType" tag="0040A040" vr="CS" type="1" vm="1">
            <Value>CODE</Value>
          </DataElement>
          <DataElement keyword="ConceptNameCodeSequence" tag="0040A043" vr="SQ" type="1" items="1">
            <Code codeValue="G-C0E8" codingSchemeDesignator="SRT" codeMeaning="Has Intent" />
          </DataElement>
          <DataElement keyword="ConceptCodeSequence" tag="0040A168" vr="SQ" type="1" items="1">
            <Code codeValue="R-408C3" codingSchemeDesignator="SRT" codeMeaning="Diagnostic Intent" />
            <Code codeValue="R-41531" codingSchemeDesignator="SRT" codeMeaning="Therapeutic Intent" />
            <Code codeValue="R-002E9" codingSchemeDesignator="SRT" codeMeaning="Combined Diagnostic and Therapeutic Procedure" />
          </DataElement>
        </Item>
      </DataElement>
    </Item>
    <Item type="1">
      <MemberOf keyword="ConceptNameCodeSequence" tag="0040A043" vr="SQ" type="1" vm="1">
        <Code codeValue="121012" codingSchemeDesignator="DCM" codeMeaning="Device Observer UID" />
      </MemberOf>
      <DataElement keyword="RelationshipType" tag="0040A010" vr="CS" type="1" vm="1">
        <Value>HAS OBS CONTEXT</Value>
      </DataElement>
      <DataElement keyword="ValueType" tag="0040A040" vr="CS" type="1" vm="1">
        <Value>UIDREF</Value>
      </DataElement>
      <DataElement keyword="UID" tag="0040A124" vr="UI" type="1" vm="1" />
    </Item>
    <Item type="1">
      <MemberOf keyword="ConceptNameCodeSequence" tag="0040A043" vr="SQ" type="1" vm="1">
        <Code codeValue="113809" codingSchemeDesignator="DCM" codeMeaning="Start of X-Ray Irradiation" />
      </MemberOf>
      <DataElement keyword="RelationshipType" tag="0040A010" vr="CS" type="1" vm="1">
        <Value>HAS OBS CONTEXT</Value>
      </DataElement>
      <DataElement keyword="ValueType" tag="0040A040" vr="CS" type="1" vm="1">
        <Value>DATETIME</Value>
      </DataElement>
      <DataElement keyword="DateTime" tag="0040A120" vr="DT" type="1" vm="1" />
    </Item>
    <Item type="1">
      <MemberOf keyword="ConceptNameCodeSequence" tag="0040A043" vr="SQ" type="1" vm="1">
        <Code codeValue="113810" codingSchemeDesignator="DCM" codeMeaning="End of X-Ray Irradiation" />
      </MemberOf>
      <DataElement keyword="RelationshipType" tag="0040A010" vr="CS" type="1" vm="1">
        <Value>HAS OBS CONTEXT</Value>
      </DataElement>
      <DataElement keyword="ValueType" tag="0040A040" vr="CS" type="1" vm="1">
        <Value>DATETIME</Value>
      </DataElement>
      <DataElement keyword="DateTime" tag="0040A120" vr="DT" type="1" vm="1" />
    </Item>
    <Item type="1">
      <MemberOf keyword="ConceptNameCodeSequence" tag="0040A043" vr="SQ" type="1" vm="1">
        <Code codeValue="113705" codingSchemeDesignator="DCM" codeMeaning="Scope of Accumulation" />
      </MemberOf>
      <DataElement keyword="RelationshipType" tag="0040A010" vr="CS" type="1" vm="1">
        <Value>HAS OBS CONTEXT</Value>
      </DataElement>
      <DataElement keyword="ValueType" tag="0040A040" vr="CS" type="1" vm="1">
        <Value>CODE</Value>
      </DataElement>
      <DataElement keyword="ConceptCodeSequence" tag="0040A168" vr="SQ" type="1" items="1">
        <Code codeValue="113016" codingSchemeDesignator="DCM" codeMeaning="Performed Procedure Step" />
      </DataElement>
      <DataElement keyword="ContentSequence" tag="0040A730" vr="SQ" type="1" items="1">
        <Item>
          <DataElement keyword="RelationshipType" tag="0040A010" vr="CS" type="1" vm="1">
            <Value>HAS PROPERTIES</Value>
          </DataElement>
          <DataElement keyword="ValueType" tag="0040A040" vr="CS" type="1" vm="1">
            <Value>UIDREF</Value>
          </DataElement>
          <DataElement keyword="ConceptNameCodeSequence" tag="0040A043" vr="SQ" type="1" items="1">
            <Code codeValue="121126" codingSchemeDesignator="DCM" codeMeaning="Performed Procedure Step SOP Instance UID" />
          </DataElement>
          <DataElement keyword="UID" tag="0040A124" vr="UI" type="1" vm="1" />
        </Item>
      </DataElement>
    </Item>
    <Item type="1">
      <MemberOf keyword="ConceptNameCodeSequence" tag="0040A043" vr="SQ" type="1" vm="1">
        <Code codeValue="113811" codingSchemeDesignator="DCM" codeMeaning="CT Accumulated Dose Data" />
      </MemberOf>
      <DataElement keyword="RelationshipType" tag="0040A010" vr="CS" type="1" vm="1">
        <Value>CONTAINS</Value>
      </DataElement>
      <DataElement keyword="ValueType" tag="0040A040" vr="CS" type="1" vm="1">
        <Value>CONTAINER</Value>
      </DataElement>
      <DataElement keyword="ContinuityOfContent" tag="0040A050" vr="CS" type="1" vm="1">
        <Value>SEPARATE</Value>
      </DataElement>
      <!-- TID 10012 CT Accumulated Dose Data -->
      <DataElement keyword="ContentSequence" tag="0040A730" vr="SQ" type="1" vm="1" items="n">
        <Item type="1">
          <MemberOf keyword="ConceptNameCodeSequence" tag="0040A043" vr="SQ" type="1" vm="1">
            <Code codeValue="113812" codingSchemeDesignator="DCM" codeMeaning="Total Number of Irradiation Events" />
          </MemberOf>
          <DataElement keyword="RelationshipType" tag="0040A010" vr="CS" type="1" vm="1">
            <Value>CONTAINS</Value>
          </DataElement>
          <DataElement keyword="ValueType" tag="0040A040" vr="CS" type="1" vm="1">
            <Value>NUM</Value>
          </DataElement>
          <DataElement keyword="MeasuredValueSequence" tag="0040A300" vr="SQ" type="1" vm="1">
            <Item>
              <DataElement keyword="MeasurementUnitsCodeSequence" tag="004008EA" vr="SQ" type="1" items="1">
                <Code codeValue="{events}" codingSchemeDesignator="UCUM" codeMeaning="events" />
              </DataElement>
              <DataElement keyword="NumericValue" tag="0040A30A" vr="DS" type="1" vm="1" />
            </Item>
          </DataElement>
        </Item>
        <Item type="1">
          <MemberOf keyword="ConceptNameCodeSequence" tag="0040A043" vr="SQ" type="1" vm="1">
            <Code codeValue="113813" codingSchemeDesignator="DCM" codeMeaning="CT Dose Length Product Total" />
          </MemberOf>
          <DataElement keyword="RelationshipType" tag="0040A010" vr="CS" type="1" vm="1">
            <Value>CONTAINS</Value>
          </DataElement>
          <DataElement keyword="ValueType" tag="0040A040" vr="CS" type="1" vm="1">
            <Value>NUM</Value>
          </DataElement>
          <DataElement keyword="MeasuredValueSequence" tag="0040A300" vr="SQ" type="1" vm="1" items="1">
            <Item>
              <DataElement keyword="MeasurementUnitsCodeSequence" tag="004008EA" vr="SQ" type="1" items="1">
                <Code codeValue="mGy.cm" codingSchemeDesignator="UCUM" codeMeaning="mGy.cm" />
              </DataElement>
              <DataElement keyword="NumericValue" tag="0040A30A" vr="DS" type="1" vm="1" />
            </Item>
          </DataElement>
        </Item>
      </DataElement>
    </Item>
    <Item type="1">
      <MemberOf keyword="ConceptNameCodeSequence" tag="0040A043" vr="SQ" type="1" vm="1">
        <Code codeValue="113819" codingSchemeDesignator="DCM" codeMeaning="CT Acquisition" />
      </MemberOf>
      <DataElement keyword="RelationshipType" tag="0040A010" vr="CS" type="1" vm="1">
        <Value>CONTAINS</Value>
      </DataElement>
      <DataElement keyword="ValueType" tag="0040A040" vr="CS" type="1" vm="1">
        <Value>CONTAINER</Value>
      </DataElement>
      <DataElement keyword="ContinuityOfContent" tag="0040A050" vr="CS" type="1" vm="1">
        <Value>SEPARATE</Value>
      </DataElement>
      <!-- TID 10013 -->
      <DataElement keyword="ContentSequence" tag="0040A730" vr="SQ" type="1" vm="1" items="n">
        <Item type="1">
          <MemberOf keyword="ConceptNameCodeSequence" tag="0040A043" vr="SQ" type="1" vm="1">
            <Code codeValue="123014" codingSchemeDesignator="DCM" codeMeaning="Target Region" />
          </MemberOf>
          <DataElement keyword="RelationshipType" tag="0040A010" vr="CS" type="1" vm="1">
            <Value>CONTAINS</Value>
          </DataElement>
          <DataElement keyword="ValueType" tag="0040A040" vr="CS" type="1" vm="1">
            <Value>CODE</Value>
          </DataElement>
          <DataElement keyword="ConceptCodeSequence" tag="0040A168" vr="SQ" type="1" vm="1" items="1" />
        </Item>
        <Item type="1">
          <MemberOf keyword="ConceptNameCodeSequence" tag="0040A043" vr="SQ" type="1" vm="1">
            <Code codeValue="113820" codingSchemeDesignator="DCM" codeMeaning="CT Acquisition Type" />
          </MemberOf>
          <DataElement keyword="RelationshipType" tag="0040A010" vr="CS" type="1" vm="1">
            <Value>CONTAINS</Value>
          </DataElement>
          <DataElement keyword="ValueType" tag="0040A040" vr="CS" type="1" vm="1">
            <Value>CODE</Value>
          </DataElement>
          <DataElement keyword="ConceptCodeSequence" tag="0040A168" vr="SQ" type="1" vm="1" items="1">
            <Code codeValue="113804" codingSchemeDesignator="DCM" codeMeaning="Sequenced Acquisition" />
            <Code codeValue="113805" codingSchemeDesignator="DCM" codeMeaning="Constant Angle Acquisition" />
            <Code codeValue="113806" codingSchemeDesignator="DCM" codeMeaning="Stationary Acquisition" />
            <Code codeValue="113807" codingSchemeDesignator="DCM" codeMeaning="Free Acquisition" />
            <Code codeValue="P5-08001" codingSchemeDesignator="SRT" codeMeaning="SPIRAL" />
          </DataElement>
        </Item>
        <Item type="1">
          <MemberOf keyword="ConceptNameCodeSequence" tag="0040A043" vr="SQ" type="1" vm="1">
            <Code codeValue="113769" codingSchemeDesignator="DCM" codeMeaning="Irradiation Event UID" />
          </MemberOf>
          <DataElement keyword="RelationshipType" tag="0040A010" vr="CS" type="1" vm="1">
            <Value>CONTAINS</Value>
          </DataElement>
          <DataElement keyword="ValueType" tag="0040A040" vr="CS" type="1" vm="1">
            <Value>UIDREF</Value>
          </DataElement>
          <DataElement keyword="UID" tag="0040A124" vr="UI" type="1" vm="1" />
        </Item>
        <Item type="1">
          <MemberOf keyword="ConceptNameCodeSequence" tag="0040A043" vr="SQ" type="1" vm="1">
            <Code codeValue="113822" codingSchemeDesignator="DCM" codeMeaning="CT Acquisition Parameters" />
          </MemberOf>
          <DataElement keyword="RelationshipType" tag="0040A010" vr="CS" type="1" vm="1" >
            <Value>CONTAINS</Value>
          </DataElement>
          <DataElement keyword="ValueType" tag="0040A040" vr="CS" type="1" vm="1" >
            <Value>CONTAINER</Value>
          </DataElement>
          <DataElement keyword="ContinuityOfContent" tag="0040A050" vr="CS" type="1" vm="1" >
            <Value>SEPARATE</Value>
          </DataElement>
          <DataElement keyword="ContentSequence" tag="0040A730" vr="SQ" type="1" vm="1" items="n" >
            <Item type="1">
              <MemberOf keyword="ConceptNameCodeSequence" tag="0040A043" vr="SQ" type="1" vm="1" items="1">
                <Code codeValue="113824" codingSchemeDesignator="DCM" codeMeaning="Exposure Time" />
              </MemberOf>
              <DataElement keyword="RelationshipType" tag="0040A010" vr="CS" type="1" vm="1" >
                <Value>CONTAINS</Value>
              </DataElement>
              <DataElement keyword="ValueType" tag="0040A040" vr="CS" type="1" vm="1" >
                <Value>NUM</Value>
              </DataElement>
              <DataElement keyword="MeasuredValueSequence" tag="0040A300" vr="SQ" type="1" vm="1" items="1" >
                <Item>
                  <DataElement keyword="MeasurementUnitsCodeSequence" tag="004008EA" vr="SQ"  type="1" vm="1" items="1">
                    <Item>
                      <DataElement keyword="CodeValue" tag="00080100" vr="SH" type="1" vm="1" >
                        <Value>s</Value>
                      </DataElement>
                      <DataElement keyword="CodingSchemeDesignator" tag="00080102" vr="SH" type="1" vm="1" >
                        <Value>UCUM</Value>
                      </DataElement>
                      <DataElement keyword="CodeMeaning" tag="00080104" vr="LO" type="1" vm="1" >
                        <Value>s</Value>
                      </DataElement>
                    </Item>
                  </DataElement>
                  <DataElement keyword="NumericValue" tag="0040A30A" vr="DS" type="1" vm="1" />
                </Item>
              </DataElement>
            </Item>
            <Item type="1">
              <!-- TID 10014 -->
              <MemberOf keyword="ConceptNameCodeSequence" tag="0040A043" vr="SQ" type="1" vm="1" items="1">
                <Code codeValue="113825" codingSchemeDesignator="DCM" codeMeaning="Scanning Length" />
              </MemberOf>
              <DataElement keyword="RelationshipType" tag="0040A010" vr="CS" type="1" vm="1" >
                <Value>CONTAINS</Value>
              </DataElement>
              <DataElement keyword="ValueType" tag="0040A040" vr="CS" type="1" vm="1" >
                <Value>NUM</Value>
              </DataElement>
              <DataElement keyword="MeasuredValueSequence" tag="0040A300" vr="SQ" type="1" vm="1" items="1">
                <Item>
                  <DataElement keyword="MeasurementUnitsCodeSequence" tag="004008EA" vr="SQ" type="1" vm="1" >
                    <Item>
                      <DataElement keyword="CodeValue" tag="00080100" vr="SH" type="1" vm="1" >
                        <Value>mm</Value>
                      </DataElement>
                      <DataElement keyword="CodingSchemeDesignator" tag="00080102" vr="SH" type="1" vm="1" >
                        <Value>UCUM</Value>
                      </DataElement>
                      <DataElement keyword="CodeMeaning" tag="00080104" vr="LO" type="1" vm="1" >
                        <Value>mm</Value>
                      </DataElement>
                    </Item>
                  </DataElement>
                  <DataElement keyword="NumericValue" tag="0040A30A" vr="DS" type="1" vm="1" />
                </Item>
              </DataElement>
            </Item>
            <Item type="1">
              <MemberOf keyword="ConceptNameCodeSequence" tag="0040A043" vr="SQ" type="1" vm="1" items="1">
                <Code codeValue="113826" codingSchemeDesignator="DCM" codeMeaning="Nominal Single Collimation Width" />
              </MemberOf>
              <DataElement keyword="RelationshipType" tag="0040A010" vr="CS"  type="1" vm="1" >
                <Value>CONTAINS</Value>
              </DataElement>
              <DataElement keyword="ValueType" tag="0040A040" vr="CS" type="1" vm="1" >
                <Value>NUM</Value>
              </DataElement>
              <DataElement keyword="MeasuredValueSequence" tag="0040A300" vr="SQ" type="1" vm="1" items="1">
                <Item>
                  <DataElement keyword="MeasurementUnitsCodeSequence" tag="004008EA" vr="SQ" type="1" vm="1" items="1">
                    <Code codeValue="mm" codingSchemeDesignator="UCUM" codeMeaning="mm" />
                  </DataElement>
                  <DataElement keyword="NumericValue" tag="0040A30A" vr="DS" type="1" vm="1" />
                </Item>
              </DataElement>
            </Item>
            <Item type="1">
              <MemberOf keyword="ConceptNameCodeSequence" tag="0040A043" vr="SQ" type="1" vm="1" items="1">
                <Code codeValue="113827" codingSchemeDesignator="DCM" codeMeaning="Nominal Total Collimation Width" />
              </MemberOf>
              <DataElement keyword="RelationshipType" tag="0040A010" vr="CS" type="1" vm="1" >
                <Value>CONTAINS</Value>
              </DataElement>
              <DataElement keyword="ValueType" tag="0040A040" vr="CS" type="1" vm="1" >
                <Value>NUM</Value>
              </DataElement>
              <DataElement keyword="MeasuredValueSequence" tag="0040A300" vr="SQ" type="1" vm="1" items="1">
                <Item>
                  <DataElement keyword="MeasurementUnitsCodeSequence" tag="004008EA" vr="SQ" type="1" vm="1" items="1">
                    <Code codeValue="mm" codingSchemeDesignator="UCUM" codeMeaning="mm" />
                  </DataElement>
                  <DataElement keyword="NumericValue" tag="0040A30A" vr="DS" type="1" vm="1" />
                </Item>
              </DataElement>
            </Item>
            <Item type="1">
              <MemberOf keyword="ConceptNameCodeSequence" tag="0040A043" vr="SQ" type="1" vm="1" items="1">
                <Code codeValue="113823" codingSchemeDesignator="DCM" codeMeaning="Number of X-Ray Sources" />
              </MemberOf>
              <DataElement keyword="RelationshipType" tag="0040A010" vr="CS" type="1" vm="1" >
                <Value>CONTAINS</Value>
              </DataElement>
              <DataElement keyword="ValueType" tag="0040A040" vr="CS" type="1" vm="1" >
                <Value>NUM</Value>
              </DataElement>
              <DataElement keyword="MeasuredValueSequence" tag="0040A300" vr="SQ" type="1" vm="1" items="1">
                <Item>
                  <DataElement keyword="MeasurementUnitsCodeSequence" tag="004008EA" vr="SQ" type="1" vm="1" items="1">
                    <Code codeValue="{X-Ray sources}" codingSchemeDesignator="UCUM" codeMeaning="X-Ray sources" />
                  </DataElement>
                  <DataElement keyword="NumericValue" tag="0040A30A" vr="DS" type="1" vm="1" />
                </Item>
              </DataElement>
            </Item>
            <Item type="1">
              <MemberOf keyword="ConceptNameCodeSequence" tag="0040A043" vr="SQ" type="1" vm="1" items="1">
                <Code codeValue="113831" codingSchemeDesignator="DCM" codeMeaning="CT X-Ray Source Parameters" />
              </MemberOf>
              <DataElement keyword="RelationshipType" tag="0040A010" vr="CS" type="1" vm="1" >
                <Value>CONTAINS</Value>
              </DataElement>
              <DataElement keyword="ValueType" tag="0040A040" vr="CS" type="1" vm="1" >
                <Value>CONTAINER</Value>
              </DataElement>
              <DataElement keyword="ContinuityOfContent" tag="0040A050" vr="CS" type="1" vm="1" >
                <Value>SEPARATE</Value>
              </DataElement>
              <DataElement keyword="ContentSequence" tag="0040A730" vr="SQ" type="1" vm="1" items="n">
                <Item type="1">
                  <MemberOf keyword="ConceptNameCodeSequence" tag="0040A043" vr="SQ" type="1" vm="1" items="1">
                    <Code codeValue="113832" codingSchemeDesignator="DCM" codeMeaning="Identification Number of the X-Ray Source" />
                  </MemberOf>
                  <DataElement keyword="RelationshipType" tag="0040A010" vr="CS" type="1" vm="1" >
                    <Value>CONTAINS</Value>
                  </DataElement>
                  <DataElement keyword="ValueType" tag="0040A040" vr="CS" type="1" vm="1" >
                    <Value>TEXT</Value>
                  </DataElement>
                  <DataElement keyword="TextValue" tag="0040A160" vr="UT" type="1" vm="1" />
                </Item>
                <Item type="1">
                  <MemberOf keyword="ConceptNameCodeSequence" tag="0040A043" vr="SQ" type="1" vm="1" items="1">
                    <Code codeValue="113733" codingSchemeDesignator="DCM" codeMeaning="KVP" />
                  </MemberOf>
                  <DataElement keyword="RelationshipType" tag="0040A010" vr="CS" type="1" vm="1" >
                    <Value>CONTAINS</Value>
                  </DataElement>
                  <DataElement keyword="ValueType" tag="0040A040" vr="CS" type="1" vm="1" >
                    <Value>NUM</Value>
                  </DataElement>
                  <DataElement keyword="MeasuredValueSequence" tag="0040A300" vr="SQ" type="1" vm="1" items="1">
                    <Item>
                      <DataElement keyword="MeasurementUnitsCodeSequence" tag="004008EA" vr="SQ" type="1" vm="1" items="1">
                        <Code codeValue="kV" codingSchemeDesignator="UCUM" codeMeaning="kV" />
                      </DataElement>
                      <DataElement keyword="NumericValue" tag="0040A30A" vr="DS" type="1" vm="1" />
                    </Item>
                  </DataElement>
                </Item>
                <Item type="1">
                  <MemberOf keyword="ConceptNameCodeSequence" tag="0040A043" vr="SQ" type="1" vm="1" items="1">
                    <Code codeValue="113833" codingSchemeDesignator="DCM" codeMeaning="Maximum X-Ray Tube Current" />
                  </MemberOf>
                  <DataElement keyword="RelationshipType" tag="0040A010" vr="CS" type="1" vm="1" >
                    <Value>CONTAINS</Value>
                  </DataElement>
                  <DataElement keyword="ValueType" tag="0040A040" vr="CS" type="1" vm="1" >
                    <Value>NUM</Value>
                  </DataElement>
                  <DataElement keyword="MeasuredValueSequence" tag="0040A300" vr="SQ" type="1" vm="1" items="1">
                    <Item>
                      <DataElement keyword="MeasurementUnitsCodeSequence" tag="004008EA" vr="SQ" type="1" vm="1" items="1">
                        <Code codeValue="mA" codingSchemeDesignator="UCUM" codeMeaning="mA" />
                      </DataElement>
                      <DataElement keyword="NumericValue" tag="0040A30A" vr="DS" type="1" vm="1" />
                    </Item>
                  </DataElement>
                </Item>
                <Item type="1">
                  <MemberOf keyword="ConceptNameCodeSequence" tag="0040A043" vr="SQ" type="1" vm="1" items="1">
                    <Code codeValue="113734" codingSchemeDesignator="DCM" codeMeaning="X-Ray Tube Current" />
                  </MemberOf>
                  <DataElement keyword="RelationshipType" tag="0040A010" vr="CS" type="1" vm="1" >
                    <Value>CONTAINS</Value>
                  </DataElement>
                  <DataElement keyword="ValueType" tag="0040A040" vr="CS" type="1" vm="1" >
                    <Value>NUM</Value>
                  </DataElement>
                  <DataElement keyword="MeasuredValueSequence" tag="0040A300" vr="SQ" type="1" vm="1" items="1">
                    <Item>
                      <DataElement keyword="MeasurementUnitsCodeSequence" tag="004008EA" vr="SQ" type="1" vm="1" items="1">
                        <Code codeValue="mA" codingSchemeDesignator="UCUM" codeMeaning="mA" />
                      </DataElement>
                      <DataElement keyword="NumericValue" tag="0040A30A" vr="DS" type="1" vm="1" />
                    </Item>
                  </DataElement>
                </Item>
                <Item type="1">
                  <MemberOf keyword="ConceptNameCodeSequence" tag="0040A043" vr="SQ" type="1" vm="1" items="1">
                    <Code codeValue="113834" codingSchemeDesignator="DCM" codeMeaning="Exposure Time per Rotation" />
                  </MemberOf>
                  <DataElement keyword="RelationshipType" tag="0040A010" vr="CS" type="1" vm="1" >
                    <Value>CONTAINS</Value>
                  </DataElement>
                  <DataElement keyword="ValueType" tag="0040A040" vr="CS" type="1" vm="1" >
                    <Value>NUM</Value>
                  </DataElement>
                  <DataElement keyword="MeasuredValueSequence" tag="0040A300" vr="SQ" type="1" vm="1" items="1">
                    <Item>
                      <DataElement keyword="MeasurementUnitsCodeSequence" tag="004008EA" vr="SQ" type="1" vm="1">
                        <Code codeValue="s" codingSchemeDesignator="UCUM" codeMeaning="s" />
                      </DataElement>
                      <DataElement keyword="NumericValue" tag="0040A30A" vr="DS" type="1" vm="1" />
                    </Item>
                  </DataElement>
                </Item>
              </DataElement>
            </Item>
          </DataElement>
        </Item>
        <Item type="1">
          <MemberOf keyword="ConceptNameCodeSequence" tag="0040A043" vr="SQ" type="1" vm="1" items="1">
            <Code codeValue="113829" codingSchemeDesignator="DCM" codeMeaning="CT Dose" />
          </MemberOf>
          <DataElement keyword="RelationshipType" tag="0040A010" vr="CS" type="1" vm="1" >
            <Value>CONTAINS</Value>
          </DataElement>
          <DataElement keyword="ValueType" tag="0040A040" vr="CS" type="1" vm="1" >
            <Value>CONTAINER</Value>
          </DataElement>
          <DataElement keyword="ContinuityOfContent" tag="0040A050" vr="CS" type="1" vm="1" >
            <Value>SEPARATE</Value>
          </DataElement>
          <DataElement keyword="ContentSequence" tag="0040A730" vr="SQ" type="1" vm="1" >
            <Item type="1">
              <MemberOf keyword="ConceptNameCodeSequence" tag="0040A043" vr="SQ" type="1" vm="1" items="1">
                <Code codeValue="113830" codingSchemeDesignator="DCM" codeMeaning="Mean CTDIvol" />
              </MemberOf>
              <DataElement keyword="RelationshipType" tag="0040A010" vr="CS" type="1" vm="1" >
                <Value>CONTAINS</Value>
              </DataElement>
              <DataElement keyword="ValueType" tag="0040A040" vr="CS" type="1" vm="1" >
                <Value>NUM</Value>
              </DataElement>
              <DataElement keyword="MeasuredValueSequence" tag="0040A300" vr="SQ" type="1" vm="1" items="1">
                <Item>
                  <DataElement keyword="MeasurementUnitsCodeSequence" tag="004008EA" vr="SQ" type="1" vm="1" items="1">
                    <Code codeValue="mGy" codingSchemeDesignator="UCUM" codeMeaning="mGy" />
                  </DataElement>
                  <DataElement keyword="NumericValue" tag="0040A30A" vr="DS" type="1" vm="1" />
                </Item>
              </DataElement>
            </Item>
            <Item type="1">
              <MemberOf keyword="ConceptNameCodeSequence" tag="0040A043" vr="SQ" type="1" vm="1" items="1">
                <Code codeValue="113835" codingSchemeDesignator="DCM" codeMeaning="CTDIw Phantom Type" />
              </MemberOf>
              <DataElement keyword="RelationshipType" tag="0040A010" vr="CS" type="1" vm="1">
                <Value>CONTAINS</Value>
              </DataElement>
              <DataElement keyword="ValueType" tag="0040A040" vr="CS" type="1" vm="1">
                <Value>CODE</Value>
              </DataElement>
              <DataElement keyword="ConceptCodeSequence" tag="0040A168" vr="SQ"  type="1" vm="1" items="1"/>
            </Item>
            <Item type="1">
              <MemberOf keyword="ConceptNameCodeSequence" tag="0040A043" vr="SQ" type="1" vm="1" items="1">
                <Code codeValue="113838" codingSchemeDesignator="DCM" codeMeaning="DLP" />
              </MemberOf>
              <DataElement keyword="RelationshipType" tag="0040A010" vr="CS" type="1" vm="1">
                <Value>CONTAINS</Value>
              </DataElement>
              <DataElement keyword="ValueType" tag="0040A040" vr="CS" type="1" vm="1">
                <Value>NUM</Value>
              </DataElement>
              <DataElement keyword="MeasuredValueSequence" tag="0040A300" vr="SQ" type="1" vm="1" items="1">
                <Item>
                  <DataElement keyword="MeasurementUnitsCodeSequence" tag="004008EA" vr="SQ" type="1" vm="1">
                    <Code codeValue="mGy.cm" codingSchemeDesignator="UCUM" codeMeaning="mGy.cm" />
                  </DataElement>
                  <DataElement keyword="NumericValue" tag="0040A30A" vr="DS" type="1" vm="1"/>
                </Item>
              </DataElement>
            </Item>
          </DataElement>
        </Item>
      </DataElement>
    </Item>
    <Item type="1">
      <MemberOf keyword="ConceptNameCodeSequence" tag="0040A043" vr="SQ" type="1" vm="1">
        <Code codeValue="113854" codingSchemeDesignator="DCM" codeMeaning="Source of Dose Information" />
      </MemberOf>
      <DataElement keyword="RelationshipType" tag="0040A010" vr="CS" type="1" vm="1">
        <Value>CONTAINS</Value>
      </DataElement>
      <DataElement keyword="ValueType" tag="0040A040" vr="CS" type="1" vm="1">
        <Value>CODE</Value>
      </DataElement>
      <DataElement keyword="ConceptCodeSequence" tag="0040A168" vr="SQ" type="1" vm="1" items="1">
        <Code codeValue="113858" codingSchemeDesignator="DCM" codeMeaning="MPPS Content" />
      </DataElement>
    </Item>
  </DataElement>
  <!-- SOP Common Module -->
  <DataElement keyword="SOPClassUID" tag="00080016" vr="UI" type="1" vm="1">
    <Value>1.2.840.10008.5.1.4.1.1.88.67</Value>
  </DataElement>
  <DataElement keyword="SOPInstanceUID" tag="00080018" vr="UI" type="1" vm="1" />
</IOD>