<?xml version="1.0" encoding="UTF-8"?>
<IOD xml-space="preserved">
  <!-- Patient Module -->
  <DataElement keyword="PatientName" tag="00100010" vr="PN" type="2" vm="1" />
  <DataElement keyword="PatientID" tag="00100020" vr="LO" type="2" vm="1" />
  <DataElement keyword="PatientBirthDate" tag="00100030" vr="DA" type="2" vm="1" />
  <DataElement keyword="PatientSex" tag="00100040" vr="CS" type="2" vm="1">
    <Value>M</Value>
    <Value>F</Value>
    <Value>O</Value>
  </DataElement>
  <!-- General Study Module -->
  <DataElement keyword="StudyInstanceUID" tag="0020000D" vr="UI" type="1" vm="1" />
  <DataElement keyword="StudyDate" tag="00080020" vr="DA" type="2" vm="1" />
  <DataElement keyword="StudyTime" tag="00080030" vr="TM" type="2" vm="1" />
  <DataElement keyword="ReferringPhysicianName" tag="00080090" vr="PN" type="2" vm="1" />
  <DataElement keyword="StudyID" tag="00200010" vr="SH" type="2" vm="1" />
  <DataElement keyword="AccessionNumber" tag="00080050" vr="DA" type="2" vm="1" />
  <!-- General Series Module -->
  <DataElement keyword="Modality" tag="00080060" vr="CS" type="1" vm="1" />
  <DataElement keyword="SeriesInstance UID" tag="00020000E" type="1" vr="UI" vm="1" />
  <DataElement keyword="SeriesNumber" tag="00200011" vr="IS" type="2" vm="1" />
  <!-- Frame of Reference Module -->
  <DataElement keyword="FrameOfReferenceUID" tag="00200052" vr="UI" type="1" vm="1" />
  <DataElement keyword="PositionReferenceIndicator" tag="00201040" vr="LO" type="2" vm="1" />
  <!-- General Equipment Module -->
  <DataElement keyword="Manufacturer" tag="00080070" vr="LO" type="2" vm="1" />
  <!-- General Image Module -->
  <DataElement keyword="InstanceNumber" tag="00200013" vr="IS" type="2" vm="1" />
  <!-- Image Plane Module -->
  <DataElement keyword="PixelSpacing" tag="00280030" vr="DS" type="1" vm="2" />
  <DataElement keyword="ImageOrientationPatient" tag="00200037" vr="DS" type="1" vm="6" />
  <DataElement keyword="ImagePositionPatient" tag="00200032" vr="DS" type="1" vm="3" />
  <DataElement keyword="SliceThickness" tag="00180050" vr="LO" type="2" vm="1" />
  <!-- Image Pixel Module -->
  <!--
  <DataElement keyword="SamplesPerPixel" tag="00280002" vr="US" type="1" vm="1"/>
  <DataElement keyword="PhotometricInterpretation" tag="00280004" vr="CS" type="1" vm="1">
    <Value>MONOCHROME1</Value>
    <Value>MONOCHROME2</Value>
    <Value>PALETTE COLOR</Value>
    <Value>RGB</Value>
    <Value>YBR_FULL</Value>
    <Value>YBR_FULL_422</Value>
    <Value>YBR_PARTIAL_422</Value>
    <Value>YBR_PARTIAL_420</Value>
    <Value>YBR_ICT</Value>
    <Value>YBR_RCT</Value>
  </DataElement>
  -->
  <DataElement keyword="Rows" tag="00280010" vr="US" type="1" vm="1" />
  <DataElement keyword="Columns" tag="00280011" vr="US" type="1" vm="1" />
  <!--
  <DataElement keyword="BitsAllocated" tag="00280100" vr="US" type="1" vm="1" />
  -->
  <DataElement keyword="BitsStored" tag="00280101" vr="US" type="1" vm="1" />
  <DataElement keyword="HighBit" tag="00280102" vr="US" type="1" vm="1" />
  <DataElement keyword="PixelRepresentation" tag="00280103" vr="US" type="1" vm="1" >
    <Value>0</Value>
    <Value>1</Value>
  </DataElement>
  <DataElement keyword="PixelData" tag="7FE00010" vr="OW" type="1" vm="1">
    <If>
      <NotPresent keyword="PixelDataProviderURL" tag="00287FE0"/>
    </If>
  </DataElement>
  <DataElement keyword="PixelDataProviderURL" tag="00287FE0" vr="UT" type="1" vm="1">
    <If>
      <NotPresent keyword="PixelData" tag="7FE00010"/>
    </If>
  </DataElement>
  <!-- MR Image Module -->
  
  <DataElement keyword="ImageType" tag="00080008" vr="CS" type="1" vm="3-n" />
  <DataElement keyword="SamplesPerPixel" tag="00280002" vr="US" type="1" vm="1">
    <Value>1</Value>
  </DataElement>
  <DataElement keyword="PhotometricInterpretation" tag="00280004" vr="CS" type="1" vm="1">
    <Value>MONOCHROME1</Value>
    <Value>MONOCHROME2</Value>
  </DataElement>
  <DataElement keyword="BitsAllocated" tag="00280100" vr="US" type="1" vm="1">
    <Value>16</Value>
  </DataElement>
  <DataElement keyword="ScanningSequence" tag="00180020" vr="CS" type="1" vm="1-n">
    <Value>SE</Value>
    <Value>IR</Value>
    <Value>GR</Value>
    <Value>EP</Value>
    <Value>RM</Value>
  </DataElement>
  <DataElement keyword="SequenceVariant" tag="00180021" vr="CS" type="1" vm="1-n"/>
  <DataElement keyword="ScanOptions" tag="00180022" vr="CS" type="2" vm="1-n"/>
  <DataElement keyword="MRAcquisitionType" tag="00180023" vr="CS" type="2" vm="1">
    <Value>2D</Value>
    <Value>3D</Value>
  </DataElement>
  <DataElement keyword="RepetitionTime" tag="00180080" vr="DS" type="2" vm="1">
    <If>
      <Or>
        <NotMemberOf keyword="ScanningSequence" tag="00180020" vr="CS">
            <Value>EP</Value>
        </NotMemberOf>
        <MemberOf keyword="SequenceVariant" tag="00180021" vr="CS">
            <Value>SK</Value>
        </MemberOf>
      </Or>
    </If>
  </DataElement> 
  <DataElement keyword="EchoTime" tag="00180081" vr="DS" type="2" vm="1" />
  <DataElement keyword="EchoTrainLength" tag="00180091" vr="IS" type="2" vm="1" />
  <DataElement keyword="InversionTime" tag="00180082" vr="DS" type="2" vm="1">
    <If>
      <MemberOf keyword="ScanningSequence" tag="00180020" vr="CS" valueNumber="1">
        <Value>IR</Value>
      </MemberOf>
    </If>
  </DataElement>
  <DataElement keyword="TriggerTime" tag="00181060" vr="DS" type="2" vm="1">
    <If>
      <MemberOf keyword="ScanOptions" tag="00180022" vr="CS">
        <Value>CG</Value>
        <Value>PPG</Value>
      </MemberOf>
    </If>
  </DataElement>
  <!-- SOP Common Module -->
  <DataElement keyword="SOPClassUID" tag="00080016" vr="UI" type="1" vm="1" />
  <DataElement keyword="SOPInstanceUID" tag="00080018" vr="UI" type="1" vm="1" />
</IOD>
