{
    "twitter":{
        "appKey":"PASTE_HERE",
        "appSecret":"PASTE_HERE"
    },
    "foursquare" : {
        "appKey" : "PASTE_HERE",
        "appSecret" : "PASTE_HERE"
    },
    "github" : {
        "appKey" : "PASTE_HERE",
        "appSecret" : "PASTE_HERE"
    },
    "facebook" : {
        "appKey" : "PASTE_HERE",
        "appSecret" : "PASTE_HERE"
    },
    "gcontacts" : {
        "appKey" : "PASTE_HERE",
        "appSecret" : "PASTE_HERE"
    },
    "flickr" : {
        "appKey" : "PASTE_HERE",
        "appSecret" : "PASTE_HERE"
    },
    "instagram" : {
        "appKey" : "PASTE_HERE",
        "appSecret" : "PASTE_HERE"
    },
    "glatitude" : {
        "appKey" : "PASTE_HERE",
        "appSecret" : "PASTE_HERE"
    }
}