Ticker,Company Name
A,Agilent Technologies Inc. 
AA,Alcoa Corporation 
AAC,Ares Acquisition Corporation  
AAL,American Airlines Group Inc. 
AAN,Aarons Holdings Company Inc. 
AAOI,Applied Optoelectronics Inc. 
AAON,Aaon Inc. 
AAP,Advance Auto Parts Inc.
AAPL,Apple Inc. 
AAT,American Assets Trust Inc. 
ABBV,Abbvie Inc. 
ABC,Amerisourcebergen Corporation 
ABCB,Ameris Bancorp 
ABEO,Abeona Therapeutics Inc. 
ABG,Asbury Automotive Group Inc 
ABM,Abm Industries Incorporated 
ABR,Arbor Realty Trust 
ABT,Abbott Laboratories 
AC,Associated Capital Group Inc. 
ACAD,Acadia Pharmaceuticals Inc. 
ACCO,Acco Brands Corporation 
ACET,Adicet Bio Inc. 
ACFN,
ACGL,Arch Capital Group Ltd. 
ACHC,Acadia Healthcare Company Inc. 
ACHN,
ACI,Albertsons Companies Inc.  
ACIW,Aci Worldwide Inc. 
ACLS,Axcelis Technologies Inc. 
ACM,Aecom 
ACN,Accenture Plc   (Ireland)
ACNB,Acnb Corporation 
ACOR,Acorda Therapeutics Inc. 
ACRE,Ares Commercial Real Estate Corporation 
ACRS,Aclaris Therapeutics Inc. 
ACRX,Acelrx Pharmaceuticals Inc. 
ACT,Enact Holdings Inc. 
ACTG,Acacia Research Corporation (Acacia Tech) 
ACTL,
ACTV,Leadershares Activist Leaders Etf
ACUR,
ACV,Virtus Diversified Income & Convertible Fund  Of Beneficial Interest
ADBE,Adobe Inc. 
ADC,Agree Realty Corporation 
ADCT,Adc Therapeutics Sa 
ADES,Advanced Emissions Solutions Inc. 
ADI,Analog Devices Inc. 
ADM,Archer-Daniels-Midland Company 
ADNT,Adient Plc 
ADP,Automatic Data Processing Inc. 
ADPT,Adaptive Biotechnologies Corporation 
ADSK,Autodesk Inc. 
ADT,Adt Inc. 
ADTN,Adtran Holdings Inc. 
ADUS,Addus Homecare Corporation 
ADXS,
AE,Adams Resources & Energy Inc. 
AEE,Ameren Corporation 
AEIS,Advanced Energy Industries Inc. 
AEL,American Equity Investment Life Holding Company 
AEO,American Eagle Outfitters Inc. 
AEP,American Electric Power Company Inc. 
AES,The Aes Corporation 
AFFY,
AFG,American Financial Group Inc. 
AFL,Aflac Incorporated 
AG,First Majestic Silver Corp.  (Canada)
AGCO,Agco Corporation 
AGEN,Agenus Inc. 
AGFS,
AGIO,Agios Pharmaceuticals Inc. 
AGL,Agilon Health Inc. 
AGM,Federal Agricultural Mortgage Corporation 
AGNC,Agnc Investment Corp. 
AGO,Assured Guaranty Ltd. 
AGR,Avangrid Inc. 
AGX,Argan Inc. 
AGYS,Agilysys Inc.  (De)
AHH,Armada Hoffler Properties Inc. 
AHT,Ashford Hospitality Trust Inc 
AI,C3.Ai Inc.  
AIG,American International Group Inc. New 
AIMC,
AIN,Albany International Corporation 
AIQ,Global X Artificial Intelligence & Technology Etf
AIR,Aar Corp. 
AIT,Applied Industrial Technologies Inc. 
AIV,Apartment Investment And Management Company 
AIZ,Assurant Inc. 
AJG,Arthur J. Gallagher & Co. 
AJRD,Aerojet Rocketdyne Holdings Inc. 
AJX,Great Ajax Corp. 
AKAM,Akamai Technologies Inc. 
AKBA,Akebia Therapeutics Inc. 
AKR,Acadia Realty Trust 
AKTS,Akoustis Technologies Inc. 
AL,Air Lease Corporation  
ALB,Albemarle Corporation 
ALC,Alcon Inc. 
ALCO,Alico Inc. 
ALE,Allete Inc.
ALEX,Alexander & Baldwin Inc.  Reit Holding Company
ALG,Alamo Group Inc. 
ALGN,Align Technology Inc. 
ALGT,Allegiant Travel Company 
ALIM,Alimera Sciences Inc. 
ALK,Alaska Air Group Inc. 
ALKS,Alkermes Plc 
ALL,Allstate Corporation (The) 
ALLE,Allegion Plc 
ALLY,Ally Financial Inc. 
ALNY,Alnylam Pharmaceuticals Inc. 
ALRM,Alarm.Com Holdings Inc. 
ALSN,Allison Transmission Holdings Inc. 
ALTR,Altair Engineering Inc.  
ALV,Autoliv Inc. 
ALX,Alexander'S Inc. 
AM,Antero Midstream Corporation 
AMAT,Applied Materials Inc. 
AMBA,Ambarella Inc. 
AMBC,Ambac Financial Group Inc. 
AMC,Amc Entertainment Holdings Inc.  
AMCX,Amc Networks Inc.  
AMD,Advanced Micro Devices Inc. 
AME,Ametek Inc.
AMED,Amedisys Inc 
AMG,Affiliated Managers Group Inc. 
AMGN,Amgen Inc. 
AMH,American Homes 4 Rent  Of Beneficial Interest
AMKR,Amkor Technology Inc. 
AMN,Amn Healthcare Services Inc Amn Healthcare Services Inc
AMNB,American National Bankshares Inc. 
AMOT,Allied Motion Technologies Inc.
AMP,Ameriprise Financial Inc. 
AMPE,Ampio Pharmaceuticals Inc.
AMPH,Amphastar Pharmaceuticals Inc. 
AMPL,Amplitude Inc.  
AMR,Alpha Metallurgical Resources Inc. 
AMRC,Ameresco Inc.  
AMRS,Amyris Inc. 
AMSC,American Superconductor Corporation 
AMSF,Amerisafe Inc. 
AMSWA,American Software Inc.  
AMT,American Tower Corporation (Reit) 
AMTD,Amtd Idea Group American Depositary Shares Each Representing Two  
AMWD,American Woodmark Corporation 
AMZN,Amazon.Com Inc. 
AN,Autonation Inc. 
ANAB,Anaptysbio Inc. 
ANDE,Andersons Inc. (The) 
ANET,Arista Networks Inc. 
ANF,Abercrombie & Fitch Company 
ANGI,Angi Inc.  
ANGO,Angiodynamics Inc. 
ANIK,Anika Therapeutics Inc. 
ANIP,Ani Pharmaceuticals Inc.
ANSS,Ansys Inc. 
ANTH,
AON,Aon Plc   (Ireland)
AOS,A.O. Smith Corporation 
AOSL,Alpha And Omega Semiconductor Limited 
AP,Ampco-Pittsburgh Corporation 
APA,Apa Corporation 
APAC,Stonebridge Acquisition Corporation  
APAM,Artisan Partners Asset Management Inc.  
APD,Air Products And Chemicals Inc. 
APEI,American Public Education Inc. 
APH,Amphenol Corporation 
APLE,Apple Hospitality Reit Inc. 
APOG,Apogee Enterprises Inc. 
APP,Applovin Corporation  
APPF,Appfolio Inc.  
AQMS,Aqua Metals Inc. 
AR,Antero Resources Corporation 
ARAY,Accuray Incorporated 
ARB,Altshares Merger Arbitrage Etf
ARC,Arc Document Solutions Inc. 
ARCB,Arcbest Corporation 
ARCC,Ares Capital Corporation 
ARCH,Arch Resources Inc.  
ARDX,Ardelyx Inc. 
ARE,Alexandria Real Estate Equities Inc. 
ARI,Apollo Commercial Real Estate Finance Inc
ARL,American Realty Investors Inc. 
ARMK,Aramark 
ARNC,Arconic Corporation 
AROC,Archrock Inc. 
AROW,Arrow Financial Corporation 
ARP,
ARR,Armour Residential Reit Inc.
ARRY,Array Technologies Inc. 
ARTL,Artelo Biosciences Inc. 
ARTNA,Artesian Resources Corporation  
ARW,Arrow Electronics Inc. 
ARYX,
ASB,Associated Banc-Corp 
ASC,Ardmore Shipping Corporation 
ASCA,A Spac I Acquisition Corp.  
ASGN,Asgn Incorporated 
ASH,Ashland Inc. 
ASIX,Advansix Inc. 
ASMB,Assembly Biosciences Inc. 
ASPS,Altisource Portfolio Solutions S.A. 
ASTE,Astec Industries Inc. 
ASTI,Ascent Solar Technologies Inc. 
ASYS,Amtech Systems Inc. 
ATEC,Alphatec Holdings Inc. 
ATEN,A10 Networks Inc. 
ATGE,Adtalem Global Education Inc. 
ATHX,Athersys Inc. 
ATI,Ati Inc. 
ATKR,Atkore Inc. 
ATLO,Ames National Corporation 
ATNI,Atn International Inc. 
ATO,Atmos Energy Corporation 
ATR,Aptargroup Inc. 
ATRA,Atara Biotherapeutics Inc. 
ATRC,Atricure Inc. 
ATRI,Atrion Corporation 
ATRO,Astronics Corporation 
ATSG,Air Transport Services Group Inc
ATVI,Activision Blizzard Inc. 
AUBN,Auburn National Bancorporation Inc. 
AUMN,Golden Minerals Company 
AVA,Avista Corporation 
AVAV,Aerovironment Inc. 
AVB,Avalonbay Communities Inc. 
AVD,American Vanguard Corporation  ($0.10 Par Value)
AVGO,Broadcom Inc. 
AVHI,
AVID,Avid Technology Inc. 
AVIV,Avantis International Large Cap Value Etf
AVNW,Aviat Networks Inc. 
AVT,Avnet Inc. 
AVTR,Avantor Inc. 
AVXL,Anavex Life Sciences Corp. 
AVY,Avery Dennison Corporation 
AWAY,Etfmg Travel Tech Etf
AWH,Aspira Women'S Health Inc. 
AWI,Armstrong World Industries Inc 
AWK,American Water Works Company Inc. 
AWR,American States Water Company 
AXAS,
AXDX,Accelerate Diagnostics Inc. 
AXGN,Axogen Inc. 
AXL,American Axle & Manufacturing Holdings Inc. 
AXON,Axon Enterprise Inc. 
AXP,American Express Company 
AXR,Amrep Corporation 
AXS,Axis Capital Holdings Limited 
AXTA,Axalta Coating Systems Ltd. 
AXTI,Axt Inc 
AYI,Acuity Brands Inc.
AYX,Alteryx Inc.  
AZO,Autozone Inc. 
AZPN,Aspen Technology Inc. 
AZZ,Azz Inc.
B,Barnes Group Inc. 
BA,Boeing Company (The) 
BAC,Bank Of America Corporation 
BAH,Booz Allen Hamilton Holding Corporation 
BALT,Innovator Defined Wealth Shield Etf
BANC,Banc Of California Inc. 
BANF,Bancfirst Corporation 
BANR,Banner Corporation 
BATRA,Liberty Media Corporation Series A Liberty Braves 
BATRK,Liberty Media Corporation Series C Liberty Braves 
BAX,Baxter International Inc. 
BBBY,Bed Bath & Beyond Inc. 
BBGI,Beasley Broadcast Group Inc.  
BBSI,Barrett Business Services Inc. 
BBW,Build-A-Bear Workshop Inc. 
BBY,Best Buy Co. Inc. 
BC,Brunswick Corporation 
BCBP,Bcb Bancorp Inc. (Nj) 
BCC,Boise Cascade L.L.C. 
BCO,Brinks Company (The) 
BCOV,Brightcove Inc. 
BCPC,Balchem Corporation 
BCRX,Biocryst Pharmaceuticals Inc. 
BDC,Belden Inc 
BDN,Brandywine Realty Trust 
BDX,Becton Dickinson And Company 
BEAM,Beam Therapeutics Inc. 
BEAT,Heartbeam Inc. 
BEBE,
BECN,Beacon Roofing Supply Inc. 
BELFB,Bel Fuse Inc.  
BEN,Franklin Resources Inc. 
BERY,Berry Global Group Inc. 
BF.A,Brown Forman Corporation
BF.B,Brown Forman Corporation
BFAM,Bright Horizons Family Solutions Inc. 
BFIN,Bankfinancial Corporation 
BFS,Saul Centers Inc. 
BG,Bunge Limited Bunge Limited
BGCP,Bgc Partners Inc  
BGFV,Big 5 Sporting Goods Corporation 
BGMD,
BGS,B&G Foods Inc. B&G Foods Inc. 
BGSF,Bgsf Inc. 
BH,Biglari Holdings Inc.  
BHB,Bar Harbor Bankshares Inc. 
BHE,Benchmark Electronics Inc. 
BHLB,Berkshire Hills Bancorp Inc. 
BHVN,Biohaven Ltd. 
BIDU,Baidu Inc. Ads
BIG,Big Lots Inc. 
BIIB,Biogen Inc. 
BIO,Bio-Rad Laboratories Inc.  
BIOL,Biolase Inc. 
BIOS,Bioplus Acquisition Corp.  
BJ,Bj'S Wholesale Club Holdings Inc. 
BJRI,Bj'S Restaurants Inc. 
BK,The Bank Of New York Mellon Corporation 
BKH,Black Hills Corporation 
BKI,Black Knight Inc. 
BKR,Baker Hughes Company  
BKU,Bankunited Inc. 
BL,Blackline Inc. 
BLBD,Blue Bird Corporation 
BLCM,Bellicum Pharmaceuticals Inc. 
BLD,Topbuild Corp. 
BLDR,Builders Firstsource Inc. 
BLK,Blackrock Inc. 
BLKB,Blackbaud Inc. 
BLMN,Bloomin' Brands Inc. 
BLUE,Bluebird Bio Inc. 
BLX,Banco Latinoamericano De Comercio Exterior S.A.
BMI,Badger Meter Inc. 
BMR,Beamr Imaging Ltd. 
BMRC,Bank Of Marin Bancorp 
BMRN,Biomarin Pharmaceutical Inc. 
BMY,Bristol-Myers Squibb Company 
BNE,Etf Series Solutions Blue Horizon Bne Etf
BNED,Barnes & Noble Education Inc 
BODY,The Beachbody Company Inc.  
BOH,Bank Of Hawaii Corporation 
BOKF,Bok Financial Corporation 
BOLT,Bolt Biotherapeutics Inc. 
BOOM,Dmc Global Inc. 
BOOT,Boot Barn Holdings Inc. 
BOX,Box Inc.  
BPMC,Blueprint Medicines Corporation 
BPOP,Popular Inc. 
BR,Broadridge Financial Solutions Inc. 
BRC,Brady Corporation 
BRK.B,Berkshire Hathaway Inc.
BRKL,Brookline Bancorp Inc. 
BRKR,Bruker Corporation 
BRLI,Brilliant Acquisition Corporation 
BRO,Brown & Brown Inc. 
BRX,Brixmor Property Group Inc. 
BRY,Berry Corporation (Bry) 
BSRR,Sierra Bancorp 
BSX,Boston Scientific Corporation 
BTU,Peabody Energy Corporation 
BUD,Anheuser-Busch Inbev Sa Sponsored Adr (Belgium)
BUFF,Innovator Laddered Allocation Power Buffer Etf
BURL,Burlington Stores Inc. 
BUSE,First Busey Corporation  
BV,Brightview Holdings Inc. 
BW,Babcock & Wilcox Enterprises Inc. 
BWA,Borgwarner Inc. 
BWC,Blue Whale Acquisition Corp I  
BWEN,Broadwind Inc. 
BWFG,Bankwell Financial Group Inc. 
BWXT,Bwx Technologies Inc. 
BXC,Bluelinx Holdings Inc. 
BXP,Boston Properties Inc. 
BYD,Boyd Gaming Corporation 
BZ,Kanzhun Limited American Depository Shares
BZH,Beazer Homes Usa Inc. 
C,Citigroup Inc. 
CAAS,China Automotive Systems Inc. 
CABO,Cable One Inc. 
CAC,Camden National Corporation 
CACC,Credit Acceptance Corporation 
CACI,Caci International Inc.  
CADE,Cadence Bank 
CAE,Cae Inc. 
CAG,Conagra Brands Inc. 
CAH,Cardinal Health Inc. 
CAKE,Cheesecake Factory Incorporated (The) 
CAL,Caleres Inc. 
CALA,
CALM,Cal-Maine Foods Inc. 
CALX,Calix Inc 
CAMP,Calamp Corp. 
CAR,Avis Budget Group Inc. 
CARA,Cara Therapeutics Inc. 
CARS,Cars.Com Inc. 
CASH,Pathward Financial Inc. 
CASS,Cass Information Systems Inc 
CASY,Casey'S General Stores Inc. 
CAT,Caterpillar Inc. 
CATO,Cato Corporation (The)  
CATY,Cathay General Bancorp 
CB,Chubb Limited 
CBL,Cbl & Associates Properties Inc. 
CBNK,Capital Bancorp Inc. 
CBOE,
CBRL,Cracker Barrel Old Country Store Inc 
CBSH,Commerce Bancshares Inc. 
CBT,Cabot Corporation 
CBU,Community Bank System Inc. 
CBZ,Cbiz Inc. 
CC,Chemours Company (The) 
CCBG,Capital City Bank Group 
CCF,Chase Corporation 
CCI,Crown Castle Inc. 
CCK,Crown Holdings Inc.
CCL,Carnival Corporation 
CCNE,Cnb Financial Corporation 
CCO,Clear Channel Outdoor Holdings Inc. 
CCOI,Cogent Communications Holdings Inc.
CCRN,Cross Country Healthcare Inc.  $0.0001 Par Value
CCS,Century Communities Inc. 
CCU,Compania Cervecerias Unidas S.A. 
CDE,Coeur Mining Inc. 
CDNS,Cadence Design Systems Inc. 
CDW,Cdw Corporation 
CDXS,Codexis Inc. 
CDZI,Cadiz Inc. 
CE,Celanese Corporation Celanese Corporation 
CECO,Ceco Environmental Corp. 
CEG,Constellation Energy Corporation 
CELL,Phenomex Inc. 
CEM,Clearbridge Mlp And Midstream Fund Inc. 
CENT,Central Garden & Pet Company 
CENTA,Central Garden & Pet Company   Nonvoting
CENX,Century Aluminum Company 
CERS,Cerus Corporation 
CEVA,Ceva Inc. 
CF,Cf Industries Holdings Inc. 
CFFI,C&F Financial Corporation 
CFFN,Capitol Federal Financial Inc. 
CFG,Citizens Financial Group Inc. 
CFMS,Conformis Inc. 
CFNB,
CFR,Cullen/Frost Bankers Inc. 
CGA,China Green Agriculture Inc. 
CGNX,Cognex Corporation 
CHB,Global X China Biotech Innovation Etf
CHCO,City Holding Company 
CHCT,Community Healthcare Trust Incorporated 
CHD,Church & Dwight Company Inc. 
CHDN,Churchill Downs Incorporated 
CHE,Chemed Corp
CHEF,The Chefs' Warehouse Inc. 
CHGG,Chegg Inc. 
CHH,Choice Hotels International Inc. 
CHIC,Global X Funds Global X Msci China Communication Services Etf
CHK,Chesapeake Energy Corporation 
CHKP,Check Point Software Technologies Ltd. 
CHMG,Chemung Financial Corp 
CHMI,Cherry Hill Mortgage Investment Corporation 
CHRD,Chord Energy Corporation 
CHRS,Coherus Biosciences Inc. 
CHRW,C.H. Robinson Worldwide Inc. 
CHS,Chico'S Fas Inc. 
CHTR,Charter Communications Inc.   New
CHUY,Chuy'S Holdings Inc. 
CI,The Cigna Group 
CIA,Citizens Inc.   ($1.00 Par)
CIEN,Ciena Corporation 
CIM,Chimera Investment Corporation 
CINF,Cincinnati Financial Corporation 
CIO,City Office Reit Inc. 
CIR,Circor International Inc. 
CIVB,Civista Bancshares Inc. 
CIVI,Civitas Resources Inc. 
CIX,Compx International Inc. 
CIZN,Citizens Holding Company 
CL,Colgate-Palmolive Company 
CLB,Core Laboratories N.V. 
CLDT,Chatham Lodging Trust (Reit)  Of Beneficial Interest
CLDX,Celldex Therapeutics Inc.
CLF,Cleveland-Cliffs Inc. 
CLFD,Clearfield Inc. 
CLH,Clean Harbors Inc. 
CLNE,Clean Energy Fuels Corp. 
CLPR,Clipper Realty Inc. 
CLSD,Clearside Biomedical Inc. 
CLW,Clearwater Paper Corporation 
CLX,Clorox Company (The) 
CMA,Comerica Incorporated 
CMC,Commercial Metals Company 
CMCO,Columbus Mckinnon Corporation 
CMCSA,Comcast Corporation  
CMI,Cummins Inc. 
CMLS,Cumulus Media Inc.  
CMP,Compass Minerals Intl Inc 
CMPR,Cimpress Plc  (Ireland)
CMRE,Costamare Inc.  $0.0001 Par Value
CMRX,Chimerix Inc. 
CMS,Cms Energy Corporation 
CMT,Core Molding Technologies Inc 
CMTL,Comtech Telecommunications Corp. 
CNA,Cna Financial Corporation 
CNC,Centene Corporation 
CNDT,Conduent Incorporated 
CNET,Zw Data Action Technologies Inc. 
CNK,Cinemark Holdings Inc Cinemark Holdings Inc. 
CNMD,Conmed Corporation 
CNO,Cno Financial Group Inc. 
CNOB,Connectone Bancorp Inc. 
CNP,Centerpoint Energy Inc (Holding Co) 
CNS,Cohen & Steers Inc 
CNSL,Consolidated Communications Holdings Inc. 
CNTY,Century Casinos Inc. 
CNX,Cnx Resources Corporation 
CNXN,Pc Connection Inc. 
COCO,The Vita Coco Company Inc. 
CODI,D/B/A Compass Diversified Holdings Shares Of Beneficial Interest
COF,Capital One Financial Corporation 
COGT,Cogent Biosciences Inc. 
COHR,Coherent Corp. 
COHU,Cohu Inc. 
COKE,Coca-Cola Consolidated Inc. 
COLB,Columbia Banking System Inc. 
COLL,Collegium Pharmaceutical Inc. 
COLM,Columbia Sportswear Company 
COMM,Commscope Holding Company Inc. 
COMS,Comsovereign Holding Corp. 
CONN,Conn'S Inc. 
COO,The Cooper Companies Inc. 
COP,Conocophillips 
CORP,Pimco Investment Grade Corporate Bond Index Exchange-Traded Fu
CORR,Corenergy Infrastructure Trust Inc. 
CORS,Corsair Partnering Corporation  
CORT,Corcept Therapeutics Incorporated 
COST,Costco Wholesale Corporation 
COTY,Coty Inc.  
CPA,Copa Holdings S.A. Copa Holdings S.A.  
CPB,Campbell Soup Company 
CPE,Callon Petroleum Company 
CPF,Central Pacific Financial Corp New
CPII,Tidal Etf Trust Ionic Inflation Protection Etf
CPK,Chesapeake Utilities Corporation 
CPRT,Copart Inc. (De) 
CPRX,Catalyst Pharmaceuticals Inc. 
CPS,Cooper-Standard Holdings Inc. 
CPSI,Computer Programs And Systems Inc. 
CPSS,Consumer Portfolio Services Inc. 
CPT,Camden Property Trust 
CPWR,
CR,Crane Company 
CRAI,Cra International Inc. 
CRBP,Corbus Pharmaceuticals Holdings Inc. 
CRC,California Resources Corporation 
CRD.B,Crawford & Company
CRI,Carter'S Inc. 
CRIS,Curis Inc. 
CRK,Comstock Resources Inc. 
CRL,Charles River Laboratories International Inc. 
CRM,Salesforce Inc. 
CRMT,America'S Car-Mart Inc 
CROX,Crocs Inc. 
CRS,Carpenter Technology Corporation 
CRUS,Cirrus Logic Inc. 
CRVL,Corvel Corp. 
CRVS,Corvus Pharmaceuticals Inc. 
CSA,Victoryshares Us Small Cap Volatility Wtd Etf
CSCO,Cisco Systems Inc.  (De)
CSGP,Costar Group Inc. 
CSGS,Csg Systems International Inc. 
CSH,
CSII,Cardiovascular Systems Inc. 
CSL,Carlisle Companies Incorporated 
CSR,D/B/A Centerspace 
CSTE,Caesarstone Ltd. 
CSTR,Capstar Financial Holdings Inc. 
CSV,Carriage Services Inc. 
CSWC,Capital Southwest Corporation 
CSWI,Csw Industrials Inc. 
CSX,Csx Corporation 
CTAS,Cintas Corporation 
CTBI,Community Trust Bancorp Inc. 
CTIC,Cti Biopharma Corp. (De) 
CTLT,Catalent Inc. 
CTMX,Cytomx Therapeutics Inc. 
CTO,Cto Realty Growth Inc. 
CTR,Clearbridge Mlp And Midstream Total Return Fund Inc. 
CTRE,Caretrust Reit Inc. 
CTRN,Citi Trends Inc. 
CTS,Cts Corporation 
CTSH,Cognizant Technology Solutions Corporation  
CTV,Innovid Corp. 
CUBE,Cubesmart 
CUBI,Customers Bancorp Inc 
CUTR,Cutera Inc. 
CUZ,Cousins Properties Incorporated 
CVBF,Cvb Financial Corporation 
CVCO,Cavco Industries Inc.  When Issued
CVCY,Central Valley Community Bancorp 
CVGI,Commercial Vehicle Group Inc. 
CVGW,Calavo Growers Inc. 
CVI,Cvr Energy Inc. 
CVLT,Commvault Systems Inc. 
CVLY,Codorus Valley Bancorp Inc 
CVNA,Carvana Co.  
CVS,Cvs Health Corporation 
CVX,Chevron Corporation 
CW,Curtiss-Wright Corporation 
CWCO,Consolidated Water Co. Ltd. 
CWH,Camping World Holdings Inc.  
CWST,Casella Waste Systems Inc.  
CWT,California Water Service Group 
CXM,Sprinklr Inc.  
CXW,Corecivic Inc. 
CYH,Community Health Systems Inc. 
CYN,Cyngn Inc. 
CYT,Cyteir Therapeutics Inc. 
CYTK,Cytokinetics Incorporated 
CZNC,Citizens & Northern Corp 
CZR,Caesars Entertainment Inc. 
D,Dominion Energy Inc. 
DAKT,Daktronics Inc. 
DAL,Delta Air Lines Inc. 
DAN,Dana Incorporated 
DAR,Darling Ingredients Inc. 
DBD,Diebold Nixdorf Incorporated 
DCI,Donaldson Company Inc. 
DCO,Ducommun Incorporated 
DCOM,Dime Community Bancshares Inc. 
DCP,Dcp Midstream Lp Common Units
DCT,
DCTH,Delcath Systems Inc. 
DD,Dupont De Nemours Inc. 
DDD,3D Systems Corporation 
DDS,Dillard'S Inc. 
DE,Deere & Company 
DEA,Easterly Government Properties Inc. 
DECK,Deckers Outdoor Corporation 
DEI,Douglas Emmett Inc. 
DELL,Dell Technologies Inc. Class C 
DENN,Denny'S Corporation 
DERM,Journey Medical Corporation 
DFIN,Donnelley Financial Solutions Inc. 
DFS,Discover Financial Services 
DG,Dollar General Corporation 
DGICA,Donegal Group Inc.  
DGII,Digi International Inc. 
DGX,Quest Diagnostics Incorporated 
DHI,D.R. Horton Inc. 
DHIL,Diamond Hill Investment Group Inc.  
DHR,Danaher Corporation 
DHT,Dht Holdings Inc.
DHX,Dhi Group Inc. 
DIN,Dine Brands Global Inc. 
DIOD,Diodes Incorporated 
DIS,Walt Disney Company (The) 
DISH,Dish Network Corporation  
DJCO,Daily Journal Corp. (S.C.) 
DK,Delek Us Holdings Inc. 
DKS,Dick'S Sporting Goods Inc 
DLA,Delta Apparel Inc. 
DLB,Dolby Laboratories 
DLR,Digital Realty Trust Inc. 
DLTH,Duluth Holdings Inc.  
DLTR,Dollar Tree Inc. 
DLX,Deluxe Corporation 
DM,Desktop Metal Inc.  
DMAN,
DMRC,Digimarc Corporation 
DNA,Ginkgo Bioworks Holdings Inc.  
DNB,Dun & Bradstreet Holdings Inc. 
DNOW,Now Inc. 
DO,Diamond Offshore Drilling Inc. 
DOC,Physicians Realty Trust  Of Beneficial Interest
DOLE,Dole Plc 
DOOR,Masonite International Corporation  (Canada)
DORM,Dorman Products Inc. 
DOV,Dover Corporation 
DOW,Dow Inc. 
DOX,Amdocs Limited 
DPZ,Domino'S Pizza Inc 
DRH,Diamondrock Hospitality Company 
DRI,Darden Restaurants Inc. 
DRIV,Global X Autonomous & Electric Vehicles Etf
DRQ,Dril-Quip Inc. 
DRRX,Durect Corporation 
DSKE,Daseke Inc. 
DSL,Doubleline Income Solutions Fund  Of Beneficial Interests
DTE,Dte Energy Company 
DTG,Dte Energy Company 2021 Series E 4.375% Junior Subordinated Debentures
DUK,Duke Energy Corporation (Holding Company) 
DUSA,Davis Fundamental Etf Trust Davis Select U.S. Equity Etf
DV,Doubleverify Holdings Inc. 
DVA,Davita Inc. 
DVAX,Dynavax Technologies Corporation 
DVN,Devon Energy Corporation 
DWSN,Dawson Geophysical Company 
DX,Dynex Capital Inc. 
DXC,Dxc Technology Company 
DXCM,Dexcom Inc. 
DXLG,Destination Xl Group Inc. 
DXPE,Dxp Enterprises Inc. 
DY,Dycom Industries Inc. 
DYN,Dyne Therapeutics Inc. 
EA,Electronic Arts Inc. 
EAC,Edify Acquisition Corp.  
EARN,Ellington Residential Mortgage Reit  Of Beneficial Interest
EAT,Brinker International Inc. 
EBAY,Ebay Inc. 
EBF,Ennis Inc. 
EBIX,Ebix Inc. 
EBS,Emergent Biosolutions Inc. 
EBTC,Enterprise Bancorp Inc 
ECL,Ecolab Inc. 
ECLP,
ECPG,Encore Capital Group Inc 
ED,Consolidated Edison Inc. 
EDIT,Editas Medicine Inc. 
EDR,Endeavor Group Holdings Inc.  
EE,Excelerate Energy Inc.  
EEFT,Euronet Worldwide Inc. 
EEX,Emerald Holding Inc. 
EFSC,Enterprise Financial Services Corporation 
EFX,Equifax Inc. 
EGAN,Egain Corporation 
EGBN,Eagle Bancorp Inc. 
EGHT,8X8 Inc 
EGLE,Eagle Bulk Shipping Inc. 
EGP,Eastgroup Properties Inc. 
EGRX,Eagle Pharmaceuticals Inc. 
EGY,Vaalco Energy Inc. 
EHTH,Ehealth Inc. 
EIG,Employers Holdings Inc 
EIX,Edison International 
EL,Estee Lauder Companies Inc. (The) 
ELF,E.L.F. Beauty Inc. 
ELS,Equity Lifestyle Properties Inc. 
EM,Smart Share Global Limited American Depositary Shares
EMAN,Emagin Corporation 
EME,Emcor Group Inc. 
EMKR,Emcore Corporation 
EML,Eastern Company (The) 
EMN,Eastman Chemical Company 
EMR,Emerson Electric Company 
ENER,Accretion Acquisition Corp. 
ENG,Englobal Corporation 
ENPH,Enphase Energy Inc. 
ENR,Energizer Holdings Inc. 
ENS,Enersys 
ENSG,The Ensign Group Inc. 
ENTA,Enanta Pharmaceuticals Inc. 
ENTG,Entegris Inc. 
ENTR,Ershares Entrepreneurs Etf
ENV,Envestnet Inc 
ENVA,Enova International Inc. 
ENZ,Enzo Biochem Inc.  ($0.01 Par Value)
ENZN,
EOG,Eog Resources Inc. 
EP,Empire Petroleum Corporation 
EPAM,Epam Systems Inc. 
EPC,Edgewell Personal Care Company 
EPM,Evolution Petroleum Corporation Inc. 
EPR,Epr Properties 
EQBK,Equity Bancshares Inc.  
EQC,Equity Commonwealth  Of Beneficial Interest
EQIX,Equinix Inc.  Reit
EQR,Equity Residential  Of Beneficial Interest
EQT,Eqt Corporation 
ERES,East Resources Acquisition Company  
ERIE,Erie Indemnity Company  
ERII,Energy Recovery Inc. 
ES,Eversource Energy (D/B/A) 
ESCA,Escalade Incorporated 
ESE,Esco Technologies Inc. 
ESGR,Enstar Group Limited 
ESI,Element Solutions Inc. 
ESNT,Essent Group Ltd. 
ESPR,Esperion Therapeutics Inc. 
ESRT,Empire State Realty Trust Inc.  
ESS,Essex Property Trust Inc. 
ESSA,Essa Bancorp Inc. 
ESTE,Earthstone Energy Inc.  
ET,Energy Transfer Lp Common Units
ETN,Eaton Corporation Plc 
ETR,Entergy Corporation 
ETSY,Etsy Inc. 
EVBG,Everbridge Inc. 
EVBN,Evans Bancorp Inc. 
EVC,Entravision Communications Corporation 
EVER,Everquote Inc.  
EVH,Evolent Health Inc  
EVI,Evi Industries Inc. 
EVR,Evercore Inc.  
EVRI,Everi Holdings Inc. 
EVTC,Evertec Inc. 
EW,Edwards Lifesciences Corporation 
EWBC,East West Bancorp Inc. 
EXAS,Exact Sciences Corporation 
EXC,Exelon Corporation 
EXEL,Exelixis Inc. 
EXLS,Exlservice Holdings Inc. 
EXP,Eagle Materials Inc 
EXPD,Expeditors International Of Washington Inc. 
EXPE,Expedia Group Inc. 
EXPO,Exponent Inc. 
EXPR,Express Inc. 
EXR,Extra Space Storage Inc 
EXTR,Extreme Networks Inc. 
EZPW,Ezcorp Inc.  Non Voting 
F,Ford Motor Company 
FACT,Freedom Acquisition I Corp.  
FAF,First American Corporation (New) 
FALC,
FANG,Diamondback Energy Inc. 
FARM,Farmer Brothers Company 
FARO,Faro Technologies Inc. 
FAST,Fastenal Company 
FATE,Fate Therapeutics Inc. 
FBIO,Fortress Biotech Inc. 
FBIZ,First Business Financial Services Inc. 
FBK,Fb Financial Corporation 
FBNC,First Bancorp 
FBP,First Bancorp. New 
FC,Franklin Covey Company 
FCAL,First Trust California Municipal High Income Etf
FCBC,First Community Bankshares Inc. (Va) 
FCEL,Fuelcell Energy Inc. 
FCF,First Commonwealth Financial Corporation 
FCFS,Firstcash Holdings Inc. 
FCX,Freeport-Mcmoran Inc. 
FDP,Fresh Del Monte Produce Inc. 
FDS,
FDUS,Fidus Investment Corporation 
FDX,Fedex Corporation 
FE,Firstenergy Corp. 
FELE,Franklin Electric Co. Inc. 
FET,Forum Energy Technologies Inc. 
FF,Futurefuel Corp. 
FFBC,First Financial Bancorp. 
FFIC,Flushing Financial Corporation 
FFIN,First Financial Bankshares Inc. 
FFIV,F5 Inc. 
FFNW,First Financial Northwest Inc. 
FFWM,First Foundation Inc. 
FGBI,First Guaranty Bancshares Inc. 
FGEN,Fibrogen Inc 
FHB,First Hawaiian Inc. 
FHN,First Horizon Corporation 
FIBK,First Interstate Bancsystem Inc.  
FICO,Fair Isaac Corproation 
FIF,First Trust Energy Infrastructure Fund  Of Beneficial Interest
FIS,Fidelity National Information Services Inc. 
FISI,Financial Institutions Inc. 
FISV,Fiserv Inc. 
FITB,Fifth Third Bancorp 
FIVE,Five Below Inc. 
FIVN,Five9 Inc. 
FIX,Comfort Systems Usa Inc. 
FIZZ,National Beverage Corp. 
FL,Foot Locker Inc.
FLDR,Fidelity Low Duration Bond Factor Etf
FLEX,Flex Ltd. 
FLIC,First Of Long Island Corporation (The) 
FLO,Flowers Foods Inc. 
FLR,Fluor Corporation 
FLS,Flowserve Corporation 
FLT,Fleetcor Technologies Inc. 
FLWS,1-800-Flowers.Com Inc. 
FLXS,Flexsteel Industries Inc. 
FMAO,Farmers & Merchants Bancorp Inc. 
FMBH,First Mid Bancshares Inc. 
FMC,Fmc Corporation 
FMNB,Farmers National Banc Corp. 
FN,Fabrinet 
FNB,F.N.B. Corporation 
FND,Floor & Decor Holdings Inc. 
FNF,Fnf Group Of Fidelity National Financial Inc. 
FNLC,First Bancorp Inc (Me) 
FNWB,First Northwest Bancorp 
FOLD,Amicus Therapeutics Inc. 
FONR,Fonar Corporation 
FOR,Forestar Group Inc 
FORM,Formfactor Inc. Formfactor Inc. 
FORR,Forrester Research Inc. 
FOSL,Fossil Group Inc. 
FOX,Fox Corporation  
FOXA,Fox Corporation  
FOXF,Fox Factory Holding Corp. 
FPI,Farmland Partners Inc. 
FPL,First Trust New Opportunities Mlp & Energy Fund  Of Beneficial Interest
FR,First Industrial Realty Trust Inc. 
FRBK,Republic First Bancorp Inc. 
FRC,First Republic Bank 
FRGI,Fiesta Restaurant Group Inc. 
FRME,First Merchants Corporation 
FRO,Frontline Plc 
FRPH,Frp Holdings Inc. 
FRPT,Freshpet Inc. 
FRT,Federal Realty Investment Trust 
FSLR,First Solar Inc. 
FSP,Franklin Street Properties Corp. 
FSR,Fisker Inc.  
FSS,Federal Signal Corporation 
FSTR,L.B. Foster Company 
FTEK,Fuel Tech Inc. 
FTI,Technipfmc Plc 
FTK,Flotek Industries Inc. 
FTNT,Fortinet Inc. 
FTV,Fortive Corporation 
FUL,H. B. Fuller Company 
FULT,Fulton Financial Corporation 
FWONA,Liberty Media Corporation Series A Liberty Formula One 
FWONK,Liberty Media Corporation Series C Liberty Formula One 
FWRD,Forward Air Corporation 
G,Genpact Limited 
GABC,German American Bancorp Inc. 
GAIA,Gaia Inc.  
GAIN,Gladstone Investment Corporation Business Development Company
GATX,Gatx Corporation 
GB,Global Blue Group Holding Ag 
GBCI,Glacier Bancorp Inc. 
GBDC,Golub Capital Bdc Inc. 
GBLI,Global Indemnity Group Llc   (De)
GBX,Greenbrier Companies Inc. (The) 
GCBC,Greene County Bancorp Inc. 
GCI,Gannett Co. Inc. 
GCO,Genesco Inc. 
GD,General Dynamics Corporation 
GDDY,Godaddy Inc.  
GDEN,Golden Entertainment Inc. 
GDOT,Green Dot Corporation   $0.001 Par Value
GE,General Electric Company 
GEF,Greif Inc.  
GEF.B,
GEN,Gen Digital Inc. 
GENC,Gencor Industries Inc. 
GEO,Geo Group Inc (The) Reit
GEOS,Geospace Technologies Corporation  (Texas)
GERN,Geron Corporation 
GES,Guess Inc. 
GEVO,Gevo Inc. 
GFF,Griffon Corporation 
GGG,Graco Inc. 
GGR,Gogoro Inc. 
GHC,Graham Holdings Company 
GHL,Greenhill & Co. Inc. 
GHM,Graham Corporation 
GIFI,Gulf Island Fabrication Inc. 
GIII,G-Iii Apparel Group Ltd. 
GILD,Gilead Sciences Inc. 
GIS,General Mills Inc. 
GK,Advisorshares Gerber Kawasaki Etf
GKOS,Glaukos Corporation 
GLAD,Gladstone Capital Corporation 
GLDD,Great Lakes Dredge & Dock Corporation 
GLG,Td Holdings Inc. 
GLNG,Golar Lng Ltd
GLPI,Gaming And Leisure Properties Inc. 
GLRE,Greenlight Capital Re Ltd.  
GLT,Glatfelter Corporation 
GLW,Corning Incorporated 
GM,General Motors Company 
GME,Gamestop Corporation 
GMED,Globus Medical Inc.  
GMET,Vaneck Green Metals Etf
GMRE,Global Medical Reit Inc. 
GMS,Gms Inc. 
GNE,Genie Energy Ltd.   Stock
GNK,Genco Shipping & Trading Limited  New (Marshall Islands)
GNL,Global Net Lease Inc. 
GNOM,Global X Genomics & Biotechnology Etf
GNRC,Generac Holdlings Inc. 
GNTX,Gentex Corporation 
GNTY,Guaranty Bancshares Inc. 
GNW,Genworth Financial Inc 
GOGO,Gogo Inc. 
GOLF,Acushnet Holdings Corp. 
GOOD,Gladstone Commercial Corporation Real Estate Investment Trust
GOOG,Alphabet Inc. Class C Capital Stock
GOOGL,Alphabet Inc.  
GORO,Gold Resource Corporation 
GPC,Genuine Parts Company 
GPI,Group 1 Automotive Inc. 
GPK,Graphic Packaging Holding Company
GPN,Global Payments Inc. 
GPOR,Gulfport Energy Corporation 
GPRE,Green Plains Inc. 
GPRO,Gopro Inc.  
GPS,Gap Inc. (The) 
GRBK,Green Brick Partners Inc. 
GRC,Gorman-Rupp Company (The) 
GRMN,Garmin Ltd.  (Switzerland)
GRNB,Vaneck Green Bond Etf
GROW,U.S. Global Investors Inc.  
GRPN,Groupon Inc. 
GS,Goldman Sachs Group Inc. (The) 
GSAT,Globalstar Inc. 
GSBC,Great Southern Bancorp Inc. 
GSIG,Golden Sachs Etf Trust Goldman Sachs Access Investment Grade C
GSIT,Gsi Technology 
GSM,Ferroglobe Plc 
GT,The Goodyear Tire & Rubber Company 
GTE,Gran Tierra Energy Inc. 
GTLS,Chart Industries Inc. 
GTN,Gray Television Inc. 
GTY,Getty Realty Corporation 
GVA,Granite Construction Incorporated 
GVP,Gse Systems Inc. 
GWRE,Guidewire Software Inc. 
GWRS,Global Water Resources Inc. 
GWW,W.W. Grainger Inc. 
H,Hyatt Hotels Corporation  
HA,Hawaiian Holdings Inc. 
HAE,Haemonetics Corporation 
HAFC,Hanmi Financial Corporation 
HAIN,Hain Celestial Group Inc. (The) 
HAL,Halliburton Company 
HALL,Hallmark Financial Services Inc. 
HALO,Halozyme Therapeutics Inc. 
HAS,Hasbro Inc. 
HASI,Hannon Armstrong Sustainable Infrastructure Capital Inc. 
HAYN,Haynes International Inc. 
HBAN,Huntington Bancshares Incorporated 
HBCP,Home Bancorp Inc. 
HBI,Hanesbrands Inc. 
HBIO,Harvard Bioscience Inc. 
HBNC,Horizon Bancorp Inc. 
HCA,Hca Healthcare Inc. 
HCC,Warrior Met Coal Inc. 
HCCI,Heritage-Crystal Clean Inc. 
HCI,Hci Group Inc. 
HCKT,Hackett Group Inc (The). 
HCOM,Hartford Schroders Commodity Strategy Etf
HCP,Hashicorp Inc.  
HCSG,Healthcare Services Group Inc. 
HD,Home Depot Inc. (The) 
HDSN,Hudson Technologies Inc. 
HE,Hawaiian Electric Industries Inc. 
HEES,H&E Equipment Services Inc. 
HEI,Heico Corporation 
HEI.A,Heico Corporation
HELE,Helen Of Troy Limited 
HERO,Global X Video Games & Esports Etf
HES,Hess Corporation 
HFWA,Heritage Financial Corporation 
HGV,Hilton Grand Vacations Inc. 
HHC,Howard Hughes Corporation (The) 
HHS,Harte-Hanks Inc. 
HI,Hillenbrand Inc 
HIBB,Hibbett Inc. 
HIFS,Hingham Institution For Savings 
HIG,Hartford Financial Services Group Inc. (The) 
HII,Huntington Ingalls Industries Inc. 
HIVE,Hive Blockchain Technologies Ltd. 
HIW,Highwoods Properties Inc. 
HL,Hecla Mining Company 
HLF,Herbalife Nutrition Ltd. 
HLI,Houlihan Lokey Inc.  
HLIT,Harmonic Inc. 
HLNE,Hamilton Lane Incorporated  
HLT,Hilton Worldwide Holdings Inc. 
HLTH,Cue Health Inc. 
HLX,Helix Energy Solutions Group Inc. 
HMA,Heartland Media Acquisition Corp.  
HMN,Horace Mann Educators Corporation 
HMST,Homestreet Inc. 
HNI,Hni Corporation 
HNRG,Hallador Energy Company 
HOFT,Hooker Furnishings Corporation 
HOG,Harley-Davidson Inc. 
HOLX,Hologic Inc. 
HOMB,Home Bancshares Inc. 
HON,Honeywell International Inc. 
HONE,Harborone Bancorp Inc. 
HOOK,Hookipa Pharma Inc. 
HOPE,Hope Bancorp Inc. 
HOV,Hovnanian Enterprises Inc.  
HP,Helmerich & Payne Inc. 
HPE,Hewlett Packard Enterprise Company 
HPP,Hudson Pacific Properties Inc. 
HPQ,Hp Inc. 
HQY,Healthequity Inc. 
HR,Healthcare Realty Trust Incorporated 
HRB,H&R Block Inc. 
HRI,Herc Holdings Inc. 
HRL,Hormel Foods Corporation 
HRTG,Heritage Insurance Holdings Inc. 
HRTX,Heron Therapeutics Inc. 
HRZN,Horizon Technology Finance Corporation 
HSC,Harsco Corporation 
HSIC,Henry Schein Inc. 
HSII,Heidrick & Struggles International Inc. 
HSKA,Heska Corporation 
HST,Host Hotels & Resorts Inc. 
HSTM,Healthstream Inc. 
HSY,The Hershey Company 
HT,Hersha Hospitality Trust   Of Beneficial Interest
HTBI,Hometrust Bancshares Inc. 
HTBK,Heritage Commerce Corp 
HTGC,Hercules Capital Inc. 
HTH,Hilltop Holdings Inc.
HTLD,Heartland Express Inc. 
HTLF,Heartland Financial Usa Inc. 
HTZ,Hertz Global Holdings Inc 
HUBB,Hubbell Inc 
HUBG,Hub Group Inc.  
HUBS,Hubspot Inc. 
HUM,Humana Inc. 
HUN,Huntsman Corporation 
HURC,Hurco Companies Inc. 
HURN,Huron Consulting Group Inc. 
HUSA,Houston American Energy Corporation 
HVT,Haverty Furniture Companies Inc. 
HWKN,Hawkins Inc. 
HXL,Hexcel Corporation 
HY,Hyster-Yale Materials Handling Inc.  
HZNP,Horizon Therapeutics Public Limited Company 
HZO,Marinemax Inc. (Fl) 
IAC,Iac Inc. 
IART,Integra Lifesciences Holdings Corporation 
IBCP,Independent Bank Corporation 
IBKR,Interactive Brokers Group Inc.  
IBM,International Business Machines Corporation 
IBOC,International Bancshares Corporation 
IBP,Installed Building Products Inc. 
IBTX,Independent Bank Group Inc 
ICD,Independence Contract Drilling Inc. 
ICE,Intercontinental Exchange Inc. 
ICFI,Icf International Inc. 
ICHR,Ichor Holdings 
ICLK,Iclick Interactive Asia Group Limited American Depositary Shares
ICPT,Intercept Pharmaceuticals Inc. 
ICUI,Icu Medical Inc. 
ID,Parts Id Inc.  
IDA,Idacorp Inc. 
IDCC,Interdigital Inc. 
IDT,Idt Corporation  
IDXX,Idexx Laboratories Inc. 
IESC,Ies Holdings Inc. 
IEX,Idex Corporation 
IFF,International Flavors & Fragrances Inc. 
IGT,International Game Technology 
IHS,Ihs Holding Limited 
III,Information Services Group Inc. 
IIIN,Insteel Industries Inc. 
IIVI,Coherent Corp. 6.00% Series A Mandatory Convertible Preferred Stock
ILMN,Illumina Inc. 
IMAX,Imax Corporation 
IMGN,Immunogen Inc. 
IMH,Impac Mortgage Holdings Inc. 
IMKTA,Ingles Markets Incorporated  
IMMR,Immersion Corporation 
INBK,First Internet Bancorp 
INCR,Intercure Ltd. 
INCY,Incyte Corp. 
INDB,Independent Bank Corp. 
INFA,Informatica Inc.  
INFI,Infinity Pharmaceuticals Inc. 
INFN,Infinera Corporation 
INFY,Infosys Limited American Depositary Shares
INGN,Inogen Inc 
INGR,Ingredion Incorporated 
INN,Summit Hotel Properties Inc. 
INO,Inovio Pharmaceuticals Inc. 
INOD,Innodata Inc. 
INSE,Inspired Entertainment Inc. 
INSM,Insmed Incorporated 
INSP,Inspire Medical Systems Inc. 
INST,Instructure Holdings Inc. 
INSW,International Seaways Inc. 
INT,World Fuel Services Corporation 
INTC,Intel Corporation 
INTL,
INTU,Intuit Inc. 
INVA,Innoviva Inc. 
INVE,Identiv Inc. 
INVH,Invitation Homes Inc. 
IONS,Ionis Pharmaceuticals Inc. 
IOSP,Innospec Inc. 
IP,International Paper Company 
IPAR,Inter Parfums Inc. 
IPG,Interpublic Group Of Companies Inc. (The) 
IPGP,Ipg Photonics Corporation 
IPI,Intrepid Potash Inc 
IR,Ingersoll Rand Inc. 
IRBT,Irobot Corporation 
IRDM,Iridium Communications Inc 
IRM,Iron Mountain Incorporated (Delaware) Reit
IRT,Independence Realty Trust Inc. 
IRTC,Irhythm Technologies Inc. 
IRWD,Ironwood Pharmaceuticals Inc.  
ISRG,Intuitive Surgical Inc. 
ISRL,Israel Acquisitions Corp  
ISSC,Innovative Solutions And Support Inc. 
ISTR,Investar Holding Corporation 
IT,Gartner Inc. 
ITCI,Intra-Cellular Therapies Inc. 
ITGR,Integer Holdings Corporation 
ITI,Iteris Inc. 
ITIC,Investors Title Company 
ITRI,Itron Inc. 
ITT,Itt Inc. 
ITW,Illinois Tool Works Inc. 
IVAC,Intevac Inc. 
IVR,Invesco Mortgage Capital Inc 
IVZ,Invesco Ltd 
JACK,Jack In The Box Inc. 
JAKK,Jakks Pacific Inc. 
JAVA,Jpmorgan Active Value Etf
JAZZ,Jazz Pharmaceuticals Plc  (Ireland)
JBHT,J.B. Hunt Transport Services Inc. 
JBL,Jabil Inc. 
JBLU,Jetblue Airways Corporation 
JBSS,John B. Sanfilippo & Son Inc. 
JBT,John Bean Technologies Corporation 
JCI,Johnson Controls International Plc 
JEF,Jefferies Financial Group Inc. 
JELD,Jeld-Wen Holding Inc. 
JILL,J. Jill Inc. 
JJSF,J & J Snack Foods Corp. 
JKHY,Jack Henry & Associates Inc. 
JLL,Jones Lang Lasalle Incorporated 
JNCE,Jounce Therapeutics Inc. 
JNJ,Johnson & Johnson 
JNPR,Juniper Networks Inc. 
JOE,St. Joe Company (The) 
JOUT,Johnson Outdoors Inc.  
JPM,Jp Morgan Chase & Co. 
JRVR,James River Group Holdings Ltd. 
JWN,Nordstrom Inc. 
K,Kellogg Company 
KAI,Kadant Inc 
KALU,Kaiser Aluminum Corporation 
KAMN,Kaman Corporation 
KAR,Kar Auction Services Inc 
KBAL,Kimball International Inc.  
KBH,Kb Home 
KBR,Kbr Inc. 
KCLI,
KE,Kimball Electronics Inc. 
KELYA,Kelly Services Inc.  
KEX,Kirby Corporation 
KEY,Keycorp 
KEYS,Keysight Technologies Inc. 
KFFB,Kentucky First Federal Bancorp 
KFRC,Kforce Inc. 
KFY,Korn Ferry 
KHC,The Kraft Heinz Company 
KIM,Kimco Realty Corporation (Hc) 
KINS,Kingstone Companies Inc. 
KIRK,Kirkland'S Inc. Commonstock
KLAC,Kla Corporation 
KLIC,Kulicke And Soffa Industries Inc. 
KMB,Kimberly-Clark Corporation 
KMI,Kinder Morgan Inc. 
KMPR,Kemper Corporation
KMT,Kennametal Inc. 
KMX,Carmax Inc
KN,Knowles Corporation 
KNSL,Kinsale Capital Group Inc. 
KNX,Knight-Swift Transportation Holdings Inc.
KO,Coca-Cola Company (The) 
KODK,Eastman Kodak Company Common New
KOP,Koppers Holdings Inc. Koppers Holdings Inc. 
KOPN,Kopin Corporation 
KOS,Kosmos Energy Ltd.  (De)
KPTI,Karyopharm Therapeutics Inc. 
KR,Kroger Company (The) 
KRC,Kilroy Realty Corporation 
KREF,Kkr Real Estate Finance Trust Inc. 
KRG,Kite Realty Group Trust 
KRNY,Kearny Financial Corp 
KRO,Kronos Worldwide Inc 
KSS,Kohl'S Corporation 
KTEC,Kraneshares Hang Seng Tech Index Etf
KTOS,Kratos Defense & Security Solutions Inc. 
KURA,Kura Oncology Inc. 
KVHI,Kvh Industries Inc. 
KW,Kennedy-Wilson Holdings Inc. 
KWR,Quaker Houghton 
L,Loews Corporation 
LAB,Standard Biotools Inc. 
LAD,Lithia Motors Inc. 
LADR,Ladder Capital Corp  
LAMR,Lamar Advertising Company  
LANC,Lancaster Colony Corporation 
LAUR,Laureate Education Inc. 
LAZ,Lazard Ltd. Lazard Ltd.  
LBAI,Lakeland Bancorp Inc. 
LBRDA,Liberty Broadband Corporation  
LBRDK,Liberty Broadband Corporation Class C 
LBTYA,Liberty Global Plc  
LC,Lendingclub Corporation 
LCI,
LCII,Lci Industries
LCNB,Lcnb Corporation 
LCUT,Lifetime Brands Inc. 
LDOS,Leidos Holdings Inc. 
LE,Lands' End Inc. 
LEA,Lear Corporation 
LECO,Lincoln Electric Holdings Inc. 
LEE,Lee Enterprises Incorporated 
LEG,Leggett & Platt Incorporated 
LEN,Lennar Corporation  
LEN.B,
LFUS,Littelfuse Inc. 
LFVN,Lifevantage Corporation  (Delaware)
LGF.A,
LGF.B,
LGIH,Lgi Homes Inc. 
LGND,Ligand Pharmaceuticals Incorporated 
LH,Laboratory Corporation Of America Holdings 
LIFE,Atyr Pharma Inc. 
LII,Lennox International Inc. 
LINC,Lincoln Educational Services Corporation 
LIND,Lindblad Expeditions Holdings Inc. 
LITE,Lumentum Holdings Inc. 
LIVN,Livanova Plc 
LKFN,Lakeland Financial Corporation 
LKQ,Lkq Corporation 
LL,Ll Flooring Holdings Inc. 
LLY,Eli Lilly And Company 
LMAT,Lemaitre Vascular Inc. 
LMNR,Limoneira Co 
LMT,Lockheed Martin Corporation 
LNC,Lincoln National Corporation 
LNG,Cheniere Energy Inc. 
LNN,Lindsay Corporation 
LNT,Alliant Energy Corporation 
LNTH,Lantheus Holdings Inc. 
LOB,Live Oak Bancshares Inc. 
LOCO,El Pollo Loco Holdings Inc. 
LOGI,Logitech International S.A. 
LOOP,Loop Industries Inc. 
LOPE,Grand Canyon Education Inc. 
LOV,Spark Networks Se American Depositary Shares
LOW,Lowe'S Companies Inc. 
LPG,Dorian Lpg Ltd. 
LPLA,Lpl Financial Holdings Inc. 
LPSN,Liveperson Inc. 
LPX,Louisiana-Pacific Corporation 
LQDT,Liquidity Services Inc. 
LRCX,Lam Research Corporation 
LRN,Stride Inc. 
LSCC,Lattice Semiconductor Corporation 
LSI,Life Storage Inc. 
LSTR,Landstar System Inc. 
LSXMA,Liberty Media Corporation Series A Liberty Siriusxm 
LSXMK,Liberty Media Corporation Series C Liberty Siriusxm 
LTC,Ltc Properties Inc. 
LTRE,
LTRPA,Liberty Tripadvisor Holdings Inc. Series A 
LULU,Lululemon Athletica Inc. 
LUV,Southwest Airlines Company 
LVS,Las Vegas Sands Corp. 
LW,Lamb Weston Holdings Inc. 
LWAY,Lifeway Foods Inc. 
LXP,Lxp Industrial Trust  (Maryland Reit)
LXRX,Lexicon Pharmaceuticals Inc. 
LXU,Lsb Industries Inc. 
LYB,Lyondellbasell Industries Nv   (Netherlands)
LYTS,Lsi Industries Inc. 
LYV,Live Nation Entertainment Inc. 
LZ,Legalzoom.Com Inc. 
LZB,La-Z-Boy Incorporated 
M,Macy'S Inc 
MA,Mastercard Incorporated 
MAA,Mid-America Apartment Communities Inc. 
MAC,Macerich Company (The) 
MACK,Merrimack Pharmaceuticals Inc. 
MAIN,Main Street Capital Corporation 
MAN,Manpowergroup 
MANH,Manhattan Associates Inc. 
MAR,Marriott International  
MAS,Masco Corporation 
MASI,Masimo Corporation 
MAT,Mattel Inc. 
MATW,Matthews International Corporation  
MATX,Matson Inc. 
MBCN,Middlefield Banc Corp. 
MBI,Mbia Inc. 
MBUU,Malibu Boats Inc.  
MBWM,Mercantile Bank Corporation 
MC,Moelis & Company  
MCBC,Macatawa Bank Corporation 
MCBI,
MCD,Mcdonald'S Corporation 
MCFT,Mastercraft Boat Holdings Inc. 
MCHP,Microchip Technology Incorporated 
MCHX,Marchex Inc.  
MCK,Mckesson Corporation 
MCO,Moody'S Corporation 
MCRB,Seres Therapeutics Inc. 
MCRI,Monarch Casino & Resort Inc. 
MCS,Marcus Corporation (The) 
MCY,Mercury General Corporation 
MD,Pediatrix Medical Group Inc. 
MDC,M.D.C. Holdings Inc. 
MDGL,Madrigal Pharmaceuticals Inc. 
MDLZ,Mondelez International Inc.  
MDRX,Veradigm Inc. 
MDT,Medtronic Plc. 
MDU,Mdu Resources Group Inc.  (Holding Company)
MDXG,Mimedx Group Inc 
ME,23Andme Holding Co.  
MED,Medifast Inc 
MEDH,
MEDP,Medpace Holdings Inc. 
MEDX,
MEG,Montrose Environmental Group Inc. 
MEI,Methode Electronics Inc. 
MEIP,Mei Pharma Inc. 
MELI,Mercadolibre Inc. 
MERC,Mercer International Inc. 
MET,Metlife Inc. 
METC,Ramaco Resources Inc. 
MF,Missfresh Limited American Depositary Shares
MFA,Mfa Financial Inc.
MFLX,First Trust Flexible Municipal High Income Etf
MG,Mistras Group Inc 
MGAM,Mobile Global Esports Inc. 
MGEE,Mge Energy Inc
MGI,Moneygram International Inc. 
MGM,Mgm Resorts International 
MGNX,Macrogenics Inc. 
MGPI,Mgp Ingredients Inc.
MGRC,Mcgrath Rentcorp 
MHK,Mohawk Industries Inc. 
MHLD,Maiden Holdings Ltd.
MHO,M/I Homes Inc. 
MIDD,Middleby Corporation (The) 
MIG,Vaneck Moody'S Analytics Ig Corporate Bond Etf
MIND,Mind Technology Inc.  (De)
MIR,Mirion Technologies Inc.  
MITI,
MITK,Mitek Systems Inc. 
MITT,Ag Mortgage Investment Trust Inc. 
MKC,Mccormick & Company Incorporated 
MKL,Markel Corporation 
MKSI,Mks Instruments Inc. 
MKTX,Marketaxess Holdings Inc. 
MLAB,Mesa Laboratories Inc. 
MLI,Mueller Industries Inc. 
MLM,Martin Marietta Materials Inc. 
MLNK,Meridianlink Inc. 
MLP,Maui Land & Pineapple Company Inc. 
MLR,Miller Industries Inc. 
MLVF,Malvern Bancorp Inc. 
MMC,Marsh & Mclennan Companies Inc. 
MMI,Marcus & Millichap Inc. 
MMM,3M Company 
MMS,Maximus Inc. 
MMSI,Merit Medical Systems Inc. 
MNK,Mallinckrodt Plc 
MNKD,Mannkind Corporation 
MNOV,Medicinova Inc 
MNRO,Monro Inc. 
MNST,Monster Beverage Corporation
MNTX,Manitex International Inc. 
MO,Altria Group Inc.
MOD,Modine Manufacturing Company 
MODN,Model N Inc. 
MOFG,Midwestone Financial Gp 
MOG.A,
MOH,Molina Healthcare Inc 
MORE,
MORN,Morningstar Inc. 
MOS,Mosaic Company (The) 
MOV,Movado Group Inc. 
MOVE,Movano Inc. 
MPAA,Motorcar Parts Of America Inc. 
MPC,Marathon Petroleum Corporation 
MPW,Medical Properties Trust Inc. 
MPWR,Monolithic Power Systems Inc. 
MPX,Marine Products Corporation 
MRC,Mrc Global Inc. 
MRCY,Mercury Systems Inc 
MRGE,
MRIN,Marin Software Incorporated 
MRK,Merck & Company Inc.  (New)
MRO,Marathon Oil Corporation 
MRTN,Marten Transport Ltd. 
MRVL,Marvell Technology Inc. 
MS,Morgan Stanley 
MSA,Msa Safety Incorporated 
MSBI,Midland States Bancorp Inc. 
MSCI,Msci Inc 
MSEX,Middlesex Water Company 
MSFT,Microsoft Corporation 
MSI,Motorola Solutions Inc. 
MSM,Msc Industrial Direct Company Inc. 
MSTR,Microstrategy Incorporated  
MTB,M&T Bank Corporation 
MTCH,Match Group Inc. 
MTD,Mettler-Toledo International Inc. 
MTDR,Matador Resources Company 
MTEX,Mannatech Incorporated 
MTG,Mgic Investment Corporation 
MTH,Meritage Homes Corporation 
MTN,Vail Resorts Inc. 
MTNB,Matinas Biopharma Holdings Inc. 
MTRN,Materion Corporation
MTRX,Matrix Service Company 
MTSI,Macom Technology Solutions Holdings Inc. 
MTW,Manitowoc Company Inc. (The) 
MTX,Minerals Technologies Inc. 
MTZ,Mastec Inc. 
MU,Micron Technology Inc. 
MUR,Murphy Oil Corporation 
MUSA,Murphy Usa Inc. 
MVIS,Microvision Inc. 
MWA,Mueller Water Products 
MXL,Maxlinear Inc. 
MYE,Myers Industries Inc. 
MYGN,Myriad Genetics Inc. 
MYRG,Myr Group Inc. 
NASB,
NAT,Nordic American Tankers Limited 
NATH,Nathan'S Famous Inc. 
NATI,National Instruments Corporation 
NATR,Nature'S Sunshine Products Inc. 
NAUH,
NAVB,Navidea Biopharmaceuticals Inc. 
NAVI,Navient Corporation 
NBHC,National Bank Holdings Corporation 
NBIX,Neurocrine Biosciences Inc. 
NBN,Northeast Bank 
NBR,Nabors Industries Ltd.
NBTB,Nbt Bancorp Inc. 
NC,Nacco Industries Inc. 
NCLH,Norwegian Cruise Line Holdings Ltd. 
NCMI,National Cinemedia Inc. 
NCR,Ncr Corporation 
NCSM,Ncs Multistage Holdings Inc. 
NDAQ,Nasdaq Inc. 
NDLS,Noodles & Company  
NDSN,Nordson Corporation 
NE,Noble Corporation Plc A 
NECB,Northeast Community Bancorp Inc. 
NEE,Nextera Energy Inc. 
NEM,Newmont Corporation
NEO,Neogenomics Inc. 
NEOG,Neogen Corporation 
NEON,Neonode Inc. 
NERV,Minerva Neurosciences Inc 
NETL,Netlease Corporate Real Estate Etf
NEU,Newmarket Corp 
NEWP,New Pacific Metals Corp. 
NEWR,New Relic Inc. 
NFBK,Northfield Bancorp Inc.  (Delaware)
NFG,National Fuel Gas Company 
NFLX,Netflix Inc. 
NGS,Natural Gas Services Group Inc. 
NGVC,Natural Grocers By Vitamin Cottage Inc. 
NGVT,Ingevity Corporation 
NH,Nanthealth Inc. 
NHC,National Healthcare Corporation 
NHI,National Health Investors Inc. 
NHTC,Natural Health Trends Corp. 
NHWK,Nighthawk Biosciences Inc. 
NI,Nisource Inc 
NICK,Nicholas Financial Inc. 
NJR,Newjersey Resources Corporation 
NKE,Nike Inc. 
NKSH,National Bankshares Inc. 
NKTR,Nektar Therapeutics 
NL,Nl Industries Inc. 
NLS,Nautilus Inc. 
NLY,Annaly Capital Management Inc. 
NM,Navios Maritime Holdings Inc. 
NMFC,New Mountain Finance Corporation 
NMIH,Nmi Holdings Inc.  
NNBR,Nn Inc. 
NNI,Nelnet Inc. 
NNN,National Retail Properties 
NOC,Northrop Grumman Corporation 
NODK,Ni Holdings Inc. 
NOG,Northern Oil And Gas Inc. 
NOV,Nov Inc. 
NOVA,Sunnova Energy International Inc. 
NOVT,Novanta Inc. 
NOW,Servicenow Inc. 
NPK,National Presto Industries Inc. 
NPO,Enpro Industries Inc
NR,Newpark Resources Inc. 
NRG,Nrg Energy Inc. 
NRIM,Northrim Bancorp Inc 
NSA,National Storage Affiliates Trust  Of Beneficial Interest
NSC,Norfolk Southern Corporation 
NSIT,Insight Enterprises Inc. 
NSP,Insperity Inc. 
NSSC,Napco Security Technologies Inc. 
NSTC,Northern Star Investment Corp. Iii  
NSTG,Nanostring Technologies Inc. 
NTAP,Netapp Inc. 
NTB,Bank Of N.T. Butterfield & Son Limited (The) Voting 
NTCT,Netscout Systems Inc. 
NTG,Tortoise Midstream Energy Fund Inc. 
NTGR,Netgear Inc. 
NTLA,Intellia Therapeutics Inc. 
NTNX,Nutanix Inc.  
NTRA,Natera Inc. 
NTRS,Northern Trust Corporation 
NU,Nu Holdings Ltd.  
NUE,Nucor Corporation 
NUS,Nu Skin Enterprises Inc. 
NUVA,Nuvasive Inc. 
NVAX,Novavax Inc. 
NVCR,Novocure Limited 
NVDA,Nvidia Corporation 
NVEC,Nve Corporation 
NVEE,Nv5 Global Inc. 
NVR,Nvr Inc. 
NVRO,Nevro Corp. 
NVTA,Invitae Corporation 
NWBI,Northwest Bancshares Inc. 
NWE,Northwestern Corporation 
NWFL,Norwood Financial Corp. 
NWL,Newell Brands Inc. 
NWLI,National Western Life Group Inc.  
NWN,Northwest Natural Holding Company 
NWPX,Northwest Pipe Company 
NWS,News Corporation  
NWSA,News Corporation  
NX,Quanex Building Products Corporation 
NXPI,Nxp Semiconductors N.V. 
NXRT,Nexpoint Residential Trust Inc. 
NXST,Nexstar Media Group Inc. 
NYCB,New York Community Bancorp Inc. 
NYMT,New York Mortgage Trust Inc. 
NYMX,Nymox Pharmaceutical Corporation  (Bahamas)
NYT,New York Times Company (The) 
O,Realty Income Corporation 
OB,Outbrain Inc. 
OC,Owens Corning Inc  New
OCFC,Oceanfirst Financial Corp. 
OCN,Ocwen Financial Corporation New 
OCUL,Ocular Therapeutix Inc. 
OCX,Oncocyte Corporation 
ODC,Oil-Dri Corporation Of America 
ODFL,Old Dominion Freight Line Inc. 
ODP,The Odp Corporation 
OESX,Orion Energy Systems Inc. 
OFC,Corporate Office Properties Trust 
OFED,Oconee Federal Financial Corp. 
OFG,Ofg Bancorp 
OFIX,Orthofix Medical Inc.  (De)
OFLX,Omega Flex Inc. 
OGE,Oge Energy Corp 
OGS,One Gas Inc. 
OHI,Omega Healthcare Investors Inc. 
OI,O-I Glass Inc. 
OII,Oceaneering International Inc. 
OIS,Oil States International Inc. 
OKE,Oneok Inc. 
OKTA,Okta Inc.  
OLED,Universal Display Corporation 
OLLI,Ollie'S Bargain Outlet Holdings Inc. 
OLN,Olin Corporation 
OLP,One Liberty Properties Inc. 
OMC,Omnicom Group Inc. 
OMCL,Omnicell Inc.  ($0.001 Par Value)
OMER,Omeros Corporation 
OMEX,Odyssey Marine Exploration Inc. 
OMF,Onemain Holdings Inc. 
OMI,Owens & Minor Inc. 
ON,On Semiconductor Corporation 
ONB,Old National Bancorp 
ONVO,Organovo Holdings Inc. 
OOMA,Ooma Inc. 
OPEN,Opendoor Technologies Inc 
OPK,Opko Health Inc. 
OPOF,Old Point Financial Corporation 
OPY,Oppenheimer Holdings Inc.   (De)
ORA,Ormat Technologies Inc. 
ORC,Orchid Island Capital Inc. 
ORCC,Owl Rock Capital Corporation 
ORCL,Oracle Corporation 
ORI,Old Republic International Corporation 
ORLY,O'Reilly Automotive Inc. 
ORN,Orion Group Holdings Inc. Common
ORRF,Orrstown Financial Services Inc 
OSBC,Old Second Bancorp Inc. 
OSG,Overseas Shipholding Group Inc.  
OSIS,Osi Systems Inc.  (De)
OSK,Oshkosh Corporation (Holding Company)
OSTK,Overstock.Com Inc. 
OSUR,Orasure Technologies Inc. 
OTIC,
OTTR,Otter Tail Corporation 
OUT,Outfront Media Inc. 
OVBC,Ohio Valley Banc Corp. 
OVID,Ovid Therapeutics Inc. 
OXM,Oxford Industries Inc. 
OXY,Occidental Petroleum Corporation 
PACB,Pacific Biosciences Of California Inc. 
PACW,Pacwest Bancorp 
PAG,Penske Automotive Group Inc. 
PAHC,Phibro Animal Health Corporation  
PANL,Pangaea Logistics Solutions Ltd. 
PANW,Palo Alto Networks Inc. 
PAR,Par Technology Corporation 
PARR,Par Pacific Holdings Inc. 
PATK,Patrick Industries Inc. 
PAY,Paymentus Holdings Inc.  
PAYC,Paycom Software Inc. 
PAYX,Paychex Inc. 
PB,Prosperity Bancshares Inc. 
PBF,Pbf Energy Inc.  
PBH,Prestige Consumer Healthcare Inc. 
PBI,Pitney Bowes Inc. 
PBNC,
PBPB,Potbelly Corporation 
PBYI,Puma Biotechnology Inc 
PCAR,Paccar Inc. 
PCG,Pacific Gas & Electric Co. 
PCH,Potlatchdeltic Corporation 
PCRX,Pacira Biosciences Inc. 
PCTI,Pctel Inc. 
PCTY,Paylocity Holding Corporation 
PCYG,Park City Group Inc. 
PCYO,Pure Cycle Corporation 
PDCE,Pdc Energy Inc.  (Delaware)
PDCO,Patterson Companies Inc. 
PDFS,Pdf Solutions Inc. 
PDM,Piedmont Office Realty Trust Inc.  
PEB,Pebblebrook Hotel Trust  Of Beneficial Interest
PEBK,Peoples Bancorp Of North Carolina Inc. 
PEBO,Peoples Bancorp Inc. 
PEG,Public Service Enterprise Group Incorporated 
PEGA,Pegasystems Inc. 
PEN,Penumbra Inc. 
PENN,Penn Entertainment Inc. 
PEP,Pepsico Inc. 
PESI,Perma-Fix Environmental Services Inc. 
PETS,Petmed Express Inc. 
PFBC,Preferred Bank 
PFBX,
PFE,Pfizer Inc. 
PFG,Principal Financial Group Inc 
PFGC,Performance Food Group Company 
PFIS,Peoples Financial Services Corp. 
PFLT,Pennantpark Floating Rate Capital Ltd. 
PFMT,Performant Financial Corporation 
PFS,Provident Financial Services Inc 
PFSI,Pennymac Financial Services Inc. 
PG,Procter & Gamble Company (The) 
PGC,Peapack-Gladstone Financial Corporation 
PGP,Pimco Global Stocksplus & Income Fund Pimco Global Stocksplus & Income Fund  Of Beneficial Interest
PGR,Progressive Corporation (The) 
PGRE,Paramount Group Inc. 
PGTI,Pgt Innovations Inc.
PH,Parker-Hannifin Corporation 
PHM,Pultegroup Inc. 
PHX,Phx Minerals Inc. 
PI,Impinj Inc. 
PII,Polaris Inc. 
PINC,Premier Inc.  
PIRS,Pieris Pharmaceuticals Inc. 
PJT,Pjt Partners Inc.  
PK,Park Hotels & Resorts Inc. 
PKBK,Parke Bancorp Inc. 
PKE,Park Aerospace Corp. 
PKG,Packaging Corporation Of America 
PKI,Perkinelmer Inc. 
PKOH,Park-Ohio Holdings Corp. 
PL,Planet Labs Pbc  
PLAB,Photronics Inc. 
PLAY,Dave & Buster'S Entertainment Inc. 
PLCE,Children'S Place Inc. (The) 
PLD,Prologis Inc. 
PLL,Piedmont Lithium Inc. 
PLNT,Planet Fitness Inc. 
PLOW,Douglas Dynamics Inc. 
PLPC,Preformed Line Products Company 
PLSE,Pulse Biosciences Inc  (De)
PLUG,Plug Power Inc. 
PLUS,Eplus Inc. 
PLX,Protalix Biotherapeutics Inc. (De) 
PLXS,Plexus Corp. 
PM,Philip Morris International Inc 
PMT,Pennymac Mortgage Investment Trust  Of Beneficial Interest
PMTS,Cpi Card Group Inc. 
PNC,Pnc Financial Services Group Inc. (The) 
PNFP,Pinnacle Financial Partners Inc. 
PNM,Pnm Resources Inc. (Holding Co.) 
PNNT,Pennantpark Investment Corporation 
PNR,Pentair Plc. 
PNRG,Primeenergy Resources Corporation 
PNW,Pinnacle West Capital Corporation 
PODD,Insulet Corporation 
POL,Polished Inc. 
POOL,Pool Corporation 
POR,Portland General Electric Co 
POST,Post Holdings Inc. 
POWI,Power Integrations Inc. 
POWL,Powell Industries Inc. 
PPBI,Pacific Premier Bancorp Inc
PPC,Pilgrim'S Pride Corporation 
PPG,Ppg Industries Inc. 
PPL,Ppl Corporation 
PRA,Proassurance Corporation 
PRAA,Pra Group Inc. 
PRE,Prenetics Global Limited  
PRFT,Perficient Inc. 
PRGO,Perrigo Company Plc 
PRGS,Progress Software Corporation  (De)
PRI,Primerica Inc. 
PRIM,Primoris Services Corporation 
PRK,Park National Corporation 
PRKR,
PRLB,Proto Labs Inc. 
PRM,Perimeter Solutions Sa 
PRMW,Primo Water Corporation 
PRO,Pros Holdings Inc. 
PROV,Provident Financial Holdings Inc. 
PRS,Prudential Financial Inc. 5.625% Junior Subordinated Notes Due 2058
PRST,Presto Automation Inc. 
PRTA,Prothena Corporation Plc 
PRTK,Paratek Pharmaceuticals Inc. 
PRTS,Carparts.Com Inc. 
PRU,Prudential Financial Inc. 
PSA,Public Storage 
PSEC,Prospect Capital Corporation 
PSIX,
PSMT,Pricesmart Inc. 
PSTG,Pure Storage Inc.  
PSX,Phillips 66 
PTC,Ptc Inc. 
PTCT,Ptc Therapeutics Inc. 
PTEC,
PTEN,Patterson-Uti Energy Inc. 
PTGX,Protagonist Therapeutics Inc. 
PULS,Pgim Ultra Short Bond Etf
PUMP,Propetro Holding Corp. 
PVBC,Provident Bancorp Inc. (Md) 
PVH,Pvh Corp. 
PWOD,Penns Woods Bancorp Inc. 
PWR,Quanta Services Inc. 
PX,P10 Inc.  
PXD,Pioneer Natural Resources Company 
PXLW,Pixelworks Inc. 
PYPL,Paypal Holdings Inc. 
PZG,Paramount Gold Nevada Corp. 
PZZA,Papa John'S International Inc. 
QCCO,
QCOM,Qualcomm Incorporated 
QCRH,Qcr Holdings Inc. 
QDEL,Quidelortho Corporation 
QGEN,Qiagen N.V. 
QLYS,Qualys Inc. 
QNST,Quinstreet Inc. 
QRVO,Qorvo Inc. 
QTWO,Q2 Holdings Inc. 
QUAD,Quad Graphics Inc  
QUOT,Quotient Technology Inc. 
R,Ryder System Inc. 
RA,Brookfield Real Assets Income Fund Inc. 
RAD,Rite Aid Corporation 
RAIL,Freightcar America Inc. 
RARE,Ultragenyx Pharmaceutical Inc. 
RATE,Global X Funds Global X Interest Rate Hedge Etf
RBC,Rbc Bearings Incorporated 
RBCAA,Republic Bancorp Inc.  
RBCN,
RCL,D/B/A Royal Caribbean Cruises Ltd. 
RCM,R1 Rcm Inc. 
RDI,Reading International Inc  
RDN,Radian Group Inc. 
RDNT,Radnet Inc. 
RE,Everest Re Group Ltd. 
REG,Regency Centers Corporation 
REGN,Regeneron Pharmaceuticals Inc. 
REI,Ring Energy Inc. 
RELL,Richardson Electronics Ltd. 
RENT,Rent The Runway Inc.  
RES,Rpc Inc. 
RESI,Kelly Strategic Etf Trust Kelly Residential & Apartment Real E
RETA,Reata Pharmaceuticals Inc.  
REVG,Rev Group Inc. 
REX,Rex American Resources Corporation
REXR,Rexford Industrial Realty Inc. 
RF,Regions Financial Corporation 
RGA,Reinsurance Group Of America Incorporated 
RGC,Regencell Bioscience Holdings Limited 
RGCO,Rgc Resources Inc. 
RGEN,Repligen Corporation 
RGLD,Royal Gold Inc. 
RGLS,Regulus Therapeutics Inc. 
RGNX,Regenxbio Inc. 
RGR,Sturm Ruger & Company Inc. 
RGS,Regis Corporation 
RH,Rh 
RHI,Robert Half International Inc. 
RHP,Ryman Hospitality Properties Inc. (Reit)
RICK,Rci Hospitality Holdings Inc. 
RIG,Transocean Ltd (Switzerland) 
RIGL,Rigel Pharmaceuticals Inc. 
RILY,B. Riley Financial Inc. 
RJF,Raymond James Financial Inc. 
RKT,Rocket Companies Inc.  
RL,Ralph Lauren Corporation 
RLGT,Radiant Logistics Inc. 
RLI,Rli Corp.  (De)
RLJ,Rlj Lodging Trust  Of Beneficial Interest $0.01 Par Value
RM,Regional Management Corp. 
RMAX,Re/Max Holdings Inc.  
RMBS,Rambus Inc. 
RMD,Resmed Inc. 
RMR,The Rmr Group Inc.  
RMTI,Rockwell Medical Inc. 
RNG,Ringcentral Inc.  
RNR,Renaissancere Holdings Ltd. 
RNST,Renasant Corporation 
ROC,Roc Energy Acquisition Corp. 
ROCK,Gibraltar Industries Inc. 
ROG,Rogers Corporation 
ROIC,Retail Opportunity Investments Corp.  (Md)
ROK,Rockwell Automation Inc. 
ROL,Rollins Inc. 
ROP,Roper Technologies Inc. 
ROSE,Rose Hill Acquisition Corporation  
ROST,Ross Stores Inc. 
RPD,Rapid7 Inc. 
RPM,Rpm International Inc. 
RPRX,Royalty Pharma Plc  
RPT,Rpt Realty 
RRC,Range Resources Corporation 
RRGB,Red Robin Gourmet Burgers Inc. 
RRR,Red Rock Resorts Inc.  
RRTS,
RS,Reliance Steel & Aluminum Co.  (De)
RSG,Republic Services Inc. 
RUN,Sunrun Inc. 
RUSHA,Rush Enterprises Inc.  Cl A
RUSHB,Rush Enterprises Inc. 
RUTH,Ruth'S Hospitality Group Inc. 
RVNC,Revance Therapeutics Inc. 
RVSB,Riverview Bancorp Inc 
RWT,Redwood Trust Inc. 
RXDX,Prometheus Biosciences Inc. 
RYAAY,Ryanair Holdings Plc American Depositary Shares
RYAM,Rayonier Advanced Materials Inc. 
RYI,Ryerson Holding Corporation 
RYN,Rayonier Inc. Reit 
S,Sentinelone Inc.  
SABR,Sabre Corporation 
SAFT,Safety Insurance Group Inc. 
SAGE,Sage Therapeutics Inc. 
SAH,Sonic Automotive Inc. 
SAI,Sai.Tech Global Corporation  
SAIA,Saia Inc. 
SAIC,Science Applications International Corporation 
SALM,Salem Media Group Inc.  
SAM,Boston Beer Company Inc. (The) 
SAMG,Silvercrest Asset Management Group Inc.  
SANM,Sanmina Corporation 
SASR,Sandy Spring Bancorp Inc. 
SATS,Echostar Corporation 
SAVE,Spirit Airlines Inc. 
SB,Safe Bulkers Inc  ($0.001 Par Value)
SBAC,Sba Communications Corporation  
SBCF,Seacoast Banking Corporation Of Florida 
SBGI,Sinclair Broadcast Group Inc.  
SBH,Sally Beauty Holdings Inc. (Name To Be Changed From Sally Holdings Inc.) 
SBNY,
SBOW,Silverbow Resorces Inc. 
SBRA,Sabra Health Care Reit Inc. 
SBSI,Southside Bancshares Inc. 
SBUX,Starbucks Corporation 
SCCO,Southern Copper Corporation 
SCHL,Scholastic Corporation 
SCHN,Schnitzer Steel Industries Inc.  
SCHW,Charles Schwab Corporation (The) 
SCI,Service Corporation International 
SCL,Stepan Company 
SCM,Stellus Capital Investment Corporation 
SCOR,Comscore Inc. 
SCS,Steelcase Inc. 
SCSC,Scansource Inc. 
SCTY,
SCVL,Shoe Carnival Inc. 
SCWX,Secureworks Corp.  
SD,Sandridge Energy Inc. 
SDRL,Seadrill Limited 
SE,Sea Limited American Depositary Shares Each Representing One  
SEAC,Seachange International Inc. 
SEAS,Seaworld Entertainment Inc. 
SEB,Seaboard Corporation 
SEE,Sealed Air Corporation 
SEIC,Sei Investments Company 
SELB,Selecta Biosciences Inc. 
SEM,Select Medical Holdings Corporation 
SENEA,Seneca Foods Corp.  
SF,Stifel Financial Corporation 
SFBS,Servisfirst Bancshares Inc. 
SFE,Safeguard Scientifics Inc. 
SFL,Sfl Corporation Ltd
SFM,Sprouts Farmers Market Inc. 
SFNC,Simmons First National Corporation  
SFR,Appreciate Holdings Inc.  
SFST,Southern First Bancshares Inc. 
SFY,Sofi Select 500 Etf
SGA,Saga Communications Inc.   (Fl)
SGC,Superior Group Of Companies Inc. 
SGEN,Seagen Inc. 
SGMO,Sangamo Therapeutics Inc. 
SGRY,Surgery Partners Inc. 
SHAK,Shake Shack Inc.  
SHBI,Shore Bancshares Inc 
SHEN,Shenandoah Telecommunications Co 
SHO,Sunstone Hotel Investors Inc. Sunstone Hotel Investors Inc. 
SHOO,Steven Madden Ltd. 
SHW,Sherwin-Williams Company (The) 
SIEN,Sientra Inc. 
SIG,Signet Jewelers Limited 
SIGA,Siga Technologies Inc. 
SIGI,Selective Insurance Group Inc. 
SII,Sprott Inc. 
SIL,Global X Silver Miners Etf
SIRI,Sirius Xm Holdings Inc. 
SITE,Siteone Landscape Supply Inc. 
SIX,Six Flags Entertainment Corporation New 
SJM,J.M. Smucker Company (The) New 
SJW,Sjw Group  (De)
SKT,Tanger Factory Outlet Centers Inc. 
SKX,Skechers U.S.A. Inc. 
SKY,Skyline Champion Corporation 
SKYW,Skywest Inc. 
SLAB,Silicon Laboratories Inc. 
SLB,Schlumberger N.V. 
SLCA,U.S. Silica Holdings Inc. 
SLG,Sl Green Realty Corp 
SLGN,Silgan Holdings Inc. 
SLM,Slm Corporation 
SLP,Simulations Plus Inc. 
SLRC,Slr Investment Corp. 
SM,Sm Energy Company 
SMBC,Southern Missouri Bancorp Inc. 
SMBK,Smartfinancial Inc. 
SMCI,Super Micro Computer Inc. 
SMG,Scotts Miracle-Gro Company (The) 
SMHI,Seacor Marine Holdings Inc. 
SMMF,Summit Financial Group Inc. 
SMP,Standard Motor Products Inc. 
SMRT,Smartrent Inc.  
SMSI,Smith Micro Software Inc. 
SMTC,Semtech Corporation 
SNA,Snap-On Incorporated 
SNCR,Synchronoss Technologies Inc. 
SND,Smart Sand Inc. 
SNDR,Schneider National Inc. 
SNDX,Syndax Pharmaceuticals Inc. 
SNOW,Snowflake Inc.  
SNPS,Synopsys Inc. 
SNV,Synovus Financial Corp. 
SNX,Td Synnex Corporation 
SO,Southern Company (The) 
SOHU,Sohu.Com Limited American Depositary Shares
SOI,Solaris Oilfield Infrastructure Inc.  
SOLR,Smartetfs Sustainable Energy Ii Etf
SON,Sonoco Products Company 
SONO,Sonos Inc. 
SP,Sp Plus Corporation 
SPB,Spectrum Brands Holdings Inc. 
SPC,Crossingbridge Pre-Merger Spac Etf
SPG,Simon Property Group Inc. 
SPGI,S&P Global Inc. 
SPLK,Splunk Inc. 
SPNS,Sapiens International Corporation N.V.  (Cayman Islands)
SPOK,Spok Holdings Inc. 
SPPI,Spectrum Pharmaceuticals Inc.
SPR,Spirit Aerosystems Holdings Inc. 
SPSC,Sps Commerce Inc. 
SPTN,Spartannash Company 
SPWH,Sportsman'S Warehouse Holdings Inc. 
SPWR,Sunpower Corporation 
SPXC,Spx Technologies Inc. 
SQ,Block Inc.  
SR,Spire Inc. 
SRC,Spirit Realty Capital Inc. 
SRCE,1St Source Corporation 
SRCL,Stericycle Inc. 
SRDX,Surmodics Inc. 
SRE,Dba Sempra 
SRG,Seritage Growth Properties  
SRI,Stoneridge Inc. 
SRPT,Sarepta Therapeutics Inc.  (De)
SRT,Startek Inc. 
SSB,Southstate Corporation 
SSD,Simpson Manufacturing Company Inc. 
SSNC,Ss&C Technologies Holdings Inc. 
SSP,E.W. Scripps Company (The)  
SSTI,Soundthinking Inc. 
SSTK,Shutterstock Inc. 
SSYS,Stratasys Ltd.  (Israel)
ST,Sensata Technologies Holding Plc 
STAA,Staar Surgical Company 
STAG,Stag Industrial Inc. 
STAR,
STBA,S&T Bancorp Inc. 
STC,Stewart Information Services Corporation 
STE,Steris Plc (Ireland) 
STEL,Stellar Bancorp Inc. 
STEM,Stem Inc.  
STLD,Steel Dynamics Inc.
STLY,
STNG,Scorpio Tankers Inc. 
STR,Sitio Royalties Corp.  
STRA,Strategic Education Inc. 
STRI,
STRL,Sterling Infrastructure Inc. 
STRS,Stratus Properties Inc. 
STSA,Satsuma Pharmaceuticals Inc. 
STT,State Street Corporation 
STWD,Starwood Property Trust Inc. Starwood Property Trust Inc.
STX,Seagate Technology Holdings Plc  (Ireland)
STXS,Stereotaxis Inc. 
STZ,Constellation Brands Inc. 
SUI,Sun Communities Inc. 
SUM,Summit Materials Inc.  
SUN,Sunoco Lp Common Units Representing Limited Partner Interests
SUP,Superior Industries International Inc.  (De)
SUPN,Supernus Pharmaceuticals Inc. 
SURG,Surgepays Inc. 
SVVC,Firsthand Technology Value Fund Inc. 
SWI,Solarwinds Corporation 
SWK,Stanley Black & Decker Inc. 
SWKS,Skyworks Solutions Inc. 
SWN,Southwestern Energy Company 
SWX,Southwest Gas Holdings Inc.  (De)
SXC,Suncoke Energy Inc. 
SXI,Standex International Corporation 
SXT,Sensient Technologies Corporation 
SY,So-Young International Inc. American Depository Shares
SYBT,Stock Yards Bancorp Inc. 
SYF,Synchrony Financial 
SYK,Stryker Corporation 
SYNA,Synaptics Incorporated  $0.001 Par Value
SYRS,Syros Pharmaceuticals Inc. 
SYY,Sysco Corporation 
T,At&T Inc.
TAL,Tal Education Group American Depositary Shares
TAP,Molson Coors Beverage Company  
TAST,Carrols Restaurant Group Inc. 
TBBK,The Bancorp Inc 
TBI,Trueblue Inc. 
TBNK,Territorial Bancorp Inc. 
TBPH,Theravance Biopharma Inc. 
TC,Tuanche Limited American Depositary Shares
TCBI,Texas Capital Bancshares Inc. 
TCBK,Trico Bancshares 
TCFC,The Community Financial Corporation 
TCI,Transcontinental Realty Investors Inc. 
TCMD,Tactile Systems Technology Inc. 
TCPC,Blackrock Tcp Capital Corp. 
TCS,Container Store (The) 
TCX,Tucows Inc.  
TDC,Teradata Corporation 
TDG,Transdigm Group Incorporated 
TDOC,Teladoc Health Inc. 
TDS,Telephone And Data Systems Inc. 
TDSC,Cabana Target Drawdown 10 Etf
TDW,Tidewater Inc. 
TDY,Teledyne Technologies Incorporated 
TEAM,Atlassian Corporation  
TECH,Bio-Techne Corp 
TEL,Te Connectivity Ltd. New Switzerland Registered Shares
TELL,Tellurian Inc. 
TER,Teradyne Inc. 
TESS,Tessco Technologies Incorporated 
TEVA,Teva Pharmaceutical Industries Limited American Depositary Shares
TEX,Terex Corporation 
TFSL,Tfs Financial Corporation 
TFX,Teleflex Incorporated 
TG,Tredegar Corporation 
TGH,Textainer Group Holdings Limited 
TGI,Triumph Group Inc. 
TGNA,Tegna Inc
TGT,Target Corporation 
TGTX,Tg Therapeutics Inc. 
THC,Tenet Healthcare Corporation 
THFF,First Financial Corporation Indiana 
THG,Hanover Insurance Group Inc
THO,Thor Industries Inc. 
THR,Thermon Group Holdings Inc. 
THRM,Gentherm Inc 
THRX,Theseus Pharmaceuticals Inc. 
THS,Treehouse Foods Inc. 
TILE,Interface Inc. 
TIME,Capitol Series Trust Clockwise Capital Innovation Etf
TINY,Proshares Nanotechnology Etf
TIPT,Tiptree Inc. 
TISI,Team Inc. 
TITN,Titan Machinery Inc. 
TJX,Tjx Companies Inc. (The) 
TK,Teekay Corporation 
TKR,Timken Company (The) 
TLYS,Tilly'S Inc. 
TMHC,Taylor Morrison Home Corporation 
TMO,Thermo Fisher Scientific Inc 
TMP,Tompkins Financial Corporation 
TMST,Timkensteel Corporation 
TMUS,T-Mobile Us Inc. 
TNC,Tennant Company 
TNDM,Tandem Diabetes Care Inc. 
TNET,Trinet Group Inc. 
TNK,Teekay Tankers Ltd.
TNL,Travel Leisure Co. 
TOL,Toll Brothers Inc. 
TOWN,Townebank 
TPB,Turning Point Brands Inc. 
TPC,Tutor Perini Corporation 
TPH,Tri Pointe Homes Inc. 
TPHS,Trinity Place Holdings Inc. 
TPIC,Tpi Composites Inc. 
TPX,Tempur Sealy International Inc. 
TR,Tootsie Roll Industries Inc. 
TRC,Tejon Ranch Co 
TREE,Lendingtree Inc. 
TREX,Trex Company Inc. 
TRGP,Targa Resources Inc. 
TRHC,Tabula Rasa Healthcare Inc. 
TRI,Thomson Reuters Corp 
TRIP,Tripadvisor Inc. 
TRMB,Trimble Inc. 
TRMK,Trustmark Corporation 
TRN,Trinity Industries Inc. 
TRNO,Terreno Realty Corporation 
TROW,T. Rowe Price Group Inc. 
TROX,Tronox Holdings Plc  (Uk)
TRS,Trimas Corporation 
TRST,Trustco Bank Corp Ny 
TRTN,Triton International Limited 
TRU,Transunion 
TRUE,Truecar Inc. 
TRUP,Trupanion Inc. 
TRV,The Travelers Companies Inc. 
TRVN,Trevena Inc. 
TSBK,Timberland Bancorp Inc. 
TSCO,Tractor Supply Company 
TSE,Trinseo Plc 
TSLA,Tesla Inc. 
TSN,Tyson Foods Inc. 
TSQ,Townsquare Media Inc.  
TTC,Toro Company (The) 
TTD,The Trade Desk Inc.  
TTEC,Ttec Holdings Inc. 
TTEK,Tetra Tech Inc. 
TTGT,Techtarget Inc. 
TTI,Tetra Technologies Inc. 
TTMI,Ttm Technologies Inc. 
TTWO,Take-Two Interactive Software Inc. 
TUP,Tupperware Brands Corporation 
TUSK,Mammoth Energy Services Inc. 
TW,Tradeweb Markets Inc.  
TWI,Titan International Inc. (De) 
TWIN,Twin Disc Incorporated 
TWLO,Twilio Inc.  
TWNK,Hostess Brands Inc.  
TWO,Two Harbors Investment Corp
TWOU,2U Inc. 
TXMD,Therapeuticsmd Inc. 
TXN,Texas Instruments Incorporated 
TXRH,Texas Roadhouse Inc. 
TXT,Textron Inc. 
TYL,Tyler Technologies Inc. 
TZOO,Travelzoo 
UA,Under Armour Inc. Class C 
UAA,Under Armour Inc.  
UAL,United Airlines Holdings Inc. 
UBA,Urstadt Biddle Properties Inc. 
UBFO,United Security Bancshares 
UBSI,United Bankshares Inc. 
UCBI,United Community Banks Inc. 
UCTT,Ultra Clean Holdings Inc. 
UDR,Udr Inc. 
UE,Urban Edge Properties  Of Beneficial Interest
UEC,Uranium Energy Corp. 
UEIC,Universal Electronics Inc. 
UFCS,United Fire Group Inc. 
UFI,Unifi Inc. New 
UFPI,Ufp Industries Inc. 
UFPT,Ufp Technologies Inc. 
UGI,Ugi Corporation 
UHAL,U-Haul Holding Company 
UHS,Universal Health Services Inc. 
UHT,Universal Health Realty Income Trust 
UIHC,United Insurance Holdings Corp. 
UIS,Unisys Corporation New 
ULBI,Ultralife Corporation 
ULH,Universal Logistics Holdings Inc. 
ULTA,Ulta Beauty Inc. 
ULTR,Iq Ultra Short Duration Etf
UMBF,Umb Financial Corporation 
UMH,Umh Properties Inc. 
UNB,Union Bankshares Inc. 
UNF,Unifirst Corporation 
UNFI,United Natural Foods Inc. 
UNH,Unitedhealth Group Incorporated  (De)
UNIT,Uniti Group Inc. 
UNM,Unum Group 
UNP,Union Pacific Corporation 
UNTY,Unity Bancorp Inc. 
UNVR,Univar Solutions Inc. 
UPLD,Upland Software Inc. 
UPS,United Parcel Service Inc. 
URBN,Urban Outfitters Inc. 
URG,Ur Energy Inc  (Canada)
URI,United Rentals Inc. 
USAP,Universal Stainless & Alloy Products Inc. 
USB,U.S. Bancorp 
USEG,U.S. Energy Corp.  (De)
USFD,Us Foods Holding Corp. 
USLM,United States Lime & Minerals Inc. 
USM,United States Cellular Corporation 
USNA,Usana Health Sciences Inc. 
USPH,U.S. Physical Therapy Inc. 
UST,Proshares Ultra 7-10 Year Treasury
UTHR,United Therapeutics Corporation 
UTI,Universal Technical Institute Inc 
UTL,Unitil Corporation 
UTMD,Utah Medical Products Inc. 
UTSI,Utstarcom Holdings Corp. 
UVE,Universal Insurance Holdings Inc 
UVSP,Univest Financial Corporation 
UVV,Universal Corporation 
V,Visa Inc.
VAC,Marriott Vacations Worldwide Corporation 
VAL,Valaris Limited 
VALU,Value Line Inc. 
VBIV,Vbi Vaccines Inc. New  (Canada)
VBTX,Veritex Holdings Inc. 
VC,Visteon Corporation 
VCYT,Veracyte Inc. 
VECO,Veeco Instruments Inc. 
VEEV,Veeva Systems Inc.  
VERI,Veritone Inc. 
VFC,V.F. Corporation 
VGR,Vector Group Ltd. 
VGZ,Vista Gold Corp 
VHC,Virnetx Holding Corp 
VHI,Valhi Inc. 
VIA,Via Renewables Inc.  
VIAV,Viavi Solutions Inc. 
VICR,Vicor Corporation 
VIRT,Virtu Financial Inc.  
VIVE,
VLGEA,Village Super Market Inc.  
VLO,Valero Energy Corporation 
VLY,Valley National Bancorp 
VMC,Vulcan Materials Company (Holding Company) 
VMI,Valmont Industries Inc. 
VMW,Vmware Inc.  
VNDA,Vanda Pharmaceuticals Inc. 
VNO,Vornado Realty Trust 
VOD,Vodafone Group Plc American Depositary Shares
VOXX,Voxx International Corporation  
VOYA,Voya Financial Inc. 
VPG,Vishay Precision Group Inc. 
VR,Global X Metaverse Etf
VRA,Vera Bradley Inc. 
VRAY,Viewray Inc. 
VREX,Varex Imaging Corporation 
VRNS,Varonis Systems Inc. 
VRNT,Verint Systems Inc. 
VRSK,Verisk Analytics Inc. 
VRSN,Verisign Inc. 
VRTS,Virtus Investment Partners Inc. 
VRTV,Veritiv Corporation 
VRTX,Vertex Pharmaceuticals Incorporated 
VRUS,
VSAT,Viasat Inc. 
VSEC,Vse Corporation 
VSH,Vishay Intertechnology Inc. 
VST,Vistra Corp. 
VSTM,Verastem Inc. 
VSTO,Vista Outdoor Inc. 
VTR,Ventas Inc. 
VTVT,Vtv Therapeutics Inc.  
VVI,Viad Corp 
VVV,Valvoline Inc. 
VYGR,Voyager Therapeutics Inc. 
VZ,
W,Wayfair Inc.  
WAB,Westinghouse Air Brake Technologies Corporation 
WABC,Westamerica Bancorporation 
WAFD,Washington Federal Inc. 
WAL,Western Alliance Bancorporation  (De)
WASH,Washington Trust Bancorp Inc. 
WAT,Waters Corporation 
WATT,Energous Corporation 
WAVE,Eco Wave Power Global Ab (Publ) American Depositary Shares
WB,Weibo Corporation American Depositary Share
WBA,Walgreens Boots Alliance Inc. 
WBS,Webster Financial Corporation 
WCC,Wesco International Inc. 
WCN,Waste Connections Inc. 
WD,Walker & Dunlop Inc 
WDAY,Workday Inc.  
WDC,Western Digital Corporation 
WDFC,Wd-40 Company 
WEC,Wec Energy Group Inc. 
WEL,Integrated Wellness Acquisition Corp  
WEN,Wendy'S Company (The) 
WERN,Werner Enterprises Inc. 
WEX,Wex Inc. 
WEYS,Weyco Group Inc. 
WFC,Wells Fargo & Company 
WGO,Winnebago Industries Inc. 
WHF,Whitehorse Finance Inc. 
WHG,Westwood Holdings Group Inc 
WHR,Whirlpool Corporation 
WINA,Winmark Corporation 
WING,Wingstop Inc. 
WINN,Harbor Etf Trust Harbor Long-Term Growers Etf
WIRE,Encore Wire Corporation 
WK,Workiva Inc.  
WLDN,Willdan Group Inc. 
WLFC,Willis Lease Finance Corporation 
WLK,Westlake Corporation 
WM,Waste Management Inc. 
WMB,Williams Companies Inc. (The) 
WMC,Western Asset Mortgage Capital Corporation 
WMG,Warner Music Group Corp.  
WMK,Weis Markets Inc. 
WMS,Advanced Drainage Systems Inc. 
WMT,Walmart Inc. 
WNC,Wabash National Corporation 
WNEB,Western New England Bancorp Inc. 
WOLF,Wolfspeed Inc. 
WOOF,Petco Health And Wellness Company Inc.  
WOR,Worthington Industries Inc. 
WPC,W. P. Carey Inc. Reit
WPP,Wpp Plc American Depositary Shares
WRB,W.R. Berkley Corporation 
WRK,Westrock Company 
WRLD,World Acceptance Corporation 
WSBC,Wesbanco Inc. 
WSBF,Waterstone Financial Inc.  (Md)
WSC,Willscot Mobile Mini Holdings Corp.  
WSFS,Wsfs Financial Corporation 
WSM,Williams-Sonoma Inc.  (De)
WSO,Watsco Inc. 
WSR,Whitestone Reit 
WST,West Pharmaceutical Services Inc. 
WSTL,
WTBA,West Bancorporation 
WTFC,Wintrust Financial Corporation 
WTI,W&T Offshore Inc. 
WTM,White Mountains Insurance Group Ltd. 
WTS,Watts Water Technologies Inc.  
WTTR,Select Energy Services Inc.  
WTW,Willis Towers Watson Public Limited Company 
WU,Western Union Company (The) 
WVE,Wave Life Sciences Ltd. 
WW,Ww International Inc. 
WWD,Woodward Inc. 
WWE,World Wrestling Entertainment Inc.  
WWW,Wolverine World Wide Inc. 
WY,Weyerhaeuser Company 
WYNN,Wynn Resorts Limited 
X,United States Steel Corporation 
XBIT,Xbiotech Inc. 
XEL,Xcel Energy Inc. 
XHR,Xenia Hotels & Resorts Inc. 
XNCR,Xencor Inc. 
XOM,Exxon Mobil Corporation 
XOMA,Xoma Corporation 
XONE,Bondbloxx Etf Trust Bondbloxx Bloomberg One Year Target Durati
XPER,Xperi Inc. 
XPO,Xpo Inc. 
XRAY,Dentsply Sirona Inc. 
XRTX,Xortx Therapeutics Inc. 
XRX,Xerox Holdings Corporation 
XYL,Xylem Inc.  New
YELP,Yelp Inc. 
YEXT,Yext Inc. 
YORW,York Water Company (The) 
YUM,Yum! Brands Inc.
YUMC,Yum China Holdings Inc. 
Z,Zillow Group Inc. Class C Capital Stock
ZAZA,
ZBH,Zimmer Biomet Holdings Inc. 
ZBRA,Zebra Technologies Corporation  
ZEUS,Olympic Steel Inc. 
ZG,Zillow Group Inc.  
ZION,Zions Bancorporation N.A. 
ZIP,Ziprecruiter Inc.  
ZTS,Zoetis Inc.  
ZUMZ,Zumiez Inc. 
ZYNE,Zynerba Pharmaceuticals Inc. 