<?xml version="1.0" encoding="UTF-8"?>
<configuration scan="true" scanPeriod="5 seconds">

    <property resource="config.properties"></property>

    <appender name="fileAppender" class="ch.qos.logback.core.rolling.RollingFileAppender">
        <file>${log.path}/mock-server/server.log</file>
        <encoder>
            <pattern>%d|%-5level|%thread|%logger{40}|%L|%msg%n</pattern>
        </encoder>
        <rollingPolicy class="ch.qos.logback.core.rolling.TimeBasedRollingPolicy">
            <fileNamePattern>${log.path}/mock-server/server.log.%d{yyyy-MM-dd-HH}</fileNamePattern>
        </rollingPolicy>
    </appender>


    <appender name="errorAppender" class="ch.qos.logback.core.rolling.RollingFileAppender">
        <file>${log.path}/mock-server/error.log</file>
        <encoder>
            <pattern>%d|%-5level|%thread|%logger{40}|%L|%msg%n</pattern>
        </encoder>
        <rollingPolicy class="ch.qos.logback.core.rolling.TimeBasedRollingPolicy">
            <fileNamePattern>${log.path}/mock-server/error.log.%d{yyyy-MM-dd-HH}</fileNamePattern>
        </rollingPolicy>
        <filter class="ch.qos.logback.classic.filter.LevelFilter">
            <level>ERROR</level>
            <onMatch>ACCEPT</onMatch>
            <onMismatch>DENY</onMismatch>
        </filter>
    </appender>

    <appender name="STDOUT" class="ch.qos.logback.core.ConsoleAppender">
        <encoder>
            <pattern>%d|%-5level|%thread|%logger{40}|%L|%msg%n</pattern>
        </encoder>
    </appender>

    <logger name="org.springframework" level="ERROR"/>
    <logger name="ch.qos.logback" level="ERROR"/>
    <logger name="com.xiaomi.data.push.service.state" level="ERROR"/>
    <logger name="org.reflections.Reflections" level="ERROR"/>

    <root level="INFO">
        <appender-ref ref="STDOUT"/>
        <appender-ref ref="errorAppender"/>
        <appender-ref ref="fileAppender"/>
    </root>

</configuration>