{
  "name": "grimoire",
  "version": "0.0.0",
  "description": "Create Agents with Magick",
  "repository": "oneirocom/magick",
  "license": "MIT",
  "type": "module",
  "exports": {
    "./cli": {
      "types": "./dist/cli/index.d.ts",
      "import": "./dist/cli/index.mjs"
    },
    "./cga": {
      "types": "./dist/cga/index.d.ts",
      "import": "./dist/cga/index.mjs"
    },
    ".": {
      "types": "./dist/core/index.d.ts",
      "import": "./dist/core/index.mjs"
    },
    "./core": {
      "types": "./dist/core/index.d.ts",
      "import": "./dist/core/index.mjs"
    },
    "./config": {
      "types": "./dist/config/index.d.ts",
      "import": "./dist/config/index.mjs"
    },
    "./package.json": "./package.json"
  },
  "main": "./dist/core/index.mjs",
  "types": "./dist/core/index.d.ts",
  "bin": {
    "grimoire": "./dist/cli/index.mjs",
    "magick": "./dist/cli/index.mjs",
    "create-grimoire-app": "./dist/cga/index.mjs"
  },
  "files": [
    "dist",
    "*.d.ts",
    "runtime-meta.*"
  ],
  "scripts": {
    "build": "unbuild",
    "dev": "pnpm grimoire dev --dir playground",
    "dev:build": "pnpm grimoire build playground",
    "dev:start": "node playground/.output/server/index.mjs",
    "lint": "eslint --cache . && biome check .",
    "lint:fix": "eslint --cache --fix . && biome check . --write",
    "grimoire": "jiti ./src/cli/index.ts",
    "create-grimoire-app": "jiti ./src/cga/index.ts",
    "cga": "pnpm create-grimoire-app",
    "prepack": "pnpm build",
    "gen-mirror": "pnpm jiti scripts/gen-mirror.ts",
    "gen-presets": "pnpm jiti scripts/gen-presets.ts",
    "release:local": "pnpm publish --no-git-checks --registry http://localhost:4873",
    "release": "pnpm test && pnpm build && changelogen --release && pnpm publish && git push --follow-tags",
    "stub": "unbuild --stub",
    "test": "pnpm lint && pnpm vitest-es run --silent",
    "test:fixture:types": "pnpm stub && jiti ./test/scripts/gen-fixture-types.ts && cd test/fixture && tsc --noEmit",
    "test:types": "tsc --noEmit && pnpm test:fixture:types",
    "vitest-es": "NODE_OPTIONS=\"--enable-source-maps --experimental-vm-modules\" vitest"
  },
  "resolutions": {
    "undici": "^6.19.2",
    "jiti": "2.0.0-beta.3"
  },
  "dependencies": {
    "@cloudflare/kv-asset-handler": "^0.3.3",
    "@gtc-nova/kit": "^0.0.1",
    "@magickml/agent-plugin": "^0.0.1",
    "@magickml/agent-service": "0.0.1",
    "@magickml/core-plugin": "^0.0.1",
    "@magickml/discord-plugin": "^0.0.1",
    "@magickml/node-spec": "^0.0.1",
    "@magickml/seraph": "^0.0.1",
    "@magickml/seraph-manager": "^0.0.1",
    "@magickml/server-event-tracker": "^0.0.1",
    "@magickml/slack-plugin": "^0.0.1",
    "@magickml/storage": "^0.0.1",
    "@magickml/utils": "^0.0.1",
    "@magickml/vercel-sdk-core": "^0.0.1",
    "@netlify/functions": "^2.7.0",
    "@rollup/plugin-alias": "^5.1.0",
    "@rollup/plugin-commonjs": "^26.0.1",
    "@rollup/plugin-inject": "^5.0.5",
    "@rollup/plugin-json": "^6.1.0",
    "@rollup/plugin-node-resolve": "^15.2.3",
    "@rollup/plugin-replace": "^5.0.7",
    "@rollup/plugin-terser": "^0.4.4",
    "@rollup/pluginutils": "^5.1.0",
    "@types/http-proxy": "^1.17.14",
    "@vercel/nft": "^0.27.2",
    "archiver": "^7.0.1",
    "c12": "^2.0.0-beta.1",
    "chalk": "^5.3.0",
    "chokidar": "^3.6.0",
    "citty": "^0.1.6",
    "compatx": "^0.1.8",
    "confbox": "^0.1.7",
    "consola": "^3.2.3",
    "cookie-es": "^1.1.0",
    "croner": "^8.0.2",
    "crossws": "^0.2.4",
    "db0": "^0.1.4",
    "defu": "^6.1.4",
    "destr": "^2.0.3",
    "dot-prop": "^9.0.0",
    "esbuild": "^0.21.5",
    "escape-string-regexp": "^5.0.0",
    "etag": "^1.8.1",
    "fs-extra": "^11.2.0",
    "giget": "^1.2.3",
    "globby": "^14.0.1",
    "gzip-size": "^7.0.0",
    "h3": "^1.11.1",
    "hookable": "^5.5.3",
    "httpxy": "^0.1.5",
    "ioredis": "^5.4.1",
    "jiti": "^2.0.0-beta.3",
    "klona": "^2.0.6",
    "knitwork": "^1.1.0",
    "listhen": "^1.7.2",
    "magic-string": "^0.30.10",
    "magicast": "^0.3.4",
    "mime": "^4.0.3",
    "mlly": "^1.7.1",
    "mri": "^1.2.0",
    "node-fetch-native": "^1.6.4",
    "nova": "github:coffeeorgreentea/nova",
    "ofetch": "^1.3.4",
    "ohash": "^1.1.3",
    "openapi-typescript": "^7.0.0",
    "pathe": "^1.1.2",
    "perfect-debounce": "^1.0.0",
    "pkg-types": "^1.1.3",
    "pretty-bytes": "^6.1.1",
    "radix3": "^1.1.2",
    "rollup": "^4.18.0",
    "rollup-plugin-visualizer": "^5.12.0",
    "scule": "^1.3.0",
    "semver": "^7.6.2",
    "serve-placeholder": "^2.0.2",
    "serve-static": "^1.15.0",
    "std-env": "^3.7.0",
    "ufo": "^1.5.3",
    "uncrypto": "^0.1.3",
    "unctx": "^2.3.1",
    "unenv": "^1.9.0",
    "unimport": "^3.7.2",
    "unstorage": "^1.10.2",
    "untyped": "^1.4.2",
    "unwasm": "^0.3.9"
  },
  "devDependencies": {
    "@azure/functions": "^3.5.1",
    "@azure/static-web-apps-cli": "^1.1.9",
    "@biomejs/biome": "^1.8.1",
    "@cloudflare/workers-types": "^4.20240614.0",
    "@deno/types": "^0.0.1",
    "@scalar/api-reference": "^1.24.11",
    "@types/archiver": "^6.0.2",
    "@types/aws-lambda": "^8.10.140",
    "@types/bun": "^1.1.4",
    "@types/estree": "^1.0.5",
    "@types/etag": "^1.8.3",
    "@types/fs-extra": "^11.0.4",
    "@types/node-fetch": "^2.6.11",
    "@types/semver": "^7.5.8",
    "@types/serve-static": "^1.15.7",
    "@types/xml2js": "^0.4.14",
    "@vitest/coverage-v8": "^1.6.0",
    "automd": "^0.3.7",
    "better-sqlite3": "^11.0.0",
    "changelogen": "^0.5.5",
    "edge-runtime": "^2.5.10",
    "eslint": "^9.5.0",
    "eslint-config-unjs": "0.3.2",
    "execa": "^9.2.0",
    "expect-type": "^0.19.0",
    "firebase-admin": "^12.1.1",
    "firebase-functions": "^4.9.0",
    "get-port-please": "^3.1.2",
    "miniflare": "^3.20240610.1",
    "nitro": "npm:nitro-nightly@3x",
    "prettier": "^3.3.2",
    "typescript": "^5.4.5",
    "unbuild": "3.0.0-rc.5",
    "undici": "^6.19.2",
    "vitest": "^1.6.0",
    "xml2js": "^0.6.2"
  },
  "peerDependencies": {
    "xml2js": "^0.6.2"
  },
  "peerDependenciesMeta": {
    "xml2js": {
      "optional": true
    }
  },
  "packageManager": "pnpm@9.4.0",
  "engines": {
    "node": "^16.11.0 || >=17.0.0"
  },
  "pnpm": {
    "peerDependencyRules": {
      "ignoreMissing": [
        "react",
        "@types/react",
        "react-dom",
        "@algolia/client-search"
      ]
    }
  }
}
