[{"_comment": "Data courtesy of Gapminder.org", "year": 1955, "fertility": 7.42, "life_expect": 43.88, "n_fertility": 7.38, "n_life_expect": 45.03, "country": "Afghanistan"}, {"year": 1960, "fertility": 7.38, "life_expect": 45.03, "p_fertility": 7.42, "n_fertility": 7.35, "p_life_expect": 43.88, "n_life_expect": 46.13, "country": "Afghanistan"}, {"year": 1965, "fertility": 7.35, "life_expect": 46.13, "p_fertility": 7.38, "n_fertility": 7.4, "p_life_expect": 45.03, "n_life_expect": 47.08, "country": "Afghanistan"}, {"year": 1970, "fertility": 7.4, "life_expect": 47.08, "p_fertility": 7.35, "n_fertility": 7.54, "p_life_expect": 46.13, "n_life_expect": 47.55, "country": "Afghanistan"}, {"year": 1975, "fertility": 7.54, "life_expect": 47.55, "p_fertility": 7.4, "n_fertility": 7.59, "p_life_expect": 47.08, "n_life_expect": 43.68, "country": "Afghanistan"}, {"year": 1980, "fertility": 7.59, "life_expect": 43.68, "p_fertility": 7.54, "n_fertility": 7.52, "p_life_expect": 47.55, "n_life_expect": 42.03, "country": "Afghanistan"}, {"year": 1985, "fertility": 7.52, "life_expect": 42.03, "p_fertility": 7.59, "n_fertility": 7.57, "p_life_expect": 43.68, "n_life_expect": 53.83, "country": "Afghanistan"}, {"year": 1990, "fertility": 7.57, "life_expect": 53.83, "p_fertility": 7.52, "n_fertility": 7.71, "p_life_expect": 42.03, "n_life_expect": 54.33, "country": "Afghanistan"}, {"year": 1995, "fertility": 7.71, "life_expect": 54.33, "p_fertility": 7.57, "n_fertility": 7.53, "p_life_expect": 53.83, "n_life_expect": 54.73, "country": "Afghanistan"}, {"year": 2000, "fertility": 7.53, "life_expect": 54.73, "p_fertility": 7.71, "p_life_expect": 54.33, "country": "Afghanistan"}, {"year": 1955, "fertility": 3.14, "life_expect": 64.51, "n_fertility": 3.08, "n_life_expect": 65.26, "country": "Argentina"}, {"year": 1960, "fertility": 3.08, "life_expect": 65.26, "p_fertility": 3.14, "n_fertility": 3.06, "p_life_expect": 64.51, "n_life_expect": 66.13, "country": "Argentina"}, {"year": 1965, "fertility": 3.06, "life_expect": 66.13, "p_fertility": 3.08, "n_fertility": 3.09, "p_life_expect": 65.26, "n_life_expect": 66.13, "country": "Argentina"}, {"year": 1970, "fertility": 3.09, "life_expect": 66.13, "p_fertility": 3.06, "n_fertility": 3.3, "p_life_expect": 66.13, "n_life_expect": 68.03, "country": "Argentina"}, {"year": 1975, "fertility": 3.3, "life_expect": 68.03, "p_fertility": 3.09, "n_fertility": 3.3, "p_life_expect": 66.13, "n_life_expect": 70.23, "country": "Argentina"}, {"year": 1980, "fertility": 3.3, "life_expect": 70.23, "p_fertility": 3.3, "n_fertility": 3.1, "p_life_expect": 68.03, "n_life_expect": 71.73, "country": "Argentina"}, {"year": 1985, "fertility": 3.1, "life_expect": 71.73, "p_fertility": 3.3, "n_fertility": 3.03, "p_life_expect": 70.23, "n_life_expect": 72.47, "country": "Argentina"}, {"year": 1990, "fertility": 3.03, "life_expect": 72.47, "p_fertility": 3.1, "n_fertility": 2.86, "p_life_expect": 71.73, "n_life_expect": 73.44, "country": "Argentina"}, {"year": 1995, "fertility": 2.86, "life_expect": 73.44, "p_fertility": 3.03, "n_fertility": 2.59, "p_life_expect": 72.47, "n_life_expect": 74.22, "country": "Argentina"}, {"year": 2000, "fertility": 2.59, "life_expect": 74.22, "p_fertility": 2.86, "p_life_expect": 73.44, "country": "Argentina"}, {"year": 1955, "fertility": 3.27, "life_expect": 70.34, "n_fertility": 3.45, "n_life_expect": 71.11, "country": "Australia"}, {"year": 1960, "fertility": 3.45, "life_expect": 71.11, "p_fertility": 3.27, "n_fertility": 2.98, "p_life_expect": 70.34, "n_life_expect": 71.1, "country": "Australia"}, {"year": 1965, "fertility": 2.98, "life_expect": 71.1, "p_fertility": 3.45, "n_fertility": 2.86, "p_life_expect": 71.11, "n_life_expect": 71.15, "country": "Australia"}, {"year": 1970, "fertility": 2.86, "life_expect": 71.15, "p_fertility": 2.98, "n_fertility": 2.16, "p_life_expect": 71.1, "n_life_expect": 72.51, "country": "Australia"}, {"year": 1975, "fertility": 2.16, "life_expect": 72.51, "p_fertility": 2.86, "n_fertility": 1.9, "p_life_expect": 71.15, "n_life_expect": 74.51, "country": "Australia"}, {"year": 1980, "fertility": 1.9, "life_expect": 74.51, "p_fertility": 2.16, "n_fertility": 1.92, "p_life_expect": 72.51, "n_life_expect": 75.59, "country": "Australia"}, {"year": 1985, "fertility": 1.92, "life_expect": 75.59, "p_fertility": 1.9, "n_fertility": 1.9, "p_life_expect": 74.51, "n_life_expect": 77.0, "country": "Australia"}, {"year": 1990, "fertility": 1.9, "life_expect": 77.0, "p_fertility": 1.92, "n_fertility": 1.83, "p_life_expect": 75.59, "n_life_expect": 78.29, "country": "Australia"}, {"year": 1995, "fertility": 1.83, "life_expect": 78.29, "p_fertility": 1.9, "n_fertility": 1.77, "p_life_expect": 77.0, "n_life_expect": 79.72, "country": "Australia"}, {"year": 2000, "fertility": 1.77, "life_expect": 79.72, "p_fertility": 1.83, "p_life_expect": 78.29, "country": "Australia"}, {"year": 1955, "fertility": 2.29, "life_expect": 67.68, "n_fertility": 2.7, "n_life_expect": 68.96, "country": "Austria"}, {"year": 1960, "fertility": 2.7, "life_expect": 68.96, "p_fertility": 2.29, "n_fertility": 2.7, "p_life_expect": 67.68, "n_life_expect": 70.09, "country": "Austria"}, {"year": 1965, "fertility": 2.7, "life_expect": 70.09, "p_fertility": 2.7, "n_fertility": 2.3, "p_life_expect": 68.96, "n_life_expect": 70.21, "country": "Austria"}, {"year": 1970, "fertility": 2.3, "life_expect": 70.21, "p_fertility": 2.7, "n_fertility": 1.82, "p_life_expect": 70.09, "n_life_expect": 71.44, "country": "Austria"}, {"year": 1975, "fertility": 1.82, "life_expect": 71.44, "p_fertility": 2.3, "n_fertility": 1.65, "p_life_expect": 70.21, "n_life_expect": 72.84, "country": "Austria"}, {"year": 1980, "fertility": 1.65, "life_expect": 72.84, "p_fertility": 1.82, "n_fertility": 1.48, "p_life_expect": 71.44, "n_life_expect": 74.26, "country": "Austria"}, {"year": 1985, "fertility": 1.48, "life_expect": 74.26, "p_fertility": 1.65, "n_fertility": 1.46, "p_life_expect": 72.84, "n_life_expect": 75.97, "country": "Austria"}, {"year": 1990, "fertility": 1.46, "life_expect": 75.97, "p_fertility": 1.48, "n_fertility": 1.44, "p_life_expect": 74.26, "n_life_expect": 77.03, "country": "Austria"}, {"year": 1995, "fertility": 1.44, "life_expect": 77.03, "p_fertility": 1.46, "n_fertility": 1.36, "p_life_expect": 75.97, "n_life_expect": 78.49, "country": "Austria"}, {"year": 2000, "fertility": 1.36, "life_expect": 78.49, "p_fertility": 1.44, "p_life_expect": 77.03, "country": "Austria"}, {"year": 1955, "fertility": 4.5, "life_expect": 60.03, "n_fertility": 4.74, "n_life_expect": 61.93, "country": "Bahamas"}, {"year": 1960, "fertility": 4.74, "life_expect": 61.93, "p_fertility": 4.5, "n_fertility": 4.48, "p_life_expect": 60.03, "n_life_expect": 63.28, "country": "Bahamas"}, {"year": 1965, "fertility": 4.48, "life_expect": 63.28, "p_fertility": 4.74, "n_fertility": 4.07, "p_life_expect": 61.93, "n_life_expect": 65.4, "country": "Bahamas"}, {"year": 1970, "fertility": 4.07, "life_expect": 65.4, "p_fertility": 4.48, "n_fertility": 3.26, "p_life_expect": 63.28, "n_life_expect": 68.21, "country": "Bahamas"}, {"year": 1975, "fertility": 3.26, "life_expect": 68.21, "p_fertility": 4.07, "n_fertility": 2.9, "p_life_expect": 65.4, "n_life_expect": 68.62, "country": "Bahamas"}, {"year": 1980, "fertility": 2.9, "life_expect": 68.62, "p_fertility": 3.26, "n_fertility": 2.63, "p_life_expect": 68.21, "n_life_expect": 70.21, "country": "Bahamas"}, {"year": 1985, "fertility": 2.63, "life_expect": 70.21, "p_fertility": 2.9, "n_fertility": 2.53, "p_life_expect": 68.62, "n_life_expect": 70.86, "country": "Bahamas"}, {"year": 1990, "fertility": 2.53, "life_expect": 70.86, "p_fertility": 2.63, "n_fertility": 2.5, "p_life_expect": 70.21, "n_life_expect": 70.77, "country": "Bahamas"}, {"year": 1995, "fertility": 2.5, "life_expect": 70.77, "p_fertility": 2.53, "n_fertility": 2.1, "p_life_expect": 70.86, "n_life_expect": 71.25, "country": "Bahamas"}, {"year": 2000, "fertility": 2.1, "life_expect": 71.25, "p_fertility": 2.5, "p_life_expect": 70.77, "country": "Bahamas"}, {"year": 1955, "fertility": 6.49, "life_expect": 41.87, "n_fertility": 6.77, "n_life_expect": 43.82, "country": "Bangladesh"}, {"year": 1960, "fertility": 6.77, "life_expect": 43.82, "p_fertility": 6.49, "n_fertility": 6.84, "p_life_expect": 41.87, "n_life_expect": 45.87, "country": "Bangladesh"}, {"year": 1965, "fertility": 6.84, "life_expect": 45.87, "p_fertility": 6.77, "n_fertility": 6.88, "p_life_expect": 43.82, "n_life_expect": 42.2, "country": "Bangladesh"}, {"year": 1970, "fertility": 6.88, "life_expect": 42.2, "p_fertility": 6.84, "n_fertility": 6.74, "p_life_expect": 45.87, "n_life_expect": 50.62, "country": "Bangladesh"}, {"year": 1975, "fertility": 6.74, "life_expect": 50.62, "p_fertility": 6.88, "n_fertility": 6.32, "p_life_expect": 42.2, "n_life_expect": 53.22, "country": "Bangladesh"}, {"year": 1980, "fertility": 6.32, "life_expect": 53.22, "p_fertility": 6.74, "n_fertility": 5.54, "p_life_expect": 50.62, "n_life_expect": 53.75, "country": "Bangladesh"}, {"year": 1985, "fertility": 5.54, "life_expect": 53.75, "p_fertility": 6.32, "n_fertility": 4.48, "p_life_expect": 53.22, "n_life_expect": 58.19, "country": "Bangladesh"}, {"year": 1990, "fertility": 4.48, "life_expect": 58.19, "p_fertility": 5.54, "n_fertility": 3.61, "p_life_expect": 53.75, "n_life_expect": 62.24, "country": "Bangladesh"}, {"year": 1995, "fertility": 3.61, "life_expect": 62.24, "p_fertility": 4.48, "n_fertility": 3.22, "p_life_expect": 58.19, "n_life_expect": 65.47, "country": "Bangladesh"}, {"year": 2000, "fertility": 3.22, "life_expect": 65.47, "p_fertility": 3.61, "p_life_expect": 62.24, "country": "Bangladesh"}, {"year": 1955, "fertility": 4.34, "life_expect": 62.11, "n_fertility": 4.33, "n_life_expect": 66.14, "country": "Barbados"}, {"year": 1960, "fertility": 4.33, "life_expect": 66.14, "p_fertility": 4.34, "n_fertility": 3.96, "p_life_expect": 62.11, "n_life_expect": 68.23, "country": "Barbados"}, {"year": 1965, "fertility": 3.96, "life_expect": 68.23, "p_fertility": 4.33, "n_fertility": 3.11, "p_life_expect": 66.14, "n_life_expect": 69.18, "country": "Barbados"}, {"year": 1970, "fertility": 3.11, "life_expect": 69.18, "p_fertility": 3.96, "n_fertility": 2.39, "p_life_expect": 68.23, "n_life_expect": 70.33, "country": "Barbados"}, {"year": 1975, "fertility": 2.39, "life_expect": 70.33, "p_fertility": 3.11, "n_fertility": 2.0, "p_life_expect": 69.18, "n_life_expect": 72.96, "country": "Barbados"}, {"year": 1980, "fertility": 2.0, "life_expect": 72.96, "p_fertility": 2.39, "n_fertility": 1.83, "p_life_expect": 70.33, "n_life_expect": 73.95, "country": "Barbados"}, {"year": 1985, "fertility": 1.83, "life_expect": 73.95, "p_fertility": 2.0, "n_fertility": 1.74, "p_life_expect": 72.96, "n_life_expect": 73.86, "country": "Barbados"}, {"year": 1990, "fertility": 1.74, "life_expect": 73.86, "p_fertility": 1.83, "n_fertility": 1.73, "p_life_expect": 73.95, "n_life_expect": 73.9, "country": "Barbados"}, {"year": 1995, "fertility": 1.73, "life_expect": 73.9, "p_fertility": 1.74, "n_fertility": 1.78, "p_life_expect": 73.86, "n_life_expect": 74.74, "country": "Barbados"}, {"year": 2000, "fertility": 1.78, "life_expect": 74.74, "p_fertility": 1.73, "p_life_expect": 73.9, "country": "Barbados"}, {"year": 1955, "fertility": 2.4, "life_expect": 68.8, "n_fertility": 2.56, "n_life_expect": 70.07, "country": "Belgium"}, {"year": 1960, "fertility": 2.56, "life_expect": 70.07, "p_fertility": 2.4, "n_fertility": 2.61, "p_life_expect": 68.8, "n_life_expect": 70.76, "country": "Belgium"}, {"year": 1965, "fertility": 2.61, "life_expect": 70.76, "p_fertility": 2.56, "n_fertility": 2.25, "p_life_expect": 70.07, "n_life_expect": 71.1, "country": "Belgium"}, {"year": 1970, "fertility": 2.25, "life_expect": 71.1, "p_fertility": 2.61, "n_fertility": 1.74, "p_life_expect": 70.76, "n_life_expect": 72.15, "country": "Belgium"}, {"year": 1975, "fertility": 1.74, "life_expect": 72.15, "p_fertility": 2.25, "n_fertility": 1.68, "p_life_expect": 71.1, "n_life_expect": 73.33, "country": "Belgium"}, {"year": 1980, "fertility": 1.68, "life_expect": 73.33, "p_fertility": 1.74, "n_fertility": 1.51, "p_life_expect": 72.15, "n_life_expect": 74.61, "country": "Belgium"}, {"year": 1985, "fertility": 1.51, "life_expect": 74.61, "p_fertility": 1.68, "n_fertility": 1.62, "p_life_expect": 73.33, "n_life_expect": 76.15, "country": "Belgium"}, {"year": 1990, "fertility": 1.62, "life_expect": 76.15, "p_fertility": 1.51, "n_fertility": 1.56, "p_life_expect": 74.61, "n_life_expect": 77.01, "country": "Belgium"}, {"year": 1995, "fertility": 1.56, "life_expect": 77.01, "p_fertility": 1.62, "n_fertility": 1.66, "p_life_expect": 76.15, "n_life_expect": 78.04, "country": "Belgium"}, {"year": 2000, "fertility": 1.66, "life_expect": 78.04, "p_fertility": 1.56, "p_life_expect": 77.01, "country": "Belgium"}, {"year": 1955, "fertility": 6.47, "life_expect": 40.53, "n_fertility": 6.44, "n_life_expect": 43.0, "country": "Bolivia"}, {"year": 1960, "fertility": 6.44, "life_expect": 43.0, "p_fertility": 6.47, "n_fertility": 6.26, "p_life_expect": 40.53, "n_life_expect": 46.17, "country": "Bolivia"}, {"year": 1965, "fertility": 6.26, "life_expect": 46.17, "p_fertility": 6.44, "n_fertility": 6.0, "p_life_expect": 43.0, "n_life_expect": 50.09, "country": "Bolivia"}, {"year": 1970, "fertility": 6.0, "life_expect": 50.09, "p_fertility": 6.26, "n_fertility": 5.79, "p_life_expect": 46.17, "n_life_expect": 53.66, "country": "Bolivia"}, {"year": 1975, "fertility": 5.79, "life_expect": 53.66, "p_fertility": 6.0, "n_fertility": 5.47, "p_life_expect": 50.09, "n_life_expect": 56.76, "country": "Bolivia"}, {"year": 1980, "fertility": 5.47, "life_expect": 56.76, "p_fertility": 5.79, "n_fertility": 5.19, "p_life_expect": 53.66, "n_life_expect": 59.14, "country": "Bolivia"}, {"year": 1985, "fertility": 5.19, "life_expect": 59.14, "p_fertility": 5.47, "n_fertility": 4.89, "p_life_expect": 56.76, "n_life_expect": 61.69, "country": "Bolivia"}, {"year": 1990, "fertility": 4.89, "life_expect": 61.69, "p_fertility": 5.19, "n_fertility": 4.41, "p_life_expect": 59.14, "n_life_expect": 64.02, "country": "Bolivia"}, {"year": 1995, "fertility": 4.41, "life_expect": 64.02, "p_fertility": 4.89, "n_fertility": 3.99, "p_life_expect": 61.69, "n_life_expect": 66.53, "country": "Bolivia"}, {"year": 2000, "fertility": 3.99, "life_expect": 66.53, "p_fertility": 4.41, "p_life_expect": 64.02, "country": "Bolivia"}, {"year": 1955, "fertility": 6.11, "life_expect": 49.94, "n_fertility": 6.1, "n_life_expect": 52.44, "country": "Brazil"}, {"year": 1960, "fertility": 6.1, "life_expect": 52.44, "p_fertility": 6.11, "n_fertility": 5.69, "p_life_expect": 49.94, "n_life_expect": 54.83, "country": "Brazil"}, {"year": 1965, "fertility": 5.69, "life_expect": 54.83, "p_fertility": 6.1, "n_fertility": 4.97, "p_life_expect": 52.44, "n_life_expect": 56.94, "country": "Brazil"}, {"year": 1970, "fertility": 4.97, "life_expect": 56.94, "p_fertility": 5.69, "n_fertility": 4.42, "p_life_expect": 54.83, "n_life_expect": 59.78, "country": "Brazil"}, {"year": 1975, "fertility": 4.42, "life_expect": 59.78, "p_fertility": 4.97, "n_fertility": 4.04, "p_life_expect": 56.94, "n_life_expect": 62.74, "country": "Brazil"}, {"year": 1980, "fertility": 4.04, "life_expect": 62.74, "p_fertility": 4.42, "n_fertility": 3.47, "p_life_expect": 59.78, "n_life_expect": 64.61, "country": "Brazil"}, {"year": 1985, "fertility": 3.47, "life_expect": 64.61, "p_fertility": 4.04, "n_fertility": 2.91, "p_life_expect": 62.74, "n_life_expect": 67.29, "country": "Brazil"}, {"year": 1990, "fertility": 2.91, "life_expect": 67.29, "p_fertility": 3.47, "n_fertility": 2.58, "p_life_expect": 64.61, "n_life_expect": 69.17, "country": "Brazil"}, {"year": 1995, "fertility": 2.58, "life_expect": 69.17, "p_fertility": 2.91, "n_fertility": 2.26, "p_life_expect": 67.29, "n_life_expect": 71.18, "country": "Brazil"}, {"year": 2000, "fertility": 2.26, "life_expect": 71.18, "p_fertility": 2.58, "p_life_expect": 69.17, "country": "Brazil"}, {"year": 1955, "fertility": 3.82, "life_expect": 70.33, "n_fertility": 3.9, "n_life_expect": 71.15, "country": "Canada"}, {"year": 1960, "fertility": 3.9, "life_expect": 71.15, "p_fertility": 3.82, "n_fertility": 3.14, "p_life_expect": 70.33, "n_life_expect": 71.9, "country": "Canada"}, {"year": 1965, "fertility": 3.14, "life_expect": 71.9, "p_fertility": 3.9, "n_fertility": 2.33, "p_life_expect": 71.15, "n_life_expect": 72.76, "country": "Canada"}, {"year": 1970, "fertility": 2.33, "life_expect": 72.76, "p_fertility": 3.14, "n_fertility": 1.85, "p_life_expect": 71.9, "n_life_expect": 73.63, "country": "Canada"}, {"year": 1975, "fertility": 1.85, "life_expect": 73.63, "p_fertility": 2.33, "n_fertility": 1.74, "p_life_expect": 72.76, "n_life_expect": 75.21, "country": "Canada"}, {"year": 1980, "fertility": 1.74, "life_expect": 75.21, "p_fertility": 1.85, "n_fertility": 1.67, "p_life_expect": 73.63, "n_life_expect": 76.38, "country": "Canada"}, {"year": 1985, "fertility": 1.67, "life_expect": 76.38, "p_fertility": 1.74, "n_fertility": 1.81, "p_life_expect": 75.21, "n_life_expect": 77.43, "country": "Canada"}, {"year": 1990, "fertility": 1.81, "life_expect": 77.43, "p_fertility": 1.67, "n_fertility": 1.68, "p_life_expect": 76.38, "n_life_expect": 78.12, "country": "Canada"}, {"year": 1995, "fertility": 1.68, "life_expect": 78.12, "p_fertility": 1.81, "n_fertility": 1.49, "p_life_expect": 77.43, "n_life_expect": 79.36, "country": "Canada"}, {"year": 2000, "fertility": 1.49, "life_expect": 79.36, "p_fertility": 1.68, "p_life_expect": 78.12, "country": "Canada"}, {"year": 1955, "fertility": 4.97, "life_expect": 54.83, "n_fertility": 4.92, "n_life_expect": 54.2, "country": "Chile"}, {"year": 1960, "fertility": 4.92, "life_expect": 54.2, "p_fertility": 4.97, "n_fertility": 4.44, "p_life_expect": 54.83, "n_life_expect": 58.7, "country": "Chile"}, {"year": 1965, "fertility": 4.44, "life_expect": 58.7, "p_fertility": 4.92, "n_fertility": 3.78, "p_life_expect": 54.2, "n_life_expect": 61.99, "country": "Chile"}, {"year": 1970, "fertility": 3.78, "life_expect": 61.99, "p_fertility": 4.44, "n_fertility": 3.18, "p_life_expect": 58.7, "n_life_expect": 66.15, "country": "Chile"}, {"year": 1975, "fertility": 3.18, "life_expect": 66.15, "p_fertility": 3.78, "n_fertility": 2.74, "p_life_expect": 61.99, "n_life_expect": 69.44, "country": "Chile"}, {"year": 1980, "fertility": 2.74, "life_expect": 69.44, "p_fertility": 3.18, "n_fertility": 2.59, "p_life_expect": 66.15, "n_life_expect": 71.95, "country": "Chile"}, {"year": 1985, "fertility": 2.59, "life_expect": 71.95, "p_fertility": 2.74, "n_fertility": 2.58, "p_life_expect": 69.44, "n_life_expect": 73.43, "country": "Chile"}, {"year": 1990, "fertility": 2.58, "life_expect": 73.43, "p_fertility": 2.59, "n_fertility": 2.3, "p_life_expect": 71.95, "n_life_expect": 75.28, "country": "Chile"}, {"year": 1995, "fertility": 2.3, "life_expect": 75.28, "p_fertility": 2.58, "n_fertility": 1.99, "p_life_expect": 73.43, "n_life_expect": 76.93, "country": "Chile"}, {"year": 2000, "fertility": 1.99, "life_expect": 76.93, "p_fertility": 2.3, "p_life_expect": 75.28, "country": "Chile"}, {"year": 1955, "fertility": 6.16, "life_expect": 53.92, "n_fertility": 4.33, "n_life_expect": 27.79, "country": "China"}, {"year": 1960, "fertility": 4.33, "life_expect": 27.79, "p_fertility": 6.16, "n_fertility": 6.53, "p_life_expect": 53.92, "n_life_expect": 58.47, "country": "China"}, {"year": 1965, "fertility": 6.53, "life_expect": 58.47, "p_fertility": 4.33, "n_fertility": 6.09, "p_life_expect": 27.79, "n_life_expect": 60.88, "country": "China"}, {"year": 1970, "fertility": 6.09, "life_expect": 60.88, "p_fertility": 6.53, "n_fertility": 3.57, "p_life_expect": 58.47, "n_life_expect": 62.81, "country": "China"}, {"year": 1975, "fertility": 3.57, "life_expect": 62.81, "p_fertility": 6.09, "n_fertility": 2.74, "p_life_expect": 60.88, "n_life_expect": 64.41, "country": "China"}, {"year": 1980, "fertility": 2.74, "life_expect": 64.41, "p_fertility": 3.57, "n_fertility": 2.63, "p_life_expect": 62.81, "n_life_expect": 66.59, "country": "China"}, {"year": 1985, "fertility": 2.63, "life_expect": 66.59, "p_fertility": 2.74, "n_fertility": 2.51, "p_life_expect": 64.41, "n_life_expect": 68.09, "country": "China"}, {"year": 1990, "fertility": 2.51, "life_expect": 68.09, "p_fertility": 2.63, "n_fertility": 1.59, "p_life_expect": 66.59, "n_life_expect": 69.75, "country": "China"}, {"year": 1995, "fertility": 1.59, "life_expect": 69.75, "p_fertility": 2.51, "n_fertility": 1.63, "p_life_expect": 68.09, "n_life_expect": 71.33, "country": "China"}, {"year": 2000, "fertility": 1.63, "life_expect": 71.33, "p_fertility": 1.59, "p_life_expect": 69.75, "country": "China"}, {"year": 1955, "fertility": 6.67, "life_expect": 57.49, "n_fertility": 6.75, "n_life_expect": 59.26, "country": "Colombia"}, {"year": 1960, "fertility": 6.75, "life_expect": 59.26, "p_fertility": 6.67, "n_fertility": 6.36, "p_life_expect": 57.49, "n_life_expect": 61.58, "country": "Colombia"}, {"year": 1965, "fertility": 6.36, "life_expect": 61.58, "p_fertility": 6.75, "n_fertility": 5.28, "p_life_expect": 59.26, "n_life_expect": 65.93, "country": "Colombia"}, {"year": 1970, "fertility": 5.28, "life_expect": 65.93, "p_fertility": 6.36, "n_fertility": 4.4, "p_life_expect": 61.58, "n_life_expect": 66.27, "country": "Colombia"}, {"year": 1975, "fertility": 4.4, "life_expect": 66.27, "p_fertility": 5.28, "n_fertility": 3.86, "p_life_expect": 65.93, "n_life_expect": 68.92, "country": "Colombia"}, {"year": 1980, "fertility": 3.86, "life_expect": 68.92, "p_fertility": 4.4, "n_fertility": 3.34, "p_life_expect": 66.27, "n_life_expect": 67.21, "country": "Colombia"}, {"year": 1985, "fertility": 3.34, "life_expect": 67.21, "p_fertility": 3.86, "n_fertility": 3.08, "p_life_expect": 68.92, "n_life_expect": 71.45, "country": "Colombia"}, {"year": 1990, "fertility": 3.08, "life_expect": 71.45, "p_fertility": 3.34, "n_fertility": 2.86, "p_life_expect": 67.21, "n_life_expect": 72.55, "country": "Colombia"}, {"year": 1995, "fertility": 2.86, "life_expect": 72.55, "p_fertility": 3.08, "n_fertility": 2.57, "p_life_expect": 71.45, "n_life_expect": 74.23, "country": "Colombia"}, {"year": 2000, "fertility": 2.57, "life_expect": 74.23, "p_fertility": 2.86, "p_life_expect": 72.55, "country": "Colombia"}, {"year": 1955, "fertility": 6.71, "life_expect": 61.93, "n_fertility": 6.86, "n_life_expect": 65.35, "country": "Costa Rica"}, {"year": 1960, "fertility": 6.86, "life_expect": 65.35, "p_fertility": 6.71, "n_fertility": 6.04, "p_life_expect": 61.93, "n_life_expect": 65.49, "country": "Costa Rica"}, {"year": 1965, "fertility": 6.04, "life_expect": 65.49, "p_fertility": 6.86, "n_fertility": 4.59, "p_life_expect": 65.35, "n_life_expect": 67.04, "country": "Costa Rica"}, {"year": 1970, "fertility": 4.59, "life_expect": 67.04, "p_fertility": 6.04, "n_fertility": 3.8, "p_life_expect": 65.49, "n_life_expect": 71.6, "country": "Costa Rica"}, {"year": 1975, "fertility": 3.8, "life_expect": 71.6, "p_fertility": 4.59, "n_fertility": 3.59, "p_life_expect": 67.04, "n_life_expect": 74.68, "country": "Costa Rica"}, {"year": 1980, "fertility": 3.59, "life_expect": 74.68, "p_fertility": 3.8, "n_fertility": 3.51, "p_life_expect": 71.6, "n_life_expect": 75.71, "country": "Costa Rica"}, {"year": 1985, "fertility": 3.51, "life_expect": 75.71, "p_fertility": 3.59, "n_fertility": 3.21, "p_life_expect": 74.68, "n_life_expect": 76.94, "country": "Costa Rica"}, {"year": 1990, "fertility": 3.21, "life_expect": 76.94, "p_fertility": 3.51, "n_fertility": 2.8, "p_life_expect": 75.71, "n_life_expect": 76.53, "country": "Costa Rica"}, {"year": 1995, "fertility": 2.8, "life_expect": 76.53, "p_fertility": 3.21, "n_fertility": 2.41, "p_life_expect": 76.94, "n_life_expect": 77.9, "country": "Costa Rica"}, {"year": 2000, "fertility": 2.41, "life_expect": 77.9, "p_fertility": 2.8, "p_life_expect": 76.53, "country": "Costa Rica"}, {"year": 1955, "fertility": 2.57, "life_expect": 60.23, "n_fertility": 2.26, "n_life_expect": 64.71, "country": "Croatia"}, {"year": 1960, "fertility": 2.26, "life_expect": 64.71, "p_fertility": 2.57, "n_fertility": 2.21, "p_life_expect": 60.23, "n_life_expect": 67.64, "country": "Croatia"}, {"year": 1965, "fertility": 2.21, "life_expect": 67.64, "p_fertility": 2.26, "n_fertility": 1.92, "p_life_expect": 64.71, "n_life_expect": 68.67, "country": "Croatia"}, {"year": 1970, "fertility": 1.92, "life_expect": 68.67, "p_fertility": 2.21, "n_fertility": 1.96, "p_life_expect": 67.64, "n_life_expect": 70.58, "country": "Croatia"}, {"year": 1975, "fertility": 1.96, "life_expect": 70.58, "p_fertility": 1.92, "n_fertility": 1.92, "p_life_expect": 68.67, "n_life_expect": 70.67, "country": "Croatia"}, {"year": 1980, "fertility": 1.92, "life_expect": 70.67, "p_fertility": 1.96, "n_fertility": 1.82, "p_life_expect": 70.58, "n_life_expect": 71.32, "country": "Croatia"}, {"year": 1985, "fertility": 1.82, "life_expect": 71.32, "p_fertility": 1.92, "n_fertility": 1.63, "p_life_expect": 70.67, "n_life_expect": 72.46, "country": "Croatia"}, {"year": 1990, "fertility": 1.63, "life_expect": 72.46, "p_fertility": 1.82, "n_fertility": 1.63, "p_life_expect": 71.32, "n_life_expect": 73.01, "country": "Croatia"}, {"year": 1995, "fertility": 1.63, "life_expect": 73.01, "p_fertility": 1.63, "n_fertility": 1.47, "p_life_expect": 72.46, "n_life_expect": 74.65, "country": "Croatia"}, {"year": 2000, "fertility": 1.47, "life_expect": 74.65, "p_fertility": 1.63, "p_life_expect": 73.01, "country": "Croatia"}, {"year": 1955, "fertility": 3.82, "life_expect": 67.12, "n_fertility": 4.14, "n_life_expect": 69.27, "country": "Cuba"}, {"year": 1960, "fertility": 4.14, "life_expect": 69.27, "p_fertility": 3.82, "n_fertility": 4.48, "p_life_expect": 67.12, "n_life_expect": 69.81, "country": "Cuba"}, {"year": 1965, "fertility": 4.48, "life_expect": 69.81, "p_fertility": 4.14, "n_fertility": 4.0, "p_life_expect": 69.27, "n_life_expect": 70.78, "country": "Cuba"}, {"year": 1970, "fertility": 4.0, "life_expect": 70.78, "p_fertility": 4.48, "n_fertility": 2.85, "p_life_expect": 69.81, "n_life_expect": 73.15, "country": "Cuba"}, {"year": 1975, "fertility": 2.85, "life_expect": 73.15, "p_fertility": 4.0, "n_fertility": 1.62, "p_life_expect": 70.78, "n_life_expect": 73.57, "country": "Cuba"}, {"year": 1980, "fertility": 1.62, "life_expect": 73.57, "p_fertility": 2.85, "n_fertility": 1.76, "p_life_expect": 73.15, "n_life_expect": 74.15, "country": "Cuba"}, {"year": 1985, "fertility": 1.76, "life_expect": 74.15, "p_fertility": 1.62, "n_fertility": 1.8, "p_life_expect": 73.57, "n_life_expect": 75.01, "country": "Cuba"}, {"year": 1990, "fertility": 1.8, "life_expect": 75.01, "p_fertility": 1.76, "n_fertility": 1.47, "p_life_expect": 74.15, "n_life_expect": 75.39, "country": "Cuba"}, {"year": 1995, "fertility": 1.47, "life_expect": 75.39, "p_fertility": 1.8, "n_fertility": 1.58, "p_life_expect": 75.01, "n_life_expect": 77.01, "country": "Cuba"}, {"year": 2000, "fertility": 1.58, "life_expect": 77.01, "p_fertility": 1.47, "p_life_expect": 75.39, "country": "Cuba"}, {"year": 1955, "fertility": 7.67, "life_expect": 60.36, "n_fertility": 7.56, "n_life_expect": 61.92, "country": "Dominican Republic"}, {"year": 1960, "fertility": 7.56, "life_expect": 61.92, "p_fertility": 7.67, "n_fertility": 7.05, "p_life_expect": 60.36, "n_life_expect": 61.62, "country": "Dominican Republic"}, {"year": 1965, "fertility": 7.05, "life_expect": 61.62, "p_fertility": 7.56, "n_fertility": 6.18, "p_life_expect": 61.92, "n_life_expect": 64.88, "country": "Dominican Republic"}, {"year": 1970, "fertility": 6.18, "life_expect": 64.88, "p_fertility": 7.05, "n_fertility": 5.24, "p_life_expect": 61.62, "n_life_expect": 67.18, "country": "Dominican Republic"}, {"year": 1975, "fertility": 5.24, "life_expect": 67.18, "p_fertility": 6.18, "n_fertility": 4.3, "p_life_expect": 64.88, "n_life_expect": 69.25, "country": "Dominican Republic"}, {"year": 1980, "fertility": 4.3, "life_expect": 69.25, "p_fertility": 5.24, "n_fertility": 3.69, "p_life_expect": 67.18, "n_life_expect": 70.24, "country": "Dominican Republic"}, {"year": 1985, "fertility": 3.69, "life_expect": 70.24, "p_fertility": 4.3, "n_fertility": 3.41, "p_life_expect": 69.25, "n_life_expect": 71.97, "country": "Dominican Republic"}, {"year": 1990, "fertility": 3.41, "life_expect": 71.97, "p_fertility": 3.69, "n_fertility": 3.1, "p_life_expect": 70.24, "n_life_expect": 73.71, "country": "Dominican Republic"}, {"year": 1995, "fertility": 3.1, "life_expect": 73.71, "p_fertility": 3.41, "n_fertility": 2.86, "p_life_expect": 71.97, "n_life_expect": 73.66, "country": "Dominican Republic"}, {"year": 2000, "fertility": 2.86, "life_expect": 73.66, "p_fertility": 3.1, "p_life_expect": 73.71, "country": "Dominican Republic"}, {"year": 1955, "fertility": 6.75, "life_expect": 53.94, "n_fertility": 6.71, "n_life_expect": 56.1, "country": "Ecuador"}, {"year": 1960, "fertility": 6.71, "life_expect": 56.1, "p_fertility": 6.75, "n_fertility": 6.56, "p_life_expect": 53.94, "n_life_expect": 59.75, "country": "Ecuador"}, {"year": 1965, "fertility": 6.56, "life_expect": 59.75, "p_fertility": 6.71, "n_fertility": 6.14, "p_life_expect": 56.1, "n_life_expect": 61.35, "country": "Ecuador"}, {"year": 1970, "fertility": 6.14, "life_expect": 61.35, "p_fertility": 6.56, "n_fertility": 5.43, "p_life_expect": 59.75, "n_life_expect": 64.09, "country": "Ecuador"}, {"year": 1975, "fertility": 5.43, "life_expect": 64.09, "p_fertility": 6.14, "n_fertility": 4.73, "p_life_expect": 61.35, "n_life_expect": 67.01, "country": "Ecuador"}, {"year": 1980, "fertility": 4.73, "life_expect": 67.01, "p_fertility": 5.43, "n_fertility": 4.2, "p_life_expect": 64.09, "n_life_expect": 69.88, "country": "Ecuador"}, {"year": 1985, "fertility": 4.2, "life_expect": 69.88, "p_fertility": 4.73, "n_fertility": 3.74, "p_life_expect": 67.01, "n_life_expect": 71.95, "country": "Ecuador"}, {"year": 1990, "fertility": 3.74, "life_expect": 71.95, "p_fertility": 4.2, "n_fertility": 3.4, "p_life_expect": 69.88, "n_life_expect": 73.63, "country": "Ecuador"}, {"year": 1995, "fertility": 3.4, "life_expect": 73.63, "p_fertility": 3.74, "n_fertility": 3.1, "p_life_expect": 71.95, "n_life_expect": 74.46, "country": "Ecuador"}, {"year": 2000, "fertility": 3.1, "life_expect": 74.46, "p_fertility": 3.4, "p_life_expect": 73.63, "country": "Ecuador"}, {"year": 1955, "fertility": 6.83, "life_expect": 43.8, "n_fertility": 6.75, "n_life_expect": 46.87, "country": "Egypt"}, {"year": 1960, "fertility": 6.75, "life_expect": 46.87, "p_fertility": 6.83, "n_fertility": 6.5, "p_life_expect": 43.8, "n_life_expect": 50.67, "country": "Egypt"}, {"year": 1965, "fertility": 6.5, "life_expect": 50.67, "p_fertility": 6.75, "n_fertility": 6.12, "p_life_expect": 46.87, "n_life_expect": 51.25, "country": "Egypt"}, {"year": 1970, "fertility": 6.12, "life_expect": 51.25, "p_fertility": 6.5, "n_fertility": 5.8, "p_life_expect": 50.67, "n_life_expect": 54.43, "country": "Egypt"}, {"year": 1975, "fertility": 5.8, "life_expect": 54.43, "p_fertility": 6.12, "n_fertility": 5.58, "p_life_expect": 51.25, "n_life_expect": 58.48, "country": "Egypt"}, {"year": 1980, "fertility": 5.58, "life_expect": 58.48, "p_fertility": 5.8, "n_fertility": 5.16, "p_life_expect": 54.43, "n_life_expect": 60.12, "country": "Egypt"}, {"year": 1985, "fertility": 5.16, "life_expect": 60.12, "p_fertility": 5.58, "n_fertility": 4.48, "p_life_expect": 58.48, "n_life_expect": 63.92, "country": "Egypt"}, {"year": 1990, "fertility": 4.48, "life_expect": 63.92, "p_fertility": 5.16, "n_fertility": 3.84, "p_life_expect": 60.12, "n_life_expect": 66.38, "country": "Egypt"}, {"year": 1995, "fertility": 3.84, "life_expect": 66.38, "p_fertility": 4.48, "n_fertility": 3.44, "p_life_expect": 63.92, "n_life_expect": 68.54, "country": "Egypt"}, {"year": 2000, "fertility": 3.44, "life_expect": 68.54, "p_fertility": 3.84, "p_life_expect": 66.38, "country": "Egypt"}, {"year": 1955, "fertility": 6.47, "life_expect": 48.83, "n_fertility": 6.66, "n_life_expect": 53.46, "country": "El Salvador"}, {"year": 1960, "fertility": 6.66, "life_expect": 53.46, "p_fertility": 6.47, "n_fertility": 6.65, "p_life_expect": 48.83, "n_life_expect": 56.44, "country": "El Salvador"}, {"year": 1965, "fertility": 6.65, "life_expect": 56.44, "p_fertility": 6.66, "n_fertility": 6.18, "p_life_expect": 53.46, "n_life_expect": 57.81, "country": "El Salvador"}, {"year": 1970, "fertility": 6.18, "life_expect": 57.81, "p_fertility": 6.65, "n_fertility": 5.68, "p_life_expect": 56.44, "n_life_expect": 62.42, "country": "El Salvador"}, {"year": 1975, "fertility": 5.68, "life_expect": 62.42, "p_fertility": 6.18, "n_fertility": 5.11, "p_life_expect": 57.81, "n_life_expect": 63.81, "country": "El Salvador"}, {"year": 1980, "fertility": 5.11, "life_expect": 63.81, "p_fertility": 5.68, "n_fertility": 4.35, "p_life_expect": 62.42, "n_life_expect": 65.59, "country": "El Salvador"}, {"year": 1985, "fertility": 4.35, "life_expect": 65.59, "p_fertility": 5.11, "n_fertility": 3.95, "p_life_expect": 63.81, "n_life_expect": 69.8, "country": "El Salvador"}, {"year": 1990, "fertility": 3.95, "life_expect": 69.8, "p_fertility": 4.35, "n_fertility": 3.58, "p_life_expect": 65.59, "n_life_expect": 71.59, "country": "El Salvador"}, {"year": 1995, "fertility": 3.58, "life_expect": 71.59, "p_fertility": 3.95, "n_fertility": 3.14, "p_life_expect": 69.8, "n_life_expect": 73.07, "country": "El Salvador"}, {"year": 2000, "fertility": 3.14, "life_expect": 73.07, "p_fertility": 3.58, "p_life_expect": 71.59, "country": "El Salvador"}, {"year": 1955, "fertility": 2.93, "life_expect": 67.73, "n_fertility": 2.72, "n_life_expect": 69.22, "country": "Finland"}, {"year": 1960, "fertility": 2.72, "life_expect": 69.22, "p_fertility": 2.93, "n_fertility": 2.47, "p_life_expect": 67.73, "n_life_expect": 69.56, "country": "Finland"}, {"year": 1965, "fertility": 2.47, "life_expect": 69.56, "p_fertility": 2.72, "n_fertility": 1.82, "p_life_expect": 69.22, "n_life_expect": 70.66, "country": "Finland"}, {"year": 1970, "fertility": 1.82, "life_expect": 70.66, "p_fertility": 2.47, "n_fertility": 1.68, "p_life_expect": 69.56, "n_life_expect": 72.17, "country": "Finland"}, {"year": 1975, "fertility": 1.68, "life_expect": 72.17, "p_fertility": 1.82, "n_fertility": 1.63, "p_life_expect": 70.66, "n_life_expect": 74.01, "country": "Finland"}, {"year": 1980, "fertility": 1.63, "life_expect": 74.01, "p_fertility": 1.68, "n_fertility": 1.64, "p_life_expect": 72.17, "n_life_expect": 74.88, "country": "Finland"}, {"year": 1985, "fertility": 1.64, "life_expect": 74.88, "p_fertility": 1.63, "n_fertility": 1.78, "p_life_expect": 74.01, "n_life_expect": 75.43, "country": "Finland"}, {"year": 1990, "fertility": 1.78, "life_expect": 75.43, "p_fertility": 1.64, "n_fertility": 1.81, "p_life_expect": 74.88, "n_life_expect": 76.94, "country": "Finland"}, {"year": 1995, "fertility": 1.81, "life_expect": 76.94, "p_fertility": 1.78, "n_fertility": 1.73, "p_life_expect": 75.43, "n_life_expect": 78.04, "country": "Finland"}, {"year": 2000, "fertility": 1.73, "life_expect": 78.04, "p_fertility": 1.81, "p_life_expect": 76.94, "country": "Finland"}, {"year": 1955, "fertility": 2.7, "life_expect": 69.33, "n_fertility": 2.74, "n_life_expect": 71.19, "country": "France"}, {"year": 1960, "fertility": 2.74, "life_expect": 71.19, "p_fertility": 2.7, "n_fertility": 2.82, "p_life_expect": 69.33, "n_life_expect": 71.83, "country": "France"}, {"year": 1965, "fertility": 2.82, "life_expect": 71.83, "p_fertility": 2.74, "n_fertility": 2.5, "p_life_expect": 71.19, "n_life_expect": 72.6, "country": "France"}, {"year": 1970, "fertility": 2.5, "life_expect": 72.6, "p_fertility": 2.82, "n_fertility": 1.95, "p_life_expect": 71.83, "n_life_expect": 73.34, "country": "France"}, {"year": 1975, "fertility": 1.95, "life_expect": 73.34, "p_fertility": 2.5, "n_fertility": 1.96, "p_life_expect": 72.6, "n_life_expect": 74.68, "country": "France"}, {"year": 1980, "fertility": 1.96, "life_expect": 74.68, "p_fertility": 1.95, "n_fertility": 1.82, "p_life_expect": 73.34, "n_life_expect": 75.77, "country": "France"}, {"year": 1985, "fertility": 1.82, "life_expect": 75.77, "p_fertility": 1.96, "n_fertility": 1.78, "p_life_expect": 74.68, "n_life_expect": 77.21, "country": "France"}, {"year": 1990, "fertility": 1.78, "life_expect": 77.21, "p_fertility": 1.82, "n_fertility": 1.71, "p_life_expect": 75.77, "n_life_expect": 78.19, "country": "France"}, {"year": 1995, "fertility": 1.71, "life_expect": 78.19, "p_fertility": 1.78, "n_fertility": 1.88, "p_life_expect": 77.21, "n_life_expect": 79.19, "country": "France"}, {"year": 2000, "fertility": 1.88, "life_expect": 79.19, "p_fertility": 1.71, "p_life_expect": 78.19, "country": "France"}, {"year": 1955, "fertility": 2.88, "life_expect": 54.29, "n_fertility": 2.95, "n_life_expect": 59.25, "country": "Georgia"}, {"year": 1960, "fertility": 2.95, "life_expect": 59.25, "p_fertility": 2.88, "n_fertility": 2.78, "p_life_expect": 54.29, "n_life_expect": 62.95, "country": "Georgia"}, {"year": 1965, "fertility": 2.78, "life_expect": 62.95, "p_fertility": 2.95, "n_fertility": 2.67, "p_life_expect": 59.25, "n_life_expect": 65.36, "country": "Georgia"}, {"year": 1970, "fertility": 2.67, "life_expect": 65.36, "p_fertility": 2.78, "n_fertility": 2.53, "p_life_expect": 62.95, "n_life_expect": 66.74, "country": "Georgia"}, {"year": 1975, "fertility": 2.53, "life_expect": 66.74, "p_fertility": 2.67, "n_fertility": 2.33, "p_life_expect": 65.36, "n_life_expect": 68.54, "country": "Georgia"}, {"year": 1980, "fertility": 2.33, "life_expect": 68.54, "p_fertility": 2.53, "n_fertility": 2.34, "p_life_expect": 66.74, "n_life_expect": 69.06, "country": "Georgia"}, {"year": 1985, "fertility": 2.34, "life_expect": 69.06, "p_fertility": 2.33, "n_fertility": 2.31, "p_life_expect": 68.54, "n_life_expect": 68.53, "country": "Georgia"}, {"year": 1990, "fertility": 2.31, "life_expect": 68.53, "p_fertility": 2.34, "n_fertility": 1.85, "p_life_expect": 69.06, "n_life_expect": 69.98, "country": "Georgia"}, {"year": 1995, "fertility": 1.85, "life_expect": 69.98, "p_fertility": 2.31, "n_fertility": 1.6, "p_life_expect": 68.53, "n_life_expect": 70.68, "country": "Georgia"}, {"year": 2000, "fertility": 1.6, "life_expect": 70.68, "p_fertility": 1.85, "p_life_expect": 69.98, "country": "Georgia"}, {"year": 1955, "fertility": 2.18, "life_expect": 68.53, "n_fertility": 2.39, "n_life_expect": 69.41, "country": "Germany"}, {"year": 1960, "fertility": 2.39, "life_expect": 69.41, "p_fertility": 2.18, "n_fertility": 2.49, "p_life_expect": 68.53, "n_life_expect": 70.68, "country": "Germany"}, {"year": 1965, "fertility": 2.49, "life_expect": 70.68, "p_fertility": 2.39, "n_fertility": 2.04, "p_life_expect": 69.41, "n_life_expect": 70.61, "country": "Germany"}, {"year": 1970, "fertility": 2.04, "life_expect": 70.61, "p_fertility": 2.49, "n_fertility": 1.48, "p_life_expect": 70.68, "n_life_expect": 71.67, "country": "Germany"}, {"year": 1975, "fertility": 1.48, "life_expect": 71.67, "p_fertility": 2.04, "n_fertility": 1.54, "p_life_expect": 70.61, "n_life_expect": 73.26, "country": "Germany"}, {"year": 1980, "fertility": 1.54, "life_expect": 73.26, "p_fertility": 1.48, "n_fertility": 1.39, "p_life_expect": 71.67, "n_life_expect": 74.83, "country": "Germany"}, {"year": 1985, "fertility": 1.39, "life_expect": 74.83, "p_fertility": 1.54, "n_fertility": 1.44, "p_life_expect": 73.26, "n_life_expect": 75.66, "country": "Germany"}, {"year": 1990, "fertility": 1.44, "life_expect": 75.66, "p_fertility": 1.39, "n_fertility": 1.25, "p_life_expect": 74.83, "n_life_expect": 76.87, "country": "Germany"}, {"year": 1995, "fertility": 1.25, "life_expect": 76.87, "p_fertility": 1.44, "n_fertility": 1.38, "p_life_expect": 75.66, "n_life_expect": 78.39, "country": "Germany"}, {"year": 2000, "fertility": 1.38, "life_expect": 78.39, "p_fertility": 1.25, "p_life_expect": 76.87, "country": "Germany"}, {"year": 1955, "fertility": 2.38, "life_expect": 71.5, "n_fertility": 2.29, "n_life_expect": 72.43, "country": "Greece"}, {"year": 1960, "fertility": 2.29, "life_expect": 72.43, "p_fertility": 2.38, "n_fertility": 2.34, "p_life_expect": 71.5, "n_life_expect": 73.01, "country": "Greece"}, {"year": 1965, "fertility": 2.34, "life_expect": 73.01, "p_fertility": 2.29, "n_fertility": 2.47, "p_life_expect": 72.43, "n_life_expect": 73.82, "country": "Greece"}, {"year": 1970, "fertility": 2.47, "life_expect": 73.82, "p_fertility": 2.34, "n_fertility": 2.44, "p_life_expect": 73.01, "n_life_expect": 74.63, "country": "Greece"}, {"year": 1975, "fertility": 2.44, "life_expect": 74.63, "p_fertility": 2.47, "n_fertility": 2.32, "p_life_expect": 73.82, "n_life_expect": 75.3, "country": "Greece"}, {"year": 1980, "fertility": 2.32, "life_expect": 75.3, "p_fertility": 2.44, "n_fertility": 1.78, "p_life_expect": 74.63, "n_life_expect": 75.86, "country": "Greece"}, {"year": 1985, "fertility": 1.78, "life_expect": 75.86, "p_fertility": 2.32, "n_fertility": 1.49, "p_life_expect": 75.3, "n_life_expect": 77.23, "country": "Greece"}, {"year": 1990, "fertility": 1.49, "life_expect": 77.23, "p_fertility": 1.78, "n_fertility": 1.39, "p_life_expect": 75.86, "n_life_expect": 77.75, "country": "Greece"}, {"year": 1995, "fertility": 1.39, "life_expect": 77.75, "p_fertility": 1.49, "n_fertility": 1.33, "p_life_expect": 77.23, "n_life_expect": 78.44, "country": "Greece"}, {"year": 2000, "fertility": 1.33, "life_expect": 78.44, "p_fertility": 1.39, "p_life_expect": 77.75, "country": "Greece"}, {"year": 1955, "fertility": 6.43, "life_expect": 61.2, "n_fertility": 6.74, "n_life_expect": 64.11, "country": "Grenada"}, {"year": 1960, "fertility": 6.74, "life_expect": 64.11, "p_fertility": 6.43, "n_fertility": 5.6, "p_life_expect": 61.2, "n_life_expect": 65.58, "country": "Grenada"}, {"year": 1965, "fertility": 5.6, "life_expect": 65.58, "p_fertility": 6.74, "n_fertility": 4.52, "p_life_expect": 64.11, "n_life_expect": 66.98, "country": "Grenada"}, {"year": 1970, "fertility": 4.52, "life_expect": 66.98, "p_fertility": 5.6, "n_fertility": 4.02, "p_life_expect": 65.58, "n_life_expect": 69.02, "country": "Grenada"}, {"year": 1975, "fertility": 4.02, "life_expect": 69.02, "p_fertility": 4.52, "n_fertility": 3.63, "p_life_expect": 66.98, "n_life_expect": 69.31, "country": "Grenada"}, {"year": 1980, "fertility": 3.63, "life_expect": 69.31, "p_fertility": 4.02, "n_fertility": 3.54, "p_life_expect": 69.02, "n_life_expect": 69.55, "country": "Grenada"}, {"year": 1985, "fertility": 3.54, "life_expect": 69.55, "p_fertility": 3.63, "n_fertility": 3.49, "p_life_expect": 69.31, "n_life_expect": 69.21, "country": "Grenada"}, {"year": 1990, "fertility": 3.49, "life_expect": 69.21, "p_fertility": 3.54, "n_fertility": 2.99, "p_life_expect": 69.55, "n_life_expect": 70.7, "country": "Grenada"}, {"year": 1995, "fertility": 2.99, "life_expect": 70.7, "p_fertility": 3.49, "n_fertility": 2.58, "p_life_expect": 69.21, "n_life_expect": 71.97, "country": "Grenada"}, {"year": 2000, "fertility": 2.58, "life_expect": 71.97, "p_fertility": 2.99, "p_life_expect": 70.7, "country": "Grenada"}, {"year": 1955, "fertility": 6.26, "life_expect": 43.97, "n_fertility": 6.24, "n_life_expect": 45.41, "country": "Haiti"}, {"year": 1960, "fertility": 6.24, "life_expect": 45.41, "p_fertility": 6.26, "n_fertility": 6.13, "p_life_expect": 43.97, "n_life_expect": 46.51, "country": "Haiti"}, {"year": 1965, "fertility": 6.13, "life_expect": 46.51, "p_fertility": 6.24, "n_fertility": 5.87, "p_life_expect": 45.41, "n_life_expect": 47.96, "country": "Haiti"}, {"year": 1970, "fertility": 5.87, "life_expect": 47.96, "p_fertility": 6.13, "n_fertility": 5.69, "p_life_expect": 46.51, "n_life_expect": 49.73, "country": "Haiti"}, {"year": 1975, "fertility": 5.69, "life_expect": 49.73, "p_fertility": 5.87, "n_fertility": 5.65, "p_life_expect": 47.96, "n_life_expect": 51.28, "country": "Haiti"}, {"year": 1980, "fertility": 5.65, "life_expect": 51.28, "p_fertility": 5.69, "n_fertility": 5.62, "p_life_expect": 49.73, "n_life_expect": 53.05, "country": "Haiti"}, {"year": 1985, "fertility": 5.62, "life_expect": 53.05, "p_fertility": 5.65, "n_fertility": 5.48, "p_life_expect": 51.28, "n_life_expect": 54.57, "country": "Haiti"}, {"year": 1990, "fertility": 5.48, "life_expect": 54.57, "p_fertility": 5.62, "n_fertility": 4.88, "p_life_expect": 53.05, "n_life_expect": 55.35, "country": "Haiti"}, {"year": 1995, "fertility": 4.88, "life_expect": 55.35, "p_fertility": 5.48, "n_fertility": 4.39, "p_life_expect": 54.57, "n_life_expect": 57.43, "country": "Haiti"}, {"year": 2000, "fertility": 4.39, "life_expect": 57.43, "p_fertility": 4.88, "p_life_expect": 55.35, "country": "Haiti"}, {"year": 1955, "fertility": 4.5, "life_expect": 62.97, "n_fertility": 5.09, "n_life_expect": 66.24, "country": "Hong Kong, China"}, {"year": 1960, "fertility": 5.09, "life_expect": 66.24, "p_fertility": 4.5, "n_fertility": 4.87, "p_life_expect": 62.97, "n_life_expect": 69.63, "country": "Hong Kong, China"}, {"year": 1965, "fertility": 4.87, "life_expect": 69.63, "p_fertility": 5.09, "n_fertility": 3.49, "p_life_expect": 66.24, "n_life_expect": 71.31, "country": "Hong Kong, China"}, {"year": 1970, "fertility": 3.49, "life_expect": 71.31, "p_fertility": 4.87, "n_fertility": 2.7, "p_life_expect": 69.63, "n_life_expect": 73.61, "country": "Hong Kong, China"}, {"year": 1975, "fertility": 2.7, "life_expect": 73.61, "p_fertility": 3.49, "n_fertility": 1.86, "p_life_expect": 71.31, "n_life_expect": 74.85, "country": "Hong Kong, China"}, {"year": 1980, "fertility": 1.86, "life_expect": 74.85, "p_fertility": 2.7, "n_fertility": 1.5, "p_life_expect": 73.61, "n_life_expect": 76.6, "country": "Hong Kong, China"}, {"year": 1985, "fertility": 1.5, "life_expect": 76.6, "p_fertility": 1.86, "n_fertility": 1.29, "p_life_expect": 74.85, "n_life_expect": 77.47, "country": "Hong Kong, China"}, {"year": 1990, "fertility": 1.29, "life_expect": 77.47, "p_fertility": 1.5, "n_fertility": 1.3, "p_life_expect": 76.6, "n_life_expect": 79.15, "country": "Hong Kong, China"}, {"year": 1995, "fertility": 1.3, "life_expect": 79.15, "p_fertility": 1.29, "n_fertility": 1.03, "p_life_expect": 77.47, "n_life_expect": 80.75, "country": "Hong Kong, China"}, {"year": 2000, "fertility": 1.03, "life_expect": 80.75, "p_fertility": 1.3, "p_life_expect": 79.15, "country": "Hong Kong, China"}, {"year": 1955, "fertility": 4.08, "life_expect": 72.71, "n_fertility": 4.23, "n_life_expect": 73.38, "country": "Iceland"}, {"year": 1960, "fertility": 4.23, "life_expect": 73.38, "p_fertility": 4.08, "n_fertility": 3.71, "p_life_expect": 72.71, "n_life_expect": 73.72, "country": "Iceland"}, {"year": 1965, "fertility": 3.71, "life_expect": 73.72, "p_fertility": 4.23, "n_fertility": 2.82, "p_life_expect": 73.38, "n_life_expect": 73.93, "country": "Iceland"}, {"year": 1970, "fertility": 2.82, "life_expect": 73.93, "p_fertility": 3.71, "n_fertility": 2.64, "p_life_expect": 73.72, "n_life_expect": 75.67, "country": "Iceland"}, {"year": 1975, "fertility": 2.64, "life_expect": 75.67, "p_fertility": 2.82, "n_fertility": 2.48, "p_life_expect": 73.93, "n_life_expect": 76.49, "country": "Iceland"}, {"year": 1980, "fertility": 2.48, "life_expect": 76.49, "p_fertility": 2.64, "n_fertility": 1.94, "p_life_expect": 75.67, "n_life_expect": 77.26, "country": "Iceland"}, {"year": 1985, "fertility": 1.94, "life_expect": 77.26, "p_fertility": 2.48, "n_fertility": 2.29, "p_life_expect": 76.49, "n_life_expect": 78.11, "country": "Iceland"}, {"year": 1990, "fertility": 2.29, "life_expect": 78.11, "p_fertility": 1.94, "n_fertility": 2.08, "p_life_expect": 77.26, "n_life_expect": 78.38, "country": "Iceland"}, {"year": 1995, "fertility": 2.08, "life_expect": 78.38, "p_fertility": 2.29, "n_fertility": 2.07, "p_life_expect": 78.11, "n_life_expect": 80.35, "country": "Iceland"}, {"year": 2000, "fertility": 2.07, "life_expect": 80.35, "p_fertility": 2.08, "p_life_expect": 78.38, "country": "Iceland"}, {"year": 1955, "fertility": 5.91, "life_expect": 45.84, "n_fertility": 5.91, "n_life_expect": 45.75, "country": "India"}, {"year": 1960, "fertility": 5.91, "life_expect": 45.75, "p_fertility": 5.91, "n_fertility": 5.92, "p_life_expect": 45.84, "n_life_expect": 45.71, "country": "India"}, {"year": 1965, "fertility": 5.92, "life_expect": 45.71, "p_fertility": 5.91, "n_fertility": 5.62, "p_life_expect": 45.75, "n_life_expect": 49.33, "country": "India"}, {"year": 1970, "fertility": 5.62, "life_expect": 49.33, "p_fertility": 5.92, "n_fertility": 5.2, "p_life_expect": 45.71, "n_life_expect": 51.59, "country": "India"}, {"year": 1975, "fertility": 5.2, "life_expect": 51.59, "p_fertility": 5.62, "n_fertility": 4.78, "p_life_expect": 49.33, "n_life_expect": 55.17, "country": "India"}, {"year": 1980, "fertility": 4.78, "life_expect": 55.17, "p_fertility": 5.2, "n_fertility": 4.43, "p_life_expect": 51.59, "n_life_expect": 57.3, "country": "India"}, {"year": 1985, "fertility": 4.43, "life_expect": 57.3, "p_fertility": 4.78, "n_fertility": 4.05, "p_life_expect": 55.17, "n_life_expect": 59.58, "country": "India"}, {"year": 1990, "fertility": 4.05, "life_expect": 59.58, "p_fertility": 4.43, "n_fertility": 3.65, "p_life_expect": 57.3, "n_life_expect": 61.74, "country": "India"}, {"year": 1995, "fertility": 3.65, "life_expect": 61.74, "p_fertility": 4.05, "n_fertility": 3.35, "p_life_expect": 59.58, "n_life_expect": 62.94, "country": "India"}, {"year": 2000, "fertility": 3.35, "life_expect": 62.94, "p_fertility": 3.65, "p_life_expect": 61.74, "country": "India"}, {"year": 1955, "fertility": 5.46, "life_expect": 45.7, "n_fertility": 5.58, "n_life_expect": 48.63, "country": "Indonesia"}, {"year": 1960, "fertility": 5.58, "life_expect": 48.63, "p_fertility": 5.46, "n_fertility": 5.62, "p_life_expect": 45.7, "n_life_expect": 51.24, "country": "Indonesia"}, {"year": 1965, "fertility": 5.62, "life_expect": 51.24, "p_fertility": 5.58, "n_fertility": 5.45, "p_life_expect": 48.63, "n_life_expect": 54.09, "country": "Indonesia"}, {"year": 1970, "fertility": 5.45, "life_expect": 54.09, "p_fertility": 5.62, "n_fertility": 5.04, "p_life_expect": 51.24, "n_life_expect": 56.92, "country": "Indonesia"}, {"year": 1975, "fertility": 5.04, "life_expect": 56.92, "p_fertility": 5.45, "n_fertility": 4.49, "p_life_expect": 54.09, "n_life_expect": 59.71, "country": "Indonesia"}, {"year": 1980, "fertility": 4.49, "life_expect": 59.71, "p_fertility": 5.04, "n_fertility": 3.71, "p_life_expect": 56.92, "n_life_expect": 62.11, "country": "Indonesia"}, {"year": 1985, "fertility": 3.71, "life_expect": 62.11, "p_fertility": 4.49, "n_fertility": 3.1, "p_life_expect": 59.71, "n_life_expect": 64.05, "country": "Indonesia"}, {"year": 1990, "fertility": 3.1, "life_expect": 64.05, "p_fertility": 3.71, "n_fertility": 2.8, "p_life_expect": 62.11, "n_life_expect": 66.04, "country": "Indonesia"}, {"year": 1995, "fertility": 2.8, "life_expect": 66.04, "p_fertility": 3.1, "n_fertility": 2.54, "p_life_expect": 64.05, "n_life_expect": 67.24, "country": "Indonesia"}, {"year": 2000, "fertility": 2.54, "life_expect": 67.24, "p_fertility": 2.8, "p_life_expect": 66.04, "country": "Indonesia"}, {"year": 1955, "fertility": 6.99, "life_expect": 41.21, "n_fertility": 7.21, "n_life_expect": 44.48, "country": "Iran"}, {"year": 1960, "fertility": 7.21, "life_expect": 44.48, "p_fertility": 6.99, "n_fertility": 7.07, "p_life_expect": 41.21, "n_life_expect": 48.71, "country": "Iran"}, {"year": 1965, "fertility": 7.07, "life_expect": 48.71, "p_fertility": 7.21, "n_fertility": 6.71, "p_life_expect": 44.48, "n_life_expect": 54.51, "country": "Iran"}, {"year": 1970, "fertility": 6.71, "life_expect": 54.51, "p_fertility": 7.07, "n_fertility": 6.01, "p_life_expect": 48.71, "n_life_expect": 61.47, "country": "Iran"}, {"year": 1975, "fertility": 6.01, "life_expect": 61.47, "p_fertility": 6.71, "n_fertility": 6.58, "p_life_expect": 54.51, "n_life_expect": 64.7, "country": "Iran"}, {"year": 1980, "fertility": 6.58, "life_expect": 64.7, "p_fertility": 6.01, "n_fertility": 6.26, "p_life_expect": 61.47, "n_life_expect": 66.31, "country": "Iran"}, {"year": 1985, "fertility": 6.26, "life_expect": 66.31, "p_fertility": 6.58, "n_fertility": 4.86, "p_life_expect": 64.7, "n_life_expect": 66.68, "country": "Iran"}, {"year": 1990, "fertility": 4.86, "life_expect": 66.68, "p_fertility": 6.26, "n_fertility": 2.89, "p_life_expect": 66.31, "n_life_expect": 70.37, "country": "Iran"}, {"year": 1995, "fertility": 2.89, "life_expect": 70.37, "p_fertility": 4.86, "n_fertility": 2.02, "p_life_expect": 66.68, "n_life_expect": 71.94, "country": "Iran"}, {"year": 2000, "fertility": 2.02, "life_expect": 71.94, "p_fertility": 2.89, "p_life_expect": 70.37, "country": "Iran"}, {"year": 1955, "fertility": 6.19, "life_expect": 58.52, "n_fertility": 5.54, "n_life_expect": 60.49, "country": "Iraq"}, {"year": 1960, "fertility": 5.54, "life_expect": 60.49, "p_fertility": 6.19, "n_fertility": 6.96, "p_life_expect": 58.52, "n_life_expect": 61.13, "country": "Iraq"}, {"year": 1965, "fertility": 6.96, "life_expect": 61.13, "p_fertility": 5.54, "n_fertility": 7.08, "p_life_expect": 60.49, "n_life_expect": 62.78, "country": "Iraq"}, {"year": 1970, "fertility": 7.08, "life_expect": 62.78, "p_fertility": 6.96, "n_fertility": 6.88, "p_life_expect": 61.13, "n_life_expect": 64.23, "country": "Iraq"}, {"year": 1975, "fertility": 6.88, "life_expect": 64.23, "p_fertility": 7.08, "n_fertility": 6.57, "p_life_expect": 62.78, "n_life_expect": 64.51, "country": "Iraq"}, {"year": 1980, "fertility": 6.57, "life_expect": 64.51, "p_fertility": 6.88, "n_fertility": 6.25, "p_life_expect": 64.23, "n_life_expect": 62.73, "country": "Iraq"}, {"year": 1985, "fertility": 6.25, "life_expect": 62.73, "p_fertility": 6.57, "n_fertility": 5.88, "p_life_expect": 64.51, "n_life_expect": 67.0, "country": "Iraq"}, {"year": 1990, "fertility": 5.88, "life_expect": 67.0, "p_fertility": 6.25, "n_fertility": 5.4, "p_life_expect": 62.73, "n_life_expect": 67.16, "country": "Iraq"}, {"year": 1995, "fertility": 5.4, "life_expect": 67.16, "p_fertility": 5.88, "n_fertility": 4.95, "p_life_expect": 67.0, "n_life_expect": 68.64, "country": "Iraq"}, {"year": 2000, "fertility": 4.95, "life_expect": 68.64, "p_fertility": 5.4, "p_life_expect": 67.16, "country": "Iraq"}, {"year": 1955, "fertility": 3.41, "life_expect": 68.52, "n_fertility": 3.8, "n_life_expect": 70.12, "country": "Ireland"}, {"year": 1960, "fertility": 3.8, "life_expect": 70.12, "p_fertility": 3.41, "n_fertility": 4.02, "p_life_expect": 68.52, "n_life_expect": 70.75, "country": "Ireland"}, {"year": 1965, "fertility": 4.02, "life_expect": 70.75, "p_fertility": 3.8, "n_fertility": 3.85, "p_life_expect": 70.12, "n_life_expect": 71.23, "country": "Ireland"}, {"year": 1970, "fertility": 3.85, "life_expect": 71.23, "p_fertility": 4.02, "n_fertility": 3.37, "p_life_expect": 70.75, "n_life_expect": 71.74, "country": "Ireland"}, {"year": 1975, "fertility": 3.37, "life_expect": 71.74, "p_fertility": 3.85, "n_fertility": 3.2, "p_life_expect": 71.23, "n_life_expect": 72.69, "country": "Ireland"}, {"year": 1980, "fertility": 3.2, "life_expect": 72.69, "p_fertility": 3.37, "n_fertility": 2.48, "p_life_expect": 71.74, "n_life_expect": 73.8, "country": "Ireland"}, {"year": 1985, "fertility": 2.48, "life_expect": 73.8, "p_fertility": 3.2, "n_fertility": 2.11, "p_life_expect": 72.69, "n_life_expect": 74.98, "country": "Ireland"}, {"year": 1990, "fertility": 2.11, "life_expect": 74.98, "p_fertility": 2.48, "n_fertility": 1.85, "p_life_expect": 73.8, "n_life_expect": 75.74, "country": "Ireland"}, {"year": 1995, "fertility": 1.85, "life_expect": 75.74, "p_fertility": 2.11, "n_fertility": 1.89, "p_life_expect": 74.98, "n_life_expect": 76.77, "country": "Ireland"}, {"year": 2000, "fertility": 1.89, "life_expect": 76.77, "p_fertility": 1.85, "p_life_expect": 75.74, "country": "Ireland"}, {"year": 1955, "fertility": 4.06, "life_expect": 70.25, "n_fertility": 4.0, "n_life_expect": 71.82, "country": "Israel"}, {"year": 1960, "fertility": 4.0, "life_expect": 71.82, "p_fertility": 4.06, "n_fertility": 4.02, "p_life_expect": 70.25, "n_life_expect": 71.68, "country": "Israel"}, {"year": 1965, "fertility": 4.02, "life_expect": 71.68, "p_fertility": 4.0, "n_fertility": 4.11, "p_life_expect": 71.82, "n_life_expect": 71.7, "country": "Israel"}, {"year": 1970, "fertility": 4.11, "life_expect": 71.7, "p_fertility": 4.02, "n_fertility": 3.84, "p_life_expect": 71.68, "n_life_expect": 72.4, "country": "Israel"}, {"year": 1975, "fertility": 3.84, "life_expect": 72.4, "p_fertility": 4.11, "n_fertility": 3.3, "p_life_expect": 71.7, "n_life_expect": 74.16, "country": "Israel"}, {"year": 1980, "fertility": 3.3, "life_expect": 74.16, "p_fertility": 3.84, "n_fertility": 3.27, "p_life_expect": 72.4, "n_life_expect": 75.58, "country": "Israel"}, {"year": 1985, "fertility": 3.27, "life_expect": 75.58, "p_fertility": 3.3, "n_fertility": 3.18, "p_life_expect": 74.16, "n_life_expect": 77.31, "country": "Israel"}, {"year": 1990, "fertility": 3.18, "life_expect": 77.31, "p_fertility": 3.27, "n_fertility": 2.94, "p_life_expect": 75.58, "n_life_expect": 77.8, "country": "Israel"}, {"year": 1995, "fertility": 2.94, "life_expect": 77.8, "p_fertility": 3.18, "n_fertility": 2.95, "p_life_expect": 77.31, "n_life_expect": 78.87, "country": "Israel"}, {"year": 2000, "fertility": 2.95, "life_expect": 78.87, "p_fertility": 2.94, "p_life_expect": 77.8, "country": "Israel"}, {"year": 1955, "fertility": 2.31, "life_expect": 68.43, "n_fertility": 2.38, "n_life_expect": 69.86, "country": "Italy"}, {"year": 1960, "fertility": 2.38, "life_expect": 69.86, "p_fertility": 2.31, "n_fertility": 2.59, "p_life_expect": 68.43, "n_life_expect": 70.87, "country": "Italy"}, {"year": 1965, "fertility": 2.59, "life_expect": 70.87, "p_fertility": 2.38, "n_fertility": 2.39, "p_life_expect": 69.86, "n_life_expect": 71.81, "country": "Italy"}, {"year": 1970, "fertility": 2.39, "life_expect": 71.81, "p_fertility": 2.59, "n_fertility": 2.17, "p_life_expect": 70.87, "n_life_expect": 72.86, "country": "Italy"}, {"year": 1975, "fertility": 2.17, "life_expect": 72.86, "p_fertility": 2.39, "n_fertility": 1.64, "p_life_expect": 71.81, "n_life_expect": 74.2, "country": "Italy"}, {"year": 1980, "fertility": 1.64, "life_expect": 74.2, "p_fertility": 2.17, "n_fertility": 1.42, "p_life_expect": 72.86, "n_life_expect": 75.79, "country": "Italy"}, {"year": 1985, "fertility": 1.42, "life_expect": 75.79, "p_fertility": 1.64, "n_fertility": 1.33, "p_life_expect": 74.2, "n_life_expect": 77.16, "country": "Italy"}, {"year": 1990, "fertility": 1.33, "life_expect": 77.16, "p_fertility": 1.42, "n_fertility": 1.19, "p_life_expect": 75.79, "n_life_expect": 78.22, "country": "Italy"}, {"year": 1995, "fertility": 1.19, "life_expect": 78.22, "p_fertility": 1.33, "n_fertility": 1.25, "p_life_expect": 77.16, "n_life_expect": 79.64, "country": "Italy"}, {"year": 2000, "fertility": 1.25, "life_expect": 79.64, "p_fertility": 1.19, "p_life_expect": 78.22, "country": "Italy"}, {"year": 1955, "fertility": 4.6, "life_expect": 62.15, "n_fertility": 5.54, "n_life_expect": 65.14, "country": "Jamaica"}, {"year": 1960, "fertility": 5.54, "life_expect": 65.14, "p_fertility": 4.6, "n_fertility": 5.76, "p_life_expect": 62.15, "n_life_expect": 66.84, "country": "Jamaica"}, {"year": 1965, "fertility": 5.76, "life_expect": 66.84, "p_fertility": 5.54, "n_fertility": 5.64, "p_life_expect": 65.14, "n_life_expect": 68.87, "country": "Jamaica"}, {"year": 1970, "fertility": 5.64, "life_expect": 68.87, "p_fertility": 5.76, "n_fertility": 4.5, "p_life_expect": 66.84, "n_life_expect": 71.03, "country": "Jamaica"}, {"year": 1975, "fertility": 4.5, "life_expect": 71.03, "p_fertility": 5.64, "n_fertility": 3.73, "p_life_expect": 68.87, "n_life_expect": 73.82, "country": "Jamaica"}, {"year": 1980, "fertility": 3.73, "life_expect": 73.82, "p_fertility": 4.5, "n_fertility": 3.31, "p_life_expect": 71.03, "n_life_expect": 73.07, "country": "Jamaica"}, {"year": 1985, "fertility": 3.31, "life_expect": 73.07, "p_fertility": 3.73, "n_fertility": 2.85, "p_life_expect": 73.82, "n_life_expect": 75.32, "country": "Jamaica"}, {"year": 1990, "fertility": 2.85, "life_expect": 75.32, "p_fertility": 3.31, "n_fertility": 2.88, "p_life_expect": 73.07, "n_life_expect": 75.28, "country": "Jamaica"}, {"year": 1995, "fertility": 2.88, "life_expect": 75.28, "p_fertility": 2.85, "n_fertility": 2.21, "p_life_expect": 75.32, "n_life_expect": 74.64, "country": "Jamaica"}, {"year": 2000, "fertility": 2.21, "life_expect": 74.64, "p_fertility": 2.88, "p_life_expect": 75.28, "country": "Jamaica"}, {"year": 1955, "fertility": 2.41, "life_expect": 66.12, "n_fertility": 2.01, "n_life_expect": 68.31, "country": "Japan"}, {"year": 1960, "fertility": 2.01, "life_expect": 68.31, "p_fertility": 2.41, "n_fertility": 2.12, "p_life_expect": 66.12, "n_life_expect": 70.86, "country": "Japan"}, {"year": 1965, "fertility": 2.12, "life_expect": 70.86, "p_fertility": 2.01, "n_fertility": 2.09, "p_life_expect": 68.31, "n_life_expect": 72.65, "country": "Japan"}, {"year": 1970, "fertility": 2.09, "life_expect": 72.65, "p_fertility": 2.12, "n_fertility": 1.94, "p_life_expect": 70.86, "n_life_expect": 74.77, "country": "Japan"}, {"year": 1975, "fertility": 1.94, "life_expect": 74.77, "p_fertility": 2.09, "n_fertility": 1.75, "p_life_expect": 72.65, "n_life_expect": 76.57, "country": "Japan"}, {"year": 1980, "fertility": 1.75, "life_expect": 76.57, "p_fertility": 1.94, "n_fertility": 1.74, "p_life_expect": 74.77, "n_life_expect": 78.16, "country": "Japan"}, {"year": 1985, "fertility": 1.74, "life_expect": 78.16, "p_fertility": 1.75, "n_fertility": 1.53, "p_life_expect": 76.57, "n_life_expect": 79.41, "country": "Japan"}, {"year": 1990, "fertility": 1.53, "life_expect": 79.41, "p_fertility": 1.74, "n_fertility": 1.42, "p_life_expect": 78.16, "n_life_expect": 80.24, "country": "Japan"}, {"year": 1995, "fertility": 1.42, "life_expect": 80.24, "p_fertility": 1.53, "n_fertility": 1.37, "p_life_expect": 79.41, "n_life_expect": 81.57, "country": "Japan"}, {"year": 2000, "fertility": 1.37, "life_expect": 81.57, "p_fertility": 1.42, "p_life_expect": 80.24, "country": "Japan"}, {"year": 1955, "fertility": 7.54, "life_expect": 50.93, "n_fertility": 7.71, "n_life_expect": 54.29, "country": "Kenya"}, {"year": 1960, "fertility": 7.71, "life_expect": 54.29, "p_fertility": 7.54, "n_fertility": 8.04, "p_life_expect": 50.93, "n_life_expect": 56.31, "country": "Kenya"}, {"year": 1965, "fertility": 8.04, "life_expect": 56.31, "p_fertility": 7.71, "n_fertility": 8.02, "p_life_expect": 54.29, "n_life_expect": 58.15, "country": "Kenya"}, {"year": 1970, "fertility": 8.02, "life_expect": 58.15, "p_fertility": 8.04, "n_fertility": 7.88, "p_life_expect": 56.31, "n_life_expect": 60.24, "country": "Kenya"}, {"year": 1975, "fertility": 7.88, "life_expect": 60.24, "p_fertility": 8.02, "n_fertility": 7.6, "p_life_expect": 58.15, "n_life_expect": 62.21, "country": "Kenya"}, {"year": 1980, "fertility": 7.6, "life_expect": 62.21, "p_fertility": 7.88, "n_fertility": 6.98, "p_life_expect": 60.24, "n_life_expect": 63.39, "country": "Kenya"}, {"year": 1985, "fertility": 6.98, "life_expect": 63.39, "p_fertility": 7.6, "n_fertility": 6.13, "p_life_expect": 62.21, "n_life_expect": 62.12, "country": "Kenya"}, {"year": 1990, "fertility": 6.13, "life_expect": 62.12, "p_fertility": 6.98, "n_fertility": 5.37, "p_life_expect": 63.39, "n_life_expect": 57.04, "country": "Kenya"}, {"year": 1995, "fertility": 5.37, "life_expect": 57.04, "p_fertility": 6.13, "n_fertility": 5.14, "p_life_expect": 62.12, "n_life_expect": 54.83, "country": "Kenya"}, {"year": 2000, "fertility": 5.14, "life_expect": 54.83, "p_fertility": 5.37, "p_life_expect": 57.04, "country": "Kenya"}, {"year": 1955, "fertility": 5.78, "life_expect": 62.08, "n_fertility": 5.8, "n_life_expect": 64.87, "country": "Lebanon"}, {"year": 1960, "fertility": 5.8, "life_expect": 64.87, "p_fertility": 5.78, "n_fertility": 5.63, "p_life_expect": 62.08, "n_life_expect": 66.56, "country": "Lebanon"}, {"year": 1965, "fertility": 5.63, "life_expect": 66.56, "p_fertility": 5.8, "n_fertility": 5.17, "p_life_expect": 64.87, "n_life_expect": 67.59, "country": "Lebanon"}, {"year": 1970, "fertility": 5.17, "life_expect": 67.59, "p_fertility": 5.63, "n_fertility": 4.56, "p_life_expect": 66.56, "n_life_expect": 62.04, "country": "Lebanon"}, {"year": 1975, "fertility": 4.56, "life_expect": 62.04, "p_fertility": 5.17, "n_fertility": 4.03, "p_life_expect": 67.59, "n_life_expect": 69.41, "country": "Lebanon"}, {"year": 1980, "fertility": 4.03, "life_expect": 69.41, "p_fertility": 4.56, "n_fertility": 3.59, "p_life_expect": 62.04, "n_life_expect": 65.13, "country": "Lebanon"}, {"year": 1985, "fertility": 3.59, "life_expect": 65.13, "p_fertility": 4.03, "n_fertility": 3.3, "p_life_expect": 69.41, "n_life_expect": 69.92, "country": "Lebanon"}, {"year": 1990, "fertility": 3.3, "life_expect": 69.92, "p_fertility": 3.59, "n_fertility": 2.78, "p_life_expect": 65.13, "n_life_expect": 73.15, "country": "Lebanon"}, {"year": 1995, "fertility": 2.78, "life_expect": 73.15, "p_fertility": 3.3, "n_fertility": 2.5, "p_life_expect": 69.92, "n_life_expect": 74.82, "country": "Lebanon"}, {"year": 2000, "fertility": 2.5, "life_expect": 74.82, "p_fertility": 2.78, "p_life_expect": 73.15, "country": "Lebanon"}, {"year": 1955, "fertility": 6.75, "life_expect": 53.59, "n_fertility": 6.77, "n_life_expect": 57.15, "country": "Mexico"}, {"year": 1960, "fertility": 6.77, "life_expect": 57.15, "p_fertility": 6.75, "n_fertility": 6.81, "p_life_expect": 53.59, "n_life_expect": 59.87, "country": "Mexico"}, {"year": 1965, "fertility": 6.81, "life_expect": 59.87, "p_fertility": 6.77, "n_fertility": 6.55, "p_life_expect": 57.15, "n_life_expect": 61.44, "country": "Mexico"}, {"year": 1970, "fertility": 6.55, "life_expect": 61.44, "p_fertility": 6.81, "n_fertility": 5.79, "p_life_expect": 59.87, "n_life_expect": 64.21, "country": "Mexico"}, {"year": 1975, "fertility": 5.79, "life_expect": 64.21, "p_fertility": 6.55, "n_fertility": 4.78, "p_life_expect": 61.44, "n_life_expect": 66.19, "country": "Mexico"}, {"year": 1980, "fertility": 4.78, "life_expect": 66.19, "p_fertility": 5.79, "n_fertility": 4.09, "p_life_expect": 64.21, "n_life_expect": 68.62, "country": "Mexico"}, {"year": 1985, "fertility": 4.09, "life_expect": 68.62, "p_fertility": 4.78, "n_fertility": 3.45, "p_life_expect": 66.19, "n_life_expect": 70.85, "country": "Mexico"}, {"year": 1990, "fertility": 3.45, "life_expect": 70.85, "p_fertility": 4.09, "n_fertility": 3.04, "p_life_expect": 68.62, "n_life_expect": 72.35, "country": "Mexico"}, {"year": 1995, "fertility": 3.04, "life_expect": 72.35, "p_fertility": 3.45, "n_fertility": 2.72, "p_life_expect": 70.85, "n_life_expect": 74.21, "country": "Mexico"}, {"year": 2000, "fertility": 2.72, "life_expect": 74.21, "p_fertility": 3.04, "p_life_expect": 72.35, "country": "Mexico"}, {"year": 1955, "fertility": 3.04, "life_expect": 72.62, "n_fertility": 3.12, "n_life_expect": 73.5, "country": "Netherlands"}, {"year": 1960, "fertility": 3.12, "life_expect": 73.5, "p_fertility": 3.04, "n_fertility": 3.02, "p_life_expect": 72.62, "n_life_expect": 73.69, "country": "Netherlands"}, {"year": 1965, "fertility": 3.02, "life_expect": 73.69, "p_fertility": 3.12, "n_fertility": 2.57, "p_life_expect": 73.5, "n_life_expect": 73.73, "country": "Netherlands"}, {"year": 1970, "fertility": 2.57, "life_expect": 73.73, "p_fertility": 3.02, "n_fertility": 1.67, "p_life_expect": 73.69, "n_life_expect": 74.68, "country": "Netherlands"}, {"year": 1975, "fertility": 1.67, "life_expect": 74.68, "p_fertility": 2.57, "n_fertility": 1.6, "p_life_expect": 73.73, "n_life_expect": 75.88, "country": "Netherlands"}, {"year": 1980, "fertility": 1.6, "life_expect": 75.88, "p_fertility": 1.67, "n_fertility": 1.51, "p_life_expect": 74.68, "n_life_expect": 76.49, "country": "Netherlands"}, {"year": 1985, "fertility": 1.51, "life_expect": 76.49, "p_fertility": 1.6, "n_fertility": 1.61, "p_life_expect": 75.88, "n_life_expect": 77.16, "country": "Netherlands"}, {"year": 1990, "fertility": 1.61, "life_expect": 77.16, "p_fertility": 1.51, "n_fertility": 1.54, "p_life_expect": 76.49, "n_life_expect": 77.69, "country": "Netherlands"}, {"year": 1995, "fertility": 1.54, "life_expect": 77.69, "p_fertility": 1.61, "n_fertility": 1.72, "p_life_expect": 77.16, "n_life_expect": 78.28, "country": "Netherlands"}, {"year": 2000, "fertility": 1.72, "life_expect": 78.28, "p_fertility": 1.54, "p_life_expect": 77.69, "country": "Netherlands"}, {"year": 1955, "fertility": 3.73, "life_expect": 70.62, "n_fertility": 4.06, "n_life_expect": 71.22, "country": "New Zealand"}, {"year": 1960, "fertility": 4.06, "life_expect": 71.22, "p_fertility": 3.73, "n_fertility": 3.48, "p_life_expect": 70.62, "n_life_expect": 71.46, "country": "New Zealand"}, {"year": 1965, "fertility": 3.48, "life_expect": 71.46, "p_fertility": 4.06, "n_fertility": 3.17, "p_life_expect": 71.22, "n_life_expect": 71.64, "country": "New Zealand"}, {"year": 1970, "fertility": 3.17, "life_expect": 71.64, "p_fertility": 3.48, "n_fertility": 2.37, "p_life_expect": 71.46, "n_life_expect": 72.39, "country": "New Zealand"}, {"year": 1975, "fertility": 2.37, "life_expect": 72.39, "p_fertility": 3.17, "n_fertility": 2.03, "p_life_expect": 71.64, "n_life_expect": 73.37, "country": "New Zealand"}, {"year": 1980, "fertility": 2.03, "life_expect": 73.37, "p_fertility": 2.37, "n_fertility": 1.93, "p_life_expect": 72.39, "n_life_expect": 74.22, "country": "New Zealand"}, {"year": 1985, "fertility": 1.93, "life_expect": 74.22, "p_fertility": 2.03, "n_fertility": 2.17, "p_life_expect": 73.37, "n_life_expect": 75.55, "country": "New Zealand"}, {"year": 1990, "fertility": 2.17, "life_expect": 75.55, "p_fertility": 1.93, "n_fertility": 1.98, "p_life_expect": 74.22, "n_life_expect": 76.75, "country": "New Zealand"}, {"year": 1995, "fertility": 1.98, "life_expect": 76.75, "p_fertility": 2.17, "n_fertility": 1.98, "p_life_expect": 75.55, "n_life_expect": 78.39, "country": "New Zealand"}, {"year": 2000, "fertility": 1.98, "life_expect": 78.39, "p_fertility": 1.98, "p_life_expect": 76.75, "country": "New Zealand"}, {"year": 1955, "fertility": 6.38, "life_expect": 45.86, "n_fertility": 6.36, "n_life_expect": 46.81, "country": "Nigeria"}, {"year": 1960, "fertility": 6.36, "life_expect": 46.81, "p_fertility": 6.38, "n_fertility": 6.36, "p_life_expect": 45.86, "n_life_expect": 48.15, "country": "Nigeria"}, {"year": 1965, "fertility": 6.36, "life_expect": 48.15, "p_fertility": 6.36, "n_fertility": 6.47, "p_life_expect": 46.81, "n_life_expect": 49.05, "country": "Nigeria"}, {"year": 1970, "fertility": 6.47, "life_expect": 49.05, "p_fertility": 6.36, "n_fertility": 6.77, "p_life_expect": 48.15, "n_life_expect": 52.01, "country": "Nigeria"}, {"year": 1975, "fertility": 6.77, "life_expect": 52.01, "p_fertility": 6.47, "n_fertility": 6.85, "p_life_expect": 49.05, "n_life_expect": 54.06, "country": "Nigeria"}, {"year": 1980, "fertility": 6.85, "life_expect": 54.06, "p_fertility": 6.77, "n_fertility": 6.62, "p_life_expect": 52.01, "n_life_expect": 54.91, "country": "Nigeria"}, {"year": 1985, "fertility": 6.62, "life_expect": 54.91, "p_fertility": 6.85, "n_fertility": 6.46, "p_life_expect": 54.06, "n_life_expect": 54.69, "country": "Nigeria"}, {"year": 1990, "fertility": 6.46, "life_expect": 54.69, "p_fertility": 6.62, "n_fertility": 6.27, "p_life_expect": 54.91, "n_life_expect": 54.63, "country": "Nigeria"}, {"year": 1995, "fertility": 6.27, "life_expect": 54.63, "p_fertility": 6.46, "n_fertility": 6.12, "p_life_expect": 54.69, "n_life_expect": 54.63, "country": "Nigeria"}, {"year": 2000, "fertility": 6.12, "life_expect": 54.63, "p_fertility": 6.27, "p_life_expect": 54.63, "country": "Nigeria"}, {"year": 1955, "fertility": 4.09, "life_expect": 43.46, "n_fertility": 3.82, "n_life_expect": 47.62, "country": "North Korea"}, {"year": 1960, "fertility": 3.82, "life_expect": 47.62, "p_fertility": 4.09, "n_fertility": 3.62, "p_life_expect": 43.46, "n_life_expect": 52.29, "country": "North Korea"}, {"year": 1965, "fertility": 3.62, "life_expect": 52.29, "p_fertility": 3.82, "n_fertility": 3.85, "p_life_expect": 47.62, "n_life_expect": 57.11, "country": "North Korea"}, {"year": 1970, "fertility": 3.85, "life_expect": 57.11, "p_fertility": 3.62, "n_fertility": 3.05, "p_life_expect": 52.29, "n_life_expect": 61.11, "country": "North Korea"}, {"year": 1975, "fertility": 3.05, "life_expect": 61.11, "p_fertility": 3.85, "n_fertility": 2.84, "p_life_expect": 57.11, "n_life_expect": 64.05, "country": "North Korea"}, {"year": 1980, "fertility": 2.84, "life_expect": 64.05, "p_fertility": 3.05, "n_fertility": 2.58, "p_life_expect": 61.11, "n_life_expect": 66.17, "country": "North Korea"}, {"year": 1985, "fertility": 2.58, "life_expect": 66.17, "p_fertility": 2.84, "n_fertility": 2.35, "p_life_expect": 64.05, "n_life_expect": 67.97, "country": "North Korea"}, {"year": 1990, "fertility": 2.35, "life_expect": 67.97, "p_fertility": 2.58, "n_fertility": 2.16, "p_life_expect": 66.17, "n_life_expect": 61.83, "country": "North Korea"}, {"year": 1995, "fertility": 2.16, "life_expect": 61.83, "p_fertility": 2.35, "n_fertility": 1.97, "p_life_expect": 67.97, "n_life_expect": 63.9, "country": "North Korea"}, {"year": 2000, "fertility": 1.97, "life_expect": 63.9, "p_fertility": 2.16, "p_life_expect": 61.83, "country": "North Korea"}, {"year": 1955, "fertility": 2.77, "life_expect": 73.21, "n_fertility": 2.87, "n_life_expect": 73.4, "country": "Norway"}, {"year": 1960, "fertility": 2.87, "life_expect": 73.4, "p_fertility": 2.77, "n_fertility": 2.94, "p_life_expect": 73.21, "n_life_expect": 73.64, "country": "Norway"}, {"year": 1965, "fertility": 2.94, "life_expect": 73.64, "p_fertility": 2.87, "n_fertility": 2.52, "p_life_expect": 73.4, "n_life_expect": 74.25, "country": "Norway"}, {"year": 1970, "fertility": 2.52, "life_expect": 74.25, "p_fertility": 2.94, "n_fertility": 1.98, "p_life_expect": 73.64, "n_life_expect": 75.12, "country": "Norway"}, {"year": 1975, "fertility": 1.98, "life_expect": 75.12, "p_fertility": 2.52, "n_fertility": 1.72, "p_life_expect": 74.25, "n_life_expect": 75.96, "country": "Norway"}, {"year": 1980, "fertility": 1.72, "life_expect": 75.96, "p_fertility": 1.98, "n_fertility": 1.68, "p_life_expect": 75.12, "n_life_expect": 76.35, "country": "Norway"}, {"year": 1985, "fertility": 1.68, "life_expect": 76.35, "p_fertility": 1.72, "n_fertility": 1.93, "p_life_expect": 75.96, "n_life_expect": 76.86, "country": "Norway"}, {"year": 1990, "fertility": 1.93, "life_expect": 76.86, "p_fertility": 1.68, "n_fertility": 1.87, "p_life_expect": 76.35, "n_life_expect": 78.04, "country": "Norway"}, {"year": 1995, "fertility": 1.87, "life_expect": 78.04, "p_fertility": 1.93, "n_fertility": 1.85, "p_life_expect": 76.86, "n_life_expect": 78.9, "country": "Norway"}, {"year": 2000, "fertility": 1.85, "life_expect": 78.9, "p_fertility": 1.87, "p_life_expect": 78.04, "country": "Norway"}, {"year": 1955, "fertility": 6.73, "life_expect": 48.64, "n_fertility": 6.75, "n_life_expect": 51.32, "country": "Pakistan"}, {"year": 1960, "fertility": 6.75, "life_expect": 51.32, "p_fertility": 6.73, "n_fertility": 6.78, "p_life_expect": 48.64, "n_life_expect": 54.62, "country": "Pakistan"}, {"year": 1965, "fertility": 6.78, "life_expect": 54.62, "p_fertility": 6.75, "n_fertility": 6.8, "p_life_expect": 51.32, "n_life_expect": 57.08, "country": "Pakistan"}, {"year": 1970, "fertility": 6.8, "life_expect": 57.08, "p_fertility": 6.78, "n_fertility": 6.81, "p_life_expect": 54.62, "n_life_expect": 59.03, "country": "Pakistan"}, {"year": 1975, "fertility": 6.81, "life_expect": 59.03, "p_fertility": 6.8, "n_fertility": 6.73, "p_life_expect": 57.08, "n_life_expect": 60.24, "country": "Pakistan"}, {"year": 1980, "fertility": 6.73, "life_expect": 60.24, "p_fertility": 6.81, "n_fertility": 6.59, "p_life_expect": 59.03, "n_life_expect": 60.88, "country": "Pakistan"}, {"year": 1985, "fertility": 6.59, "life_expect": 60.88, "p_fertility": 6.73, "n_fertility": 6.36, "p_life_expect": 60.24, "n_life_expect": 61.05, "country": "Pakistan"}, {"year": 1990, "fertility": 6.36, "life_expect": 61.05, "p_fertility": 6.59, "n_fertility": 5.89, "p_life_expect": 60.88, "n_life_expect": 60.34, "country": "Pakistan"}, {"year": 1995, "fertility": 5.89, "life_expect": 60.34, "p_fertility": 6.36, "n_fertility": 5.26, "p_life_expect": 61.05, "n_life_expect": 61.04, "country": "Pakistan"}, {"year": 2000, "fertility": 5.26, "life_expect": 61.04, "p_fertility": 5.89, "p_life_expect": 60.34, "country": "Pakistan"}, {"year": 1955, "fertility": 6.92, "life_expect": 43.67, "n_fertility": 6.92, "n_life_expect": 47.26, "country": "Peru"}, {"year": 1960, "fertility": 6.92, "life_expect": 47.26, "p_fertility": 6.92, "n_fertility": 6.75, "p_life_expect": 43.67, "n_life_expect": 54.12, "country": "Peru"}, {"year": 1965, "fertility": 6.75, "life_expect": 54.12, "p_fertility": 6.92, "n_fertility": 6.32, "p_life_expect": 47.26, "n_life_expect": 48.63, "country": "Peru"}, {"year": 1970, "fertility": 6.32, "life_expect": 48.63, "p_fertility": 6.75, "n_fertility": 5.71, "p_life_expect": 54.12, "n_life_expect": 63.4, "country": "Peru"}, {"year": 1975, "fertility": 5.71, "life_expect": 63.4, "p_fertility": 6.32, "n_fertility": 5.04, "p_life_expect": 48.63, "n_life_expect": 65.1, "country": "Peru"}, {"year": 1980, "fertility": 5.04, "life_expect": 65.1, "p_fertility": 5.71, "n_fertility": 4.46, "p_life_expect": 63.4, "n_life_expect": 65.94, "country": "Peru"}, {"year": 1985, "fertility": 4.46, "life_expect": 65.94, "p_fertility": 5.04, "n_fertility": 3.91, "p_life_expect": 65.1, "n_life_expect": 69.24, "country": "Peru"}, {"year": 1990, "fertility": 3.91, "life_expect": 69.24, "p_fertility": 4.46, "n_fertility": 3.32, "p_life_expect": 65.94, "n_life_expect": 71.49, "country": "Peru"}, {"year": 1995, "fertility": 3.32, "life_expect": 71.49, "p_fertility": 3.91, "n_fertility": 2.85, "p_life_expect": 69.24, "n_life_expect": 74.61, "country": "Peru"}, {"year": 2000, "fertility": 2.85, "life_expect": 74.61, "p_fertility": 3.32, "p_life_expect": 71.49, "country": "Peru"}, {"year": 1955, "fertility": 7.37, "life_expect": 58.15, "n_fertility": 7.15, "n_life_expect": 61.26, "country": "Philippines"}, {"year": 1960, "fertility": 7.15, "life_expect": 61.26, "p_fertility": 7.37, "n_fertility": 6.78, "p_life_expect": 58.15, "n_life_expect": 62.55, "country": "Philippines"}, {"year": 1965, "fertility": 6.78, "life_expect": 62.55, "p_fertility": 7.15, "n_fertility": 6.2, "p_life_expect": 61.26, "n_life_expect": 62.69, "country": "Philippines"}, {"year": 1970, "fertility": 6.2, "life_expect": 62.69, "p_fertility": 6.78, "n_fertility": 5.6, "p_life_expect": 62.55, "n_life_expect": 64.11, "country": "Philippines"}, {"year": 1975, "fertility": 5.6, "life_expect": 64.11, "p_fertility": 6.2, "n_fertility": 5.11, "p_life_expect": 62.69, "n_life_expect": 65.74, "country": "Philippines"}, {"year": 1980, "fertility": 5.11, "life_expect": 65.74, "p_fertility": 5.6, "n_fertility": 4.65, "p_life_expect": 64.11, "n_life_expect": 66.51, "country": "Philippines"}, {"year": 1985, "fertility": 4.65, "life_expect": 66.51, "p_fertility": 5.11, "n_fertility": 4.35, "p_life_expect": 65.74, "n_life_expect": 68.41, "country": "Philippines"}, {"year": 1990, "fertility": 4.35, "life_expect": 68.41, "p_fertility": 4.65, "n_fertility": 4.04, "p_life_expect": 66.51, "n_life_expect": 69.77, "country": "Philippines"}, {"year": 1995, "fertility": 4.04, "life_expect": 69.77, "p_fertility": 4.35, "n_fertility": 3.71, "p_life_expect": 68.41, "n_life_expect": 70.31, "country": "Philippines"}, {"year": 2000, "fertility": 3.71, "life_expect": 70.31, "p_fertility": 4.04, "p_life_expect": 69.77, "country": "Philippines"}, {"year": 1955, "fertility": 3.55, "life_expect": 63.42, "n_fertility": 3.02, "n_life_expect": 67.9, "country": "Poland"}, {"year": 1960, "fertility": 3.02, "life_expect": 67.9, "p_fertility": 3.55, "n_fertility": 2.51, "p_life_expect": 63.42, "n_life_expect": 69.66, "country": "Poland"}, {"year": 1965, "fertility": 2.51, "life_expect": 69.66, "p_fertility": 3.02, "n_fertility": 2.26, "p_life_expect": 67.9, "n_life_expect": 70.17, "country": "Poland"}, {"year": 1970, "fertility": 2.26, "life_expect": 70.17, "p_fertility": 2.51, "n_fertility": 2.28, "p_life_expect": 69.66, "n_life_expect": 71.14, "country": "Poland"}, {"year": 1975, "fertility": 2.28, "life_expect": 71.14, "p_fertility": 2.26, "n_fertility": 2.25, "p_life_expect": 70.17, "n_life_expect": 70.54, "country": "Poland"}, {"year": 1980, "fertility": 2.25, "life_expect": 70.54, "p_fertility": 2.28, "n_fertility": 2.32, "p_life_expect": 71.14, "n_life_expect": 70.8, "country": "Poland"}, {"year": 1985, "fertility": 2.32, "life_expect": 70.8, "p_fertility": 2.25, "n_fertility": 2.05, "p_life_expect": 70.54, "n_life_expect": 71.08, "country": "Poland"}, {"year": 1990, "fertility": 2.05, "life_expect": 71.08, "p_fertility": 2.32, "n_fertility": 1.63, "p_life_expect": 70.8, "n_life_expect": 72.0, "country": "Poland"}, {"year": 1995, "fertility": 1.63, "life_expect": 72.0, "p_fertility": 2.05, "n_fertility": 1.37, "p_life_expect": 71.08, "n_life_expect": 73.9, "country": "Poland"}, {"year": 2000, "fertility": 1.37, "life_expect": 73.9, "p_fertility": 1.63, "p_life_expect": 72.0, "country": "Poland"}, {"year": 1955, "fertility": 3.13, "life_expect": 61.43, "n_fertility": 3.16, "n_life_expect": 64.73, "country": "Portugal"}, {"year": 1960, "fertility": 3.16, "life_expect": 64.73, "p_fertility": 3.13, "n_fertility": 3.16, "p_life_expect": 61.43, "n_life_expect": 65.9, "country": "Portugal"}, {"year": 1965, "fertility": 3.16, "life_expect": 65.9, "p_fertility": 3.16, "n_fertility": 3.01, "p_life_expect": 64.73, "n_life_expect": 67.39, "country": "Portugal"}, {"year": 1970, "fertility": 3.01, "life_expect": 67.39, "p_fertility": 3.16, "n_fertility": 2.75, "p_life_expect": 65.9, "n_life_expect": 69.32, "country": "Portugal"}, {"year": 1975, "fertility": 2.75, "life_expect": 69.32, "p_fertility": 3.01, "n_fertility": 2.24, "p_life_expect": 67.39, "n_life_expect": 71.75, "country": "Portugal"}, {"year": 1980, "fertility": 2.24, "life_expect": 71.75, "p_fertility": 2.75, "n_fertility": 1.73, "p_life_expect": 69.32, "n_life_expect": 73.26, "country": "Portugal"}, {"year": 1985, "fertility": 1.73, "life_expect": 73.26, "p_fertility": 2.24, "n_fertility": 1.56, "p_life_expect": 71.75, "n_life_expect": 74.28, "country": "Portugal"}, {"year": 1990, "fertility": 1.56, "life_expect": 74.28, "p_fertility": 1.73, "n_fertility": 1.41, "p_life_expect": 73.26, "n_life_expect": 75.47, "country": "Portugal"}, {"year": 1995, "fertility": 1.41, "life_expect": 75.47, "p_fertility": 1.56, "n_fertility": 1.54, "p_life_expect": 74.28, "n_life_expect": 76.84, "country": "Portugal"}, {"year": 2000, "fertility": 1.54, "life_expect": 76.84, "p_fertility": 1.41, "p_life_expect": 75.47, "country": "Portugal"}, {"year": 1955, "fertility": 8.09, "life_expect": 38.94, "n_fertility": 8.19, "n_life_expect": 42.24, "country": "Rwanda"}, {"year": 1960, "fertility": 8.19, "life_expect": 42.24, "p_fertility": 8.09, "n_fertility": 8.2, "p_life_expect": 38.94, "n_life_expect": 42.85, "country": "Rwanda"}, {"year": 1965, "fertility": 8.2, "life_expect": 42.85, "p_fertility": 8.19, "n_fertility": 8.23, "p_life_expect": 42.24, "n_life_expect": 43.58, "country": "Rwanda"}, {"year": 1970, "fertility": 8.23, "life_expect": 43.58, "p_fertility": 8.2, "n_fertility": 8.22, "p_life_expect": 42.85, "n_life_expect": 45.02, "country": "Rwanda"}, {"year": 1975, "fertility": 8.22, "life_expect": 45.02, "p_fertility": 8.23, "n_fertility": 8.19, "p_life_expect": 43.58, "n_life_expect": 48.43, "country": "Rwanda"}, {"year": 1980, "fertility": 8.19, "life_expect": 48.43, "p_fertility": 8.22, "n_fertility": 7.73, "p_life_expect": 45.02, "n_life_expect": 51.49, "country": "Rwanda"}, {"year": 1985, "fertility": 7.73, "life_expect": 51.49, "p_fertility": 8.19, "n_fertility": 6.87, "p_life_expect": 48.43, "n_life_expect": 50.01, "country": "Rwanda"}, {"year": 1990, "fertility": 6.87, "life_expect": 50.01, "p_fertility": 7.73, "n_fertility": 6.32, "p_life_expect": 51.49, "n_life_expect": 46.41, "country": "Rwanda"}, {"year": 1995, "fertility": 6.32, "life_expect": 46.41, "p_fertility": 6.87, "n_fertility": 5.92, "p_life_expect": 50.01, "n_life_expect": 50.51, "country": "Rwanda"}, {"year": 2000, "fertility": 5.92, "life_expect": 50.51, "p_fertility": 6.32, "p_life_expect": 46.41, "country": "Rwanda"}, {"year": 1955, "fertility": 7.43, "life_expect": 52.56, "n_fertility": 7.52, "n_life_expect": 54.34, "country": "Saudi Arabia"}, {"year": 1960, "fertility": 7.52, "life_expect": 54.34, "p_fertility": 7.43, "n_fertility": 7.61, "p_life_expect": 52.56, "n_life_expect": 56.93, "country": "Saudi Arabia"}, {"year": 1965, "fertility": 7.61, "life_expect": 56.93, "p_fertility": 7.52, "n_fertility": 7.58, "p_life_expect": 54.34, "n_life_expect": 59.81, "country": "Saudi Arabia"}, {"year": 1970, "fertility": 7.58, "life_expect": 59.81, "p_fertility": 7.61, "n_fertility": 7.37, "p_life_expect": 56.93, "n_life_expect": 63.63, "country": "Saudi Arabia"}, {"year": 1975, "fertility": 7.37, "life_expect": 63.63, "p_fertility": 7.58, "n_fertility": 7.19, "p_life_expect": 59.81, "n_life_expect": 66.06, "country": "Saudi Arabia"}, {"year": 1980, "fertility": 7.19, "life_expect": 66.06, "p_fertility": 7.37, "n_fertility": 6.7, "p_life_expect": 63.63, "n_life_expect": 67.54, "country": "Saudi Arabia"}, {"year": 1985, "fertility": 6.7, "life_expect": 67.54, "p_fertility": 7.19, "n_fertility": 5.83, "p_life_expect": 66.06, "n_life_expect": 68.08, "country": "Saudi Arabia"}, {"year": 1990, "fertility": 5.83, "life_expect": 68.08, "p_fertility": 6.7, "n_fertility": 4.95, "p_life_expect": 67.54, "n_life_expect": 69.4, "country": "Saudi Arabia"}, {"year": 1995, "fertility": 4.95, "life_expect": 69.4, "p_fertility": 5.83, "n_fertility": 4.12, "p_life_expect": 68.08, "n_life_expect": 70.37, "country": "Saudi Arabia"}, {"year": 2000, "fertility": 4.12, "life_expect": 70.37, "p_fertility": 4.95, "p_life_expect": 69.4, "country": "Saudi Arabia"}, {"year": 1955, "fertility": 6.2, "life_expect": 53.04, "n_fertility": 6.16, "n_life_expect": 53.93, "country": "South Africa"}, {"year": 1960, "fertility": 6.16, "life_expect": 53.93, "p_fertility": 6.2, "n_fertility": 5.96, "p_life_expect": 53.04, "n_life_expect": 55.19, "country": "South Africa"}, {"year": 1965, "fertility": 5.96, "life_expect": 55.19, "p_fertility": 6.16, "n_fertility": 5.63, "p_life_expect": 53.93, "n_life_expect": 56.69, "country": "South Africa"}, {"year": 1970, "fertility": 5.63, "life_expect": 56.69, "p_fertility": 5.96, "n_fertility": 5.19, "p_life_expect": 55.19, "n_life_expect": 58.3, "country": "South Africa"}, {"year": 1975, "fertility": 5.19, "life_expect": 58.3, "p_fertility": 5.63, "n_fertility": 4.78, "p_life_expect": 56.69, "n_life_expect": 59.52, "country": "South Africa"}, {"year": 1980, "fertility": 4.78, "life_expect": 59.52, "p_fertility": 5.19, "n_fertility": 4.5, "p_life_expect": 58.3, "n_life_expect": 61.92, "country": "South Africa"}, {"year": 1985, "fertility": 4.5, "life_expect": 61.92, "p_fertility": 4.78, "n_fertility": 3.72, "p_life_expect": 59.52, "n_life_expect": 64.18, "country": "South Africa"}, {"year": 1990, "fertility": 3.72, "life_expect": 64.18, "p_fertility": 4.5, "n_fertility": 3.17, "p_life_expect": 61.92, "n_life_expect": 62.93, "country": "South Africa"}, {"year": 1995, "fertility": 3.17, "life_expect": 62.93, "p_fertility": 3.72, "n_fertility": 2.41, "p_life_expect": 64.18, "n_life_expect": 55.58, "country": "South Africa"}, {"year": 2000, "fertility": 2.41, "life_expect": 55.58, "p_fertility": 3.17, "p_life_expect": 62.93, "country": "South Africa"}, {"year": 1955, "fertility": 6.07, "life_expect": 55.9, "n_fertility": 6.0, "n_life_expect": 59.11, "country": "South Korea"}, {"year": 1960, "fertility": 6.0, "life_expect": 59.11, "p_fertility": 6.07, "n_fertility": 5.02, "p_life_expect": 55.9, "n_life_expect": 61.36, "country": "South Korea"}, {"year": 1965, "fertility": 5.02, "life_expect": 61.36, "p_fertility": 6.0, "n_fertility": 4.41, "p_life_expect": 59.11, "n_life_expect": 63.57, "country": "South Korea"}, {"year": 1970, "fertility": 4.41, "life_expect": 63.57, "p_fertility": 5.02, "n_fertility": 3.41, "p_life_expect": 61.36, "n_life_expect": 65.73, "country": "South Korea"}, {"year": 1975, "fertility": 3.41, "life_expect": 65.73, "p_fertility": 4.41, "n_fertility": 2.72, "p_life_expect": 63.57, "n_life_expect": 67.33, "country": "South Korea"}, {"year": 1980, "fertility": 2.72, "life_expect": 67.33, "p_fertility": 3.41, "n_fertility": 1.75, "p_life_expect": 65.73, "n_life_expect": 69.87, "country": "South Korea"}, {"year": 1985, "fertility": 1.75, "life_expect": 69.87, "p_fertility": 2.72, "n_fertility": 1.6, "p_life_expect": 67.33, "n_life_expect": 72.13, "country": "South Korea"}, {"year": 1990, "fertility": 1.6, "life_expect": 72.13, "p_fertility": 1.75, "n_fertility": 1.63, "p_life_expect": 69.87, "n_life_expect": 74.34, "country": "South Korea"}, {"year": 1995, "fertility": 1.63, "life_expect": 74.34, "p_fertility": 1.6, "n_fertility": 1.42, "p_life_expect": 72.13, "n_life_expect": 76.34, "country": "South Korea"}, {"year": 2000, "fertility": 1.42, "life_expect": 76.34, "p_fertility": 1.63, "p_life_expect": 74.34, "country": "South Korea"}, {"year": 1955, "fertility": 2.56, "life_expect": 66.66, "n_fertility": 2.78, "n_life_expect": 69.45, "country": "Spain"}, {"year": 1960, "fertility": 2.78, "life_expect": 69.45, "p_fertility": 2.56, "n_fertility": 2.88, "p_life_expect": 66.66, "n_life_expect": 70.94, "country": "Spain"}, {"year": 1965, "fertility": 2.88, "life_expect": 70.94, "p_fertility": 2.78, "n_fertility": 2.83, "p_life_expect": 69.45, "n_life_expect": 72.02, "country": "Spain"}, {"year": 1970, "fertility": 2.83, "life_expect": 72.02, "p_fertility": 2.88, "n_fertility": 2.77, "p_life_expect": 70.94, "n_life_expect": 73.59, "country": "Spain"}, {"year": 1975, "fertility": 2.77, "life_expect": 73.59, "p_fertility": 2.83, "n_fertility": 2.21, "p_life_expect": 72.02, "n_life_expect": 75.51, "country": "Spain"}, {"year": 1980, "fertility": 2.21, "life_expect": 75.51, "p_fertility": 2.77, "n_fertility": 1.64, "p_life_expect": 73.59, "n_life_expect": 76.45, "country": "Spain"}, {"year": 1985, "fertility": 1.64, "life_expect": 76.45, "p_fertility": 2.21, "n_fertility": 1.36, "p_life_expect": 75.51, "n_life_expect": 76.96, "country": "Spain"}, {"year": 1990, "fertility": 1.36, "life_expect": 76.96, "p_fertility": 1.64, "n_fertility": 1.16, "p_life_expect": 76.45, "n_life_expect": 78.09, "country": "Spain"}, {"year": 1995, "fertility": 1.16, "life_expect": 78.09, "p_fertility": 1.36, "n_fertility": 1.22, "p_life_expect": 76.96, "n_life_expect": 79.47, "country": "Spain"}, {"year": 2000, "fertility": 1.22, "life_expect": 79.47, "p_fertility": 1.16, "p_life_expect": 78.09, "country": "Spain"}, {"year": 1955, "fertility": 2.31, "life_expect": 70.3, "n_fertility": 2.46, "n_life_expect": 71.76, "country": "Switzerland"}, {"year": 1960, "fertility": 2.46, "life_expect": 71.76, "p_fertility": 2.31, "n_fertility": 2.58, "p_life_expect": 70.3, "n_life_expect": 72.51, "country": "Switzerland"}, {"year": 1965, "fertility": 2.58, "life_expect": 72.51, "p_fertility": 2.46, "n_fertility": 2.1, "p_life_expect": 71.76, "n_life_expect": 73.34, "country": "Switzerland"}, {"year": 1970, "fertility": 2.1, "life_expect": 73.34, "p_fertility": 2.58, "n_fertility": 1.62, "p_life_expect": 72.51, "n_life_expect": 74.98, "country": "Switzerland"}, {"year": 1975, "fertility": 1.62, "life_expect": 74.98, "p_fertility": 2.1, "n_fertility": 1.55, "p_life_expect": 73.34, "n_life_expect": 75.97, "country": "Switzerland"}, {"year": 1980, "fertility": 1.55, "life_expect": 75.97, "p_fertility": 1.62, "n_fertility": 1.52, "p_life_expect": 74.98, "n_life_expect": 77.22, "country": "Switzerland"}, {"year": 1985, "fertility": 1.52, "life_expect": 77.22, "p_fertility": 1.55, "n_fertility": 1.58, "p_life_expect": 75.97, "n_life_expect": 77.94, "country": "Switzerland"}, {"year": 1990, "fertility": 1.58, "life_expect": 77.94, "p_fertility": 1.52, "n_fertility": 1.48, "p_life_expect": 77.22, "n_life_expect": 78.91, "country": "Switzerland"}, {"year": 1995, "fertility": 1.48, "life_expect": 78.91, "p_fertility": 1.58, "n_fertility": 1.49, "p_life_expect": 77.94, "n_life_expect": 80.3, "country": "Switzerland"}, {"year": 2000, "fertility": 1.49, "life_expect": 80.3, "p_fertility": 1.48, "p_life_expect": 78.91, "country": "Switzerland"}, {"year": 1955, "fertility": 6.49, "life_expect": 47.32, "n_fertility": 6.36, "n_life_expect": 49.53, "country": "Turkey"}, {"year": 1960, "fertility": 6.36, "life_expect": 49.53, "p_fertility": 6.49, "n_fertility": 6.02, "p_life_expect": 47.32, "n_life_expect": 53.39, "country": "Turkey"}, {"year": 1965, "fertility": 6.02, "life_expect": 53.39, "p_fertility": 6.36, "n_fertility": 5.63, "p_life_expect": 49.53, "n_life_expect": 57.13, "country": "Turkey"}, {"year": 1970, "fertility": 5.63, "life_expect": 57.13, "p_fertility": 6.02, "n_fertility": 5.07, "p_life_expect": 53.39, "n_life_expect": 60.74, "country": "Turkey"}, {"year": 1975, "fertility": 5.07, "life_expect": 60.74, "p_fertility": 5.63, "n_fertility": 4.43, "p_life_expect": 57.13, "n_life_expect": 64.06, "country": "Turkey"}, {"year": 1980, "fertility": 4.43, "life_expect": 64.06, "p_fertility": 5.07, "n_fertility": 3.76, "p_life_expect": 60.74, "n_life_expect": 66.65, "country": "Turkey"}, {"year": 1985, "fertility": 3.76, "life_expect": 66.65, "p_fertility": 4.43, "n_fertility": 3.13, "p_life_expect": 64.06, "n_life_expect": 68.75, "country": "Turkey"}, {"year": 1990, "fertility": 3.13, "life_expect": 68.75, "p_fertility": 3.76, "n_fertility": 2.79, "p_life_expect": 66.65, "n_life_expect": 70.85, "country": "Turkey"}, {"year": 1995, "fertility": 2.79, "life_expect": 70.85, "p_fertility": 3.13, "n_fertility": 2.51, "p_life_expect": 68.75, "n_life_expect": 74.73, "country": "Turkey"}, {"year": 2000, "fertility": 2.51, "life_expect": 74.73, "p_fertility": 2.79, "p_life_expect": 70.85, "country": "Turkey"}, {"year": 1955, "fertility": 2.3, "life_expect": 70.46, "n_fertility": 2.73, "n_life_expect": 71.17, "country": "United Kingdom"}, {"year": 1960, "fertility": 2.73, "life_expect": 71.17, "p_fertility": 2.3, "n_fertility": 2.88, "p_life_expect": 70.46, "n_life_expect": 71.65, "country": "United Kingdom"}, {"year": 1965, "fertility": 2.88, "life_expect": 71.65, "p_fertility": 2.73, "n_fertility": 2.44, "p_life_expect": 71.17, "n_life_expect": 72.08, "country": "United Kingdom"}, {"year": 1970, "fertility": 2.44, "life_expect": 72.08, "p_fertility": 2.88, "n_fertility": 1.81, "p_life_expect": 71.65, "n_life_expect": 72.78, "country": "United Kingdom"}, {"year": 1975, "fertility": 1.81, "life_expect": 72.78, "p_fertility": 2.44, "n_fertility": 1.89, "p_life_expect": 72.08, "n_life_expect": 73.79, "country": "United Kingdom"}, {"year": 1980, "fertility": 1.89, "life_expect": 73.79, "p_fertility": 1.81, "n_fertility": 1.79, "p_life_expect": 72.78, "n_life_expect": 74.81, "country": "United Kingdom"}, {"year": 1985, "fertility": 1.79, "life_expect": 74.81, "p_fertility": 1.89, "n_fertility": 1.83, "p_life_expect": 73.79, "n_life_expect": 75.85, "country": "United Kingdom"}, {"year": 1990, "fertility": 1.83, "life_expect": 75.85, "p_fertility": 1.79, "n_fertility": 1.71, "p_life_expect": 74.81, "n_life_expect": 76.84, "country": "United Kingdom"}, {"year": 1995, "fertility": 1.71, "life_expect": 76.84, "p_fertility": 1.83, "n_fertility": 1.64, "p_life_expect": 75.85, "n_life_expect": 77.97, "country": "United Kingdom"}, {"year": 2000, "fertility": 1.64, "life_expect": 77.97, "p_fertility": 1.71, "p_life_expect": 76.84, "country": "United Kingdom"}, {"year": 1955, "fertility": 3.47, "life_expect": 69.86, "n_fertility": 3.58, "n_life_expect": 70.06, "country": "United States"}, {"year": 1960, "fertility": 3.58, "life_expect": 70.06, "p_fertility": 3.47, "n_fertility": 2.87, "p_life_expect": 69.86, "n_life_expect": 70.37, "country": "United States"}, {"year": 1965, "fertility": 2.87, "life_expect": 70.37, "p_fertility": 3.58, "n_fertility": 2.47, "p_life_expect": 70.06, "n_life_expect": 70.93, "country": "United States"}, {"year": 1970, "fertility": 2.47, "life_expect": 70.93, "p_fertility": 2.87, "n_fertility": 1.77, "p_life_expect": 70.37, "n_life_expect": 72.73, "country": "United States"}, {"year": 1975, "fertility": 1.77, "life_expect": 72.73, "p_fertility": 2.47, "n_fertility": 1.83, "p_life_expect": 70.93, "n_life_expect": 73.96, "country": "United States"}, {"year": 1980, "fertility": 1.83, "life_expect": 73.96, "p_fertility": 1.77, "n_fertility": 1.84, "p_life_expect": 72.73, "n_life_expect": 74.91, "country": "United States"}, {"year": 1985, "fertility": 1.84, "life_expect": 74.91, "p_fertility": 1.83, "n_fertility": 2.07, "p_life_expect": 73.96, "n_life_expect": 75.72, "country": "United States"}, {"year": 1990, "fertility": 2.07, "life_expect": 75.72, "p_fertility": 1.84, "n_fertility": 1.97, "p_life_expect": 74.91, "n_life_expect": 76.08, "country": "United States"}, {"year": 1995, "fertility": 1.97, "life_expect": 76.08, "p_fertility": 2.07, "n_fertility": 2.05, "p_life_expect": 75.72, "n_life_expect": 77.03, "country": "United States"}, {"year": 2000, "fertility": 2.05, "life_expect": 77.03, "p_fertility": 1.97, "p_life_expect": 76.08, "country": "United States"}, {"year": 1955, "fertility": 6.53, "life_expect": 61.16, "n_fertility": 6.42, "n_life_expect": 65.17, "country": "Venezuela"}, {"year": 1960, "fertility": 6.42, "life_expect": 65.17, "p_fertility": 6.53, "n_fertility": 6.03, "p_life_expect": 61.16, "n_life_expect": 66.03, "country": "Venezuela"}, {"year": 1965, "fertility": 6.03, "life_expect": 66.03, "p_fertility": 6.42, "n_fertility": 5.32, "p_life_expect": 65.17, "n_life_expect": 66.51, "country": "Venezuela"}, {"year": 1970, "fertility": 5.32, "life_expect": 66.51, "p_fertility": 6.03, "n_fertility": 4.69, "p_life_expect": 66.03, "n_life_expect": 67.6, "country": "Venezuela"}, {"year": 1975, "fertility": 4.69, "life_expect": 67.6, "p_fertility": 5.32, "n_fertility": 4.2, "p_life_expect": 66.51, "n_life_expect": 69.66, "country": "Venezuela"}, {"year": 1980, "fertility": 4.2, "life_expect": 69.66, "p_fertility": 4.69, "n_fertility": 3.79, "p_life_expect": 67.6, "n_life_expect": 71.56, "country": "Venezuela"}, {"year": 1985, "fertility": 3.79, "life_expect": 71.56, "p_fertility": 4.2, "n_fertility": 3.45, "p_life_expect": 69.66, "n_life_expect": 72.44, "country": "Venezuela"}, {"year": 1990, "fertility": 3.45, "life_expect": 72.44, "p_fertility": 3.79, "n_fertility": 3.08, "p_life_expect": 71.56, "n_life_expect": 72.61, "country": "Venezuela"}, {"year": 1995, "fertility": 3.08, "life_expect": 72.61, "p_fertility": 3.45, "n_fertility": 2.82, "p_life_expect": 72.44, "n_life_expect": 74.17, "country": "Venezuela"}, {"year": 2000, "fertility": 2.82, "life_expect": 74.17, "p_fertility": 3.08, "p_life_expect": 72.61, "country": "Venezuela"}]