[
  { "date": "1854-04-01", "wounds": 0, "other": 5, "disease": 1, "army_size": 8571 },
  { "date": "1854-05-01", "wounds": 0, "other": 9, "disease": 12, "army_size": 23333 },
  { "date": "1854-06-01", "wounds": 0, "other": 6, "disease": 11, "army_size": 28333 },
  { "date": "1854-07-01", "wounds": 0, "other": 23, "disease": 359, "army_size": 28722 },
  { "date": "1854-08-01", "wounds": 1, "other": 30, "disease": 828, "army_size": 30246 },
  { "date": "1854-09-01", "wounds": 81, "other": 70, "disease": 788, "army_size": 30290 },
  { "date": "1854-10-01", "wounds": 132, "other": 128, "disease": 503, "army_size": 30643 },
  { "date": "1854-11-01", "wounds": 287, "other": 106, "disease": 844, "army_size": 29736 },
  { "date": "1854-12-01", "wounds": 114, "other": 131, "disease": 1725, "army_size": 32779 },
  { "date": "1855-01-01", "wounds": 83, "other": 324, "disease": 2761, "army_size": 32393 },
  { "date": "1855-02-01", "wounds": 42, "other": 361, "disease": 2120, "army_size": 30919 },
  { "date": "1855-03-01", "wounds": 32, "other": 172, "disease": 1205, "army_size": 30107 },
  { "date": "1855-04-01", "wounds": 48, "other": 57, "disease": 477, "army_size": 32252 },
  { "date": "1855-05-01", "wounds": 49, "other": 37, "disease": 508, "army_size": 35473 },
  { "date": "1855-06-01", "wounds": 209, "other": 31, "disease": 802, "army_size": 38863 },
  { "date": "1855-07-01", "wounds": 134, "other": 33, "disease": 382, "army_size": 42647 },
  { "date": "1855-08-01", "wounds": 164, "other": 25, "disease": 483, "army_size": 44614 },
  { "date": "1855-09-01", "wounds": 276, "other": 20, "disease": 189, "army_size": 47751 },
  { "date": "1855-10-01", "wounds": 53, "other": 18, "disease": 128, "army_size": 46852 },
  { "date": "1855-11-01", "wounds": 33, "other": 32, "disease": 178, "army_size": 37853 },
  { "date": "1855-12-01", "wounds": 18, "other": 28, "disease": 91, "army_size": 43217 },
  { "date": "1856-01-01", "wounds": 2, "other": 48, "disease": 42, "army_size": 44212 },
  { "date": "1856-02-01", "wounds": 0, "other": 19, "disease": 24, "army_size": 43485 },
  { "date": "1856-03-01", "wounds": 0, "other": 35, "disease": 15, "army_size": 46140 }
]