[
  {"lon":-86.3005639, "lat":32.3777298, "state":"Alabama", "city":"Montgomery"},
  {"lon":-134.4104388, "lat":58.3020694, "state":"Alaska", "city":"Juneau"},
  {"lon":-112.097065, "lat":33.4482497, "state":"Arizona", "city":"Phoenix"},
  {"lon":-92.2892284, "lat":34.746745, "state":"Arkansas", "city":"Little Rock"},
  {"lon":-121.4935591, "lat":38.5765854, "state":"California", "city":"Sacramento"},
  {"lon":-104.9849779, "lat":39.7392198, "state":"Colorado", "city":"Denver"},
  {"lon":-72.6823164, "lat":41.7642752, "state":"Connecticut", "city":"Hartford"},
  {"lon":-75.5195811, "lat":39.1572815, "state":"Delaware", "city":"Dover"},
  {"lon":-84.2821265, "lat":30.4381047, "state":"Florida", "city":"Tallahassee"},
  {"lon":-84.3879614, "lat":33.7490287, "state":"Georgia", "city":"Atlanta"},
  {"lon":-157.8573111, "lat":21.3073439, "state":"Hawaii", "city":"Honolulu"},
  {"lon":-116.1998483, "lat":43.6177948, "state":"Idaho", "city":"Boise"},
  {"lon":-89.6547203, "lat":39.7983912, "state":"Illinois", "city":"Springfield"},
  {"lon":-86.1627697, "lat":39.7683841, "state":"Indiana", "city":"Indianapolis"},
  {"lon":-93.6038358, "lat":41.5911079, "state":"Iowa", "city":"Des Moines"},
  {"lon":-95.6780057, "lat":39.0482389, "state":"Kansas", "city":"Topeka"},
  {"lon":-84.8753598, "lat":38.1866989, "state":"Kentucky", "city":"Frankfort"},
  {"lon":-91.1873935, "lat":30.457024, "state":"Louisiana", "city":"Baton Rouge"},
  {"lon":-69.7816228, "lat":44.307213, "state":"Maine", "city":"Augusta"},
  {"lon":-76.491037, "lat":38.9788927, "state":"Maryland", "city":"Annapolis"},
  {"lon":-71.0640129, "lat":42.3587532, "state":"Massachusetts", "city":"Boston"},
  {"lon":-84.5555605, "lat":42.7336193, "state":"Michigan", "city":"Lansing"},
  {"lon":-93.1021034, "lat":44.9551063, "state":"Minnesota", "city":"Saint Paul"},
  {"lon":-90.1820382, "lat":32.303763, "state":"Mississippi", "city":"Jackson"},
  {"lon":-92.1728432, "lat":38.5791852, "state":"Missouri", "city":"Jefferson City"},
  {"lon":-112.0183427, "lat":46.5857742, "state":"Montana", "city":"Helena"},
  {"lon":-96.6997467, "lat":40.8080641, "state":"Nebraska", "city":"Lincoln"},
  {"lon":-119.7663053, "lat":39.1640815, "state":"Nevada", "city":"Carson City"},
  {"lon":-71.5382718, "lat":43.2069054, "state":"New Hampshire", "city":"Concord"},
  {"lon":-74.7699552, "lat":40.2203572, "state":"New Jersey", "city":"Trenton"},
  {"lon":-105.9396043, "lat":35.6823747, "state":"New Mexico", "city":"Santa Fe"},
  {"lon":-73.7575015, "lat":42.6525086, "state":"New York", "city":"Albany"},
  {"lon":-78.6391225, "lat":35.7803724, "state":"North Carolina", "city":"Raleigh"},
  {"lon":-100.7827194, "lat":46.8207637, "state":"North Dakota", "city":"Bismarck"},
  {"lon":-82.9987984, "lat":39.961461, "state":"Ohio", "city":"Columbus"},
  {"lon":-97.5033801, "lat":35.4922882, "state":"Oklahoma", "city":"Oklahoma City"},
  {"lon":-123.0301147, "lat":44.938743, "state":"Oregon", "city":"Salem"},
  {"lon":-76.8837835, "lat":40.2644747, "state":"Pennsylvania", "city":"Harrisburg"},
  {"lon":-71.414855, "lat":41.8308218, "state":"Rhode Island", "city":"Providence"},
  {"lon":-81.0331509, "lat":34.0004393, "state":"South Carolina", "city":"Columbia"},
  {"lon":-100.3462286, "lat":44.3671094, "state":"South Dakota", "city":"Pierre"},
  {"lon":-86.7841708, "lat":36.1658985, "state":"Tennessee", "city":"Nashville"},
  {"lon":-97.7403271, "lat":30.2746658, "state":"Texas", "city":"Austin"},
  {"lon":-111.888132, "lat":40.7773586, "state":"Utah", "city":"Salt Lake City"},
  {"lon":-72.5804725, "lat":44.2624522, "state":"Vermont", "city":"Montpelier"},
  {"lon":-77.4335963, "lat":37.5387651, "state":"Virginia", "city":"Richmond"},
  {"lon":-122.9049162, "lat":47.0357595, "state":"Washington", "city":"Olympia"},
  {"lon":-81.6120072, "lat":38.3364019, "state":"West Virginia", "city":"Charleston"},
  {"lon":-89.3841797, "lat":43.0746533, "state":"Wisconsin", "city":"Madison"},
  {"lon":-104.8203092, "lat":41.140301, "state":"Wyoming", "city":"Cheyenne"}
]
