<?xml version="1.0" encoding="UTF-8"?>
<remoteResourcesBundle xsi:schemaLocation="http://maven.apache.org/remote-resources/1.1.0 http://maven.apache.org/xsd/remote-resources-1.1.0.xsd"
    xmlns="http://maven.apache.org/remote-resources/1.1.0"
    xmlns:xsi="http://www.w3.org/2001/XMLSchema-instance">
  <remoteResources>
    <remoteResource>arcelements.xml</remoteResource>
    <remoteResource>elscint-elements.xml</remoteResource>
    <remoteResource>acuson-1.2.840.113680.1.0-7ffe.xml</remoteResource>
    <remoteResource>acuson-1.2.840.113680.1.0-7f10.xml</remoteResource>
    <remoteResource>acuson.xml</remoteResource>
    <remoteResource>acuson-1.2.840.113680.1.0-0910.xml</remoteResource>
    <remoteResource>agfa-adc-compact-elements.xml</remoteResource>
    <remoteResource>agfa-adc-nx-elements.xml</remoteResource>
    <remoteResource>agfa-ag-hpstate-elements.xml</remoteResource>
    <remoteResource>agfa-displayable-images-elements.xml</remoteResource>
    <remoteResource>agfa-elements.xml</remoteResource>
    <remoteResource>agfa-kosd-1.0-elements.xml</remoteResource>
    <remoteResource>agfa-pacs-archive-mirroring-1.0-elements.xml</remoteResource>
    <remoteResource>agfa-xeroverse-elements.xml</remoteResource>
    <remoteResource>agility-overlay-elements.xml</remoteResource>
    <remoteResource>agility-runtime-elements.xml</remoteResource>
    <remoteResource>mitra-linked-attributes-1.0-elements.xml</remoteResource>
    <remoteResource>mitra-markup-1.0-elements.xml</remoteResource>
    <remoteResource>mitra-object-attributes-1.0-elements.xml</remoteResource>
    <remoteResource>mitra-object-document-1.0-elements.xml</remoteResource>
    <remoteResource>mitra-object-utf8-attributes-1.0-elements.xml</remoteResource>
    <remoteResource>mitra-presentation-1.0-elements.xml</remoteResource>
    <remoteResource>CARDIO-D.R.-1.0.xml</remoteResource>
    <remoteResource>DIDI-TO-PCR-1.1.xml</remoteResource>
    <remoteResource>PHILIPS-IMAGING-DD-001-1.xml</remoteResource>
    <remoteResource>PHILIPS-MR.xml</remoteResource>
    <remoteResource>PHILIPS-MR-IMAGING-DD-001-1.xml</remoteResource>
    <remoteResource>PHILIPS-MR-R5.5-PART.xml</remoteResource>
    <remoteResource>PHILIPS-MR-R5.6-PART.xml</remoteResource>
    <remoteResource>PHILIPS-MR-SPECTRO-1.xml</remoteResource>
    <remoteResource>PHILIPS-MR-LAST.xml</remoteResource>
    <remoteResource>PHILIPS-MR-PART.xml</remoteResource>
    <remoteResource>PHILIPS-MR-PART-12.xml</remoteResource>
    <remoteResource>PHILIPS-MR-PART-6.xml</remoteResource>
    <remoteResource>PHILIPS-MR-PART-7.xml</remoteResource>
    <remoteResource>PHILIPS-NM--Private.xml</remoteResource>
    <remoteResource>PHILIPS-XCT--Private.xml</remoteResource>
    <remoteResource>PHILIPS-MR-1.xml</remoteResource>
    <remoteResource>PMS-THORA-5.1.xml</remoteResource>
    <remoteResource>Philips-EV-Imaging-DD-022.xml</remoteResource>
    <remoteResource>Philips-Imaging-DD-001.xml</remoteResource>
    <remoteResource>Philips-Imaging-DD-002.xml</remoteResource>
    <remoteResource>Philips-Imaging-DD-065.xml</remoteResource>
    <remoteResource>Philips-Imaging-DD-067.xml</remoteResource>
    <remoteResource>Philips-Imaging-DD-070.xml</remoteResource>
    <remoteResource>Philips-Imaging-DD-073.xml</remoteResource>
    <remoteResource>Philips-Imaging-DD-124.xml</remoteResource>
    <remoteResource>Philips-Imaging-DD-129.xml</remoteResource>
    <remoteResource>Philips-MR-Imaging-DD-001.xml</remoteResource>
    <remoteResource>Philips-MR-Imaging-DD-002.xml</remoteResource>
    <remoteResource>Philips-MR-Imaging-DD-003.xml</remoteResource>
    <remoteResource>Philips-MR-Imaging-DD-004.xml</remoteResource>
    <remoteResource>Philips-MR-Imaging-DD-005.xml</remoteResource>
    <remoteResource>Philips-MR-Imaging-DD-006.xml</remoteResource>
    <remoteResource>Philips-NM-Private-Group.xml</remoteResource>
    <remoteResource>Philips-PET-Private-Group.xml</remoteResource>
    <remoteResource>Philips-RAD-Imaging-DD-001.xml</remoteResource>
    <remoteResource>Philips-RAD-Imaging-DD-097.xml</remoteResource>
    <remoteResource>Philips-US-Imaging-DD-017.xml</remoteResource>
    <remoteResource>Philips-US-Imaging-DD-021.xml</remoteResource>
    <remoteResource>Philips-US-Imaging-DD-023.xml</remoteResource>
    <remoteResource>Philips-US-Imaging-DD-033.xml</remoteResource>
    <remoteResource>Philips-US-Imaging-DD-034.xml</remoteResource>
    <remoteResource>Philips-US-Imaging-DD-035.xml</remoteResource>
    <remoteResource>Philips-US-Imaging-DD-036.xml</remoteResource>
    <remoteResource>Philips-US-Imaging-DD-037.xml</remoteResource>
    <remoteResource>Philips-US-Imaging-DD-038.xml</remoteResource>
    <remoteResource>Philips-US-Imaging-DD-039.xml</remoteResource>
    <remoteResource>Philips-US-Imaging-DD-040.xml</remoteResource>
    <remoteResource>Philips-US-Imaging-DD-041.xml</remoteResource>
    <remoteResource>Philips-US-Imaging-DD-042.xml</remoteResource>
    <remoteResource>Philips-US-Imaging-DD-043.xml</remoteResource>
    <remoteResource>Philips-US-Imaging-DD-045.xml</remoteResource>
    <remoteResource>Philips-US-Imaging-DD-046.xml</remoteResource>
    <remoteResource>Philips-US-Imaging-DD-048.xml</remoteResource>
    <remoteResource>Philips-US-Imaging-DD-065.xml</remoteResource>
    <remoteResource>Philips-US-Imaging-DD-066.xml</remoteResource>
    <remoteResource>Philips-US-Imaging-DD-109.xml</remoteResource>
    <remoteResource>Philips-US-Imaging-DD-113.xml</remoteResource>
    <remoteResource>Philips-X-ray-Imaging-DD-001.xml</remoteResource>
    <remoteResource>SPI-Release-1.xml</remoteResource>
    <remoteResource>SPI-P-Release-1.xml</remoteResource>
    <remoteResource>SPI-P-Release-1-1.xml</remoteResource>
    <remoteResource>SPI-P-Release-1-2.xml</remoteResource>
    <remoteResource>SPI-P-Release-1-3.xml</remoteResource>
    <remoteResource>SPI-P-Release-2-1.xml</remoteResource>
    <remoteResource>SPI-P-CTBE-Release-1.xml</remoteResource>
    <remoteResource>SPI-P-CTBE-Private-Release-1.xml</remoteResource>
    <remoteResource>SPI-P-GV-CT-Release-1.xml</remoteResource>
    <remoteResource>SPI-P-PCR-Release-2.xml</remoteResource>
    <remoteResource>SPI-P-Private-CWS-Release-1.xml</remoteResource>
    <remoteResource>SPI-P-Private-DCI-Release-1.xml</remoteResource>
    <remoteResource>SPI-P-Private-DiDi-Release-1.xml</remoteResource>
    <remoteResource>SPI-P-Private_CDS-Release-1.xml</remoteResource>
    <remoteResource>SPI-P-Private_ICS-Release-1.xml</remoteResource>
    <remoteResource>SPI-P-Private_ICS-Release-1-1.xml</remoteResource>
    <remoteResource>SPI-P-Private_ICS-Release-1-2.xml</remoteResource>
    <remoteResource>SPI-P-Private_ICS-Release-1-3.xml</remoteResource>
    <remoteResource>SPI-P-Private_ICS-Release-1-4.xml</remoteResource>
    <remoteResource>SPI-P-Private_ICS-Release-1-5.xml</remoteResource>
    <remoteResource>SPI-P-XSB-DCI-Release-1.xml</remoteResource>
    <remoteResource>SPI-P-XSB-VISUB-Release-1.xml</remoteResource>
    <remoteResource>BioPri3D.xml</remoteResource>
    <remoteResource>CARDIO-D.R.-1.0-siemens.xml</remoteResource>
    <remoteResource>DIGISCAN-IMAGE.xml</remoteResource>
    <remoteResource>ESOFT_DICOM_ECAT_OWNERCODE.xml</remoteResource>
    <remoteResource>FFP-DATA.xml</remoteResource>
    <remoteResource>ISI.xml</remoteResource>
    <remoteResource>KINETDX.xml</remoteResource>
    <remoteResource>KINETDX_GRAPHICS.xml</remoteResource>
    <remoteResource>PMI-Private-Calibration-Module-Version-2.0.xml</remoteResource>
    <remoteResource>POLYTRON-SMS-2.5.xml</remoteResource>
    <remoteResource>SHS-MagicView-300.xml</remoteResource>
    <remoteResource>SIEMENS-AX-INSPACE_EP.xml</remoteResource>
    <remoteResource>SIEMENS-CM-VA0--ACQU.xml</remoteResource>
    <remoteResource>SIEMENS-CM-VA0--CMS.xml</remoteResource>
    <remoteResource>SIEMENS-CM-VA0--LAB.xml</remoteResource>
    <remoteResource>SIEMENS-CSA-ENVELOPE.xml</remoteResource>
    <remoteResource>SIEMENS-CSA-HEADER.xml</remoteResource>
    <remoteResource>SIEMENS-CSA-NON-IMAGE.xml</remoteResource>
    <remoteResource>SIEMENS-CSA-REPORT.xml</remoteResource>
    <remoteResource>SIEMENS-CT-APPL-DATASET.xml</remoteResource>
    <remoteResource>SIEMENS-CT-APPL-EVIDENCEDOCUMENT.xml</remoteResource>
    <remoteResource>SIEMENS-CT-APPL-MEASUREMENT.xml</remoteResource>
    <remoteResource>SIEMENS-CT-APPL-PRESENTATION.xml</remoteResource>
    <remoteResource>SIEMENS-CT-APPL-TMP-DATAMODEL.xml</remoteResource>
    <remoteResource>SIEMENS-CT-VA0--COAD.xml</remoteResource>
    <remoteResource>SIEMENS-CT-VA0--GEN.xml</remoteResource>
    <remoteResource>SIEMENS-CT-VA0--IDE.xml</remoteResource>
    <remoteResource>SIEMENS-CT-VA0--ORI.xml</remoteResource>
    <remoteResource>SIEMENS-CT-VA0--OST.xml</remoteResource>
    <remoteResource>SIEMENS-CT-VA0--RAW.xml</remoteResource>
    <remoteResource>SIEMENS-DFR.01-MANIPULATED.xml</remoteResource>
    <remoteResource>SIEMENS-DFR.01-ORIGINAL.xml</remoteResource>
    <remoteResource>SIEMENS-DICOM.xml</remoteResource>
    <remoteResource>SIEMENS-DLR.01.xml</remoteResource>
    <remoteResource>SIEMENS-IKM-CKS-CXRCAD-FINDINGS.xml</remoteResource>
    <remoteResource>SIEMENS-IKM-CKS-LUNGCAD-BMK.xml</remoteResource>
    <remoteResource>SIEMENS-IMAGE-SHADOW-ATTRIBUTES.xml</remoteResource>
    <remoteResource>SIEMENS-ISI.xml</remoteResource>
    <remoteResource>SIEMENS-MED.xml</remoteResource>
    <remoteResource>SIEMENS-MED-DISPLAY.xml</remoteResource>
    <remoteResource>SIEMENS-MED-DISPLAY-0000.xml</remoteResource>
    <remoteResource>SIEMENS-MED-DISPLAY-0001.xml</remoteResource>
    <remoteResource>SIEMENS-MED-ECAT-FILE-INFO.xml</remoteResource>
    <remoteResource>SIEMENS-MED-HG.xml</remoteResource>
    <remoteResource>SIEMENS-MED-MAMMO.xml</remoteResource>
    <remoteResource>SIEMENS-MED-MG.xml</remoteResource>
    <remoteResource>SIEMENS-MED-NM.xml</remoteResource>
    <remoteResource>SIEMENS-MED-OCS-BEAM-DISPLAY-INFO.xml</remoteResource>
    <remoteResource>SIEMENS-MED-OCS-PUBLIC-RT-PLAN-ATTRIBUTES.xml</remoteResource>
    <remoteResource>SIEMENS-MED-OCS-SS-VERSION-INFO.xml</remoteResource>
    <remoteResource>SIEMENS-MED-PT.xml</remoteResource>
    <remoteResource>SIEMENS-MED-PT-WAVEFORM.xml</remoteResource>
    <remoteResource>SIEMENS-MED-SMS-USG-ANTARES.xml</remoteResource>
    <remoteResource>SIEMENS-MED-SMS-USG-ANTARES-3D-VOLUME.xml</remoteResource>
    <remoteResource>SIEMENS-MED-SMS-USG-S2000.xml</remoteResource>
    <remoteResource>SIEMENS-MED-SMS-USG-S2000-3D-VOLUME.xml</remoteResource>
    <remoteResource>SIEMENS-MED-SP-DXMG-WH-AWS-1.xml</remoteResource>
    <remoteResource>SIEMENS-MED-SYNGO-RT.xml</remoteResource>
    <remoteResource>SIEMENS-MEDCOM-HEADER.xml</remoteResource>
    <remoteResource>SIEMENS-MEDCOM-HEADER2.xml</remoteResource>
    <remoteResource>SIEMENS-MEDCOM-OOG.xml</remoteResource>
    <remoteResource>SIEMENS-MI-RWVM-SUV.xml</remoteResource>
    <remoteResource>SIEMENS-MR-CM-03.xml</remoteResource>
    <remoteResource>SIEMENS-MR-DATAMAPPING-ATTRIBUTES.xml</remoteResource>
    <remoteResource>SIEMENS-MR-EXTRACTED-CSA-HEADER.xml</remoteResource>
    <remoteResource>SIEMENS-MR-FOR-06.xml</remoteResource>
    <remoteResource>SIEMENS-MR-HEADER.xml</remoteResource>
    <remoteResource>SIEMENS-MR-IMA.xml</remoteResource>
    <remoteResource>SIEMENS-MR-MRS-05.xml</remoteResource>
    <remoteResource>SIEMENS-MR-N3D.xml</remoteResource>
    <remoteResource>SIEMENS-MR-PHOENIX-ATTRIBUTES.xml</remoteResource>
    <remoteResource>SIEMENS-MR-PS-04.xml</remoteResource>
    <remoteResource>SIEMENS-MR-SDI-02.xml</remoteResource>
    <remoteResource>SIEMENS-MR-SDS-01.xml</remoteResource>
    <remoteResource>SIEMENS-MR-VA0--COAD.xml</remoteResource>
    <remoteResource>SIEMENS-MR-VA0--GEN.xml</remoteResource>
    <remoteResource>SIEMENS-MR-VA0--RAW.xml</remoteResource>
    <remoteResource>SIEMENS-NUMARIS-II.xml</remoteResource>
    <remoteResource>SIEMENS-RA-GEN.xml</remoteResource>
    <remoteResource>SIEMENS-RA-PLANE-A.xml</remoteResource>
    <remoteResource>SIEMENS-RA-PLANE-B.xml</remoteResource>
    <remoteResource>SIEMENS-RIS.xml</remoteResource>
    <remoteResource>SIEMENS-SERIES-SHADOW-ATTRIBUTES.xml</remoteResource>
    <remoteResource>SIEMENS-SIENET.xml</remoteResource>
    <remoteResource>SIEMENS-SMS-AX--ACQ-1.0.xml</remoteResource>
    <remoteResource>SIEMENS-SMS-AX--ORIGINAL-IMAGE-INFO-1.0.xml</remoteResource>
    <remoteResource>SIEMENS-SMS-AX--QUANT-1.0.xml</remoteResource>
    <remoteResource>SIEMENS-SMS-AX--VIEW-1.0.xml</remoteResource>
    <remoteResource>SIEMENS-SYNGO-3D-FUSION-MATRIX.xml</remoteResource>
    <remoteResource>SIEMENS-SYNGO-ADVANCED-PRESENTATION.xml</remoteResource>
    <remoteResource>SIEMENS-SYNGO-DATA-PADDING.xml</remoteResource>
    <remoteResource>SIEMENS-SYNGO-ENCAPSULATED-DOCUMENT-DATA.xml</remoteResource>
    <remoteResource>SIEMENS-SYNGO-ENHANCED-IDATASET-API.xml</remoteResource>
    <remoteResource>SIEMENS-SYNGO-EVIDENCE-DOCUMENT-DATA.xml</remoteResource>
    <remoteResource>SIEMENS-SYNGO-FRAME-SET.xml</remoteResource>
    <remoteResource>SIEMENS-SYNGO-FUNCTION-ASSIGNMENT.xml</remoteResource>
    <remoteResource>SIEMENS-SYNGO-INDEX-SERVICE.xml</remoteResource>
    <remoteResource>SIEMENS-SYNGO-INSTANCE-MANIFEST.xml</remoteResource>
    <remoteResource>SIEMENS-SYNGO-LAYOUT-PROTOCOL.xml</remoteResource>
    <remoteResource>SIEMENS-SYNGO-OBJECT-GRAPHICS.xml</remoteResource>
    <remoteResource>SIEMENS-SYNGO-PRINT-SERVICE.xml</remoteResource>
    <remoteResource>SIEMENS-SYNGO-REGISTRATION.xml</remoteResource>
    <remoteResource>SIEMENS-SYNGO-SOP-CLASS-PACKING.xml</remoteResource>
    <remoteResource>SIEMENS-SYNGO-TIME-POINT-SERVICE.xml</remoteResource>
    <remoteResource>SIEMENS-SYNGO-ULTRA-SOUND-TOYON-DATA-STREAMING.xml</remoteResource>
    <remoteResource>SIEMENS-SYNGO-VOLUME.xml</remoteResource>
    <remoteResource>SIEMENS-SYNGO-WORKFLOW.xml</remoteResource>
    <remoteResource>SIEMENS-Selma.xml</remoteResource>
    <remoteResource>SIEMENS-Ultrasound-S2000.xml</remoteResource>
    <remoteResource>SIEMENS-Ultrasound-SC2000.xml</remoteResource>
    <remoteResource>SIEMENS-WH-SR-1.0.xml</remoteResource>
    <remoteResource>SIEMENS_FLCOMPACT_VA01A_PROC.xml</remoteResource>
    <remoteResource>SIENET.xml</remoteResource>
    <remoteResource>SMIL_PB79.xml</remoteResource>
    <remoteResource>SMIO_PB7B.xml</remoteResource>
    <remoteResource>SMIO_PB7D.xml</remoteResource>
    <remoteResource>SPI.xml</remoteResource>
    <remoteResource>Siemens-Ultrasound-Miscellaneous.xml</remoteResource>
    <remoteResource>Siemens--Thorax-Multix-FD-Image-Stamp.xml</remoteResource>
    <remoteResource>Siemens--Thorax-Multix-FD-Lab-Settings.xml</remoteResource>
    <remoteResource>Siemens--Thorax-Multix-FD-Post-Processing.xml</remoteResource>
    <remoteResource>Siemens--Thorax-Multix-FD-Raw-Image-Settings.xml</remoteResource>
    <remoteResource>Siemens--Thorax-Multix-FD-Version.xml</remoteResource>
    <remoteResource>syngoDynamics.xml</remoteResource>
    <remoteResource>syngoDynamics_Reporting.xml</remoteResource>
    <remoteResource>1.2.840.113708.794.1.1.2.0.xml</remoteResource>
    <remoteResource>AMI-Annotations_01.xml</remoteResource>
    <remoteResource>AMI-Annotations_02.xml</remoteResource>
    <remoteResource>AMI-ImageContextExt_01.xml</remoteResource>
    <remoteResource>AMI-ImageContext_01.xml</remoteResource>
    <remoteResource>AMI-ImageTransform_01.xml</remoteResource>
    <remoteResource>AMI-Sequence-AnnotElements_01.xml</remoteResource>
    <remoteResource>AMI-Sequence-Annotations_01.xml</remoteResource>
    <remoteResource>AMI-Sequence-Annotations_02.xml</remoteResource>
    <remoteResource>AMI-StudyExtensions_01.xml</remoteResource>
    <remoteResource>APEX_PRIVATE.xml</remoteResource>
    <remoteResource>Applicare-Centricity-Radiology-Web-Version-1.0.xml</remoteResource>
    <remoteResource>Applicare-Centricity-Radiology-Web-Version-2.0.xml</remoteResource>
    <remoteResource>Applicare-Print-Version-5.1.xml</remoteResource>
    <remoteResource>Applicare-RadStore-Version-1.0.xml</remoteResource>
    <remoteResource>Applicare-RadWorks-Version-5.0.xml</remoteResource>
    <remoteResource>Applicare-RadWorks-Version-6.0.xml</remoteResource>
    <remoteResource>Applicare-RadWorks-Version-6.0-Summary.xml</remoteResource>
    <remoteResource>Applicare-Workflow-Version-1.0.xml</remoteResource>
    <remoteResource>DLX_ANNOT_01.xml</remoteResource>
    <remoteResource>DLX_EXAMS_01.xml</remoteResource>
    <remoteResource>DLX_LKUP_01.xml</remoteResource>
    <remoteResource>DLX_PATNT_01.xml</remoteResource>
    <remoteResource>DLX_SERIE_01.xml</remoteResource>
    <remoteResource>DL_INTERNAL_USE.xml</remoteResource>
    <remoteResource>GE-----From-Adantage-Review-CS.xml</remoteResource>
    <remoteResource>GE-Generic-Data.xml</remoteResource>
    <remoteResource>GE-Informatics-Data.xml</remoteResource>
    <remoteResource>GE-LUT-Asymmetry-Parameter.xml</remoteResource>
    <remoteResource>GEHC_CT_ADVAPP_001.xml</remoteResource>
    <remoteResource>GEIIS.xml</remoteResource>
    <remoteResource>GEIIS-PACS.xml</remoteResource>
    <remoteResource>GEIIS_IW.xml</remoteResource>
    <remoteResource>GEIIS_RA1000.xml</remoteResource>
    <remoteResource>GEMS-IT-Centricity-RA600-7.0.xml</remoteResource>
    <remoteResource>GEMS_0039.xml</remoteResource>
    <remoteResource>GEMS_3DSTATE_001.xml</remoteResource>
    <remoteResource>GEMS_3D_INTVL_01.xml</remoteResource>
    <remoteResource>GEMS_ACQU_01.xml</remoteResource>
    <remoteResource>GEMS_ACRQA_1.0-BLOCK1.xml</remoteResource>
    <remoteResource>GEMS_ACRQA_1.0-BLOCK2.xml</remoteResource>
    <remoteResource>GEMS_ACRQA_1.0-BLOCK3.xml</remoteResource>
    <remoteResource>GEMS_ACRQA_2.0-BLOCK1.xml</remoteResource>
    <remoteResource>GEMS_ACRQA_2.0-BLOCK2.xml</remoteResource>
    <remoteResource>GEMS_ACRQA_2.0-BLOCK3.xml</remoteResource>
    <remoteResource>GEMS_ADWSoft_3D1.xml</remoteResource>
    <remoteResource>GEMS_ADWSoft_DPO.xml</remoteResource>
    <remoteResource>GEMS_ADWSoft_DPO1.xml</remoteResource>
    <remoteResource>GEMS_AWSOFT_CD1.xml</remoteResource>
    <remoteResource>GEMS_AWSoft_SB1.xml</remoteResource>
    <remoteResource>GEMS_CTHD_01.xml</remoteResource>
    <remoteResource>GEMS_CT_CARDIAC_001.xml</remoteResource>
    <remoteResource>GEMS_CT_HINO_01.xml</remoteResource>
    <remoteResource>GEMS_CT_VES_01.xml</remoteResource>
    <remoteResource>GEMS_DL_FRAME_01.xml</remoteResource>
    <remoteResource>GEMS_DL_IMG_01.xml</remoteResource>
    <remoteResource>GEMS_DL_PATNT_01.xml</remoteResource>
    <remoteResource>GEMS_DL_SERIES_01.xml</remoteResource>
    <remoteResource>GEMS_DL_STUDY_01.xml</remoteResource>
    <remoteResource>GEMS_DRS_1.xml</remoteResource>
    <remoteResource>GEMS_FALCON_03.xml</remoteResource>
    <remoteResource>GEMS_FUNCTOOL_01.xml</remoteResource>
    <remoteResource>GEMS_GDXE_ATHENAV2_INTERNAL_USE.xml</remoteResource>
    <remoteResource>GEMS_GDXE_FALCON_04.xml</remoteResource>
    <remoteResource>GEMS_GENIE_1.xml</remoteResource>
    <remoteResource>GEMS_GNHD_01.xml</remoteResource>
    <remoteResource>GEMS_HELIOS_01.xml</remoteResource>
    <remoteResource>GEMS_IDEN_01.xml</remoteResource>
    <remoteResource>GEMS_IDI_01.xml</remoteResource>
    <remoteResource>GEMS_IMAG_01.xml</remoteResource>
    <remoteResource>GEMS_IMPS_01.xml</remoteResource>
    <remoteResource>GEMS_IQTB_IDEN_47.xml</remoteResource>
    <remoteResource>GEMS_IT_US_REPORT.xml</remoteResource>
    <remoteResource>GEMS_LUNAR_RAW.xml</remoteResource>
    <remoteResource>GEMS_PARM_01.xml</remoteResource>
    <remoteResource>GEMS_PATI_01.xml</remoteResource>
    <remoteResource>GEMS_PETD_01.xml</remoteResource>
    <remoteResource>GEMS_RELA_01.xml</remoteResource>
    <remoteResource>GEMS_SEND_02.xml</remoteResource>
    <remoteResource>GEMS_SENOCRYSTAL_V1.xml</remoteResource>
    <remoteResource>GEMS_SENO_02.xml</remoteResource>
    <remoteResource>GEMS_SERS_01.xml</remoteResource>
    <remoteResource>GEMS_STDY_01.xml</remoteResource>
    <remoteResource>GEMS_Ultrasound_ExamGroup_001.xml</remoteResource>
    <remoteResource>GEMS_Ultrasound_ImageGroup_001.xml</remoteResource>
    <remoteResource>GEMS_Ultrasound_MovieGroup_001.xml</remoteResource>
    <remoteResource>GEMS_VXTL_USERDATA_01.xml</remoteResource>
    <remoteResource>GEMS_XELPRV_01.xml</remoteResource>
    <remoteResource>GEMS_XR3DCAL_01.xml</remoteResource>
    <remoteResource>GEMS_YMHD_01.xml</remoteResource>
    <remoteResource>GE_GENESIS_REV3.0.xml</remoteResource>
    <remoteResource>GE_GROUP.xml</remoteResource>
    <remoteResource>KRETZ_US.xml</remoteResource>
    <remoteResource>Mayo-IBM-Archive-Project.xml</remoteResource>
    <remoteResource>QUASAR_INTERNAL_USE.xml</remoteResource>
    <remoteResource>REPORT_FROM_APP.xml</remoteResource>
    <remoteResource>RadWorksTBR.xml</remoteResource>
    <remoteResource>http---www.gemedicalsystems.com-it_solutions-bamwallthickness-1.0.xml</remoteResource>
    <remoteResource>http---www.gemedicalsystems.com-it_solutions-orthoview-2.1.xml</remoteResource>
    <remoteResource>http---www.gemedicalsystems.com-it_solutions-rad_pacs-.xml</remoteResource>
    <remoteResource>commandelements.xml</remoteResource>
    <remoteResource>elements.xml</remoteResource>
    <remoteResource>dataelements.xml</remoteResource>
    <remoteResource>uids.xml</remoteResource>
  </remoteResources>
  <sourceEncoding>UTF-8</sourceEncoding>
</remoteResourcesBundle>