{
  "title": "Error",
  "type": "object",
  "description": "A standard error object.",
  "properties": {
    "code": {
      "type": "string"
    },
    "message": {
      "type": "string"
    }
  },
  "required": ["code"],
  "x-tags": ["Common"],
  "x-examples": {
    "Example 1": {
      "value": {
        "code": "error",
        "message": "Something bad happened!"
      }
    },
    "Example 2": {
      "value": {
        "code": "error",
        "message": "Something else happened!"
      }
    },
    "Example 3": {
      "value": {
        "code": "error",
        "message": "Another bad thing happened!"
      }
    }
  }
}
