{
  "id": "caa6606a-6056-475c-af05-8b0365bb8164",
  "clientId": "reference-client",
  "surrogateAuthRequired": false,
  "enabled": true,
  "alwaysDisplayInConsole": false,
  "clientAuthenticatorType": "client-secret",
  "secret": "q0t682YLCCk2qd5dntjtcniGozLXIZ7h",
  "redirectUris": [],
  "webOrigins": [],
  "notBefore": 0,
  "bearerOnly": false,
  "consentRequired": false,
  "standardFlowEnabled": true,
  "implicitFlowEnabled": false,
  "directAccessGrantsEnabled": false,
  "serviceAccountsEnabled": false,
  "publicClient": false,
  "frontchannelLogout": false,
  "protocol": "openid-connect",
  "attributes": {
    "client.secret.creation.time": "1667920370"
  },
  "authenticationFlowBindingOverrides": {},
  "fullScopeAllowed": true,
  "nodeReRegistrationTimeout": -1,
  "defaultClientScopes": [
    "web-origins",
    "acr",
    "profile",
    "roles",
    "email"
  ],
  "optionalClientScopes": [
    "address",
    "phone",
    "offline_access",
    "microprofile-jwt"
  ],
  "access": {
    "view": true,
    "configure": true,
    "manage": true
  }
}
