{
    "fp16": {
        "enabled": "auto",
        "loss_scale": 0,
        "loss_scale_window": 100,
        "initial_scale_power": 16,
        "hysteresis": 2,
        "min_loss_scale": 1e-10
    },
    "zero_optimization": {
        "stage": 2,
        "allgather_partitions": true,
        "allgather_bucket_size": 1e8,
        "overlap_comm": true,
        "reduce_scatter": true,
        "reduce_bucket_size": 1e8,
        "contiguous_gradients": true
    },
    "gradient_accumulation_steps": "auto",
    "gradient_clipping": "auto",
    "steps_per_print": 2000,
    "train_batch_size": "auto",
    "train_micro_batch_size_per_gpu": "auto",
    "wall_clock_breakdown": false
}