<?xml version="1.0" encoding="UTF-8"?>
<!--
  ~
  ~ Copyright 2017-2018 549477611@qq.com(xiaoyu)
  ~
  ~ This copyrighted material is made available to anyone wishing to use, modify,
  ~ copy, or redistribute it subject to the terms and conditions of the GNU
  ~ Lesser General Public License, as published by the Free Software Foundation.
  ~
  ~ This program is distributed in the hope that it will be useful,
  ~ but WITHOUT ANY WARRANTY; without even the implied warranty of MERCHANTABILITY
  ~ or FITNESS FOR A PARTICULAR PURPOSE.  See the GNU Lesser General Public License
  ~ for more details.
  ~
  ~ You should have received a copy of the GNU Lesser General Public License
  ~ along with this distribution; if not, see <http://www.gnu.org/licenses/>.
  ~
  -->

<beans xmlns="http://www.springframework.org/schema/beans"
       xmlns:xsi="http://www.w3.org/2001/XMLSchema-instance"
       xmlns:context="http://www.springframework.org/schema/context"
       xmlns:aop="http://www.springframework.org/schema/aop"
       xsi:schemaLocation="http://www.springframework.org/schema/beans
		http://www.springframework.org/schema/beans/spring-beans-3.0.xsd
        http://www.springframework.org/schema/context
        http://www.springframework.org/schema/context/spring-context-3.0.xsd

        http://www.springframework.org/schema/aop
        http://www.springframework.org/schema/aop/spring-aop-3.0.xsd"
       default-autowire="byName">

    <context:component-scan base-package="org.dromara.myth.*"/>
    <aop:aspectj-autoproxy expose-proxy="true"/>
    <bean id="mythTransactionBootstrap" class="org.dromara.myth.core.bootstrap.MythTransactionBootstrap">
        <property name="repositorySuffix" value="account-service"/>
        <property name="serializer" value="kryo"/>
        <property name="repositorySupport" value="db"/>
        <property name="mythDbConfig">
            <bean class="org.dromara.myth.common.config.MythDbConfig">
                <property name="url"
                          value="jdbc:mysql://192.168.1.68:3306/myth?useUnicode=true&amp;characterEncoding=utf8"/>
                <property name="driverClassName" value="com.mysql.jdbc.Driver"/>
                <property name="username" value="xiaoyu"/>
                <property name="password" value="Wgj@555888"/>
            </bean>
        </property>
    </bean>



    <!--
          <property name="repositorySupport" value="db"/>
          <property name="mythDbConfig">
              <bean class="MythDbConfig">
                  <property name="url"
                            value="jdbc:mysql://192.168.1.68:3306/myth?useUnicode=true&amp;characterEncoding=utf8"/>
                  <property name="driverClassName" value="com.mysql.jdbc.Driver"/>
                  <property name="password" value="Wgj@555888"/>
                  <property name="username" value="xiaoyu"/>
              </bean>
          </property>


          <property name="repositorySupport" value="redis" />
          <property name="mythRedisConfig">
              <bean class="MythRedisConfig">
                  <property name="hostName"
                            value="192.168.1.68"/>
                  <property name="port" value="6379"/>
                  <property name="password" value=""/>
              </bean>
          </property>

          <property name="repositorySupport" value="zookeeper"/>
          <property name="mythZookeeperConfig">
              <bean class="MythZookeeperConfig">
                  <property name="host"  value="192.168.1.73:2181"/>
                  <property name="sessionTimeOut" value="100000"/>
                  <property name="rootPath" value="/myth"/>
              </bean>
          </property>


        <property name="repositorySupport" value="mongodb"/>
          <property name="mythMongoConfig">
              <bean class="MythMongoConfig">
                  <property name="mongoDbUrl"  value="192.168.1.68:27017"/>
                  <property name="mongoDbName" value="happylife"/>
                  <property name="mongoUserName" value="xiaoyu"/>
                  <property name="mongoUserPwd" value="123456"/>
              </bean>
          </property>


         <property name="repositorySupport" value="file"/>
          <property name="mythFileConfig">
              <bean class="MythFileConfig">
                  <property name="path"  value="/account"/>
                  <property name="prefix" value="account"/>
              </bean>
          </property>

       -->

</beans>
