{
    "index": {
        "type": "page",
        "title": "Home"
    },
    "contribution_menu": {
        "title": "Documentation",
        "type": "menu",
        "items": {
            "agents": {
                "title": "Agents",
                "href": "/agents"
            },
            "environments": {
                "title": "Environments",
                "href": "/environments"
            },
            "examples": {
                "title": "Examples",
                "href": "/examples"
            },
            "hyperparameters": {
                "title": "Hyperparameters",
                "href": "/hyperparameters"
            },
            "scripts": {
                "title": "Scripts",
                "href": "/scripts"
            },
            "xml": {
                "title": "XML Formatter",
                "href": "/xml"

            }
        }
    }
}
