{
    "generator-jhipster": {
        "applicationType": "monolith",
        "authenticationType": "session",
        "baseName": "jhipster",
        "blueprints": [],
        "buildTool": "maven",
        "cacheProvider": "ehcache",
        "clientFramework": "vue",
        "clientPackageManager": "npm",
        "clientTheme": "none",
        "clientThemeVariant": "primary",
        "creationTimestamp": 1594452153587,
        "databaseType": "cassandra",
        "devDatabaseType": "cassandra",
        "dtoSuffix": "DTO",
        "enableHibernateCache": true,
        "enableSwaggerCodegen": false,
        "enableTranslation": true,
        "entitySuffix": "",
        "jhiPrefix": "",
        "jwtSecretKey": "NGJiOTZiMWFlMmQ5NmVkNzhmNzA1NjgxYmNlYjI2MzgwZGE3MzAwY2VkZDc0MThmMzM4MjRiODg0ZWVkYTVkNzU1MDNiODM1YjJmMjBhMDJhYzQwZTViNDUwMzA4YjJlOGYxZjhkYzQ1M2RlMGY1ZGQyYmFlOWVmZGYxMjEyODQ=",
        "languages": ["fr"],
        "messageBroker": "no",
        "nativeLanguage": "en",
        "otherModules": [],
        "packageFolder": "tech/jhipster/sample",
        "packageName": "tech.jhipster.sample",
        "prodDatabaseType": "cassandra",
        "reactive": false,
        "rememberMeKey": "a5e93fdeb16e2ee2dc4a629b5dbdabb30f968e418dfc0483c53afdc695cfac96d06cf5c581cbefb93e3aaa241880857fcafe",
        "searchEngine": false,
        "serverPort": "8080",
        "serverSideOptions": [],
        "serviceDiscoveryType": "no",
        "skipCheckLengthOfIdentifier": false,
        "skipClient": false,
        "skipFakeData": false,
        "skipServer": false,
        "skipUserManagement": false,
        "testFrameworks": ["gatling", "cypress"],
        "websocket": "no"
    }
}
