{
  "groups": [
    {
      "name": "spring.ai.alibaba.mcp.nacos",
      "type": "com.alibaba.cloud.ai.mcp.nacos.NacosMcpProperties",
      "sourceType": "com.alibaba.cloud.ai.mcp.nacos.NacosMcpProperties",
      "description": "Configuration properties for Nacos MCP integration."
    },
    {
      "name": "spring.ai.alibaba.mcp.router",
      "type": "com.alibaba.cloud.ai.mcp.router.config.McpRouterProperties",
      "sourceType": "com.alibaba.cloud.ai.mcp.router.config.McpRouterProperties",
      "description": "Configuration properties for MCP router service."
    },
    {
      "name": "spring.ai.alibaba.mcp.gateway",
      "type": "com.alibaba.cloud.ai.mcp.gateway.core.McpGatewayProperties",
      "sourceType": "com.alibaba.cloud.ai.mcp.gateway.core.McpGatewayProperties",
      "description": "Configuration properties for MCP Gateway core functionality."
    },
    {
      "name": "spring.ai.alibaba.mcp.gateway.sse",
      "type": "com.alibaba.cloud.ai.mcp.gateway.core.McpGatewayProperties$SseConfig",
      "sourceType": "com.alibaba.cloud.ai.mcp.gateway.core.McpGatewayProperties$SseConfig",
      "description": "Configuration properties for MCP Gateway SSE transport."
    },
    {
      "name": "spring.ai.alibaba.mcp.gateway.streamable",
      "type": "com.alibaba.cloud.ai.mcp.gateway.core.McpGatewayProperties$StreamableConfig",
      "sourceType": "com.alibaba.cloud.ai.mcp.gateway.core.McpGatewayProperties$StreamableConfig",
      "description": "Configuration properties for MCP Gateway Streamable HTTP transport."
    },
    {
      "name": "spring.ai.alibaba.mcp.gateway.nacos",
      "type": "com.alibaba.cloud.ai.mcp.gateway.nacos.properties.NacosMcpGatewayProperties",
      "sourceType": "com.alibaba.cloud.ai.mcp.gateway.nacos.properties.NacosMcpGatewayProperties",
      "description": "Configuration properties for Nacos MCP gateway service discovery."
    }
  ],
  "properties": [
    {
      "name": "spring.ai.alibaba.mcp.nacos.server-addr",
      "type": "java.lang.String",
      "description": "Nacos server address.",
      "sourceType": "com.alibaba.cloud.ai.mcp.nacos.NacosMcpProperties",
      "defaultValue": "localhost:8848"
    },
    {
      "name": "spring.ai.alibaba.mcp.nacos.namespace",
      "type": "java.lang.String",
      "description": "Nacos namespace for MCP service.",
      "sourceType": "com.alibaba.cloud.ai.mcp.nacos.NacosMcpProperties",
      "defaultValue": "public"
    },
    {
      "name": "spring.ai.alibaba.mcp.nacos.username",
      "type": "java.lang.String",
      "description": "Nacos username to authenticate.",
      "sourceType": "com.alibaba.cloud.ai.mcp.nacos.NacosMcpProperties",
      "defaultValue": ""
    },
    {
      "name": "spring.ai.alibaba.mcp.nacos.password",
      "type": "java.lang.String",
      "description": "Nacos password to authenticate.",
      "sourceType": "com.alibaba.cloud.ai.mcp.nacos.NacosMcpProperties",
      "defaultValue": ""
    },
    {
      "name": "spring.ai.alibaba.mcp.nacos.access-key",
      "type": "java.lang.String",
      "description": "Nacos access key to authenticate.",
      "sourceType": "com.alibaba.cloud.ai.mcp.nacos.NacosMcpProperties",
      "defaultValue": ""
    },
    {
      "name": "spring.ai.alibaba.mcp.nacos.secret-key",
      "type": "java.lang.String",
      "description": "Nacos secret key to authenticate.",
      "sourceType": "com.alibaba.cloud.ai.mcp.nacos.NacosMcpProperties",
      "defaultValue": ""
    },
    {
      "name": "spring.ai.alibaba.mcp.nacos.endpoint",
      "type": "java.lang.String",
      "description": "Nacos server endpoint.",
      "sourceType": "com.alibaba.cloud.ai.mcp.nacos.NacosMcpProperties",
      "defaultValue": ""
    },
    {
      "name": "spring.ai.alibaba.mcp.router.enabled",
      "type": "java.lang.Boolean",
      "description": "Whether to enable MCP router service.",
      "sourceType": "com.alibaba.cloud.ai.mcp.router.config.McpRouterProperties",
      "defaultValue": true
    },
    {
      "name": "spring.ai.alibaba.mcp.router.service-names",
      "type": "java.util.List<java.lang.String>",
      "description": "List of MCP service names for router to manage.",
      "sourceType": "com.alibaba.cloud.ai.mcp.router.config.McpRouterProperties",
      "defaultValue": []
    },
    {
      "name": "spring.ai.alibaba.mcp.gateway.enabled",
      "type": "java.lang.Boolean",
      "description": "Whether to enable MCP Gateway functionality.",
      "sourceType": "com.alibaba.cloud.ai.mcp.gateway.core.McpGatewayProperties",
      "defaultValue": true
    },
    {
      "name": "spring.ai.alibaba.mcp.gateway.registry",
      "type": "java.lang.String",
      "description": "Registry type for MCP Gateway (e.g., nacos).",
      "sourceType": "com.alibaba.cloud.ai.mcp.gateway.core.McpGatewayProperties",
      "defaultValue": "nacos"
    },
    {
      "name": "spring.ai.alibaba.mcp.gateway.message-endpoint",
      "type": "java.lang.String",
      "description": "Message endpoint for MCP Gateway.",
      "sourceType": "com.alibaba.cloud.ai.mcp.gateway.core.McpGatewayProperties",
      "defaultValue": "/message"
    },
    {
      "name": "spring.ai.alibaba.mcp.gateway.sse.enabled",
      "type": "java.lang.Boolean",
      "description": "Whether to enable SSE transport for MCP Gateway.",
      "sourceType": "com.alibaba.cloud.ai.mcp.gateway.core.McpGatewayProperties$SseConfig",
      "defaultValue": true
    },
    {
      "name": "spring.ai.alibaba.mcp.gateway.sse.endpoint",
      "type": "java.lang.String",
      "description": "SSE endpoint for MCP Gateway.",
      "sourceType": "com.alibaba.cloud.ai.mcp.gateway.core.McpGatewayProperties$SseConfig",
      "defaultValue": "/sse"
    },
    {
      "name": "spring.ai.alibaba.mcp.gateway.sse.protocol-version",
      "type": "java.lang.String",
      "description": "SSE protocol version for MCP Gateway.",
      "sourceType": "com.alibaba.cloud.ai.mcp.gateway.core.McpGatewayProperties$SseConfig",
      "defaultValue": "2025-03-26"
    },
    {
      "name": "spring.ai.alibaba.mcp.gateway.streamable.enabled",
      "type": "java.lang.Boolean",
      "description": "Whether to enable Streamable HTTP transport for MCP Gateway.",
      "sourceType": "com.alibaba.cloud.ai.mcp.gateway.core.McpGatewayProperties$StreamableConfig",
      "defaultValue": false
    },
    {
      "name": "spring.ai.alibaba.mcp.gateway.streamable.endpoint",
      "type": "java.lang.String",
      "description": "Streamable HTTP endpoint for MCP Gateway.",
      "sourceType": "com.alibaba.cloud.ai.mcp.gateway.core.McpGatewayProperties$StreamableConfig",
      "defaultValue": "/streamable"
    },
    {
      "name": "spring.ai.alibaba.mcp.gateway.streamable.protocol-version",
      "type": "java.lang.String",
      "description": "Streamable HTTP protocol version for MCP Gateway.",
      "sourceType": "com.alibaba.cloud.ai.mcp.gateway.core.McpGatewayProperties$StreamableConfig",
      "defaultValue": "2025-06-18"
    },
    {
      "name": "spring.ai.alibaba.mcp.gateway.nacos.service-names",
      "type": "java.util.List<java.lang.String>",
      "description": "Service names for gateway discovery of MCP servers.",
      "sourceType": "com.alibaba.cloud.ai.mcp.gateway.nacos.properties.NacosMcpGatewayProperties"
    }
  ],
  "hints": []
}
