<?xml version="1.0" encoding="utf-8"?>
<databaseChangeLog
    xmlns="http://www.liquibase.org/xml/ns/dbchangelog"
    xmlns:xsi="http://www.w3.org/2001/XMLSchema-instance"
    xsi:schemaLocation="http://www.liquibase.org/xml/ns/dbchangelog http://www.liquibase.org/xml/ns/dbchangelog/dbchangelog-latest.xsd">
    <property name="now" value="now()" dbms="h2"/>
    <property name="floatType" value="float4" dbms="h2"/>
    <property name="uuidType" value="uuid" dbms="h2"/>
    <property name="datetimeType" value="datetime" dbms="h2"/>
    <property name="clobType" value="longvarchar" dbms="h2"/>
    <property name="blobType" value="blob" dbms="h2"/>
    <property name="now" value="current_timestamp" dbms="postgresql"/>
    <property name="floatType" value="float4" dbms="postgresql"/>
    <property name="clobType" value="longvarchar" dbms="postgresql"/>
    <property name="blobType" value="bytea" dbms="postgresql"/>
    <property name="uuidType" value="uuid" dbms="postgresql"/>
    <property name="datetimeType" value="datetime" dbms="postgresql"/>

    <include file="config/liquibase/changelog/00000000000000_initial_schema.xml" relativeToChangelogFile="false"/>
    <include file="config/liquibase/changelog/20170725030037_added_entity_Points.xml" relativeToChangelogFile="false"/>
    <include file="config/liquibase/changelog/20160831021230_added_entity_BloodPressure.xml" relativeToChangelogFile="false"/>
    <include file="config/liquibase/changelog/20160831021351_added_entity_Weight.xml" relativeToChangelogFile="false"/>
    <include file="config/liquibase/changelog/20170725033721_added_entity_Preferences.xml" relativeToChangelogFile="false"/>
    <!-- jhipster-needle-liquibase-add-changelog - JHipster will add liquibase changelogs here -->
    <include file="config/liquibase/changelog/20170725030037_added_entity_constraints_Points.xml" relativeToChangelogFile="false"/>
    <include file="config/liquibase/changelog/20160831021351_added_entity_constraints_Weight.xml" relativeToChangelogFile="false"/>
    <include file="config/liquibase/changelog/20171024115100_migrate_from_v1.xml" relativeToChangelogFile="false"/>
    <include file="config/liquibase/changelog/20170725033721_added_entity_constraints_Preferences.xml" relativeToChangelogFile="false"/>
    <include file="config/liquibase/changelog/20160831021230_added_entity_constraints_BloodPressure.xml" relativeToChangelogFile="false"/>
    <include file="config/liquibase/changelog/20181013183900_migrate_from_v4.xml" relativeToChangelogFile="false"/>
    <include file="config/liquibase/changelog/20230419111600_migrate_from_v5.xml" relativeToChangelogFile="false"/>
    <!-- jhipster-needle-liquibase-add-constraints-changelog - JHipster will add liquibase constraints changelogs here -->
    <!-- jhipster-needle-liquibase-add-incremental-changelog - JHipster will add incremental liquibase changelogs here -->
</databaseChangeLog>
