{
  "packageName": "katib",
  "projectName": "katib",
  "packageVersion": "0.1",
  "importMappings": {
    "V1Container": "from kubernetes.client import V1Container",
    "V1ListMeta": "from kubernetes.client import V1ListMeta",
    "V1ObjectMeta": "from kubernetes.client import V1ObjectMeta",
    "V1HTTPGetAction": "from kubernetes.client import V1HTTPGetAction",
    "V1ManagedFieldsEntry": "from kubernetes.client import V1ManagedFieldsEntry",
    "V1OwnerReference": "from kubernetes.client import V1OwnerReference"
  },
  "typeMappings": {
    "V1Time": "datetime",
    "V1UnstructuredUnstructured": "object"
  }
}
