<!--
  Licensed to the Technische Universität Darmstadt under one
  or more contributor license agreements.  See the NOTICE file
  distributed with this work for additional information
  regarding copyright ownership.  The Technische Universität Darmstadt 
  licenses this file to you under the Apache License, Version 2.0 (the
  "License"); you may not use this file except in compliance
  with the License.
   
  http://www.apache.org/licenses/LICENSE-2.0
  
  Unless required by applicable law or agreed to in writing, software
  distributed under the License is distributed on an "AS IS" BASIS,
  WITHOUT WARRANTIES OR CONDITIONS OF ANY KIND, either express or implied.
  See the License for the specific language governing permissions and
  limitations under the License.
-->
<assembly xmlns="http://maven.apache.org/ASSEMBLY/2.0.0"
  xmlns:xsi="http://www.w3.org/2001/XMLSchema-instance"
  xsi:schemaLocation="http://maven.apache.org/ASSEMBLY/2.0.0 http://maven.apache.org/xsd/assembly-2.0.0.xsd">
  <id>documentation</id>
  <formats>
    <format>dir</format>
  </formats>
  <includeBaseDirectory>false</includeBaseDirectory>
  <dependencySets>
    <dependencySet>
      <outputDirectory>.</outputDirectory>
      <useProjectArtifact>false</useProjectArtifact>
      <unpack>true</unpack>
      <scope>compile</scope>
      <includes>
        <include>*:inception-*:jar</include>
      </includes>
      <unpackOptions>
        <includes>
          <include>**/META-INF/asciidoc/**</include>
        </includes>
      </unpackOptions>
    </dependencySet>
  </dependencySets>
  <fileSets>
    <fileSet>
      <directory>../inception-example-imls-data-majority/src/main/resources</directory>
      <outputDirectory>.</outputDirectory>
        <includes>
          <include>**/META-INF/asciidoc/**</include>
        </includes>
    </fileSet>
  </fileSets>
</assembly>