{
    "author": {
        "name": "nerds"
    },
    "name": "contacts",
    "description": "Contacts Collection",
    "version": "0.0.4",
    "engines": {
        "node": ">=0.4.9"
    },
    "dependencies": {},
    "devDependencies": {},
    "title": "Contacts",
    "run": "node contacts.js",
    "update": "auto",
    "github": "https://github.com/LockerProject/Locker",
    "type": "collection",
    "handle": "contacts",
    "provides": [
        "contact"
    ],
    "mongoCollections": [
        "contact"
    ],
    "events": [
        [
            "contact/foursquare",
            "/events",
            true
        ],
        [
            "contact/facebook",
            "/events",
            true
        ],
        [
            "contact/twitter",
            "/events",
            true
        ],
        [
            "following/github",
            "/events",
            true
        ],
        [
            "contact/instagram",
            "/events",
            true
        ],
        [
            "contact/gcontacts",
            "/events",
            true
        ],
        [
            "contact/flickr",
            "/events",
            true
        ],
        [
            "contact/tumblr",
            "/events",
            true
        ],
        [
            "connection/linkedin",
            "/events",
            true
        ]
    ],
    "url": "",
    "upserted": 1768097745338,
    "manifest": "Collections/Contacts/package.json",
    "srcdir": "Collections/Contacts",
    "provider": "contacts",
    "id": "contacts",
    "installed": 1768094646014,
    "uri": "http://localhost:8042/Me/contacts/",
    "externalUri": "http://localhost:40271/Me/contacts/",
    "loaded": 1768097745322
}