{"kind":"plus#activity","title":"Had a great time at the Strange Loop conference, hope to have more time next year!","published":"2011-09-20T18:38:13.000Z","updated":"2011-09-20T18:38:13.853Z","id":"z120gz15gvyeftest22xy5hz1zayvdo01","url":"https://plus.google.com/101472533679951473317/posts/5EpuWWQeNJT","actor":{"id":"101472533679951473317","displayName":"Jeremie Miller","url":"https://plus.google.com/101472533679951473317","image":{"url":"https://lh5.googleusercontent.com/-1W5Jj_rGnLU/AAAAAAAAAAI/AAAAAAAAAAA/h9y-nQg6aC0/photo.jpg"}},"verb":"post","object":{"objectType":"note","content":"Had a great time at the Strange Loop conference, hope to have more time next year!","originalContent":"","url":"https://plus.google.com/101472533679951473317/posts/5EpuWWQeNJT","replies":{"totalItems":0},"plusoners":{"totalItems":0},"resharers":{"totalItems":0}},"provider":{"title":"Mobile"},"access":{"kind":"plus#acl","items":[{"type":"public"}]},"geocode":"38.6254673 -90.1904875","address":"Market St, St Louis, Missouri","placeName":""}
