{
    "framework": "cutelyst",
    "tests": [{
            "default": {
                "json_url": "/json",
                "plaintext_url": "/plaintext",
                "port": 8080,
                "approach": "Realistic",
                "classification": "Fullstack",
                "database": "None",
                "framework": "cutelyst",
                "language": "C++",
                "orm": "Raw",
                "platform": "CutelystWSGI",
                "webserver": "None",
                "os": "Linux",
                "database_os": "Linux",
                "display_name": "cutelyst-pf",
                "notes": "",
                "versus": ""
            },
            "pf-apg": {
                "db_url": "/pg",
                "query_url": "/querAPG?queries=",
                "update_url": "/updatep?queries=",
                "fortune_url": "/f_RW_APG",
                "cached_query_url": "/cached_queries?count=",
                "port": 8080,
                "approach": "Realistic",
                "classification": "Fullstack",
                "database": "Postgres",
                "framework": "cutelyst",
                "language": "C++",
                "orm": "Raw",
                "platform": "CutelystWSGI",
                "webserver": "None",
                "os": "Linux",
                "database_os": "Linux",
                "display_name": "cutelyst-pf-apg",
                "notes": "",
                "versus": ""
            },
            "pf-apg-batch": {
                "update_url": "/updateb?queries=",
                "port": 8080,
                "approach": "Realistic",
                "classification": "Fullstack",
                "database": "Postgres",
                "framework": "cutelyst",
                "language": "C++",
                "orm": "Raw",
                "platform": "CutelystWSGI",
                "webserver": "None",
                "os": "Linux",
                "database_os": "Linux",
                "display_name": "cutelyst-pf-apg",
                "notes": "",
                "versus": ""
            },
            "pf-pg": {
                "db_url": "/PG",
                "query_url": "/queryPG?queries=",
                "update_url": "/ups_QPG?queries=",
                "fortune_url": "/f_RW_QPG",
                "port": 8080,
                "approach": "Realistic",
                "classification": "Fullstack",
                "database": "Postgres",
                "framework": "cutelyst",
                "language": "C++",
                "orm": "Raw",
                "platform": "CutelystWSGI",
                "webserver": "None",
                "os": "Linux",
                "database_os": "Linux",
                "display_name": "cutelyst-pf-pg",
                "notes": "",
                "versus": ""
            },
            "pf-my": {
                "db_url": "/MY",
                "query_url": "/queryMY?queries=",
                "update_url": "/ups_QMY?queries=",
                "fortune_url": "/f_RW_QMY",
                "port": 8080,
                "approach": "Realistic",
                "classification": "Fullstack",
                "database": "MySQL",
                "framework": "cutelyst",
                "language": "C++",
                "orm": "Raw",
                "platform": "CutelystWSGI",
                "webserver": "None",
                "os": "Linux",
                "database_os": "Linux",
                "display_name": "cutelyst-pf-my",
                "notes": "",
                "versus": ""
            },
            "thread": {
                "json_url": "/json",
                "plaintext_url": "/plaintext",
                "port": 8080,
                "approach": "Realistic",
                "classification": "Fullstack",
                "database": "None",
                "framework": "cutelyst",
                "language": "C++",
                "orm": "Raw",
                "platform": "CutelystWSGI",
                "webserver": "None",
                "os": "Linux",
                "database_os": "Linux",
                "display_name": "cutelyst-thr",
                "notes": "",
                "versus": ""
            },
            "thread-pico": {
                "json_url": "/pson",
                "port": 8080,
                "approach": "Realistic",
                "classification": "Fullstack",
                "database": "None",
                "framework": "cutelyst",
                "language": "C++",
                "orm": "Raw",
                "platform": "CutelystWSGI",
                "webserver": "None",
                "os": "Linux",
                "database_os": "Linux",
                "display_name": "cutelyst-pico",
                "notes": "",
                "versus": ""
            },
            "thread-apg": {
                "db_url": "/pg",
                "query_url": "/querAPG?queries=",
                "update_url": "/updatep?queries=",
                "fortune_url": "/f_RW_APG",
                "cached_query_url": "/cached_queries?count=",
                "port": 8080,
                "approach": "Realistic",
                "classification": "Fullstack",
                "database": "Postgres",
                "framework": "cutelyst",
                "language": "C++",
                "orm": "Raw",
                "platform": "CutelystWSGI",
                "webserver": "None",
                "os": "Linux",
                "database_os": "Linux",
                "display_name": "cutelyst-thr-apg",
                "notes": "",
                "versus": ""
            },
            "thread-apg-batch": {
                "update_url": "/updateb?queries=",
                "port": 8080,
                "approach": "Realistic",
                "classification": "Fullstack",
                "database": "Postgres",
                "framework": "cutelyst",
                "language": "C++",
                "orm": "Raw",
                "platform": "CutelystWSGI",
                "webserver": "None",
                "os": "Linux",
                "database_os": "Linux",
                "display_name": "cutelyst-thr-apg",
                "notes": "",
                "versus": ""
            },
            "thread-pg": {
                "db_url": "/PG",
                "query_url": "/queryPG?queries=",
                "update_url": "/ups_QPG?queries=",
                "fortune_url": "/f_RW_QPG",
                "port": 8080,
                "approach": "Realistic",
                "classification": "Fullstack",
                "database": "Postgres",
                "framework": "cutelyst",
                "language": "C++",
                "orm": "Raw",
                "platform": "CutelystWSGI",
                "webserver": "None",
                "os": "Linux",
                "database_os": "Linux",
                "display_name": "cutelyst-thr-pg-raw",
                "notes": "",
                "versus": ""
            },
            "thread-pg-cutelee": {
                "fortune_url": "/f_CL_QPG",
                "port": 8080,
                "approach": "Realistic",
                "classification": "Fullstack",
                "database": "Postgres",
                "framework": "cutelyst",
                "language": "C++",
                "orm": "Raw",
                "platform": "CutelystWSGI",
                "webserver": "None",
                "os": "Linux",
                "database_os": "Linux",
                "display_name": "cutelyst-thr-pg-cutelee",
                "notes": "",
                "versus": ""
            },
            "t-apg-cutelee": {
                "fortune_url": "/f_CL_APG",
                "port": 8080,
                "approach": "Realistic",
                "classification": "Fullstack",
                "database": "Postgres",
                "framework": "cutelyst",
                "language": "C++",
                "orm": "Raw",
                "platform": "CutelystWSGI",
                "webserver": "None",
                "os": "Linux",
                "database_os": "Linux",
                "display_name": "cutelyst-t-apg-cutelee",
                "notes": "",
                "versus": ""
            },
            "thread-my": {
                "db_url": "/MY",
                "query_url": "/queryMY?queries=",
                "update_url": "/ups_QMY?queries=",
                "fortune_url": "/f_RW_QMY",
                "port": 8080,
                "approach": "Realistic",
                "classification": "Fullstack",
                "database": "MySQL",
                "framework": "cutelyst",
                "language": "C++",
                "orm": "Raw",
                "platform": "CutelystWSGI",
                "webserver": "None",
                "os": "Linux",
                "database_os": "Linux",
                "display_name": "cutelyst-thr-my-raw",
                "notes": "",
                "versus": ""
            },
            "thread-my-cutelee": {
                "fortune_url": "/f_CL_QMY",
                "port": 8080,
                "approach": "Realistic",
                "classification": "Fullstack",
                "database": "MySQL",
                "framework": "cutelyst",
                "language": "C++",
                "orm": "Raw",
                "platform": "CutelystWSGI",
                "webserver": "None",
                "os": "Linux",
                "database_os": "Linux",
                "display_name": "cutelyst-thr-my-cutelee",
                "notes": "",
                "versus": ""
            }
        }]
}
