<code_scheme name="CKibana" version="173">
    <option name="LINE_SEPARATOR" value="&#10;"/>
    <option name="RIGHT_MARGIN" value="200"/>
    <JavaCodeStyleSettings>
        <option name="GENERATE_FINAL_LOCALS" value="true"/>
        <option name="GENERATE_FINAL_PARAMETERS" value="true"/>
        <option name="INSERT_INNER_CLASS_IMPORTS" value="true"/>
        <option name="CLASS_COUNT_TO_USE_IMPORT_ON_DEMAND" value="999"/>
        <option name="NAMES_COUNT_TO_USE_IMPORT_ON_DEMAND" value="999"/>
        <option name="JD_ALIGN_PARAM_COMMENTS" value="false"/>
        <option name="JD_ALIGN_EXCEPTION_COMMENTS" value="false"/>
    </JavaCodeStyleSettings>
    <codeStyleSettings language="JAVA">
        <option name="KEEP_FIRST_COLUMN_COMMENT" value="false"/>
        <option name="KEEP_CONTROL_STATEMENT_IN_ONE_LINE" value="false"/>
        <indentOptions>
            <option name="KEEP_INDENTS_ON_EMPTY_LINES" value="true"/>
        </indentOptions>
        <arrangement>
            <groups>
                <group>
                    <type>GETTERS_AND_SETTERS</type>
                    <order>KEEP</order>
                </group>
                <group>
                    <type>OVERRIDDEN_METHODS</type>
                    <order>KEEP</order>
                </group>
                <group>
                    <type>DEPENDENT_METHODS</type>
                    <order>BREADTH_FIRST</order>
                </group>
            </groups>
        </arrangement>
    </codeStyleSettings>
    <codeStyleSettings language="XML">
        <indentOptions>
            <option name="KEEP_INDENTS_ON_EMPTY_LINES" value="true"/>
        </indentOptions>
    </codeStyleSettings>
    <codeStyleSettings language="yaml">
        <indentOptions>
            <option name="KEEP_INDENTS_ON_EMPTY_LINES" value="true"/>
        </indentOptions>
    </codeStyleSettings>
</code_scheme>
