{
  "type": "object",
  "properties": {
    "id": {
      "type": "string"
    },
    "name": {
      "$ref": "#/definitions/name"
    },
    "todo": {
      "$ref": "https://stoplight.io/api/nodes.raw?srn=gh/stoplightio/studio-demo/reference/todos/models/todo-full.v1.json"
    }
  },
  "definitions": {
    "name": {
      "type": "object",
      "properties": {
        "first_name": {
          "type": "string"
        },
        "last_name": {
          "type": "string"
        }
      }
    }
  }
}
