{
  "title": "Todo Full",
  "allOf": [
    {
      "$ref": "http://stoplight.io/api/nodes.raw?srn=gh/stoplightio/studio-demo/reference/todos/models/todo-partial.v1.json"
    },
    {
      "type": "object",
      "properties": {
        "id": {
          "type": "integer",
          "minimum": 0,
          "maximum": 1000000
        },
        "completed_at": {
          "type": ["string", "null"],
          "format": "date-time"
        },
        "created_at": {
          "type": "string",
          "format": "date-time"
        },
        "updated_at": {
          "type": "string",
          "format": "date-time"
        },
        "user": {
          "$ref": "http://stoplight.io/api/nodes.raw?srn=gh/stoplightio/studio-demo/reference/todos/models/user.v1.json"
        }
      },
      "required": ["id", "user"]
    }
  ],
  "x-tags": ["Todos"]
}
