{
  "changelogDate": "20221108001642",
  "fields": [
    {
      "fieldName": "timestamp",
      "fieldType": "ZonedDateTime",
      "fieldValidateRules": ["required"]
    },
    {
      "fieldName": "systolic",
      "fieldType": "Integer",
      "fieldValidateRules": ["required"]
    },
    {
      "fieldName": "diastolic",
      "fieldType": "Integer",
      "fieldValidateRules": ["required"]
    }
  ],
  "name": "BloodPressure",
  "pagination": "infinite-scroll",
  "readOnly": false,
  "relationships": [
    {
      "otherEntityField": "login",
      "otherEntityName": "user",
      "otherEntityRelationshipName": "bloodPressure",
      "ownerSide": true,
      "relationshipName": "user",
      "relationshipType": "many-to-one"
    }
  ],
  "service": "no"
}
