{
  "changelogDate": "20221108000520",
  "fields": [
    {
      "fieldName": "date",
      "fieldType": "LocalDate",
      "fieldValidateRules": ["required"]
    },
    {
      "fieldName": "exercise",
      "fieldType": "Integer"
    },
    {
      "fieldName": "meals",
      "fieldType": "Integer"
    },
    {
      "fieldName": "alcohol",
      "fieldType": "Integer"
    },
    {
      "fieldName": "notes",
      "fieldType": "String",
      "fieldValidateRules": ["maxlength"],
      "fieldValidateRulesMaxlength": "140"
    }
  ],
  "name": "Points",
  "pagination": "pagination",
  "readOnly": false,
  "relationships": [
    {
      "otherEntityField": "login",
      "otherEntityName": "user",
      "otherEntityRelationshipName": "points",
      "ownerSide": true,
      "relationshipName": "user",
      "relationshipType": "many-to-one"
    }
  ],
  "service": "no"
}
