{
  "changelogDate": "20221108002021",
  "fields": [
    {
      "fieldName": "weeklyGoal",
      "fieldType": "Integer",
      "fieldValidateRules": ["required", "min", "max"],
      "fieldValidateRulesMax": "21",
      "fieldValidateRulesMin": "10"
    },
    {
      "fieldName": "weightUnits",
      "fieldType": "Units",
      "fieldValidateRules": ["required"],
      "fieldValues": "KG,LB"
    }
  ],
  "name": "Preferences",
  "pagination": "no",
  "readOnly": false,
  "relationships": [
    {
      "id": false,
      "otherEntityField": "login",
      "otherEntityName": "user",
      "otherEntityRelationshipName": "preferences",
      "ownerSide": true,
      "relationshipName": "user",
      "relationshipType": "one-to-one"
    }
  ],
  "service": "no"
}
