{
  "changelogDate": "20221108001452",
  "fields": [
    {
      "fieldName": "timestamp",
      "fieldType": "ZonedDateTime",
      "fieldValidateRules": ["required"]
    },
    {
      "fieldName": "weight",
      "fieldType": "Double",
      "fieldValidateRules": ["required"]
    }
  ],
  "name": "Weight",
  "pagination": "infinite-scroll",
  "readOnly": false,
  "relationships": [
    {
      "otherEntityField": "login",
      "otherEntityName": "user",
      "otherEntityRelationshipName": "weight",
      "ownerSide": true,
      "relationshipName": "user",
      "relationshipType": "many-to-one"
    }
  ],
  "service": "no"
}
