{"frameRate":24,"name":"progress_bar","version":"5.5","compatibleVersion":"5.5","armature":[{"type":"Armature","frameRate":24,"name":"progress_bar","aabb":{"x":-300,"y":-82.37,"width":611,"height":97.37},"bone":[{"name":"root"},{"inheritScale":false,"name":"track","parent":"root"},{"inheritScale":false,"name":"bar","parent":"root","transform":{"x":-300}},{"inheritScale":false,"name":"thrmb","parent":"root","transform":{"x":300}},{"name":"loading","parent":"root","transform":{"y":-50,"skX":0.8115,"skY":0.8115}}],"slot":[{"name":"track","parent":"track"},{"name":"bar","parent":"bar"},{"name":"thrmb","parent":"thrmb"},{"name":"loading","parent":"loading"}],"skin":[{"name":"","slot":[{"name":"loading","display":[{"type":"armature","name":"loading","transform":{"skX":-0.81,"skY":-0.81}}]},{"name":"thrmb","display":[{"name":"_texture/thrmb","transform":{"x":-33}}]},{"name":"bar","display":[{"name":"_texture/bar","transform":{"x":300}}]},{"name":"track","display":[{"name":"_texture/track"}]}]}],"animation":[{"duration":100,"name":"idle","frame":[{"duration":50,"events":[{"name":"startEvent"}]},{"duration":50,"events":[{"name":"middleEvent"}]},{"duration":0,"events":[{"name":"completeEvent"}]}],"bone":[{"name":"bar","scaleFrame":[{"duration":100,"tweenEasing":0,"x":0.01},{"duration":0}]},{"name":"thrmb","translateFrame":[{"duration":5,"tweenEasing":0,"x":-600},{"duration":90,"tweenEasing":0,"x":-565},{"duration":5,"tweenEasing":0,"x":-30},{"duration":0}],"scaleFrame":[{"duration":5,"tweenEasing":0,"x":0.5,"y":0.5},{"duration":90,"tweenEasing":0},{"duration":5,"tweenEasing":0},{"duration":0,"x":0.5,"y":0.5}]}],"slot":[{"name":"thrmb","colorFrame":[{"duration":5,"tweenEasing":0,"value":{"aM":0}},{"duration":90,"tweenEasing":0},{"duration":5,"tweenEasing":0},{"duration":0,"value":{"aM":0}}]},{"name":"loading","displayFrame":[{"duration":100,"actions":[{"gotoAndPlay":"idle"}]},{"duration":0,"actions":[{"gotoAndPlay":"hide"}]}]}]}],"defaultActions":[{"gotoAndPlay":"idle"}]},{"type":"Armature","frameRate":24,"name":"loading","aabb":{"x":-54,"y":-51.95,"width":108,"height":104},"bone":[{"name":"root"},{"inheritScale":false,"name":"6","parent":"root","transform":{"x":-19,"y":-11,"scX":0.3329,"scY":0.3333}},{"inheritScale":false,"name":"5","parent":"root","transform":{"x":-19,"y":11,"scX":0.3329,"scY":0.3333}},{"inheritScale":false,"name":"4","parent":"root","transform":{"y":22,"scX":0.3329,"scY":0.3333}},{"inheritScale":false,"name":"3","parent":"root","transform":{"x":19,"y":11,"scX":0.3329,"scY":0.3333}},{"inheritScale":false,"name":"2","parent":"root","transform":{"x":19,"y":-11,"scX":0.3329,"scY":0.3333}},{"inheritScale":false,"name":"1","parent":"root","transform":{"y":-22,"scX":0.3329,"scY":0.3333}}],"slot":[{"name":"6","parent":"6"},{"name":"5","parent":"5"},{"name":"4","parent":"4"},{"name":"3","parent":"3"},{"name":"2","parent":"2"},{"name":"1","parent":"1"}],"skin":[{"name":"","slot":[{"name":"1","display":[{"name":"_texture/_diamond","transform":{"y":0.15}}]},{"name":"2","display":[{"name":"_texture/_diamond","transform":{"y":0.15}}]},{"name":"3","display":[{"name":"_texture/_diamond","transform":{"y":0.15}}]},{"name":"4","display":[{"name":"_texture/_diamond","transform":{"y":0.15}}]},{"name":"5","display":[{"name":"_texture/_diamond","transform":{"y":0.15}}]},{"name":"6","display":[{"name":"_texture/_diamond","transform":{"y":0.15}}]}]}],"animation":[{"duration":30,"playTimes":0,"fadeInTime":0.2,"name":"idle","bone":[{"name":"6","translateFrame":[{"duration":5,"tweenEasing":0,"x":-4,"y":-2},{"duration":20,"tweenEasing":0},{"duration":5,"tweenEasing":0},{"duration":0,"x":-4,"y":-2}]},{"name":"5","translateFrame":[{"duration":20,"tweenEasing":0},{"duration":5,"tweenEasing":0},{"duration":5,"tweenEasing":0,"x":-4,"y":3},{"duration":0}]},{"name":"4","translateFrame":[{"duration":15,"tweenEasing":0},{"duration":5,"tweenEasing":0},{"duration":5,"tweenEasing":0,"y":4},{"duration":5}]},{"name":"3","translateFrame":[{"duration":10,"tweenEasing":0},{"duration":5,"tweenEasing":0},{"duration":5,"tweenEasing":0,"x":4,"y":2},{"duration":10}]},{"name":"2","translateFrame":[{"duration":5,"tweenEasing":0},{"duration":5,"tweenEasing":0},{"duration":5,"tweenEasing":0,"x":4,"y":-2},{"duration":15}]},{"name":"1","translateFrame":[{"duration":5,"tweenEasing":0},{"duration":5,"tweenEasing":0,"y":-4},{"duration":20}]}],"slot":[{"name":"6","colorFrame":[{"duration":5,"tweenEasing":0},{"duration":20,"tweenEasing":0,"value":{"aM":50}},{"duration":5,"tweenEasing":0,"value":{"aM":50}},{"duration":0}]},{"name":"5","colorFrame":[{"duration":20,"tweenEasing":0,"value":{"aM":50}},{"duration":5,"tweenEasing":0,"value":{"aM":50}},{"duration":5,"tweenEasing":0},{"duration":0,"value":{"aM":50}}]},{"name":"4","colorFrame":[{"duration":15,"tweenEasing":0,"value":{"aM":50}},{"duration":5,"tweenEasing":0,"value":{"aM":50}},{"duration":5,"tweenEasing":0},{"duration":5,"value":{"aM":50}}]},{"name":"3","colorFrame":[{"duration":10,"tweenEasing":0,"value":{"aM":50}},{"duration":5,"tweenEasing":0,"value":{"aM":50}},{"duration":5,"tweenEasing":0},{"duration":10,"value":{"aM":50}}]},{"name":"2","colorFrame":[{"duration":5,"tweenEasing":0,"value":{"aM":50}},{"duration":5,"tweenEasing":0,"value":{"aM":50}},{"duration":5,"tweenEasing":0},{"duration":15,"value":{"aM":50}}]},{"name":"1","colorFrame":[{"duration":5,"tweenEasing":0,"value":{"aM":50}},{"duration":5,"tweenEasing":0},{"duration":20,"value":{"aM":50}}]}]},{"duration":0,"playTimes":0,"fadeInTime":0.2,"name":"hide","bone":[{"name":"6","translateFrame":[{"duration":0,"x":19,"y":11}]},{"name":"5","translateFrame":[{"duration":0,"x":19,"y":-11}]},{"name":"4","translateFrame":[{"duration":0,"y":-22}]},{"name":"3","translateFrame":[{"duration":0,"x":-19,"y":-11}]},{"name":"2","translateFrame":[{"duration":0,"x":-19,"y":11}]},{"name":"1","translateFrame":[{"duration":0,"y":22}]}],"slot":[{"name":"6","colorFrame":[{"duration":0,"value":{"aM":0}}]},{"name":"5","colorFrame":[{"duration":0,"value":{"aM":0}}]},{"name":"4","colorFrame":[{"duration":0,"value":{"aM":0}}]},{"name":"3","colorFrame":[{"duration":0,"value":{"aM":0}}]},{"name":"2","colorFrame":[{"duration":0,"value":{"aM":0}}]},{"name":"1","colorFrame":[{"duration":0,"value":{"aM":0}}]}]}],"defaultActions":[{"gotoAndPlay":"idle"}]}]}