<?xml version="1.0" encoding="UTF-8"?>

<databaseChangeLog
        xmlns="http://www.liquibase.org/xml/ns/dbchangelog"
        xmlns:xsi="http://www.w3.org/2001/XMLSchema-instance"
        xsi:schemaLocation="http://www.liquibase.org/xml/ns/dbchangelog http://www.liquibase.org/xml/ns/dbchangelog/dbchangelog-4.6.xsd"
        logicalFilePath="liquibase/changelog/multi-visualisation/changelog.xml">

    <include file="liquibase/changelog/multi-visualisation/multi-visualisation-sequences-changelog.xml"/>
    <include file="liquibase/changelog/multi-visualisation/data-source-changelog.xml"/>
    <include file="liquibase/changelog/multi-visualisation/data-set-changelog.xml"/>
    <include file="liquibase/changelog/multi-visualisation/data-set-series-changelog.xml"/>
    <include file="liquibase/changelog/multi-visualisation/database-connection-changelog.xml"/>
    <include file="liquibase/changelog/multi-visualisation/database-data-source-changelog.xml"/>
    <include file="liquibase/changelog/multi-visualisation/file-data-source-changelog.xml"/>
    <include file="liquibase/changelog/multi-visualisation/file-data-source-row-changelog.xml"/>
    <include file="liquibase/changelog/multi-visualisation/data-file-changelog.xml"/>
    <include file="liquibase/changelog/multi-visualisation/data-column-changelog.xml"/>
    <include file="liquibase/changelog/multi-visualisation/data-source-column-changelog.xml"/>
    <include file="liquibase/changelog/multi-visualisation/data-set-series-column-changelog.xml"/>
    <include file="liquibase/changelog/multi-visualisation/data-value-changelog.xml"/>
    <include file="liquibase/changelog/multi-visualisation/data-value-date-changelog.xml"/>
    <include file="liquibase/changelog/multi-visualisation/data-value-double-changelog.xml"/>
    <include file="liquibase/changelog/multi-visualisation/data-value-integer-changelog.xml"/>
    <include file="liquibase/changelog/multi-visualisation/data-value-string-changelog.xml"/>
    <include file="liquibase/changelog/multi-visualisation/chart-configuration-changelog.xml"/>

</databaseChangeLog>