<?xml version="1.0" encoding="UTF-8"?>

<databaseChangeLog
        xmlns="http://www.liquibase.org/xml/ns/dbchangelog"
        xmlns:xsi="http://www.w3.org/2001/XMLSchema-instance"
        xsi:schemaLocation="http://www.liquibase.org/xml/ns/dbchangelog http://www.liquibase.org/xml/ns/dbchangelog/dbchangelog-4.6.xsd"
        logicalFilePath="liquibase/changelog/multi-visualisation/chart-configuration-changelog.xml">

    <changeSet author="MariuszKumor" id="chart-configuration-v1">
        <createTable tableName="chart_configuration">
            <column name="id" type="bigint">
                <constraints nullable="false"/>
            </column>
            <column name="created_by_id" type="bigint"/>
            <column name="created_date" type="timestamp"/>
            <column name="last_modified_by_id" type="bigint"/>
            <column name="last_modified_date" type="timestamp"/>
            <column name="axis_x_name" type="varchar(255)">
                <constraints nullable="true"/>
            </column>
            <column name="axis_y_name" type="varchar(255)">
                <constraints nullable="true"/>
            </column>
            <column name="filter_" type="longvarchar"/>
            <column name="chart_type" type="varchar(255)">
                <constraints nullable="false"/>
            </column>
            <column name="module_id" type="bigint">
                <constraints nullable="false"/>
            </column>
            <column name="data_set_id" type="bigint">
                <constraints nullable="false"/>
            </column>
            <column name="data_source_id" type="bigint">
                <constraints nullable="false"/>
            </column>
        </createTable>

        <addPrimaryKey columnNames="id" constraintName="pk__chart_configuration__id" tableName="chart_configuration"/>

        <addUniqueConstraint columnNames="module_id" constraintName="u__chart_configuration__module_id"
                             tableName="chart_configuration"/>

        <createIndex indexName="idx__chart_configuration__data_source_id" tableName="chart_configuration">
            <column name="data_source_id"/>
        </createIndex>

        <createIndex indexName="idx__chart_configuration__data_set_id" tableName="chart_configuration">
            <column name="data_set_id"/>
        </createIndex>

        <addForeignKeyConstraint baseColumnNames="data_source_id" baseTableName="chart_configuration"
                                 constraintName="fk__data_source_id__chart_configuration__data_source"
                                 deferrable="false"
                                 initiallyDeferred="false" onDelete="RESTRICT" onUpdate="RESTRICT"
                                 referencedColumnNames="id" referencedTableName="data_source"/>

        <addForeignKeyConstraint baseColumnNames="data_set_id" baseTableName="chart_configuration"
                                 constraintName="fk__data_set_id__chart_configuration__data_set"
                                 deferrable="false"
                                 initiallyDeferred="false" onDelete="RESTRICT" onUpdate="RESTRICT"
                                 referencedColumnNames="id" referencedTableName="data_set"/>

    </changeSet>

</databaseChangeLog>