<?xml version="1.0" encoding="UTF-8"?>

<databaseChangeLog
        xmlns="http://www.liquibase.org/xml/ns/dbchangelog"
        xmlns:xsi="http://www.w3.org/2001/XMLSchema-instance"
        xsi:schemaLocation="http://www.liquibase.org/xml/ns/dbchangelog http://www.liquibase.org/xml/ns/dbchangelog/dbchangelog-4.6.xsd"
        logicalFilePath="liquibase/changelog/multi-visualisation/database-connection-changelog.xml">

    <changeSet author="MariuszKumor" id="database-connection-v1">
        <createTable tableName="database_connection">
            <column name="id" type="bigint">
                <constraints nullable="false"/>
            </column>
            <column name="created_by_id" type="bigint"/>
            <column name="created_date" type="timestamp"/>
            <column name="last_modified_by_id" type="bigint"/>
            <column name="last_modified_date" type="timestamp"/>
            <column name="database_host" type="varchar(255)">
                <constraints nullable="false"/>
            </column>
            <column name="database_name" type="varchar(255)">
                <constraints nullable="false"/>
            </column>
            <column name="database_port" type="integer">
                <constraints nullable="false"/>
            </column>
            <column name="database_type" type="varchar(255)">
                <constraints nullable="false"/>
            </column>
            <column name="description" type="varchar(1000)"/>
            <column name="name" type="varchar(40)">
                <constraints nullable="false"/>
            </column>
            <column name="password" type="varchar(40)"/>
            <column name="username" type="varchar(40)">
                <constraints nullable="false"/>
            </column>
        </createTable>

        <addPrimaryKey columnNames="id" constraintName="pk__database_connection__id" tableName="database_connection"/>

    </changeSet>

</databaseChangeLog>