<?xml version="1.0" encoding="UTF-8"?>

<databaseChangeLog
        xmlns="http://www.liquibase.org/xml/ns/dbchangelog"
        xmlns:xsi="http://www.w3.org/2001/XMLSchema-instance"
        xsi:schemaLocation="http://www.liquibase.org/xml/ns/dbchangelog http://www.liquibase.org/xml/ns/dbchangelog/dbchangelog-4.6.xsd"
        logicalFilePath="liquibase/changelog/multi-visualisation/data-set-changelog.xml">

    <changeSet author="MariuszKumor" id="data-set-v1">
        <createTable tableName="data_set">
            <column name="id" type="bigint">
                <constraints nullable="false"/>
            </column>
            <column name="domain_x_series_column" type="bigint" />
            <column name="domain_z_series_column" type="bigint" />
        </createTable>

        <addPrimaryKey columnNames="id" constraintName="pk__data_set__id" tableName="data_set"/>

    </changeSet>

</databaseChangeLog>