<?xml version="1.0" encoding="UTF-8"?>

<databaseChangeLog
        xmlns="http://www.liquibase.org/xml/ns/dbchangelog"
        xmlns:xsi="http://www.w3.org/2001/XMLSchema-instance"
        xsi:schemaLocation="http://www.liquibase.org/xml/ns/dbchangelog http://www.liquibase.org/xml/ns/dbchangelog/dbchangelog-4.6.xsd"
        logicalFilePath="liquibase/changelog/multi-visualisation/data-source-value-changelog.xml">

    <changeSet author="MariuszKumor" id="data-value-v1">
        <createTable tableName="data_value">
            <column name="id" type="bigint">
                <constraints nullable="false"/>
            </column>
            <column name="position" type="integer"/>
            <column name="data_column_id" type="bigint">
                <constraints nullable="false"/>
            </column>
        </createTable>

        <addPrimaryKey columnNames="id" constraintName="pk__data_value__id" tableName="data_value"/>

        <createIndex indexName="idx__data_value__data_column_id" tableName="data_value">
            <column name="data_column_id"/>
        </createIndex>

        <addForeignKeyConstraint baseColumnNames="data_column_id" baseTableName="data_value"
                                 constraintName="fk__data_column_id__data_value__data_column"
                                 deferrable="false"
                                 initiallyDeferred="false" onDelete="RESTRICT" onUpdate="RESTRICT"
                                 referencedColumnNames="id" referencedTableName="data_column"/>

    </changeSet>

</databaseChangeLog>