<?xml version="1.0" encoding="UTF-8"?>

<databaseChangeLog
        xmlns="http://www.liquibase.org/xml/ns/dbchangelog"
        xmlns:xsi="http://www.w3.org/2001/XMLSchema-instance"
        xsi:schemaLocation="http://www.liquibase.org/xml/ns/dbchangelog http://www.liquibase.org/xml/ns/dbchangelog/dbchangelog-4.6.xsd"
        logicalFilePath="liquibase/changelog/multi-visualisation/data-set-series-changelog.xml">

    <changeSet author="MariuszKumor" id="data-set-series-v1">
        <createTable tableName="data_set_series">
            <column name="id" type="bigint">
                <constraints nullable="false"/>
            </column>
            <column name="filter_" type="longvarchar"/>
            <column name="name" type="varchar(300)">
                <constraints nullable="false"/>
            </column>
            <column name="data_set_id" type="bigint">
                <constraints nullable="false"/>
            </column>
            <column name="value_column_id" type="bigint">
                <constraints nullable="false"/>
            </column>
        </createTable>

        <addPrimaryKey columnNames="id" constraintName="pk__data_set_series__id" tableName="data_set_series"/>

        <createIndex indexName="idx__data_set_series__data_set_id" tableName="data_set_series">
            <column name="data_set_id"/>
        </createIndex>

        <addForeignKeyConstraint baseColumnNames="data_set_id" baseTableName="data_set_series"
                                 constraintName="fk__data_set_id__data_set_series__data_set" deferrable="false"
                                 initiallyDeferred="false" onDelete="RESTRICT" onUpdate="RESTRICT"
                                 referencedColumnNames="id" referencedTableName="data_set"/>

    </changeSet>

</databaseChangeLog>