<?xml version="1.0" encoding="UTF-8"?>

<databaseChangeLog
        xmlns="http://www.liquibase.org/xml/ns/dbchangelog"
        xmlns:xsi="http://www.w3.org/2001/XMLSchema-instance"
        xsi:schemaLocation="http://www.liquibase.org/xml/ns/dbchangelog http://www.liquibase.org/xml/ns/dbchangelog/dbchangelog-4.6.xsd"
        logicalFilePath="liquibase/changelog/multi-visualisation/data-set-series-column-changelog.xml">

    <changeSet author="MariuszKumor" id="data-set-series-column-v1">
        <createTable tableName="data_set_series_column">
            <column name="id" type="bigint">
                <constraints nullable="false"/>
            </column>
            <column name="name" type="varchar(300)">
                <constraints nullable="true"/>
            </column>
            <column name="type" type="integer"/>
            <column name="data_source_column_id" type="bigint">
                <constraints nullable="false"/>
            </column>
        </createTable>

        <addPrimaryKey columnNames="id" constraintName="pk__data_set_series_column__id"
                       tableName="data_set_series_column"/>

        <createIndex indexName="idx__data_set_series_column__data_source_column_id" tableName="data_set_series_column">
            <column name="data_source_column_id"/>
        </createIndex>

        <addForeignKeyConstraint baseColumnNames="data_source_column_id" baseTableName="data_set_series_column"
                                 constraintName="fk__data_source_column_id__data_set_series_column__data_source_column"
                                 deferrable="false"
                                 initiallyDeferred="false" onDelete="RESTRICT" onUpdate="RESTRICT"
                                 referencedColumnNames="id" referencedTableName="data_source_column"/>

        <addForeignKeyConstraint baseColumnNames="value_column_id" baseTableName="data_set_series"
                                 constraintName="fk__value_column_id__data_set_series__data_set_series_column"
                                 deferrable="false"
                                 initiallyDeferred="false" onDelete="RESTRICT" onUpdate="RESTRICT"
                                 referencedColumnNames="id" referencedTableName="data_set_series_column"/>

        <addForeignKeyConstraint baseColumnNames="domain_x_series_column" baseTableName="data_set"
                                 constraintName="fk__domain_x_series_column__data_set__data_set_series_column"
                                 deferrable="false"
                                 initiallyDeferred="false" onDelete="RESTRICT" onUpdate="RESTRICT"
                                 referencedColumnNames="id" referencedTableName="data_set_series_column"/>

        <addForeignKeyConstraint baseColumnNames="domain_z_series_column" baseTableName="data_set"
                                 constraintName="fk__domain_z_series_column__data_set__data_set_series_column"
                                 deferrable="false"
                                 initiallyDeferred="false" onDelete="RESTRICT" onUpdate="RESTRICT"
                                 referencedColumnNames="id" referencedTableName="data_set_series_column"/>

    </changeSet>

</databaseChangeLog>