<?xml version="1.0" encoding="UTF-8"?>

<databaseChangeLog
        xmlns="http://www.liquibase.org/xml/ns/dbchangelog"
        xmlns:xsi="http://www.w3.org/2001/XMLSchema-instance"
        xsi:schemaLocation="http://www.liquibase.org/xml/ns/dbchangelog http://www.liquibase.org/xml/ns/dbchangelog/dbchangelog-4.6.xsd"
        logicalFilePath="liquibase/changelog/multi-visualisation/data-source-value-double-changelog.xml">

    <changeSet author="MariuszKumor" id="data-value-double-v1">
        <createTable tableName="data_value_double">
            <column name="value_" type="double"/>
            <column name="id" type="bigint">
                <constraints nullable="false"/>
            </column>
        </createTable>

        <addPrimaryKey columnNames="id" constraintName="pk__data_value_double__id"
                       tableName="data_value_double"/>

        <addForeignKeyConstraint baseColumnNames="id" baseTableName="data_value_double"
                                 constraintName="fk__id__data_value_double__data_value" deferrable="false"
                                 initiallyDeferred="false" onDelete="RESTRICT" onUpdate="RESTRICT"
                                 referencedColumnNames="id" referencedTableName="data_value"/>

    </changeSet>

</databaseChangeLog>