<?xml version="1.0" encoding="UTF-8"?>

<databaseChangeLog
        xmlns="http://www.liquibase.org/xml/ns/dbchangelog"
        xmlns:xsi="http://www.w3.org/2001/XMLSchema-instance"
        xsi:schemaLocation="http://www.liquibase.org/xml/ns/dbchangelog http://www.liquibase.org/xml/ns/dbchangelog/dbchangelog-4.6.xsd"
        logicalFilePath="liquibase/changelog/multi-visualisation/data-source-column-changelog.xml">

    <changeSet author="KonradWisniewski" id="data-column-v1">
        <createTable tableName="data_column">
            <column name="type" type="varchar(31)">
                <constraints nullable="false"/>
            </column>
            <column name="id" type="bigint">
                <constraints nullable="false"/>
            </column>
            <column name="name" type="varchar(300)">
                <constraints nullable="false"/>
            </column>
            <column name="position" type="integer">
                <constraints nullable="false"/>
            </column>
            <column name="data_value_type" type="varchar(15)">
                <constraints nullable="false"/>
            </column>
            <column name="data_file_id" type="bigint">
                <constraints nullable="true"/>
            </column>
        </createTable>

        <addPrimaryKey columnNames="id" constraintName="pk__data_column__id" tableName="data_column"/>

        <createIndex indexName="idx__data_column__data_file_id" tableName="data_column">
            <column name="data_file_id"/>
        </createIndex>

        <addForeignKeyConstraint baseColumnNames="data_file_id" baseTableName="data_column"
                                 constraintName="fk__data_file_id__data_column__data_file" deferrable="false"
                                 initiallyDeferred="false" onDelete="RESTRICT" onUpdate="RESTRICT"
                                 referencedColumnNames="id" referencedTableName="data_file"/>

    </changeSet>

</databaseChangeLog>