<?xml version="1.0" encoding="UTF-8"?>

<databaseChangeLog
        xmlns="http://www.liquibase.org/xml/ns/dbchangelog"
        xmlns:xsi="http://www.w3.org/2001/XMLSchema-instance"
        xsi:schemaLocation="http://www.liquibase.org/xml/ns/dbchangelog http://www.liquibase.org/xml/ns/dbchangelog/dbchangelog-4.6.xsd"
        logicalFilePath="liquibase/changelog/multi-visualisation/file-data-source-changelog.xml">

    <changeSet author="MariuszKumor" id="file-data-source-v1">
        <createTable tableName="file_data_source">
            <column name="id" type="bigint">
                <constraints nullable="false"/>
            </column>
            <column name="file_data_id" type="bigint">
                <constraints nullable="false"/>
            </column>
        </createTable>

        <addPrimaryKey columnNames="id" constraintName="pk__file_data_source__id" tableName="file_data_source"/>

        <addForeignKeyConstraint baseColumnNames="id" baseTableName="file_data_source"
                                 constraintName="fk__id__file_data_source__data_source" deferrable="false"
                                 initiallyDeferred="false" onDelete="RESTRICT" onUpdate="RESTRICT"
                                 referencedColumnNames="id" referencedTableName="data_source"/>

    </changeSet>

</databaseChangeLog>