<?xml version="1.0" encoding="UTF-8"?>

<databaseChangeLog
        xmlns="http://www.liquibase.org/xml/ns/dbchangelog"
        xmlns:xsi="http://www.w3.org/2001/XMLSchema-instance"
        xsi:schemaLocation="http://www.liquibase.org/xml/ns/dbchangelog http://www.liquibase.org/xml/ns/dbchangelog/dbchangelog-4.6.xsd"
        logicalFilePath="liquibase/changelog/multi-visualisation/multi-visualisation-sequences.xml">

    <changeSet id="multi-visualisation-sequences-v1" author="MariuszKumor">
        <createSequence sequenceName="chart_configuration_seq" startValue="13"/>
        <createSequence sequenceName="database_connection_seq" startValue="2"/>
        <createSequence sequenceName="data_set_seq" startValue="13"/>
        <createSequence sequenceName="data_set_series_column_seq" startValue="45"/>
        <createSequence sequenceName="data_set_series_seq" startValue="33"/>
        <createSequence sequenceName="data_source_column_seq" startValue="29"/>
        <createSequence sequenceName="data_source_column_file_seq" startValue="1"/>
        <createSequence sequenceName="data_source_seq" startValue="7"/>
        <createSequence sequenceName="data_source_row_seq" startValue="1"/>
        <createSequence sequenceName="data_column_seq" startValue="1"/>
        <createSequence sequenceName="data_file_seq" startValue="1"/>
        <createSequence sequenceName="data_value_seq" startValue="1"/>
    </changeSet>

</databaseChangeLog>