{"frameRate":24,"isGlobal":0,"name":"main","version":"5.0","armature":[{"animation":[{"slot":[],"playTimes":0,"duration":30,"frame":[],"name":"idle","bone":[{"frame":[{"duration":30,"tweenEasing":null,"transform":{}}],"name":"root"},{"frame":[{"duration":10,"tweenEasing":0,"transform":{}},{"duration":10,"tweenEasing":0,"transform":{"skX":120,"skY":120}},{"duration":10,"tweenEasing":0,"transform":{"skX":-120,"skY":-120}},{"duration":0,"tweenEasing":null,"transform":{}}],"name":"ball"},{"frame":[{"duration":10,"tweenEasing":0,"transform":{}},{"duration":10,"tweenEasing":0,"transform":{"skX":120,"skY":120}},{"duration":10,"tweenEasing":0,"transform":{"skX":-120,"skY":-120}},{"duration":0,"tweenEasing":null,"transform":{}}],"name":"point"}],"ffd":[{"frame":[{"duration":10,"tweenEasing":0,"offset":0,"vertices":[]},{"duration":10,"tweenEasing":0,"offset":0,"vertices":[115.61,54.15,0,0,120.7,-60.04,0,0,0,0,0,0,0,0,0,0,113.3,49.94,119.03,-55.73,1,-5.66,-1.29,7.67,0,0,0,0,0,0,0,0]},{"duration":10,"tweenEasing":0,"offset":0,"vertices":[-36.97,-85.96,0,0,-21.37,108.42,0,0,0,0,0,0,0,0,0,0,-39.88,-82.14,-19.5,95.39,2.53,5.56,0.38,-2.85,0,0,0,0,0,0,0,0]},{"duration":0,"tweenEasing":null,"offset":0,"vertices":[]}],"scale":1,"skin":"","offset":0,"name":"display0005","slot":"mesh"}]}],"defaultActions":[{"gotoAndPlay":"idle"}],"type":"Armature","name":"MyArmature","slot":[{"color":{},"name":"point","parent":"point"},{"z":1,"color":{},"name":"mesh","parent":"point"},{"z":2,"color":{},"name":"ball","parent":"ball"},{"z":3,"color":{},"name":"weapon","parent":"ball"}],"ik":[],"aabb":{"width":674.9445000000001,"y":-80.1317,"height":160.1317,"x":-335},"bone":[{"name":"root","transform":{}},{"length":100,"transform":{},"parent":"root","name":"point"},{"length":100,"transform":{"x":100},"parent":"point","name":"ball"}],"frameRate":24,"skin":[{"name":"","slot":[{"display":[{"width":270,"userEdges":[6,7,7,13,13,4,6,15,15,5,9,10,10,6,7,11,11,8,8,9],"type":"mesh","vertices":[-135,-80,135,-80,-135,80,135,80,134.95,-31.85,134.95,31.45,73.3,31.25,73.2,-31.65,-121.4,-67.5,-122.1,66.7,88.45,66.3,89.25,-65.95,107.1,-80,106.3,-31.76,106.5,80,106.3,31.36],"transform":{"x":-200},"height":160,"edges":[2,0,1,4,4,5,5,3,0,12,12,1,3,14,14,2],"path":"display0005","uvs":[0,0,1,0,0,1,1,1,0.99981,0.30094,0.99981,0.69656,0.77148,0.69531,0.77111,0.30219,0.05037,0.07813,0.04778,0.91687,0.82759,0.91438,0.83056,0.08781,0.89667,0,0.89369,0.30152,0.89444,1,0.89369,0.69598],"name":"display0005","triangles":[9,2,10,0,8,11,0,11,12,10,2,14,15,10,14,12,11,13,12,13,4,12,4,1,14,3,5,15,14,5,4,13,5,13,15,5,6,10,15,11,7,13,6,15,13,7,6,13,6,9,10,8,7,11,8,9,6,8,6,7,8,0,9,0,2,9]}],"name":"mesh"},{"display":[{"path":"weapon_1004_1","type":"image","name":"weapon_1004_1","transform":{"y":5,"x":65}}],"name":"weapon"},{"display":[{"path":"display0001","type":"image","name":"display0001","transform":{}}],"name":"point"},{"display":[{"path":"display0009","type":"image","name":"display0009","transform":{"y":-0.1317,"x":104.9445}}],"name":"ball"}]}]}]}