{"frameRate":24,"isGlobal":0,"name":"replace","version":"5.0","armature":[{"animation":[{"slot":[],"playTimes":0,"duration":0,"frame":[],"name":"newAnimation","bone":[{"frame":[{"duration":0,"tweenEasing":null,"transform":{}}],"name":"root"}],"ffd":[]}],"defaultActions":[{"gotoAndPlay":"newAnimation"}],"type":"Armature","name":"MyMesh","slot":[{"color":{},"name":"meshA","parent":"root"},{"z":1,"color":{},"name":"meshB","parent":"root"},{"z":2,"color":{},"name":"mesh","parent":"root"}],"ik":[],"aabb":{"width":203,"y":-9.5,"height":29,"x":-36.5},"bone":[{"length":100,"name":"root","transform":{}}],"frameRate":24,"skin":[{"name":"","slot":[{"display":[{"path":"weapon_1004_1","type":"image","name":"weapon_1004_1","transform":{"y":5,"x":65}}],"name":"mesh"},{"display":[{"width":203,"userEdges":[7,4,4,5,5,6,6,7,12,11,10,11,10,13,14,6,7,15,14,15],"type":"mesh","vertices":[-101.35,-12.8,143.75,-70.95,-101.45,6.15,123.05,20,103.85,7,126.85,-44,13.75,-17.9,11.9,7.05,-46.25,-21.7,-44.75,20.2,-47.75,-9.4,-48.35,2.95,-101.5,5.9,-101.5,-12.15,-46.3,-10.75,-45.8,12.95,13.9,-25.51,26.61,16.69],"transform":{"y":5,"x":65},"height":29,"edges":[1,3,0,8,9,2,2,12,12,13,13,0,8,16,16,1,3,17,17,9],"path":"weapon_1004_1","uvs":[0,0,1,0,0,1,1,1,0.84852,0.6931,0.91256,0.26207,0.66034,0.2,0.59384,0.71379,0.27438,0.00172,0.26453,1,0.26478,0.17586,0.26182,0.60172,0,0.70345,0,0.08103,0.27685,0.2569,0.27906,0.67586,0.5734,0.00101,0.58153,1],"name":"weapon_1004_1","triangles":[6,5,1,16,6,1,4,17,3,1,5,3,5,4,3,6,4,5,6,7,4,7,17,4,15,9,17,8,14,16,11,9,15,11,15,14,10,11,14,0,10,8,10,14,8,12,2,9,0,13,10,12,9,11,10,13,11,13,12,11,14,7,6,15,17,7,14,15,7,16,14,6]}],"name":"meshB"},{"display":[{"width":203,"userEdges":[],"type":"mesh","vertices":[-101.5,-14.5,297.95,-14.5,-101.5,14.5,296.75,14.5,29.55,-14.5,29.1,14.5,262.95,-14.5,261.75,14.5],"transform":{"y":5,"x":65},"height":29,"edges":[1,3,2,0,0,4,5,2,4,6,6,1,3,7,7,5],"path":"weapon_1004_1","uvs":[0,0,1,0,0,1,1,1,0.64557,0,0.64335,1,0.83793,0,0.84384,1],"name":"weapon_1004_1","triangles":[6,7,1,1,7,3,4,5,6,6,5,7,0,2,5,0,5,4]}],"name":"meshA"}]}]},{"animation":[{"slot":[{"frame":[{"duration":1,"tweenEasing":null},{"duration":1,"tweenEasing":null,"displayIndex":6},{"duration":1,"tweenEasing":null,"displayIndex":1},{"duration":2,"tweenEasing":null,"displayIndex":5},{"duration":1,"tweenEasing":null,"displayIndex":7},{"duration":1,"tweenEasing":null,"displayIndex":8},{"duration":1,"tweenEasing":null,"displayIndex":2},{"duration":9,"tweenEasing":null,"displayIndex":4},{"duration":0,"tweenEasing":null,"displayIndex":3}],"name":"ball"}],"playTimes":0,"duration":17,"frame":[],"name":"newAnimation","bone":[{"frame":[{"duration":17,"tweenEasing":null,"transform":{}}],"name":"root"},{"frame":[{"duration":1,"tweenEasing":null,"transform":{"y":-70.4221,"x":-83.5006}},{"duration":1,"tweenEasing":null,"transform":{"y":-64.552,"x":0.4446}},{"duration":1,"tweenEasing":null,"transform":{"y":-65.0185,"x":105.0759}},{"duration":2,"tweenEasing":null,"transform":{"y":0.8148,"x":105.4037}},{"duration":1,"tweenEasing":null,"transform":{"y":65.3926,"x":0.2229}},{"duration":1,"tweenEasing":null,"transform":{"y":65.4336,"x":-105.0409}},{"duration":1,"tweenEasing":null,"transform":{"y":0.5252,"x":-104.8163}},{"duration":9,"tweenEasing":null,"transform":{}},{"duration":0,"tweenEasing":null,"transform":{"y":65.668,"x":105.3589}}],"name":"ball"}],"ffd":[]}],"defaultActions":[{"gotoAndPlay":"newAnimation"}],"type":"MovieClip","name":"MyDisplay","slot":[{"color":{},"name":"ball","parent":"ball","displayIndex":-1}],"ik":[],"aabb":{"width":270,"y":-151.2369,"height":160,"x":-323.90430000000003},"bone":[{"name":"root","transform":{}},{"transform":{},"name":"ball","parent":"root"}],"frameRate":24,"skin":[{"name":"","slot":[{"display":[{"path":"display0002","type":"image","name":"display0002","transform":{"y":64.6363,"x":104.7465}},{"path":"display0004","type":"image","name":"display0004","transform":{"y":65.0185,"x":-105.0759}},{"path":"display0009","type":"image","name":"display0009","transform":{"y":-0.5252,"x":104.8163}},{"path":"display0006","type":"image","name":"display0006","transform":{"y":-65.668,"x":-105.3589}},{"path":"display0010","type":"image","name":"display0010","transform":{}},{"path":"display0005","type":"image","name":"display0005","transform":{"y":-0.8148,"x":-105.4037}},{"path":"display0003","type":"image","name":"display0003","transform":{"y":64.552,"x":-0.4446}},{"path":"display0007","type":"image","name":"display0007","transform":{"y":-65.3926,"x":-0.2229}},{"path":"display0008","type":"image","name":"display0008","transform":{"y":-65.4336,"x":105.0409}},{"filterType":null,"path":"MyArmature","type":"armature","name":"MyArmature","transform":{}}],"name":"ball"}]}]}]}