{"imagePath":"replace_tex.png","width":1024,"SubTexture":[{"width":203,"y":1,"height":29,"name":"weapon_1004_1","x":817},{"width":270,"y":1,"height":190,"name":"display0004","x":1},{"width":240,"y":193,"height":160,"name":"display0010","x":757},{"width":240,"y":193,"height":190,"name":"display0003","x":515},{"width":270,"y":1,"height":190,"name":"display0002","x":545},{"width":1,"y":1,"height":1,"name":"MyArmature","x":1022},{"width":270,"y":193,"height":190,"name":"display0008","x":1},{"width":270,"y":385,"height":160,"name":"display0009","x":1},{"width":240,"y":193,"height":190,"name":"display0007","x":273},{"width":270,"y":1,"height":190,"name":"display0006","x":273},{"width":270,"y":385,"height":160,"name":"display0005","x":273}],"height":1024,"name":"replace"}