{
  "signedContributors": [
    {
      "name": "shogunpurple",
      "id": 11256663,
      "comment_id": 819645107,
      "created_at": "2021-04-14T16:20:01Z",
      "repoId": 190729906,
      "pullRequestNo": 1383
    },
    {
      "name": "mike12345567",
      "id": 4407001,
      "comment_id": 819645152,
      "created_at": "2021-04-14T16:20:04Z",
      "repoId": 190729906,
      "pullRequestNo": 1383
    },
    {
      "name": "aptkingston",
      "id": 9075550,
      "comment_id": 830252031,
      "created_at": "2021-04-30T17:37:37Z",
      "repoId": 190729906,
      "pullRequestNo": 1431
    },
    {
      "name": "kevmodrome",
      "id": 534488,
      "comment_id": 830545461,
      "created_at": "2021-05-01T05:27:53Z",
      "repoId": 190729906,
      "pullRequestNo": 1431
    },
    {
      "name": "mjashanks",
      "id": 3524181,
      "comment_id": 844846454,
      "created_at": "2021-05-20T08:14:04Z",
      "repoId": 190729906,
      "pullRequestNo": 1510
    }
  ]
}