<assembly>
    <id>distribution</id>
    <formats>
        <format>zip</format>
    </formats>
    <fileSets>
        <fileSet>
            <fileMode>0775</fileMode>
            <directory>../janusgraph-all/src/main/bin</directory>
            <outputDirectory>bin</outputDirectory>
            <includes>
                <include>*.sh</include>
                <include>*.bat</include>
            </includes>
        </fileSet>
        <fileSet>
            <directory>src</directory>
        </fileSet>
        <fileSet>
            <directory>../doc</directory>
        </fileSet>
        <fileSet>
            <directory>../config</directory>
        </fileSet>
        <fileSet>
            <directory>../target/site/apidocs</directory>
            <outputDirectory>doc/javadoc</outputDirectory>
        </fileSet>
        <fileSet>
            <directory>target/*.jar</directory>
            <outputDirectory>/lib</outputDirectory>
        </fileSet>
        <fileSet>
            <directory>../bin</directory>
            <outputDirectory>bin</outputDirectory>
            <includes>
                <include>berkeleyje*</include>
            </includes>
        </fileSet>
    </fileSets>
    <files>
        <file>
            <source>pom.xml</source>
            <outputDirectory>src</outputDirectory>
        </file>
        <file>
            <source>../LICENSE.txt</source>
            <outputDirectory>/</outputDirectory>
        </file>
        <file>
            <source>../CHANGELOG.textile</source>
            <outputDirectory>/</outputDirectory>
        </file>
        <file>
            <source>../UPGRADE.textile</source>
            <outputDirectory>/</outputDirectory>
        </file>
        <file>
            <source>../NOTICE.txt</source>
            <outputDirectory>/</outputDirectory>
        </file>
        <file>
            <source>../janusgraph-all/src/main/bin/README.txt</source>
            <outputDirectory>/</outputDirectory>
        </file>
    </files>

    <dependencySets>
        <dependencySet>
            <outputDirectory>/lib</outputDirectory>
            <unpack>false</unpack>
            <scope>compile</scope>
        </dependencySet>
        <dependencySet>
            <outputDirectory>/lib</outputDirectory>
            <unpack>false</unpack>
            <scope>provided</scope>
        </dependencySet>
    </dependencySets>
</assembly>
