[
  {
    "image-name":"mlrun",
    "python-version":"3.9",
    "include-suffix":""
  },
  {
    "image-name":"api",
    "python-version":"3.9",
    "include-suffix":""
  },
  {
    "image-name":"base",
    "python-version":"3.9",
    "include-suffix":""
  },
  {
    "image-name": "mlrun-gpu",
    "python-version":"3.9",
    "include-suffix":""
  },
  {
    "image-name":"jupyter",
    "python-version":"3.9",
    "include-suffix":""
  },
  {
    "image-name":"test",
    "python-version":"3.9",
    "include-suffix":""
  },
  {
    "image-name":"log-collector",
    "python-version":"",
    "include-suffix":""
  }
]
