<?xml version="1.0" encoding="UTF-8"?>
<!--

    Copyright (c) 2023 Oracle and/or its affiliates.

    Licensed under the Apache License, Version 2.0 (the "License");
    you may not use this file except in compliance with the License.
    You may obtain a copy of the License at

        http://www.apache.org/licenses/LICENSE-2.0

    Unless required by applicable law or agreed to in writing, software
    distributed under the License is distributed on an "AS IS" BASIS,
    WITHOUT WARRANTIES OR CONDITIONS OF ANY KIND, either express or implied.
    See the License for the specific language governing permissions and
    limitations under the License.

-->
<archetype-script xmlns="https://helidon.io/archetype/2.0"
                  xmlns:xsi="http://www.w3.org/2001/XMLSchema-instance"
                  xsi:schemaLocation="https://helidon.io/archetype/2.0 https://helidon.io/xsd/archetype-2.0.xsd">

    <exec src="/common/presets.xml"/>
    <presets>
        <boolean path="db">true</boolean>
    </presets>
    <exec src="/se/custom/custom-se.xml"/>
    <output>
        <model>
            <value key="readme-description">Helidon SE application that uses a database with JPA</value>
        </model>
    </output>
</archetype-script>
