{"caption": "Craft an oil painting in Claude Monet's distinctive style: Picture a seaside garden drenched in radiant hues of roses, lilies, and lavender, transitioning gracefully into the expansive azure ocean. Integrate a weathered, rustic pathway with steps that invite viewers towards the water's edge, complemented by a prominent bouquet of flowers", "width": 512, "height": 512, "annos": [{"bbox": [256, 0, 256, 307], "mask": [], "category_name": "", "caption": "a plant"}, {"bbox": [399, 307, 112, 102], "mask": [], "category_name": "", "caption": "plant"}, {"bbox": [399, 399, 112, 112], "mask": [], "category_name": "", "caption": "a bouquet of flowers"}, {"bbox": [245, 245, 163, 266], "mask": [], "category_name": "", "caption": "a pathway with steps"}, {"bbox": [92, 0, 189, 128], "mask": [], "category_name": "", "caption": "the blue sky"}, {"bbox": [92, 128, 189, 128], "mask": [], "category_name": "", "caption": "the blue ocean"}, {"bbox": [97, 404, 46, 46], "mask": [], "category_name": "", "caption": "a flower"}, {"bbox": [40, 389, 46, 46], "mask": [], "category_name": "", "caption": "a flower"}, {"bbox": [61, 348, 46, 51], "mask": [], "category_name": "", "caption": "a flower"}, {"bbox": [102, 358, 46, 46], "mask": [], "category_name": "", "caption": "a flower"}, {"bbox": [117, 327, 46, 46], "mask": [], "category_name": "", "caption": "a flower"}, {"bbox": [153, 409, 46, 46], "mask": [], "category_name": "", "caption": "a flower"}, {"bbox": [112, 281, 46, 46], "mask": [], "category_name": "", "caption": "a flower"}, {"bbox": [0, 0, 117, 358], "mask": [], "category_name": "", "caption": "plants"}, {"bbox": [10, 435, 40, 35], "mask": [], "category_name": "", "caption": "a flower"}, {"bbox": [153, 455, 46, 46], "mask": [], "category_name": "", "caption": "a flower"}, {"bbox": [112, 460, 46, 46], "mask": [], "category_name": "", "caption": "a flower"}, {"bbox": [51, 465, 46, 40], "mask": [], "category_name": "", "caption": "a flower"}, {"bbox": [0, 460, 46, 46], "mask": [], "category_name": "", "caption": "a flower"}, {"bbox": [0, 358, 46, 46], "mask": [], "category_name": "", "caption": "a flower"}, {"bbox": [0, 281, 256, 230], "mask": [], "category_name": "", "caption": "plant"}, {"bbox": [0, 276, 46, 46], "mask": [], "category_name": "", "caption": "a flower"}, {"bbox": [51, 307, 46, 46], "mask": [], "category_name": "", "caption": "a flower"}, {"bbox": [153, 307, 46, 46], "mask": [], "category_name": "", "caption": "a flower"}, {"bbox": [199, 302, 46, 46], "mask": [], "category_name": "", "caption": "a flower"}, {"bbox": [204, 358, 46, 46], "mask": [], "category_name": "", "caption": "a flower"}, {"bbox": [168, 389, 46, 46], "mask": [], "category_name": "", "caption": "a flower"}, {"bbox": [0, 512, 0, 0], "mask": [], "category_name": "", "caption": "an oil painting of a coastal flower garden"}]}