{"caption": "An image depicting in the morning with fluffy white clouds. A brown cute teddy bear, a purple cute teddy bear, a yellow cute teddy bear, a blue cute teddy bear all standing side by side on a red brick road. The scene should be set in front of Pink Disneyland Castle with clear blue sky overhead, fluffy white clouds, and trees with green leaves.", "width": 512, "height": 512, "annos": [{"bbox": [10, 204, 112, 204], "mask": [], "category_name": "", "caption": "a brown teddy bear"}, {"bbox": [133, 204, 112, 204], "mask": [], "category_name": "", "caption": "a purple teddy bear"}, {"bbox": [256, 204, 112, 204], "mask": [], "category_name": "", "caption": "a yellow teddy bear"}, {"bbox": [378, 204, 112, 204], "mask": [], "category_name": "", "caption": "a blue teddy bear"}, {"bbox": [0, 358, 512, 153], "mask": [], "category_name": "", "caption": "a red brick road"}, {"bbox": [102, 0, 307, 348], "mask": [], "category_name": "", "caption": "Pink Disneyland Castle"}, {"bbox": [0, 92, 97, 189], "mask": [], "category_name": "", "caption": "green leaves"}, {"bbox": [414, 92, 97, 189], "mask": [], "category_name": "", "caption": "green leaves"}, {"bbox": [5, 5, 97, 71], "mask": [], "category_name": "", "caption": "fluffy white clouds"}, {"bbox": [409, 5, 97, 71], "mask": [], "category_name": "", "caption": "fluffy white clouds"}]}