{"caption": "a cup of tea with tangerines, bananas, and cookies on the table. morning light. high quality. professional photo.", "width": 768, "height": 512, "annos": [{"bbox": [9, 218, 741, 241], "mask": [], "category_name": "cloth", "caption": "a cup of tea and oranges on a doily"}, {"bbox": [392, 241, 351, 125], "mask": [], "category_name": "saucer", "caption": "a cup of coffee on a lace doily"}, {"bbox": [202, 66, 100, 99], "mask": [], "category_name": "tangerine", "caption": "a close up of three oranges on a black background"}, {"bbox": [117, 137, 269, 156], "mask": [], "category_name": "bowl", "caption": "oranges in a glass bowl on a table"}, {"bbox": [247, 315, 114, 53], "mask": [], "category_name": "cookie", "caption": "a tray of pastries on a table with oranges"}, {"bbox": [266, 274, 108, 57], "mask": [], "category_name": "peel", "caption": "a close up of some cookies on a table"}, {"bbox": [271, 134, 103, 90], "mask": [], "category_name": "tangerine", "caption": "oranges in a glass bowl"}, {"bbox": [129, 121, 102, 110], "mask": [], "category_name": "tangerine", "caption": "oranges in a glass bowl"}, {"bbox": [104, 322, 86, 88], "mask": [], "category_name": "fruit orange", "caption": "an orange that has been cut in half on a table"}, {"bbox": [458, 178, 262, 154], "mask": [], "category_name": "coffee coffee cup cup", "caption": "a cup of tea and a saucer on a table"}, {"bbox": [170, 320, 75, 86], "mask": [], "category_name": "fruit", "caption": "an orange is cut in half on a silver plate"}, {"bbox": [212, 298, 85, 43], "mask": [], "category_name": "cookie", "caption": "a close up of a piece of bread on a table"}, {"bbox": [481, 211, 178, 33], "mask": [], "category_name": "coffee", "caption": "a close up of a cup of coffee"}, {"bbox": [214, 274, 160, 94], "mask": [], "category_name": "cookie", "caption": "a glass of orange juice next to a plate of cookies"}, {"bbox": [428, 357, 63, 48], "mask": [], "category_name": "fruit", "caption": "two tangerines cut in half on a rock"}, {"bbox": [196, 189, 101, 94], "mask": [], "category_name": "orange", "caption": "oranges in a glass bowl"}, {"bbox": [38, 384, 268, 102], "mask": [], "category_name": "bananas", "caption": "bananas on a table"}, {"bbox": [460, 10, 291, 143], "mask": [], "category_name": "flowers", "caption": "a bouquet of wedding flowers on a table"}, {"bbox": [460, 384, 192, 117], "mask": [], "category_name": "candle", "caption": "a lighted candle on a table"}]}