{"caption": "a yellow American robin, brown Maltipoo dog, a gray British Shorthair in a stream, alongside with trees and rocks", "width": 512, "height": 512, "annos": [{"bbox": [0, 51, 179, 230], "mask": [], "category_name": "", "caption": "a gray British Shorthair standing on a rock in the woods"}, {"bbox": [179, 102, 153, 153], "mask": [], "category_name": "", "caption": "a yellow American robin standing on the rock"}, {"bbox": [332, 102, 179, 255], "mask": [], "category_name": "", "caption": "a brown Maltipoo dog standing on the rock"}, {"bbox": [0, 358, 512, 153], "mask": [], "category_name": "", "caption": "a close up of a small waterfall in the woods"}]}