{
    "author": {
        "name": "nerds"
    },
    "name": "places",
    "description": "Places Collection",
    "version": "0.0.3",
    "engines": {
        "node": ">=0.4.9"
    },
    "dependencies": {},
    "devDependencies": {},
    "title": "Places",
    "handle": "places",
    "run": "node places.js",
    "update": "auto",
    "github": "https://github.com/LockerProject/Locker",
    "type": "collection",
    "provides": [
        "place"
    ],
    "mongoCollections": [
        "place"
    ],
    "events": [
        [
            "checkin/foursquare",
            "/events",
            true
        ],
        [
            "recents/foursquare",
            "/events",
            true
        ],
        [
            "tweets/twitter",
            "/events",
            true
        ],
        [
            "timeline/twitter",
            "/events",
            true
        ],
        [
            "photo://instagram",
            "/events",
            true
        ],
        [
            "location/glatitude",
            "/events",
            true
        ]
    ],
    "url": "",
    "upserted": 1768097745339,
    "manifest": "Collections/Places/package.json",
    "srcdir": "Collections/Places",
    "provider": "places",
    "id": "places",
    "installed": 1768094646015,
    "uri": "http://localhost:8042/Me/places/",
    "externalUri": "http://localhost:40271/Me/places/",
    "loaded": 1768097745328
}