<?xml version="1.0" encoding="UTF-8"?>
<project>
	<modelVersion>4.0.0</modelVersion>
	<artifactId>getting-started</artifactId>
	<build>
		<plugins>
			<plugin>
				<groupId>org.springframework.boot</groupId>
				<artifactId>spring-boot-maven-plugin</artifactId>
				<executions>
					<execution>
						<goals>
							<goal>build-info</goal>
						</goals>
						<configuration>
							<additionalProperties>
								<encoding.source>UTF-8</encoding.source>
								<encoding.reporting>UTF-8</encoding.reporting>
								<java.source>${maven.compiler.source}</java.source>
								<java.target>${maven.compiler.target}</java.target>
							</additionalProperties>
						</configuration>
					</execution>
				</executions>
			</plugin>
		</plugins>
	</build>

	<!-- tag::plugin-repositories[] -->
	<pluginRepositories>
		<pluginRepository>
			<id>spring-snapshots</id>
			<url>https://repo.spring.io/snapshot</url>
		</pluginRepository>
		<pluginRepository>
			<id>spring-milestones</id>
			<url>https://repo.spring.io/milestone</url>
		</pluginRepository>
	</pluginRepositories>
	<!-- end::plugin-repositories[] -->

</project>

