<code_scheme name="GeodeStyle">
  <option name="JAVA_INDENT_OPTIONS">
    <value>
      <option name="INDENT_SIZE" value="2" />
      <option name="CONTINUATION_INDENT_SIZE" value="4" />
      <option name="TAB_SIZE" value="8" />
      <option name="USE_TAB_CHARACTER" value="false" />
      <option name="SMART_TABS" value="false" />
      <option name="LABEL_INDENT_SIZE" value="0" />
      <option name="LABEL_INDENT_ABSOLUTE" value="false" />
      <option name="USE_RELATIVE_INDENTS" value="false" />
    </value>
  </option>
  <option name="OTHER_INDENT_OPTIONS">
    <value>
      <option name="INDENT_SIZE" value="2" />
      <option name="CONTINUATION_INDENT_SIZE" value="4" />
      <option name="TAB_SIZE" value="8" />
      <option name="USE_TAB_CHARACTER" value="false" />
      <option name="SMART_TABS" value="false" />
      <option name="LABEL_INDENT_SIZE" value="0" />
      <option name="LABEL_INDENT_ABSOLUTE" value="false" />
      <option name="USE_RELATIVE_INDENTS" value="false" />
    </value>
  </option>
  <option name="LINE_SEPARATOR" value="&#xA;" />
  <option name="CLASS_COUNT_TO_USE_IMPORT_ON_DEMAND" value="99" />
  <option name="NAMES_COUNT_TO_USE_IMPORT_ON_DEMAND" value="99" />
  <option name="PACKAGES_TO_USE_IMPORT_ON_DEMAND">
    <value />
  </option>
  <option name="IMPORT_LAYOUT_TABLE">
    <value>
      <package name="" withSubpackages="true" static="true" />
      <emptyLine />
      <package name="java" withSubpackages="true" static="false" />
      <emptyLine />
      <package name="javax" withSubpackages="true" static="false" />
      <emptyLine />
      <package name="" withSubpackages="true" static="false" />
      <emptyLine />
      <package name="org.apache.geode" withSubpackages="true" static="false" />
      <emptyLine />
      <package name="com.gemstone" withSubpackages="true" static="false" />
    </value>
  </option>
  <option name="STATIC_METHODS_ORDER_WEIGHT" value="5" />
  <option name="METHODS_ORDER_WEIGHT" value="4" />
  <option name="RIGHT_MARGIN" value="100" />
  <option name="JD_ALIGN_PARAM_COMMENTS" value="false" />
  <option name="JD_ALIGN_EXCEPTION_COMMENTS" value="false" />
  <option name="JD_ADD_BLANK_AFTER_DESCRIPTION" value="false" />
  <option name="JD_P_AT_EMPTY_LINES" value="false" />
  <option name="JD_KEEP_EMPTY_PARAMETER" value="false" />
  <option name="JD_KEEP_EMPTY_EXCEPTION" value="false" />
  <option name="JD_KEEP_EMPTY_RETURN" value="false" />
  <option name="HTML_KEEP_BLANK_LINES" value="1" />
  <option name="HTML_ALIGN_TEXT" value="true" />
  <option name="KEEP_LINE_BREAKS" value="false" />
  <option name="KEEP_FIRST_COLUMN_COMMENT" value="false" />
  <option name="KEEP_CONTROL_STATEMENT_IN_ONE_LINE" value="false" />
  <option name="KEEP_BLANK_LINES_IN_DECLARATIONS" value="1" />
  <option name="KEEP_BLANK_LINES_IN_CODE" value="1" />
  <option name="KEEP_BLANK_LINES_BEFORE_RBRACE" value="1" />
  <option name="BLANK_LINES_AROUND_CLASS" value="0" />
  <option name="BLANK_LINES_AROUND_FIELD" value="1" />
  <option name="BLANK_LINES_AFTER_CLASS_HEADER" value="1" />
  <option name="BRACE_STYLE" value="2" />
  <option name="CLASS_BRACE_STYLE" value="2" />
  <option name="METHOD_BRACE_STYLE" value="2" />
  <option name="ELSE_ON_NEW_LINE" value="true" />
  <option name="WHILE_ON_NEW_LINE" value="true" />
  <option name="CATCH_ON_NEW_LINE" value="true" />
  <option name="FINALLY_ON_NEW_LINE" value="true" />
  <option name="ALIGN_MULTILINE_PARAMETERS_IN_CALLS" value="true" />
  <option name="ALIGN_MULTILINE_BINARY_OPERATION" value="true" />
  <option name="ALIGN_MULTILINE_ASSIGNMENT" value="true" />
  <option name="ALIGN_MULTILINE_TERNARY_OPERATION" value="true" />
  <option name="ALIGN_MULTILINE_THROWS_LIST" value="true" />
  <option name="ALIGN_MULTILINE_EXTENDS_LIST" value="true" />
  <option name="ALIGN_MULTILINE_PARENTHESIZED_EXPRESSION" value="true" />
  <option name="ALIGN_MULTILINE_ARRAY_INITIALIZER_EXPRESSION" value="true" />
  <option name="SPACE_AFTER_TYPE_CAST" value="false" />
  <option name="SPACE_BEFORE_IF_PARENTHESES" value="false" />
  <option name="SPACE_BEFORE_WHILE_PARENTHESES" value="false" />
  <option name="SPACE_BEFORE_FOR_PARENTHESES" value="false" />
  <option name="SPACE_BEFORE_CATCH_PARENTHESES" value="false" />
  <option name="SPACE_BEFORE_SWITCH_PARENTHESES" value="false" />
  <option name="SPACE_BEFORE_SYNCHRONIZED_PARENTHESES" value="false" />
  <option name="CALL_PARAMETERS_WRAP" value="1" />
  <option name="CALL_PARAMETERS_LPAREN_ON_NEXT_LINE" value="true" />
  <option name="METHOD_PARAMETERS_WRAP" value="1" />
  <option name="EXTENDS_LIST_WRAP" value="1" />
  <option name="THROWS_LIST_WRAP" value="1" />
  <option name="EXTENDS_KEYWORD_WRAP" value="1" />
  <option name="THROWS_KEYWORD_WRAP" value="1" />
  <option name="METHOD_CALL_CHAIN_WRAP" value="1" />
  <option name="BINARY_OPERATION_WRAP" value="1" />
  <option name="BINARY_OPERATION_SIGN_ON_NEXT_LINE" value="true" />
  <option name="TERNARY_OPERATION_WRAP" value="1" />
  <option name="TERNARY_OPERATION_SIGNS_ON_NEXT_LINE" value="true" />
  <option name="FOR_STATEMENT_WRAP" value="1" />
  <option name="ARRAY_INITIALIZER_WRAP" value="1" />
  <option name="ASSIGNMENT_WRAP" value="5" />
  <option name="WRAP_COMMENTS" value="true" />
  <option name="IF_BRACE_FORCE" value="3" />
  <option name="DOWHILE_BRACE_FORCE" value="3" />
  <option name="WHILE_BRACE_FORCE" value="3" />
  <option name="FOR_BRACE_FORCE" value="3" />
  <JavaCodeStyleSettings>
    <option name="DO_NOT_WRAP_AFTER_SINGLE_ANNOTATION" value="true" />
    <option name="CLASS_NAMES_IN_JAVADOC" value="3" />
  </JavaCodeStyleSettings>
  <MarkdownNavigatorCodeStyleSettings>
    <option name="RIGHT_MARGIN" value="72" />
  </MarkdownNavigatorCodeStyleSettings>
  <XML>
    <option name="XML_KEEP_BLANK_LINES" value="1" />
    <option name="XML_LEGACY_SETTINGS_IMPORTED" value="true" />
  </XML>
  <ADDITIONAL_INDENT_OPTIONS fileType="haml">
    <option name="INDENT_SIZE" value="2" />
  </ADDITIONAL_INDENT_OPTIONS>
  <ADDITIONAL_INDENT_OPTIONS fileType="java">
    <option name="INDENT_SIZE" value="2" />
    <option name="CONTINUATION_INDENT_SIZE" value="4" />
    <option name="TAB_SIZE" value="8" />
  </ADDITIONAL_INDENT_OPTIONS>
  <ADDITIONAL_INDENT_OPTIONS fileType="js">
    <option name="CONTINUATION_INDENT_SIZE" value="4" />
  </ADDITIONAL_INDENT_OPTIONS>
  <ADDITIONAL_INDENT_OPTIONS fileType="sass">
    <option name="INDENT_SIZE" value="2" />
  </ADDITIONAL_INDENT_OPTIONS>
  <ADDITIONAL_INDENT_OPTIONS fileType="yml">
    <option name="INDENT_SIZE" value="2" />
  </ADDITIONAL_INDENT_OPTIONS>
  <codeStyleSettings language="ECMA Script Level 4">
    <option name="KEEP_BLANK_LINES_IN_CODE" value="1" />
    <option name="ALIGN_MULTILINE_PARAMETERS_IN_CALLS" value="true" />
    <option name="ALIGN_MULTILINE_BINARY_OPERATION" value="true" />
    <option name="ALIGN_MULTILINE_TERNARY_OPERATION" value="true" />
    <option name="ALIGN_MULTILINE_EXTENDS_LIST" value="true" />
    <option name="ALIGN_MULTILINE_ARRAY_INITIALIZER_EXPRESSION" value="true" />
    <option name="CALL_PARAMETERS_WRAP" value="1" />
    <option name="METHOD_PARAMETERS_WRAP" value="1" />
    <option name="EXTENDS_LIST_WRAP" value="1" />
    <option name="EXTENDS_KEYWORD_WRAP" value="1" />
    <option name="METHOD_CALL_CHAIN_WRAP" value="1" />
    <option name="BINARY_OPERATION_WRAP" value="1" />
    <option name="BINARY_OPERATION_SIGN_ON_NEXT_LINE" value="true" />
    <option name="TERNARY_OPERATION_WRAP" value="1" />
    <option name="TERNARY_OPERATION_SIGNS_ON_NEXT_LINE" value="true" />
    <option name="FOR_STATEMENT_WRAP" value="1" />
    <option name="ARRAY_INITIALIZER_WRAP" value="1" />
    <option name="ASSIGNMENT_WRAP" value="5" />
    <option name="WRAP_COMMENTS" value="true" />
    <option name="IF_BRACE_FORCE" value="3" />
    <option name="DOWHILE_BRACE_FORCE" value="3" />
    <option name="WHILE_BRACE_FORCE" value="3" />
    <option name="FOR_BRACE_FORCE" value="3" />
    <option name="PARENT_SETTINGS_INSTALLED" value="true" />
  </codeStyleSettings>
  <codeStyleSettings language="JAVA">
    <option name="RIGHT_MARGIN" value="100" />
    <option name="KEEP_CONTROL_STATEMENT_IN_ONE_LINE" value="false" />
    <option name="KEEP_BLANK_LINES_IN_CODE" value="1" />
    <option name="CALL_PARAMETERS_WRAP" value="1" />
    <option name="METHOD_PARAMETERS_WRAP" value="1" />
    <option name="EXTENDS_LIST_WRAP" value="1" />
    <option name="THROWS_LIST_WRAP" value="1" />
    <option name="EXTENDS_KEYWORD_WRAP" value="1" />
    <option name="THROWS_KEYWORD_WRAP" value="1" />
    <option name="METHOD_CALL_CHAIN_WRAP" value="1" />
    <option name="BINARY_OPERATION_WRAP" value="1" />
    <option name="BINARY_OPERATION_SIGN_ON_NEXT_LINE" value="true" />
    <option name="TERNARY_OPERATION_WRAP" value="1" />
    <option name="TERNARY_OPERATION_SIGNS_ON_NEXT_LINE" value="true" />
    <option name="FOR_STATEMENT_WRAP" value="1" />
    <option name="ARRAY_INITIALIZER_WRAP" value="1" />
    <option name="ASSIGNMENT_WRAP" value="5" />
    <option name="IF_BRACE_FORCE" value="3" />
    <option name="DOWHILE_BRACE_FORCE" value="3" />
    <option name="WHILE_BRACE_FORCE" value="3" />
    <option name="FOR_BRACE_FORCE" value="3" />
    <indentOptions>
      <option name="INDENT_SIZE" value="2" />
      <option name="CONTINUATION_INDENT_SIZE" value="4" />
      <option name="TAB_SIZE" value="8" />
    </indentOptions>
  </codeStyleSettings>
  <codeStyleSettings language="JavaScript">
    <option name="KEEP_BLANK_LINES_IN_CODE" value="1" />
    <option name="ALIGN_MULTILINE_PARAMETERS_IN_CALLS" value="true" />
    <option name="ALIGN_MULTILINE_BINARY_OPERATION" value="true" />
    <option name="ALIGN_MULTILINE_TERNARY_OPERATION" value="true" />
    <option name="ALIGN_MULTILINE_ARRAY_INITIALIZER_EXPRESSION" value="true" />
    <option name="CALL_PARAMETERS_WRAP" value="1" />
    <option name="METHOD_PARAMETERS_WRAP" value="1" />
    <option name="METHOD_CALL_CHAIN_WRAP" value="1" />
    <option name="BINARY_OPERATION_WRAP" value="1" />
    <option name="BINARY_OPERATION_SIGN_ON_NEXT_LINE" value="true" />
    <option name="TERNARY_OPERATION_WRAP" value="1" />
    <option name="TERNARY_OPERATION_SIGNS_ON_NEXT_LINE" value="true" />
    <option name="FOR_STATEMENT_WRAP" value="1" />
    <option name="ARRAY_INITIALIZER_WRAP" value="1" />
    <option name="ASSIGNMENT_WRAP" value="5" />
    <option name="WRAP_COMMENTS" value="true" />
    <option name="IF_BRACE_FORCE" value="3" />
    <option name="DOWHILE_BRACE_FORCE" value="3" />
    <option name="WHILE_BRACE_FORCE" value="3" />
    <option name="FOR_BRACE_FORCE" value="3" />
    <option name="PARENT_SETTINGS_INSTALLED" value="true" />
  </codeStyleSettings>
  <codeStyleSettings language="PHP">
    <option name="KEEP_CONTROL_STATEMENT_IN_ONE_LINE" value="false" />
    <option name="KEEP_BLANK_LINES_IN_CODE" value="1" />
    <option name="BLANK_LINES_AFTER_CLASS_HEADER" value="1" />
    <option name="ALIGN_MULTILINE_ASSIGNMENT" value="true" />
    <option name="ALIGN_MULTILINE_TERNARY_OPERATION" value="true" />
    <option name="ALIGN_MULTILINE_THROWS_LIST" value="true" />
    <option name="ALIGN_MULTILINE_EXTENDS_LIST" value="true" />
    <option name="ALIGN_MULTILINE_PARENTHESIZED_EXPRESSION" value="true" />
    <option name="CALL_PARAMETERS_WRAP" value="1" />
    <option name="METHOD_PARAMETERS_WRAP" value="1" />
    <option name="EXTENDS_LIST_WRAP" value="1" />
    <option name="THROWS_LIST_WRAP" value="1" />
    <option name="EXTENDS_KEYWORD_WRAP" value="1" />
    <option name="THROWS_KEYWORD_WRAP" value="1" />
    <option name="METHOD_CALL_CHAIN_WRAP" value="1" />
    <option name="BINARY_OPERATION_WRAP" value="1" />
    <option name="BINARY_OPERATION_SIGN_ON_NEXT_LINE" value="true" />
    <option name="TERNARY_OPERATION_WRAP" value="1" />
    <option name="TERNARY_OPERATION_SIGNS_ON_NEXT_LINE" value="true" />
    <option name="FOR_STATEMENT_WRAP" value="1" />
    <option name="ARRAY_INITIALIZER_WRAP" value="1" />
    <option name="ASSIGNMENT_WRAP" value="5" />
    <option name="WRAP_COMMENTS" value="true" />
    <option name="IF_BRACE_FORCE" value="3" />
    <option name="DOWHILE_BRACE_FORCE" value="3" />
    <option name="WHILE_BRACE_FORCE" value="3" />
    <option name="FOR_BRACE_FORCE" value="3" />
    <option name="PARENT_SETTINGS_INSTALLED" value="true" />
    <indentOptions>
      <option name="INDENT_SIZE" value="4" />
      <option name="CONTINUATION_INDENT_SIZE" value="8" />
      <option name="TAB_SIZE" value="4" />
      <option name="USE_TAB_CHARACTER" value="false" />
      <option name="SMART_TABS" value="false" />
      <option name="LABEL_INDENT_SIZE" value="0" />
      <option name="LABEL_INDENT_ABSOLUTE" value="false" />
      <option name="USE_RELATIVE_INDENTS" value="false" />
    </indentOptions>
  </codeStyleSettings>
</code_scheme>
