{
    "generator-jhipster": {
        "applicationType": "gateway",
        "authenticationType": "jwt",
        "baseName": "reactiveGateway",
        "buildTool": "maven",
        "cacheProvider": "no",
        "creationTimestamp": 1596513172471,
        "databaseType": "mongodb",
        "devDatabaseType": "mongodb",
        "enableHibernateCache": false,
        "enableTranslation": true,
        "jhiPrefix": "jhi",
        "jwtSecretKey": "ZjY4MTM4YjI5YzMwZjhjYjI2OTNkNTRjMWQ5Y2Q0Y2YwOWNmZTE2NzRmYzU3NTMwM2NjOTE3MTllOTM3MWRkMzcyYTljMjVmNmQ0Y2MxOTUzODc0MDhhMTlkMDIxMzI2YzQzZDM2ZDE3MmQ3NjVkODk3OTVmYzljYTQyZDNmMTQ=",
        "languages": ["en", "es"],
        "nativeLanguage": "en",
        "packageFolder": "tech/jhipster/gateway",
        "packageName": "tech.jhipster.gateway",
        "prodDatabaseType": "mongodb",
        "reactive": true,
        "searchEngine": "no",
        "serverPort": "8080",
        "serviceDiscoveryType": "eureka",
        "testFrameworks": ["cypress"],
        "websocket": "no"
    }
}
