{
  "compilerOptions": {
    "exactOptionalPropertyTypes": false,
    "target": "ES2022",
    "lib": ["DOM", "ESNext"],
    "allowJs": false,
    "checkJs": false,
    "module": "ES2022",
    "strict": true,
    "isolatedModules": true,
    "esModuleInterop": true,
    "skipLibCheck": true,
    "noUnusedLocals": true,
    "noUnusedParameters": true,
    "jsx": "preserve",
    "resolveJsonModule": true,
    "moduleResolution": "Bundler",
    "useDefineForClassFields": true,
    "noPropertyAccessFromIndexSignature": false,
    "allowUnusedLabels": false,
    "allowUnreachableCode": false,
    "noFallthroughCasesInSwitch": true,
    "noImplicitOverride": true,
    "noImplicitReturns": true,
    "noUncheckedIndexedAccess": true
  },
  "$schema": "https://json.schemastore.org/tsconfig",
  "display": "Base"
}
