{
  "timestamp": {
    "$resolver": "timestamp",
    "pattern": {
      "format": "yyyy-MM-dd'T'HH:mm:ss.SSS",
      "timeZone": "UTC"
    }
  },
  "level": {
    "$resolver": "level",
    "field": "name"
  },
  "message": {
    "$resolver": "pattern",
    "pattern": "[${app_name}][%X{traceId}|%X{spanId}][%thread] (%F:%line)[%method] -> %mm",
    "stackTraceEnabled": false
  },
  "exception": {
    "stacktrace": {
      "$resolver": "exception",
      "field": "stackTrace",
      "stringified": true
    }
  }
}