{
  "job": {
    "setting": {
      "speed": {
        "channel": 2
      }
    },
    "content": {
      "reader": {
        "name": "dbfreader",
        "parameter": {
          "column": [
            {
              "index": 0,
              "type": "string"
            },
            {
              "index": 1,
              "type": "long"
            },
            {
              "index": 2,
              "type": "string"
            },
            {
              "index": 3,
              "type": "boolean"
            },
            {
              "index": 4,
              "type": "string"
            },
            {
              "value": "201908",
              "type": "string"
            },
            {
              "value": "dbf",
              "type": "string"
            }
          ],
          "path": [
            "/tmp/out"
          ],
          "compress": "gzip",
          "encoding": "UTF-8"
        }
      },
      "writer": {
        "name": "streamwriter",
        "parameter": {
          "print": "true"
        }
      }
    }
  }
}
