{
  "job": {
    "content": {
      "reader": {
        "name": "dbfreader",
        "parameter": {
          "column": [
            {
              "index": 0,
              "type": "string"
            },
            {
              "index": 1,
              "type": "string"
            },
            {
              "index": 2,
              "type": "string"
            },
            {
              "index": 3,
              "type": "string"
            },
            {
              "index": 4,
              "type": "string"
            },
            {
              "index": 5,
              "type": "string"
            },
            {
              "index": 6,
              "type": "string"
            },
            {
              "index": 7,
              "type": "string"
            },
            {
              "index": 8,
              "type": "string"
            },
            {
              "index": 9,
              "type": "string"
            },
            {
              "index": 10,
              "type": "string"
            },
            {
              "index": 11,
              "type": "string"
            },
            {
              "index": 12,
              "type": "string"
            },
            {
              "index": 13,
              "type": "string"
            },
            {
              "index": 14,
              "type": "string"
            },
            {
              "index": 15,
              "type": "string"
            },
            {
              "index": 16,
              "type": "string"
            },
            {
              "index": 17,
              "type": "string"
            },
            {
              "index": 18,
              "type": "string"
            },
            {
              "index": 19,
              "type": "string"
            },
            {
              "index": 20,
              "type": "string"
            },
            {
              "index": 21,
              "type": "string"
            },
            {
              "index": 22,
              "type": "string"
            },
            {
              "index": 23,
              "type": "string"
            },
            {
              "index": 24,
              "type": "string"
            },
            {
              "index": 25,
              "type": "string"
            },
            {
              "index": 26,
              "type": "string"
            },
            {
              "index": 27,
              "type": "string"
            },
            {
              "index": 28,
              "type": "string"
            },
            {
              "index": 29,
              "type": "string"
            },
            {
              "index": 30,
              "type": "string"
            },
            {
              "index": 31,
              "type": "string"
            },
            {
              "index": 32,
              "type": "string"
            },
            {
              "index": 33,
              "type": "string"
            },
            {
              "index": 34,
              "type": "string"
            },
            {
              "index": 35,
              "type": "string"
            },
            {
              "index": 36,
              "type": "string"
            },
            {
              "index": 37,
              "type": "string"
            },
            {
              "index": 38,
              "type": "string"
            },
            {
              "index": 39,
              "type": "string"
            },
            {
              "index": 40,
              "type": "string"
            },
            {
              "index": 41,
              "type": "string"
            },
            {
              "index": 42,
              "type": "string"
            },
            {
              "index": 43,
              "type": "string"
            },
            {
              "index": 44,
              "type": "string"
            },
            {
              "index": 45,
              "type": "string"
            },
            {
              "index": 46,
              "type": "string"
            },
            {
              "index": 47,
              "type": "string"
            },
            {
              "index": 48,
              "type": "string"
            },
            {
              "index": 49,
              "type": "string"
            },
            {
              "index": 50,
              "type": "string"
            },
            {
              "index": 51,
              "type": "string"
            },
            {
              "index": 52,
              "type": "string"
            },
            {
              "value": "201908",
              "type": "string"
            },
            {
              "value": "dbf",
              "type": "string"
            }
          ],
          "path": "/tmp/qtymtzl100027.dbf",
          "encoding": "GBK"
        }
      },
      "writer": {
        "name": "hdfswriter",
        "parameter": {
          "column": [
            {
              "name": "ymth",
              "type": "string"
            },
            {
              "name": "ymtzt",
              "type": "string"
            },
            {
              "name": "khrq",
              "type": "string"
            },
            {
              "name": "xhrq",
              "type": "string"
            },
            {
              "name": "khfs",
              "type": "string"
            },
            {
              "name": "khmc",
              "type": "string"
            },
            {
              "name": "khlb",
              "type": "string"
            },
            {
              "name": "gjdm",
              "type": "string"
            },
            {
              "name": "zjlb",
              "type": "string"
            },
            {
              "name": "zjdm",
              "type": "string"
            },
            {
              "name": "jzrq",
              "type": "string"
            },
            {
              "name": "zjdz",
              "type": "string"
            },
            {
              "name": "fzzjlb",
              "type": "string"
            },
            {
              "name": "fzzjdm",
              "type": "string"
            },
            {
              "name": "fzjzrq",
              "type": "string"
            },
            {
              "name": "fzzjdz",
              "type": "string"
            },
            {
              "name": "csrq",
              "type": "string"
            },
            {
              "name": "xb",
              "type": "string"
            },
            {
              "name": "xldm",
              "type": "string"
            },
            {
              "name": "zyxz",
              "type": "string"
            },
            {
              "name": "mzdm",
              "type": "string"
            },
            {
              "name": "jglb",
              "type": "string"
            },
            {
              "name": "zbsx",
              "type": "string"
            },
            {
              "name": "gysx",
              "type": "string"
            },
            {
              "name": "jgjc",
              "type": "string"
            },
            {
              "name": "ywmc",
              "type": "string"
            },
            {
              "name": "gswz",
              "type": "string"
            },
            {
              "name": "frxm",
              "type": "string"
            },
            {
              "name": "frzjlb",
              "type": "string"
            },
            {
              "name": "frzjdm",
              "type": "string"
            },
            {
              "name": "lxrxm",
              "type": "string"
            },
            {
              "name": "lxrzjlb",
              "type": "string"
            },
            {
              "name": "lxrzjdm",
              "type": "string"
            },
            {
              "name": "yddh",
              "type": "string"
            },
            {
              "name": "gddh",
              "type": "string"
            },
            {
              "name": "czhm",
              "type": "string"
            },
            {
              "name": "lxdz",
              "type": "string"
            },
            {
              "name": "lxyb",
              "type": "string"
            },
            {
              "name": "dzyx",
              "type": "string"
            },
            {
              "name": "dxfwbs",
              "type": "string"
            },
            {
              "name": "wlfwbs",
              "type": "string"
            },
            {
              "name": "cpjc",
              "type": "string"
            },
            {
              "name": "cpdqr",
              "type": "string"
            },
            {
              "name": "cplb",
              "type": "string"
            },
            {
              "name": "glrmc",
              "type": "string"
            },
            {
              "name": "glrzjlb",
              "type": "string"
            },
            {
              "name": "glrzjdm",
              "type": "string"
            },
            {
              "name": "tgrmc",
              "type": "string"
            },
            {
              "name": "tgrzjlb",
              "type": "string"
            },
            {
              "name": "tgrzjdm",
              "type": "string"
            },
            {
              "name": "byzd1",
              "type": "string"
            },
            {
              "name": "byzd2",
              "type": "string"
            },
            {
              "name": "byzd3",
              "type": "string"
            },
            {
              "name": "logdate",
              "type": "string"
            },
            {
              "name": "kind",
              "type": "string"
            }
          ],
          "compress": "SNAPPY",
          "defaultFS": "hdfs://sandbox",
          "fieldDelimiter": "\t",
          "fileName": "dbf_qtymtzl",
          "fileType": "orc",
          "path": "/tmp/qtymtzl",
          "writeMode": "overwrite",
          "haveKerberos": "true",
          "kerberosKeytabFilePath": "/etc/security/keytabs/hive.headless.keytab",
          "kerberosPrincipal": "hive@SANDBOX.COM",
          "hadoopConfig": {
            "dfs.nameservices": "sandbox",
            "dfs.ha.namenodes.sandbox": "nn1,nn2",
            "dfs.namenode.rpc-address.sandbox.nn1": "hdp1.sandbox.com:8020",
            "dfs.namenode.rpc-address.sandbox.nn2": "hdp2.sandbox.com:8020",
            "dfs.client.failover.proxy.provider.sandbox": "org.apache.hadoop.hdfs.server.namenode.ha.ConfiguredFailoverProxyProvider"
          }
        }
      }
    },
    "setting": {
      "speed": {
        "channel": 2,
        "byte": -1,
        "record": -1
      }
    }
  }
}