{
  "job": {
    "content": [
      {
        "reader": {
          "name": "oraclereader",
          "parameter": {
            "username": "oracle",
            "password": "password",
            "where": "",
            "column": [
              "BRANCH_NO",
              "BRANCH_NAME"
            ],
            "connection": {
              "jdbcUrl": "jdbc:oracle:thin:@127.0.0.1:1521/stage",
              "table": [
                "ALLBRANCH"
              ]
            }
          }
        },
        "writer": {
          "name": "txtfilewriter",
          "parameter": {
            "column": [
              {
                "name": "branch_no",
                "type": "bigint"
              },
              {
                "name": "col2",
                "type": "string",
                "value": ""
              },
              {
                "name": "branch_name",
                "type": "string"
              }
            ],
            "fieldDelimiter": "\u0001",
            "fileName": "allbranch",
            "path": "/tmp/out",
            "writeMode": "truncate"
          }
        }
      }
    ],
    "setting": {
      "speed": {
        "bytes": -1,
        "channel": 10
      }
    }
  }
}