{
  "job": {
    "setting": {
      "speed": {
        "channel": 1
      }
    },
    "content": {
      "reader": {
        "name": "streamreader",
        "parameter": {
          "column": [
            {
              "value": "addax",
              "type": "string"
            },
            {
              "value": 19890604,
              "type": "long"
            },
            {
              "value": "1989-06-04 00:00:00",
              "type": "date"
            },
            {
              "value": true,
              "type": "bool"
            },
            {
              "value": "test",
              "type": "bytes"
            }
          ],
          "sliceRecordCount": 1000
        }
      },
      "writer": {
        "name": "clickhousewriter",
        "parameter": {
          "username": "default",
          "password": "",
          "column": [
            "*"
          ],
          "connection": {
            "table": [
              "test_tbl"
            ],
            "jdbcUrl": "jdbc:clickhouse://127.0.0.1:8123/default",
            "postSql": "select 1",
            "preSql": "truncate table @table"
          }
        }
      }
    }
  }
}
