{
  "job": {
    "setting": {
        "speed": {
            "channel": 1
        }
    },
    "content": [
      {
        "reader": {
            "name": "streamreader",
            "parameter": {
              "column": [
                    {"random": "10,1000", "type": "long"},
                    {"value": "1.1.1.1", "type": "string"},
                    {"value": 19890604.0, "type": "double"},
                    {"value": 19890604, "type": "long"},
                    {"value": 19890604, "type": "long"},
                    {"value": "hello world", "type": "string"},
                    {"value": "long text", "type": "string"},
                    {"value": "41.12,-71.34", "type": "string"},
                    {"value": "2017-05-25 11:22:33", "type": "string"}
                    ],
            "sliceRecordCount": 100
            }
        },
        "writer": {
          "name": "elasticsearchwriter",
          "parameter": {
            "endpoint": "http://localhost:9200",
            "index": "test-1",
            "type": "default",
            "cleanup": true,
            "settings": {"index" :{"number_of_shards": 1, "number_of_replicas": 0}},
            "discovery": false,
            "batchSize": 1000,
            "splitter": ",",
            "column": [
              {"name": "pk", "type": "id"},
              { "name": "col_ip","type": "ip" },
              { "name": "col_double","type": "double" },
              { "name": "col_long","type": "long" },
              { "name": "col_integer","type": "integer" },
              { "name": "col_keyword", "type": "keyword" },
              { "name": "col_text", "type": "text", "analyzer": "ik_max_word"},
              { "name": "col_geo_point", "type": "geo_point" },
              { "name": "col_date", "type": "date", "format": "yyyy-MM-dd HH:mm:ss"},
              { "name": "col_nested1", "type": "nested" },
              { "name": "col_nested2", "type": "nested" },
              { "name": "col_object1", "type": "object" },
              { "name": "col_object2", "type": "object" },
              { "name": "col_integer_array", "type":"integer", "array":true},
              { "name": "col_geo_shape", "type":"geo_shape", "tree": "quadtree", "precision": "10m"}
            ]
          }
        }
      }
    ]
  }
}
