{
  "job": {
    "setting": {
      "speed": {
        "batchSize": 20480,
        "bytes": -1,
        "channel": 1
      }
    },
    "content": {
      "reader": {
        "name": "streamreader",
        "parameter": {
          "column": [
            {
              "value": "addax",
              "type": "string"
            },
            {
              "value": 19880808,
              "type": "long"
            },
            {
              "value": "1989-06-04 00:00:00",
              "type": "date"
            },
            {
              "value": true,
              "type": "bool"
            },
            {
              "value": "中文测试",
              "type": "string"
            }
          ],
          "sliceRecordCount": 10
        }
      },
      "writer": {
        "name": "dbfwriter",
        "parameter": {
          "column": [
            {
              "name": "col1",
              "type": "char",
              "length": 100
            },
            {
              "name": "col2",
              "type": "numeric",
              "length": 18,
              "scale": 0
            },
            {
              "name": "col3",
              "type": "date"
            },
            {
              "name": "col4",
              "type": "logical"
            },
            {
              "name": "col5",
              "type": "char",
              "length": 100
            }
          ],
          "fileName": "test.dbf",
          "path": "/tmp/out",
          "writeMode": "truncate",
          "encoding": "UTF-8"
        }
      }
    }
  }
}
