{
  "job": {
    "setting": {
      "speed": {
        "channel": 2
      }
    },
    "content": {
      "reader": {
        "name": "streamreader",
        "parameter": {
          "column": [
            {
              "random": "1,500",
              "type": "long"
            },
            {
              "random": "1,127",
              "type": "long"
            },
            {
              "value": "this is a text",
              "type": "string"
            },
            {
              "random": "5,200",
              "type": "long"
            }
          ],
          "sliceRecordCount": 100
        }
      },
      "writer": {
        "name": "databendwriter",
        "parameter": {
          "preSql": [
            "truncate table @table"
          ],
          "postSql": [
          ],
          "username": "u1",
          "password": "123",
          "database": "example_db",
          "table": "table1",
          "jdbcUrl": "jdbc:mysql://127.0.0.1:3307/example_db",
          "loadUrl": [
            "127.0.0.1:8000",
            "127.0.0.1:8000"
          ],
          "fieldDelimiter": "\\x01",
          "lineDelimiter": "\\x02",
          "column": [
            "*"
          ],
          "format": "csv"
        }
      }
    }
  }
}
