{
 "actions": [],
 "creation": "2015-03-24 14:28:15.882903",
 "doctype": "DocType",
 "document_type": "Other",
 "editable_grid": 1,
 "engine": "InnoDB",
 "field_order": [
  "module"
 ],
 "fields": [
  {
   "fieldname": "module",
   "fieldtype": "Data",
   "in_list_view": 1,
   "label": "Module",
   "reqd": 1
  }
 ],
 "istable": 1,
 "links": [],
 "modified": "2022-08-03 12:20:52.738977",
 "modified_by": "Administrator",
 "module": "Core",
 "name": "Block Module",
 "owner": "Administrator",
 "permissions": [],
 "sort_field": "modified",
 "sort_order": "DESC",
 "states": []
}