Issuing Bank;1;0;1
Rating Agency;1;0;1
Grantor Trust;1;0;1
The Issuing Bank;1;0;1
The ;1;0;1
Investors Service;1;0;1
The Issuing Bank;1;0;1
Each Bank;1;0;1
Any Bank;1;0;1
Any;1;0;1
Any Issuing Bank;1;0;1
Pension Benefit Guranty;1;0;1
An Issuing Bank;1;0;1
Hedge Bank;1;0;1
Cash Management Bank;1;0;1
Fronting Bank;1;0;1
LC Issuing Bank;1;0;1
Depository Bank;1;0;1
An Issuing Bank;1;0;1
Clearing Agency;1;0;1
Operating Partnership;1;0;1
Each Issuing Bank;1;0;1
Swing Line Bank;1;0;1
Financial Services;1;0;1
Any Company;1;0;1
Each;1;0;1
The Applicable Issuing Bank;1;0;1
U.S. Bank;1;0;1
Other Securitization Trust;1;0;1
Issuing ;1;0;1
Refererence Bank;1;0;1
Successor Company;1;0;1
Lead Securitization Trust;1;0;1
No Company;1;0;1
Non-Serviced Trust;1;0;1
Federal Emergency Management Agency;1;0;1
Group Company;1;0;1
Approved Bank;1;0;1
Defaulting Bank;1;0;1
Title Company;1;0;1
The Assuming Bank;1;0;1
Any Issuing ;1;0;1
Parent Company;1;0;1
Surviving;1;0;1
Collateral Agency;1;0;1
Best Company;1;0;1
The;1;0;1
The Designated;1;0;1
Titling Trust;1;0;1
Each Company;1;0;1
An Issuing ;1;0;1
The Applicable Issuing;1;0;1
Life Company;1;0;1
Acquired Company;1;0;1
Subsidiary Bank;1;0;1
The Investment;1;0;1
Management Company;1;0;1
TheTitling Trust;1;0;1
Delaware;1;0;1
Securitization Trust;1;0;1
Such Bank;1;0;1
The Depository Bank;1;0;1
Target Company;1;0;1
Mortgage Trust;1;0;1
An Dealership Holding;1;0;1
U.S. Bank;1;0;1
General;1;0;1
Each Issuing ;1;0;1
Limited Partnership;1;0;1
Such Issuing Bank;1;0;1
Holding Company;1;0;1
This Certifies That Cede;1;0;1
Borrower and Bank;1;0;1
Branch Banking and Trust Company;1;0;1
International Banking Law & Practice;1;0;1
Surviving Company;1;0;1
The European Central Bank;1;0;1
No;1;0;1
Swap Bank;1;0;1
The LC;1;0;1
Account Bank;1;0;1
No Issuing Bank;1;0;1
Accounts Bank;1;0;1
U.S. ;1;0;1
Transferred Company;1;0;1
Any Other Bank;1;0;1
Deposit Bank;1;0;1
Insurance Company;1;0;1
Limited Liability Company;1;0;1
US Bank;1;0;1
Trustee Bank;1;0;1
The Swing Line Bank;1;0;1
The Intermediate;1;0;1
The Federal Reserve;1;0;1
Agent Bank;1;0;1
Deposit Account Bank;1;0;1
Master Trust;1;0;1
Affected Bank;1;0;1
Stores;1;0;1
LC Bank;1;0;1
Each Lender and Issuing Bank;1;0;1
The;1;0;1
Investment Company;1;0;1
Brands;1;0;1
Title Insurance Company;1;0;1
Each Rating Agency;1;0;1
Agent, Issuing Bank;1;0;1
Holdings ;1;0;1
Best Company;1;0;1
Post Holdings;1;0;1
Exhibit;1;0;1
Investment ;1;0;1
The Parent Company;1;0;1
No Bank;1;0;1
Owners;1;0;1
Canada;1;0;1
LC Facility Issuing Bank;1;0;1
Delaware General;1;0;1
Portfolio Company;1;0;1
Local Currency Bank;1;0;1
Successor;1;0;1
Any Subsidiary of the Company;1;0;1
The Failed Bank;1;0;1
Principal Company;1;0;1
The Relevant Issuing Bank;1;0;1
US Bank;1;0;1
Bank Trust;1;0;1
Liability Company;1;0;1
Non-Lead Securitization Trust;1;0;1
Such;1;0;1
Senior Issuing Bank;1;0;1
The Agent;1;0;1
The Operating Partnership;1;0;1
End;1;0;1
The Replaced Issuing Bank;1;0;1
Trade Bank;1;0;1
The Successor Company;1;0;1
Debt;1;0;1
Denver;1;0;1
The Board of Directors of the;1;0;1
Governmental Agency;1;0;1
The and The Company;1;0;1
No Partnership;1;0;1
Lender and Issuing Bank;1;0;1
Granting Bank;1;0;1
Inc. PA CS Holdco;1;0;1
Any Other Bank;1;0;1
Blocked Account Bank;1;0;1
Operating Company;1;0;1
Inc Research;1;0;1
No Cash Management Bank;1;0;1
Finance;1;0;1
Any Rating Agency;1;0;1
The Service Company;1;0;1
Depository Bank;1;0;1
Non-Extending Bank;1;0;1
Banking and Trust Company;1;0;1
Foreign Bank;1;0;1
Any Subsidiary of the ;1;0;1
Whole Bank;1;0;1
The Lenders and the Issuing Bank;1;0;1
Holding;1;0;1
Depository Trust Company;1;0;1
Heding Bank;1;0;1
Each Lender and Each Issuing Bank;1;0;1
The Title Company;1;0;1
Assignment;1;0;1
Lender, Issuing Bank;1;0;1
The Grantor Trust;1;0;1
Additional Commitment Bank;1;0;1
The Insurance;1;0;1
The Swingline;1;0;1
Owner Trust;1;0;1
Public Company;1;0;1
The Rating Agency;1;0;1
The and The Issuing Bank;1;0;1
Investors Services;1;0;1
Associated Bank;1;0;1
Holdings ;1;0;1
This Master ;1;0;1
Inc. OH CS Holdco;1;0;1
Corporation Service Company;1;0;1
The Acquired Company;1;0;1
Liquidity Bank;1;0;1
Lockbox Bank;1;0;1
The Lenders and the Issuing ;1;0;1
Investor Services Corp;1;0;1
Designated Fronting Bank;1;0;1
The Master;1;0;1
Agreement, Bank;1;0;1
Companies;1;0;1
In Witness Whereof, Wilmington Trust;1;0;1
The Depository ;1;0;1
Maryland;1;0;1
Any Subsidiary Bank;1;0;1
Depository Company;1;0;1
Pledged Partnership;1;0;1
Corporate;1;0;1
Initial Issuing Bank;1;0;1
Holding Gmbh;1;0;1
The Successor ;1;0;1
Such Issuing;1;0;1
Intermediate Holding Company;1;0;1
Widely Held Fixed Investment Trust;1;0;1
Any Federal Reserve Bank;1;0;1
Las Vegas;1;0;1
This;1;0;1
Letter of Credit Bank;1;0;1
Financial;1;0;1
Failed Bank;1;0;1
Amended and Restated;1;0;1
Series;1;0;1
Additional Bank;1;0;1
That;1;0;1
The Applicable Cash Management Bank;1;0;1
Designated Partner;1;0;1
Collection Account Bank;1;0;1
Designated Partner LLC;1;0;1
The, Such Issuing Bank;1;0;1
Designated Partnership;1;0;1
Collections ;1;0;1
Agent and Issuing Bank;1;0;1
Services;1;0;1
Bank, Bank;1;0;1
II;1;0;1
Controlled Partnership;1;0;1
New Bank;1;0;1
Any Fronting Bank;1;0;1
That Bank;1;0;1
LLC;1;0;1
Parent Holding Company;1;0;1
Pledged ;1;0;1
Parent;1;0;1
Regulatory Agency;1;0;1
Finance;1;0;1
Each Reference Bank;1;0;1
The Administrative Agent and the;1;0;1
Street Owners;1;0;1
Savings Bank;1;0;1
Any Governmental Agency;1;0;1
Purchasing Bank;1;0;1
The Letter of Credit Bank;1;0;1
Restricted Company;1;0;1
The Grantor ;1;0;1
Service Company;1;0;1
Client Company;1;0;1
Consolidated Company;1;0;1
Manufacturing Company;1;0;1
Hedge;1;0;1
The Corporate;1;0;1
Approved Foreign Bank;1;0;1
