{
  "train": {
    "log_interval": 200,
    "eval_interval": 1000,
    "seed": 1234,
    "epochs": 20000,
    "learning_rate": 2e-4,
    "betas": [0.8, 0.99],
    "eps": 1e-9,
    "batch_size": 32,
    "fp16_run": true,
    "lr_decay": 0.999875,
    "segment_size": 8192,
    "init_lr_ratio": 1,
    "warmup_epochs": 0,
    "c_mel": 45,
    "c_kl": 1.0
  },
  "data": {
    "max_wav_value": 32768.0,
    "sampling_rate": 16000,
    "filter_length": 1024,
    "hop_length": 256,
    "win_length": 1024,
    "n_mel_channels": 80,
    "mel_fmin": 0.0,
    "mel_fmax": null
  },
  "model": {
    "use_mel_posterior_encoder": false,
    "inter_channels": 192,
    "hidden_channels": 192,
    "filter_channels": 768,
    "n_heads": 2,
    "n_layers": 6,
    "kernel_size": 3,
    "p_dropout": 0.1,
    "resblock": "2",
    "upsample_rates": [8,8,4],
    "upsample_kernel_sizes": [16,16,8],
    "upsample_initial_channel": 256,
    "resblock_kernel_sizes": [3,5,7],
    "resblock_dilation_sizes": [[1,2], [2,6], [3,12]],
    "n_layers_q": 3,
    "use_sdp": false,
    "use_spectral_norm": false,
    "gin_channels": 256
  }
}
