<!--
  ~ Copyright 2024 Apollo Authors
  ~
  ~ Licensed under the Apache License, Version 2.0 (the "License");
  ~ you may not use this file except in compliance with the License.
  ~ You may obtain a copy of the License at
  ~
  ~ http://www.apache.org/licenses/LICENSE-2.0
  ~
  ~ Unless required by applicable law or agreed to in writing, software
  ~ distributed under the License is distributed on an "AS IS" BASIS,
  ~ WITHOUT WARRANTIES OR CONDITIONS OF ANY KIND, either express or implied.
  ~ See the License for the specific language governing permissions and
  ~ limitations under the License.
  ~
-->
<assembly
	xmlns="http://maven.apache.org/plugins/maven-assembly-plugin/assembly/1.1.3"
	xmlns:xsi="http://www.w3.org/2001/XMLSchema-instance"
	xsi:schemaLocation="http://maven.apache.org/plugins/maven-assembly-plugin/assembly/1.1.3 http://maven.apache.org/xsd/assembly-1.1.3.xsd">
	<id>apollo-assembly</id>
	<formats>
		<format>zip</format>
	</formats>
	<includeBaseDirectory>false</includeBaseDirectory>
	<fileSets>
		<!--scripts -->
		<fileSet>
			<directory>src/main/scripts</directory>
			<outputDirectory>scripts</outputDirectory>
			<includes>
				<include>*.sh</include>
			</includes>
			<fileMode>0755</fileMode>
			<lineEnding>unix</lineEnding>
		</fileSet>
		<fileSet>
			<directory>target/classes</directory>
			<outputDirectory>/</outputDirectory>
			<includes>
				<include>apollo-configservice.conf</include>
			</includes>
			<lineEnding>unix</lineEnding>
		</fileSet>
		<fileSet>
			<directory>target/classes</directory>
			<outputDirectory>/config</outputDirectory>
			<includes>
				<include>application-github.properties</include>
				<include>application.properties</include>
			</includes>
		</fileSet>
		<!--artifact -->
		<fileSet>
			<directory>target</directory>
			<outputDirectory>/</outputDirectory>
			<includes>
				<include>${project.artifactId}-*.jar</include>
			</includes>
			<fileMode>0755</fileMode>
		</fileSet>
	</fileSets>
</assembly>
