<?xml version="1.0" encoding="UTF-8"?>
<!DOCTYPE mapper PUBLIC "-//mybatis.org//DTD Mapper 3.0//EN" "http://mybatis.org/dtd/mybatis-3-mapper.dtd">
<mapper namespace="com.myblog.dao.LinksMapper">
    <resultMap id="BaseResultMap" type="com.myblog.model.Links">
        <id column="lid" jdbcType="INTEGER" property="lid"/>
        <result column="name" jdbcType="VARCHAR" property="name"/>
        <result column="url" jdbcType="VARCHAR" property="url"/>
        <result column="logo" jdbcType="VARCHAR" property="logo"/>
        <result column="sort" jdbcType="INTEGER" property="sort"/>
    </resultMap>
    <sql id="Base_Column_List">
        lid
        , name, url, logo, sort
    </sql>
    <cache eviction="LRU"
           type="org.apache.ibatis.cache.impl.PerpetualCache"
           flushInterval="120000"
           size="1024"
           readOnly="true"/>
    <select id="selectByPrimaryKey" parameterType="java.lang.Integer" resultMap="BaseResultMap">
        select
        <include refid="Base_Column_List"/>
        from links
        where lid = #{lid,jdbcType=INTEGER}
    </select>
    <delete id="deleteByPrimaryKey" parameterType="java.lang.Integer">
        delete
        from links
        where lid = #{lid,jdbcType=INTEGER}
    </delete>
    <insert id="insert" parameterType="com.myblog.model.Links">
        insert into links (lid, name, url,
                           logo, sort)
        values (#{lid,jdbcType=INTEGER}, #{name,jdbcType=VARCHAR}, #{url,jdbcType=VARCHAR},
                #{logo,jdbcType=VARCHAR}, #{sort,jdbcType=INTEGER})
    </insert>
    <insert id="insertSelective" parameterType="com.myblog.model.Links">
        insert into links
        <trim prefix="(" suffix=")" suffixOverrides=",">
            <if test="lid != null">
                lid,
            </if>
            <if test="name != null">
                name,
            </if>
            <if test="url != null">
                url,
            </if>
            <if test="logo != null">
                logo,
            </if>
            <if test="sort != null">
                sort,
            </if>
        </trim>
        <trim prefix="values (" suffix=")" suffixOverrides=",">
            <if test="lid != null">
                #{lid,jdbcType=INTEGER},
            </if>
            <if test="name != null">
                #{name,jdbcType=VARCHAR},
            </if>
            <if test="url != null">
                #{url,jdbcType=VARCHAR},
            </if>
            <if test="logo != null">
                #{logo,jdbcType=VARCHAR},
            </if>
            <if test="sort != null">
                #{sort,jdbcType=INTEGER},
            </if>
        </trim>
    </insert>
    <update id="updateByPrimaryKeySelective" parameterType="com.myblog.model.Links">
        update links
        <set>
            <if test="name != null">
                name = #{name,jdbcType=VARCHAR},
            </if>
            <if test="url != null">
                url = #{url,jdbcType=VARCHAR},
            </if>
            <if test="logo != null">
                logo = #{logo,jdbcType=VARCHAR},
            </if>
            <if test="sort != null">
                sort = #{sort,jdbcType=INTEGER},
            </if>
        </set>
        where lid = #{lid,jdbcType=INTEGER}
    </update>
    <update id="updateByPrimaryKey" parameterType="com.myblog.model.Links">
        update links
        set name = #{name,jdbcType=VARCHAR},
            url  = #{url,jdbcType=VARCHAR},
            logo = #{logo,jdbcType=VARCHAR},
            sort = #{sort,jdbcType=INTEGER}
        where lid = #{lid,jdbcType=INTEGER}
    </update>
    <select id="getAllLinks" resultMap="BaseResultMap">
        select
        <include refid="Base_Column_List"/>
        from links
    </select>
</mapper>