<?xml version="1.0" encoding="UTF-8" ?>
<!DOCTYPE mapper PUBLIC "-//mybatis.org//DTD Mapper 3.0//EN" "http://mybatis.org/dtd/mybatis-3-mapper.dtd" >
<mapper namespace="com.myblog.dao.RelationMapper">
    <resultMap id="BaseResultMap" type="com.myblog.model.Relation">
        <id column="id" property="id" jdbcType="INTEGER"/>
        <result column="blogid" property="blogid" jdbcType="INTEGER"/>
        <result column="t_id" property="tId" jdbcType="INTEGER"/>
    </resultMap>
    <sql id="Base_Column_List">
        id
        , blogid, t_id
    </sql>
    <cache eviction="LRU"
           type="org.apache.ibatis.cache.impl.PerpetualCache"
           flushInterval="120000"
           size="1024"
           readOnly="true"/>
    <select id="selectByPrimaryKey" resultMap="BaseResultMap" parameterType="java.lang.Integer">
        select
        <include refid="Base_Column_List"/>
        from relation
        where id = #{id,jdbcType=INTEGER}
    </select>
    <delete id="deleteByPrimaryKey" parameterType="java.lang.Integer">
        delete
        from relation
        where id = #{id,jdbcType=INTEGER}
    </delete>
    <insert id="insert" parameterType="com.myblog.model.Relation">
        insert into relation (id, blogid, t_id)
        values (#{id,jdbcType=INTEGER}, #{blogid,jdbcType=INTEGER}, #{tId,jdbcType=INTEGER})
    </insert>
    <insert id="insertSelective" parameterType="com.myblog.model.Relation">
        insert into relation
        <trim prefix="(" suffix=")" suffixOverrides=",">
            <if test="id != null">
                id,
            </if>
            <if test="blogid != null">
                blogid,
            </if>
            <if test="tId != null">
                t_id,
            </if>
        </trim>
        <trim prefix="values (" suffix=")" suffixOverrides=",">
            <if test="id != null">
                #{id,jdbcType=INTEGER},
            </if>
            <if test="blogid != null">
                #{blogid,jdbcType=INTEGER},
            </if>
            <if test="tId != null">
                #{tId,jdbcType=INTEGER},
            </if>
        </trim>
    </insert>
    <update id="updateByPrimaryKeySelective" parameterType="com.myblog.model.Relation">
        update relation
        <set>
            <if test="blogid != null">
                blogid = #{blogid,jdbcType=INTEGER},
            </if>
            <if test="tId != null">
                t_id = #{tId,jdbcType=INTEGER},
            </if>
        </set>
        where id = #{id,jdbcType=INTEGER}
    </update>
    <update id="updateByPrimaryKey" parameterType="com.myblog.model.Relation">
        update relation
        set blogid = #{blogid,jdbcType=INTEGER},
            t_id   = #{tId,jdbcType=INTEGER}
        where id = #{id,jdbcType=INTEGER}
    </update>
</mapper>