{
  "copyTo": {
    "dist/demo": ["@fluentui/react-docsite-components/index.html"],
    "dist/sass": [
      "office-ui-fabric-core/dist/sass/**/*",
      "./src/common/_highContrast.scss",
      "./src/common/_i18n.scss",
      "./src/common/_semanticSlots.scss",
      "./src/common/_themeOverrides.scss",
      "./src/common/_legacyThemePalette.scss",
      "./src/common/_themeVariables.scss",
      "./src/common/ThemingSass.scss"
    ],
    "dist/css": ["office-ui-fabric-core/dist/css/**/*"],
    "lib": ["./src/**/docs/*", "./src/docs/*"],
    "lib-commonjs": ["./src/**/docs/*", "./src/docs/*"]
  }
}
