{
    "nixpkgs": {
        "branch": "master",
        "description": "Nix Packages collection",
        "homepage": "",
        "owner": "NixOS",
        "repo": "nixpkgs",
        "rev": "518fb6209492468f20b282b5e986549aadf80ef9",
        "sha256": "16c7wk7plvw4nv3i8l8h5nmkbg30d35b81lcwbfb7z51mr0zkrzz",
        "type": "tarball",
        "url": "https://github.com/NixOS/nixpkgs/archive/518fb6209492468f20b282b5e986549aadf80ef9.tar.gz",
        "url_template": "https://github.com/<owner>/<repo>/archive/<rev>.tar.gz"
    }
}
