{
  "$schema": "https://docs.renovatebot.com/renovate-schema.json",
  "extends": [
    "config:recommended",
    ":disableDependencyDashboard",
    "schedule:weekly"
  ],
  "ignoreDeps": [
    "com.google.android.gms:play-services-basement",
    "org.apache.httpcomponents:httpclient",
    "org.apache.httpcomponents:httpcore",
    "org.robolectric:nativeruntime-dist-compat",
    "org.junit.platform:junit-platform-launcher",
    "org.junit.jupiter:junit-jupiter-engine",
    "org.junit.vintage:junit-vintage-engine"
  ],
  "labels": [
    "dependencies"
  ],
  "packageRules": [
    {
      "groupName": "GitHub Actions",
      "matchManagers": "github-actions"
    },
    {
      "groupName": "Android Gradle Plugin",
      "matchManagers": "gradle",
      "matchPackageNames": [
        "com.android.library",
        "com.android.tools:common",
        "com.android.tools.build:gradle*"
      ]
    },
    {
      "groupName": "AndroidX Test",
      "matchManagers": "gradle",
      "matchPackageNames": [
        "androidx.test*"
      ]
    },
    {
      "groupName": "AndroidX",
      "matchManagers": "gradle",
      "matchPackageNames": [
        "androidx.*"
      ]
    }
  ],
  "prHourlyLimit": 5,
  "rebaseWhen": "conflicted"
}
