{
    "author": {
        "name": "nerds"
    },
    "name": "search",
    "description": "Search Collection",
    "version": "0.0.3",
    "engines": {
        "node": ">=0.4.9"
    },
    "dependencies": {},
    "devDependencies": {},
    "title": "Search",
    "run": "node search.js",
    "update": "auto",
    "github": "https://github.com/LockerProject/Locker",
    "type": "collection",
    "handle": "search",
    "provides": [
        "search"
    ],
    "events": [
        [
            "null/contacts",
            "/events",
            true
        ]
    ],
    "url": "",
    "upserted": 1768097745339,
    "manifest": "Collections/Search/package.json",
    "srcdir": "Collections/Search",
    "provider": "search",
    "id": "search",
    "installed": 1768094646015,
    "uri": "http://localhost:8042/Me/search/",
    "externalUri": "http://localhost:40271/Me/search/",
    "loaded": 1768097745328
}