{
  "BENTOML_HOME": "~/bentoml",
  "BENTOML_CONFIG": "",
  "BENTOML_DEBUG": "false",
  "BENTOML_QUIET": "false",
  "BENTOML_VERBOSITY": "0",
  "BENTOML_DO_NOT_TRACK": "false",
  "BENTOML_BUNDLE_LOCAL_BUILD": "true",
  "BENTOML_NO_LOCAL_URL": "false",
  "BENTOML_RESULT_STORE": "~/bentoml/task_result.db",
  "BENTOML_NUM_THREAD": "1",
  "BENTOML_ENABLE_FEATURES": "",
  "BENTOML_RETRY_RUNNER_REQUESTS": "false",
  "BENTOML_SERVE_FROM_SERVER_API": "false",
  "BENTOML_CONTAINERIZED": "",
  "BENTOML_CLOUD_CONTEXT": "",
  "GRPC_VERBOSITY": "NONE",
  "GRPC_TRACE": "",
  "BENTO_CLOUD_API_KEY": "",
  "BENTO_CLOUD_API_ENDPOINT": "https://cloud.bentoml.com"
}