[
  {
    "_id": "546bd960-5831-11ee-bd1b-d1fef172bc23",
    "_type": "visualization",
    "_source": {
      "title": "quickstart-avg(bytes_sent) top httphost",
      "visState": "{\"title\":\"quickstart-avg(bytes_sent) top httphost\",\"type\":\"line\",\"params\":{\"type\":\"line\",\"grid\":{\"categoryLines\":false,\"style\":{\"color\":\"#eee\"}},\"categoryAxes\":[{\"id\":\"CategoryAxis-1\",\"type\":\"category\",\"position\":\"bottom\",\"show\":true,\"style\":{},\"scale\":{\"type\":\"linear\"},\"labels\":{\"show\":true,\"truncate\":100},\"title\":{}}],\"valueAxes\":[{\"id\":\"ValueAxis-1\",\"name\":\"LeftAxis-1\",\"type\":\"value\",\"position\":\"left\",\"show\":true,\"style\":{},\"scale\":{\"type\":\"linear\",\"mode\":\"normal\"},\"labels\":{\"show\":true,\"rotate\":0,\"filter\":false,\"truncate\":100},\"title\":{\"text\":\"Average bytes_sent\"}}],\"seriesParams\":[{\"show\":\"true\",\"type\":\"line\",\"mode\":\"normal\",\"data\":{\"label\":\"Average bytes_sent\",\"id\":\"1\"},\"valueAxis\":\"ValueAxis-1\",\"drawLinesBetweenPoints\":true,\"showCircles\":true}],\"addTooltip\":true,\"addLegend\":true,\"legendPosition\":\"right\",\"times\":[],\"addTimeMarker\":false},\"aggs\":[{\"id\":\"1\",\"enabled\":true,\"type\":\"avg\",\"schema\":\"metric\",\"params\":{\"field\":\"bytes_sent\"}},{\"id\":\"2\",\"enabled\":true,\"type\":\"date_histogram\",\"schema\":\"segment\",\"params\":{\"field\":\"@timestamp\",\"timeRange\":{\"from\":\"now-15m\",\"to\":\"now\",\"mode\":\"quick\"},\"useNormalizedEsInterval\":true,\"interval\":\"auto\",\"drop_partials\":false,\"customInterval\":\"2h\",\"min_doc_count\":1,\"extended_bounds\":{}}},{\"id\":\"3\",\"enabled\":true,\"type\":\"terms\",\"schema\":\"group\",\"params\":{\"field\":\"http_host\",\"size\":5,\"order\":\"desc\",\"orderBy\":\"1\",\"otherBucket\":false,\"otherBucketLabel\":\"Other\",\"missingBucket\":false,\"missingBucketLabel\":\"Missing\"}}]}",
      "uiStateJSON": "{}",
      "description": "",
      "version": 1,
      "kibanaSavedObjectMeta": {
        "searchSourceJSON": "{\"index\":\"d4983250-77ee-11ee-8aa8-83e3db8dfcd0\",\"query\":{\"query\":\"\",\"language\":\"lucene\"},\"filter\":[]}"
      }
    },
    "_meta": {
      "savedObjectVersion": 2
    },
    "_migrationVersion": {
      "visualization": "6.7.2"
    }
  },
  {
    "_id": "f2511b10-65bd-11ee-bd1b-d1fef172bc23",
    "_type": "visualization",
    "_source": {
      "title": "quickstart-top httphost count",
      "visState": "{\"title\":\"quickstart-top httphost count\",\"type\":\"line\",\"params\":{\"type\":\"line\",\"grid\":{\"categoryLines\":false,\"style\":{\"color\":\"#eee\"}},\"categoryAxes\":[{\"id\":\"CategoryAxis-1\",\"type\":\"category\",\"position\":\"bottom\",\"show\":true,\"style\":{},\"scale\":{\"type\":\"linear\"},\"labels\":{\"show\":true,\"truncate\":100},\"title\":{}}],\"valueAxes\":[{\"id\":\"ValueAxis-1\",\"name\":\"LeftAxis-1\",\"type\":\"value\",\"position\":\"left\",\"show\":true,\"style\":{},\"scale\":{\"type\":\"linear\",\"mode\":\"normal\"},\"labels\":{\"show\":true,\"rotate\":0,\"filter\":false,\"truncate\":100},\"title\":{\"text\":\"Count\"}}],\"seriesParams\":[{\"show\":\"true\",\"type\":\"line\",\"mode\":\"normal\",\"data\":{\"label\":\"Count\",\"id\":\"1\"},\"valueAxis\":\"ValueAxis-1\",\"drawLinesBetweenPoints\":true,\"showCircles\":true}],\"addTooltip\":true,\"addLegend\":true,\"legendPosition\":\"right\",\"times\":[],\"addTimeMarker\":false},\"aggs\":[{\"id\":\"1\",\"enabled\":true,\"type\":\"count\",\"schema\":\"metric\",\"params\":{}},{\"id\":\"2\",\"enabled\":true,\"type\":\"date_histogram\",\"schema\":\"segment\",\"params\":{\"field\":\"@timestamp\",\"timeRange\":{\"from\":\"now-15m\",\"to\":\"now\",\"mode\":\"quick\"},\"useNormalizedEsInterval\":true,\"interval\":\"auto\",\"drop_partials\":false,\"customInterval\":\"2h\",\"min_doc_count\":1,\"extended_bounds\":{}}},{\"id\":\"3\",\"enabled\":true,\"type\":\"terms\",\"schema\":\"group\",\"params\":{\"field\":\"http_host\",\"size\":5,\"order\":\"desc\",\"orderBy\":\"_key\",\"otherBucket\":false,\"otherBucketLabel\":\"Other\",\"missingBucket\":false,\"missingBucketLabel\":\"Missing\"}}]}",
      "uiStateJSON": "{}",
      "description": "",
      "version": 1,
      "kibanaSavedObjectMeta": {
        "searchSourceJSON": "{\"index\":\"d4983250-77ee-11ee-8aa8-83e3db8dfcd0\",\"query\":{\"query\":\"\",\"language\":\"lucene\"},\"filter\":[]}"
      }
    },
    "_meta": {
      "savedObjectVersion": 2
    },
    "_migrationVersion": {
      "visualization": "6.7.2"
    }
  },
  {
    "_id": "de5dd620-65bd-11ee-bd1b-d1fef172bc23",
    "_type": "visualization",
    "_source": {
      "title": "quickstart-count top http_host",
      "visState": "{\"title\":\"quickstart-count top http_host\",\"type\":\"line\",\"params\":{\"type\":\"line\",\"grid\":{\"categoryLines\":false,\"style\":{\"color\":\"#eee\"}},\"categoryAxes\":[{\"id\":\"CategoryAxis-1\",\"type\":\"category\",\"position\":\"bottom\",\"show\":true,\"style\":{},\"scale\":{\"type\":\"linear\"},\"labels\":{\"show\":true,\"truncate\":100},\"title\":{}}],\"valueAxes\":[{\"id\":\"ValueAxis-1\",\"name\":\"LeftAxis-1\",\"type\":\"value\",\"position\":\"left\",\"show\":true,\"style\":{},\"scale\":{\"type\":\"linear\",\"mode\":\"normal\"},\"labels\":{\"show\":true,\"rotate\":0,\"filter\":false,\"truncate\":100},\"title\":{\"text\":\"Count\"}}],\"seriesParams\":[{\"show\":\"true\",\"type\":\"line\",\"mode\":\"normal\",\"data\":{\"label\":\"Count\",\"id\":\"1\"},\"valueAxis\":\"ValueAxis-1\",\"drawLinesBetweenPoints\":true,\"showCircles\":true}],\"addTooltip\":true,\"addLegend\":true,\"legendPosition\":\"right\",\"times\":[],\"addTimeMarker\":false},\"aggs\":[{\"id\":\"1\",\"enabled\":true,\"type\":\"count\",\"schema\":\"metric\",\"params\":{}},{\"id\":\"2\",\"enabled\":true,\"type\":\"date_histogram\",\"schema\":\"segment\",\"params\":{\"field\":\"@timestamp\",\"timeRange\":{\"from\":\"now-15m\",\"to\":\"now\",\"mode\":\"quick\"},\"useNormalizedEsInterval\":true,\"interval\":\"auto\",\"drop_partials\":false,\"customInterval\":\"2h\",\"min_doc_count\":1,\"extended_bounds\":{}}},{\"id\":\"3\",\"enabled\":true,\"type\":\"terms\",\"schema\":\"group\",\"params\":{\"field\":\"http_host\",\"size\":5,\"order\":\"desc\",\"orderBy\":\"1\",\"otherBucket\":false,\"otherBucketLabel\":\"Other\",\"missingBucket\":false,\"missingBucketLabel\":\"Missing\"}}]}",
      "uiStateJSON": "{}",
      "description": "",
      "version": 1,
      "kibanaSavedObjectMeta": {
        "searchSourceJSON": "{\"index\":\"d4983250-77ee-11ee-8aa8-83e3db8dfcd0\",\"query\":{\"query\":\"\",\"language\":\"lucene\"},\"filter\":[]}"
      }
    },
    "_meta": {
      "savedObjectVersion": 2
    },
    "_migrationVersion": {
      "visualization": "6.7.2"
    }
  },
  {
    "_id": "c799ffd0-6bc2-11ee-a66a-eb4464915982",
    "_type": "visualization",
    "_source": {
      "title": "quickstart-pv",
      "visState": "{\"title\":\"quickstart-pv\",\"type\":\"area\",\"params\":{\"type\":\"area\",\"grid\":{\"categoryLines\":false,\"style\":{\"color\":\"#eee\"}},\"categoryAxes\":[{\"id\":\"CategoryAxis-1\",\"type\":\"category\",\"position\":\"bottom\",\"show\":true,\"style\":{},\"scale\":{\"type\":\"linear\"},\"labels\":{\"show\":true,\"truncate\":100},\"title\":{}}],\"valueAxes\":[{\"id\":\"ValueAxis-1\",\"name\":\"LeftAxis-1\",\"type\":\"value\",\"position\":\"left\",\"show\":true,\"style\":{},\"scale\":{\"type\":\"linear\",\"mode\":\"normal\"},\"labels\":{\"show\":true,\"rotate\":0,\"filter\":false,\"truncate\":100},\"title\":{\"text\":\"Count\"}}],\"seriesParams\":[{\"show\":\"true\",\"type\":\"area\",\"mode\":\"stacked\",\"data\":{\"label\":\"Count\",\"id\":\"1\"},\"drawLinesBetweenPoints\":true,\"showCircles\":true,\"interpolate\":\"linear\",\"valueAxis\":\"ValueAxis-1\"}],\"addTooltip\":true,\"addLegend\":true,\"legendPosition\":\"right\",\"times\":[],\"addTimeMarker\":false},\"aggs\":[{\"id\":\"1\",\"enabled\":true,\"type\":\"count\",\"schema\":\"metric\",\"params\":{}},{\"id\":\"2\",\"enabled\":true,\"type\":\"date_histogram\",\"schema\":\"segment\",\"params\":{\"field\":\"@timestamp\",\"useNormalizedEsInterval\":true,\"interval\":\"auto\",\"drop_partials\":false,\"customInterval\":\"2h\",\"min_doc_count\":1,\"extended_bounds\":{}}}]}",
      "uiStateJSON": "{}",
      "description": "",
      "version": 1,
      "kibanaSavedObjectMeta": {
        "searchSourceJSON": "{\"index\":\"d4983250-77ee-11ee-8aa8-83e3db8dfcd0\",\"query\":{\"query\":\"\",\"language\":\"lucene\"},\"filter\":[]}"
      }
    },
    "_meta": {
      "savedObjectVersion": 2
    },
    "_migrationVersion": {
      "visualization": "6.7.2"
    }
  },
  {
    "_id": "19592900-74aa-11ee-96f7-65b99d1fd0f3",
    "_type": "visualization",
    "_source": {
      "title": "quickstart-top http_host的status分布",
      "visState": "{\"title\":\"quickstart-top http_host的status分布\",\"type\":\"pie\",\"params\":{\"type\":\"pie\",\"addTooltip\":true,\"addLegend\":true,\"legendPosition\":\"right\",\"isDonut\":true,\"labels\":{\"show\":false,\"values\":true,\"last_level\":true,\"truncate\":100}},\"aggs\":[{\"id\":\"1\",\"enabled\":true,\"type\":\"count\",\"schema\":\"metric\",\"params\":{}},{\"id\":\"2\",\"enabled\":true,\"type\":\"terms\",\"schema\":\"segment\",\"params\":{\"field\":\"http_host\",\"size\":5,\"order\":\"desc\",\"orderBy\":\"1\",\"otherBucket\":false,\"otherBucketLabel\":\"Other\",\"missingBucket\":false,\"missingBucketLabel\":\"Missing\"}},{\"id\":\"3\",\"enabled\":true,\"type\":\"terms\",\"schema\":\"segment\",\"params\":{\"field\":\"status\",\"size\":5,\"order\":\"desc\",\"orderBy\":\"1\",\"otherBucket\":false,\"otherBucketLabel\":\"Other\",\"missingBucket\":false,\"missingBucketLabel\":\"Missing\"}}]}",
      "uiStateJSON": "{}",
      "description": "",
      "version": 1,
      "kibanaSavedObjectMeta": {
        "searchSourceJSON": "{\"index\":\"d4983250-77ee-11ee-8aa8-83e3db8dfcd0\",\"query\":{\"query\":\"\",\"language\":\"lucene\"},\"filter\":[]}"
      }
    },
    "_meta": {
      "savedObjectVersion": 2
    },
    "_migrationVersion": {
      "visualization": "6.7.2"
    }
  },
  {
    "_id": "b3c81cc0-9090-11ed-bd1b-d1fef172bc23",
    "_type": "visualization",
    "_source": {
      "title": "quickstart-top http_host",
      "visState": "{\"title\":\"quickstart-top http_host\",\"type\":\"pie\",\"params\":{\"type\":\"pie\",\"addTooltip\":true,\"addLegend\":true,\"legendPosition\":\"right\",\"isDonut\":true,\"labels\":{\"show\":false,\"values\":true,\"last_level\":true,\"truncate\":100}},\"aggs\":[{\"id\":\"1\",\"enabled\":true,\"type\":\"count\",\"schema\":\"metric\",\"params\":{}},{\"id\":\"2\",\"enabled\":true,\"type\":\"terms\",\"schema\":\"segment\",\"params\":{\"field\":\"http_host\",\"size\":10,\"order\":\"desc\",\"orderBy\":\"1\",\"otherBucket\":false,\"otherBucketLabel\":\"Other\",\"missingBucket\":false,\"missingBucketLabel\":\"Missing\"}}]}",
      "uiStateJSON": "{}",
      "description": "",
      "version": 1,
      "kibanaSavedObjectMeta": {
        "searchSourceJSON": "{\"index\":\"d4983250-77ee-11ee-8aa8-83e3db8dfcd0\",\"query\":{\"query\":\"\",\"language\":\"lucene\"},\"filter\":[]}"
      }
    },
    "_meta": {
      "savedObjectVersion": 2
    },
    "_migrationVersion": {
      "visualization": "6.7.2"
    }
  },
  {
    "_id": "51d3b280-7010-11ee-b9f0-6df8548c614a",
    "_type": "visualization",
    "_source": {
      "title": "quickstart-request_time分布",
      "visState": "{\"title\":\"quickstart-request_time分布\",\"type\":\"pie\",\"params\":{\"type\":\"pie\",\"addTooltip\":true,\"addLegend\":true,\"legendPosition\":\"right\",\"isDonut\":true,\"labels\":{\"show\":false,\"values\":true,\"last_level\":true,\"truncate\":100}},\"aggs\":[{\"id\":\"1\",\"enabled\":true,\"type\":\"count\",\"schema\":\"metric\",\"params\":{}},{\"id\":\"2\",\"enabled\":true,\"type\":\"range\",\"schema\":\"segment\",\"params\":{\"field\":\"request_time\",\"ranges\":[{\"from\":0,\"to\":1000},{\"from\":1000,\"to\":2000},{\"from\":3000}]}}]}",
      "uiStateJSON": "{}",
      "description": "",
      "version": 1,
      "kibanaSavedObjectMeta": {
        "searchSourceJSON": "{\"index\":\"d4983250-77ee-11ee-8aa8-83e3db8dfcd0\",\"query\":{\"query\":\"\",\"language\":\"lucene\"},\"filter\":[]}"
      }
    },
    "_meta": {
      "savedObjectVersion": 2
    },
    "_migrationVersion": {
      "visualization": "6.7.2"
    }
  },
  {
    "_id": "bba97a70-6f05-11ee-a889-f359aaeae557",
    "_type": "visualization",
    "_source": {
      "title": "quick-start request_length 90-95-99线",
      "visState": "{\"title\":\"quick-start request_length 90-95-99线\",\"type\":\"line\",\"params\":{\"addLegend\":true,\"addTimeMarker\":false,\"addTooltip\":true,\"categoryAxes\":[{\"id\":\"CategoryAxis-1\",\"labels\":{\"show\":true,\"truncate\":100},\"position\":\"bottom\",\"scale\":{\"type\":\"linear\"},\"show\":true,\"style\":{},\"title\":{},\"type\":\"category\"}],\"grid\":{\"categoryLines\":false,\"style\":{\"color\":\"#eee\"}},\"legendPosition\":\"right\",\"seriesParams\":[{\"data\":{\"id\":\"7\",\"label\":\"percent\"},\"drawLinesBetweenPoints\":true,\"mode\":\"normal\",\"show\":true,\"showCircles\":true,\"type\":\"line\",\"valueAxis\":\"ValueAxis-1\"}],\"times\":[],\"type\":\"line\",\"valueAxes\":[{\"id\":\"ValueAxis-1\",\"labels\":{\"filter\":false,\"rotate\":0,\"show\":true,\"truncate\":100},\"name\":\"LeftAxis-1\",\"position\":\"left\",\"scale\":{\"mode\":\"normal\",\"type\":\"linear\"},\"show\":true,\"style\":{},\"title\":{\"text\":\"Count\"},\"type\":\"value\"}]},\"aggs\":[{\"id\":\"2\",\"enabled\":true,\"type\":\"date_histogram\",\"schema\":\"segment\",\"params\":{\"field\":\"@timestamp\",\"timeRange\":{\"from\":\"now-15m\",\"mode\":\"quick\",\"to\":\"now\"},\"useNormalizedEsInterval\":true,\"interval\":\"auto\",\"drop_partials\":false,\"customInterval\":\"2h\",\"min_doc_count\":1,\"extended_bounds\":{}}},{\"id\":\"7\",\"enabled\":true,\"type\":\"percentiles\",\"schema\":\"metric\",\"params\":{\"field\":\"request_length\",\"percents\":[90,95,99],\"customLabel\":\"percent\"}}]}",
      "uiStateJSON": "{}",
      "description": "",
      "version": 1,
      "kibanaSavedObjectMeta": {
        "searchSourceJSON": "{\"index\":\"d4983250-77ee-11ee-8aa8-83e3db8dfcd0\",\"query\":{\"language\":\"lucene\",\"query\":\"\"},\"filter\":[]}"
      }
    },
    "_meta": {
      "savedObjectVersion": 2
    },
    "_migrationVersion": {
      "visualization": "6.7.2"
    }
  },
  {
    "_id": "fae9eb20-788d-11ee-8bc6-35eb7d1806ef",
    "_type": "dashboard",
    "_source": {
      "title": "quickstart Dashboard",
      "hits": 0,
      "description": "",
      "panelsJSON": "[{\"embeddableConfig\":{},\"gridData\":{\"x\":0,\"y\":24,\"w\":24,\"h\":15,\"i\":\"1\"},\"id\":\"546bd960-5831-11ee-bd1b-d1fef172bc23\",\"panelIndex\":\"1\",\"type\":\"visualization\",\"version\":\"6.8.0\"},{\"embeddableConfig\":{},\"gridData\":{\"x\":24,\"y\":24,\"w\":24,\"h\":15,\"i\":\"2\"},\"id\":\"f2511b10-65bd-11ee-bd1b-d1fef172bc23\",\"panelIndex\":\"2\",\"type\":\"visualization\",\"version\":\"6.8.0\"},{\"embeddableConfig\":{},\"gridData\":{\"x\":0,\"y\":39,\"w\":24,\"h\":15,\"i\":\"3\"},\"id\":\"de5dd620-65bd-11ee-bd1b-d1fef172bc23\",\"panelIndex\":\"3\",\"type\":\"visualization\",\"version\":\"6.8.0\"},{\"embeddableConfig\":{},\"gridData\":{\"x\":0,\"y\":0,\"w\":48,\"h\":10,\"i\":\"4\"},\"id\":\"c799ffd0-6bc2-11ee-a66a-eb4464915982\",\"panelIndex\":\"4\",\"type\":\"visualization\",\"version\":\"6.8.0\"},{\"embeddableConfig\":{},\"gridData\":{\"x\":0,\"y\":54,\"w\":24,\"h\":15,\"i\":\"11\"},\"id\":\"b3c81cc0-9090-11ed-bd1b-d1fef172bc23\",\"panelIndex\":\"11\",\"type\":\"visualization\",\"version\":\"6.8.0\"},{\"embeddableConfig\":{},\"gridData\":{\"x\":24,\"y\":39,\"w\":24,\"h\":15,\"i\":\"12\"},\"id\":\"51d3b280-7010-11ee-b9f0-6df8548c614a\",\"panelIndex\":\"12\",\"type\":\"visualization\",\"version\":\"6.8.0\"},{\"embeddableConfig\":{},\"gridData\":{\"x\":24,\"y\":54,\"w\":24,\"h\":15,\"i\":\"14\"},\"id\":\"19592900-74aa-11ee-96f7-65b99d1fd0f3\",\"panelIndex\":\"14\",\"type\":\"visualization\",\"version\":\"6.8.0\"},{\"gridData\":{\"x\":0,\"y\":10,\"w\":48,\"h\":14,\"i\":\"15\"},\"version\":\"6.8.22\",\"panelIndex\":\"15\",\"type\":\"visualization\",\"id\":\"bba97a70-6f05-11ee-a889-f359aaeae557\",\"embeddableConfig\":{}},{\"gridData\":{\"x\":0,\"y\":69,\"w\":48,\"h\":12,\"i\":\"16\"},\"version\":\"6.8.22\",\"panelIndex\":\"16\",\"type\":\"search\",\"id\":\"2d9996b0-7893-11ee-8aa8-83e3db8dfcd0\",\"embeddableConfig\":{}}]",
      "optionsJSON": "{\"darkTheme\":false,\"hidePanelTitles\":false,\"useMargins\":true}",
      "version": 1,
      "timeRestore": false,
      "kibanaSavedObjectMeta": {
        "searchSourceJSON": "{\"query\":{\"language\":\"lucene\",\"query\":\"\"},\"filter\":[]}"
      }
    },
    "_meta": {
      "savedObjectVersion": 2
    }
  },
  {
    "_id": "d4983250-77ee-11ee-8aa8-83e3db8dfcd0",
    "_type": "index-pattern",
    "_source": {
      "title": "ops_nginx_all",
      "timeFieldName": "@timestamp",
      "fields": "[{\"name\":\"@timestamp\",\"type\":\"date\",\"count\":0,\"scripted\":false,\"searchable\":true,\"aggregatable\":true,\"readFromDocValues\":true},{\"name\":\"_id\",\"type\":\"string\",\"count\":0,\"scripted\":false,\"searchable\":false,\"aggregatable\":false,\"readFromDocValues\":false},{\"name\":\"_index\",\"type\":\"string\",\"count\":0,\"scripted\":false,\"searchable\":false,\"aggregatable\":false,\"readFromDocValues\":false},{\"name\":\"_score\",\"type\":\"number\",\"count\":0,\"scripted\":false,\"searchable\":false,\"aggregatable\":false,\"readFromDocValues\":false},{\"name\":\"_source\",\"type\":\"_source\",\"count\":0,\"scripted\":false,\"searchable\":false,\"aggregatable\":false,\"readFromDocValues\":false},{\"name\":\"_type\",\"type\":\"string\",\"count\":0,\"scripted\":false,\"searchable\":false,\"aggregatable\":false,\"readFromDocValues\":false},{\"name\":\"body_bytes_sent\",\"type\":\"number\",\"count\":0,\"scripted\":false,\"searchable\":true,\"aggregatable\":true,\"readFromDocValues\":true},{\"name\":\"bytes_sent\",\"type\":\"number\",\"count\":0,\"scripted\":false,\"searchable\":true,\"aggregatable\":true,\"readFromDocValues\":true},{\"name\":\"ck_assembly_extension\",\"type\":\"string\",\"count\":0,\"scripted\":false,\"searchable\":true,\"aggregatable\":true,\"readFromDocValues\":true},{\"name\":\"http_host\",\"type\":\"string\",\"count\":1,\"scripted\":false,\"searchable\":true,\"aggregatable\":true,\"readFromDocValues\":true},{\"name\":\"http_referer\",\"type\":\"string\",\"count\":0,\"scripted\":false,\"searchable\":true,\"aggregatable\":true,\"readFromDocValues\":true},{\"name\":\"http_user_agent\",\"type\":\"string\",\"count\":0,\"scripted\":false,\"searchable\":true,\"aggregatable\":true,\"readFromDocValues\":true},{\"name\":\"remote_addr\",\"type\":\"string\",\"count\":0,\"scripted\":false,\"searchable\":true,\"aggregatable\":true,\"readFromDocValues\":true},{\"name\":\"request_id\",\"type\":\"string\",\"count\":0,\"scripted\":false,\"searchable\":true,\"aggregatable\":true,\"readFromDocValues\":true},{\"name\":\"request_length\",\"type\":\"number\",\"count\":0,\"scripted\":false,\"searchable\":true,\"aggregatable\":true,\"readFromDocValues\":true},{\"name\":\"request_method\",\"type\":\"string\",\"count\":1,\"scripted\":false,\"searchable\":true,\"aggregatable\":true,\"readFromDocValues\":true},{\"name\":\"request_time\",\"type\":\"number\",\"count\":1,\"scripted\":false,\"searchable\":true,\"aggregatable\":true,\"readFromDocValues\":true},{\"name\":\"request_uri\",\"type\":\"string\",\"count\":1,\"scripted\":false,\"searchable\":true,\"aggregatable\":true,\"readFromDocValues\":true},{\"name\":\"status\",\"type\":\"number\",\"count\":0,\"scripted\":false,\"searchable\":true,\"aggregatable\":true,\"readFromDocValues\":true}]"
    },
    "_meta": {
      "savedObjectVersion": 2
    },
    "_migrationVersion": {
      "index-pattern": "6.5.0"
    }
  },
  {
    "_id": "2d9996b0-7893-11ee-8aa8-83e3db8dfcd0",
    "_type": "search",
    "_source": {
      "title": "quickstart-明细",
      "description": "",
      "hits": 0,
      "columns": [
        "http_host",
        "request_method",
        "request_time",
        "request_uri"
      ],
      "sort": [
        "@timestamp",
        "desc"
      ],
      "version": 1,
      "kibanaSavedObjectMeta": {
        "searchSourceJSON": "{\"index\":\"d4983250-77ee-11ee-8aa8-83e3db8dfcd0\",\"highlightAll\":true,\"version\":true,\"query\":{\"query\":\"\",\"language\":\"lucene\"},\"filter\":[]}"
      }
    },
    "_meta": {
      "savedObjectVersion": 2
    }
  }
]