<?xml version="1.0" encoding="UTF-8"?>
<project>
	<modelVersion>4.0.0</modelVersion>
	<artifactId>running</artifactId>
	<!-- ... -->
	<build>
		<plugins>
			<plugin>
				<groupId>org.springframework.boot</groupId>
				<artifactId>spring-boot-maven-plugin</artifactId>
			</plugin>
		</plugins>
	</build>

	<!-- tag::devtools[] -->
	<dependencies>
		<dependency>
			<groupId>org.springframework.boot</groupId>
			<artifactId>spring-boot-devtools</artifactId>
			<optional>true</optional>
		</dependency>
	</dependencies>
	<!-- end::devtools[] -->

</project>

