<?xml version="1.0" encoding="UTF-8"?>
<project>
	<modelVersion>4.0.0</modelVersion>
	<artifactId>getting-started</artifactId>
	<!-- ... -->
	<!-- tag::hot-refresh[] -->
	<build>
		<plugins>
			<plugin>
				<groupId>org.springframework.boot</groupId>
				<artifactId>spring-boot-maven-plugin</artifactId>
				<configuration>
					<addResources>true</addResources>
				</configuration>
			</plugin>
		</plugins>
	</build>
	<!-- end::hot-refresh[] -->

	<dependencies>
		<dependency>
			<groupId>org.springframework.boot</groupId>
			<artifactId>spring-boot-devtools</artifactId>
			<optional>true</optional>
		</dependency>
	</dependencies>

</project>

