<?xml version="1.0" encoding="UTF-8" ?>
<!DOCTYPE mapper PUBLIC "-//mybatis.org//DTD Mapper 3.0//EN" "http://mybatis.org/dtd/mybatis-3-mapper.dtd" >
<mapper namespace="com.roncoo.pay.trade.dao.impl.RpUserBankAuthDaoImpl">
    <resultMap id="BaseResultMap" type="com.roncoo.pay.trade.entity.RpUserBankAuth">
        <id column="id" property="id" jdbcType="VARCHAR"/>
        <result column="create_time" property="createTime" jdbcType="TIMESTAMP"/>
        <result column="edit_time" property="editTime" jdbcType="TIMESTAMP"/>
        <result column="version" property="version" jdbcType="BIGINT"/>
        <result column="merchant_no" property="merchantNo" jdbcType="VARCHAR"/>
        <result column="pay_order_no" property="payOrderNo" jdbcType="VARCHAR"/>
        <result column="user_name" property="userName" jdbcType="VARCHAR"/>
        <result column="phone" property="phone" jdbcType="VARCHAR"/>
        <result column="id_no" property="idNo" jdbcType="VARCHAR"/>
        <result column="bank_account_no" property="bankAccountNo" jdbcType="VARCHAR"/>
        <result column="status" property="status" jdbcType="CHAR"/>
        <result column="remark" property="remark" jdbcType="VARCHAR"/>
    </resultMap>

    <sql id="base_column_list">
        id, create_time, edit_time, version, merchant_no, pay_order_no, user_name, phone, id_no, bank_account_no, status, remark
    </sql>

    <sql id="table_name">
        rp_user_bank_auth
    </sql>

    <insert id="insert">
        INSERT INTO
        <include refid="table_name"/>
        <trim prefix="(" suffix=")">
            <include refid="base_column_list"/>
        </trim>
        <trim prefix="VALUES (" suffix=")">
            #{id,jdbcType=VARCHAR}, #{createTime,jdbcType=TIMESTAMP}, #{editTime,jdbcType=TIMESTAMP},
            #{version,jdbcType=BIGINT},
            #{merchantNo,jdbcType=VARCHAR}, #{payOrderNo,jdbcType=VARCHAR}, #{userName,jdbcType=VARCHAR},
            #{phone,jdbcType=VARCHAR}, #{idNo,jdbcType=VARCHAR},
            #{bankAccountNo,jdbcType=VARCHAR}, #{status,jdbcType=VARCHAR}, #{remark,jdbcType=VARCHAR}
        </trim>
    </insert>

    <select id="listByColumn" parameterType="java.util.Map" resultMap="BaseResultMap">
        SELECT
        <include refid="base_column_list"/>
        FROM
        <include refid="table_name"/>
        WHERE merchant_no = #{merchantNo,jdbcType=VARCHAR} AND pay_order_no = #{payOrderNo,jdbcType=VARCHAR}
    </select>

    <select id="listBy" parameterType="java.util.Map" resultMap="BaseResultMap">
        SELECT
        <include refid="base_column_list"/>
        FROM
        <include refid="table_name"/>
        <where>
            <include refid="condition_sql"/>
        </where>
    </select>

    <update id="updateByPrimaryKey" parameterType="com.roncoo.pay.trade.entity.RpUserBankAuth">
        UPDATE
        <include refid="table_name"/>
        SET
        <trim suffixOverrides=",">
            <if test="editTime !=null">
                edit_time = #{editTime,jdbcType=TIMESTAMP},
            </if>
            <if test="userName !=null and userName !=''">
                user_name = #{userName,jdbcType=VARCHAR},
            </if>
            <if test="phone !=null and phone !=''">
                phone = #{phone,jdbcType=VARCHAR},
            </if>
            <if test="idNo !=null and idNo !=''">
                id_no = #{idNo,jdbcType=VARCHAR},
            </if>
            <if test="bankAccountNo !=null and bankAccountNo !=''">
                bank_account_no = #{bankAccountNo,jdbcType=VARCHAR},
            </if>
            <if test="status !=null and status !=''">
                status = #{status,jdbcType=VARCHAR},
            </if>
            <if test="remark !=null and remark !=''">
                remark = #{remark,jdbcType=VARCHAR},
            </if>
        </trim>
        WHERE id = #{id,jdbcType=VARCHAR}
    </update>

    <sql id="condition_sql">
        <if test="userName != null and userName != ''">and user_name = #{userName,jdbcType=VARCHAR}</if>
        <if test="phone != null and phone != ''">and phone = #{phone,jdbcType=VARCHAR}</if>
        <if test="idNo != null and idNo != ''">and id_no = #{idNo,jdbcType=VARCHAR}</if>
        <if test="bankAccountNo != null and bankAccountNo != ''">and bank_account_no =
            #{bankAccountNo,jdbcType=VARCHAR}
        </if>
    </sql>


</mapper>