{
	"framework": "ffead-cpp",
	"tests": [{
		"v-picov": {
			"db_url": "/t3/d",
			"query_url": "/t3/quer?queries=",
			"fortune_url": "/t3/fortu",
			"update_url": "/t3/updt?queries=",
			"port": 8080,
			"approach": "Realistic",
			"classification": "Fullstack",
			"database": "postgres",
			"framework": "ffead-cpp",
			"language": "C++",
			"orm": "Raw",
			"platform": "None",
			"webserver": "picov",
			"os": "Linux",
			"database_os": "Linux",
			"display_name": "v",
			"notes": "",
			"versus": "",
			"tags": []
		},
		"v-picov-raw-profiled": {
			"db_url": "/t3/d",
			"query_url": "/t3/quer?queries=",
			"fortune_url": "/t3/fortu",
			"update_url": "/t3/updt?queries=",
			"port": 8080,
			"approach": "Realistic",
			"classification": "Fullstack",
			"database": "postgres",
			"framework": "ffead-cpp",
			"language": "C++",
			"orm": "Raw",
			"platform": "None",
			"webserver": "picov",
			"os": "Linux",
			"database_os": "Linux",
			"display_name": "v-prof",
			"notes": "",
			"versus": "",
			"tags": []
		},
		"v-picov-raw-clibpqb-profiled": {
			"db_url": "/t3/d",
			"query_url": "/t3/quer?queries=",
			"fortune_url": "/t3/fortu",
			"update_url": "/t3/updt?queries=",
			"port": 8080,
			"approach": "Realistic",
			"classification": "Fullstack",
			"database": "postgres",
			"framework": "ffead-cpp",
			"language": "C++",
			"orm": "Raw",
			"platform": "None",
			"webserver": "picov",
			"os": "Linux",
			"database_os": "Linux",
			"display_name": "v-prof-b",
			"notes": "",
			"versus": "",
			"tags": []
		},
		"postgresql-raw": {
			"db_url": "/t3/d",
			"query_url": "/t3/quer?queries=",
			"fortune_url": "/t3/fortu",
			"update_url": "/t3/updt?queries=",
			"port": 8080,
			"approach": "Realistic",
			"classification": "Fullstack",
			"database": "postgres",
			"framework": "ffead-cpp",
			"language": "C++",
			"orm": "Raw",
			"platform": "None",
			"webserver": "ffead-cpp",
			"os": "Linux",
			"database_os": "Linux",
			"display_name": "pg-raw",
			"notes": "memory",
			"versus": "",
			"tags": []
		},
		"postgresql-raw-profiled": {
			"db_url": "/t3/d",
			"query_url": "/t3/quer?queries=",
			"fortune_url": "/t3/fortu",
			"update_url": "/t3/updt?queries=",
			"port": 8080,
			"approach": "Realistic",
			"classification": "Fullstack",
			"database": "postgres",
			"framework": "ffead-cpp",
			"language": "C++",
			"orm": "Raw",
			"platform": "None",
			"webserver": "ffead-cpp",
			"os": "Linux",
			"database_os": "Linux",
			"display_name": "pg-raw-prof",
			"notes": "memory profiled",
			"versus": "",
			"tags": []
		},
		"postgresql-raw-clibpqb-profiled": {
			"db_url": "/t3/d",
			"query_url": "/t3/quer?queries=",
			"fortune_url": "/t3/fortu",
			"update_url": "/t3/updt?queries=",
			"port": 8080,
			"approach": "Realistic",
			"classification": "Fullstack",
			"database": "postgres",
			"framework": "ffead-cpp",
			"language": "C++",
			"orm": "Raw",
			"platform": "None",
			"webserver": "ffead-cpp",
			"os": "Linux",
			"database_os": "Linux",
			"display_name": "pg-raw-prof-b",
			"notes": "memory libpq batch patch profiled",
			"versus": "",
			"tags": []
		},
		"postgresql-raw-async": {
			"db_url": "/t4/d",
			"query_url": "/t4/quer?queries=",
			"fortune_url": "/t4/fortu",
			"update_url": "/t4/updt?queries=",
			"port": 8080,
			"approach": "Realistic",
			"classification": "Fullstack",
			"database": "postgres",
			"framework": "ffead-cpp",
			"language": "C++",
			"orm": "Raw",
			"platform": "None",
			"webserver": "ffead-cpp",
			"os": "Linux",
			"database_os": "Linux",
			"display_name": "pg-raw-async",
			"notes": "async memory",
			"versus": "",
			"tags": []
		},
		"postgresql-raw-async-profiled": {
			"db_url": "/t4/d",
			"query_url": "/t4/quer?queries=",
			"fortune_url": "/t4/fortu",
			"update_url": "/t4/updt?queries=",
			"port": 8080,
			"approach": "Realistic",
			"classification": "Fullstack",
			"database": "postgres",
			"framework": "ffead-cpp",
			"language": "C++",
			"orm": "Raw",
			"platform": "None",
			"webserver": "ffead-cpp",
			"os": "Linux",
			"database_os": "Linux",
			"display_name": "pg-raw-async-prof",
			"notes": "async memory profiled",
			"versus": "",
			"tags": []
		},
		"postgresql-raw-async-pool-profiled": {
			"db_url": "/t4/d",
			"query_url": "/t4/quer?queries=",
			"fortune_url": "/t4/fortu",
			"update_url": "/t4/updt?queries=",
			"port": 8080,
			"approach": "Realistic",
			"classification": "Fullstack",
			"database": "postgres",
			"framework": "ffead-cpp",
			"language": "C++",
			"orm": "Raw",
			"platform": "None",
			"webserver": "ffead-cpp",
			"os": "Linux",
			"database_os": "Linux",
			"display_name": "pg-raw-async-prof-pool",
			"notes": "async memory profiled",
			"versus": "",
			"tags": []
		},
		"postgresql-raw-async-clibpqb-profiled": {
			"db_url": "/t4/d",
			"query_url": "/t4/quer?queries=",
			"fortune_url": "/t4/fortu",
			"update_url": "/t4/updt?queries=",
			"port": 8080,
			"approach": "Realistic",
			"classification": "Fullstack",
			"database": "postgres",
			"framework": "ffead-cpp",
			"language": "C++",
			"orm": "Raw",
			"platform": "None",
			"webserver": "ffead-cpp",
			"os": "Linux",
			"database_os": "Linux",
			"display_name": "pg-raw-async-prof-b",
			"notes": "async memory libpq batch patch profiled",
			"versus": "",
			"tags": []
		},
		"postgresql-raw-async-clibpqb-pool-profiled": {
			"db_url": "/t4/d",
			"query_url": "/t4/quer?queries=",
			"fortune_url": "/t4/fortu",
			"update_url": "/t4/updt?queries=",
			"port": 8080,
			"approach": "Realistic",
			"classification": "Fullstack",
			"database": "postgres",
			"framework": "ffead-cpp",
			"language": "C++",
			"orm": "Raw",
			"platform": "None",
			"webserver": "ffead-cpp",
			"os": "Linux",
			"database_os": "Linux",
			"display_name": "pg-raw-async-prof-b-pool",
			"notes": "async memory libpq batch patch profiled",
			"versus": "",
			"tags": []
		}
	}]
}