{
	"framework": "ffead-cpp",
	"tests": [{
		"default": {
			"json_url": "/t1/j",
			"plaintext_url": "/plaintext",
			"db_url": "/t1/d",
			"query_url": "/t1/quer?queries=",
			"fortune_url": "/t1/fortu",
			"update_url": "/t1/updt?queries=",
			"cached_query_url": "/t1/cached-wld?count=",
			"port": 8080,
			"approach": "Realistic",
			"classification": "Fullstack",
			"database": "mongodb",
			"framework": "ffead-cpp",
			"language": "C++",
			"orm": "Full",
			"platform": "None",
			"webserver": "ffead-cpp",
			"os": "Linux",
			"database_os": "Linux",
			"display_name": "ffead-cpp-mongo",
			"notes": "mongodb redis",
			"versus": "",
			"tags": []
		},
		"libreactor": {
			"json_url": "/t1/j",
			"plaintext_url": "/plaintext",
			"port": 8080,
			"approach": "Realistic",
			"classification": "Fullstack",
			"database": "None",
			"framework": "ffead-cpp",
			"language": "C++",
			"orm": "None",
			"platform": "None",
			"webserver": "libreactor",
			"os": "Linux",
			"database_os": "Linux",
			"display_name": "ffead-cpp-libreactor",
			"notes": "",
			"versus": "",
			"tags": []
		},
		"crystal-http": {
			"json_url": "/t1/j",
			"plaintext_url": "/plaintext",
			"port": 8080,
			"approach": "Realistic",
			"classification": "Fullstack",
			"database": "None",
			"framework": "ffead-cpp",
			"language": "C++",
			"orm": "None",
			"platform": "None",
			"webserver": "crystal-http",
			"os": "Linux",
			"database_os": "Linux",
			"display_name": "ffead-cpp-crystal-http",
			"notes": "",
			"versus": "",
			"tags": ["broken"]
		},
		"d-hunt": {
			"json_url": "/t1/j",
			"plaintext_url": "/plaintext",
			"port": 8080,
			"approach": "Realistic",
			"classification": "Fullstack",
			"database": "None",
			"framework": "ffead-cpp",
			"language": "C++",
			"orm": "None",
			"platform": "None",
			"webserver": "hunt",
			"os": "Linux",
			"database_os": "Linux",
			"display_name": "ffead-cpp-d-hunt",
			"notes": "",
			"versus": "",
			"tags": ["broken"]
		},
		"go-gnet": {
			"json_url": "/t1/j",
			"plaintext_url": "/plaintext",
			"port": 8080,
			"approach": "Realistic",
			"classification": "Fullstack",
			"database": "None",
			"framework": "ffead-cpp",
			"language": "C++",
			"orm": "None",
			"platform": "None",
			"webserver": "gnet",
			"os": "Linux",
			"database_os": "Linux",
			"display_name": "ffead-cpp-go-gnet",
			"notes": "",
			"versus": "",
			"tags": ["broken"]
		},
		"rust-actix": {
			"json_url": "/t1/j",
			"plaintext_url": "/plaintext",
			"port": 8080,
			"approach": "Realistic",
			"classification": "Fullstack",
			"database": "None",
			"framework": "ffead-cpp",
			"language": "C++",
			"orm": "None",
			"platform": "None",
			"webserver": "actix",
			"os": "Linux",
			"database_os": "Linux",
			"display_name": "ffead-cpp-rust-actix",
			"notes": "",
			"versus": "",
			"tags": ["broken"]
		},
		"v-picov": {
			"json_url": "/t3/j",
			"plaintext_url": "/plaintext",
			"db_url": "/t3/d",
			"query_url": "/t3/quer?queries=",
			"fortune_url": "/t3/fortu",
			"update_url": "/t3/updt?queries=",
			"cached_query_url": "/t3/cached-wld?count=",
			"port": 8080,
			"approach": "Realistic",
			"classification": "Fullstack",
			"database": "postgres",
			"framework": "ffead-cpp",
			"language": "C++",
			"orm": "Raw",
			"platform": "None",
			"webserver": "picov",
			"os": "Linux",
			"database_os": "Linux",
			"display_name": "ffead-cpp-v-picov",
			"notes": "",
			"versus": "",
			"tags": []
		},
		"v-picov-raw-profiled": {
			"json_url": "/t3/j",
			"plaintext_url": "/plaintext",
			"db_url": "/t3/d",
			"query_url": "/t3/quer?queries=",
			"fortune_url": "/t3/fortu",
			"update_url": "/t3/updt?queries=",
			"cached_query_url": "/t3/cached-wld?count=",
			"port": 8080,
			"approach": "Realistic",
			"classification": "Fullstack",
			"database": "postgres",
			"framework": "ffead-cpp",
			"language": "C++",
			"orm": "Raw",
			"platform": "None",
			"webserver": "picov",
			"os": "Linux",
			"database_os": "Linux",
			"display_name": "ffead-cpp-v-picov-raw-profiled",
			"notes": "",
			"versus": "",
			"tags": []
		},
		"v-picov-raw-clibpqb-profiled": {
			"json_url": "/t3/j",
			"plaintext_url": "/plaintext",
			"db_url": "/t3/d",
			"query_url": "/t3/quer?queries=",
			"fortune_url": "/t3/fortu",
			"update_url": "/t3/updt?queries=",
			"cached_query_url": "/t3/cached-wld?count=",
			"port": 8080,
			"approach": "Realistic",
			"classification": "Fullstack",
			"database": "postgres",
			"framework": "ffead-cpp",
			"language": "C++",
			"orm": "Raw",
			"platform": "None",
			"webserver": "picov",
			"os": "Linux",
			"database_os": "Linux",
			"display_name": "ffead-cpp-v-picov-raw-clibpqb-profiled",
			"notes": "",
			"versus": "",
			"tags": []
		},
		"java-firenio": {
			"json_url": "/t1/j",
			"plaintext_url": "/plaintext",
			"port": 8080,
			"approach": "Realistic",
			"classification": "Fullstack",
			"database": "None",
			"framework": "ffead-cpp",
			"language": "C++",
			"orm": "None",
			"platform": "None",
			"webserver": "firenio",
			"os": "Linux",
			"database_os": "Linux",
			"display_name": "ffead-cpp-java-firenio",
			"notes": "",
			"versus": "",
			"tags": ["broken"]
		},
		"postgresql": {
			"json_url": "/t1/j",
			"plaintext_url": "/plaintext",
			"db_url": "/t1/d",
			"query_url": "/t1/quer?queries=",
			"fortune_url": "/t1/fortu",
			"update_url": "/t1/updt?queries=",
			"port": 8080,
			"approach": "Realistic",
			"classification": "Fullstack",
			"database": "postgres",
			"framework": "ffead-cpp",
			"language": "C++",
			"orm": "Full",
			"platform": "None",
			"webserver": "ffead-cpp",
			"os": "Linux",
			"database_os": "Linux",
			"display_name": "ffead-cpp-postgresql",
			"notes": "",
			"versus": "",
			"tags": []
		},
		"postgresql-raw": {
			"json_url": "/t3/j",
			"plaintext_url": "/plaintext",
			"db_url": "/t3/d",
			"query_url": "/t3/quer?queries=",
			"fortune_url": "/t3/fortu",
			"update_url": "/t3/updt?queries=",
			"cached_query_url": "/t3/cached-wld?count=",
			"port": 8080,
			"approach": "Realistic",
			"classification": "Fullstack",
			"database": "postgres",
			"framework": "ffead-cpp",
			"language": "C++",
			"orm": "Raw",
			"platform": "None",
			"webserver": "ffead-cpp",
			"os": "Linux",
			"database_os": "Linux",
			"display_name": "ffead-cpp-postgresql-raw",
			"notes": "memory",
			"versus": "",
			"tags": []
		},
		"postgresql-raw-profiled": {
			"json_url": "/t3/j",
			"plaintext_url": "/plaintext",
			"db_url": "/t3/d",
			"query_url": "/t3/quer?queries=",
			"fortune_url": "/t3/fortu",
			"update_url": "/t3/updt?queries=",
			"cached_query_url": "/t3/cached-wld?count=",
			"port": 8080,
			"approach": "Realistic",
			"classification": "Fullstack",
			"database": "postgres",
			"framework": "ffead-cpp",
			"language": "C++",
			"orm": "Raw",
			"platform": "None",
			"webserver": "ffead-cpp",
			"os": "Linux",
			"database_os": "Linux",
			"display_name": "ffead-cpp-postgresql-raw-profiled",
			"notes": "memory profiled",
			"versus": "",
			"tags": []
		},
		"postgresql-raw-clibpqb-profiled": {
			"json_url": "/t3/j",
			"plaintext_url": "/plaintext",
			"db_url": "/t3/d",
			"query_url": "/t3/quer?queries=",
			"fortune_url": "/t3/fortu",
			"update_url": "/t3/updt?queries=",
			"cached_query_url": "/t3/cached-wld?count=",
			"port": 8080,
			"approach": "Realistic",
			"classification": "Fullstack",
			"database": "postgres",
			"framework": "ffead-cpp",
			"language": "C++",
			"orm": "Raw",
			"platform": "None",
			"webserver": "ffead-cpp",
			"os": "Linux",
			"database_os": "Linux",
			"display_name": "ffead-cpp-postgresql-raw-clibpqb-profiled",
			"notes": "memory libpq batch patch profiled",
			"versus": "",
			"tags": []
		},
		"postgresql-raw-async": {
			"json_url": "/t4/j",
			"plaintext_url": "/plaintext",
			"db_url": "/t4/d",
			"query_url": "/t4/quer?queries=",
			"fortune_url": "/t4/fortu",
			"update_url": "/t4/updt?queries=",
			"cached_query_url": "/t4/cached-wld?count=",
			"port": 8080,
			"approach": "Realistic",
			"classification": "Fullstack",
			"database": "postgres",
			"framework": "ffead-cpp",
			"language": "C++",
			"orm": "Raw",
			"platform": "None",
			"webserver": "ffead-cpp",
			"os": "Linux",
			"database_os": "Linux",
			"display_name": "ffead-cpp-postgresql-raw-async",
			"notes": "async memory",
			"versus": "",
			"tags": []
		},
		"postgresql-raw-async-profiled": {
			"json_url": "/t4/j",
			"plaintext_url": "/plaintext",
			"db_url": "/t4/d",
			"query_url": "/t4/quer?queries=",
			"fortune_url": "/t4/fortu",
			"update_url": "/t4/updt?queries=",
			"cached_query_url": "/t4/cached-wld?count=",
			"port": 8080,
			"approach": "Realistic",
			"classification": "Fullstack",
			"database": "postgres",
			"framework": "ffead-cpp",
			"language": "C++",
			"orm": "Raw",
			"platform": "None",
			"webserver": "ffead-cpp",
			"os": "Linux",
			"database_os": "Linux",
			"display_name": "ffead-cpp-postgresql-raw-async-profiled",
			"notes": "async memory profiled",
			"versus": "",
			"tags": []
		},
		"postgresql-raw-async-clibpqb-profiled": {
			"json_url": "/t4/j",
			"plaintext_url": "/plaintext",
			"db_url": "/t4/d",
			"query_url": "/t4/quer?queries=",
			"fortune_url": "/t4/fortu",
			"update_url": "/t4/updt?queries=",
			"cached_query_url": "/t4/cached-wld?count=",
			"port": 8080,
			"approach": "Realistic",
			"classification": "Fullstack",
			"database": "postgres",
			"framework": "ffead-cpp",
			"language": "C++",
			"orm": "Raw",
			"platform": "None",
			"webserver": "ffead-cpp",
			"os": "Linux",
			"database_os": "Linux",
			"display_name": "ffead-cpp-postgresql-raw-async-clibpqb-profiled",
			"notes": "async memory libpq batch patch profiled",
			"versus": "",
			"tags": []
		},
		"nginx": {
			"json_url": "/t1/j",
			"plaintext_url": "/plaintext",
			"port": 8080,
			"approach": "Realistic",
			"classification": "Fullstack",
			"database": "None",
			"framework": "ffead-cpp",
			"language": "C++",
			"orm": "Full",
			"platform": "None",
			"webserver": "nginx",
			"os": "Linux",
			"database_os": "Linux",
			"display_name": "ffead-cpp-nginx",
			"notes": "",
			"versus": "",
			"tags": ["broken"]
		},
		"seastar": {
			"json_url": "/t1/j",
			"plaintext_url": "/plaintext",
			"port": 8080,
			"approach": "Realistic",
			"classification": "Fullstack",
			"database": "None",
			"framework": "ffead-cpp",
			"language": "C++",
			"orm": "None",
			"platform": "None",
			"webserver": "seastar-http",
			"os": "Linux",
			"database_os": "Linux",
			"display_name": "ffead-cpp-seastar",
			"notes": "",
			"versus": "",
			"tags": ["broken"]
		},
		"apache": {
			"json_url": "/t1/j",
			"plaintext_url": "/plaintext",
			"port": 8080,
			"approach": "Realistic",
			"classification": "Fullstack",
			"database": "None",
			"framework": "ffead-cpp",
			"language": "C++",
			"orm": "Full",
			"platform": "None",
			"webserver": "apache",
			"os": "Linux",
			"database_os": "Linux",
			"display_name": "ffead-cpp-apache",
			"notes": "apache mongo",
			"versus": "",
			"tags": ["broken"]
		},
		"mongo-raw": {
			"json_url": "/t2/j",
			"plaintext_url": "/plaintext",
			"db_url": "/t2/d",
			"query_url": "/t2/quer?queries=",
			"fortune_url": "/t2/fortu",
			"update_url": "/t2/updt?queries=",
			"cached_query_url": "/t2/cached-wld?count=",
			"port": 8080,
			"approach": "Realistic",
			"classification": "Fullstack",
			"database": "mongodb",
			"framework": "ffead-cpp",
			"language": "C++",
			"orm": "Raw",
			"platform": "None",
			"webserver": "ffead-cpp",
			"os": "Linux",
			"database_os": "Linux",
			"display_name": "ffead-cpp-mongo-raw",
			"notes": "mongodb raw memory",
			"versus": "",
			"tags": ["broken"]
		},
		"lithium": {
			"json_url": "/t1/j",
			"plaintext_url": "/plaintext",
			"port": 8080,
			"approach": "Realistic",
			"classification": "Fullstack",
			"database": "None",
			"framework": "ffead-cpp",
			"language": "C++",
			"orm": "None",
			"platform": "None",
			"webserver": "lithium",
			"os": "Linux",
			"database_os": "Linux",
			"display_name": "ffead-cpp-lithium",
			"notes": "",
			"versus": "",
			"tags": ["broken"]
		},
		"cinatra": {
			"json_url": "/t1/j",
			"plaintext_url": "/plaintext",
			"port": 8080,
			"approach": "Realistic",
			"classification": "Fullstack",
			"database": "None",
			"framework": "ffead-cpp",
			"language": "C++",
			"orm": "None",
			"platform": "None",
			"webserver": "cinatra",
			"os": "Linux",
			"database_os": "Linux",
			"display_name": "ffead-cpp-cinatra",
			"notes": "",
			"versus": "",
			"tags": ["broken"]
		},
		"drogon": {
			"json_url": "/t1/j",
			"plaintext_url": "/plaintext",
			"port": 8080,
			"approach": "Realistic",
			"classification": "Fullstack",
			"database": "None",
			"framework": "ffead-cpp",
			"language": "C++",
			"orm": "None",
			"platform": "None",
			"webserver": "drogon",
			"os": "Linux",
			"database_os": "Linux",
			"display_name": "ffead-cpp-drogon",
			"notes": "",
			"versus": "",
			"tags": ["broken"]
		},
		"h2o": {
			"json_url": "/t1/j",
			"plaintext_url": "/plaintext",
			"port": 8080,
			"approach": "Realistic",
			"classification": "Fullstack",
			"database": "None",
			"framework": "ffead-cpp",
			"language": "C++",
			"orm": "None",
			"platform": "None",
			"webserver": "h2o",
			"os": "Linux",
			"database_os": "Linux",
			"display_name": "ffead-cpp-h2o",
			"notes": "",
			"versus": "",
			"tags": ["broken"]
		},
		"crystal-h2o": {
			"json_url": "/t1/j",
			"plaintext_url": "/plaintext",
			"port": 8080,
			"approach": "Realistic",
			"classification": "Fullstack",
			"database": "None",
			"framework": "ffead-cpp",
			"language": "C++",
			"orm": "None",
			"platform": "None",
			"webserver": "h2o.cr",
			"os": "Linux",
			"database_os": "Linux",
			"display_name": "ffead-cpp-crystal-h2o",
			"notes": "",
			"versus": "",
			"tags": ["broken"]
		},
		"mysql": {
			"json_url": "/t1/j",
			"plaintext_url": "/plaintext",
			"db_url": "/t1/d",
			"query_url": "/t1/quer?queries=",
			"fortune_url": "/t1/fortu",
			"update_url": "/t1/updt?queries=",
			"port": 8080,
			"approach": "Realistic",
			"classification": "Fullstack",
			"database": "mysql",
			"framework": "ffead-cpp",
			"language": "C++",
			"orm": "Full",
			"platform": "None",
			"webserver": "ffead-cpp",
			"os": "Linux",
			"database_os": "Linux",
			"display_name": "ffead-cpp-mysql",
			"notes": "",
			"versus": "",
			"tags": ["broken"]
		},
		"go-fasthttp": {
			"json_url": "/t1/j",
			"plaintext_url": "/plaintext",
			"port": 8080,
			"approach": "Realistic",
			"classification": "Fullstack",
			"database": "None",
			"framework": "ffead-cpp",
			"language": "C++",
			"orm": "None",
			"platform": "None",
			"webserver": "fasthttp",
			"os": "Linux",
			"database_os": "Linux",
			"display_name": "ffead-cpp-go-fasthttp",
			"notes": "",
			"versus": "",
			"tags": ["broken"]
		},
		"julia-http": {
			"json_url": "/t1/j",
			"plaintext_url": "/plaintext",
			"port": 8080,
			"approach": "Realistic",
			"classification": "Fullstack",
			"database": "None",
			"framework": "ffead-cpp",
			"language": "C++",
			"orm": "None",
			"platform": "None",
			"webserver": "julia-http",
			"os": "Linux",
			"database_os": "Linux",
			"display_name": "ffead-cpp-julia-http",
			"notes": "",
			"versus": "",
			"tags": ["broken"]
		},
		"swift-nio": {
			"json_url": "/t1/j",
			"plaintext_url": "/plaintext",
			"port": 8080,
			"approach": "Realistic",
			"classification": "Fullstack",
			"database": "None",
			"framework": "ffead-cpp",
			"language": "C++",
			"orm": "None",
			"platform": "None",
			"webserver": "swift-nio",
			"os": "Linux",
			"database_os": "Linux",
			"display_name": "ffead-cpp-swift-nio",
			"notes": "",
			"versus": "",
			"tags": ["broken"]
		},
		"rust-hyper": {
			"json_url": "/t1/j",
			"plaintext_url": "/plaintext",
			"port": 8080,
			"approach": "Realistic",
			"classification": "Fullstack",
			"database": "None",
			"framework": "ffead-cpp",
			"language": "C++",
			"orm": "None",
			"platform": "None",
			"webserver": "hyper",
			"os": "Linux",
			"database_os": "Linux",
			"display_name": "ffead-cpp-rust-hyper",
			"notes": "",
			"versus": "",
			"tags": ["broken"]
		},
		"rust-thruster": {
			"json_url": "/t1/j",
			"plaintext_url": "/plaintext",
			"port": 8080,
			"approach": "Realistic",
			"classification": "Fullstack",
			"database": "None",
			"framework": "ffead-cpp",
			"language": "C++",
			"orm": "None",
			"platform": "None",
			"webserver": "thruster",
			"os": "Linux",
			"database_os": "Linux",
			"display_name": "ffead-cpp-rust-thruster",
			"notes": "",
			"versus": "",
			"tags": ["broken"]
		},
		"rust-rocket": {
			"json_url": "/t1/j",
			"plaintext_url": "/plaintext",
			"port": 8080,
			"approach": "Realistic",
			"classification": "Fullstack",
			"database": "None",
			"framework": "ffead-cpp",
			"language": "C++",
			"orm": "None",
			"platform": "None",
			"webserver": "rocket",
			"os": "Linux",
			"database_os": "Linux",
			"display_name": "ffead-cpp-rust-rocket",
			"notes": "",
			"versus": "",
			"tags": ["broken"]
		},
		"v-vweb": {
			"json_url": "/t1/j",
			"plaintext_url": "/plaintext",
			"port": 8080,
			"approach": "Realistic",
			"classification": "Fullstack",
			"database": "None",
			"framework": "ffead-cpp",
			"language": "C++",
			"orm": "None",
			"platform": "None",
			"webserver": "vweb",
			"os": "Linux",
			"database_os": "Linux",
			"display_name": "ffead-cpp-v-vweb",
			"notes": "",
			"versus": "",
			"tags": ["broken"]
		},
		"java-rapidoid": {
			"json_url": "/t1/j",
			"plaintext_url": "/plaintext",
			"port": 8080,
			"approach": "Realistic",
			"classification": "Fullstack",
			"database": "None",
			"framework": "ffead-cpp",
			"language": "C++",
			"orm": "None",
			"platform": "None",
			"webserver": "rapidoid",
			"os": "Linux",
			"database_os": "Linux",
			"display_name": "ffead-cpp-java-rapidoid",
			"notes": "",
			"versus": "",
			"tags": ["broken"]
		},
		"java-wizzardo-http": {
			"json_url": "/t1/j",
			"plaintext_url": "/plaintext",
			"port": 8080,
			"approach": "Realistic",
			"classification": "Fullstack",
			"database": "None",
			"framework": "ffead-cpp",
			"language": "C++",
			"orm": "None",
			"platform": "None",
			"webserver": "wizzardo-http",
			"os": "Linux",
			"database_os": "Linux",
			"display_name": "ffead-cpp-java-wizzardo-http",
			"notes": "",
			"versus": "",
			"tags": ["broken"]
		}
	}]
}