{
	"framework": "ffead-cpp",
	"tests": [{
		"postgresql-raw-async": {
			"query_url": "/t4/quer?queries=",
			"update_url": "/t4/updt?queries=",
			"port": 8080,
			"approach": "Realistic",
			"classification": "Fullstack",
			"database": "postgres",
			"framework": "ffead-cpp",
			"language": "C++",
			"orm": "Raw",
			"platform": "None",
			"webserver": "ffead-cpp",
			"os": "Linux",
			"database_os": "Linux",
			"display_name": "pg-raw-async",
			"notes": "async memory",
			"versus": "",
			"tags": []
		},
		"postgresql-raw-async-profiled": {
			"query_url": "/t4/quer?queries=",
			"update_url": "/t4/updt?queries=",
			"port": 8080,
			"approach": "Realistic",
			"classification": "Fullstack",
			"database": "postgres",
			"framework": "ffead-cpp",
			"language": "C++",
			"orm": "Raw",
			"platform": "None",
			"webserver": "ffead-cpp",
			"os": "Linux",
			"database_os": "Linux",
			"display_name": "pg-raw-async-prof",
			"notes": "async memory profiled",
			"versus": "",
			"tags": []
		},
		"postgresql-raw-async-pool-profiled": {
			"query_url": "/t4/quer?queries=",
			"update_url": "/t4/updt?queries=",
			"port": 8080,
			"approach": "Realistic",
			"classification": "Fullstack",
			"database": "postgres",
			"framework": "ffead-cpp",
			"language": "C++",
			"orm": "Raw",
			"platform": "None",
			"webserver": "ffead-cpp",
			"os": "Linux",
			"database_os": "Linux",
			"display_name": "pg-raw-async-pool-prof",
			"notes": "async memory profiled",
			"versus": "",
			"tags": []
		},
		"postgresql-raw-async-m": {
			"query_url": "/t4/quem?queries=",
			"update_url": "/t4/updm?queries=",
			"port": 8080,
			"approach": "Realistic",
			"classification": "Fullstack",
			"database": "postgres",
			"framework": "ffead-cpp",
			"language": "C++",
			"orm": "Raw",
			"platform": "None",
			"webserver": "ffead-cpp",
			"os": "Linux",
			"database_os": "Linux",
			"display_name": "pg-raw-async-m",
			"notes": "async memory",
			"versus": "",
			"tags": []
		},
		"postgresql-raw-async-profiled-m": {
			"query_url": "/t4/quem?queries=",
			"update_url": "/t4/updm?queries=",
			"port": 8080,
			"approach": "Realistic",
			"classification": "Fullstack",
			"database": "postgres",
			"framework": "ffead-cpp",
			"language": "C++",
			"orm": "Raw",
			"platform": "None",
			"webserver": "ffead-cpp",
			"os": "Linux",
			"database_os": "Linux",
			"display_name": "pg-raw-async-prof-m",
			"notes": "async memory profiled",
			"versus": "",
			"tags": []
		},
		"postgresql-raw-async-pool-profiled-m": {
			"query_url": "/t4/quem?queries=",
			"update_url": "/t4/updm?queries=",
			"port": 8080,
			"approach": "Realistic",
			"classification": "Fullstack",
			"database": "postgres",
			"framework": "ffead-cpp",
			"language": "C++",
			"orm": "Raw",
			"platform": "None",
			"webserver": "ffead-cpp",
			"os": "Linux",
			"database_os": "Linux",
			"display_name": "pg-raw-async-pool-prof-m",
			"notes": "async memory profiled",
			"versus": "",
			"tags": []
		},
		"postgresql-raw-async-clibpqb-profiled": {
			"query_url": "/t4/quer?queries=",
			"update_url": "/t4/updt?queries=",
			"port": 8080,
			"approach": "Realistic",
			"classification": "Fullstack",
			"database": "postgres",
			"framework": "ffead-cpp",
			"language": "C++",
			"orm": "Raw",
			"platform": "None",
			"webserver": "ffead-cpp",
			"os": "Linux",
			"database_os": "Linux",
			"display_name": "pg-raw-async-prof-b",
			"notes": "async memory libpq batch patch profiled",
			"versus": "",
			"tags": []
		},
		"postgresql-raw-async-clibpqb-pool-profiled": {
			"query_url": "/t4/quer?queries=",
			"update_url": "/t4/updt?queries=",
			"port": 8080,
			"approach": "Realistic",
			"classification": "Fullstack",
			"database": "postgres",
			"framework": "ffead-cpp",
			"language": "C++",
			"orm": "Raw",
			"platform": "None",
			"webserver": "ffead-cpp",
			"os": "Linux",
			"database_os": "Linux",
			"display_name": "pg-raw-async-prof-b-pool",
			"notes": "async memory libpq batch patch profiled",
			"versus": "",
			"tags": []
		}
	}]
}