{
	"framework": "ffead-cpp",
	"tests": [{
		"default": {
			"json_url": "/t1/j",
			"plaintext_url": "/plaintext",
			"db_url": "/t1/d",
			"query_url": "/t1/quer?queries=",
			"fortune_url": "/t1/fortu",
			"update_url": "/t1/updt?queries=",
			"cached_query_url": "/t1/cached-wld?count=",
			"port": 8080,
			"approach": "Realistic",
			"classification": "Fullstack",
			"database": "mongodb",
			"framework": "ffead-cpp",
			"language": "C++",
			"orm": "Full",
			"platform": "None",
			"webserver": "ffead-cpp",
			"os": "Linux",
			"database_os": "Linux",
			"display_name": "ffead-cpp-mongo",
			"notes": "mongodb redis",
			"versus": "",
			"tags": ["broken"]
		},
		"v-picov": {
			"json_url": "/t3/j",
			"plaintext_url": "/plaintext",
			"db_url": "/t3/d",
			"query_url": "/t3/quer?queries=",
			"fortune_url": "/t3/fortu",
			"update_url": "/t3/updt?queries=",
			"cached_query_url": "/t3/cached-wld?count=",
			"port": 8080,
			"approach": "Realistic",
			"classification": "Fullstack",
			"database": "postgres",
			"framework": "ffead-cpp",
			"language": "C++",
			"orm": "Raw",
			"platform": "None",
			"webserver": "picov",
			"os": "Linux",
			"database_os": "Linux",
			"display_name": "ffead-cpp [v]",
			"notes": "",
			"versus": "",
			"tags": []
		},
		"v-picov-raw-profiled": {
			"json_url": "/t3/j",
			"plaintext_url": "/plaintext",
			"db_url": "/t3/d",
			"query_url": "/t3/quer?queries=",
			"fortune_url": "/t3/fortu",
			"update_url": "/t3/updt?queries=",
			"cached_query_url": "/t3/cached-wld?count=",
			"port": 8080,
			"approach": "Realistic",
			"classification": "Fullstack",
			"database": "postgres",
			"framework": "ffead-cpp",
			"language": "C++",
			"orm": "Raw",
			"platform": "None",
			"webserver": "picov",
			"os": "Linux",
			"database_os": "Linux",
			"display_name": "ffead-cpp [v-prof]",
			"notes": "",
			"versus": "",
			"tags": []
		},
		"v-picov-raw-clibpqb-profiled": {
			"json_url": "/t3/j",
			"plaintext_url": "/plaintext",
			"db_url": "/t3/d",
			"query_url": "/t3/quer?queries=",
			"fortune_url": "/t3/fortu",
			"update_url": "/t3/updt?queries=",
			"cached_query_url": "/t3/cached-wld?count=",
			"port": 8080,
			"approach": "Realistic",
			"classification": "Fullstack",
			"database": "postgres",
			"framework": "ffead-cpp",
			"language": "C++",
			"orm": "Raw",
			"platform": "None",
			"webserver": "picov",
			"os": "Linux",
			"database_os": "Linux",
			"display_name": "ffead-cpp [v-prof-b]",
			"notes": "",
			"versus": "",
			"tags": ["broken"]
		},
		"postgresql-raw-profiled": {
			"db_url": "/t3/d",
			"query_url": "/t3/quer?queries=",
			"fortune_url": "/t3/fortu",
			"update_url": "/t3/updt?queries=",
			"port": 8080,
			"approach": "Realistic",
			"classification": "Fullstack",
			"database": "postgres",
			"framework": "ffead-cpp",
			"language": "C++",
			"orm": "Raw",
			"platform": "None",
			"webserver": "ffead-cpp",
			"os": "Linux",
			"database_os": "Linux",
			"display_name": "ffead-cpp [pg-raw-prof]",
			"notes": "memory profiled",
			"versus": "",
			"tags": []
		},
		"postgresql-raw-clibpqb-profiled": {
			"db_url": "/t3/d",
			"query_url": "/t3/quer?queries=",
			"fortune_url": "/t3/fortu",
			"update_url": "/t3/updt?queries=",
			"port": 8080,
			"approach": "Realistic",
			"classification": "Fullstack",
			"database": "postgres",
			"framework": "ffead-cpp",
			"language": "C++",
			"orm": "Raw",
			"platform": "None",
			"webserver": "ffead-cpp",
			"os": "Linux",
			"database_os": "Linux",
			"display_name": "ffead-cpp [pg-raw-prof-b]",
			"notes": "memory libpq batch patch profiled",
			"versus": "",
			"tags": ["broken"]
		},
		"postgresql-raw-async-profiled": {
			"db_url": "/t4/d",
			"query_url": "/t4/quer?queries=",
			"fortune_url": "/t4/fortu",
			"update_url": "/t4/updt?queries=",
			"port": 8080,
			"approach": "Realistic",
			"classification": "Fullstack",
			"database": "postgres",
			"framework": "ffead-cpp",
			"language": "C++",
			"orm": "Raw",
			"platform": "None",
			"webserver": "ffead-cpp",
			"os": "Linux",
			"database_os": "Linux",
			"display_name": "ffead-cpp [pg-raw-async-prof]",
			"notes": "async memory profiled",
			"versus": "",
			"tags": []
		},
		"postgresql-raw-async-pool-profiled": {
			"db_url": "/t4/d",
			"query_url": "/t4/quer?queries=",
			"fortune_url": "/t4/fortu",
			"update_url": "/t4/updt?queries=",
			"port": 8080,
			"approach": "Realistic",
			"classification": "Fullstack",
			"database": "postgres",
			"framework": "ffead-cpp",
			"language": "C++",
			"orm": "Raw",
			"platform": "None",
			"webserver": "ffead-cpp",
			"os": "Linux",
			"database_os": "Linux",
			"display_name": "ffead-cpp [pg-raw-async-prof-pool]",
			"notes": "async memory profiled",
			"versus": "",
			"tags": []
		},
		"postgresql-raw-async-pool-profiled-m": {
			"query_url": "/t4/quem?queries=",
			"update_url": "/t4/updm?queries=",
			"port": 8080,
			"approach": "Realistic",
			"classification": "Fullstack",
			"database": "postgres",
			"framework": "ffead-cpp",
			"language": "C++",
			"orm": "Raw",
			"platform": "None",
			"webserver": "ffead-cpp",
			"os": "Linux",
			"database_os": "Linux",
			"display_name": "ffead-cpp [pg-raw-async-prof-pool-m]",
			"notes": "async memory profiled",
			"versus": "",
			"tags": ["broken"]
		},
		"postgresql-raw-async-clibpqb-profiled": {
			"db_url": "/t4/d",
			"query_url": "/t4/quer?queries=",
			"fortune_url": "/t4/fortu",
			"update_url": "/t4/updt?queries=",
			"port": 8080,
			"approach": "Realistic",
			"classification": "Fullstack",
			"database": "postgres",
			"framework": "ffead-cpp",
			"language": "C++",
			"orm": "Raw",
			"platform": "None",
			"webserver": "ffead-cpp",
			"os": "Linux",
			"database_os": "Linux",
			"display_name": "ffead-cpp [pg-raw-async-prof-b]",
			"notes": "async memory libpq batch patch profiled",
			"versus": "",
			"tags": ["broken"]
		},
		"postgresql-raw-async-clibpqb-pool-profiled": {
			"db_url": "/t4/d",
			"query_url": "/t4/quer?queries=",
			"fortune_url": "/t4/fortu",
			"update_url": "/t4/updt?queries=",
			"port": 8080,
			"approach": "Realistic",
			"classification": "Fullstack",
			"database": "postgres",
			"framework": "ffead-cpp",
			"language": "C++",
			"orm": "Raw",
			"platform": "None",
			"webserver": "ffead-cpp",
			"os": "Linux",
			"database_os": "Linux",
			"display_name": "ffead-cpp [pg-raw-async-prof-b-pool]",
			"notes": "async memory libpq batch patch profiled",
			"versus": "",
			"tags": ["broken"]
		},
		"postgresql-raw-async-qw-profiled": {
			"db_url": "/t5/d",
			"query_url": "/t5/quer?queries=",
			"fortune_url": "/t5/fortu",
			"update_url": "/t5/updt?queries=",
			"port": 8080,
			"approach": "Realistic",
			"classification": "Fullstack",
			"database": "postgres",
			"framework": "ffead-cpp",
			"language": "C++",
			"orm": "Raw",
			"platform": "None",
			"webserver": "ffead-cpp",
			"os": "Linux",
			"database_os": "Linux",
			"display_name": "ffead-cpp [pg-raw-async-qw-prof]",
			"notes": "async memory profiled",
			"versus": "",
			"tags": []
		},
		"postgresql-raw-async-qw-clibpqb-profiled": {
			"db_url": "/t5/d",
			"query_url": "/t5/quer?queries=",
			"fortune_url": "/t5/fortu",
			"update_url": "/t5/updt?queries=",
			"port": 8080,
			"approach": "Realistic",
			"classification": "Fullstack",
			"database": "postgres",
			"framework": "ffead-cpp",
			"language": "C++",
			"orm": "Raw",
			"platform": "None",
			"webserver": "ffead-cpp",
			"os": "Linux",
			"database_os": "Linux",
			"display_name": "ffead-cpp [pg-raw-async-qw-prof-b]",
			"notes": "async memory libpq batch patch profiled",
			"versus": "",
			"tags": ["broken"]
		},
		"postgresql-raw-async-qw-pool-profiled-m": {
			"query_url": "/t5/quem?queries=",
			"update_url": "/t5/updm?queries=",
			"port": 8080,
			"approach": "Realistic",
			"classification": "Fullstack",
			"database": "postgres",
			"framework": "ffead-cpp",
			"language": "C++",
			"orm": "Raw",
			"platform": "None",
			"webserver": "ffead-cpp",
			"os": "Linux",
			"database_os": "Linux",
			"display_name": "ffead-cpp [pg-raw-async-qw-prof-pool-m]",
			"notes": "async memory profiled",
			"versus": "",
			"tags": ["broken"]
		}
	}]
}
