{
	"framework": "ffead-cpp",
	"tests": [{
		"p2": {
			"db_url": "/t4/d",
			"query_url": "/t4/quer?queries=",
			"fortune_url": "/t4/fortu",
			"update_url": "/t4/updt?queries=",
			"port": 8080,
			"approach": "Realistic",
			"classification": "Fullstack",
			"database": "postgres",
			"framework": "ffead-cpp",
			"language": "C++",
			"orm": "Raw",
			"platform": "None",
			"webserver": "ffead-cpp",
			"os": "Linux",
			"database_os": "Linux",
			"display_name": "p2",
			"notes": "async memory libpq batch patch profiled",
			"versus": "",
			"tags": []
		},
		"p3": {
			"db_url": "/t4/d",
			"query_url": "/t4/quer?queries=",
			"fortune_url": "/t4/fortu",
			"update_url": "/t4/updt?queries=",
			"port": 8080,
			"approach": "Realistic",
			"classification": "Fullstack",
			"database": "postgres",
			"framework": "ffead-cpp",
			"language": "C++",
			"orm": "Raw",
			"platform": "None",
			"webserver": "ffead-cpp",
			"os": "Linux",
			"database_os": "Linux",
			"display_name": "p3",
			"notes": "async memory libpq batch patch profiled",
			"versus": "",
			"tags": []
		},
		"p4": {
			"db_url": "/t4/d",
			"query_url": "/t4/quer?queries=",
			"fortune_url": "/t4/fortu",
			"update_url": "/t4/updt?queries=",
			"port": 8080,
			"approach": "Realistic",
			"classification": "Fullstack",
			"database": "postgres",
			"framework": "ffead-cpp",
			"language": "C++",
			"orm": "Raw",
			"platform": "None",
			"webserver": "ffead-cpp",
			"os": "Linux",
			"database_os": "Linux",
			"display_name": "p4",
			"notes": "async memory libpq batch patch profiled",
			"versus": "",
			"tags": []
		},
		"p10": {
			"db_url": "/t4/d",
			"query_url": "/t4/quer?queries=",
			"fortune_url": "/t4/fortu",
			"update_url": "/t4/updt?queries=",
			"port": 8080,
			"approach": "Realistic",
			"classification": "Fullstack",
			"database": "postgres",
			"framework": "ffead-cpp",
			"language": "C++",
			"orm": "Raw",
			"platform": "None",
			"webserver": "ffead-cpp",
			"os": "Linux",
			"database_os": "Linux",
			"display_name": "p10",
			"notes": "async memory libpq batch patch profiled",
			"versus": "",
			"tags": []
		},
		"p2-b": {
			"db_url": "/t4/d",
			"query_url": "/t4/quer?queries=",
			"fortune_url": "/t4/fortu",
			"update_url": "/t4/updt?queries=",
			"port": 8080,
			"approach": "Realistic",
			"classification": "Fullstack",
			"database": "postgres",
			"framework": "ffead-cpp",
			"language": "C++",
			"orm": "Raw",
			"platform": "None",
			"webserver": "ffead-cpp",
			"os": "Linux",
			"database_os": "Linux",
			"display_name": "p2-b",
			"notes": "async memory libpq batch patch profiled",
			"versus": "",
			"tags": []
		},
		"p3-b": {
			"db_url": "/t4/d",
			"query_url": "/t4/quer?queries=",
			"fortune_url": "/t4/fortu",
			"update_url": "/t4/updt?queries=",
			"port": 8080,
			"approach": "Realistic",
			"classification": "Fullstack",
			"database": "postgres",
			"framework": "ffead-cpp",
			"language": "C++",
			"orm": "Raw",
			"platform": "None",
			"webserver": "ffead-cpp",
			"os": "Linux",
			"database_os": "Linux",
			"display_name": "p3-b",
			"notes": "async memory libpq batch patch profiled",
			"versus": "",
			"tags": []
		},
		"p4-b": {
			"db_url": "/t4/d",
			"query_url": "/t4/quer?queries=",
			"fortune_url": "/t4/fortu",
			"update_url": "/t4/updt?queries=",
			"port": 8080,
			"approach": "Realistic",
			"classification": "Fullstack",
			"database": "postgres",
			"framework": "ffead-cpp",
			"language": "C++",
			"orm": "Raw",
			"platform": "None",
			"webserver": "ffead-cpp",
			"os": "Linux",
			"database_os": "Linux",
			"display_name": "p4-b",
			"notes": "async memory libpq batch patch profiled",
			"versus": "",
			"tags": []
		},
		"p10-b": {
			"db_url": "/t4/d",
			"query_url": "/t4/quer?queries=",
			"fortune_url": "/t4/fortu",
			"update_url": "/t4/updt?queries=",
			"port": 8080,
			"approach": "Realistic",
			"classification": "Fullstack",
			"database": "postgres",
			"framework": "ffead-cpp",
			"language": "C++",
			"orm": "Raw",
			"platform": "None",
			"webserver": "ffead-cpp",
			"os": "Linux",
			"database_os": "Linux",
			"display_name": "p10-b",
			"notes": "async memory libpq batch patch profiled",
			"versus": "",
			"tags": []
		}
	}]
}