{
    "generator-jhipster": {
        "applicationType": "microservice",
        "authenticationType": "jwt",
        "baseName": "sampleMicroserviceEureka",
        "buildTool": "maven",
        "cacheProvider": "hazelcast",
        "clientPackageManager": "npm",
        "creationTimestamp": 1596513172471,
        "databaseType": "sql",
        "devDatabaseType": "h2Disk",
        "enableHibernateCache": true,
        "enableTranslation": true,
        "jhiPrefix": "jhi",
        "jwtSecretKey": "ZjY4MTM4YjI5YzMwZjhjYjI2OTNkNTRjMWQ5Y2Q0Y2YwOWNmZTE2NzRmYzU3NTMwM2NjOTE3MTllOTM3MWRkMzcyYTljMjVmNmQ0Y2MxOTUzODc0MDhhMTlkMDIxMzI2YzQzZDM2ZDE3MmQ3NjVkODk3OTVmYzljYTQyZDNmMTQ=",
        "languages": ["en", "fr"],
        "messageBroker": "no",
        "nativeLanguage": "en",
        "packageFolder": "tech/jhipster/sample",
        "packageName": "tech.jhipster.sample",
        "prodDatabaseType": "postgresql",
        "searchEngine": "no",
        "serverPort": "8081",
        "serviceDiscoveryType": "eureka",
        "skipClient": true,
        "skipUserManagement": true,
        "testFrameworks": ["gatling"],
        "websocket": "no"
    }
}
