<?xml version="1.0" encoding="UTF-8" ?>
<!DOCTYPE mapper PUBLIC "-//mybatis.org//DTD Mapper 3.0//EN" "http://mybatis.org/dtd/mybatis-3-mapper.dtd" >
<mapper namespace="com.fc.v2.mapper.auto.SysFileMapper" >
  <resultMap id="BaseResultMap" type="com.fc.v2.model.auto.SysFile" >
    <constructor >
      <idArg column="id" jdbcType="VARCHAR" javaType="java.lang.String" />
      <arg column="file_name" jdbcType="VARCHAR" javaType="java.lang.String" />
      <arg column="bucket_name" jdbcType="VARCHAR" javaType="java.lang.String" />
      <arg column="file_size" jdbcType="BIGINT" javaType="java.lang.Long" />
      <arg column="file_suffix" jdbcType="VARCHAR" javaType="java.lang.String" />
      <arg column="create_user_id" jdbcType="VARCHAR" javaType="java.lang.String" />
      <arg column="create_user_name" jdbcType="VARCHAR" javaType="java.lang.String" />
      <arg column="create_time" jdbcType="TIMESTAMP" javaType="java.util.Date" />
      <arg column="update_user_id" jdbcType="VARCHAR" javaType="java.lang.String" />
      <arg column="update_user_name" jdbcType="VARCHAR" javaType="java.lang.String" />
      <arg column="update_time" jdbcType="TIMESTAMP" javaType="java.util.Date" />
    </constructor>
  </resultMap>
  <sql id="Example_Where_Clause" >
    <where >
      <foreach collection="oredCriteria" item="criteria" separator="or" >
        <if test="criteria.valid" >
          <trim prefix="(" suffix=")" prefixOverrides="and" >
            <foreach collection="criteria.criteria" item="criterion" >
              <choose >
                <when test="criterion.noValue" >
                  and ${criterion.condition}
                </when>
                <when test="criterion.singleValue" >
                  and ${criterion.condition} #{criterion.value}
                </when>
                <when test="criterion.betweenValue" >
                  and ${criterion.condition} #{criterion.value} and #{criterion.secondValue}
                </when>
                <when test="criterion.listValue" >
                  and ${criterion.condition}
                  <foreach collection="criterion.value" item="listItem" open="(" close=")" separator="," >
                    #{listItem}
                  </foreach>
                </when>
              </choose>
            </foreach>
          </trim>
        </if>
      </foreach>
    </where>
  </sql>
  <sql id="Update_By_Example_Where_Clause" >
    <where >
      <foreach collection="example.oredCriteria" item="criteria" separator="or" >
        <if test="criteria.valid" >
          <trim prefix="(" suffix=")" prefixOverrides="and" >
            <foreach collection="criteria.criteria" item="criterion" >
              <choose >
                <when test="criterion.noValue" >
                  and ${criterion.condition}
                </when>
                <when test="criterion.singleValue" >
                  and ${criterion.condition} #{criterion.value}
                </when>
                <when test="criterion.betweenValue" >
                  and ${criterion.condition} #{criterion.value} and #{criterion.secondValue}
                </when>
                <when test="criterion.listValue" >
                  and ${criterion.condition}
                  <foreach collection="criterion.value" item="listItem" open="(" close=")" separator="," >
                    #{listItem}
                  </foreach>
                </when>
              </choose>
            </foreach>
          </trim>
        </if>
      </foreach>
    </where>
  </sql>
  <sql id="Base_Column_List" >
    id, file_name, bucket_name, file_size, file_suffix, create_user_id, create_user_name,
    create_time, update_user_id, update_user_name, update_time
  </sql>
  <select id="selectByExample" resultMap="BaseResultMap" parameterType="com.fc.v2.model.auto.SysFileExample" >
    select
    <if test="distinct" >
      distinct
    </if>
    <include refid="Base_Column_List" />
    from t_sys_file
    <if test="_parameter != null" >
      <include refid="Example_Where_Clause" />
    </if>
    <if test="orderByClause != null" >
      order by ${orderByClause}
    </if>
  </select>
  <select id="selectByPrimaryKey" resultMap="BaseResultMap" parameterType="java.lang.String" >
    select
    <include refid="Base_Column_List" />
    from t_sys_file
    where id = #{id,jdbcType=VARCHAR}
  </select>
  <delete id="deleteByPrimaryKey" parameterType="java.lang.String" >
    delete from t_sys_file
    where id = #{id,jdbcType=VARCHAR}
  </delete>
  <delete id="deleteByExample" parameterType="com.fc.v2.model.auto.SysFileExample" >
    delete from t_sys_file
    <if test="_parameter != null" >
      <include refid="Example_Where_Clause" />
    </if>
  </delete>
  <insert id="insert" parameterType="com.fc.v2.model.auto.SysFile" >
    insert into t_sys_file (id, file_name, bucket_name,
      file_size, file_suffix, create_user_id,
      create_user_name, create_time, update_user_id,
      update_user_name, update_time)
    values (#{id,jdbcType=VARCHAR}, #{fileName,jdbcType=VARCHAR}, #{bucketName,jdbcType=VARCHAR},
      #{fileSize,jdbcType=BIGINT}, #{fileSuffix,jdbcType=VARCHAR}, #{createUserId,jdbcType=VARCHAR},
      #{createUserName,jdbcType=VARCHAR}, #{createTime,jdbcType=TIMESTAMP}, #{updateUserId,jdbcType=VARCHAR},
      #{updateUserName,jdbcType=VARCHAR}, #{updateTime,jdbcType=TIMESTAMP})
  </insert>
  <insert id="insertSelective" parameterType="com.fc.v2.model.auto.SysFile" >
    insert into t_sys_file
    <trim prefix="(" suffix=")" suffixOverrides="," >
      <if test="id != null" >
        id,
      </if>
      <if test="fileName != null" >
        file_name,
      </if>
      <if test="bucketName != null" >
        bucket_name,
      </if>
      <if test="fileSize != null" >
        file_size,
      </if>
      <if test="fileSuffix != null" >
        file_suffix,
      </if>
      <if test="createUserId != null" >
        create_user_id,
      </if>
      <if test="createUserName != null" >
        create_user_name,
      </if>
      <if test="createTime != null" >
        create_time,
      </if>
      <if test="updateUserId != null" >
        update_user_id,
      </if>
      <if test="updateUserName != null" >
        update_user_name,
      </if>
      <if test="updateTime != null" >
        update_time,
      </if>
    </trim>
    <trim prefix="values (" suffix=")" suffixOverrides="," >
      <if test="id != null" >
        #{id,jdbcType=VARCHAR},
      </if>
      <if test="fileName != null" >
        #{fileName,jdbcType=VARCHAR},
      </if>
      <if test="bucketName != null" >
        #{bucketName,jdbcType=VARCHAR},
      </if>
      <if test="fileSize != null" >
        #{fileSize,jdbcType=BIGINT},
      </if>
      <if test="fileSuffix != null" >
        #{fileSuffix,jdbcType=VARCHAR},
      </if>
      <if test="createUserId != null" >
        #{createUserId,jdbcType=VARCHAR},
      </if>
      <if test="createUserName != null" >
        #{createUserName,jdbcType=VARCHAR},
      </if>
      <if test="createTime != null" >
        #{createTime,jdbcType=TIMESTAMP},
      </if>
      <if test="updateUserId != null" >
        #{updateUserId,jdbcType=VARCHAR},
      </if>
      <if test="updateUserName != null" >
        #{updateUserName,jdbcType=VARCHAR},
      </if>
      <if test="updateTime != null" >
        #{updateTime,jdbcType=TIMESTAMP},
      </if>
    </trim>
  </insert>
  <select id="countByExample" parameterType="com.fc.v2.model.auto.SysFileExample" resultType="java.lang.Integer" >
    select count(*) from t_sys_file
    <if test="_parameter != null" >
      <include refid="Example_Where_Clause" />
    </if>
  </select>
  <update id="updateByExampleSelective" parameterType="map" >
    update t_sys_file
    <set >
      <if test="record.id != null" >
        id = #{record.id,jdbcType=VARCHAR},
      </if>
      <if test="record.fileName != null" >
        file_name = #{record.fileName,jdbcType=VARCHAR},
      </if>
      <if test="record.bucketName != null" >
        bucket_name = #{record.bucketName,jdbcType=VARCHAR},
      </if>
      <if test="record.fileSize != null" >
        file_size = #{record.fileSize,jdbcType=BIGINT},
      </if>
      <if test="record.fileSuffix != null" >
        file_suffix = #{record.fileSuffix,jdbcType=VARCHAR},
      </if>
      <if test="record.createUserId != null" >
        create_user_id = #{record.createUserId,jdbcType=VARCHAR},
      </if>
      <if test="record.createUserName != null" >
        create_user_name = #{record.createUserName,jdbcType=VARCHAR},
      </if>
      <if test="record.createTime != null" >
        create_time = #{record.createTime,jdbcType=TIMESTAMP},
      </if>
      <if test="record.updateUserId != null" >
        update_user_id = #{record.updateUserId,jdbcType=VARCHAR},
      </if>
      <if test="record.updateUserName != null" >
        update_user_name = #{record.updateUserName,jdbcType=VARCHAR},
      </if>
      <if test="record.updateTime != null" >
        update_time = #{record.updateTime,jdbcType=TIMESTAMP},
      </if>
    </set>
    <if test="_parameter != null" >
      <include refid="Update_By_Example_Where_Clause" />
    </if>
  </update>
  <update id="updateByExample" parameterType="map" >
    update t_sys_file
    set id = #{record.id,jdbcType=VARCHAR},
      file_name = #{record.fileName,jdbcType=VARCHAR},
      bucket_name = #{record.bucketName,jdbcType=VARCHAR},
      file_size = #{record.fileSize,jdbcType=BIGINT},
      file_suffix = #{record.fileSuffix,jdbcType=VARCHAR},
      create_user_id = #{record.createUserId,jdbcType=VARCHAR},
      create_user_name = #{record.createUserName,jdbcType=VARCHAR},
      create_time = #{record.createTime,jdbcType=TIMESTAMP},
      update_user_id = #{record.updateUserId,jdbcType=VARCHAR},
      update_user_name = #{record.updateUserName,jdbcType=VARCHAR},
      update_time = #{record.updateTime,jdbcType=TIMESTAMP}
    <if test="_parameter != null" >
      <include refid="Update_By_Example_Where_Clause" />
    </if>
  </update>
  <update id="updateByPrimaryKeySelective" parameterType="com.fc.v2.model.auto.SysFile" >
    update t_sys_file
    <set >
      <if test="fileName != null" >
        file_name = #{fileName,jdbcType=VARCHAR},
      </if>
      <if test="bucketName != null" >
        bucket_name = #{bucketName,jdbcType=VARCHAR},
      </if>
      <if test="fileSize != null" >
        file_size = #{fileSize,jdbcType=BIGINT},
      </if>
      <if test="fileSuffix != null" >
        file_suffix = #{fileSuffix,jdbcType=VARCHAR},
      </if>
      <if test="createUserId != null" >
        create_user_id = #{createUserId,jdbcType=VARCHAR},
      </if>
      <if test="createUserName != null" >
        create_user_name = #{createUserName,jdbcType=VARCHAR},
      </if>
      <if test="createTime != null" >
        create_time = #{createTime,jdbcType=TIMESTAMP},
      </if>
      <if test="updateUserId != null" >
        update_user_id = #{updateUserId,jdbcType=VARCHAR},
      </if>
      <if test="updateUserName != null" >
        update_user_name = #{updateUserName,jdbcType=VARCHAR},
      </if>
      <if test="updateTime != null" >
        update_time = #{updateTime,jdbcType=TIMESTAMP},
      </if>
    </set>
    where id = #{id,jdbcType=VARCHAR}
  </update>
  <update id="updateByPrimaryKey" parameterType="com.fc.v2.model.auto.SysFile" >
    update t_sys_file
    set file_name = #{fileName,jdbcType=VARCHAR},
      bucket_name = #{bucketName,jdbcType=VARCHAR},
      file_size = #{fileSize,jdbcType=BIGINT},
      file_suffix = #{fileSuffix,jdbcType=VARCHAR},
      create_user_id = #{createUserId,jdbcType=VARCHAR},
      create_user_name = #{createUserName,jdbcType=VARCHAR},
      create_time = #{createTime,jdbcType=TIMESTAMP},
      update_user_id = #{updateUserId,jdbcType=VARCHAR},
      update_user_name = #{updateUserName,jdbcType=VARCHAR},
      update_time = #{updateTime,jdbcType=TIMESTAMP}
    where id = #{id,jdbcType=VARCHAR}
  </update>
</mapper>