<?xml version="1.0" encoding="UTF-8"?>
<!DOCTYPE mapper PUBLIC "-//mybatis.org//DTD Mapper 3.0//EN" "http://mybatis.org/dtd/mybatis-3-mapper.dtd">
<mapper namespace="com.fc.v2.mapper.auto.SysInterUrlMapper">
  <resultMap id="BaseResultMap" type="com.fc.v2.model.auto.SysInterUrl">
    <result column="id" jdbcType="VARCHAR" property="id" />
    <result column="inter_name" jdbcType="VARCHAR" property="interName" />
    <result column="url" jdbcType="VARCHAR" property="url" />
    <result column="type" jdbcType="INTEGER" property="type" />
  </resultMap>
  <sql id="Example_Where_Clause">
    <where>
      <foreach collection="oredCriteria" item="criteria" separator="or">
        <if test="criteria.valid">
          <trim prefix="(" prefixOverrides="and" suffix=")">
            <foreach collection="criteria.criteria" item="criterion">
              <choose>
                <when test="criterion.noValue">
                  and ${criterion.condition}
                </when>
                <when test="criterion.singleValue">
                  and ${criterion.condition} #{criterion.value}
                </when>
                <when test="criterion.betweenValue">
                  and ${criterion.condition} #{criterion.value} and #{criterion.secondValue}
                </when>
                <when test="criterion.listValue">
                  and ${criterion.condition}
                  <foreach close=")" collection="criterion.value" item="listItem" open="(" separator=",">
                    #{listItem}
                  </foreach>
                </when>
              </choose>
            </foreach>
          </trim>
        </if>
      </foreach>
    </where>
  </sql>
  <sql id="Update_By_Example_Where_Clause">
    <where>
      <foreach collection="example.oredCriteria" item="criteria" separator="or">
        <if test="criteria.valid">
          <trim prefix="(" prefixOverrides="and" suffix=")">
            <foreach collection="criteria.criteria" item="criterion">
              <choose>
                <when test="criterion.noValue">
                  and ${criterion.condition}
                </when>
                <when test="criterion.singleValue">
                  and ${criterion.condition} #{criterion.value}
                </when>
                <when test="criterion.betweenValue">
                  and ${criterion.condition} #{criterion.value} and #{criterion.secondValue}
                </when>
                <when test="criterion.listValue">
                  and ${criterion.condition}
                  <foreach close=")" collection="criterion.value" item="listItem" open="(" separator=",">
                    #{listItem}
                  </foreach>
                </when>
              </choose>
            </foreach>
          </trim>
        </if>
      </foreach>
    </where>
  </sql>
<sql id="Base_Column_List">
	  	  	      	id,
       	  	      	inter_name,
       	  	      	url,
       	  	    	  	type
       	</sql>
  <select id="selectByExample" parameterType="com.fc.v2.model.auto.SysInterUrlExample" resultMap="BaseResultMap">
    select
    <if test="distinct">
      distinct
    </if>
    <include refid="Base_Column_List" />
    from t_sys_inter_url
    <if test="_parameter != null">
      <include refid="Example_Where_Clause" />
    </if>
    <if test="orderByClause != null">
      order by ${orderByClause}
    </if>
  </select>
  <select id="selectByPrimaryKey" parameterType="java.lang.String" resultMap="BaseResultMap">
    select 
    <include refid="Base_Column_List" />
    from t_sys_inter_url
    where id = #{id,jdbcType=VARCHAR}
  </select>

  <delete id="deleteByPrimaryKey" parameterType="java.lang.String">
    delete from t_sys_inter_url
    where id = #{id,jdbcType=VARCHAR}
  </delete>
  <delete id="deleteByExample" parameterType="com.fc.v2.model.auto.SysInterUrlExample">
    delete from t_sys_inter_url
    <if test="_parameter != null">
      <include refid="Example_Where_Clause" />
    </if>
  </delete>
  
  <insert id="insert" parameterType="com.fc.v2.model.auto.SysInterUrl">
    insert into t_sys_inter_url (
      	  	       id,
       	  	       inter_name,
       	  	       url,
       	  	    	  type
       	    )
    values (
	  	  	      	#{id,jdbcType=VARCHAR},
       	  	      	#{interName,jdbcType=VARCHAR},
       	  	      	#{url,jdbcType=VARCHAR},
       	  	    	  #{type,jdbcType=INTEGER}
       	    )
  </insert>
  
  <insert id="insertSelective" parameterType="com.fc.v2.model.auto.SysInterUrl">
    insert into t_sys_inter_url
    <trim prefix="(" suffix=")" suffixOverrides=",">
          
      <if test="id != null">
        id,
      </if>
      
         
      <if test="interName != null">
        inter_name,
      </if>
      
         
      <if test="url != null">
        url,
      </if>
      
         
      <if test="type != null">
        type,
      </if>
      
         </trim>
    <trim prefix="values (" suffix=")" suffixOverrides=",">
          <if test="id != null">
        #{id,jdbcType=VARCHAR},
      </if>
          <if test="interName != null">
        #{interName,jdbcType=VARCHAR},
      </if>
          <if test="url != null">
        #{url,jdbcType=VARCHAR},
      </if>
          <if test="type != null">
        #{type,jdbcType=INTEGER},
      </if>
        </trim>
  </insert>
  
  <select id="countByExample" parameterType="com.fc.v2.model.auto.SysInterUrlExample" resultType="java.lang.Long">
    select count(*) from t_sys_inter_url
    <if test="_parameter != null">
      <include refid="Example_Where_Clause" />
    </if>
  </select>
  
  <update id="updateByExampleSelective" parameterType="map">
    update t_sys_inter_url
    <set>
          <if test="record.id != null">
        id = #{record.id,jdbcType=VARCHAR},
      </if>
          <if test="record.interName != null">
        inter_name = #{record.interName,jdbcType=VARCHAR},
      </if>
          <if test="record.url != null">
        url = #{record.url,jdbcType=VARCHAR},
      </if>
          <if test="record.type != null">
        type = #{record.type,jdbcType=INTEGER},
      </if>
         
    </set>
    <if test="_parameter != null">
      <include refid="Update_By_Example_Where_Clause" />
    </if>
  </update>
  
  
  <update id="updateByExample" parameterType="map">
    update t_sys_inter_url
    set
            	     	 id = #{record.id,jdbcType=VARCHAR},
    	         	     	 inter_name = #{record.interName,jdbcType=VARCHAR},
    	         	     	 url = #{record.url,jdbcType=VARCHAR},
    	         	     	 type = #{record.type,jdbcType=INTEGER}
    	         <if test="_parameter != null">
      <include refid="Update_By_Example_Where_Clause" />
    </if>
  </update>
  
  
      <update id="updateByPrimaryKeySelective" parameterType="com.fc.v2.model.auto.SysInterUrl">
    update t_sys_inter_url
    <set>
                          <if test="interName != null">
        inter_name = #{interName,jdbcType=VARCHAR},
      </if>
                      <if test="url != null">
        url = #{url,jdbcType=VARCHAR},
      </if>
                      <if test="type != null">
        type = #{type,jdbcType=INTEGER},
      </if>
              </set>
    where 
            id = #{id,jdbcType=VARCHAR}
                                  
  </update>

      	      	   	      	   	      	   	      	

  <update id="updateByPrimaryKey" parameterType="com.fc.v2.model.auto.SysInterUrl">
    update t_sys_inter_url
    set 
             	        	    	 			inter_name = #{interName,jdbcType=VARCHAR},
		     	        	    	 			url = #{url,jdbcType=VARCHAR},
		     	        	    	 			type = #{type,jdbcType=INTEGER}
		     	        where 
            id = #{id,jdbcType=VARCHAR}
                                    
  </update>
  
                        
</mapper>