<?xml version="1.0" encoding="UTF-8"?>
<!DOCTYPE mapper PUBLIC "-//mybatis.org//DTD Mapper 3.0//EN" "http://mybatis.org/dtd/mybatis-3-mapper.dtd">
<mapper namespace="com.fc.v2.mapper.auto.SysPositionMapper">
  <resultMap id="BaseResultMap" type="com.fc.v2.model.auto.SysPosition">
    <result column="id" jdbcType="VARCHAR" property="id" />
    <result column="post_name" jdbcType="VARCHAR" property="postName" />
    <result column="order_num" jdbcType="INTEGER" property="orderNum" />
    <result column="status" jdbcType="INTEGER" property="status" />
  </resultMap>
  <sql id="Example_Where_Clause">
    <where>
      <foreach collection="oredCriteria" item="criteria" separator="or">
        <if test="criteria.valid">
          <trim prefix="(" prefixOverrides="and" suffix=")">
            <foreach collection="criteria.criteria" item="criterion">
              <choose>
                <when test="criterion.noValue">
                  and ${criterion.condition}
                </when>
                <when test="criterion.singleValue">
                  and ${criterion.condition} #{criterion.value}
                </when>
                <when test="criterion.betweenValue">
                  and ${criterion.condition} #{criterion.value} and #{criterion.secondValue}
                </when>
                <when test="criterion.listValue">
                  and ${criterion.condition}
                  <foreach close=")" collection="criterion.value" item="listItem" open="(" separator=",">
                    #{listItem}
                  </foreach>
                </when>
              </choose>
            </foreach>
          </trim>
        </if>
      </foreach>
    </where>
  </sql>
  <sql id="Update_By_Example_Where_Clause">
    <where>
      <foreach collection="example.oredCriteria" item="criteria" separator="or">
        <if test="criteria.valid">
          <trim prefix="(" prefixOverrides="and" suffix=")">
            <foreach collection="criteria.criteria" item="criterion">
              <choose>
                <when test="criterion.noValue">
                  and ${criterion.condition}
                </when>
                <when test="criterion.singleValue">
                  and ${criterion.condition} #{criterion.value}
                </when>
                <when test="criterion.betweenValue">
                  and ${criterion.condition} #{criterion.value} and #{criterion.secondValue}
                </when>
                <when test="criterion.listValue">
                  and ${criterion.condition}
                  <foreach close=")" collection="criterion.value" item="listItem" open="(" separator=",">
                    #{listItem}
                  </foreach>
                </when>
              </choose>
            </foreach>
          </trim>
        </if>
      </foreach>
    </where>
  </sql>
<sql id="Base_Column_List">
	  	  	      	id,
       	  	      	post_name,
       	  	      	order_num,
       	  	    	  	status
       	</sql>
  <select id="selectByExample" parameterType="com.fc.v2.model.auto.SysPositionExample" resultMap="BaseResultMap">
    select
    <if test="distinct">
      distinct
    </if>
    <include refid="Base_Column_List" />
    from t_sys_position
    <if test="_parameter != null">
      <include refid="Example_Where_Clause" />
    </if>
    <if test="orderByClause != null">
      order by ${orderByClause}
    </if>
  </select>
  <select id="selectByPrimaryKey" parameterType="java.lang.String" resultMap="BaseResultMap">
    select 
    <include refid="Base_Column_List" />
    from t_sys_position
    where id = #{id,jdbcType=VARCHAR}
  </select>

  <delete id="deleteByPrimaryKey" parameterType="java.lang.String">
    delete from t_sys_position
    where id = #{id,jdbcType=VARCHAR}
  </delete>
  <delete id="deleteByExample" parameterType="com.fc.v2.model.auto.SysPositionExample">
    delete from t_sys_position
    <if test="_parameter != null">
      <include refid="Example_Where_Clause" />
    </if>
  </delete>
  
  <insert id="insert" parameterType="com.fc.v2.model.auto.SysPosition">
    insert into t_sys_position (
      	  	       id,
       	  	       post_name,
       	  	       order_num,
       	  	    	  status
       	    )
    values (
	  	  	      	#{id,jdbcType=VARCHAR},
       	  	      	#{postName,jdbcType=VARCHAR},
       	  	      	#{orderNum,jdbcType=INTEGER},
       	  	    	  #{status,jdbcType=INTEGER}
       	    )
  </insert>
  
  <insert id="insertSelective" parameterType="com.fc.v2.model.auto.SysPosition">
    insert into t_sys_position
    <trim prefix="(" suffix=")" suffixOverrides=",">
          
      <if test="id != null">
        id,
      </if>
      
         
      <if test="postName != null">
        post_name,
      </if>
      
         
      <if test="orderNum != null">
        order_num,
      </if>
      
         
      <if test="status != null">
        status,
      </if>
      
         </trim>
    <trim prefix="values (" suffix=")" suffixOverrides=",">
          <if test="id != null">
        #{id,jdbcType=VARCHAR},
      </if>
          <if test="postName != null">
        #{postName,jdbcType=VARCHAR},
      </if>
          <if test="orderNum != null">
        #{orderNum,jdbcType=INTEGER},
      </if>
          <if test="status != null">
        #{status,jdbcType=INTEGER},
      </if>
        </trim>
  </insert>
  
  <select id="countByExample" parameterType="com.fc.v2.model.auto.SysPositionExample" resultType="java.lang.Long">
    select count(*) from t_sys_position
    <if test="_parameter != null">
      <include refid="Example_Where_Clause" />
    </if>
  </select>
  
  <update id="updateByExampleSelective" parameterType="map">
    update t_sys_position
    <set>
          <if test="record.id != null">
        id = #{record.id,jdbcType=VARCHAR},
      </if>
          <if test="record.postName != null">
        post_name = #{record.postName,jdbcType=VARCHAR},
      </if>
          <if test="record.orderNum != null">
        order_num = #{record.orderNum,jdbcType=INTEGER},
      </if>
          <if test="record.status != null">
        status = #{record.status,jdbcType=INTEGER},
      </if>
         
    </set>
    <if test="_parameter != null">
      <include refid="Update_By_Example_Where_Clause" />
    </if>
  </update>
  
  
  <update id="updateByExample" parameterType="map">
    update t_sys_position
    set
            	     	 id = #{record.id,jdbcType=VARCHAR},
    	         	     	 post_name = #{record.postName,jdbcType=VARCHAR},
    	         	     	 order_num = #{record.orderNum,jdbcType=INTEGER},
    	         	     	 status = #{record.status,jdbcType=INTEGER}
    	         <if test="_parameter != null">
      <include refid="Update_By_Example_Where_Clause" />
    </if>
  </update>
  
  
      <update id="updateByPrimaryKeySelective" parameterType="com.fc.v2.model.auto.SysPosition">
    update t_sys_position
    <set>
                          <if test="postName != null">
        post_name = #{postName,jdbcType=VARCHAR},
      </if>
                      <if test="orderNum != null">
        order_num = #{orderNum,jdbcType=INTEGER},
      </if>
                      <if test="status != null">
        status = #{status,jdbcType=INTEGER},
      </if>
              </set>
    where 
            id = #{id,jdbcType=VARCHAR}
                                  
  </update>

      	      	   	      	   	      	   	      	

  <update id="updateByPrimaryKey" parameterType="com.fc.v2.model.auto.SysPosition">
    update t_sys_position
    set 
             	        	    	 			post_name = #{postName,jdbcType=VARCHAR},
		     	        	    	 			order_num = #{orderNum,jdbcType=INTEGER},
		     	        	    	 			status = #{status,jdbcType=INTEGER}
		     	        where 
            id = #{id,jdbcType=VARCHAR}
                                    
  </update>
  
                        
</mapper>