{
  "framework": "ltio",
  "tests": [
    {
      "default": {
        "json_url": "/json",
        "plaintext_url": "/plaintext",
        "port": 5006,
        "approach": "Realistic",
        "classification": "Platform",
        "database": "None",
        "framework": "None",
        "language": "c++",
        "flavor": "None",
        "orm": "None",
        "platform": "None",
        "webserver": "None",
        "os": "Linux",
        "database_os": "Linux",
        "display_name": "ltio",
        "notes": "",
        "versus": "None"
      }
    }
  ]
}
