[
  {
    "author": "一颗水晶葡萄",
    "bookUrl": "http://api.qingtian618.cn:9999/detail?book_id=7281495609549261881&source=番茄&tab=",
    "canUpdate": true,
    "coverUrl": "https://p6-fanqiesdk-sign.fanqiesdkpic.com/novel-pic/p2od93a0c7c78faecfbe7e54b91517910c6~tplv-resize:225:0.image?lk3s=8d0def8a&x-expires=1743514739&x-signature=rg%2Bc5LYdEBKiiSZnff%2Fp7LRh44E%3D",
    "durChapterIndex": 0,
    "durChapterPos": 0,
    "durChapterTime": 1740922740136,
    "durChapterTitle": "第1章 人走茶凉",
    "group": 0,
    "intro": "　　🎚当前服务器：http://api.qingtian618.cn:9999\n　　🪄晴天账号：‼️⛔️您还未登录晴天账号哦，可以点击右上角登录♨️\n　　🎴当前来源：番茄\n　　🗂当前模式：小说\n　　‎\n　　💠相关注意事项：\n　　↓↓↓↓↓↓↓↓↓↓\n　　🎤本书可选音色(请在登录中填入对应序号，并在详情页刷新)：\n　　真人:7328283649257016382  主播：番茄畅听\n　　⬆️真人听书请复制书籍id，前往搜索\n　　多角色对话：51\n　　成熟大叔音：4\n　　甜美少女音：1\n　　开朗青年音：5\n　　清亮青叔音：2\n　　温柔淑女音：6\n　　多人升级：80\n　　音频58：58\n　　王明军音：105\n　　音频61：61\n　　音频68：68\n　　音频102：102\n　　音频60：60\n　　音频101：101\n　　音频59：59\n　　俏皮御姐：100\n　　成熟升级：74\n　　双音灵动：103\n　　‎\n　　🕹分类：都市日常,都市\n　　🎗书籍主角：张元庆,柳婷\n　　🎯最新章节：番外 潜龙勿用——朱华诚\n　　⏳更新时间：2025-01-12\n　　📝书籍字数：323.45 万字\n　　💥书籍状态：连载中\n　　✨书籍评分：9.6分\n　　📌出版媒体：番茄小说\n　　‎\n　　📚书籍简介：\n　　三分书生气三分心中正气，官场得意的张元庆遭遇滑铁卢，又逢女朋友背刺，被发配至殡仪馆调研。\n　　面对尔虞我诈、阴险算计，他坚持绝境逢生。\n　　胸怀屠龙之术，以寒门出身扣响一条通天之路。\n　　我本江北布衣，天下于我何加焉！\n　　‎\n　　📝 书评：(共 10 条)\n　　👨🏻 用户70934429 || ★★★★★\n　　作者是我兄弟，完结本我都看完了\n　　‎\n　　👨🏻 用户14861398 || ★★★★★\n　　总的来说，作者生活阅历丰富，构思巧妙大气，文笔生动流畅，信手拈来时政。我只扶你。\n　　‎\n　　👨🏻 北岛一号 || ★★★★★\n　　总体来说是一部很不错的官场小说，至少作者是很懂官场的，对现实和人性的刻画很到位。硬伤是男主睡的太死了，在梦中屡次行好事绝不可能毫无所觉，男人就算是梦遗，也会有很清晰的感觉，可是张元庆在梦中云雨上百次，甚至两次喜当爹都一无所知，这怎么可能呢？！\n　　‎\n　　👱🏻 用户名5197159 || ★★★★\n　　很喜欢这本书，作者对生活中官场和人性了解很透，加油加油，我很佩服作者的构思和文字。永远支持你！\n　　‎\n　　👱🏻 娇娇柔柔的安提俄珀 || ★★★★★\n　　从开始的文笔生涩，到现在的朴实流畅，有点爱不释手了\n　　‎\n　　👱🏻 北城旅人 || ★★★★★\n　　看书看到废寝忘食的程度已经是几十年前的事了。而今这本书却让我达到了手不释卷。放不下这里的主人公，并和他建立了深厚的感情。由此可见作者辛勤的付出真的很值得。因为不光是我，相信凡是看过这本书的人都会被曲折离奇的情节，不露痕迹的叙述，生动形象的语言，深刻解析的犀利所吸引。作者真的好有功力啊。把自己积累的知识展现在读者的面前，给我们心灵极大的震撼。希望作者再接再厉，奉献出更好的作品给我们的时代。\n　　‎\n　　👱🏻 喜欢假蒟的鬼鲛 || ★★★★★\n　　此书超好看，人物非常形象，尤其是张日庆个人的超群聪明能干，爱憎分明，天不怕地不怕，利用天时人和自已的聪惠，打倒了一小批贪腐分子。\n　　‎\n　　👨🏻 喜欢珠兰的阿妹 || ★★★★★\n　　挺好看的呀！我们公司的？\n　　‎\n　　👱🏻 黄山天都 || ★★★★★\n　　虽然书名有点俗套，（因网络小说要博人关注大体如此）但小说有很强的现实性，有比较丰富的情节和生动的细节，有一定的生活内在逻辑，思想性和艺术性又超过了大多数网络小说。这是一部不可多得的好书！[赞][赞][赞]\n　　‎\n　　👨🏻 闲云流月1 || ★★★★★\n　　舌战群儒，张驰有度！这一节写得十分精彩，对体制内的㢢端也深谙其味，批判得痛快淋漓而伤大雅。好久没看到这么有深度又不失风度的描述了！\n　　‎\n　　📍版权信息：本书的数字版权由 番茄小说 提供并授权发行，如有任何疑问，请通过“我的-意见反馈”告知我们",
    "kind": "都市,都市日常,9.6分,已完结,番茄",
    "lastCheckCount": 1499,
    "lastCheckTime": 1744395247989,
    "latestChapterTime": 1740922742209,
    "latestChapterTitle": "番外 潜龙勿用——朱华诚",
    "name": "官道：从殡仪馆平步青云",
    "order": -1,
    "origin": "http://api.qingtian618.cn:9999##vip",
    "originName": "🌞晴天融合2.1(vip)",
    "originOrder": 0,
    "readConfig": {
      "dailyChapters": 3,
      "delTag": 0,
      "reSegment": false,
      "readSimulating": false,
      "reverseToc": false,
      "splitLongChapter": true
    },
    "syncTime": 0,
    "tocUrl": "http://api.qingtian618.cn:9999/catalog?book_id=7281495609549261881&source=番茄&tab=",
    "totalChapterNum": 1499,
    "type": 8,
    "variable": "{\n  \"book_detail\": \"{\\\"book_name\\\":\\\"上任后，轰动京圈名媛\\\",\\\"book_id\\\":\\\"7281495609549261881\\\",\\\"author\\\":\\\"一颗水晶葡萄\\\",\\\"category\\\":\\\"都市日常\\\",\\\"tags\\\":\\\"都市日常,都市\\\",\\\"role\\\":\\\"张元庆,柳婷\\\",\\\"media\\\":\\\"番茄小说\\\",\\\"thumb_url\\\":\\\"https://p9-reading-sign.fqnovelpic.com/novel-pic/e6a6afb63b9a403c541f566bf3865fb0~tplv-snk2bdmkp8-superreso-double-rz:1200:0.image?lk3s=45961287&x-expires=1746106741&x-signature=lQDW55vIc3ttAfWIOrp23k9vCeM%3D\\\",\\\"last_chapter_title\\\":\\\"番外 潜龙勿用——朱华诚\\\",\\\"last_chapter_update_time\\\":\\\"2025-01-12\\\",\\\"word_number\\\":\\\"323.45 万字\\\",\\\"copyright_info\\\":\\\"版权信息：本书的数字版权由 番茄小说 提供并授权发行，如有任何疑问，请通过“我的-意见反馈”告知我们\\\",\\\"abstract\\\":\\\"三分书生气三分心中正气，官场得意的张元庆遭遇滑铁卢，又逢女朋友背刺，被发配至殡仪馆调研。\\\\n面对尔虞我诈、阴险算计，他坚持绝境逢生。\\\\n胸怀屠龙之术，以寒门出身扣响一条通天之路。\\\\n我本江北布衣，天下于我何加焉！\\\",\\\"book_review\\\":\\\"\\\\n📝 书评：(共 10 条)\\\\n👨🏻 用户70934429 || ★★★★★\\\\n作者是我兄弟，完结本我都看完了\\\\n&lrm;\\\\n👨🏻 用户14861398 || ★★★★★\\\\n总的来说，作者生活阅历丰富，构思巧妙大气，文笔生动流畅，信手拈来时政。我只扶你。\\\\n&lrm;\\\\n👨🏻 北岛一号 || ★★★★★\\\\n总体来说是一部很不错的官场小说，至少作者是很懂官场的，对现实和人性的刻画很到位。硬伤是男主睡的太死了，在梦中屡次行好事绝不可能毫无所觉，男人就算是梦遗，也会有很清晰的感觉，可是张元庆在梦中云雨上百次，甚至两次喜当爹都一无所知，这怎么可能呢？！\\\\n&lrm;\\\\n👱🏻 用户名5197159 || ★★★★\\\\n很喜欢这本书，作者对生活中官场和人性了解很透，加油加油，我很佩服作者的构思和文字。永远支持你！\\\\n&lrm;\\\\n👱🏻 娇娇柔柔的安提俄珀 || ★★★★★\\\\n从开始的文笔生涩，到现在的朴实流畅，有点爱不释手了\\\\n&lrm;\\\\n👱🏻 北城旅人 || ★★★★★\\\\n看书看到废寝忘食的程度已经是几十年前的事了。而今这本书却让我达到了手不释卷。放不下这里的主人公，并和他建立了深厚的感情。由此可见作者辛勤的付出真的很值得。因为不光是我，相信凡是看过这本书的人都会被曲折离奇的情节，不露痕迹的叙述，生动形象的语言，深刻解析的犀利所吸引。作者真的好有功力啊。把自己积累的知识展现在读者的面前，给我们心灵极大的震撼。希望作者再接再厉，奉献出更好的作品给我们的时代。\\\\n&lrm;\\\\n👱🏻 喜欢假蒟的鬼鲛 || ★★★★★\\\\n此书超好看，人物非常形象，尤其是张日庆个人的超群聪明能干，爱憎分明，天不怕地不怕，利用天时人和自已的聪惠，打倒了一小批贪腐分子。\\\\n&lrm;\\\\n👨🏻 喜欢珠兰的阿妹 || ★★★★★\\\\n挺好看的呀！我们公司的？\\\\n&lrm;\\\\n👱🏻 黄山天都 || ★★★★★\\\\n虽然书名有点俗套，（因网络小说要博人关注大体如此）但小说有很强的现实性，有比较丰富的情节和生动的细节，有一定的生活内在逻辑，思想性和艺术性又超过了大多数网络小说。这是一部不可多得的好书！[赞][赞][赞]\\\\n&lrm;\\\\n👨🏻 闲云流月1 || ★★★★★\\\\n舌战群儒，张驰有度！这一节写得十分精彩，对体制内的㢢端也深谙其味，批判得痛快淋漓而伤大雅。好久没看到这么有深度又不失风度的描述了！\\\\n&lrm;\\\\n\\\",\\\"book_tts\\\":\\\"\\\\n💠相关注意事项：\\\\n↓↓↓↓↓↓↓↓↓↓\\\\n\\\\n🎤本书可选音色(请在登录中填入对应序号，并在详情页刷新)：\\\\n真人:7328283649257016382  主播：番茄畅听\\\\n\\\\n⬆️真人听书请复制书籍id，前往搜索\\\\n多角色对话：51\\\\n成熟大叔音：4\\\\n甜美少女音：1\\\\n开朗青年音：5\\\\n清亮青叔音：2\\\\n温柔淑女音：6\\\\n多人升级：80\\\\n音频58：58\\\\n王明军音：105\\\\n音频61：61\\\\n音频68：68\\\\n音频102：102\\\\n音频60：60\\\\n音频101：101\\\\n音频59：59\\\\n俏皮御姐：100\\\\n成熟升级：74\\\\n双音灵动：103\\\\n\\\",\\\"score\\\":\\\"9.6分\\\",\\\"status\\\":\\\"连载中\\\",\\\"source\\\":\\\"番茄\\\",\\\"tab\\\":\\\"\\\"}\"\n}",
    "wordCount": "323.45 万字"
  },
  {
    "author": "狮驼岭老三",
    "bookUrl": "http://api.qingtian618.cn:9999/detail?book_id=7297316760233970688&source=番茄&tab=",
    "canUpdate": true,
    "coverUrl": "https://p9-fanqiesdk-sign.fanqiesdkpic.com/novel-pic/p2o9d0f65bf17c999d280d1c47652f702bf~tplv-resize:225:0.image?lk3s=8d0def8a&x-expires=1743514739&x-signature=RfITa31ml2G1kj2HP51ew2Gh8xw%3D",
    "durChapterIndex": 0,
    "durChapterPos": 954,
    "durChapterTime": 1741537670182,
    "durChapterTitle": "第1章 纨绔大少",
    "group": 1,
    "intro": "　　🎚当前服务器：http://api.qingtian618.cn:9999\n　　🪄晴天账号：‼️⛔️您还未登录晴天账号哦，可以点击右上角登录♨️\n　　🎴当前来源：番茄\n　　🗂当前模式：小说\n　　‎\n　　💠相关注意事项：\n　　↓↓↓↓↓↓↓↓↓↓\n　　🎤本书可选音色(请在登录中填入对应序号，并在详情页刷新)：\n　　真人:7350947088345451582  主播：番茄畅听\n　　⬆️真人听书请复制书籍id，前往搜索\n　　多角色对话：51\n　　成熟大叔音：4\n　　甜美少女音：1\n　　开朗青年音：5\n　　清亮青叔音：2\n　　温柔淑女音：6\n　　音频68：68\n　　多人升级：80\n　　俏皮御姐：100\n　　成熟升级：74\n　　王明军音：105\n　　音频61：61\n　　‎\n　　🕹分类：传统玄幻,玄幻,穿越,天才,架空,东方玄幻\n　　🎗书籍主角：唐炎\n　　🎯最新章节：第869章 大结局\n　　⏳更新时间：2025-01-09\n　　📝书籍字数：187.79 万字\n　　💥书籍状态：连载中\n　　✨书籍评分：9.5分\n　　📌出版媒体：番茄小说\n　　‎\n　　📚书籍简介：\n　　作为满级炼丹师，丹药当饭吃不过分吧？\n　　为了防身，武道无敌很合理好吧！\n　　——\n　　年度爆款【无系统，天才流，无敌文，群像文】\n　　‎\n　　📝 书评：(共 9 条)\n　　👨🏻 爱吃干炸丸子的欧阳翔 || ★★★★★\n　　内容曲折刺激，环环相扣，耐人寻味，书中极品\n　　‎\n　　👨🏻 温意大夫的王先 || ★★★★★\n　　一股清流，爽文，看了这么多炼丹流小说，这个最让人舒心的[笑]\n　　‎\n　　👨🏻 浪漫一下888 || ★★★★★\n　　我能继续看下去的书不多，这本小说就不多里的，故事情节紧凑，场面宏大，语言表情描写诙谐，让人偶尔笑一下。好恶分明，打脸帅气，看起来不磨叽不压抑。希望早点更新完\n　　‎\n　　👨🏻 新年的星 || ★★★★\n　　为什么感觉在哪看过一样的\n　　‎\n　　👨🏻 金色女郎 || ★★★★★\n　　真的很好看，特别是对战斗的描写，词汇量和语言结构很丰富饱满。作者文笔流畅，幽默风趣。加油，支持。\n　　‎\n　　👨🏻 喜欢金橘的罗美云 || ★★★★★\n　　读的第一部网络小说，感觉很好\n　　‎\n　　👨🏻 醉不乖 || ★★★★★\n　　情节展开后很精彩，少有的越看越爽的小说。\n　　‎\n　　👨🏻 用户名62597179 || ★★★★★\n　　书写、的很好、能吸人入圣十分精彩\n　　‎\n　　👨🏻 欣泽李593 || ★★★★★\n　　没有凑字 烂字 没有应付读者 为什么五星好评 是我看过的小说里面 内容“简洁” 大家应该明白啥意思 虽然后面更新的慢了但是还是保证内容和质量的 希望作者大大努力多更！前提是保证质量喔！\n　　‎\n　　📍版权信息：本书的数字版权由 番茄小说 提供并授权发行，如有任何疑问，请通过“我的-意见反馈”告知我们",
    "kind": "穿越,玄幻,9.5分,已完结,番茄",
    "lastCheckCount": 0,
    "lastCheckTime": 1744395247914,
    "latestChapterTime": 1740922746973,
    "latestChapterTitle": "第869章 大结局",
    "name": "丹道第一圣",
    "order": -2,
    "origin": "http://api.qingtian618.cn:9999##vip",
    "originName": "🌞晴天融合2.1(vip)",
    "originOrder": 0,
    "readConfig": {
      "dailyChapters": 3,
      "delTag": 0,
      "pageAnim": -1,
      "reSegment": false,
      "readSimulating": false,
      "reverseToc": false,
      "splitLongChapter": true
    },
    "syncTime": 0,
    "tocUrl": "http://api.qingtian618.cn:9999/catalog?book_id=7297316760233970688&source=番茄&tab=",
    "totalChapterNum": 869,
    "type": 8,
    "variable": "{\n  \"book_detail\": \"{\\\"book_name\\\":\\\"丹经，丹道，丹圣！\\\",\\\"book_id\\\":\\\"7297316760233970688\\\",\\\"author\\\":\\\"狮驼岭老三\\\",\\\"category\\\":\\\"传统玄幻\\\",\\\"tags\\\":\\\"传统玄幻,玄幻,穿越,天才,架空,东方玄幻\\\",\\\"role\\\":\\\"唐炎\\\",\\\"media\\\":\\\"番茄小说\\\",\\\"thumb_url\\\":\\\"https://p3-reading-sign.fqnovelpic.com/novel-pic/bd0b388151d1b9e4d1b7adeeb69ab35d~tplv-snk2bdmkp8-superreso-double-rz:1200:0.image?lk3s=45961287&x-expires=1746106743&x-signature=xQwBnjps6nksbA0WRalVLGSE63A%3D\\\",\\\"last_chapter_title\\\":\\\"第869章 大结局\\\",\\\"last_chapter_update_time\\\":\\\"2025-01-09\\\",\\\"word_number\\\":\\\"187.79 万字\\\",\\\"copyright_info\\\":\\\"版权信息：本书的数字版权由 番茄小说 提供并授权发行，如有任何疑问，请通过“我的-意见反馈”告知我们\\\",\\\"abstract\\\":\\\"作为满级炼丹师，丹药当饭吃不过分吧？\\\\n为了防身，武道无敌很合理好吧！\\\\n——\\\\n年度爆款【无系统，天才流，无敌文，群像文】\\\",\\\"book_review\\\":\\\"\\\\n📝 书评：(共 9 条)\\\\n👨🏻 爱吃干炸丸子的欧阳翔 || ★★★★★\\\\n内容曲折刺激，环环相扣，耐人寻味，书中极品\\\\n&lrm;\\\\n👨🏻 温意大夫的王先 || ★★★★★\\\\n一股清流，爽文，看了这么多炼丹流小说，这个最让人舒心的[笑]\\\\n&lrm;\\\\n👨🏻 浪漫一下888 || ★★★★★\\\\n我能继续看下去的书不多，这本小说就不多里的，故事情节紧凑，场面宏大，语言表情描写诙谐，让人偶尔笑一下。好恶分明，打脸帅气，看起来不磨叽不压抑。希望早点更新完\\\\n&lrm;\\\\n👨🏻 新年的星 || ★★★★\\\\n为什么感觉在哪看过一样的\\\\n&lrm;\\\\n👨🏻 金色女郎 || ★★★★★\\\\n真的很好看，特别是对战斗的描写，词汇量和语言结构很丰富饱满。作者文笔流畅，幽默风趣。加油，支持。\\\\n&lrm;\\\\n👨🏻 喜欢金橘的罗美云 || ★★★★★\\\\n读的第一部网络小说，感觉很好\\\\n&lrm;\\\\n👨🏻 醉不乖 || ★★★★★\\\\n情节展开后很精彩，少有的越看越爽的小说。\\\\n&lrm;\\\\n👨🏻 用户名62597179 || ★★★★★\\\\n书写、的很好、能吸人入圣十分精彩\\\\n&lrm;\\\\n👨🏻 欣泽李593 || ★★★★★\\\\n没有凑字 烂字 没有应付读者 为什么五星好评 是我看过的小说里面 内容“简洁” 大家应该明白啥意思 虽然后面更新的慢了但是还是保证内容和质量的 希望作者大大努力多更！前提是保证质量喔！\\\\n&lrm;\\\\n\\\",\\\"book_tts\\\":\\\"\\\\n💠相关注意事项：\\\\n↓↓↓↓↓↓↓↓↓↓\\\\n\\\\n🎤本书可选音色(请在登录中填入对应序号，并在详情页刷新)：\\\\n真人:7350947088345451582  主播：番茄畅听\\\\n\\\\n⬆️真人听书请复制书籍id，前往搜索\\\\n多角色对话：51\\\\n成熟大叔音：4\\\\n甜美少女音：1\\\\n开朗青年音：5\\\\n清亮青叔音：2\\\\n温柔淑女音：6\\\\n音频68：68\\\\n多人升级：80\\\\n俏皮御姐：100\\\\n成熟升级：74\\\\n王明军音：105\\\\n音频61：61\\\\n\\\",\\\"score\\\":\\\"9.5分\\\",\\\"status\\\":\\\"连载中\\\",\\\"source\\\":\\\"番茄\\\",\\\"tab\\\":\\\"\\\"}\"\n}",
    "wordCount": "187.79 万字"
  },
  {
    "author": "深浅之间",
    "bookUrl": "http://v1.qingtian618.cn:8888/detail?book_id=7410290901492173848&source=番茄&tab=小说",
    "canUpdate": true,
    "coverUrl": "https://p9-reading-sign.fqnovelpic.com/novel-pic/3f9ca7d2aaa8701ef49bb9ed01c90d67~tplv-snk2bdmkp8-superreso-double-rz:1200:0.image?lk3s=ae45642e&x-expires=1746481046&x-signature=AwYvjg0TP8PZgGXAHVppDQuQCnQ%3D",
    "durChapterIndex": 0,
    "durChapterPos": 0,
    "durChapterTime": 1741540331465,
    "durChapterTitle": "第1章 开局就送机甲图纸？！",
    "group": 0,
    "intro": "　　🎚当前服务器：http://v2.qingtian618.cn:8888\n　　🪄晴天账号：‼️⛔️您还未登录晴天账号哦，可以点击右上角登录♨️\n　　🎴当前来源：番茄\n　　🗂当前模式：小说\n　　‎\n　　💠相关注意事项：\n　　↓↓↓↓↓↓↓↓↓↓\n　　🎤本书可选音色(请在登录中填入对应序号，并在详情页刷新)：\n　　成熟大叔音：4\n　　甜美少女音：1\n　　开朗青年音：5\n　　清亮青叔音：2\n　　温柔淑女音：6\n　　成熟升级：74\n　　‎\n　　🕹分类：都市脑洞,都市,穿越,系统,无敌,黑科技\n　　🎗书籍主角：苏晨\n　　🎯最新章节：第450章 庆功宴\n　　⏳更新时间：2025-02-10\n　　📝书籍字数：100.82 万字\n　　💥书籍状态：连载中\n　　✨书籍评分：7.5分\n　　📌出版媒体：番茄小说\n　　‎\n　　📚书籍简介：\n　　为了误导各国的科技发展方向和威胁全球，鹰酱暗中将一份份虚假的超级武器资料，以“意外”的方式泄露出去。\n　　单兵动力机甲，核聚变航母，空天母舰...\n　　各国军工机构，纷纷为之震动，对鹰酱的科技感到震惊无比。\n　　殊不知这一切都只是鹰酱在吹牛逼。\n　　就在此时，龙国大学生苏晨觉醒了【黑科技识别系统】\n　　只要识别相应的图纸，就能够获得该科技的全套研发数据！\n　　【识别单兵作战机甲图片，获得动力机甲完整方案】\n　　【识别核动力航母视频，获得核动力航母设计全套技术】\n　　【识别空天母舰概念图，获得空天母舰设计蓝图！】\n　　一个个鹰酱瞎编出的超级武器，在苏晨的手中变成了现实。\n　　当龙国的诸多超级武器问世后，鹰酱懵逼了。\n　　我就吹个牛逼而已，兔子你真造出来了？\n　　‎\n　　📝 书评：(共 5 条)\n　　👨🏻 上官千回 || ★★★\n　　如此保镖，真是让人啼笑皆非，你似乎小看了那些身披戎装、保家卫国的勇士们，若非笔力雄健，岂不是班门弄斧？\n　　‎\n　　👨🏻 烟雨阿晴 || ★★★\n　　一般，弄个学姐来败好感，感觉那个学姐像个间谍，一点都不想军人。工作室文\n　　‎\n　　👨🏻 卷卷王 || ★★\n　　开局又是不通报直接比成果，然后一群人鸡飞狗跳，接着震惊再震惊，所以我给十分，然后分5次打给你，别谢我，你值得拥有这十分！\n　　‎\n　　👨🏻 满山猴我腚最红42 || ★★\n　　你家保护一个关于国运的人，用这么一个女人？\n　　‎\n　　👨🏻 还在想啊 || ★★★\n　　典中典，经典的升空不报备和引起空中追逐\n　　‎\n　　📍版权信息：本书的数字版权由 番茄小说 提供并授权发行，如有任何疑问，请通过“我的-意见反馈”告知我们",
    "kind": "已完结,7.5分,都市脑洞,都市,2025-02-16",
    "lastCheckCount": 0,
    "lastCheckTime": 1744395247784,
    "latestChapterTime": 1741297054643,
    "latestChapterTitle": "第450章 庆功宴",
    "name": "开局研发机甲，我的天赋是战略级",
    "order": -3,
    "origin": "http://v1.qingtian618.cn:8888",
    "originName": "🌞晴天融合2.1(请勿传播)",
    "originOrder": 0,
    "readConfig": {
      "dailyChapters": 3,
      "delTag": 0,
      "reSegment": false,
      "readSimulating": false,
      "reverseToc": false,
      "splitLongChapter": true
    },
    "syncTime": 0,
    "tocUrl": "http://v2.qingtian618.cn:8888/catalog?book_id=7410290901492173848&source=番茄&tab=小说",
    "totalChapterNum": 450,
    "type": 8,
    "variable": "{\n  \"book_detail\": \"{\\\"book_name\\\":\\\"开局研发机甲，我的天赋是战略级\\\",\\\"book_id\\\":\\\"7410290901492173848\\\",\\\"author\\\":\\\"深浅之间\\\",\\\"category\\\":\\\"都市脑洞\\\",\\\"tags\\\":\\\"都市脑洞,都市,穿越,系统,无敌,黑科技\\\",\\\"role\\\":\\\"苏晨\\\",\\\"media\\\":\\\"番茄小说\\\",\\\"thumb_url\\\":\\\"https://p3-reading-sign.fqnovelpic.com/novel-pic/3f9ca7d2aaa8701ef49bb9ed01c90d67~tplv-snk2bdmkp8-superreso-double-rz:1200:0.image?lk3s=45961287&x-expires=1746519808&x-signature=mqMjA5%2FyN37UZZs%2F1E00fgs60CM%3D\\\",\\\"last_chapter_title\\\":\\\"第450章 庆功宴\\\",\\\"last_chapter_update_time\\\":\\\"2025-02-10\\\",\\\"word_number\\\":\\\"100.82 万字\\\",\\\"copyright_info\\\":\\\"版权信息：本书的数字版权由 番茄小说 提供并授权发行，如有任何疑问，请通过“我的-意见反馈”告知我们\\\",\\\"abstract\\\":\\\"为了误导各国的科技发展方向和威胁全球，鹰酱暗中将一份份虚假的超级武器资料，以“意外”的方式泄露出去。\\\\n单兵动力机甲，核聚变航母，空天母舰...\\\\n各国军工机构，纷纷为之震动，对鹰酱的科技感到震惊无比。\\\\n殊不知这一切都只是鹰酱在吹牛逼。\\\\n就在此时，龙国大学生苏晨觉醒了【黑科技识别系统】\\\\n只要识别相应的图纸，就能够获得该科技的全套研发数据！\\\\n【识别单兵作战机甲图片，获得动力机甲完整方案】\\\\n【识别核动力航母视频，获得核动力航母设计全套技术】\\\\n【识别空天母舰概念图，获得空天母舰设计蓝图！】\\\\n一个个鹰酱瞎编出的超级武器，在苏晨的手中变成了现实。\\\\n当龙国的诸多超级武器问世后，鹰酱懵逼了。\\\\n我就吹个牛逼而已，兔子你真造出来了？\\\",\\\"book_review\\\":\\\"\\\\n📝 书评：(共 5 条)\\\\n👨🏻 上官千回 || ★★★\\\\n如此保镖，真是让人啼笑皆非，你似乎小看了那些身披戎装、保家卫国的勇士们，若非笔力雄健，岂不是班门弄斧？\\\\n&lrm;\\\\n👨🏻 烟雨阿晴 || ★★★\\\\n一般，弄个学姐来败好感，感觉那个学姐像个间谍，一点都不想军人。工作室文\\\\n&lrm;\\\\n👨🏻 卷卷王 || ★★\\\\n开局又是不通报直接比成果，然后一群人鸡飞狗跳，接着震惊再震惊，所以我给十分，然后分5次打给你，别谢我，你值得拥有这十分！\\\\n&lrm;\\\\n👨🏻 满山猴我腚最红42 || ★★\\\\n你家保护一个关于国运的人，用这么一个女人？\\\\n&lrm;\\\\n👨🏻 还在想啊 || ★★★\\\\n典中典，经典的升空不报备和引起空中追逐\\\\n&lrm;\\\\n\\\",\\\"book_tts\\\":\\\"\\\\n💠相关注意事项：\\\\n↓↓↓↓↓↓↓↓↓↓\\\\n\\\\n🎤本书可选音色(请在登录中填入对应序号，并在详情页刷新)：\\\\n成熟大叔音：4\\\\n甜美少女音：1\\\\n开朗青年音：5\\\\n清亮青叔音：2\\\\n温柔淑女音：6\\\\n成熟升级：74\\\\n\\\",\\\"score\\\":\\\"7.5分\\\",\\\"status\\\":\\\"连载中\\\",\\\"source\\\":\\\"番茄\\\",\\\"tab\\\":\\\"小说\\\"}\"\n}",
    "wordCount": "100.82 万字"
  },
  {
    "author": "醉卧九重云",
    "bookUrl": "https://api-bc.wtzw.com/api/v4/book/detail?&id=1648018&imei_ip=2937357107&teeny_mode=0&sign=aa3396610eda936cc743894643423308,{\"headers\":{\"app-version\":\"51110\",\"platform\":\"android\",\"reg\":\"0\",\"AUTHORIZATION\":\"\",\"application-id\":\"com.****.reader\",\"net-env\":\"1\",\"channel\":\"unknown\",\"qm-params\":\"\",\"sign\":\"fc697243ab534ebaf51d2fa80f251cb4\"}}",
    "canUpdate": true,
    "coverUrl": "https://cdn.wtzw.com/bookimg/public/images/cover/9bf3/23f3591a8a0c1fb2122837873236055b.jpg",
    "durChapterIndex": 0,
    "durChapterPos": 0,
    "durChapterTime": 1741298075059,
    "durChapterTitle": "第001章 超神级天赋",
    "group": 0,
    "intro": "新书《星武纪元》已经上传！\n　　开局觉醒万倍天赋！普攻秒boss，大招清全图！横扫诸天宇宙一切敌！\n　　没有什么是一个火球术解决不了的问题，如果有，那就两个！",
    "kind": "来源：纵横中文网,完结,网游,游戏,爽文,特色题材",
    "lastCheckCount": 0,
    "lastCheckTime": 1744395243961,
    "latestChapterTime": 1741298066516,
    "latestChapterTitle": "番外",
    "name": "网游：我有万倍增幅",
    "order": -4,
    "origin": "https://api-bc.wtzw.com",
    "originName": "七猫小说",
    "originOrder": 14,
    "readConfig": {
      "dailyChapters": 3,
      "delTag": 0,
      "reSegment": false,
      "readSimulating": false,
      "reverseToc": false,
      "splitLongChapter": true
    },
    "syncTime": 0,
    "tocUrl": "https://api-ks.wtzw.com/api/v1/chapter/chapter-list?&id=1648018&sign=8fbe3d56e7b16b79393b0ebf70b453ce,{\"headers\":{\"app-version\":\"51110\",\"platform\":\"android\",\"reg\":\"0\",\"AUTHORIZATION\":\"\",\"application-id\":\"com.****.reader\",\"net-env\":\"1\",\"channel\":\"unknown\",\"qm-params\":\"\",\"sign\":\"fc697243ab534ebaf51d2fa80f251cb4\"}}",
    "totalChapterNum": 2523,
    "type": 8,
    "variable": "{\n  \"headers\": \"{\\\"headers\\\":{\\\"app-version\\\":\\\"51110\\\",\\\"platform\\\":\\\"android\\\",\\\"reg\\\":\\\"0\\\",\\\"AUTHORIZATION\\\":\\\"\\\",\\\"application-id\\\":\\\"com.****.reader\\\",\\\"net-env\\\":\\\"1\\\",\\\"channel\\\":\\\"unknown\\\",\\\"qm-params\\\":\\\"\\\",\\\"sign\\\":\\\"fc697243ab534ebaf51d2fa80f251cb4\\\"}}\",\n  \"bid\": \"1648018\"\n}",
    "wordCount": "564.6万字"
  },
  {
    "author": "日收过万",
    "bookUrl": "http://v2.qingtian618.cn:8888/detail?book_id=7307496815333477438&source=番茄&tab=小说",
    "canUpdate": true,
    "coverUrl": "https://p9-fanqiesdk-sign.fanqiesdkpic.com/novel-pic/p2o98d39cc61c33cd1d128d7a82d1166623~tplv-resize:225:0.image?lk3s=8d0def8a&x-expires=1743927994&x-signature=J0yti%2Bid6%2FhxviCiyW8rn1TKSJ0%3D",
    "durChapterIndex": 0,
    "durChapterPos": 0,
    "durChapterTime": 1741335997015,
    "durChapterTitle": "第1章穿越被逼婚",
    "group": 0,
    "intro": "　　🎚当前服务器：http://v3.qingtian618.cn:8888\n　　🪄晴天账号：‼️⛔️您还未登录晴天账号哦，可以点击右上角登录♨️\n　　🎴当前来源：番茄\n　　🗂当前模式：小说\n　　‎\n　　💠相关注意事项：\n　　↓↓↓↓↓↓↓↓↓↓\n　　🎤本书可选音色(请在登录中填入对应序号，并在详情页刷新)：\n　　真人:7362106525307227198  主播：圆脸只\n　　⬆️真人听书请复制书籍id，前往搜索\n　　多角色对话：51\n　　成熟大叔音：4\n　　甜美少女音：1\n　　开朗青年音：5\n　　清亮青叔音：2\n　　温柔淑女音：6\n　　多人升级：80\n　　俏皮御姐：100\n　　音频106：106\n　　音频68：68\n　　音频61：61\n　　成熟升级：74\n　　‎\n　　🕹分类：年代,现代言情,穿越,宠妻,甜宠,双洁\n　　🎗书籍主角：杨念念,陆时深\n　　🎯最新章节：第723章番外\n　　⏳更新时间：2025-01-01\n　　📝书籍字数：154.75 万字\n　　💥书籍状态：连载中\n　　✨书籍评分：9.4分\n　　📌出版媒体：番茄小说\n　　‎\n　　📚书籍简介：\n　　【穿越+替嫁+军婚+后妈+双洁】（架空军婚+随军日常）\n　　大学生杨念念因为王者十连跪，气的双眼一黑，穿越到了八零年代，双眼一睁，就被亲妈一把鼻涕一把泪的逼婚。\n　　“陆时深是个当兵的，手里端着铁饭碗，你嫁给他，以后日子肯定好过。你姐要不是上了大学，这好事也落不到你头上。”\n　　供养姐姐上大学，结果姐姐抢了她的男朋友，还要她替嫁给姐姐不要的男人，杨念念看透了所谓的“亲妈”包袱一收，坐上火车随军去了。\n　　到了部队发现便宜老公身份不一般，还带着一只战友托孤的“小包子”。\n　　她摇身一变，成了军官夫人，被宠成了心尖宝贝，左手大金镯子，右手名牌表。\n　　姐姐后悔想抢人，却被军官老公赶出门。\n　　别人都说陆时深性格清冷寡淡，生命里只有精忠报国。\n　　只有杨念念知道，白天一本正经的陆时深，到了晚上就是一头饿了半年的野狼……\n　　‎\n　　📝 书评：(共 8 条)\n　　👱🏻 吐泡泡。oO。 || ★★★★★\n　　很有意思，后面应该还有很多吧？作者你快快更新哦\n　　‎\n　　👱🏻 日收过万 || ★★★★★\n　　嘿嘿😁大家都支持一下哦\n　　‎\n　　👱🏻 无聊你就看看书 || ★★★★★\n　　超好看！一口气看的停不下来！\n　　故事紧凑不拖拉。稀罕女主性格，看不惯不惯着，有仇当场报！\n　　就是可惜男女互动太少啦！多点甜甜蜜蜜吧！哈哈哈哈哈\n　　‎\n　　👱🏻 雪绒花shen || ★★★★★\n　　女主聪明伶俐有勇有谋 作者文笔很好👍🏻\n　　‎\n　　👱🏻 用户28627457 || ★★★★★\n　　超精彩的超好看\n　　‎\n　　👱🏻 樱桃🍒丸子✨💫 || ★★★★★\n　　不够看啊啊啊啊啊，根本不够看哇\n　　‎\n　　👱🏻 布星岛的杨明辉 || ★★★★★\n　　太难等了快快快快快快快快快快快快\n　　‎\n　　👱🏻 大玲L || ★★★★\n　　小说真的很好看，一章都没错过，给四星完全是因为不够看，希望作者大大每天多更点，追书太难熬了[顶帖]\n　　‎\n　　📍版权信息：本书的数字版权由 番茄小说 提供并授权发行，如有任何疑问，请通过“我的-意见反馈”告知我们",
    "kind": "穿越,9.4分,已完结,番茄",
    "lastCheckCount": 723,
    "lastCheckTime": 1744395244973,
    "latestChapterTime": 1741336003967,
    "latestChapterTitle": "第723章番外",
    "name": "穿越八零替嫁后我成了军官心尖宠",
    "order": -5,
    "origin": "http://v1.qingtian618.cn:8888",
    "originName": "🌞晴天融合2.1(请勿传播)",
    "originOrder": 0,
    "readConfig": {
      "dailyChapters": 3,
      "delTag": 0,
      "reSegment": false,
      "readSimulating": false,
      "reverseToc": false,
      "splitLongChapter": true
    },
    "syncTime": 0,
    "tocUrl": "http://v3.qingtian618.cn:8888/catalog?book_id=7307496815333477438&source=番茄&tab=小说",
    "totalChapterNum": 723,
    "type": 8,
    "variable": "{\n  \"book_detail\": \"{\\\"book_name\\\":\\\"替嫁当后妈，禁欲大佬不装了\\\",\\\"book_id\\\":\\\"7307496815333477438\\\",\\\"author\\\":\\\"日收过万\\\",\\\"category\\\":\\\"年代\\\",\\\"tags\\\":\\\"年代,现代言情,穿越,宠妻,甜宠,双洁\\\",\\\"role\\\":\\\"杨念念,陆时深\\\",\\\"media\\\":\\\"番茄小说\\\",\\\"thumb_url\\\":\\\"https://p3-reading-sign.fqnovelpic.com/novel-pic/8faf836034d126f142f3cdf2a7a94229~tplv-snk2bdmkp8-superreso-double-rz:1200:0.image?lk3s=45961287&x-expires=1746520034&x-signature=fb1Kp6pPXBFKVYJ7kS50dpVBnww%3D\\\",\\\"last_chapter_title\\\":\\\"第723章番外\\\",\\\"last_chapter_update_time\\\":\\\"2025-01-01\\\",\\\"word_number\\\":\\\"154.75 万字\\\",\\\"copyright_info\\\":\\\"版权信息：本书的数字版权由 番茄小说 提供并授权发行，如有任何疑问，请通过“我的-意见反馈”告知我们\\\",\\\"abstract\\\":\\\"【穿越+替嫁+军婚+后妈+双洁】（架空军婚+随军日常）\\\\n　大学生杨念念因为王者十连跪，气的双眼一黑，穿越到了八零年代，双眼一睁，就被亲妈一把鼻涕一把泪的逼婚。\\\\n“陆时深是个当兵的，手里端着铁饭碗，你嫁给他，以后日子肯定好过。你姐要不是上了大学，这好事也落不到你头上。”\\\\n供养姐姐上大学，结果姐姐抢了她的男朋友，还要她替嫁给姐姐不要的男人，杨念念看透了所谓的“亲妈”包袱一收，坐上火车随军去了。\\\\n到了部队发现便宜老公身份不一般，还带着一只战友托孤的“小包子”。\\\\n　　她摇身一变，成了军官夫人，被宠成了心尖宝贝，左手大金镯子，右手名牌表。\\\\n　　姐姐后悔想抢人，却被军官老公赶出门。\\\\n　　别人都说陆时深性格清冷寡淡，生命里只有精忠报国。\\\\n　　只有杨念念知道，白天一本正经的陆时深，到了晚上就是一头饿了半年的野狼……\\\",\\\"book_review\\\":\\\"\\\\n📝 书评：(共 8 条)\\\\n👱🏻 吐泡泡。oO。 || ★★★★★\\\\n很有意思，后面应该还有很多吧？作者你快快更新哦\\\\n&lrm;\\\\n👱🏻 日收过万 || ★★★★★\\\\n嘿嘿😁大家都支持一下哦\\\\n&lrm;\\\\n👱🏻 无聊你就看看书 || ★★★★★\\\\n超好看！一口气看的停不下来！\\\\n故事紧凑不拖拉。稀罕女主性格，看不惯不惯着，有仇当场报！\\\\n\\\\n就是可惜男女互动太少啦！多点甜甜蜜蜜吧！哈哈哈哈哈\\\\n&lrm;\\\\n👱🏻 雪绒花shen || ★★★★★\\\\n女主聪明伶俐有勇有谋 作者文笔很好👍🏻\\\\n&lrm;\\\\n👱🏻 用户28627457 || ★★★★★\\\\n超精彩的超好看\\\\n&lrm;\\\\n👱🏻 樱桃🍒丸子✨💫 || ★★★★★\\\\n不够看啊啊啊啊啊，根本不够看哇\\\\n&lrm;\\\\n👱🏻 布星岛的杨明辉 || ★★★★★\\\\n太难等了快快快快快快快快快快快快\\\\n&lrm;\\\\n👱🏻 大玲L || ★★★★\\\\n小说真的很好看，一章都没错过，给四星完全是因为不够看，希望作者大大每天多更点，追书太难熬了[顶帖]\\\\n&lrm;\\\\n\\\",\\\"book_tts\\\":\\\"\\\\n💠相关注意事项：\\\\n↓↓↓↓↓↓↓↓↓↓\\\\n\\\\n🎤本书可选音色(请在登录中填入对应序号，并在详情页刷新)：\\\\n真人:7362106525307227198  主播：圆脸只\\\\n\\\\n⬆️真人听书请复制书籍id，前往搜索\\\\n多角色对话：51\\\\n成熟大叔音：4\\\\n甜美少女音：1\\\\n开朗青年音：5\\\\n清亮青叔音：2\\\\n温柔淑女音：6\\\\n多人升级：80\\\\n俏皮御姐：100\\\\n音频106：106\\\\n音频68：68\\\\n音频61：61\\\\n成熟升级：74\\\\n\\\",\\\"score\\\":\\\"9.4分\\\",\\\"status\\\":\\\"连载中\\\",\\\"source\\\":\\\"番茄\\\",\\\"tab\\\":\\\"小说\\\"}\"\n}",
    "wordCount": "154.75 万字"
  },
  {
    "author": "真的最爱吃西瓜",
    "bookUrl": "http://v3.qingtian618.cn:8888/detail?book_id=7363121037082381374&source=番茄&tab=小说",
    "canUpdate": true,
    "coverUrl": "https://p9-reading-sign.fqnovelpic.com/novel-pic/af32fabfc7f39c8ed387c5e861b9e210~tplv-snk2bdmkp8-superreso-double-rz:1200:0.image?lk3s=ae45642e&x-expires=1746830453&x-signature=gJZKqry4QmamQO6E5tPveXzKHcY%3D",
    "durChapterIndex": 375,
    "durChapterPos": 1961,
    "durChapterTime": 1744534954691,
    "durChapterTitle": "第376 章 好姐妹，一起离",
    "group": 0,
    "intro": "　　🎚当前服务器：http://v3.qingtian618.cn:8888\n　　🪄晴天账号：‼️⛔️您还未登录晴天账号哦，可以点击右上角登录♨️\n　　🎴当前来源：番茄\n　　🗂当前模式：小说\n　　‎\n　　💠相关注意事项：\n　　↓↓↓↓↓↓↓↓↓↓\n　　🎤本书可选音色(请在登录中填入对应序号，并在详情页刷新)：\n　　成熟大叔音：4\n　　甜美少女音：1\n　　开朗青年音：5\n　　清亮青叔音：2\n　　温柔淑女音：6\n　　‎\n　　🕹分类：动漫衍生,穿越,系统,二次元,同人\n　　🎗书籍主角：羽生楠\n　　🎯最新章节：第618 章 反差的秋庭怜子\n　　⏳更新时间：2025-03-11\n　　📝书籍字数：126.91 万字\n　　💥书籍状态：连载中\n　　✨书籍评分：9.0分\n　　📌出版媒体：番茄小说\n　　‎\n　　📚书籍简介：\n　　（系统）（拆CP）（随机强化，目前已出现七龙珠、神奇宝贝、哆啦a梦、成龙历险记……等世界道具\n　　身体强化已有:预知之眼、魅魔之体等）\n　　羽生楠意外来到了死神小学生的世界。\n　　从此柯南的恶魔就来了。\n　　柯南:为什么这面包印上书本，吃下去就能永久记忆。\n　　羽生楠:因为这是科学。\n　　柯南:那这个防护罩小球又是什么鬼东西？这世界背着我科学都发展到这种地步了?\n　　羽生楠:所以这就是“柯学”啊!\n　　有希子夫人，你也不想的吧……\n　　羽生楠不在意什么是正义，他就想陪着家里的小姐姐一起看戏。\n　　‎\n　　📝 书评：(共 7 条)\n　　👨🏻 详细说说| || ★★★★★\n　　挺不错的，希望作者可以坚持下去，最好百万字以上[送心][送心]\n　　‎\n　　👨🏻 纸墨与我书半生 || ★★★★★\n　　不错，作者写得很好，就目前而言，背景细节什么的交代的蛮好的，案件会写的相对详细一些，平均一个案件就要花费好几个章节。对于没看过或者是印象比较浅的人来说比较友好。（如果作者能够保持这样的水准，那么写一些其他的同人小说也是蛮不错的。）\n　　‎\n　　👨🏻 再也不养猫了 || ★★★★★\n　　作者，多更点，不是说每天多更点，是整本书多更，写个几千章的，sese可以搞，但是隐晦一点，读者刚入戏，直接书没了就完了，作者同意多更就点个赞啥的\n　　‎\n　　👱🏻 哒哒哒哒哒哒8555 || ★★★★★\n　　质疑纣王，理解咒王，成为纣王，超越纣王。\n　　至于曹贼，理解曹贼，成为曹贼，超越曹贼。\n　　后宫文两大定律\n　　‎\n　　👨🏻 是有点东西的普通人 || ★★★★★\n　　不错，我喜欢看，嗯，别人喜不喜欢看我不知道，反正我看着还行。\n　　‎\n　　👨🏻 炸天帮-王大锤 || ★★\n　　粪作，我以前看过一本《在柯南里当学霸的我其实是个阴阳师》，不知道你有没有看过。\n　　‎\n　　👨🏻 南淮风眠 || ★★★★★\n　　还是挺不错的，就是太少了不够看，作者大大加油更新啊，有车车吗[探究][懂了][顶帖]\n　　‎\n　　📍版权信息：本书的数字版权由 番茄小说 提供并授权发行，如有任何疑问，请通过“我的-意见反馈”告知我们",
    "kind": "连载中,9.0分,动漫衍生,穿越,2025-03-11",
    "lastCheckCount": 0,
    "lastCheckTime": 1744395245041,
    "latestChapterTime": 1744395245041,
    "latestChapterTitle": "第679 章 夜雨师闺",
    "name": "这真的不柯学",
    "order": -6,
    "origin": "http://v1.qingtian618.cn:8888",
    "originName": "🌞晴天融合2.1(请勿传播)",
    "originOrder": 0,
    "readConfig": {
      "dailyChapters": 3,
      "delTag": 0,
      "pageAnim": -1,
      "reSegment": false,
      "readSimulating": false,
      "reverseToc": false,
      "splitLongChapter": true
    },
    "syncTime": 0,
    "tocUrl": "http://v3.qingtian618.cn:8888/catalog?book_id=7363121037082381374&source=番茄&tab=小说",
    "totalChapterNum": 679,
    "type": 8,
    "variable": "{\n  \"book_detail\": \"{\\\"book_name\\\":\\\"柯南：顶级魅魔，狂拆cp\\\",\\\"book_id\\\":\\\"7363121037082381374\\\",\\\"author\\\":\\\"真的最爱吃西瓜\\\",\\\"category\\\":\\\"动漫衍生\\\",\\\"tags\\\":\\\"动漫衍生,穿越,系统,二次元,同人\\\",\\\"role\\\":\\\"羽生楠\\\",\\\"media\\\":\\\"番茄小说\\\",\\\"thumb_url\\\":\\\"https://p3-reading-sign.fqnovelpic.com/novel-pic/af32fabfc7f39c8ed387c5e861b9e210~tplv-snk2bdmkp8-superreso-double-rz:1200:0.image?lk3s=45961287&x-expires=1746830470&x-signature=zXdqvdFsjV9JXA1w6fg2NhEMEQM%3D\\\",\\\"last_chapter_title\\\":\\\"第618 章 反差的秋庭怜子\\\",\\\"last_chapter_update_time\\\":\\\"2025-03-11\\\",\\\"word_number\\\":\\\"126.91 万字\\\",\\\"copyright_info\\\":\\\"版权信息：本书的数字版权由 番茄小说 提供并授权发行，如有任何疑问，请通过“我的-意见反馈”告知我们\\\",\\\"abstract\\\":\\\"（系统）（拆CP）（随机强化，目前已出现七龙珠、神奇宝贝、哆啦a梦、成龙历险记……等世界道具\\\\n身体强化已有:预知之眼、魅魔之体等）\\\\n羽生楠意外来到了死神小学生的世界。\\\\n从此柯南的恶魔就来了。\\\\n柯南:为什么这面包印上书本，吃下去就能永久记忆。\\\\n羽生楠:因为这是科学。\\\\n柯南:那这个防护罩小球又是什么鬼东西？这世界背着我科学都发展到这种地步了?\\\\n羽生楠:所以这就是“柯学”啊!\\\\n有希子夫人，你也不想的吧……\\\\n羽生楠不在意什么是正义，他就想陪着家里的小姐姐一起看戏。\\\",\\\"book_review\\\":\\\"\\\\n📝 书评：(共 7 条)\\\\n👨🏻 详细说说| || ★★★★★\\\\n挺不错的，希望作者可以坚持下去，最好百万字以上[送心][送心]\\\\n&lrm;\\\\n👨🏻 纸墨与我书半生 || ★★★★★\\\\n不错，作者写得很好，就目前而言，背景细节什么的交代的蛮好的，案件会写的相对详细一些，平均一个案件就要花费好几个章节。对于没看过或者是印象比较浅的人来说比较友好。（如果作者能够保持这样的水准，那么写一些其他的同人小说也是蛮不错的。）\\\\n&lrm;\\\\n👨🏻 再也不养猫了 || ★★★★★\\\\n作者，多更点，不是说每天多更点，是整本书多更，写个几千章的，sese可以搞，但是隐晦一点，读者刚入戏，直接书没了就完了，作者同意多更就点个赞啥的\\\\n&lrm;\\\\n👱🏻 哒哒哒哒哒哒8555 || ★★★★★\\\\n质疑纣王，理解咒王，成为纣王，超越纣王。\\\\n至于曹贼，理解曹贼，成为曹贼，超越曹贼。\\\\n后宫文两大定律\\\\n&lrm;\\\\n👨🏻 是有点东西的普通人 || ★★★★★\\\\n不错，我喜欢看，嗯，别人喜不喜欢看我不知道，反正我看着还行。\\\\n&lrm;\\\\n👨🏻 炸天帮-王大锤 || ★★\\\\n粪作，我以前看过一本《在柯南里当学霸的我其实是个阴阳师》，不知道你有没有看过。\\\\n&lrm;\\\\n👨🏻 南淮风眠 || ★★★★★\\\\n还是挺不错的，就是太少了不够看，作者大大加油更新啊，有车车吗[探究][懂了][顶帖]\\\\n&lrm;\\\\n\\\",\\\"book_tts\\\":\\\"\\\\n💠相关注意事项：\\\\n↓↓↓↓↓↓↓↓↓↓\\\\n\\\\n🎤本书可选音色(请在登录中填入对应序号，并在详情页刷新)：\\\\n成熟大叔音：4\\\\n甜美少女音：1\\\\n开朗青年音：5\\\\n清亮青叔音：2\\\\n温柔淑女音：6\\\\n\\\",\\\"score\\\":\\\"9.0分\\\",\\\"status\\\":\\\"连载中\\\",\\\"source\\\":\\\"番茄\\\",\\\"tab\\\":\\\"小说\\\"}\"\n}",
    "wordCount": "126.91 万字"
  },
  {
    "author": "小松果爱风景",
    "bookUrl": "http://v3.qingtian618.cn:8888/detail?book_id=7475973921632701502&source=番茄&tab=小说",
    "canUpdate": true,
    "coverUrl": "https://p3-reading-sign.fqnovelpic.com/novel-pic/p2o953a9c6b1628e24522419e27cec00672~tplv-snk2bdmkp8-superreso-double-rz:1200:0.image?lk3s=ae45642e&x-expires=1746831239&x-signature=b0uXOjoEHQDeyvVZwHyBVSER2xs%3D",
    "durChapterIndex": 0,
    "durChapterPos": 35713,
    "durChapterTime": 1742857867011,
    "durChapterTitle": "第1章 魂穿二世",
    "group": 0,
    "intro": "　　🎚当前服务器：http://v3.qingtian618.cn:8888\n　　🪄晴天账号：‼️⛔️您还未登录晴天账号哦，可以点击右上角登录♨️\n　　🎴当前来源：番茄\n　　🗂当前模式：小说\n　　‎\n　　💠相关注意事项：\n　　↓↓↓↓↓↓↓↓↓↓\n　　🎤本书可选音色(请在登录中填入对应序号，并在详情页刷新)：\n　　成熟大叔音：4\n　　甜美少女音：1\n　　开朗青年音：5\n　　清亮青叔音：2\n　　温柔淑女音：6\n　　‎\n　　🕹分类：历史脑洞,重生,历史,天才\n　　🎗书籍主角：林宇\n　　🎯最新章节：第107章：国际威望，如日中天\n　　⏳更新时间：2025-03-06\n　　📝书籍字数：473.87 万字\n　　💥书籍状态：连载中\n　　✨书籍评分：0分\n　　📌出版媒体：番茄小说\n　　‎\n　　📚书籍简介：\n　　《我在秦朝当二世》简介\n　　《我在秦朝当二世》是一部以秦朝为背景的历史穿越小说，讲述了现代历史系研究生林宇魂穿成为秦二世胡亥后，凭借自身智慧和对历史的了解，改写秦朝命运的精彩故事。\n　　林宇原本专注于研究秦朝历史，对秦二世胡亥的真实形象抱有独特见解。一次意外，他穿越到公元前210 年的秦朝，恰逢秦始皇嬴政病重驾崩之际。此时，赵高企图篡改诏书，扶持胡亥登基以掌控朝政，而秦始皇本意是传位于扶苏。\n　　成为胡亥的林宇，身处权力斗争的漩涡中心，面临着巨大的危机与挑战。他一方面假意与赵高周旋，拖延时间；另一方面与忠心耿耿的蒙毅将军联手，试图将秦始皇的真实诏书传递给扶苏，并做好应对赵高阴谋的准备。\n　　在传递诏书的过程中，困难重重。赵高派出人手拦截传诏之人，导致传诏之路险象环生。而扶苏接到诏书后，在回咸阳的途中也遭遇赵高设下的重重阻碍，咸阳城外更是面临城门紧闭、被污蔑谋反的困境。\n　　关键时刻，林宇挺身而出，利用智谋收集赵高阴谋的证据，并在咸阳宫大殿之上，与赵高展开激烈博弈。最终，林宇成功揭露赵高罪行，将其打入大牢。随后，扶苏顺利登基，林宇凭借卓越表现获封秦王，协助扶苏治理国家。\n　　📍版权信息：本书的数字版权由 番茄小说 提供并授权发行，如有任何疑问，请通过“我的-意见反馈”告知我们",
    "kind": "连载中,0分,历史脑洞,重生,2025-03-10",
    "lastCheckCount": 0,
    "lastCheckTime": 1744395244670,
    "latestChapterTime": 1742485273120,
    "latestChapterTitle": "我在秦朝当二世皇帝林宇第一部完结",
    "name": "我在秦朝当二世皇帝",
    "order": -7,
    "origin": "http://v1.qingtian618.cn:8888",
    "originName": "🌞晴天融合2.1(请勿传播)",
    "originOrder": 0,
    "readConfig": {
      "dailyChapters": 3,
      "delTag": 0,
      "pageAnim": -1,
      "reSegment": false,
      "readSimulating": false,
      "reverseToc": false,
      "splitLongChapter": true
    },
    "syncTime": 0,
    "tocUrl": "http://v3.qingtian618.cn:8888/catalog?book_id=7475973921632701502&source=番茄&tab=小说",
    "totalChapterNum": 256,
    "type": 8,
    "variable": "{\n  \"book_detail\": \"{\\\"book_name\\\":\\\"我在秦朝当二世皇帝\\\",\\\"book_id\\\":\\\"7475973921632701502\\\",\\\"author\\\":\\\"小松果爱风景\\\",\\\"category\\\":\\\"历史脑洞\\\",\\\"tags\\\":\\\"历史脑洞,重生,历史,天才\\\",\\\"role\\\":\\\"林宇\\\",\\\"media\\\":\\\"番茄小说\\\",\\\"thumb_url\\\":\\\"https://p3-reading-sign.fqnovelpic.com/novel-pic/p2o953a9c6b1628e24522419e27cec00672~tplv-snk2bdmkp8-superreso-double-rz:1200:0.image?lk3s=45961287&x-expires=1746831255&x-signature=9pzt1tZ%2FVeiJw3%2BqX8GdAZRK9os%3D\\\",\\\"last_chapter_title\\\":\\\"第107章：国际威望，如日中天\\\",\\\"last_chapter_update_time\\\":\\\"2025-03-06\\\",\\\"word_number\\\":\\\"473.87 万字\\\",\\\"copyright_info\\\":\\\"版权信息：本书的数字版权由 番茄小说 提供并授权发行，如有任何疑问，请通过“我的-意见反馈”告知我们\\\",\\\"abstract\\\":\\\"《我在秦朝当二世》简介\\\\n《我在秦朝当二世》是一部以秦朝为背景的历史穿越小说，讲述了现代历史系研究生林宇魂穿成为秦二世胡亥后，凭借自身智慧和对历史的了解，改写秦朝命运的精彩故事。\\\\n林宇原本专注于研究秦朝历史，对秦二世胡亥的真实形象抱有独特见解。一次意外，他穿越到公元前210 年的秦朝，恰逢秦始皇嬴政病重驾崩之际。此时，赵高企图篡改诏书，扶持胡亥登基以掌控朝政，而秦始皇本意是传位于扶苏。\\\\n成为胡亥的林宇，身处权力斗争的漩涡中心，面临着巨大的危机与挑战。他一方面假意与赵高周旋，拖延时间；另一方面与忠心耿耿的蒙毅将军联手，试图将秦始皇的真实诏书传递给扶苏，并做好应对赵高阴谋的准备。\\\\n在传递诏书的过程中，困难重重。赵高派出人手拦截传诏之人，导致传诏之路险象环生。而扶苏接到诏书后，在回咸阳的途中也遭遇赵高设下的重重阻碍，咸阳城外更是面临城门紧闭、被污蔑谋反的困境。\\\\n关键时刻，林宇挺身而出，利用智谋收集赵高阴谋的证据，并在咸阳宫大殿之上，与赵高展开激烈博弈。最终，林宇成功揭露赵高罪行，将其打入大牢。随后，扶苏顺利登基，林宇凭借卓越表现获封秦王，协助扶苏治理国家。\\\",\\\"book_review\\\":\\\"\\\",\\\"book_tts\\\":\\\"\\\\n💠相关注意事项：\\\\n↓↓↓↓↓↓↓↓↓↓\\\\n\\\\n🎤本书可选音色(请在登录中填入对应序号，并在详情页刷新)：\\\\n成熟大叔音：4\\\\n甜美少女音：1\\\\n开朗青年音：5\\\\n清亮青叔音：2\\\\n温柔淑女音：6\\\\n\\\",\\\"score\\\":\\\"0分\\\",\\\"status\\\":\\\"连载中\\\",\\\"source\\\":\\\"番茄\\\",\\\"tab\\\":\\\"小说\\\"}\"\n}",
    "wordCount": "473.87 万字"
  },
  {
    "author": "",
    "bookUrl": "http://v3.qingtian618.cn:8888/detail?book_id=L21hbmh1YS80NzE3Mi8qingtian&source=歪瑞古德&tab=漫画",
    "canUpdate": true,
    "coverUrl": "https://www.veryim.com/upload2/47172/2024/09-05/20240905011655yidmbp_small.jpg",
    "durChapterIndex": 0,
    "durChapterPos": 22,
    "durChapterTime": 1742857784395,
    "durChapterTitle": "第1话 漩涡博人！",
    "group": 0,
    "intro": "　　🎚当前服务器：http://v3.qingtian618.cn:8888\n　　🪄晴天账号：‼️⛔️您还未登录晴天账号哦，可以点击右上角登录♨️\n　　🎴当前来源：歪瑞古德\n　　🗂当前模式：漫画\n　　‎\n　　‎\n　　🕹分类：僵尸\n　　🎯最新章节：TBW19话 小木叶丸\n　　⏳更新时间：2025-02-24 14:03:24\n　　💥书籍状态：连载中\n　　‎\n　　📚书籍简介：\n　　岸本监修，每月一更，这是围绕漩涡鸣人他们的后代-漩涡博人等人的故事……",
    "kind": ",,,",
    "lastCheckCount": 0,
    "lastCheckTime": 1744395244246,
    "latestChapterTime": 1741648008872,
    "latestChapterTitle": "TBW19话 小木叶丸",
    "name": "博人传-火影次世代-",
    "order": -8,
    "origin": "http://v1.qingtian618.cn:8888",
    "originName": "🌞晴天融合2.1(请勿传播)",
    "originOrder": 0,
    "readConfig": {
      "dailyChapters": 3,
      "delTag": 0,
      "imageStyle": "FULL",
      "reSegment": false,
      "readSimulating": false,
      "reverseToc": false,
      "splitLongChapter": true
    },
    "syncTime": 0,
    "tocUrl": "http://v3.qingtian618.cn:8888/catalog?book_id=L21hbmh1YS80NzE3Mi8qingtian&source=歪瑞古德&tab=漫画",
    "totalChapterNum": 45,
    "type": 64,
    "variable": "{\n  \"book_detail\": \"{\\\"book_name\\\":\\\"博人传-火影次世代-\\\",\\\"book_id\\\":\\\"L21hbmh1YS80NzE3Mi8qingtian\\\",\\\"author\\\":\\\"\\\",\\\"category\\\":\\\"僵尸\\\",\\\"tags\\\":\\\"僵尸\\\",\\\"role\\\":\\\"\\\",\\\"media\\\":\\\"\\\",\\\"thumb_url\\\":\\\"https://www.veryim.com/upload2/47172/2024/09-05/20240905011655yidmbp_small.jpg\\\",\\\"last_chapter_title\\\":\\\"TBW19话 小木叶丸\\\",\\\"last_chapter_update_time\\\":\\\"2025-02-24 14:03:24\\\",\\\"word_number\\\":\\\"\\\",\\\"copyright_info\\\":\\\"\\\",\\\"abstract\\\":\\\"岸本监修，每月一更，这是围绕漩涡鸣人他们的后代-漩涡博人等人的故事……\\\",\\\"book_review\\\":\\\"\\\",\\\"book_tts\\\":\\\"\\\",\\\"score\\\":\\\"\\\",\\\"status\\\":\\\"连载中\\\",\\\"source\\\":\\\"歪瑞古德\\\",\\\"tab\\\":\\\"漫画\\\"}\"\n}",
    "wordCount": ""
  },
  {
    "author": "红茶七分甜",
    "bookUrl": "http://192.168.20.56:9999/catalog?book_id=7427137227504749593",
    "canUpdate": true,
    "coverUrl": "https://p3-reading-sign.fqnovelpic.com/novel-pic/09793ac304a365f32b1e1a01349d93f4~tplv-snk2bdmkp8-superreso-double-rz:1200:0.heic?lk3s=ae45642e&x-expires=1748109273&x-signature=wbYrClR6MVv%2BWuuokx5n2VSEZFE%3D",
    "durChapterIndex": 0,
    "durChapterPos": 0,
    "durChapterTime": 1742925638217,
    "durChapterTitle": "第1章 暴食系统",
    "group": 0,
    "intro": "类型：都市高武,都市,完结,6.7分\n　　更新：2025/01/01 00:02\n　　源站：番茄小说\n　　字数：31.0672万\n　　简介：【无女主+一直爽+不压级+数据流】\n　　林琛穿越到巨兽入侵的世界，明明拿到高考第一，却被恶意针对失去机甲师资格！\n　　此时【暴食系统】激活，只要吃妖兽肉，就能增强肉身实力！\n　　既然如此，这机甲我不开也罢！\n　　重铸武道荣光，我辈义不容辞！\n　　“食用红毛猪肉包子，气血值+1，属性点+1！”\n　　“食用钢毛熊一只，气血值+600，属性点+200！”\n　　“食用雷霆巨兽，气血值+10000，属性点+1000！”\n　　“食用巨兽之神，气血值+999999，属性点+999999！”\n　　随着他吃的妖兽越来越多，实力也越来越强！\n　　多年之后，林琛蓦然回首，才发现已经成了脚踩机甲，手撕巨兽，横压一切的人间武圣！",
    "kind": "都市高武,完结,6.7分,2024-10-18",
    "lastCheckCount": 0,
    "lastCheckTime": 1744395243792,
    "latestChapterTime": 1742925273012,
    "latestChapterTitle": "第142章 威名震慑宇宙",
    "name": "不让我开机甲，只好肉身成圣了！（别名：武道弱？我吞噬亿万血肉成武圣！）",
    "order": -9,
    "origin": "http://192.168.20.56:9999",
    "originName": "⭐番茄小说(内网个人源)",
    "originOrder": 0,
    "readConfig": {
      "dailyChapters": 3,
      "delTag": 0,
      "imageStyle": "",
      "reSegment": false,
      "readSimulating": false,
      "reverseToc": false,
      "splitLongChapter": true
    },
    "syncTime": 0,
    "tocUrl": "http://192.168.20.56:9999/catalog?book_id=7427137227504749593",
    "totalChapterNum": 142,
    "type": 8,
    "variable": "{\n  \"book_id\": \"7427137227504749593\"\n}",
    "wordCount": "31.0672万"
  },
  {
    "author": "龙卷",
    "bookUrl": "https://api-bc.wtzw.com/api/v4/book/detail?&id=151134&imei_ip=2937357107&teeny_mode=0&sign=bede9874f1c0b49d1638239b553f3f53,{\"headers\":{\"app-version\":\"51110\",\"platform\":\"android\",\"reg\":\"0\",\"AUTHORIZATION\":\"\",\"application-id\":\"com.****.reader\",\"net-env\":\"1\",\"channel\":\"unknown\",\"qm-params\":\"\",\"sign\":\"fc697243ab534ebaf51d2fa80f251cb4\"}}",
    "canUpdate": true,
    "coverUrl": "https://cdn.wtzw.com/bookimg/public/images/cover/19ca/6273feebb43da5eea516099a77844755.jpg",
    "durChapterIndex": 0,
    "durChapterPos": 274,
    "durChapterTime": 1744575869702,
    "durChapterTitle": "第1章 这才叫斩断因果！",
    "group": 0,
    "intro": "林羽在家看火影时，意外穿越到宇智波带土身上！\n　　第一件事就是回收卡卡西的写轮眼，成就双神威！\n　　送走斑，杀黑绝，双神威在手，忍界我进退自如！\n　　柱间体，轮回眼，十尾人柱力，誓要挑翻大筒木！",
    "kind": "来源：塔读文学,完结,火影,脑洞,轻松,热血",
    "lastCheckCount": 0,
    "lastCheckTime": 1744395243901,
    "latestChapterTime": 1742925647949,
    "latestChapterTitle": "第1223章 岁月静好，现世安稳！",
    "name": "火影：从双神威开始",
    "order": -10,
    "origin": "https://api-bc.wtzw.com",
    "originName": "七猫小说",
    "originOrder": 14,
    "readConfig": {
      "dailyChapters": 3,
      "delTag": 0,
      "reSegment": false,
      "readSimulating": false,
      "reverseToc": false,
      "splitLongChapter": true
    },
    "syncTime": 0,
    "tocUrl": "https://api-ks.wtzw.com/api/v1/chapter/chapter-list?&id=151134&sign=d49b5039dc6c8cdd83c2420db05c50dd,{\"headers\":{\"app-version\":\"51110\",\"platform\":\"android\",\"reg\":\"0\",\"AUTHORIZATION\":\"\",\"application-id\":\"com.****.reader\",\"net-env\":\"1\",\"channel\":\"unknown\",\"qm-params\":\"\",\"sign\":\"fc697243ab534ebaf51d2fa80f251cb4\"}}",
    "totalChapterNum": 1223,
    "type": 8,
    "variable": "{\n  \"headers\": \"{\\\"headers\\\":{\\\"app-version\\\":\\\"51110\\\",\\\"platform\\\":\\\"android\\\",\\\"reg\\\":\\\"0\\\",\\\"AUTHORIZATION\\\":\\\"\\\",\\\"application-id\\\":\\\"com.****.reader\\\",\\\"net-env\\\":\\\"1\\\",\\\"channel\\\":\\\"unknown\\\",\\\"qm-params\\\":\\\"\\\",\\\"sign\\\":\\\"fc697243ab534ebaf51d2fa80f251cb4\\\"}}\",\n  \"bid\": \"151134\"\n}",
    "wordCount": "279.8万字"
  },
  {
    "author": "一只微胖的皮皮虾",
    "bookUrl": "http://fqapi.gyks.cf/detail?book_id=7288244619387604031",
    "canUpdate": true,
    "coverUrl": "https://p3-reading-sign.fqnovelpic.com/novel-pic/c9a6e8fe934c18f0d802bd5514cb661e~tplv-snk2bdmkp8-superreso-double-rz:1200:0.image?lk3s=45961287&x-expires=1748975467&x-signature=4Vxir1o98JeEO92%2BcXh%2FmQOdjbo%3D",
    "durChapterIndex": 0,
    "durChapterPos": 0,
    "durChapterTime": 1743791473561,
    "durChapterTitle": "第1章 我们去领证吧！",
    "group": 0,
    "intro": "　　📕 源名：开局和女神领证：激活宝箱系统！\n　　📖 别名：开局与女神领证同居，系统激活！\n　　✏️ 开坑：2023-10-10 16:31:25\n　　🏷️ 标签：都市脑洞,都市,系统,单女主,开局,1v1,无后宫\n　　👤 主角：林天,洛冰凝\n　　👁️ 在线：114751人在读\n　　🔗 书籍状态：正常\n　　​\n　　📜 简介：【都市+系统+女神+技能+升级+单女单女单女】\n　　爷爷订下婚约，对方是豪门千金，林天以为对方会撕毁婚约。\n　　见面，女神洛冰凝竟然同意结婚。\n　　两人光速领证，约定同居三年，三年后没有感情和平离婚。\n　　刚到洛冰凝住的地方，林天忽地觉醒了宝箱系统。\n　　“黑铁宝箱开启：恭喜宿主获得大师级二胡技能。”\n　　“青铜宝箱开启：恭喜宿主获得宗师级车技。”\n　　“白银宝箱开启：恭喜宿主成为武道宗师。”\n　　从老婆洛冰凝身上，林天刷到了一个个的宝箱， 他渐渐走上了人生巅峰。\n　　​\n　　📍 版权信息：本书的数字版权由 番茄小说 提供并授权发行。\n　　​\n　　🎼 音色支持：成熟大叔,甜美少女,清亮青叔,开朗青年,温柔淑女,成熟升级,多人对话,俏皮御姐,多人升级\n　　​\n　　📄 书评：(共 5 条)\n　　👨🏻 只道灯火阑珊 || ★★★★★\n　　书很好看，主角性格很好，有脑子，很细节，不舔不嚣张。\n　　女主性格也很好，不是那种傻白甜的，也不是那种公主病的，让人很喜欢。\n　　作者加油，再接再厉！\n　　祝这本书畅销！\n　　‎\n　　👨🏻 龙地洞的朱雀投影 || ★★★★★\n　　看书内容轻松顺心，打发时间好悠闲！\n　　‎\n　　👱🏻 ～小妖怪～ || ★★★★★\n　　作者多多努力赶紧更，你上一部吸引了我客观的说是爽文不飘\n　　‎\n　　👨🏻 用户41689503 || ★★★★★\n　　很好，非常好，圆润，男女主角都树的羽羽如生，作者硝实下了功夫，而且实力也很强盛。我只是提议一点，毕竞写系统，如果能冉爽点比如弄个十亿八亿就更好了。\n　　‎\n　　👱🏻 无心可伤的人 || ★★★★★\n　　有一本小说叫（红颜都是女王女帝）和你的写作风格很一样，是你写的吗，我都在看，两本都不错，点赞👍\n　　‎",
    "kind": "男生,都市脑洞,完结,9.3分,2024-07-15",
    "lastCheckCount": 0,
    "lastCheckTime": 1744395246787,
    "latestChapterTime": 1743791467314,
    "latestChapterTitle": "第578章 这是一个秘密！（全书完）",
    "name": "开局与女神领证同居，系统激活！",
    "order": -12,
    "origin": "qingtian",
    "originName": "🍅 番茄小说[晴天接口]",
    "originOrder": 84,
    "readConfig": {
      "dailyChapters": 3,
      "delTag": 0,
      "reSegment": false,
      "readSimulating": false,
      "reverseToc": false,
      "splitLongChapter": true
    },
    "syncTime": 0,
    "tocUrl": "http://fqapi.gyks.cf/catalog?book_id=7288244619387604031",
    "totalChapterNum": 578,
    "type": 32,
    "variable": "{\n  \"book_id\": \"7288244619387604031\",\n  \"type\": \"0\",\n  \"tts_info\": \"🎼 音色支持：成熟大叔,甜美少女,清亮青叔,开朗青年,温柔淑女,成熟升级,多人对话,俏皮御姐,多人升级\\n​\\n\"\n}",
    "wordCount": "122.8万字"
  },
  {
    "author": "红茶不甜",
    "bookUrl": "content://com.android.externalstorage.documents/tree/primary%3Aread/document/primary%3Aread%2F8c24d5ab-47d0-4fbb-bd4d-5940db2614f0.epub",
    "canUpdate": true,
    "coverUrl": "/storage/emulated/0/Android/data/io.legado.app.release/files/covers/1df270a583852b62.jpg",
    "durChapterIndex": 1,
    "durChapterPos": 0,
    "durChapterTime": 1744575863972,
    "durChapterTitle": "第1章 开局叛村，怒现万花筒",
    "group": 0,
    "intro": "【火影+系统+无敌+叛村】\n又名【火影：十岁万花筒，开局叛木叶】\n穿越火影，喜提超级氪金系统，只要氪金就能变强！\n赞了十年压岁钱的宇智波夏目，终于洞开了【万花筒写轮眼】！\n接下来，什么飞雷神、仙人模式、八门遁甲、轮回眼、重粒子模式…我全都要！\n从今天起，再也不做木叶的舔狗！\n败富岳、怼猿飞、杀团藏、叛木叶…谁挡着我叛村谁就得死！\n生死看淡，不服就干！\n我叫宇智波夏目，忍界新神！谁赞成？谁反对？",
    "lastCheckCount": 0,
    "lastCheckTime": 1743974712029,
    "latestChapterTime": 1744123394018,
    "latestChapterTitle": "第957章 神与落幕（完结）",
    "name": "火影：开局无敌，怒叛木叶",
    "order": -13,
    "origin": "loc_book",
    "originName": "8c24d5ab-47d0-4fbb-bd4d-5940db2614f0.epub",
    "originOrder": 0,
    "readConfig": {
      "dailyChapters": 3,
      "delTag": 0,
      "reSegment": false,
      "readSimulating": false,
      "reverseToc": false,
      "splitLongChapter": true
    },
    "syncTime": 0,
    "tocUrl": "",
    "totalChapterNum": 959,
    "type": 264
  },
  {
    "author": "易安",
    "bookUrl": "http://app.hbooker.com/bookcity/@js:getUrl('/book/get_info_by_id',{use_daguan:1,book_id:100218945})",
    "canUpdate": true,
    "coverUrl": "http://e1.kuangxiangit.com/uploads/allimg/c201222/22-12-20162326-12154.jpg",
    "durChapterIndex": 0,
    "durChapterPos": 0,
    "durChapterTime": 1744576467776,
    "durChapterTitle": "月夜见之卷",
    "group": 0,
    "intro": "　　🪙 剩余书币：0\n　　🆒 收推比例：529.07%\n　　📆 更新时间：2024-12-11 00:56:02\n　　《我越高冷，你越兴奋？》\n　　《女角色纷纷倒贴是怎么回事？》\n　　《我对开后宫不感兴趣，但我的系统不这么认为》\n　　拥有一个攻略系统的观月只能在火影世界被动接受着来自女人们的爱意。\n　　PS：第一卷主线略多，日常攻略剧情在上架后。\n　　书友群：\n　　易安书屋②群（2000人已满):276240532\n　　易安书屋③群（2000人已满):305131456\n　　易安书屋④群（新群）         :256377114\n　　----📊 所有数据 📊----\n　　评论：947\n　　打赏：358912\n　　原创：1\n　　点击：30532530\n　　月点击：11574\n　　周点击：237\n　　非会员月点击：3309\n　　非会员周点击：84\n　　推荐：200103\n　　月推荐：193\n　　周推荐：0\n　　收藏：37822\n　　月收藏：20\n　　周收藏：-2\n　　当前月票：0\n　　月票：9389\n　　当前刀片：0\n　　刀片：3862",
    "kind": "后宫,火影,同人,白学,修罗场,恋爱",
    "lastCheckCount": 525,
    "lastCheckTime": 1744576470746,
    "latestChapterTime": 1744576470746,
    "latestChapterTitle": "🔒第519章 静音和露琪亚",
    "name": "火影，你们都擅长自我攻略的吗？",
    "order": -14,
    "origin": "http://app.hbooker.com",
    "originName": "刺猬猫-特别版",
    "originOrder": 10,
    "readConfig": {
      "dailyChapters": 3,
      "delTag": 0,
      "reSegment": false,
      "readSimulating": false,
      "reverseToc": false,
      "splitLongChapter": true
    },
    "syncTime": 0,
    "tocUrl": "http://app.hbooker.com/chapter/get_updated_chapter_by_division_new,{\"method\":\"POST\",\"body\":\"app_version=2.9.319&device_token=ciweimao_&login_token=c668658381712be9f36e2f8384206cf0&account=书客5984821&division_id=0&book_id=100218945\"}",
    "totalChapterNum": 525,
    "type": 8,
    "variable": "{\n  \"type\": \"1\",\n  \"bid\": \"100218945\"\n}",
    "wordCount": "121.1万字"
  }
]