[
  {
    "id": -1,
    "enable": true,
    "name": "目录(去空白)",
    "rule": "(?<=[　\\s])(?:序章|序言|卷首语|扉页|楔子|正文(?!完|结)|终章|后记|尾声|番外|第?\\s{0,4}[\\d〇零一二两三四五六七八九十百千万壹贰叁肆伍陆柒捌玖拾佰仟]+?\\s{0,4}(?:章|节(?!课)|卷|集(?![合和])|部(?![分赛游])|篇(?!张))).{0,30}$",
    "serialNumber": 0
  },
  {
    "id": -2,
    "enable": true,
    "name": "目录",
    "rule": "^[ 　\\t]{0,4}(?:序章|序言|卷首语|扉页|楔子|正文(?!完|结)|终章|后记|尾声|番外|第?\\s{0,4}[\\d〇零一二两三四五六七八九十百千万壹贰叁肆伍陆柒捌玖拾佰仟]+?\\s{0,4}(?:章|节(?!课)|卷|集(?![合和])|部(?![分赛游])|篇(?!张))).{0,30}$",
    "serialNumber": 1
  },
  {
    "id": -3,
    "enable": false,
    "name": "目录(匹配简介)",
    "rule": "(?<=[　\\s])(?:(?:内容|文章)?简介|文案|前言|序章|序言|卷首语|扉页|楔子|正文(?!完|结)|终章|后记|尾声|番外|第?\\s{0,4}[\\d〇零一二两三四五六七八九十百千万壹贰叁肆伍陆柒捌玖拾佰仟]+?\\s{0,4}(?:章|节(?!课)|卷|集(?![合和])|部(?![分赛游])|回(?![合来事去])|场(?![和合比电是])|篇(?!张))).{0,30}$",
    "serialNumber": 2
  },
  {
    "id": -4,
    "enable": false,
    "name": "目录(古典、轻小说备用)",
    "rule": "^[ 　\\t]{0,4}(?:序章|楔子|正文(?!完|结)|终章|后记|尾声|番外|第?\\s{0,4}[\\d〇零一二两三四五六七八九十百千万壹贰叁肆伍陆柒捌玖拾佰仟]+?\\s{0,4}(?:章|节(?!课)|卷|集(?![合和])|部(?![分赛游])|回(?![合来事去])|场(?![和合比电是])|话|篇(?!张))).{0,30}$",
    "serialNumber": 3
  },
  {
    "id": -5,
    "enable": false,
    "name": "数字(纯数字标题)",
    "rule": "(?<=[　\\s])\\d+\\.?[ 　\\t]{0,4}$",
    "serialNumber": 4
  },
  {
    "id": -6,
    "enable": true,
    "name": "数字 分隔符 标题名称",
    "rule": "^[ 　\\t]{0,4}\\d{1,5}[：:,.， 、_—\\-].{1,30}$",
    "serialNumber": 5
  },
  {
    "id": -7,
    "enable": true,
    "name": "大写数字 分隔符 标题名称",
    "rule": "^[ 　\\t]{0,4}(?:序章|序言|卷首语|扉页|楔子|正文(?!完|结)|终章|后记|尾声|番外|[〇零一二两三四五六七八九十百千万壹贰叁肆伍陆柒捌玖拾佰仟]{1,8})[ 、_—\\-].{1,30}$",
    "serialNumber": 6
  },
  {
    "id": -8,
    "enable": true,
    "name": "正文 标题/序号",
    "rule": "^[ 　\\t]{0,4}正文[ 　]{1,4}.{0,20}$",
    "serialNumber": 7
  },
  {
    "id": -9,
    "enable": true,
    "name": "Chapter/Section/Part/Episode 序号 标题",
    "rule": "^[ 　\\t]{0,4}(?:[Cc]hapter|[Ss]ection|[Pp]art|ＰＡＲＴ|[Nn][oO]\\.|[Ee]pisode|(?:内容|文章)?简介|文案|前言|序章|楔子|正文(?!完|结)|终章|后记|尾声|番外)\\s{0,4}\\d{1,4}.{0,30}$",
    "serialNumber": 8
  },
  {
    "id": -10,
    "enable": false,
    "name": "Chapter(去简介)",
    "rule": "^[ 　\\t]{0,4}(?:[Cc]hapter|[Ss]ection|[Pp]art|ＰＡＲＴ|[Nn][Oo]\\.|[Ee]pisode)\\s{0,4}\\d{1,4}.{0,30}$",
    "serialNumber": 9
  },
  {
    "id": -11,
    "enable": true,
    "name": "特殊符号 序号 标题",
    "rule": "(?<=[\\s　])[【〔〖「『〈［\\[](?:第|[Cc]hapter)[\\d〇零一二两三四五六七八九十百千万壹贰叁肆伍陆柒捌玖拾佰仟]{1,10}[章节].{0,20}$",
    "serialNumber": 10
  },
  {
    "id": -12,
    "enable": false,
    "name": "特殊符号 标题(成对)",
    "rule": "(?<=[\\s　]{0,4})(?:[\\[〈「『〖〔《（【\\(].{1,30}[\\)】）》〕〗』」〉\\]]?|(?:内容|文章)?简介|文案|前言|序章|楔子|正文(?!完|结)|终章|后记|尾声|番外)[ 　]{0,4}$",
    "serialNumber": 11
  },
  {
    "id": -13,
    "enable":true,
    "name": "特殊符号 标题(单个)",
    "rule": "(?<=[\\s　]{0,4})(?:[☆★✦✧].{1,30}|(?:内容|文章)?简介|文案|前言|序章|楔子|正文(?!完|结)|终章|后记|尾声|番外)[ 　]{0,4}$",
    "serialNumber": 12
  },
  {
    "id": -14,
    "enable": true,
    "name": "章/卷 序号 标题",
    "rule": "^[ \\t　]{0,4}(?:(?:内容|文章)?简介|文案|前言|序章|序言|卷首语|扉页|楔子|正文(?!完|结)|终章|后记|尾声|番外|[卷章][\\d〇零一二两三四五六七八九十百千万壹贰叁肆伍陆柒捌玖拾佰仟]{1,8})[ 　]{0,4}.{0,30}$",
    "serialNumber": 13
  },
  {
    "id": -15,
    "enable":false,
    "name": "顶格标题",
    "rule": "^\\S.{1,20}$",
    "serialNumber": 14
  },
  {
    "id": -16,
    "enable":false,
    "name": "双标题(前向)",
    "rule": "(?m)(?<=[ \\t　]{0,4})第[\\d〇零一二两三四五六七八九十百千万壹贰叁肆伍陆柒捌玖拾佰仟]{1,8}章.{0,30}$(?=[\\s　]{0,8}第[\\d零一二两三四五六七八九十百千万壹贰叁肆伍陆柒捌玖拾佰仟]{1,8}章)",
    "serialNumber": 15
  },
  {
    "id": -17,
    "enable":false,
    "name": "双标题(后向)",
    "rule": "(?m)(?<=[ \\t　]{0,4}第[\\d〇零一二两三四五六七八九十百千万壹贰叁肆伍陆柒捌玖拾佰仟]{1,8}章.{0,30}$[\\s　]{0,8})第[\\d零一二两三四五六七八九十百千万壹贰叁肆伍陆柒捌玖拾佰仟]{1,8}章.{0,30}$",
    "serialNumber": 16
  },
  {
    "id":-18,
    "enable": true,
    "name": "标题 特殊符号 序号",
    "rule": "^.{1,20}[(（][\\d〇零一二两三四五六七八九十百千万壹贰叁肆伍陆柒捌玖拾佰仟]{1,8}[)）][ 　\t]{0,4}$",
    "serialNumber": 17
  }
]