[ {"bookSourceName":"本地书仓","bookSourceGroup":"本地","loginUi":"","bookSourceUrl":"/Users/q9uo11/Downloads/book","bookSourceType":0,"bookUrlPattern":"","customOrder":0,"enabled":true,"enabledExplore":false,"concurrentRate":"","header":"","loginUrl":"","loginCheckJs":"","lastUpdateTime":0,"weight":0,"exploreUrl":"","ruleExplore":{"bookList":"","name":"","author":"","intro":"","kind":"","lastChapter":"","updateTime":"","bookUrl":"","coverUrl":"","wordCount":""},"searchUrl":"http://127.0.0.1:8080/searchlocalbook?path\u003d{{source.bookSourceUrl}}\u0026key\u003d{{key}}","ruleSearch":{"checkKeyWord":"","bookList":"$.data","name":"$.name","author":"$.author","intro":"$.intro","kind":"","lastChapter":"","updateTime":"","bookUrl":"{{$.bookUrl}}\n\u003cjs\u003e\nvar path\u003djava.encodeURI(result)\n\"http://127.0.0.1:8080/getlocalbookinfo?path\u003d\"+path\n\u003c/js\u003e","coverUrl":"$.coverUrl","wordCount":""},"ruleBookInfo":{"init":"","name":"$.data.name","author":"$.data.author","intro":"$.data.intro","kind":"","lastChapter":"","updateTime":"","coverUrl":"$.data.coverUrl","tocUrl":"{{$.data.bookUrl}}\n\u003cjs\u003e\nvar path\u003djava.encodeURI(result)\n\"http://127.0.0.1:8080/getlocalbookinfoChapterList?path\u003d\"+path\n\u003c/js\u003e","wordCount":"","canReName":"","downloadUrls":""},"ruleToc":{"preUpdateJs":"","chapterList":"$.data","chapterName":"$.title","chapterUrl":"{{$.bookUrl}}\n\u003cjs\u003e\nvar path\u003djava.encodeURI(result)\n\"http://127.0.0.1:8080/getlocalbookinfoContent?path\u003d\"+path+\"\u0026index\u003d{{$.index}}\"\n\u003c/js\u003e","formatJs":"","isVolume":"","isVip":"","isPay":"","updateTime":"","nextTocUrl":""},"ruleContent":{"content":"$.data","title":"","nextContentUrl":"","webJs":"","sourceRegex":"","replaceRegex":"","imageStyle":"","imageDecode":"","payAction":""},"bookSourceComment":"","coverDecodeJs":"","respondTime":180000,"jsLib":"","enabledCookieJar":false,"userid":"","variableComment":"","phonehttp":false} ]