<?xml version="1.0" encoding="UTF-8"?>
<extensions>
    <extension>
        <groupId>org.l2x6.cq</groupId>
        <artifactId>cq-alias-fastinstall-quickly-extension</artifactId>
        <version>4.20.3</version>
    </extension>
    <extension>
        <groupId>eu.maveniverse.maven.nisse</groupId>
        <artifactId>extension</artifactId>
        <version>0.6.2</version>
    </extension>
    <extension>
        <groupId>com.gradle</groupId>
        <artifactId>develocity-maven-extension</artifactId>
        <version>2.1</version>
    </extension>
    <extension>
        <groupId>com.gradle</groupId>
        <artifactId>common-custom-user-data-maven-extension</artifactId>
        <version>2.1.0</version>
    </extension>
</extensions>
