<?xml version="1.0" encoding="UTF-8"?>

<settings xmlns="http://maven.apache.org/SETTINGS/1.0.0"
          xmlns:xsi="http://www.w3.org/2001/XMLSchema-instance"
          xsi:schemaLocation="http://maven.apache.org/SETTINGS/1.0.0 http://maven.apache.org/xsd/settings-1.0.0.xsd">
	<profiles>
		<profile>
			<id>aliyun</id>
			<repositories>
				<repository>
					<id>aliyun</id>
					<url>https://maven.aliyun.com/repository/central</url>
					<releases>
						<enabled>true</enabled>
						<updatePolicy>never</updatePolicy>
					</releases>
					<snapshots>
						<enabled>false</enabled>
					</snapshots>
				</repository>
			</repositories>
			<pluginRepositories>
				<pluginRepository>
					<id>aliyun</id>
					<url>https://maven.aliyun.com/repository/central</url>
					<releases>
						<enabled>true</enabled>
						<updatePolicy>never</updatePolicy>
					</releases>
					<snapshots>
						<enabled>false</enabled>
					</snapshots>
				</pluginRepository>
			</pluginRepositories>
		</profile>

	</profiles>

	<activeProfiles>
		<activeProfile>aliyun</activeProfile>
	</activeProfiles>

</settings>
