<?xml version="1.0" encoding="UTF-8"?>

<databaseChangeLog
        xmlns="http://www.liquibase.org/xml/ns/dbchangelog"
        xmlns:xsi="http://www.w3.org/2001/XMLSchema-instance"
        xsi:schemaLocation="http://www.liquibase.org/xml/ns/dbchangelog http://www.liquibase.org/xml/ns/dbchangelog/dbchangelog-4.6.xsd"
        logicalFilePath="liquibase/import/import.xml">

    <changeSet author="KonradWisniewski" id="import-v1" runAlways="false" runOnChange="true">

        <preConditions onFail="HALT">
            <sqlCheck expectedResult="0">SELECT COUNT(*) FROM database_connection</sqlCheck>
            <sqlCheck expectedResult="0">SELECT COUNT(*) FROM database_data_source</sqlCheck>
            <sqlCheck expectedResult="0">SELECT COUNT(*) FROM data_source</sqlCheck>
            <sqlCheck expectedResult="0">SELECT COUNT(*) FROM data_source_column</sqlCheck>
            <sqlCheck expectedResult="0">SELECT COUNT(*) FROM chart_configuration</sqlCheck>
            <sqlCheck expectedResult="0">SELECT COUNT(*) FROM data_set</sqlCheck>
            <sqlCheck expectedResult="0">SELECT COUNT(*) FROM data_set_series</sqlCheck>
            <sqlCheck expectedResult="0">SELECT COUNT(*) FROM data_set_series_column</sqlCheck>
        </preConditions>

        <loadData file="liquibase/import/data/database-connection.csv"
                  separator=";"
                  tableName="database_connection">
        </loadData>

        <loadData file="liquibase/import/data/data-source.csv"
                  separator=";"
                  tableName="data_source">
        </loadData>

        <loadData file="liquibase/import/data/database-data-source.csv"
                  separator=";"
                  tableName="database_data_source">
        </loadData>

        <loadData file="liquibase/import/data/data-source-column.csv"
                  separator=";"
                  tableName="data_source_column">
        </loadData>

        <loadData file="liquibase/import/data/data-set-series-column-data.csv"
                  separator=";"
                  tableName="data_set_series_column">
        </loadData>

        <loadData file="liquibase/import/data/data-set-data.csv"
                  separator=";"
                  tableName="data_set">
        </loadData>

        <loadData file="liquibase/import/data/chart-configuration-data.csv"
                  separator=";"
                  tableName="chart_configuration">
        </loadData>

        <loadData file="liquibase/import/data/data-set-series-data.csv"
                  separator=";"
                  tableName="data_set_series">
        </loadData>
    </changeSet>
</databaseChangeLog>