<?xml version="1.0" encoding="UTF-8"?>
<beans xmlns="http://www.springframework.org/schema/beans"
    xmlns:xsi="http://www.w3.org/2001/XMLSchema-instance" 
    xmlns:context="http://www.springframework.org/schema/context"
    xmlns:rdb="http://www.dangdang.com/schema/ddframe/rdb" 
    xsi:schemaLocation="http://www.springframework.org/schema/beans 
                        http://www.springframework.org/schema/beans/spring-beans.xsd
                        http://www.springframework.org/schema/context 
                        http://www.springframework.org/schema/context/spring-context.xsd 
                        http://www.dangdang.com/schema/ddframe/rdb 
                        http://www.dangdang.com/schema/ddframe/rdb/rdb.xsd 
                        ">
    <!-- inline表达式报错 -->
    <context:property-placeholder  ignore-unresolvable="true"/> 
                       
    <!-- 主数据 -->
    <bean id="ds_0" class="com.alibaba.druid.pool.DruidDataSource" destroy-method="close" primary="true">
        <property name="driverClassName" value="com.mysql.jdbc.Driver" />
        <property name="url" value="jdbc:mysql://localhost:3306/cxytiandi_0?characterEncoding=utf-8" />
        <property name="username" value="root" />
        <property name="password" value="" />
    </bean>
    
 	<bean id="ds_1" class="com.alibaba.druid.pool.DruidDataSource" destroy-method="close">
        <property name="driverClassName" value="com.mysql.jdbc.Driver" />
        <property name="url" value="jdbc:mysql://localhost:3306/cxytiandi_1?characterEncoding=utf-8" />
        <property name="username" value="root" />
        <property name="password" value="" />
    </bean>
    
    <rdb:strategy id="databaseShardingStrategyHouseLouDong" sharding-columns="city" algorithm-class="com.fangjia.sjdbc.SingleKeyDbShardingAlgorithm"/>
    <rdb:strategy id="tableShardingStrategyHouseLouDong" sharding-columns="id" algorithm-class="com.fangjia.sjdbc.UserSingleKeyTableShardingAlgorithm"/>

    <rdb:data-source id="dataSource">
        <rdb:sharding-rule data-sources="ds_0, ds_1">
            <rdb:table-rules>
                <rdb:table-rule logic-table="user" actual-tables="user_${0..1}" database-strategy="databaseShardingStrategyHouseLouDong" table-strategy="tableShardingStrategyHouseLouDong">
                	<rdb:generate-key-column column-name="id"/>
                </rdb:table-rule>
            </rdb:table-rules>
        </rdb:sharding-rule>
    </rdb:data-source>
    
    
    
    <!-- 增强版JdbcTemplate -->
    <bean id="cxytiandiJdbcTemplate" class="com.cxytiandi.jdbc.CxytiandiJdbcTemplate">
    	<property name="dataSource" ref="dataSource"/>
    	<constructor-arg>
    		<value>com.fangjia.sjdbc.po</value>
    	</constructor-arg>
    </bean>
    
</beans>