{
  "framework": "h2o",
  "maintainers": ["volyrique"],
  "tests": [{
    "default": {
      "json_url": "/json",
      "db_url": "/db",
      "query_url": "/queries?queries=",
      "fortune_url": "/fortunes",
      "update_url": "/updates?queries=",
      "plaintext_url": "/plaintext",
      "cached_query_url": "/cached-worlds?queries=",
      "port": 8080,
      "approach": "Realistic",
      "classification": "Platform",
      "database": "Postgres",
      "framework": "libh2o",
      "language": "C",
      "flavor": "None",
      "orm": "Raw",
      "platform": "None",
      "webserver": "h2o",
      "os": "Linux",
      "database_os": "Linux",
      "display_name": "H2O",
      "notes": ""
    }
  }]
}
