<?xml version="1.0" encoding="UTF-8"?>
<!DOCTYPE mapper PUBLIC "-//mybatis.org//DTD Mapper 3.0//EN" "http://mybatis.org/dtd/mybatis-3-mapper.dtd">

<mapper namespace="com.bootdo.oa.dao.LeaveDao">

	<select id="get" resultType="com.bootdo.oa.domain.LeaveDO">
		select `id`,`reason`,`start_time`,`end_time`,`direct_opinion`,`leader_opinion`,`hr_opinion` from oa_leave where id = #{value}
	</select>

	<select id="list" resultType="com.bootdo.oa.domain.LeaveDO">
		select `id`,`reason`,`start_time`,`end_time`,`direct_opinion`,`leader_opinion`,`hr_opinion` from oa_leave
        <where>  
		  		  <if test="id != null and id != ''"> and id = #{id} </if>
		  		  <if test="reason != null and reason != ''"> and reason = #{reason} </if>
		  		  <if test="startTime != null and startTime != ''"> and start_time = #{startTime} </if>
		  		  <if test="endTime != null and endTime != ''"> and end_time = #{endTime} </if>
		  		  <if test="directOpinion != null and directOpinion != ''"> and direct_opinion = #{directOpinion} </if>
		  		  <if test="leaderOpinion != null and leaderOpinion != ''"> and leader_opinion = #{leaderOpinion} </if>
		  		  <if test="hrOpinion != null and hrOpinion != ''"> and hr_opinion = #{hrOpinion} </if>
		  		</where>
        <choose>
            <when test="sort != null and sort.trim() != ''">
                order by ${sort} ${order}
            </when>
			<otherwise>
                order by id desc
			</otherwise>
        </choose>
		<if test="offset != null and limit != null">
			limit #{offset}, #{limit}
		</if>
	</select>
	
 	<select id="count" resultType="int">
		select count(*) from oa_leave
		 <where>  
		  		  <if test="id != null and id != ''"> and id = #{id} </if>
		  		  <if test="reason != null and reason != ''"> and reason = #{reason} </if>
		  		  <if test="startTime != null and startTime != ''"> and start_time = #{startTime} </if>
		  		  <if test="endTime != null and endTime != ''"> and end_time = #{endTime} </if>
		  		  <if test="directOpinion != null and directOpinion != ''"> and direct_opinion = #{directOpinion} </if>
		  		  <if test="leaderOpinion != null and leaderOpinion != ''"> and leader_opinion = #{leaderOpinion} </if>
		  		  <if test="hrOpinion != null and hrOpinion != ''"> and hr_opinion = #{hrOpinion} </if>
		  		</where>
	</select>
	 
	<insert id="save" parameterType="com.bootdo.oa.domain.LeaveDO">
		insert into oa_leave
		(
			`id`, 
			`reason`, 
			`start_time`, 
			`end_time`, 
			`direct_opinion`, 
			`leader_opinion`, 
			`hr_opinion`
		)
		values
		(
			#{id}, 
			#{reason}, 
			#{startTime}, 
			#{endTime}, 
			#{directOpinion}, 
			#{leaderOpinion}, 
			#{hrOpinion}
		)
	</insert>
	 
	<update id="update" parameterType="com.bootdo.oa.domain.LeaveDO">
		update oa_leave 
		<set>
			<if test="reason != null">`reason` = #{reason}, </if>
			<if test="startTime != null">`start_time` = #{startTime}, </if>
			<if test="endTime != null">`end_time` = #{endTime}, </if>
			<if test="directOpinion != null">`direct_opinion` = #{directOpinion}, </if>
			<if test="leaderOpinion != null">`leader_opinion` = #{leaderOpinion}, </if>
			<if test="hrOpinion != null">`hr_opinion` = #{hrOpinion}</if>
		</set>
		where id = #{id}
	</update>
	
	<delete id="remove">
		delete from oa_leave where id = #{value}
	</delete>
	
	<delete id="batchRemove">
		delete from oa_leave where id in 
		<foreach item="id" collection="array" open="(" separator="," close=")">
			#{id}
		</foreach>
	</delete>

</mapper>