{
  "name": "dbfreader",
  "parameter": {
    "column": [
      {
        "index": 0,
        "type": "string"
      },
      {
        "index": 1,
        "type": "long"
      },
      {
        "index": 2,
        "type": "string"
      },
      {
        "index": 3,
        "type": "boolean"
      },
      {
        "index": 4,
        "type": "string"
      },
      {
        "value": "dbf",
        "type": "string"
      }
    ],
    "path": [
      "/tmp/out",
      "/tmp/out2/*.dbf",
      "/tmp/out3/d[123].dbf"
    ],
    "encoding": "GBK"
  }
}