{
  "name": "dacapo_${BENCHMARK}",
  "setup": "bash -c \"mkdir -p ${OUTPUT_DIR}/${VARIANT}\"",
  "run": "bash -c \"java ${JAVA_OPTS} -jar ${DACAPO} --converge --scratch-directory=${OUTPUT_DIR}/${VARIANT}/scratch --latency-csv ${BENCHMARK} &> ${OUTPUT_DIR}/${VARIANT}/dacapo.log\"",
  "timeout": 150,
  "iterations": 1,
  "variants": {
    "${NO_AGENT_VARIANT}": {
      "env": {
        "VARIANT": "${NO_AGENT_VARIANT}",
        "JAVA_OPTS": ""
      }
    },
    "tracing": {
      "env": {
        "VARIANT": "tracing",
        "JAVA_OPTS": "-javaagent:${TRACER}"
      }
    },
    "profiling": {
      "env": {
        "VARIANT": "profiling",
        "JAVA_OPTS": "-javaagent:${TRACER} -Ddd.profiling.enabled=true"
      }
    },
    "appsec": {
      "env": {
        "VARIANT": "appsec",
        "JAVA_OPTS": "-javaagent:${TRACER} -Ddd.appsec.enabled=true -Ddd.iast.enabled=false"
      }
    },
    "iast": {
      "env": {
        "VARIANT": "iast",
        "JAVA_OPTS": "-javaagent:${TRACER} -Ddd.iast.enabled=true"
      }
    },
    "iast_GLOBAL": {
      "env": {
        "VARIANT": "iast_GLOBAL",
        "JAVA_OPTS": "-javaagent:${TRACER} -Ddd.iast.enabled=true -Ddd.iast.context.mode=GLOBAL"
      }
    }
  }
}
