{
    "description": "Instance without Deletion Protection",
    "rationale": "It is good practice to enable this feature on production instances, to ensure that they may not be deleted by accident.",
    "dashboard_name": "Instances",
    "display_path": "ecs.regions.id.instances.id",
    "path": "ecs.regions.id.instances.id",
    "conditions": [
        "and",
        [
            "ecs.regions.id.instances.id.deletion_protection",
            "false",
            ""
        ]
    ],
    "id_suffix": "deletion_protection"
}