<?xml version="1.0" encoding="UTF-8"?>
<beans xmlns="http://www.springframework.org/schema/beans"
    xmlns:xsi="http://www.w3.org/2001/XMLSchema-instance" 
    xmlns:context="http://www.springframework.org/schema/context"
    xmlns:rdb="http://www.dangdang.com/schema/ddframe/rdb" 
    xsi:schemaLocation="http://www.springframework.org/schema/beans 
                        http://www.springframework.org/schema/beans/spring-beans.xsd
                        http://www.springframework.org/schema/context 
                        http://www.springframework.org/schema/context/spring-context.xsd 
                        http://www.dangdang.com/schema/ddframe/rdb 
                        http://www.dangdang.com/schema/ddframe/rdb/rdb.xsd 
                        ">
   <!-- inline表达式报错 -->
   <context:property-placeholder  ignore-unresolvable="true"/> 
                       
    <!-- 主数据 -->
    <bean id="ds_2" class="com.alibaba.druid.pool.DruidDataSource" destroy-method="close" primary="true">
        <property name="driverClassName" value="com.mysql.jdbc.Driver" />
        <property name="url" value="jdbc:mysql://localhost:3306/ds_2?characterEncoding=utf-8" />
        <property name="username" value="root" />
        <property name="password" value="" />
    </bean>
    

    <!-- algorithm-class="com.fangjia.sharding.UserSingleKeyTableShardingAlgorithm" -->
     <!-- user_0,user_1,user_2,user_3 -->
    <rdb:strategy id="userTableStrategy" sharding-columns="id" algorithm-expression="user_${id.longValue() % 4}"/>
    <rdb:data-source id="dataSource">
        <rdb:sharding-rule data-sources="ds_2">
            <rdb:table-rules>
                <rdb:table-rule logic-table="user" actual-tables="user_${0..3}" table-strategy="userTableStrategy"/>
            </rdb:table-rules>
            <rdb:default-database-strategy sharding-columns="none" algorithm-class="com.dangdang.ddframe.rdb.sharding.api.strategy.database.NoneDatabaseShardingAlgorithm"/>
        </rdb:sharding-rule>
    </rdb:data-source>
    
    
    <!-- 增强版JdbcTemplate -->
    <bean id="cxytiandiJdbcTemplate" class="com.cxytiandi.jdbc.CxytiandiJdbcTemplate">
    	<property name="dataSource" ref="dataSource"/>
    	<constructor-arg>
    		<value>com.fangjia.sharding.po</value>
    	</constructor-arg>
    </bean>
    
</beans>