<?xml version="1.0" encoding="UTF-8"?>
<!--日志级别以及优先级排序: OFF > FATAL > ERROR > WARN > INFO > DEBUG > TRACE > ALL -->
<!--Configuration后面的status，这个用于设置log4j2自身内部的信息输出，可以不设置，当设置成trace时，你会看到log4j2内部各种详细输出-->
<!--monitorInterval：Log4j能够自动检测修改配置 文件和重新配置本身，可设置一个非零的间隔秒数来检测配置变更 -->
<Configuration status="WARN" monitorInterval="60">
    <Properties>
        <Property name="LOG_PATTERN">[%d{yyyy-MM-dd HH:mm:ss.SSS}] [%thread] [%-5level] [%class.%method\(%file:%line\)] - %X{traceId:-}%m%n</Property>
    </Properties>

    <Appenders>
        <Console name="CONSOLE" target="SYSTEM_OUT">
            <PatternLayout pattern="${LOG_PATTERN}"/>
        </Console>

        <RollingFile name="FILE" fileName="${sys:LOG_PATH}/${sys:LOG_FILE}.log" filePattern="${sys:LOG_PATH}/${sys:LOG_FILE}-%d{MM-dd-yyyy}-%i.log">
            <PatternLayout>
                <Pattern>${LOG_PATTERN}</Pattern>
            </PatternLayout>
            <Policies>
                <TimeBasedTriggeringPolicy/>
                <SizeBasedTriggeringPolicy size="100MB"/>
            </Policies>
            <DefaultRolloverStrategy max="20"/>
        </RollingFile>
    </Appenders>

    <Loggers>
        <Root level="INFO">
            <AppenderRef ref="CONSOLE"/>
            <AppenderRef ref="FILE"/>
        </Root>

        <Logger name="org.apache.flink" level="ERROR"/>
        <Logger name="com.penglecode.flink" level="DEBUG"/>
    </Loggers>
</Configuration>