{
  "variables": [
    {
      "valueTypeName": "float",
      "name": "counter",
      "id": 0,
      "initialValue": 3.14156
    }
  ],
  "nodes": [
    {
      "type": "lifecycle/onStart",
      "id": "0",
      "flows": {
        "flow": {
          "nodeId": "3",
          "socket": "flow"
        }
      }
    },
    {
      "type": "variable/get",
      "configuration": {
        "variableId": 0
      },
      "id": "1"
    },
    {
      "type": "math/toString/float",
      "id": "2",
      "parameters": {
        "a": {
          "link": {
            "nodeId": "1",
            "socket": "value"
          }
        }
      }
    },
    {
      "type": "debug/log",
      "id": "3",
      "parameters": {
        "text": {
          "link": {
            "nodeId": "2",
            "socket": "result"
          }
        }
      }
    }
  ]
}
