propertyName,defaultValue
alluxio.conf.dynamic.update.enabled,"false"
alluxio.debug,"false"
alluxio.exit.collect.info,"true"
alluxio.fuse.auth.policy.class,"alluxio.fuse.auth.LaunchUserGroupAuthPolicy"
alluxio.fuse.auth.policy.custom.group,""
alluxio.fuse.auth.policy.custom.user,""
alluxio.fuse.cached.paths.max,"500"
alluxio.fuse.debug.enabled,"false"
alluxio.fuse.fs.name,"alluxio-fuse"
alluxio.fuse.jnifuse.enabled,"true"
alluxio.fuse.jnifuse.libfuse.version,"2"
alluxio.fuse.logging.threshold,"10s"
alluxio.fuse.mount.alluxio.path,"/"
alluxio.fuse.mount.options,"attr_timeout=600,entry_timeout=600"
alluxio.fuse.mount.point,"/mnt/alluxio-fuse"
alluxio.fuse.shared.caching.reader.enabled,"false"
alluxio.fuse.special.command.enabled,"false"
alluxio.fuse.stat.cache.refresh.interval,"5min"
alluxio.fuse.umount.timeout,"0s"
alluxio.fuse.user.group.translation.enabled,"false"
alluxio.fuse.web.bind.host,"0.0.0.0"
alluxio.fuse.web.enabled,"false"
alluxio.fuse.web.hostname,""
alluxio.fuse.web.port,"49999"
alluxio.grpc.reflection.enabled,"false"
alluxio.hadoop.kerberos.keytab.login.autorenewal,""
alluxio.hadoop.security.authentication,""
alluxio.hadoop.security.krb5.conf,""
alluxio.home,"/opt/alluxio"
alluxio.job.batch.size,"20"
alluxio.job.master.bind.host,"0.0.0.0"
alluxio.job.master.client.threads,"1024"
alluxio.job.master.embedded.journal.addresses,""
alluxio.job.master.embedded.journal.port,"20003"
alluxio.job.master.finished.job.purge.count,"-1"
alluxio.job.master.finished.job.retention.time,"60sec"
alluxio.job.master.hostname,"${alluxio.master.hostname}"
alluxio.job.master.job.capacity,"100000"
alluxio.job.master.lost.worker.interval,"1sec"
alluxio.job.master.network.flowcontrol.window,"2MB"
alluxio.job.master.network.keepalive.time,"2h"
alluxio.job.master.network.keepalive.timeout,"30sec"
alluxio.job.master.network.max.inbound.message.size,"100MB"
alluxio.job.master.network.permit.keepalive.time,"30sec"
alluxio.job.master.rpc.addresses,""
alluxio.job.master.rpc.port,"20001"
alluxio.job.master.web.bind.host,"0.0.0.0"
alluxio.job.master.web.hostname,"${alluxio.job.master.hostname}"
alluxio.job.master.web.port,"20002"
alluxio.job.master.worker.heartbeat.interval,"1sec"
alluxio.job.master.worker.timeout,"60sec"
alluxio.job.request.batch.size,"1"
alluxio.job.retention.time,"1d"
alluxio.job.worker.bind.host,"0.0.0.0"
alluxio.job.worker.data.port,"30002"
alluxio.job.worker.hostname,"${alluxio.worker.hostname}"
alluxio.job.worker.rpc.port,"30001"
alluxio.job.worker.threadpool.size,"10"
alluxio.job.worker.throttling,"false"
alluxio.job.worker.web.bind.host,"0.0.0.0"
alluxio.job.worker.web.port,"30003"
alluxio.jvm.monitor.info.threshold,"1sec"
alluxio.jvm.monitor.sleep.interval,"1sec"
alluxio.jvm.monitor.warn.threshold,"10sec"
alluxio.leak.detector.exit.on.leak,"false"
alluxio.leak.detector.level,"DISABLED"
alluxio.locality.compare.node.ip,"false"
alluxio.logserver.hostname,""
alluxio.logserver.logs.dir,"${alluxio.work.dir}/logs"
alluxio.logserver.port,"45600"
alluxio.logserver.threads.max,"2048"
alluxio.logserver.threads.min,"512"
alluxio.metrics.conf.file,"${alluxio.conf.dir}/metrics.properties"
alluxio.metrics.executor.task.warn.frequency,"5sec"
alluxio.metrics.executor.task.warn.size,"1000"
alluxio.network.connection.auth.timeout,"30sec"
alluxio.network.connection.health.check.timeout,"5sec"
alluxio.network.connection.server.shutdown.timeout,"60sec"
alluxio.network.connection.shutdown.graceful.timeout,"45sec"
alluxio.network.connection.shutdown.timeout,"15sec"
alluxio.network.host.resolution.timeout,"5sec"
alluxio.network.ip.address.used,"false"
alluxio.proxy.audit.logging.enabled,"false"
alluxio.proxy.s3.bucket.naming.restrictions.enabled,"false"
alluxio.proxy.s3.bucketpathcache.timeout,"0min"
alluxio.proxy.s3.complete.multipart.upload.keepalive.enabled,"false"
alluxio.proxy.s3.complete.multipart.upload.keepalive.time.interval,"30sec"
alluxio.proxy.s3.complete.multipart.upload.min.part.size,"5MB"
alluxio.proxy.s3.complete.multipart.upload.pool.size,"20"
alluxio.proxy.s3.deletetype,"ALLUXIO_AND_UFS"
alluxio.proxy.s3.global.read.rate.limit.mb,"0"
alluxio.proxy.s3.header.metadata.max.size,"2KB"
alluxio.proxy.s3.multipart.upload.cleaner.enabled,"false"
alluxio.proxy.s3.multipart.upload.cleaner.pool.size,"1"
alluxio.proxy.s3.multipart.upload.cleaner.retry.count,"3"
alluxio.proxy.s3.multipart.upload.cleaner.retry.delay,"10sec"
alluxio.proxy.s3.multipart.upload.cleaner.timeout,"10min"
alluxio.proxy.s3.single.connection.read.rate.limit.mb,"0"
alluxio.proxy.s3.tagging.restrictions.enabled,"true"
alluxio.proxy.s3.v2.async.heavy.pool.core.thread.number,"8"
alluxio.proxy.s3.v2.async.heavy.pool.maximum.thread.number,"64"
alluxio.proxy.s3.v2.async.heavy.pool.queue.size,"65536"
alluxio.proxy.s3.v2.async.light.pool.core.thread.number,"8"
alluxio.proxy.s3.v2.async.light.pool.maximum.thread.number,"64"
alluxio.proxy.s3.v2.async.light.pool.queue.size,"65536"
alluxio.proxy.s3.v2.async.processing.enabled,"false"
alluxio.proxy.s3.v2.version.enabled,"true"
alluxio.proxy.s3.writetype,"CACHE_THROUGH"
alluxio.proxy.stream.cache.timeout,"1hour"
alluxio.proxy.web.bind.host,"0.0.0.0"
alluxio.proxy.web.hostname,""
alluxio.proxy.web.port,"39999"
alluxio.s3.rest.authentication.enabled,"false"
alluxio.s3.rest.authenticator.classname,"alluxio.proxy.s3.auth.PassAllAuthenticator"
alluxio.secondary.master.metastore.dir,"${alluxio.work.dir}/secondary-metastore"
alluxio.site.conf.dir,"${alluxio.conf.dir}/,${user.home}/.alluxio/,/etc/alluxio/"
alluxio.site.conf.rocks.block.file,""
alluxio.site.conf.rocks.inode.file,""
alluxio.standalone.fuse.jvm.monitor.enabled,"false"
alluxio.standby.master.metrics.sink.enabled,"false"
alluxio.standby.master.web.enabled,"false"
alluxio.table.catalog.path,"/catalog"
alluxio.table.catalog.udb.sync.timeout,"1h"
alluxio.table.enabled,"true"
alluxio.table.journal.partitions.chunk.size,"500"
alluxio.table.load.default.replication,"1"
alluxio.table.transform.manager.job.history.retention.time,"300sec"
alluxio.table.transform.manager.job.monitor.interval,"10s"
alluxio.table.udb.hive.clientpool.MAX,"256"
alluxio.table.udb.hive.clientpool.min,"16"
alluxio.test.deprecated.key,""
alluxio.tmp.dirs,"/tmp"
alluxio.underfs.allow.set.owner.failure,"false"
alluxio.underfs.cephfs.auth.id,"admin"
alluxio.underfs.cephfs.auth.key,""
alluxio.underfs.cephfs.auth.keyfile,""
alluxio.underfs.cephfs.auth.keyring,"/etc/ceph/ceph.client.admin.keyring"
alluxio.underfs.cephfs.conf.file,"/etc/ceph/ceph.conf"
alluxio.underfs.cephfs.conf.options,""
alluxio.underfs.cephfs.localize.reads,"false"
alluxio.underfs.cephfs.mds.namespace,""
alluxio.underfs.cephfs.mon.host,"0.0.0.0"
alluxio.underfs.cephfs.mount.gid,"0"
alluxio.underfs.cephfs.mount.point,"/"
alluxio.underfs.cephfs.mount.uid,"0"
alluxio.underfs.cleanup.enabled,"false"
alluxio.underfs.cleanup.interval,"1day"
alluxio.underfs.eventual.consistency.retry.base.sleep,"50ms"
alluxio.underfs.eventual.consistency.retry.max.num,"0"
alluxio.underfs.eventual.consistency.retry.max.sleep,"30sec"
alluxio.underfs.gcs.default.mode,"0700"
alluxio.underfs.gcs.directory.suffix,"/"
alluxio.underfs.gcs.owner.id.to.username.mapping,""
alluxio.underfs.gcs.retry.delay.multiplier,"2"
alluxio.underfs.gcs.retry.initial.delay,"1000"
alluxio.underfs.gcs.retry.jitter,"true"
alluxio.underfs.gcs.retry.max,"60"
alluxio.underfs.gcs.retry.max.delay,"1min"
alluxio.underfs.gcs.retry.total.duration,"5min"
alluxio.underfs.gcs.version,"2"
alluxio.underfs.hdfs.configuration,"${alluxio.conf.dir}/core-site.xml:${alluxio.conf.dir}/hdfs-site.xml"
alluxio.underfs.hdfs.impl,"org.apache.hadoop.hdfs.DistributedFileSystem"
alluxio.underfs.hdfs.prefixes,"hdfs://,glusterfs:///"
alluxio.underfs.hdfs.remote,"true"
alluxio.underfs.io.threads,"Use 3*{CPU core count} for UFS IO."
alluxio.underfs.kodo.connect.timeout,"50sec"
alluxio.underfs.kodo.downloadhost,""
alluxio.underfs.kodo.endpoint,""
alluxio.underfs.kodo.requests.max,"64"
alluxio.underfs.listing.length,"1000"
alluxio.underfs.local.skip.broken.symlinks,"false"
alluxio.underfs.logging.threshold,"10s"
alluxio.underfs.object.store.breadcrumbs.enabled,"true"
alluxio.underfs.object.store.mount.shared.publicly,"false"
alluxio.underfs.object.store.multi.range.chunk.size,"${alluxio.user.block.size.bytes.default}"
alluxio.underfs.object.store.service.threads,"20"
alluxio.underfs.object.store.skip.parent.directory.creation,"true"
alluxio.underfs.object.store.streaming.upload.part.timeout,""
alluxio.underfs.obs.intermediate.upload.clean.age,"3day"
alluxio.underfs.obs.streaming.upload.enabled,"false"
alluxio.underfs.obs.streaming.upload.partition.size,"64MB"
alluxio.underfs.obs.streaming.upload.threads,"20"
alluxio.underfs.oss.connection.max,"1024"
alluxio.underfs.oss.connection.timeout,"50sec"
alluxio.underfs.oss.connection.ttl,"-1"
alluxio.underfs.oss.ecs.ram.role,""
alluxio.underfs.oss.intermediate.upload.clean.age,"3day"
alluxio.underfs.oss.retry.max,"3"
alluxio.underfs.oss.socket.timeout,"50sec"
alluxio.underfs.oss.streaming.upload.enabled,"false"
alluxio.underfs.oss.streaming.upload.partition.size,"64MB"
alluxio.underfs.oss.streaming.upload.threads,"20"
alluxio.underfs.oss.sts.ecs.metadata.service.endpoint,"http://100.100.100.200/latest/meta-data/ram/security-credentials/"
alluxio.underfs.oss.sts.enabled,"false"
alluxio.underfs.oss.sts.token.refresh.interval.ms,"30m"
alluxio.underfs.ozone.prefixes,"o3fs://,ofs://"
alluxio.underfs.persistence.async.temp.dir,".alluxio_ufs_persistence"
alluxio.underfs.s3.admin.threads.max,"20"
alluxio.underfs.s3.connection.ttl,"-1"
alluxio.underfs.s3.default.mode,"0700"
alluxio.underfs.s3.directory.suffix,"/"
alluxio.underfs.s3.disable.dns.buckets,"false"
alluxio.underfs.s3.endpoint,""
alluxio.underfs.s3.endpoint.region,""
alluxio.underfs.s3.inherit.acl,"true"
alluxio.underfs.s3.intermediate.upload.clean.age,"3day"
alluxio.underfs.s3.list.objects.v1,"false"
alluxio.underfs.s3.max.error.retry,""
alluxio.underfs.s3.owner.id.to.username.mapping,""
alluxio.underfs.s3.proxy.host,""
alluxio.underfs.s3.proxy.port,""
alluxio.underfs.s3.region,""
alluxio.underfs.s3.request.timeout,"1min"
alluxio.underfs.s3.secure.http.enabled,"false"
alluxio.underfs.s3.server.side.encryption.enabled,"false"
alluxio.underfs.s3.signer.algorithm,""
alluxio.underfs.s3.socket.timeout,"50sec"
alluxio.underfs.s3.streaming.upload.enabled,"false"
alluxio.underfs.s3.streaming.upload.partition.size,"64MB"
alluxio.underfs.s3.threads.max,"40"
alluxio.underfs.s3.upload.threads.max,"20"
alluxio.underfs.strict.version.match.enabled,"false"
alluxio.underfs.web.connnection.timeout,"60s"
alluxio.underfs.web.header.last.modified,"EEE, dd MMM yyyy HH:mm:ss zzz"
alluxio.underfs.web.parent.names,"Parent Directory,..,../"
alluxio.underfs.web.titles,"Index of,Directory listing for"
alluxio.web.cors.allow.credential,"false"
alluxio.web.cors.allow.headers,"*"
alluxio.web.cors.allow.methods,"*"
alluxio.web.cors.allow.origins,"*"
alluxio.web.cors.enabled,"false"
alluxio.web.cors.exposed.headers,"*"
alluxio.web.cors.max.age,"-1"
alluxio.web.file.info.enabled,"true"
alluxio.web.refresh.interval,"15s"
alluxio.web.threaddump.log.enabled,"false"
alluxio.web.threads,"1"
alluxio.web.ui.enabled,"true"
alluxio.work.dir,"${alluxio.home}"
alluxio.zookeeper.address,""
alluxio.zookeeper.auth.enabled,"true"
alluxio.zookeeper.connection.timeout,"15s"
alluxio.zookeeper.election.path,"/alluxio/election"
alluxio.zookeeper.enabled,"false"
alluxio.zookeeper.job.election.path,"/alluxio/job_election"
alluxio.zookeeper.job.leader.path,"/alluxio/job_leader"
alluxio.zookeeper.leader.connection.error.policy,"SESSION"
alluxio.zookeeper.leader.inquiry.retry,"10"
alluxio.zookeeper.leader.path,"/alluxio/leader"
alluxio.zookeeper.session.timeout,"60s"
fs.azure.account.oauth2.client.endpoint,""
fs.azure.account.oauth2.client.id,""
fs.azure.account.oauth2.client.secret,""
fs.azure.account.oauth2.msi.endpoint,""
fs.azure.account.oauth2.msi.tenant,""
fs.cos.access.key,""
fs.cos.app.id,""
fs.cos.connection.max,"1024"
fs.cos.connection.timeout,"50sec"
fs.cos.region,""
fs.cos.secret.key,""
fs.cos.socket.timeout,"50sec"
fs.gcs.accessKeyId,""
fs.gcs.credential.path,""
fs.gcs.secretAccessKey,""
fs.kodo.accesskey,""
fs.kodo.secretkey,""
fs.obs.accessKey,""
fs.obs.bucketType,"obs"
fs.obs.endpoint,"obs.myhwclouds.com"
fs.obs.secretKey,""
fs.oss.accessKeyId,""
fs.oss.accessKeySecret,""
fs.oss.endpoint,""
fs.swift.auth.method,""
fs.swift.auth.url,""
fs.swift.password,""
fs.swift.region,""
fs.swift.simulation,""
fs.swift.tenant,""
fs.swift.user,""
s3a.accessKeyId,""
s3a.secretKey,""
