propertyName,defaultValue
alluxio.user.app.id,""
alluxio.user.block.avoid.eviction.policy.reserved.size.bytes,"0MB"
alluxio.user.block.master.client.pool.gc.interval,"120sec"
alluxio.user.block.master.client.pool.gc.threshold,"120sec"
alluxio.user.block.master.client.pool.size.max,"500"
alluxio.user.block.master.client.pool.size.min,"0"
alluxio.user.block.read.metrics.enabled,"false"
alluxio.user.block.read.retry.max.duration,"5min"
alluxio.user.block.read.retry.sleep.base,"250ms"
alluxio.user.block.read.retry.sleep.max,"2sec"
alluxio.user.block.size.bytes.default,"64MB"
alluxio.user.block.worker.client.pool.gc.threshold,"300sec"
alluxio.user.block.worker.client.pool.max,"1024"
alluxio.user.block.write.location.policy.class,"alluxio.client.block.policy.LocalFirstPolicy"
alluxio.user.client.cache.async.restore.enabled,"true"
alluxio.user.client.cache.async.write.enabled,"false"
alluxio.user.client.cache.async.write.threads,"16"
alluxio.user.client.cache.dirs,"/tmp/alluxio_cache"
alluxio.user.client.cache.enabled,"false"
alluxio.user.client.cache.eviction.retries,"10"
alluxio.user.client.cache.evictor.class,"alluxio.client.file.cache.evictor.LRUCacheEvictor"
alluxio.user.client.cache.evictor.lfu.logbase,"2.0"
alluxio.user.client.cache.evictor.nondeterministic.enabled,"false"
alluxio.user.client.cache.filter.class,"alluxio.client.file.cache.filter.DefaultCacheFilter"
alluxio.user.client.cache.filter.config-file,"${alluxio.conf.dir}/cache_filter.properties"
alluxio.user.client.cache.instream_buffer_size,"0B"
alluxio.user.client.cache.local.store.file.buckets,"1000"
alluxio.user.client.cache.page.size,"1MB"
alluxio.user.client.cache.quota.enabled,"false"
alluxio.user.client.cache.shadow.bloomfilter.num,"4"
alluxio.user.client.cache.shadow.cuckoo.clock.bits,"6"
alluxio.user.client.cache.shadow.cuckoo.scope.bits,"8"
alluxio.user.client.cache.shadow.cuckoo.size.bits,"20"
alluxio.user.client.cache.shadow.cuckoo.size.encoder.enabled,"false"
alluxio.user.client.cache.shadow.cuckoo.size.prefix.bits,"8"
alluxio.user.client.cache.shadow.cuckoo.size.suffix.bits,"12"
alluxio.user.client.cache.shadow.enabled,"false"
alluxio.user.client.cache.shadow.memory.overhead,"125MB"
alluxio.user.client.cache.shadow.type,"CLOCK_CUCKOO_FILTER"
alluxio.user.client.cache.shadow.window,"24h"
alluxio.user.client.cache.size,"512MB"
alluxio.user.client.cache.store.overhead,""
alluxio.user.client.cache.store.type,"LOCAL"
alluxio.user.client.cache.timeout.duration,"-1"
alluxio.user.client.cache.timeout.threads,"32"
alluxio.user.client.cache.ttl.check.interval.seconds,"3600"
alluxio.user.client.cache.ttl.enabled,"false"
alluxio.user.client.cache.ttl.threshold.seconds,"10800"
alluxio.user.client.report.version.enabled,"false"
alluxio.user.conf.cluster.default.enabled,"true"
alluxio.user.conf.sync.interval,"1min"
alluxio.user.date.format.pattern,"MM-dd-yyyy HH:mm:ss:SSS"
alluxio.user.file.buffer.bytes,"8MB"
alluxio.user.file.copyfromlocal.block.location.policy.class,"alluxio.client.block.policy.RoundRobinPolicy"
alluxio.user.file.create.ttl,"-1"
alluxio.user.file.create.ttl.action,"FREE"
alluxio.user.file.delete.unchecked,"false"
alluxio.user.file.include.operation.id,"true"
alluxio.user.file.master.client.pool.gc.interval,"120sec"
alluxio.user.file.master.client.pool.gc.threshold,"120sec"
alluxio.user.file.master.client.pool.size.max,"500"
alluxio.user.file.master.client.pool.size.min,"0"
alluxio.user.file.metadata.load.type,"ONCE"
alluxio.user.file.metadata.sync.interval,"-1"
alluxio.user.file.passive.cache.enabled,"true"
alluxio.user.file.persist.on.rename,"false"
alluxio.user.file.persistence.initial.wait.time,"0"
alluxio.user.file.readtype.default,"CACHE"
alluxio.user.file.replication.durable,"1"
alluxio.user.file.replication.max,"-1"
alluxio.user.file.replication.min,"0"
alluxio.user.file.reserved.bytes,"${alluxio.user.block.size.bytes.default}"
alluxio.user.file.sequential.pread.threshold,"2MB"
alluxio.user.file.target.media,""
alluxio.user.file.ufs.tier.enabled,"false"
alluxio.user.file.waitcompleted.poll,"1sec"
alluxio.user.file.write.init.max.duration,"2min"
alluxio.user.file.write.init.sleep.max,"5sec"
alluxio.user.file.write.init.sleep.min,"1sec"
alluxio.user.file.write.tier.default,"0"
alluxio.user.file.writetype.default,"ASYNC_THROUGH"
alluxio.user.hdfs.client.exclude.mount.info.on.list.status,"false"
alluxio.user.hostname,""
alluxio.user.local.reader.chunk.size.bytes,"8MB"
alluxio.user.local.writer.chunk.size.bytes,"64KB"
alluxio.user.logging.threshold,"10s"
alluxio.user.master.polling.timeout,"30sec"
alluxio.user.metadata.cache.enabled,"false"
alluxio.user.metadata.cache.expiration.time,"10min"
alluxio.user.metadata.cache.max.size,"100000"
alluxio.user.metrics.collection.enabled,"true"
alluxio.user.metrics.heartbeat.interval,"10sec"
alluxio.user.network.data.timeout,""
alluxio.user.network.flowcontrol.window,""
alluxio.user.network.keepalive.time,""
alluxio.user.network.keepalive.timeout,""
alluxio.user.network.max.inbound.message.size,""
alluxio.user.network.netty.channel,""
alluxio.user.network.netty.worker.threads,""
alluxio.user.network.reader.buffer.size.messages,""
alluxio.user.network.reader.chunk.size.bytes,""
alluxio.user.network.rpc.flowcontrol.window,"2MB"
alluxio.user.network.rpc.keepalive.time,"30sec"
alluxio.user.network.rpc.keepalive.timeout,"30sec"
alluxio.user.network.rpc.max.connections,"1"
alluxio.user.network.rpc.max.inbound.message.size,"100MB"
alluxio.user.network.rpc.netty.channel,"EPOLL"
alluxio.user.network.rpc.netty.worker.threads,"0"
alluxio.user.network.streaming.flowcontrol.window,"2MB"
alluxio.user.network.streaming.keepalive.time,"9223372036854775807"
alluxio.user.network.streaming.keepalive.timeout,"30sec"
alluxio.user.network.streaming.max.connections,"64"
alluxio.user.network.streaming.max.inbound.message.size,"100MB"
alluxio.user.network.streaming.netty.channel,"EPOLL"
alluxio.user.network.streaming.netty.worker.threads,"0"
alluxio.user.network.writer.buffer.size.messages,""
alluxio.user.network.writer.chunk.size.bytes,""
alluxio.user.network.writer.close.timeout,""
alluxio.user.network.writer.flush.timeout,""
alluxio.user.network.zerocopy.enabled,""
alluxio.user.rpc.retry.base.sleep,"50ms"
alluxio.user.rpc.retry.max.duration,"2min"
alluxio.user.rpc.retry.max.sleep,"3sec"
alluxio.user.rpc.shuffle.masters.enabled,"false"
alluxio.user.short.circuit.enabled,"true"
alluxio.user.short.circuit.preferred,"false"
alluxio.user.streaming.data.read.timeout,"3m"
alluxio.user.streaming.data.write.timeout,"3m"
alluxio.user.streaming.reader.buffer.size.messages,"16"
alluxio.user.streaming.reader.chunk.size.bytes,"1MB"
alluxio.user.streaming.reader.close.timeout,"5s"
alluxio.user.streaming.writer.buffer.size.messages,"16"
alluxio.user.streaming.writer.chunk.size.bytes,"1MB"
alluxio.user.streaming.writer.close.timeout,"30min"
alluxio.user.streaming.writer.flush.timeout,"30min"
alluxio.user.streaming.zerocopy.enabled,"true"
alluxio.user.ufs.block.location.all.fallback.enabled,"true"
alluxio.user.ufs.block.read.concurrency.max,"2147483647"
alluxio.user.ufs.block.read.location.policy,"alluxio.client.block.policy.LocalFirstPolicy"
alluxio.user.ufs.block.read.location.policy.cache.expiration.time,"10min"
alluxio.user.ufs.block.read.location.policy.cache.size,"10000"
alluxio.user.ufs.block.read.location.policy.deterministic.hash.shards,"1"
alluxio.user.worker.list.refresh.interval,"2min"
