{
    "author": {
        "name": "Singly, Inc.",
        "email": "nerds@singly.com"
    },
    "name": "devdocs",
    "description": "Roll up your sleeves and grab a soda/beer, let's pop open the hood on this thing and see what makes it go.",
    "version": "0.0.5",
    "homepage": "https://github.com/LockerProject/locker",
    "engines": {
        "node": ">=0.4.9"
    },
    "dependencies": {},
    "devDependencies": {},
    "type": "app",
    "title": "DevDocs",
    "status": "stable",
    "static": true,
    "handle": "devdocs",
    "update": true,
    "hidden": true,
    "github": "https://github.com/LockerProject/locker",
    "url": "",
    "upserted": 1768097745333,
    "manifest": "Apps/DevDocs/package.json",
    "srcdir": "Apps/DevDocs",
    "provider": "devdocs",
    "id": "devdocs",
    "installed": 1768094646010,
    "uri": "http://localhost:8042/Me/devdocs/",
    "externalUri": "http://localhost:40271/Me/devdocs/",
    "loaded": 1768097745323
}