<?xml version="1.0" encoding="UTF-8"?>

<skins> 
	<config> 
		<enable>false</enable>  
		<customDir>skins/test</customDir> 
	</config>  
	<font> 
		<name>WenQuanYi Micro Hei</name>  
		<source>file</source>  
		<size>13</size>  
		<file>font/wqy-microhei.ttc</file> 
	</font>  
	<window> 
		<titleColor>#FFFFFF</titleColor>  
		<titleIcon>window/icons/title_icon.png</titleIcon>  
		<titleWIcon>window/icons/title_w_icon.png</titleWIcon>  
		<skin>window/icons/skin.png</skin>  
		<skinActive>window/icons/skin_active.png</skinActive>  
		<setting>window/icons/setting.png</setting>  
		<settingActive>window/icons/setting_active.png</settingActive>  
		<close>window/icons/close.png</close>  
		<closeActive>window/icons/close_active.png</closeActive>  
		<minimize>window/icons/minimize.png</minimize>  
		<minimizeActive>window/icons/minimize_active.png</minimizeActive>  
		<maximize>window/icons/maximize.png</maximize>  
		<maximizeActive>window/icons/maximize_active.png</maximizeActive>  
		<restore>window/icons/restore.png</restore>  
		<restoreActive>window/icons/restore_active.png</restoreActive>  
		<background>window/bg/window_bg.9.png</background>  
		<transparent>window/bg/transparent.9.png</transparent> 
	</window>  
	<login> 
		<labelColor>#006dcc</labelColor>  
		<checkBoxColor>#666666</checkBoxColor>  
		<keyIcon>login/icons/key.png</keyIcon>  
		<settingIcon>login/icons/setting.png</settingIcon>  
		<settingActvie>login/icons/setting_active.png</settingActvie>  
		<background>login/bg/login_bg2.9.png</background>  
		<footerBackground>login/bg/footer_bg.9.png</footerBackground> 
	</login>  
	<skin> 
		<skinIcon>skin/icons/skin_icon.png</skinIcon>  
		<background>skin/bg/8.9.png</background> 
	</skin>  
	<main> 
		<searchIcon>main/icons/search_icon.png</searchIcon>  
		<searchBg>main/bg/search_bg.9.png</searchBg>  
		<tabBoddyIcon>main/icons/tab_boddy.png</tabBoddyIcon>  
		<tabGroupIcon>main/icons/tab_group.png</tabGroupIcon>  
		<tabRecentIcon>main/icons/tab_recent.png</tabRecentIcon>  
		<tabBg>main/bg/tab_bg.9.png</tabBg>  
		<arrowLeft>main/icons/arrow_left.png</arrowLeft>  
		<arrowDown>main/icons/arrow_down.png</arrowDown>  
		<toolbar> 
			<add>main/icons/toolbar/add.png</add>  
			<mail>main/icons/toolbar/mail.png</mail>  
			<msg>main/icons/toolbar/msgrecode.png</msg>  
			<qzone>main/icons/toolbar/qzone.png</qzone>  
			<setting>main/icons/toolbar/setting.png</setting>  
			<weibo>main/icons/toolbar/weibo.png</weibo>  
			<msgNew>main/icons/toolbar/msg_new.png</msgNew>  
			<msgNormal>main/icons/toolbar/msg_normal.png</msgNormal> 
		</toolbar> 
	</main>  
	<chat> 
		<settingIcon>chat/icons/setting_icon.png</settingIcon>  
		<navBg>chat/bg/nav_bg.9.png</navBg>  
		<toolbar> 
			<text>chat/icons/inputbar/text.png</text>  
			<emoticon>chat/icons/inputbar/emoticon.png</emoticon>  
			<history>chat/icons/inputbar/history.png</history>  
			<noMessage>chat/icons/inputbar/noMessage.png</noMessage>  
			<offMessage>chat/icons/inputbar/offMessage.png</offMessage>  
			<pictures>chat/icons/inputbar/pictures.png</pictures>  
			<screenCapture>chat/icons/inputbar/screenCapture.png</screenCapture>  
			<shake>chat/icons/inputbar/shake.png</shake>  
			<send>chat/icons/inputbar/send.png</send> 
		</toolbar>  
		<balloon> 
			<left> 
				<blue>chat/bg/balloon/balloon_left_blue.9.png</blue>  
				<green>chat/bg/balloon/balloon_left_green.9.png</green>  
				<white>chat/bg/balloon/balloon_left_white.9.png</white> 
			</left>  
			<right> 
				<grey>chat/bg/balloon/balloon_right_grey.9.png</grey>  
				<blue>chat/bg/balloon/balloon_right_blue.9.png</blue> 
			</right> 
		</balloon> 
	</chat> 
</skins>
