{
  "id": "2326639",
  "name": "JAVA 后台图标",
  "font_family": "iconfont",
  "css_prefix_text": "icon",
  "description": "",
  "glyphs": [
    {
      "icon_id": "22329862",
      "name": "drag2",
      "font_class": "drag2",
      "unicode": "e6ac",
      "unicode_decimal": 59052
    },
    {
      "icon_id": "15811115",
      "name": "line-add commodity",
      "font_class": "line-addcommodity",
      "unicode": "e65c",
      "unicode_decimal": 58972
    },
    {
      "icon_id": "15811123",
      "name": "line-achievement",
      "font_class": "line-achievement",
      "unicode": "e65d",
      "unicode_decimal": 58973
    },
    {
      "icon_id": "15811124",
      "name": "line-check",
      "font_class": "line-check",
      "unicode": "e65e",
      "unicode_decimal": 58974
    },
    {
      "icon_id": "15811127",
      "name": "line-coin",
      "font_class": "line-coin",
      "unicode": "e65f",
      "unicode_decimal": 58975
    },
    {
      "icon_id": "15811129",
      "name": "line-applets",
      "font_class": "line-applets",
      "unicode": "e660",
      "unicode_decimal": 58976
    },
    {
      "icon_id": "15811132",
      "name": "line-company",
      "font_class": "line-company",
      "unicode": "e661",
      "unicode_decimal": 58977
    },
    {
      "icon_id": "15811134",
      "name": "line-an crown",
      "font_class": "line-ancrown",
      "unicode": "e662",
      "unicode_decimal": 58978
    },
    {
      "icon_id": "15811171",
      "name": "line-label",
      "font_class": "line-label",
      "unicode": "e665",
      "unicode_decimal": 58981
    },
    {
      "icon_id": "15811172",
      "name": "line-order",
      "font_class": "line-order",
      "unicode": "e667",
      "unicode_decimal": 58983
    },
    {
      "icon_id": "15811180",
      "name": "line-purchase",
      "font_class": "line-purchase",
      "unicode": "e669",
      "unicode_decimal": 58985
    },
    {
      "icon_id": "15811190",
      "name": "line-service",
      "font_class": "line-service",
      "unicode": "e66e",
      "unicode_decimal": 58990
    },
    {
      "icon_id": "15811193",
      "name": "line-shop",
      "font_class": "line-shop",
      "unicode": "e66f",
      "unicode_decimal": 58991
    },
    {
      "icon_id": "15811195",
      "name": "line-system",
      "font_class": "line-system",
      "unicode": "e670",
      "unicode_decimal": 58992
    },
    {
      "icon_id": "15811197",
      "name": "line-shipment",
      "font_class": "line-shipment",
      "unicode": "e671",
      "unicode_decimal": 58993
    },
    {
      "icon_id": "15811204",
      "name": "line-team",
      "font_class": "line-team",
      "unicode": "e672",
      "unicode_decimal": 58994
    },
    {
      "icon_id": "15811208",
      "name": "line-statistics",
      "font_class": "line-statistics",
      "unicode": "e673",
      "unicode_decimal": 58995
    },
    {
      "icon_id": "15811211",
      "name": "line-wallet",
      "font_class": "line-wallet",
      "unicode": "e674",
      "unicode_decimal": 58996
    },
    {
      "icon_id": "15811212",
      "name": "line-work set",
      "font_class": "line-workset",
      "unicode": "e675",
      "unicode_decimal": 58997
    },
    {
      "icon_id": "16440900",
      "name": "line-organizational",
      "font_class": "line-organizational",
      "unicode": "e6a2",
      "unicode_decimal": 59042
    },
    {
      "icon_id": "16440909",
      "name": "line-shopping cart",
      "font_class": "line-shoppingcart",
      "unicode": "e6a9",
      "unicode_decimal": 59049
    },
    {
      "icon_id": "16440911",
      "name": "line-purchase",
      "font_class": "line-purchase1",
      "unicode": "e6a5",
      "unicode_decimal": 59045
    },
    {
      "icon_id": "16440916",
      "name": "line-template",
      "font_class": "line-template",
      "unicode": "e6ab",
      "unicode_decimal": 59051
    },
    {
      "icon_id": "9457016",
      "name": "md-heart-empty",
      "font_class": "md-heart-empty",
      "unicode": "e75f",
      "unicode_decimal": 59231
    },
    {
      "icon_id": "9457185",
      "name": "ios-remove-circle-outline",
      "font_class": "ios-remove-circle-outline",
      "unicode": "e760",
      "unicode_decimal": 59232
    },
    {
      "icon_id": "9457190",
      "name": "ios-notifications-outline",
      "font_class": "ios-notifications-outline",
      "unicode": "e761",
      "unicode_decimal": 59233
    },
    {
      "icon_id": "9457206",
      "name": "ios-resize",
      "font_class": "ios-resize",
      "unicode": "e762",
      "unicode_decimal": 59234
    },
    {
      "icon_id": "9457207",
      "name": "ios-shuffle",
      "font_class": "ios-shuffle",
      "unicode": "e763",
      "unicode_decimal": 59235
    },
    {
      "icon_id": "9457211",
      "name": "ios-return-left",
      "font_class": "ios-return-left",
      "unicode": "e764",
      "unicode_decimal": 59236
    },
    {
      "icon_id": "9457219",
      "name": "ios-swap",
      "font_class": "ios-swap",
      "unicode": "e765",
      "unicode_decimal": 59237
    },
    {
      "icon_id": "9457226",
      "name": "ios-search",
      "font_class": "ios-search",
      "unicode": "e766",
      "unicode_decimal": 59238
    },
    {
      "icon_id": "9457231",
      "name": "ios-repeat",
      "font_class": "ios-repeat",
      "unicode": "e767",
      "unicode_decimal": 59239
    },
    {
      "icon_id": "9457236",
      "name": "ios-qr-scanner",
      "font_class": "ios-qr-scanner",
      "unicode": "e768",
      "unicode_decimal": 59240
    },
    {
      "icon_id": "9457240",
      "name": "ios-trending-up",
      "font_class": "ios-trending-up",
      "unicode": "e769",
      "unicode_decimal": 59241
    },
    {
      "icon_id": "9457247",
      "name": "ios-refresh",
      "font_class": "ios-refresh",
      "unicode": "e76a",
      "unicode_decimal": 59242
    },
    {
      "icon_id": "9457458",
      "name": "ios-crop",
      "font_class": "ios-crop",
      "unicode": "e76b",
      "unicode_decimal": 59243
    },
    {
      "icon_id": "9457474",
      "name": "ios-female",
      "font_class": "ios-female",
      "unicode": "e76c",
      "unicode_decimal": 59244
    },
    {
      "icon_id": "9457548",
      "name": "ios-male",
      "font_class": "ios-male",
      "unicode": "e76d",
      "unicode_decimal": 59245
    },
    {
      "icon_id": "9456861",
      "name": "md-wallet",
      "font_class": "md-wallet",
      "unicode": "e6e8",
      "unicode_decimal": 59112
    },
    {
      "icon_id": "9456864",
      "name": "md-train",
      "font_class": "md-train",
      "unicode": "e6e9",
      "unicode_decimal": 59113
    },
    {
      "icon_id": "9456959",
      "name": "md-bookmarks",
      "font_class": "md-bookmarks",
      "unicode": "e6ea",
      "unicode_decimal": 59114
    },
    {
      "icon_id": "9456960",
      "name": "md-basket",
      "font_class": "md-basket",
      "unicode": "e6eb",
      "unicode_decimal": 59115
    },
    {
      "icon_id": "9456964",
      "name": "md-build",
      "font_class": "md-build",
      "unicode": "e6ec",
      "unicode_decimal": 59116
    },
    {
      "icon_id": "9456967",
      "name": "md-boat",
      "font_class": "md-boat",
      "unicode": "e6ed",
      "unicode_decimal": 59117
    },
    {
      "icon_id": "9456969",
      "name": "md-chatbubbles",
      "font_class": "md-chatbubbles",
      "unicode": "e6ee",
      "unicode_decimal": 59118
    },
    {
      "icon_id": "9456988",
      "name": "md-compass",
      "font_class": "md-compass",
      "unicode": "e6ef",
      "unicode_decimal": 59119
    },
    {
      "icon_id": "9456991",
      "name": "md-bowtie",
      "font_class": "md-bowtie",
      "unicode": "e6f0",
      "unicode_decimal": 59120
    },
    {
      "icon_id": "9456992",
      "name": "md-camera",
      "font_class": "md-camera",
      "unicode": "e6f1",
      "unicode_decimal": 59121
    },
    {
      "icon_id": "9456993",
      "name": "md-cloudy",
      "font_class": "md-cloudy",
      "unicode": "e6f2",
      "unicode_decimal": 59122
    },
    {
      "icon_id": "9456995",
      "name": "md-cafe",
      "font_class": "md-cafe",
      "unicode": "e6f3",
      "unicode_decimal": 59123
    },
    {
      "icon_id": "9456996",
      "name": "md-document",
      "font_class": "md-document",
      "unicode": "e6f4",
      "unicode_decimal": 59124
    },
    {
      "icon_id": "9456999",
      "name": "md-color-palette",
      "font_class": "md-color-palette",
      "unicode": "e6f5",
      "unicode_decimal": 59125
    },
    {
      "icon_id": "9457000",
      "name": "md-disc",
      "font_class": "md-disc",
      "unicode": "e6f6",
      "unicode_decimal": 59126
    },
    {
      "icon_id": "9457006",
      "name": "md-flask",
      "font_class": "md-flask",
      "unicode": "e6f7",
      "unicode_decimal": 59127
    },
    {
      "icon_id": "9457015",
      "name": "md-cube",
      "font_class": "md-cube",
      "unicode": "e6f8",
      "unicode_decimal": 59128
    },
    {
      "icon_id": "9457022",
      "name": "md-help-buoy",
      "font_class": "md-help-buoy",
      "unicode": "e6f9",
      "unicode_decimal": 59129
    },
    {
      "icon_id": "9457025",
      "name": "md-cart",
      "font_class": "md-cart",
      "unicode": "e6fa",
      "unicode_decimal": 59130
    },
    {
      "icon_id": "9457033",
      "name": "md-chatboxes",
      "font_class": "md-chatboxes",
      "unicode": "e6fb",
      "unicode_decimal": 59131
    },
    {
      "icon_id": "9457034",
      "name": "md-image",
      "font_class": "md-image",
      "unicode": "e6fc",
      "unicode_decimal": 59132
    },
    {
      "icon_id": "9457042",
      "name": "md-ice-cream",
      "font_class": "md-ice-cream",
      "unicode": "e6fd",
      "unicode_decimal": 59133
    },
    {
      "icon_id": "9457045",
      "name": "md-jet",
      "font_class": "md-jet",
      "unicode": "e6fe",
      "unicode_decimal": 59134
    },
    {
      "icon_id": "9457048",
      "name": "md-film",
      "font_class": "md-film",
      "unicode": "e6ff",
      "unicode_decimal": 59135
    },
    {
      "icon_id": "9457055",
      "name": "md-cloudy-night",
      "font_class": "md-cloudy-night",
      "unicode": "e700",
      "unicode_decimal": 59136
    },
    {
      "icon_id": "9457057",
      "name": "md-flower",
      "font_class": "md-flower",
      "unicode": "e701",
      "unicode_decimal": 59137
    },
    {
      "icon_id": "9457058",
      "name": "md-nutrition",
      "font_class": "md-nutrition",
      "unicode": "e702",
      "unicode_decimal": 59138
    },
    {
      "icon_id": "9457059",
      "name": "md-medal",
      "font_class": "md-medal",
      "unicode": "e703",
      "unicode_decimal": 59139
    },
    {
      "icon_id": "9457061",
      "name": "md-cloud-circle",
      "font_class": "md-cloud-circle",
      "unicode": "e704",
      "unicode_decimal": 59140
    },
    {
      "icon_id": "9457073",
      "name": "md-contact",
      "font_class": "md-contact",
      "unicode": "e705",
      "unicode_decimal": 59141
    },
    {
      "icon_id": "9457076",
      "name": "md-microphone",
      "font_class": "md-microphone",
      "unicode": "e706",
      "unicode_decimal": 59142
    },
    {
      "icon_id": "9457079",
      "name": "md-contrast",
      "font_class": "md-contrast",
      "unicode": "e707",
      "unicode_decimal": 59143
    },
    {
      "icon_id": "9457084",
      "name": "md-person-add",
      "font_class": "md-person-add",
      "unicode": "e708",
      "unicode_decimal": 59144
    },
    {
      "icon_id": "9457092",
      "name": "md-easel",
      "font_class": "md-easel",
      "unicode": "e709",
      "unicode_decimal": 59145
    },
    {
      "icon_id": "9457093",
      "name": "md-partly-sunny",
      "font_class": "md-partly-sunny",
      "unicode": "e70a",
      "unicode_decimal": 59146
    },
    {
      "icon_id": "9457104",
      "name": "md-outlet",
      "font_class": "md-outlet",
      "unicode": "e70b",
      "unicode_decimal": 59147
    },
    {
      "icon_id": "9457107",
      "name": "md-people",
      "font_class": "md-people",
      "unicode": "e70c",
      "unicode_decimal": 59148
    },
    {
      "icon_id": "9457108",
      "name": "md-heart-dislike",
      "font_class": "md-heart-dislike",
      "unicode": "e70d",
      "unicode_decimal": 59149
    },
    {
      "icon_id": "9457109",
      "name": "md-moon",
      "font_class": "md-moon",
      "unicode": "e70e",
      "unicode_decimal": 59150
    },
    {
      "icon_id": "9457110",
      "name": "md-laptop",
      "font_class": "md-laptop",
      "unicode": "e70f",
      "unicode_decimal": 59151
    },
    {
      "icon_id": "9457111",
      "name": "md-heart",
      "font_class": "md-heart",
      "unicode": "e710",
      "unicode_decimal": 59152
    },
    {
      "icon_id": "9457113",
      "name": "md-flame",
      "font_class": "md-flame",
      "unicode": "e711",
      "unicode_decimal": 59153
    },
    {
      "icon_id": "9457114",
      "name": "md-lock",
      "font_class": "md-lock",
      "unicode": "e712",
      "unicode_decimal": 59154
    },
    {
      "icon_id": "9457115",
      "name": "md-musical-note",
      "font_class": "md-musical-note",
      "unicode": "e713",
      "unicode_decimal": 59155
    },
    {
      "icon_id": "9457116",
      "name": "md-information-circle",
      "font_class": "md-information-circle",
      "unicode": "e714",
      "unicode_decimal": 59156
    },
    {
      "icon_id": "9457117",
      "name": "md-help-circle",
      "font_class": "md-help-circle",
      "unicode": "e715",
      "unicode_decimal": 59157
    },
    {
      "icon_id": "9457121",
      "name": "md-mail",
      "font_class": "md-mail",
      "unicode": "e716",
      "unicode_decimal": 59158
    },
    {
      "icon_id": "9457124",
      "name": "md-journal",
      "font_class": "md-journal",
      "unicode": "e717",
      "unicode_decimal": 59159
    },
    {
      "icon_id": "9457126",
      "name": "md-mail-unread",
      "font_class": "md-mail-unread",
      "unicode": "e718",
      "unicode_decimal": 59160
    },
    {
      "icon_id": "9457130",
      "name": "md-notifications-off",
      "font_class": "md-notifications-off",
      "unicode": "e719",
      "unicode_decimal": 59161
    },
    {
      "icon_id": "9457131",
      "name": "md-notifications",
      "font_class": "md-notifications",
      "unicode": "e71a",
      "unicode_decimal": 59162
    },
    {
      "icon_id": "9457132",
      "name": "md-nuclear",
      "font_class": "md-nuclear",
      "unicode": "e71b",
      "unicode_decimal": 59163
    },
    {
      "icon_id": "9457134",
      "name": "md-medkit",
      "font_class": "md-medkit",
      "unicode": "e71c",
      "unicode_decimal": 59164
    },
    {
      "icon_id": "9457135",
      "name": "md-paw",
      "font_class": "md-paw",
      "unicode": "e71d",
      "unicode_decimal": 59165
    },
    {
      "icon_id": "9457136",
      "name": "md-person",
      "font_class": "md-person",
      "unicode": "e71e",
      "unicode_decimal": 59166
    },
    {
      "icon_id": "9457161",
      "name": "ios-notifications-off",
      "font_class": "ios-notifications-off",
      "unicode": "e71f",
      "unicode_decimal": 59167
    },
    {
      "icon_id": "9457165",
      "name": "ios-notifications",
      "font_class": "ios-notifications",
      "unicode": "e720",
      "unicode_decimal": 59168
    },
    {
      "icon_id": "9457174",
      "name": "ios-pie",
      "font_class": "ios-pie",
      "unicode": "e721",
      "unicode_decimal": 59169
    },
    {
      "icon_id": "9457198",
      "name": "ios-rocket",
      "font_class": "ios-rocket",
      "unicode": "e722",
      "unicode_decimal": 59170
    },
    {
      "icon_id": "9457201",
      "name": "ios-people",
      "font_class": "ios-people",
      "unicode": "e723",
      "unicode_decimal": 59171
    },
    {
      "icon_id": "9457202",
      "name": "ios-save",
      "font_class": "ios-save",
      "unicode": "e724",
      "unicode_decimal": 59172
    },
    {
      "icon_id": "9457204",
      "name": "ios-school",
      "font_class": "ios-school",
      "unicode": "e725",
      "unicode_decimal": 59173
    },
    {
      "icon_id": "9457209",
      "name": "ios-ribbon",
      "font_class": "ios-ribbon",
      "unicode": "e726",
      "unicode_decimal": 59174
    },
    {
      "icon_id": "9457210",
      "name": "ios-stopwatch",
      "font_class": "ios-stopwatch",
      "unicode": "e727",
      "unicode_decimal": 59175
    },
    {
      "icon_id": "9457214",
      "name": "ios-print",
      "font_class": "ios-print",
      "unicode": "e728",
      "unicode_decimal": 59176
    },
    {
      "icon_id": "9457216",
      "name": "ios-refresh-circle",
      "font_class": "ios-refresh-circle",
      "unicode": "e729",
      "unicode_decimal": 59177
    },
    {
      "icon_id": "9457228",
      "name": "ios-switch",
      "font_class": "ios-switch",
      "unicode": "e72a",
      "unicode_decimal": 59178
    },
    {
      "icon_id": "9457238",
      "name": "ios-warning",
      "font_class": "ios-warning",
      "unicode": "e72b",
      "unicode_decimal": 59179
    },
    {
      "icon_id": "9457269",
      "name": "md-albums",
      "font_class": "md-albums",
      "unicode": "e72c",
      "unicode_decimal": 59180
    },
    {
      "icon_id": "9457276",
      "name": "logo-html5",
      "font_class": "logo-html",
      "unicode": "e72d",
      "unicode_decimal": 59181
    },
    {
      "icon_id": "9457298",
      "name": "logo-chrome",
      "font_class": "logo-chrome",
      "unicode": "e72e",
      "unicode_decimal": 59182
    },
    {
      "icon_id": "9457300",
      "name": "ios-tennisball",
      "font_class": "ios-tennisball",
      "unicode": "e72f",
      "unicode_decimal": 59183
    },
    {
      "icon_id": "9457323",
      "name": "ios-umbrella",
      "font_class": "ios-umbrella",
      "unicode": "e730",
      "unicode_decimal": 59184
    },
    {
      "icon_id": "9457333",
      "name": "logo-rss",
      "font_class": "logo-rss",
      "unicode": "e731",
      "unicode_decimal": 59185
    },
    {
      "icon_id": "9457334",
      "name": "logo-octocat",
      "font_class": "logo-octocat",
      "unicode": "e732",
      "unicode_decimal": 59186
    },
    {
      "icon_id": "9457337",
      "name": "logo-slack",
      "font_class": "logo-slack",
      "unicode": "e733",
      "unicode_decimal": 59187
    },
    {
      "icon_id": "9457346",
      "name": "logo-game-controller-b",
      "font_class": "logo-game-controller-b",
      "unicode": "e734",
      "unicode_decimal": 59188
    },
    {
      "icon_id": "9457355",
      "name": "logo-windows",
      "font_class": "logo-windows",
      "unicode": "e735",
      "unicode_decimal": 59189
    },
    {
      "icon_id": "9457364",
      "name": "ios-add-circle",
      "font_class": "ios-add-circle",
      "unicode": "e736",
      "unicode_decimal": 59190
    },
    {
      "icon_id": "9457366",
      "name": "ios-archive",
      "font_class": "ios-archive",
      "unicode": "e737",
      "unicode_decimal": 59191
    },
    {
      "icon_id": "9457367",
      "name": "ios-aperture",
      "font_class": "ios-aperture",
      "unicode": "e738",
      "unicode_decimal": 59192
    },
    {
      "icon_id": "9457371",
      "name": "ios-appstore",
      "font_class": "ios-appstore",
      "unicode": "e739",
      "unicode_decimal": 59193
    },
    {
      "icon_id": "9457372",
      "name": "ios-alarm",
      "font_class": "ios-alarm",
      "unicode": "e73a",
      "unicode_decimal": 59194
    },
    {
      "icon_id": "9457373",
      "name": "ios-apps",
      "font_class": "ios-apps",
      "unicode": "e73b",
      "unicode_decimal": 59195
    },
    {
      "icon_id": "9457391",
      "name": "ios-beaker",
      "font_class": "ios-beaker",
      "unicode": "e73c",
      "unicode_decimal": 59196
    },
    {
      "icon_id": "9457393",
      "name": "ios-albums",
      "font_class": "ios-albums",
      "unicode": "e73d",
      "unicode_decimal": 59197
    },
    {
      "icon_id": "9457402",
      "name": "ios-briefcase",
      "font_class": "ios-briefcase",
      "unicode": "e73e",
      "unicode_decimal": 59198
    },
    {
      "icon_id": "9457403",
      "name": "ios-bed",
      "font_class": "ios-bed",
      "unicode": "e73f",
      "unicode_decimal": 59199
    },
    {
      "icon_id": "9457404",
      "name": "ios-bookmarks",
      "font_class": "ios-bookmarks",
      "unicode": "e740",
      "unicode_decimal": 59200
    },
    {
      "icon_id": "9457405",
      "name": "ios-book",
      "font_class": "ios-book",
      "unicode": "e741",
      "unicode_decimal": 59201
    },
    {
      "icon_id": "9457414",
      "name": "ios-camera",
      "font_class": "ios-camera",
      "unicode": "e742",
      "unicode_decimal": 59202
    },
    {
      "icon_id": "9457417",
      "name": "ios-boat",
      "font_class": "ios-boat",
      "unicode": "e743",
      "unicode_decimal": 59203
    },
    {
      "icon_id": "9457418",
      "name": "ios-bulb",
      "font_class": "ios-bulb",
      "unicode": "e744",
      "unicode_decimal": 59204
    },
    {
      "icon_id": "9457426",
      "name": "ios-cash",
      "font_class": "ios-cash",
      "unicode": "e745",
      "unicode_decimal": 59205
    },
    {
      "icon_id": "9457428",
      "name": "ios-close-circle-outline",
      "font_class": "ios-close-circle-outline",
      "unicode": "e746",
      "unicode_decimal": 59206
    },
    {
      "icon_id": "9457430",
      "name": "ios-checkbox-outline",
      "font_class": "ios-checkbox-outline",
      "unicode": "e747",
      "unicode_decimal": 59207
    },
    {
      "icon_id": "9457433",
      "name": "ios-checkmark-circle",
      "font_class": "ios-checkmark-circle",
      "unicode": "e748",
      "unicode_decimal": 59208
    },
    {
      "icon_id": "9457437",
      "name": "ios-close-circle",
      "font_class": "ios-close-circle",
      "unicode": "e749",
      "unicode_decimal": 59209
    },
    {
      "icon_id": "9457445",
      "name": "ios-cloud-upload",
      "font_class": "ios-cloud-upload",
      "unicode": "e74a",
      "unicode_decimal": 59210
    },
    {
      "icon_id": "9457446",
      "name": "ios-cloud",
      "font_class": "ios-cloud",
      "unicode": "e74b",
      "unicode_decimal": 59211
    },
    {
      "icon_id": "9457447",
      "name": "ios-cloud-done",
      "font_class": "ios-cloud-done",
      "unicode": "e74c",
      "unicode_decimal": 59212
    },
    {
      "icon_id": "9457454",
      "name": "ios-contact",
      "font_class": "ios-contact",
      "unicode": "e74d",
      "unicode_decimal": 59213
    },
    {
      "icon_id": "9457455",
      "name": "ios-cloud-download",
      "font_class": "ios-cloud-download",
      "unicode": "e74e",
      "unicode_decimal": 59214
    },
    {
      "icon_id": "9457457",
      "name": "ios-clipboard",
      "font_class": "ios-clipboard",
      "unicode": "e74f",
      "unicode_decimal": 59215
    },
    {
      "icon_id": "9457473",
      "name": "ios-eye-off",
      "font_class": "ios-eye-off",
      "unicode": "e750",
      "unicode_decimal": 59216
    },
    {
      "icon_id": "9457475",
      "name": "ios-copy",
      "font_class": "ios-copy",
      "unicode": "e751",
      "unicode_decimal": 59217
    },
    {
      "icon_id": "9457478",
      "name": "ios-eye",
      "font_class": "ios-eye",
      "unicode": "e752",
      "unicode_decimal": 59218
    },
    {
      "icon_id": "9457485",
      "name": "ios-filing",
      "font_class": "ios-filing",
      "unicode": "e753",
      "unicode_decimal": 59219
    },
    {
      "icon_id": "9457487",
      "name": "ios-folder-open",
      "font_class": "ios-folder-open",
      "unicode": "e754",
      "unicode_decimal": 59220
    },
    {
      "icon_id": "9457493",
      "name": "ios-gift",
      "font_class": "ios-gift",
      "unicode": "e755",
      "unicode_decimal": 59221
    },
    {
      "icon_id": "9457497",
      "name": "ios-funnel",
      "font_class": "ios-funnel",
      "unicode": "e756",
      "unicode_decimal": 59222
    },
    {
      "icon_id": "9457502",
      "name": "ios-flag",
      "font_class": "ios-flag",
      "unicode": "e757",
      "unicode_decimal": 59223
    },
    {
      "icon_id": "9457519",
      "name": "ios-home",
      "font_class": "ios-home",
      "unicode": "e758",
      "unicode_decimal": 59224
    },
    {
      "icon_id": "9457523",
      "name": "ios-journal",
      "font_class": "ios-journal",
      "unicode": "e759",
      "unicode_decimal": 59225
    },
    {
      "icon_id": "9457525",
      "name": "ios-folder",
      "font_class": "ios-folder",
      "unicode": "e75a",
      "unicode_decimal": 59226
    },
    {
      "icon_id": "9457536",
      "name": "ios-image",
      "font_class": "ios-image",
      "unicode": "e75b",
      "unicode_decimal": 59227
    },
    {
      "icon_id": "9457542",
      "name": "ios-mail",
      "font_class": "ios-mail",
      "unicode": "e75c",
      "unicode_decimal": 59228
    },
    {
      "icon_id": "9457546",
      "name": "ios-map",
      "font_class": "ios-map",
      "unicode": "e75d",
      "unicode_decimal": 59229
    },
    {
      "icon_id": "9457547",
      "name": "ios-medkit",
      "font_class": "ios-medkit",
      "unicode": "e75e",
      "unicode_decimal": 59230
    },
    {
      "icon_id": "9456772",
      "name": "md-phone-portrait",
      "font_class": "md-phone-portrait",
      "unicode": "e6c2",
      "unicode_decimal": 59074
    },
    {
      "icon_id": "9456773",
      "name": "md-photos",
      "font_class": "md-photos",
      "unicode": "e6c3",
      "unicode_decimal": 59075
    },
    {
      "icon_id": "9456774",
      "name": "md-pin",
      "font_class": "md-pin",
      "unicode": "e6c4",
      "unicode_decimal": 59076
    },
    {
      "icon_id": "9456775",
      "name": "md-pie",
      "font_class": "md-pie",
      "unicode": "e6c5",
      "unicode_decimal": 59077
    },
    {
      "icon_id": "9456776",
      "name": "md-podium",
      "font_class": "md-podium",
      "unicode": "e6c6",
      "unicode_decimal": 59078
    },
    {
      "icon_id": "9456778",
      "name": "md-pint",
      "font_class": "md-pint",
      "unicode": "e6c7",
      "unicode_decimal": 59079
    },
    {
      "icon_id": "9456779",
      "name": "md-phone-landscape",
      "font_class": "md-phone-landscape",
      "unicode": "e6c8",
      "unicode_decimal": 59080
    },
    {
      "icon_id": "9456780",
      "name": "md-play-circle",
      "font_class": "md-play-circle",
      "unicode": "e6c9",
      "unicode_decimal": 59081
    },
    {
      "icon_id": "9456781",
      "name": "md-pizza",
      "font_class": "md-pizza",
      "unicode": "e6ca",
      "unicode_decimal": 59082
    },
    {
      "icon_id": "9456782",
      "name": "md-print",
      "font_class": "md-print",
      "unicode": "e6cb",
      "unicode_decimal": 59083
    },
    {
      "icon_id": "9456783",
      "name": "md-pricetags",
      "font_class": "md-pricetags",
      "unicode": "e6cc",
      "unicode_decimal": 59084
    },
    {
      "icon_id": "9456787",
      "name": "md-pricetag",
      "font_class": "md-pricetag",
      "unicode": "e6cd",
      "unicode_decimal": 59085
    },
    {
      "icon_id": "9456796",
      "name": "md-remove-circle",
      "font_class": "md-remove-circle",
      "unicode": "e6ce",
      "unicode_decimal": 59086
    },
    {
      "icon_id": "9456801",
      "name": "md-refresh-circle",
      "font_class": "md-refresh-circle",
      "unicode": "e6cf",
      "unicode_decimal": 59087
    },
    {
      "icon_id": "9456804",
      "name": "md-school",
      "font_class": "md-school",
      "unicode": "e6d0",
      "unicode_decimal": 59088
    },
    {
      "icon_id": "9456805",
      "name": "md-rainy",
      "font_class": "md-rainy",
      "unicode": "e6d1",
      "unicode_decimal": 59089
    },
    {
      "icon_id": "9456808",
      "name": "md-rocket",
      "font_class": "md-rocket",
      "unicode": "e6d2",
      "unicode_decimal": 59090
    },
    {
      "icon_id": "9456809",
      "name": "md-reverse-camera",
      "font_class": "md-reverse-camera",
      "unicode": "e6d3",
      "unicode_decimal": 59091
    },
    {
      "icon_id": "9456813",
      "name": "md-send",
      "font_class": "md-send",
      "unicode": "e6d4",
      "unicode_decimal": 59092
    },
    {
      "icon_id": "9456814",
      "name": "md-share-alt",
      "font_class": "md-share-alt",
      "unicode": "e6d5",
      "unicode_decimal": 59093
    },
    {
      "icon_id": "9456817",
      "name": "md-star",
      "font_class": "md-star",
      "unicode": "e6d6",
      "unicode_decimal": 59094
    },
    {
      "icon_id": "9456818",
      "name": "md-subway",
      "font_class": "md-subway",
      "unicode": "e6d7",
      "unicode_decimal": 59095
    },
    {
      "icon_id": "9456819",
      "name": "md-ribbon",
      "font_class": "md-ribbon",
      "unicode": "e6d8",
      "unicode_decimal": 59096
    },
    {
      "icon_id": "9456820",
      "name": "md-shirt",
      "font_class": "md-shirt",
      "unicode": "e6d9",
      "unicode_decimal": 59097
    },
    {
      "icon_id": "9456822",
      "name": "md-snow",
      "font_class": "md-snow",
      "unicode": "e6da",
      "unicode_decimal": 59098
    },
    {
      "icon_id": "9456823",
      "name": "md-rose",
      "font_class": "md-rose",
      "unicode": "e6db",
      "unicode_decimal": 59099
    },
    {
      "icon_id": "9456824",
      "name": "md-save",
      "font_class": "md-save",
      "unicode": "e6dc",
      "unicode_decimal": 59100
    },
    {
      "icon_id": "9456825",
      "name": "md-thermometer",
      "font_class": "md-thermometer",
      "unicode": "e6dd",
      "unicode_decimal": 59101
    },
    {
      "icon_id": "9456828",
      "name": "md-thunderstorm",
      "font_class": "md-thunderstorm",
      "unicode": "e6de",
      "unicode_decimal": 59102
    },
    {
      "icon_id": "9456829",
      "name": "md-settings",
      "font_class": "md-settings",
      "unicode": "e6df",
      "unicode_decimal": 59103
    },
    {
      "icon_id": "9456831",
      "name": "md-trash",
      "font_class": "md-trash",
      "unicode": "e6e0",
      "unicode_decimal": 59104
    },
    {
      "icon_id": "9456834",
      "name": "md-thumbs-down",
      "font_class": "md-thumbs-down",
      "unicode": "e6e1",
      "unicode_decimal": 59105
    },
    {
      "icon_id": "9456836",
      "name": "md-trophy",
      "font_class": "md-trophy",
      "unicode": "e6e2",
      "unicode_decimal": 59106
    },
    {
      "icon_id": "9456845",
      "name": "md-warning",
      "font_class": "md-warning",
      "unicode": "e6e3",
      "unicode_decimal": 59107
    },
    {
      "icon_id": "9456847",
      "name": "md-thumbs-up",
      "font_class": "md-thumbs-up",
      "unicode": "e6e4",
      "unicode_decimal": 59108
    },
    {
      "icon_id": "9456849",
      "name": "md-watch",
      "font_class": "md-watch",
      "unicode": "e6e5",
      "unicode_decimal": 59109
    },
    {
      "icon_id": "9456854",
      "name": "md-umbrella",
      "font_class": "md-umbrella",
      "unicode": "e6e6",
      "unicode_decimal": 59110
    },
    {
      "icon_id": "9456860",
      "name": "md-tennisball",
      "font_class": "md-tennisball",
      "unicode": "e6e7",
      "unicode_decimal": 59111
    },
    {
      "icon_id": "17786484",
      "name": "成交用户数",
      "font_class": "chengjiaoyonghushu",
      "unicode": "e63d",
      "unicode_decimal": 58941
    },
    {
      "icon_id": "17786485",
      "name": "充值件数",
      "font_class": "chongzhijianshu",
      "unicode": "e63e",
      "unicode_decimal": 58942
    },
    {
      "icon_id": "17786487",
      "name": "成本金额",
      "font_class": "chengbenjine",
      "unicode": "e640",
      "unicode_decimal": 58944
    },
    {
      "icon_id": "17786488",
      "name": "付费会员数",
      "font_class": "fufeihuiyuanshu",
      "unicode": "e641",
      "unicode_decimal": 58945
    },
    {
      "icon_id": "17786490",
      "name": "充值用户数",
      "font_class": "chongzhiyonghushu",
      "unicode": "e643",
      "unicode_decimal": 58947
    },
    {
      "icon_id": "17786491",
      "name": "购买会员金额",
      "font_class": "goumaihuiyuanjine",
      "unicode": "e644",
      "unicode_decimal": 58948
    },
    {
      "icon_id": "17786492",
      "name": "访客-支付转化率",
      "font_class": "fangke-zhifuzhuanhuashuai",
      "unicode": "e645",
      "unicode_decimal": 58949
    },
    {
      "icon_id": "17786493",
      "name": "净增用户",
      "font_class": "jingzengyonghu",
      "unicode": "e646",
      "unicode_decimal": 58950
    },
    {
      "icon_id": "17786494",
      "name": "客单价",
      "font_class": "kedanjia",
      "unicode": "e647",
      "unicode_decimal": 58951
    },
    {
      "icon_id": "17786495",
      "name": "加购件数",
      "font_class": "jiagoujianshu",
      "unicode": "e648",
      "unicode_decimal": 58952
    },
    {
      "icon_id": "17786496",
      "name": "累计充值用户",
      "font_class": "leijichongzhiyonghu",
      "unicode": "e649",
      "unicode_decimal": 58953
    },
    {
      "icon_id": "17786497",
      "name": "累计成交用户",
      "font_class": "leijichengjiaoyonghu",
      "unicode": "e64a",
      "unicode_decimal": 58954
    },
    {
      "icon_id": "17786498",
      "name": "累计会员数",
      "font_class": "leijihuiyuanshu",
      "unicode": "e64b",
      "unicode_decimal": 58955
    },
    {
      "icon_id": "17786499",
      "name": "商品浏览量",
      "font_class": "shangpinliulanliang",
      "unicode": "e64c",
      "unicode_decimal": 58956
    },
    {
      "icon_id": "17786500",
      "name": "商品支付金额",
      "font_class": "shangpinzhifujine",
      "unicode": "e64d",
      "unicode_decimal": 58957
    },
    {
      "icon_id": "17786501",
      "name": "退款件数",
      "font_class": "tuikuanjianshu",
      "unicode": "e64e",
      "unicode_decimal": 58958
    },
    {
      "icon_id": "17786502",
      "name": "累计关注用户",
      "font_class": "leijiguanzhuyonghu",
      "unicode": "e64f",
      "unicode_decimal": 58959
    },
    {
      "icon_id": "17786503",
      "name": "退款",
      "font_class": "tuikuan",
      "unicode": "e650",
      "unicode_decimal": 58960
    },
    {
      "icon_id": "17786504",
      "name": "下单件数",
      "font_class": "xiadanjianshu",
      "unicode": "e651",
      "unicode_decimal": 58961
    },
    {
      "icon_id": "17786505",
      "name": "累计取关用户",
      "font_class": "leijiquguanyonghu",
      "unicode": "e652",
      "unicode_decimal": 58962
    },
    {
      "icon_id": "17786506",
      "name": "累计用户",
      "font_class": "leijiyonghu",
      "unicode": "e653",
      "unicode_decimal": 58963
    },
    {
      "icon_id": "17786507",
      "name": "新增取关用户",
      "font_class": "xinzengquguanyonghu",
      "unicode": "e654",
      "unicode_decimal": 58964
    },
    {
      "icon_id": "17786508",
      "name": "商品访客数",
      "font_class": "shangpinfangkeshu",
      "unicode": "e655",
      "unicode_decimal": 58965
    },
    {
      "icon_id": "17786509",
      "name": "新增用户数",
      "font_class": "xinzengyonghushu",
      "unicode": "e656",
      "unicode_decimal": 58966
    },
    {
      "icon_id": "17786510",
      "name": "新增关注用户",
      "font_class": "xinzengguanzhuyonghu",
      "unicode": "e657",
      "unicode_decimal": 58967
    },
    {
      "icon_id": "17786511",
      "name": "支付金额",
      "font_class": "zhifujine",
      "unicode": "e658",
      "unicode_decimal": 58968
    },
    {
      "icon_id": "17786512",
      "name": "营业额",
      "font_class": "yingyee",
      "unicode": "e659",
      "unicode_decimal": 58969
    },
    {
      "icon_id": "17786513",
      "name": "支付件数",
      "font_class": "zhifujianshu",
      "unicode": "e65a",
      "unicode_decimal": 58970
    },
    {
      "icon_id": "17786514",
      "name": "支出金额",
      "font_class": "zhichujine",
      "unicode": "e65b",
      "unicode_decimal": 58971
    },
    {
      "icon_id": "17786793",
      "name": "访问量",
      "font_class": "fangwenliang",
      "unicode": "e642",
      "unicode_decimal": 58946
    },
    {
      "icon_id": "17786896",
      "name": "访客数",
      "font_class": "fangkeshu",
      "unicode": "e63f",
      "unicode_decimal": 58943
    },
    {
      "icon_id": "18164661",
      "name": "交易金额",
      "font_class": "jiaoyijine",
      "unicode": "e67a",
      "unicode_decimal": 59002
    },
    {
      "icon_id": "18164662",
      "name": "余额支付金额",
      "font_class": "yuezhifujine",
      "unicode": "e67b",
      "unicode_decimal": 59003
    },
    {
      "icon_id": "18164663",
      "name": "支付佣金金额",
      "font_class": "zhifuyongjinjine",
      "unicode": "e67c",
      "unicode_decimal": 59004
    },
    {
      "icon_id": "18164664",
      "name": "线下收银金额",
      "font_class": "xianxiashouyinjine",
      "unicode": "e67d",
      "unicode_decimal": 59005
    }
  ]
}
