{
  "framework": "nginx",
  "tests": [
    {
      "default": {
        "plaintext_url": "/plaintext",
        "port": 8080,
        "approach": "Realistic",
        "classification": "Platform",
        "framework": "None",
        "language": "C",
        "flavor": "None",
        "orm": "Raw",
        "platform": "None",
        "database": "none",
        "webserver": "nginx",
        "os": "Linux",
        "database_os": "Linux",
        "display_name": "Nginx",
        "notes": "",
        "versus": ""
      },
      "njs": {
        "plaintext_url": "/plaintext",
        "json_url": "/json",
        "port": 8080,
        "approach": "Realistic",
        "classification": "Platform",
        "framework": "njs",
        "language": "C",
        "flavor": "Njs",
        "orm": "Raw",
        "platform": "None",
        "database": "none",
        "webserver": "nginx",
        "os": "Linux",
        "database_os": "Linux",
        "display_name": "Nginx-njs",
        "notes": "",
        "versus": "nginx"
      }
    }
  ]
}