{
  "framework": "onion",
  "tests": [{
    "default": {
      "json_url": "/json",
      "db_url": "/db",
      "query_url": "/queries?queries=",
      "fortune_url": "/fortune",
      "plaintext_url": "/plaintext",
      "port": 8080,
      "approach": "Realistic",
      "classification": "Platform",
      "database": "MySQL",
      "framework": "None",
      "language": "C",
      "flavor": "None",
      "orm": "Raw",
      "platform": "None",
      "webserver": "None",
      "os": "Linux",
      "database_os": "Linux",
      "display_name": "onion",
      "notes": "",
      "versus": "onion",
      "tags": ["broken"]
    }
  }]
}
