{
	"name": "Simple Test Workflow",
	"nodes": [
		{
			"id": "1",
			"name": "Webhook Trigger",
			"type": "n8n-nodes-base.webhook",
			"typeVersion": 1,
			"position": [250, 300],
			"parameters": {
				"path": "/test"
			}
		},
		{
			"id": "2",
			"name": "Code",
			"type": "n8n-nodes-base.code",
			"typeVersion": 1,
			"position": [450, 300],
			"parameters": {
				"jsCode": "return items;"
			}
		}
	],
	"connections": {
		"Webhook Trigger": {
			"main": [
				[
					{
						"node": "Code",
						"type": "main",
						"index": 0
					}
				]
			]
		}
	}
}
