{
	"name": "Multi-Trigger Workflow Missing Merge",
	"nodes": [
		{
			"id": "1",
			"name": "HTTP Trigger",
			"type": "n8n-nodes-base.webhook",
			"typeVersion": 1,
			"position": [250, 300],
			"parameters": {
				"path": "/webhook1"
			}
		},
		{
			"id": "2",
			"name": "Timer Trigger",
			"type": "n8n-nodes-base.scheduleTrigger",
			"typeVersion": 1,
			"position": [250, 450],
			"parameters": {
				"rule": {
					"interval": [
						{
							"field": "hours",
							"hoursInterval": 2
						}
					]
				}
			}
		},
		{
			"id": "4",
			"name": "Process Data",
			"type": "n8n-nodes-base.code",
			"typeVersion": 1,
			"position": [650, 375],
			"parameters": {
				"jsCode": "return items;"
			}
		}
	],
	"connections": {
		"HTTP Trigger": {
			"main": [
				[
					{
						"node": "Process Data",
						"type": "main",
						"index": 0
					}
				]
			]
		}
	}
}
