<?xml version="1.0" encoding="UTF-8"?>
<project xmlns="http://maven.apache.org/POM/4.0.0" xmlns:xsi="http://www.w3.org/2001/XMLSchema-instance" xsi:schemaLocation="http://maven.apache.org/POM/4.0.0 http://maven.apache.org/maven-v4_0_0.xsd">
  <parent>
    <artifactId>zemberek-nlp</artifactId>
    <groupId>zemberek-nlp</groupId>
    <version>0.17.2</version>
  </parent>
  <modelVersion>4.0.0</modelVersion>
  <artifactId>zemberek-lo</artifactId>
  <build>
    <plugins>
      <plugin>
        <artifactId>maven-shade-plugin</artifactId>
        <version>3.2.0</version>
        <executions>
          <execution>
            <phase>package</phase>
            <goals>
              <goal>shade</goal>
            </goals>
            <configuration>
              <relocations>
                <relocation>
                  <pattern>org</pattern>
                  <shadedPattern>_zem.org</shadedPattern>
                </relocation>
                <relocation>
                  <pattern>google</pattern>
                  <shadedPattern>_zem.google</shadedPattern>
                </relocation>
                <relocation>
                  <pattern>com</pattern>
                  <shadedPattern>_zem.com</shadedPattern>
                </relocation>
                <relocation>
                  <pattern>afu</pattern>
                  <shadedPattern>_zem.afu</shadedPattern>
                </relocation>
                <relocation>
                  <pattern>javax</pattern>
                  <shadedPattern>_zem.javax</shadedPattern>
                </relocation>
              </relocations>
            </configuration>
          </execution>
        </executions>
      </plugin>
    </plugins>
  </build>
  <dependencies>
    <dependency>
      <groupId>junit</groupId>
      <artifactId>junit</artifactId>
      <version>4.12</version>
      <scope>test</scope>
      <exclusions>
        <exclusion>
          <artifactId>hamcrest-core</artifactId>
          <groupId>org.hamcrest</groupId>
        </exclusion>
      </exclusions>
    </dependency>
    <dependency>
      <groupId>org.hamcrest</groupId>
      <artifactId>hamcrest-all</artifactId>
      <version>1.3</version>
      <scope>test</scope>
    </dependency>
    <dependency>
      <groupId>org.mockito</groupId>
      <artifactId>mockito-all</artifactId>
      <version>1.9.0</version>
      <scope>test</scope>
    </dependency>
    <dependency>
      <groupId>org.apache.opennlp</groupId>
      <artifactId>opennlp-tools</artifactId>
      <version>1.7.0</version>
      <scope>test</scope>
    </dependency>
  </dependencies>
</project>
