<?xml version="1.0" encoding="UTF-8"?>
<project xmlns="http://maven.apache.org/POM/4.0.0"
  xmlns:xsi="http://www.w3.org/2001/XMLSchema-instance"
  xsi:schemaLocation="http://maven.apache.org/POM/4.0.0 http://maven.apache.org/xsd/maven-4.0.0.xsd">
  <parent>
    <artifactId>zemberek-nlp</artifactId>
    <groupId>zemberek-nlp</groupId>
    <version>0.17.1</version>
  </parent>
  <modelVersion>4.0.0</modelVersion>

  <artifactId>zemberek-lo</artifactId>

  <build>
    <plugins>
      <plugin>
        <groupId>org.apache.maven.plugins</groupId>
        <artifactId>maven-shade-plugin</artifactId>
        <version>3.2.0</version>
        <executions>
          <execution>
            <phase>package</phase>
            <goals>
              <goal>shade</goal>
            </goals>
            <configuration>
              <finalName>zemberek-lo</finalName>
              <relocations>
                <relocation>
                  <pattern>org</pattern>
                  <shadedPattern>_zem.org</shadedPattern>
                </relocation>
                <relocation>
                  <pattern>google</pattern>
                  <shadedPattern>_zem.google</shadedPattern>
                </relocation>
                <relocation>
                  <pattern>com</pattern>
                  <shadedPattern>_zem.com</shadedPattern>
                </relocation>
                <relocation>
                  <pattern>afu</pattern>
                  <shadedPattern>_zem.afu</shadedPattern>
                </relocation>
                <relocation>
                  <pattern>javax</pattern>
                  <shadedPattern>_zem.javax</shadedPattern>
                </relocation>
              </relocations>
            </configuration>
          </execution>
        </executions>
      </plugin>
    </plugins>
  </build>

  <dependencies>
    <dependency>
      <groupId>zemberek-nlp</groupId>
      <artifactId>zemberek-core</artifactId>
      <version>${project.parent.version}</version>
    </dependency>
    <dependency>
      <groupId>zemberek-nlp</groupId>
      <artifactId>zemberek-morphology</artifactId>
      <version>${project.parent.version}</version>
    </dependency>
    <dependency>
      <groupId>zemberek-nlp</groupId>
      <artifactId>zemberek-tokenization</artifactId>
      <version>${project.parent.version}</version>
    </dependency>
    <dependency>
      <groupId>zemberek-nlp</groupId>
      <artifactId>zemberek-lm</artifactId>
      <version>${project.parent.version}</version>
    </dependency>
    <dependency>
      <groupId>zemberek-nlp</groupId>
      <artifactId>zemberek-normalization</artifactId>
      <version>${project.parent.version}</version>
    </dependency>
  </dependencies>

</project>