<?xml version="1.0" encoding="UTF-8"?>
<suppressions xmlns="https://jeremylong.github.io/DependencyCheck/dependency-suppression.1.3.xsd">
  <suppress>
    <notes>
      CVE-2024-43591 only affects Azure CLI (it does not affect any Java libraries)
    </notes>
    <cve>CVE-2024-43591</cve>
  </suppress>
  <suppress>
    <notes>
      CVE-2023-36052 only affects Azure CLI (it does not affect any Java libraries)
    </notes>
    <cve>CVE-2023-36052</cve>
  </suppress>
  <suppress>
    <notes>
      CVE-2023-36415 affects azure-identity across multiple languages.
      The CVE was fixed in azure-identity versions: Java 1.11.0, Python 1.15.0, JS 3.4.0.
      But the tooling is unaware of the version differences between the different language artifacts
      and so it is flagging the usage of azure-identity (Java) 1.11.0, since it's less than 1.15.0 and 3.4.0.
    </notes>
    <cve>CVE-2023-36415</cve>
  </suppress>
  <suppress>
    <notes>
      CVE-2024-35255 affects azure-identity across multiple languages.
      The CVE was fixed in azure-identity versions: Java 1.12.2, Python 1.16.1, JS 4.2.1.
      But the tooling is unaware of the version differences between the different language artifacts
      and so it is flagging the usage of azure-identity (Java) 1.12.2, since it's less than 1.16.1 and 4.2.1.
    </notes>
    <cve>CVE-2024-35255</cve>
  </suppress>
  <suppress>
    <notes>
      CVE-2023-35116 is not a valid CVE, see comment from library maintainer
      https://github.com/FasterXML/jackson-databind/issues/3972#issuecomment-1596308216
    </notes>
    <cve>CVE-2023-35116</cve>
  </suppress>
  <suppress>
    <notes><![CDATA[
      we use reactor-netty, which sets up hostname verification by default:
      https://github.com/reactor/reactor-netty/blob/main/reactor-netty-http/src/main/java/reactor/netty/http/client/HttpClientSecure.java
    ]]></notes>
    <packageUrl regex="true">^pkg:maven/io\.netty/netty-.*@.*$</packageUrl>
    <cve>CVE-2023-4586</cve>
  </suppress>
</suppressions>
