{
  "generator-jhipster": {
    "applicationType": "monolith",
    "authenticationType": "jwt",
    "baseName": "TwentyOnePoints",
    "blueprints": [],
    "buildTool": "gradle",
    "cacheProvider": "ehcache",
    "clientFramework": "angularX",
    "clientPackageManager": "npm",
    "clientTheme": "none",
    "clientThemeVariant": "",
    "creationTimestamp": 1662997089611,
    "cypressAudit": false,
    "cypressCoverage": false,
    "databaseType": "sql",
    "devDatabaseType": "h2Disk",
    "devServerPort": 4200,
    "dtoSuffix": "DTO",
    "enableGradleEnterprise": false,
    "enableHibernateCache": true,
    "enableSwaggerCodegen": false,
    "enableTranslation": true,
    "entities": ["Points", "Weight", "BloodPressure", "Preferences"],
    "entitySuffix": "",
    "herokuAppName": "health-by-points",
    "herokuDeployType": "git",
    "herokuJavaVersion": "11",
    "jhiPrefix": "jhi",
    "jhipsterVersion": "7.9.3",
    "jwtSecretKey": "YjAwZDU2ODI3NzNjZjk0NjVhY2UzNGViZmY0YjY1ZGY2MDI5MTc5Y2FlZWYxNzE5Yjg5ZjMxOGZhZTgwZjA5NTFkN2VmNDM3ZGMyZDNjZTViNDAwYTg4NmNlMmM2ZDkxZTMwMDk5YmUxNWNkZmE0YTNiNDlhMGNhZmM4OTk1NmQ=",
    "languages": ["en", "fr"],
    "lastLiquibaseTimestamp": 1667866821000,
    "messageBroker": false,
    "microfrontend": false,
    "microfrontends": [],
    "nativeLanguage": "en",
    "otherModules": [],
    "packageName": "org.jhipster.health",
    "pages": [],
    "prodDatabaseType": "postgresql",
    "reactive": false,
    "searchEngine": "elasticsearch",
    "serverPort": "8080",
    "serverSideOptions": ["searchEngine:elasticsearch"],
    "serviceDiscoveryType": "no",
    "skipCheckLengthOfIdentifier": false,
    "skipClient": false,
    "skipFakeData": false,
    "skipUserManagement": false,
    "testFrameworks": ["cypress"],
    "websocket": false,
    "withAdminUi": true
  }
}
