<?xml version="1.0" encoding="UTF-8"?>
<!--
  ~ Copyright © 2019 Apple Inc. and the ServiceTalk project authors
  ~
  ~ Licensed under the Apache License, Version 2.0 (the "License");
  ~ you may not use this file except in compliance with the License.
  ~ You may obtain a copy of the License at
  ~
  ~   http://www.apache.org/licenses/LICENSE-2.0
  ~
  ~ Unless required by applicable law or agreed to in writing, software
  ~ distributed under the License is distributed on an "AS IS" BASIS,
  ~ WITHOUT WARRANTIES OR CONDITIONS OF ANY KIND, either express or implied.
  ~ See the License for the specific language governing permissions and
  ~ limitations under the License.
  -->
<FindBugsFilter>
  <!-- Fields are usually initialized in @Setup method instead of a constructor for benchmarks -->
  <Match>
    <Source name="~.*Benchmark\.java"/>
    <Bug pattern="NP_NONNULL_FIELD_NOT_INITIALIZED_IN_CONSTRUCTOR"/>
  </Match>
  <!-- SpotBugs does not understand that method is invoked multiple times -->
  <Match>
    <Source name="~.*Benchmark\.java"/>
    <Bug pattern="DMI_RANDOM_USED_ONLY_ONCE"/>
  </Match>
  <!-- SpotBugs does not understand that subscription field will be initialized -->
  <Match>
    <Class name="io.servicetalk.benchmark.concurrent.ConnectableBufferOutputStreamBenchmark"/>
    <Method name="requestN"/>
    <Field name="subscription"/>
    <Bug pattern="NP_NULL_ON_SOME_PATH"/>
  </Match>
</FindBugsFilter>
