{
    "author": {
        "name": "nerds"
    },
    "name": "dashboardv3",
    "description": "Dashboard v3",
    "version": "0.0.18",
    "engines": {
        "node": ">=0.4.9"
    },
    "dependencies": {},
    "devDependencies": {},
    "scripts": {
        "postinstall": "./static/common/templates/compile.sh"
    },
    "title": "Dashboard v3",
    "handle": "dashboardv3",
    "update": "auto",
    "github": "https://github.com/LockerProject/Locker",
    "type": "app",
    "static": "false",
    "run": "node dashboard.js",
    "hidden": true,
    "url": "",
    "upserted": 1768097745330,
    "manifest": "Apps/dashboardv3/package.json",
    "srcdir": "Apps/dashboardv3",
    "provider": "dashboardv3",
    "id": "dashboardv3",
    "installed": 1768094646007,
    "uri": "http://localhost:8042/Me/dashboardv3/",
    "externalUri": "http://localhost:40271/Me/dashboardv3/",
    "loaded": 1768097745323
}