[
  { "inputs": [], "stateMutability": "nonpayable", "type": "constructor" },
  {
    "anonymous": false,
    "inputs": [
      {
        "indexed": false,
        "internalType": "uint256",
        "name": "id",
        "type": "uint256"
      },
      {
        "indexed": false,
        "internalType": "string",
        "name": "hash",
        "type": "string"
      },
      {
        "indexed": false,
        "internalType": "string",
        "name": "title",
        "type": "string"
      },
      {
        "indexed": false,
        "internalType": "string",
        "name": "description",
        "type": "string"
      },
      {
        "indexed": false,
        "internalType": "string",
        "name": "location",
        "type": "string"
      },
      {
        "indexed": false,
        "internalType": "string",
        "name": "category",
        "type": "string"
      },
      {
        "indexed": false,
        "internalType": "string",
        "name": "thumbnailHash",
        "type": "string"
      },
      {
        "indexed": false,
        "internalType": "bool",
        "name": "isAudio",
        "type": "bool"
      },
      {
        "indexed": false,
        "internalType": "string",
        "name": "date",
        "type": "string"
      },
      {
        "indexed": false,
        "internalType": "address",
        "name": "author",
        "type": "address"
      }
    ],
    "name": "VideoUploaded",
    "type": "event"
  },
  {
    "inputs": [],
    "name": "name",
    "outputs": [{ "internalType": "string", "name": "", "type": "string" }],
    "stateMutability": "view",
    "type": "function"
  },
  {
    "inputs": [
      { "internalType": "string", "name": "_videoHash", "type": "string" },
      { "internalType": "string", "name": "_title", "type": "string" },
      { "internalType": "string", "name": "_description", "type": "string" },
      { "internalType": "string", "name": "_location", "type": "string" },
      { "internalType": "string", "name": "_category", "type": "string" },
      { "internalType": "string", "name": "_thumbnailHash", "type": "string" },
      { "internalType": "bool", "name": "_isAudio", "type": "bool" },
      { "internalType": "string", "name": "_date", "type": "string" }
    ],
    "name": "uploadVideo",
    "outputs": [],
    "stateMutability": "nonpayable",
    "type": "function"
  },
  {
    "inputs": [],
    "name": "videoCount",
    "outputs": [{ "internalType": "uint256", "name": "", "type": "uint256" }],
    "stateMutability": "view",
    "type": "function"
  },
  {
    "inputs": [{ "internalType": "uint256", "name": "", "type": "uint256" }],
    "name": "videos",
    "outputs": [
      { "internalType": "uint256", "name": "id", "type": "uint256" },
      { "internalType": "string", "name": "hash", "type": "string" },
      { "internalType": "string", "name": "title", "type": "string" },
      { "internalType": "string", "name": "description", "type": "string" },
      { "internalType": "string", "name": "location", "type": "string" },
      { "internalType": "string", "name": "category", "type": "string" },
      { "internalType": "string", "name": "thumbnailHash", "type": "string" },
      { "internalType": "bool", "name": "isAudio", "type": "bool" },
      { "internalType": "string", "name": "date", "type": "string" },
      { "internalType": "address", "name": "author", "type": "address" }
    ],
    "stateMutability": "view",
    "type": "function"
  }
]
