{
 "actions": [],
 "allow_rename": 1,
 "creation": "2023-06-16 17:57:36.604672",
 "doctype": "DocType",
 "editable_grid": 1,
 "engine": "InnoDB",
 "field_order": [
  "document_type",
  "action"
 ],
 "fields": [
  {
   "default": "Amend Counter",
   "fieldname": "action",
   "fieldtype": "Select",
   "in_list_view": 1,
   "label": "Action",
   "options": "Amend Counter\nDefault Naming",
   "reqd": 1
  },
  {
   "fieldname": "document_type",
   "fieldtype": "Link",
   "in_list_view": 1,
   "label": "DocType",
   "options": "DocType",
   "reqd": 1,
   "unique": 1
  }
 ],
 "index_web_pages_for_search": 1,
 "istable": 1,
 "links": [],
 "modified": "2023-06-16 18:26:16.247475",
 "modified_by": "Administrator",
 "module": "Core",
 "name": "Amended Document Naming Settings",
 "owner": "Administrator",
 "permissions": [],
 "sort_field": "modified",
 "sort_order": "DESC",
 "states": []
}