{
  "framework": "treefrog",
  "tests": [{
    "default": {
      "json_url": "/json/json",
      "db_url": "/world/prandom",
      "query_url": "/world/pqueries/",
      "fortune_url": "/fortune/index",
      "update_url": "/world/pupdates/",
      "plaintext_url": "/world/plain",
      "cached_query_url": "/world/cached_pqueries/",
      "port": 8080,
      "approach": "Realistic",
      "classification": "Fullstack",
      "database": "Postgres",
      "framework": "treefrog",
      "language": "C++",
      "flavor": "None",
      "orm": "Micro",
      "platform": "None",
      "webserver": "None",
      "os": "Linux",
      "database_os": "Linux",
      "display_name": "treefrog-postgres",
      "notes": "",
      "versus": ""
    },
    "mysql": {
      "db_url": "/world/random",
      "query_url": "/world/queries/",
      "fortune_url": "/fortune/index",
      "update_url": "/world/updates/",
      "cached_query_url": "/world/cached_queries/",
      "port": 8080,
      "approach": "Realistic",
      "classification": "Fullstack",
      "database": "MySQL",
      "framework": "treefrog",
      "language": "C++",
      "orm": "Micro",
      "platform": "None",
      "webserver": "None",
      "os": "Linux",
      "database_os": "Linux",
      "display_name": "treefrog-mysql",
      "notes": "",
      "versus": ""
    },
    "epoll": {
      "json_url": "/json/json",
      "db_url": "/world/prandom",
      "query_url": "/world/pqueries/",
      "fortune_url": "/fortune/index",
      "update_url": "/world/pupdates/",
      "plaintext_url": "/world/plain",
      "cached_query_url": "/world/cached_pqueries/",
      "port": 8080,
      "approach": "Realistic",
      "classification": "Fullstack",
      "database": "Postgres",
      "framework": "treefrog",
      "language": "C++",
      "flavor": "None",
      "orm": "Micro",
      "platform": "None",
      "webserver": "None",
      "os": "Linux",
      "database_os": "Linux",
      "display_name": "treefrog-epoll",
      "notes": "",
      "versus": ""
    },
    "mongodb": {
      "db_url": "/world/mrandom",
      "query_url": "/world/mqueries/",
      "fortune_url": "/fortune/mindex",
      "update_url": "/world/mupdates/",
      "cached_query_url": "/world/cached_mqueries/",
      "port": 8080,
      "approach": "Realistic",
      "classification": "Fullstack",
      "database": "MongoDB",
      "framework": "treefrog",
      "language": "C++",
      "orm": "Micro",
      "platform": "None",
      "webserver": "None",
      "os": "Linux",
      "database_os": "Linux",
      "display_name": "treefrog-mongo",
      "notes": "",
      "versus": "treefrog"
    }
  }]
}
