<!--
  ~ Licensed to the Apache Software Foundation (ASF) under one or more
  ~ contributor license agreements.  See the NOTICE file distributed with
  ~ this work for additional information regarding copyright ownership.
  ~ The ASF licenses this file to You under the Apache License, Version 2.0
  ~ (the "License"); you may not use this file except in compliance with
  ~ the License.  You may obtain a copy of the License at
  ~
  ~     http://www.apache.org/licenses/LICENSE-2.0
  ~
  ~ Unless required by applicable law or agreed to in writing, software
  ~ distributed under the License is distributed on an "AS IS" BASIS,
  ~ WITHOUT WARRANTIES OR CONDITIONS OF ANY KIND, either express or implied.
  ~ See the License for the specific language governing permissions and
  ~ limitations under the License.
  -->

<assembly xmlns="http://maven.apache.org/ASSEMBLY/2.1.0"
          xmlns:xsi="http://www.w3.org/2001/XMLSchema-instance"
          xsi:schemaLocation="http://maven.apache.org/ASSEMBLY/2.1.0 http://maven.apache.org/xsd/assembly-2.1.0.xsd">
    <id>seatunnel-web</id>
    <formats>
        <format>dir</format>
        <format>zip</format>
        <format>tar.gz</format>
    </formats>
    <includeBaseDirectory>false</includeBaseDirectory>
    <fileSets>
        <fileSet>
            <directory>${basedir}/src/main/resources</directory>
            <includes>
                <include>*.yml</include>
                <include>*.yaml</include>
                <include>*.xml</include>
            </includes>
            <outputDirectory>conf</outputDirectory>
        </fileSet>
        <fileSet>
            <directory>${basedir}/src/main/resources/script</directory>
            <includes>
                <include>*.*</include>
            </includes>
            <outputDirectory>script</outputDirectory>
        </fileSet>
        <fileSet>
            <directory>${basedir}/src/main/bin</directory>
            <includes>
                <include>*.sh</include>
            </includes>
            <outputDirectory>bin</outputDirectory>
        </fileSet>
        <fileSet>
            <directory>${basedir}/../../seatunnel-ui/dist</directory>
            <includes>
                <include>**/*.*</include>
            </includes>
            <outputDirectory>ui</outputDirectory>
        </fileSet>
    </fileSets>
    <dependencySets>
        <dependencySet>
            <outputDirectory>libs</outputDirectory>
        </dependencySet>
        <!-- =================== JDBC Connector Drivers ===================  -->
        <dependencySet>
            <useProjectArtifact>false</useProjectArtifact>
            <useTransitiveDependencies>true</useTransitiveDependencies>
            <unpack>false</unpack>
            <includes>
                <include>mysql:mysql-connector-java:jar</include>
                <include>org.postgresql:postgresql:jar</include>
            </includes>
            <outputFileNameMapping>${artifact.file.name}</outputFileNameMapping>
            <outputDirectory>libs</outputDirectory>
            <scope>provided</scope>
        </dependencySet>
    </dependencySets>
</assembly>
