{
    "3": {
        "inputs": {
            "seed": 778621529887597,
            "steps": 20,
            "cfg": 8.0,
            "sampler_name": "euler",
            "scheduler": "normal",
            "denoise": 1.0,
            "model": [
                "4",
                0
            ],
            "positive": [
                "6",
                0
            ],
            "negative": [
                "7",
                0
            ],
            "latent_image": [
                "5",
                0
            ]
        },
        "class_type": "KSampler",
        "_meta": {
            "title": "K\u91c7\u6837\u5668"
        }
    },
    "4": {
        "inputs": {
            "ckpt_name": "v1-5-pruned-emaonly-fp16.safetensors"
        },
        "class_type": "CheckpointLoaderSimple",
        "_meta": {
            "title": "Checkpoint\u52a0\u8f7d\u5668\uff08\u7b80\u6613\uff09"
        }
    },
    "5": {
        "inputs": {
            "width": 512,
            "height": 512,
            "batch_size": 1
        },
        "class_type": "EmptyLatentImage",
        "_meta": {
            "title": "\u7a7aLatent\u56fe\u50cf"
        }
    },
    "6": {
        "inputs": {
            "text": "beautiful scenery nature glass bottle landscape, , purple galaxy bottle,",
            "clip": [
                "4",
                1
            ]
        },
        "class_type": "CLIPTextEncode",
        "_meta": {
            "title": "CLIP\u6587\u672c\u7f16\u7801"
        }
    },
    "7": {
        "inputs": {
            "text": "text, watermark",
            "clip": [
                "4",
                1
            ]
        },
        "class_type": "CLIPTextEncode",
        "_meta": {
            "title": "CLIP\u6587\u672c\u7f16\u7801"
        }
    },
    "8": {
        "inputs": {
            "samples": [
                "3",
                0
            ],
            "vae": [
                "4",
                2
            ]
        },
        "class_type": "VAEDecode",
        "_meta": {
            "title": "VAE\u89e3\u7801"
        }
    },
    "9": {
        "inputs": {
            "filename_prefix": "ComfyUI",
            "images": [
                "8",
                0
            ]
        },
        "class_type": "SaveImage",
        "_meta": {
            "title": "\u4fdd\u5b58\u56fe\u50cf"
        }
    }
}