<?xml version="1.0" encoding="UTF-8"?>
<!DOCTYPE mapper PUBLIC "-//mybatis.org//DTD Mapper 3.0//EN" "http://mybatis.org/dtd/mybatis-3-mapper.dtd">
<mapper namespace="com.microservice.skeleton.upms.mapper.SysMenuMapper">
  <resultMap id="BaseResultMap" type="com.microservice.skeleton.upms.entity.SysMenu">
    <!--
      WARNING - @mbg.generated
    -->
    <id column="id" jdbcType="INTEGER" property="id" />
    <result column="code" jdbcType="VARCHAR" property="code" />
    <result column="p_code" jdbcType="VARCHAR" property="pCode" />
    <result column="p_id" jdbcType="VARCHAR" property="pId" />
    <result column="name" jdbcType="VARCHAR" property="name" />
    <result column="url" jdbcType="VARCHAR" property="url" />
    <result column="is_menu" jdbcType="INTEGER" property="isMenu" />
    <result column="level" jdbcType="INTEGER" property="level" />
    <result column="sort" jdbcType="INTEGER" property="sort" />
    <result column="status" jdbcType="INTEGER" property="status" />
    <result column="icon" jdbcType="VARCHAR" property="icon" />
    <result column="create_time" jdbcType="TIMESTAMP" property="createTime" />
    <result column="update_time" jdbcType="TIMESTAMP" property="updateTime" />
  </resultMap>
</mapper>