<?xml version="1.0" encoding="UTF-8"?>
<!DOCTYPE mapper PUBLIC "-//mybatis.org//DTD Mapper 3.0//EN" "http://mybatis.org/dtd/mybatis-3-mapper.dtd">
<mapper namespace="com.microservice.skeleton.upms.mapper.SysRoleMapper">
  <resultMap id="BaseResultMap" type="com.microservice.skeleton.upms.entity.SysRole">
    <!--
      WARNING - @mbg.generated
    -->
    <id column="id" jdbcType="INTEGER" property="id" />
    <result column="name" jdbcType="VARCHAR" property="name" />
    <result column="value" jdbcType="VARCHAR" property="value" />
    <result column="tips" jdbcType="VARCHAR" property="tips" />
    <result column="create_time" jdbcType="TIMESTAMP" property="createTime" />
    <result column="update_time" jdbcType="TIMESTAMP" property="updateTime" />
    <result column="status" jdbcType="INTEGER" property="status" />
  </resultMap>
</mapper>