<?xml version="1.0" encoding="UTF-8"?>
<!DOCTYPE mapper PUBLIC "-//mybatis.org//DTD Mapper 3.0//EN" "http://mybatis.org/dtd/mybatis-3-mapper.dtd">
<mapper namespace="com.microservice.skeleton.upms.mapper.SysUserMapper">
  <resultMap id="BaseResultMap" type="com.microservice.skeleton.upms.entity.SysUser">
    <!--
      WARNING - @mbg.generated
    -->
    <id column="id" jdbcType="INTEGER" property="id" />
    <result column="avatar" jdbcType="VARCHAR" property="avatar" />
    <result column="username" jdbcType="VARCHAR" property="username" />
    <result column="password" jdbcType="VARCHAR" property="password" />
    <result column="salt" jdbcType="VARCHAR" property="salt" />
    <result column="name" jdbcType="VARCHAR" property="name" />
    <result column="birthday" jdbcType="TIMESTAMP" property="birthday" />
    <result column="sex" jdbcType="INTEGER" property="sex" />
    <result column="email" jdbcType="VARCHAR" property="email" />
    <result column="phone" jdbcType="VARCHAR" property="phone" />
    <result column="status" jdbcType="INTEGER" property="status" />
    <result column="create_time" jdbcType="TIMESTAMP" property="createTime" />
    <result column="update_time" jdbcType="TIMESTAMP" property="updateTime" />
  </resultMap>
  <resultMap id="userVoMap" type="com.microservice.skeleton.common.vo.UserVo">
    <id column="id" jdbcType="INTEGER" property="id" />
    <result column="avatar" jdbcType="VARCHAR" property="avatar" />
    <result column="username" jdbcType="VARCHAR" property="username" />
    <result column="salt" jdbcType="VARCHAR" property="salt" />
    <result column="name" jdbcType="VARCHAR" property="name" />
    <result column="birthday" jdbcType="TIMESTAMP" property="birthday" />
    <result column="sex" jdbcType="INTEGER" property="sex" />
    <result column="email" jdbcType="VARCHAR" property="email" />
    <result column="phone" jdbcType="VARCHAR" property="phone" />
    <result column="status" jdbcType="INTEGER" property="status" />
    <result column="create_time" jdbcType="TIMESTAMP" property="createTime" />
  </resultMap>
</mapper>