<?xml version="1.0" encoding="UTF-8"?>
<configuration status="error">
 <properties>
    <property name="filename">${env:CATALINA_HOME}/logs/jdon.log</property>
  </properties>
  <appenders>
    <Console name="Console" target="SYSTEM_ERR">
      <PatternLayout pattern="%d{HH:mm:ss.SSS} [%t] %-5level %logger{36} - %msg%n"/>
    </Console>
    <File name="File" fileName="${filename}">
      <PatternLayout>
         <pattern>%d{HH:mm:ss} %5p [%F:%L] %c{8}.%M() - %m%n</pattern>
      </PatternLayout>
    </File>
  </appenders>
  <loggers>
    <logger name="com.jdon" level="error">
      <appender-ref ref="File"/>
    </logger>
    <logger name="JdonFramework" level="debug">
     <appender-ref ref="Console"/>
      <appender-ref ref="File"/>
    </logger> 
     
    
    <root level="error">
      <appender-ref ref="Console"/>
    </root>
  </loggers>
</configuration>