<?xml version="1.0" encoding="UTF-8" ?>
<!DOCTYPE mapper PUBLIC "-//mybatis.org//DTD Mapper 3.0//EN" "http://mybatis.org/dtd/mybatis-3-mapper.dtd" >
<mapper namespace="com.easytoolsoft.easyreport.membership.data.EventRepository">
    <!-- CodeBuilder  Generated-->
    <resultMap id="EventMap" type="com.easytoolsoft.easyreport.membership.domain.Event">
        <id column="id" property="id" jdbcType="INTEGER"/>
        <result column="source" property="source" jdbcType="VARCHAR"/>
        <result column="user_id" property="userId" jdbcType="INTEGER"/>
        <result column="account" property="account" jdbcType="VARCHAR"/>
        <result column="level" property="level" jdbcType="VARCHAR"/>
        <result column="message" property="message" jdbcType="LONGVARCHAR"/>
        <result column="url" property="url" jdbcType="VARCHAR"/>
        <result column="gmt_created" property="gmtCreated" jdbcType="TIMESTAMP"/>
    </resultMap>
    <sql id="Example_Where_Clause">
        <where>
            <foreach collection="example.oredCriteria" item="criteria" separator="or">
                <if test="criteria.valid">
                    <trim prefix="(" suffix=")" prefixOverrides="and">
                        <foreach collection="criteria.criteria" item="criterion">
                            <choose>
                                <when test="criterion.noValue">
                                    and ${criterion.condition}
                                </when>
                                <when test="criterion.singleValue">
                                    and ${criterion.condition} #{criterion.value}
                                </when>
                                <when test="criterion.betweenValue">
                                    and ${criterion.condition} #{criterion.value} and #{criterion.secondValue}
                                </when>
                                <when test="criterion.listValue">
                                    and ${criterion.condition}
                                    <foreach collection="criterion.value" item="listItem" open="(" close=")"
                                             separator=",">
                                        #{listItem}
                                    </foreach>
                                </when>
                            </choose>
                        </foreach>
                    </trim>
                </if>
            </foreach>
        </where>
    </sql>
    <sql id="Table_Name">ezrpt_sys_event</sql>
    <sql id="Base_Column_List_Without_Id">
        source ,user_id ,account ,level ,message ,url ,gmt_created
    </sql>
    <sql id="Base_Column_List">
        id ,
        <include refid="Base_Column_List_Without_Id"/>
    </sql>
    <sql id="Insert_Columns">
        <if test="record.source != null">source,</if>
        <if test="record.userId != null">user_id,</if>
        <if test="record.account != null">account,</if>
        <if test="record.level != null">level,</if>
        <if test="record.message != null">message,</if>
        <if test="record.url != null">url,</if>
        <if test="record.gmtCreated != null">gmt_created,</if>
    </sql>
    <sql id="Insert_Values">
        <if test="record.source != null">#{record.source,jdbcType=VARCHAR},</if>
        <if test="record.userId != null">#{record.userId,jdbcType=INTEGER},</if>
        <if test="record.account != null">#{record.account,jdbcType=VARCHAR},</if>
        <if test="record.level != null">#{record.level,jdbcType=VARCHAR},</if>
        <if test="record.message != null">#{record.message,jdbcType=LONGVARCHAR},</if>
        <if test="record.url != null">#{record.url,jdbcType=VARCHAR},</if>
        <if test="record.gmtCreated != null">#{record.gmtCreated,jdbcType=TIMESTAMP},</if>
    </sql>
    <sql id="Batch_Insert_Values">
        #{record.source,jdbcType=VARCHAR},
        #{record.userId,jdbcType=INTEGER},
        #{record.account,jdbcType=VARCHAR},
        #{record.level,jdbcType=VARCHAR},
        #{record.message,jdbcType=LONGVARCHAR},
        #{record.url,jdbcType=VARCHAR},
        #{record.gmtCreated,jdbcType=TIMESTAMP},
    </sql>
    <sql id="Batch_Insert_Values_On_DuplicateKey">
        #{record.id,jdbcType=INTEGER},
        <include refid="Batch_Insert_Values"/>
    </sql>
    <sql id="Update_Set_From_Bean">
        <if test="record.source != null">source = #{record.source,jdbcType=VARCHAR} ,</if>
        <if test="record.userId != null">user_id = #{record.userId,jdbcType=INTEGER} ,</if>
        <if test="record.account != null">account = #{record.account,jdbcType=VARCHAR} ,</if>
        <if test="record.level != null">level = #{record.level,jdbcType=VARCHAR} ,</if>
        <if test="record.message != null">message = #{record.message,jdbcType=LONGVARCHAR} ,</if>
        <if test="record.url != null">url = #{record.url,jdbcType=VARCHAR} ,</if>
        <if test="record.gmtCreated != null">gmt_created = #{record.gmtCreated,jdbcType=TIMESTAMP} ,</if>
    </sql>
    <!-- insert -->
    <insert id="insert" parameterType="java.util.Map">
        <selectKey resultType="java.lang.Integer" keyProperty="id" order="AFTER">
            SELECT LAST_INSERT_ID()
        </selectKey>
        insert into
        <include refid="Table_Name"/>
        <trim prefix="(" suffix=")" suffixOverrides=",">
            <include refid="Insert_Columns"/>
        </trim>
        <trim prefix="values (" suffix=")" suffixOverrides=",">
            <include refid="Insert_Values"/>
        </trim>
    </insert>
    <insert id="batchInsert" parameterType="java.util.Map">
        insert into
        <include refid="Table_Name"/>
        <trim prefix="(" suffix=")" suffixOverrides=",">
            <include refid="Base_Column_List_Without_Id"/>
        </trim>
        values
        <foreach collection="records" item="record" index="index" separator=",">
            <trim prefix="(" suffix=")" suffixOverrides=",">
                <include refid="Batch_Insert_Values"/>
            </trim>
        </foreach>
    </insert>
    <insert id="batchInsertOnDuplicateKey" parameterType="java.util.Map">
        insert into
        <include refid="Table_Name"/>
        <trim prefix="(" suffix=")" suffixOverrides=",">
            <include refid="Base_Column_List"/>
        </trim>
        values
        <foreach collection="records" item="record" index="index" separator=",">
            <trim prefix="(" suffix=")" suffixOverrides=",">
                <include refid="Batch_Insert_Values_On_DuplicateKey"/>
            </trim>
        </foreach>
        ON DUPLICATE KEY UPDATE
        source = VALUES(source) , user_id = VALUES(user_id) , account = VALUES(account) , level = VALUES(level) ,
        message = VALUES(message) , url = VALUES(url) , gmt_created = VALUES(gmt_created)
    </insert>
    <!-- end insert -->
    <!-- delete -->
    <delete id="deleteById" parameterType="java.util.Map">
        delete from
        <include refid="Table_Name"/>
        where id = #{id,jdbcType=INTEGER}
    </delete>
    <delete id="deleteByExample" parameterType="java.util.Map">
        delete from
        <include refid="Table_Name"/>
        <if test="example != null">
            <include refid="Example_Where_Clause"/>
        </if>
    </delete>
    <delete id="deleteIn" parameterType="java.util.Map">
        delete from
        <include refid="Table_Name"/>
        where id in
        <foreach collection="records" item="record" index="index" open="(" separator="," close=")">
            #{record.id,jdbcType=INTEGER}
        </foreach>
    </delete>
    <!-- end delete -->
    <!-- update -->
    <update id="updateById" parameterType="java.util.Map">
        update
        <include refid="Table_Name"/>
        <set>
            <include refid="Update_Set_From_Bean"/>
        </set>
        where id = #{record.id,jdbcType=INTEGER}
    </update>
    <update id="updateByExample" parameterType="java.util.Map">
        update
        <include refid="Table_Name"/>
        <set>
            <include refid="Update_Set_From_Bean"/>
        </set>
        <if test="example != null">
            <include refid="Example_Where_Clause"/>
        </if>
    </update>
    <update id="batchUpdate" parameterType="java.util.Map">
        <foreach collection="records" item="record" index="index" open="" close="" separator=";">
            update
            <include refid="Table_Name"/>
            <set>
                <include refid="Update_Set_From_Bean"/>
            </set>
            where id=#{record.id,jdbcType=INTEGER}
        </foreach>
    </update>
    <!-- end update -->
    <!-- select -->
    <select id="selectById" resultMap="EventMap" parameterType="java.util.Map">
        select
        <include refid="Base_Column_List"/>
        from
        <include refid="Table_Name"/>
        where id = #{id,jdbcType=INTEGER}
    </select>
    <select id="selectByExample" resultMap="EventMap" parameterType="java.util.Map">
        select
        <if test="example != null and example.distinct">
            distinct
        </if>
        <include refid="Base_Column_List"/>
        from
        <include refid="Table_Name"/>
        <if test="example != null">
            <include refid="Example_Where_Clause"/>
        </if>
        <if test="example != null and example.orderByClause != null">
            order by ${example.orderByClause}
        </if>
    </select>
    <select id="selectOneByExample" resultMap="EventMap" parameterType="java.util.Map">
        select
        <include refid="Base_Column_List"/>
        from
        <include refid="Table_Name"/>
        <if test="example != null">
            <include refid="Example_Where_Clause"/>
        </if>
        limit 1
    </select>
    <select id="selectIn" resultMap="EventMap" parameterType="java.util.Map">
        select
        <include refid="Base_Column_List"/>
        from
        <include refid="Table_Name"/>
        where id IN
        <foreach collection="records" item="record" index="index" open="(" separator="," close=")">
            #{record.id,jdbcType=INTEGER}
        </foreach>
    </select>
    <select id="countByExample" resultType="java.lang.Integer" parameterType="java.util.Map">
        select count(*) as total from
        <include refid="Table_Name"/>
        <if test="example != null">
            <include refid="Example_Where_Clause"/>
        </if>
    </select>
    <select id="countByPager" resultType="java.lang.Integer" parameterType="java.util.Map">
        select count(*) as total from
        <include refid="Table_Name"/>
        <if test="example != null">
            <include refid="Example_Where_Clause"/>
        </if>
    </select>
    <select id="selectByPager" resultMap="EventMap" parameterType="java.util.Map">
        select
        <include refid="Base_Column_List"/>
        from
        <include refid="Table_Name"/>
        <if test="example != null">
            <include refid="Example_Where_Clause"/>
        </if>
        <if test="pager.sortItem != null and pager.sortItem != '' ">
            order by ${pager.sortItem} ${pager.sortType}
        </if>
        limit #{pager.startIndex} , #{pager.pageSize}
    </select>
    <!-- end select -->
    <!-- My Custom Interfaces -->
</mapper>
