{"kind":"plus#activity","title":"This post will automatically be sync'd into my locker! The new G+ API is very minimal but it was ...","published":"2011-09-16T07:54:18.000Z","updated":"2011-09-16T07:54:19.334Z","id":"z13rjzwhjrbmgreqh04cfrsprwbwvvhak04","url":"https://plus.google.com/101472533679951473317/posts/bLz8Awfwgmj","actor":{"id":"101472533679951473317","displayName":"Jeremie Miller","url":"https://plus.google.com/101472533679951473317","image":{"url":"https://lh5.googleusercontent.com/-1W5Jj_rGnLU/AAAAAAAAAAI/AAAAAAAAAAA/h9y-nQg6aC0/photo.jpg"}},"verb":"post","object":{"objectType":"note","content":"This post will automatically be sync&#39;d into my locker! The new G+ API is very minimal but it was enough to get something working as a basic <a href=\"http://lockerproject.org\" >lockerproject.org</a> service in an evening: <a href=\"https://github.com/LockerProject/Locker/commit/fb7fb9abf28cb5e8970fd87f0289f61143ffb76a\" >https://github.com/LockerProject/Locker/commit/fb7fb9abf28cb5e8970fd87f0289f61143ffb76a</a>","originalContent":"","url":"https://plus.google.com/101472533679951473317/posts/bLz8Awfwgmj","replies":{"totalItems":1},"plusoners":{"totalItems":4},"resharers":{"totalItems":0},"attachments":[{"objectType":"photo","content":"Screen Shot 2011-09-16 at 2.44.16 AM.png","url":"https://plus.google.com/photos/101472533679951473317/albums/5652862402750336785/5652862403414234866","image":{"url":"http://images0-focus-opensocial.googleusercontent.com/gadgets/proxy?container=focus&gadget=a&resize_h=100&url=https%3A%2F%2Flh5.googleusercontent.com%2F-x3P502Br74M%2FTnMAZ9-qlvI%2FAAAAAAAAADE%2FvErLh6_VQM0%2Fw288-h288%2FScreen%252BShot%252B2011-09-16%252Bat%252B2.44.16%252BAM.png","type":"image/jpeg"},"fullImage":{"url":"https://lh5.googleusercontent.com/-x3P502Br74M/TnMAZ9-qlvI/AAAAAAAAADE/vErLh6_VQM0/Screen%2BShot%2B2011-09-16%2Bat%2B2.44.16%2BAM.png","type":"image/jpeg","height":97,"width":567}}]},"provider":{"title":"Google+"},"access":{"kind":"plus#acl","items":[{"type":"public"}]}}
