{"kind":"plus#activity","title":"Testing posting some stuff as I play with the API, this is +Simon Murtha-Smith who might remind y...","published":"2011-09-16T01:22:28.000Z","updated":"2011-09-16T01:22:28.978Z","id":"z12mftyj1v2xjblyj04cfrsprwbwvvhak04","url":"https://plus.google.com/101472533679951473317/posts/bicK6X7FmQo","actor":{"id":"101472533679951473317","displayName":"Jeremie Miller","url":"https://plus.google.com/101472533679951473317","image":{"url":"https://lh5.googleusercontent.com/-1W5Jj_rGnLU/AAAAAAAAAAI/AAAAAAAAAAA/h9y-nQg6aC0/photo.jpg"}},"verb":"post","object":{"objectType":"note","content":"Testing posting some stuff as I play with the API, this is <span class=\"proflinkWrapper\"><span class=\"proflinkPrefix\">+</span><a href=\"https://plus.google.com/115027625676318444598\" class=\"proflink\" oid=\"115027625676318444598\">Simon Murtha-Smith</a></span> who might remind you of this guy: <a href=\"http://www.eonline.com/news/hobbit_enlists_flight_of_conchords_star/234658\" >http://www.eonline.com/news/hobbit_enlists_flight_of_conchords_star/234658</a>","originalContent":"","url":"https://plus.google.com/101472533679951473317/posts/bicK6X7FmQo","replies":{"totalItems":2},"plusoners":{"totalItems":0},"resharers":{"totalItems":0},"attachments":[{"objectType":"photo","content":"IMG_1984.jpg","url":"https://plus.google.com/photos/101472533679951473317/albums/5652759671993191265/5652760252861355586","image":{"url":"http://images0-focus-opensocial.googleusercontent.com/gadgets/proxy?container=focus&gadget=a&resize_h=100&url=https%3A%2F%2Flh6.googleusercontent.com%2F-YgmUlKHC0EA%2FTnKjgBg_lkI%2FAAAAAAAAACk%2FP0BUb0f7AUc%2Fw288-h288%2FIMG_1984.jpg","type":"image/jpeg"},"fullImage":{"url":"https://lh6.googleusercontent.com/-YgmUlKHC0EA/TnKjgBg_lkI/AAAAAAAAACk/P0BUb0f7AUc/IMG_1984.jpg","type":"image/jpeg","height":2048,"width":1530}}]},"provider":{"title":"Google+"},"access":{"kind":"plus#acl","items":[{"type":"public"}]},"geocode":"37.7593952 -122.4107648","address":"777 Florida St, San Francisco, California","placeName":"777 Florida St, San Francisco, California"}
