<?xml version="1.0" encoding="UTF-8"?>
<!--

    Copyright (c) 2021, 2023 Oracle and/or its affiliates.

    Licensed under the Apache License, Version 2.0 (the "License");
    you may not use this file except in compliance with the License.
    You may obtain a copy of the License at

        http://www.apache.org/licenses/LICENSE-2.0

    Unless required by applicable law or agreed to in writing, software
    distributed under the License is distributed on an "AS IS" BASIS,
    WITHOUT WARRANTIES OR CONDITIONS OF ANY KIND, either express or implied.
    See the License for the specific language governing permissions and
    limitations under the License.

-->
<!--suppress GrazieInspection -->
<archetype-script xmlns="https://helidon.io/archetype/2.0"
                  xmlns:xsi="http://www.w3.org/2001/XMLSchema-instance"
                  xsi:schemaLocation="https://helidon.io/archetype/2.0 https://helidon.io/xsd/archetype-2.0.xsd">
    <variables>
        <boolean path="application-yaml">false</boolean>
    </variables>
    <exec src="/mp/common/common-mp.xml"/>
    <exec src="/common/media.xml"/>
    <source src="/common/media-sources.xml"/>
    <exec src="/common/security.xml"/>
    <exec src="database-input.xml"/>
    <exec src="/common/extra.xml"/>
    <source src="extra-output.xml"/>
    <source src="/common/observability.xml"/>
    <exec src="/common/packaging.xml"/>
    <source src="observability.xml"/>
    <exec src="database-outputs.xml" if="${db}"/>
    <source src="security-outputs.xml" if="${security}"/>
    <exec src="coherence-output.xml" if="${extra} contains 'coherence'"/>
    <output>
        <templates engine="mustache" transformations="mustache" if="${application-yaml}">
            <directory>files</directory>
            <includes>
                <include>src/*/resources/**/application.yaml.mustache</include>
            </includes>
        </templates>
        <model>
            <value key="helidon-test">true</value>
            <list key="pom-properties" if="${jpms}">
                <map order="1">
                    <value key="key">mainClass</value>
                    <value key="value">${package}.Main</value>
                </map>
            </list>
            <list key="microprofile-config-entries">
                <value file="files/microprofile-config.properties"/>
            </list>
            <list key="MainTest-java-imports" if="${media.json-lib} == 'jsonp'">
                <value>jakarta.json.JsonObject</value>
            </list>
            <list key="MainTest-methods" if="${media.json-lib} == 'jsonp'">
                <value><![CDATA[
    @Test
    void testGreet() {
        JsonObject jsonObject = target
                .path("simple-greet")
                .request()
                .get(JsonObject.class);
        assertThat(jsonObject.getString("message"), is("Hello World!"));
    }
]]>
                </value>
            </list>
            <list key="MainTest-methods" if="['jsonb', 'jackson'] contains ${media.json-lib}">
                <value><![CDATA[
    @Test
    void testGreet() {
        Message message = target
                .path("simple-greet")
                .request()
                .get(Message.class);
        assertThat(message.getMessage(), is("Hello World!"));
    }
]]>
                </value>
            </list>
            <list key="dependencies">
                <map order="1000">
                    <value key="groupId">io.helidon.microprofile.bundles</value>
                    <value key="artifactId">helidon-microprofile-core</value>
                </map>
            </list>
            <list key="readme-exercise-the-application">
                <value order="999"><![CDATA[
Basic:
```
curl -X GET http://localhost:8080/simple-greet
Hello World!
```
]]></value>
            </list>
            <list key="module-requires">
                <value>jakarta.cdi</value>
                <value>jakarta.inject</value>
                <value>jakarta.ws.rs</value>
                <value>io.helidon</value>
                <value>io.helidon.microprofile.config</value>
                <value>io.helidon.microprofile.server</value>
            </list>
            <value key="module-opens-package">true</value>
        </model>
    </output>
</archetype-script>
