<?xml version="1.0" encoding="UTF-8"?>
<!--

    Copyright (c) 2022, 2024 Oracle and/or its affiliates.

    Licensed under the Apache License, Version 2.0 (the "License");
    you may not use this file except in compliance with the License.
    You may obtain a copy of the License at

        http://www.apache.org/licenses/LICENSE-2.0

    Unless required by applicable law or agreed to in writing, software
    distributed under the License is distributed on an "AS IS" BASIS,
    WITHOUT WARRANTIES OR CONDITIONS OF ANY KIND, either express or implied.
    See the License for the specific language governing permissions and
    limitations under the License.

-->
<archetype-script xmlns="https://helidon.io/archetype/2.0"
                  xmlns:xsi="http://www.w3.org/2001/XMLSchema-instance"
                  xsi:schemaLocation="https://helidon.io/archetype/2.0 https://helidon.io/xsd/archetype-2.0.xsd">

    <methods>
        <method name="hibernate">
            <output if="${db.jpa-impl} == 'hibernate'">
                <templates engine="mustache" transformations="mustache">
                    <directory>../database/files</directory>
                    <includes>
                        <include>src/main/resources/**/hibernate.properties.mustache</include>
                    </includes>
                </templates>
                <model>
                    <list key="test-persistence-properties">
                        <map>
                            <value key="name">hibernate.dialect</value>
                            <value key="value">org.hibernate.dialect.H2Dialect</value>
                        </map>
                    </list>
                    <list key="dependencies">
                        <map>
                            <value key="groupId">io.helidon.integrations.cdi</value>
                            <value key="artifactId">helidon-integrations-cdi-hibernate</value>
                            <value key="scope">runtime</value>
                        </map>
                    </list>
                    <list key="maven-plugins">
                        <value><![CDATA[            <plugin>
                <groupId>org.hibernate.orm.tooling</groupId>
                <artifactId>hibernate-enhance-maven-plugin</artifactId>
                <executions>
                    <execution>
                        <configuration>
                            <failOnError>true</failOnError>
                            <enableLazyInitialization>true</enableLazyInitialization>
                            <enableDirtyTracking>true</enableDirtyTracking>
                        </configuration>
                        <goals>
                            <goal>enhance</goal>
                        </goals>
                    </execution>
                </executions>
            </plugin>]]></value>
                    </list>
                    <list key="main-persistence-properties">
                        <map if="${db.auto-ddl}">
                            <value key="name">hibernate.hbm2ddl.auto</value>
                            <value key="value">create-drop</value>
                        </map>
                    </list>
                </model>
            </output>
        </method>
        <method name="eclipselink">
            <output if="${db.jpa-impl} == 'eclipselink'">
                <model>
                    <list key="main-persistence-properties">
                        <map>
                            <value key="name">eclipselink.deploy-on-startup</value>
                            <value key="value">true</value>
                        </map>
                        <map>
                            <value key="name">eclipselink.jdbc.native-sql</value>
                            <value key="value">true</value>
                        </map>
                        <map>
                            <value key="name">eclipselink.logging.logger</value>
                            <value key="value">JavaLogger</value>
                        </map>
                        <map>
                            <value key="name">eclipselink.logging.parameters</value>
                            <value key="value">true</value>
                        </map>
                        <map>
                            <value key="name">eclipselink.weaving</value>
                            <value key="value">false</value>
                        </map>
                    </list>
                    <list key="test-persistence-properties">
                        <map>
                            <value key="name">eclipselink.target-database</value>
                            <value key="value">org.eclipse.persistence.platform.database.H2Platform</value>
                        </map>
                    </list>
                    <list key="dependencies">
                        <map>
                            <value key="groupId">io.helidon.integrations.cdi</value>
                            <value key="artifactId">helidon-integrations-cdi-eclipselink</value>
                            <value key="scope">runtime</value>
                        </map>
                    </list>
                    <list key="maven-plugins">
                        <!-- use template to avoid the substitutions ${} -->
                        <value template="mustache"><![CDATA[            <plugin>
                <groupId>org.codehaus.mojo</groupId>
                <artifactId>exec-maven-plugin</artifactId>
                <executions>
                    <execution>
                        <id>weave</id>
                        <phase>process-classes</phase>
                        <goals>
                            <goal>java</goal>
                        </goals>
                        <configuration combine.self="override">
                            <mainClass>org.eclipse.persistence.tools.weaving.jpa.StaticWeave</mainClass>
                            <arguments>
                                <argument>-loglevel</argument>
                                <argument>INFO</argument>
                                <argument>${project.build.outputDirectory}</argument>
                                <argument>${project.build.outputDirectory}</argument>
                            </arguments>
                            <skip>${eclipselink.weave.skip}</skip>
                        </configuration>
                    </execution>
                </executions>
            </plugin>]]></value>
                    </list>
                    <list key="main-persistence-properties">
                        <map if="${db.auto-ddl} &amp;&amp; ${db.server} != 'h2'">
                            <value key="name">eclipselink.ddl-generation</value>
                            <value key="value">drop-and-create-tables</value>
                        </map>
                    </list>
                </model>
            </output>
        </method>
        <method name="hikaricp">
            <output if="${db.cp} == 'hikaricp'">
                <model>
                    <value key="database-hikari">true</value>
                    <list key="dependencies">
                        <map>
                            <value key="groupId">io.helidon.integrations.cdi</value>
                            <value key="artifactId">helidon-integrations-cdi-datasource-hikaricp</value>
                            <value key="scope">runtime</value>
                        </map>
                        <map>
                            <value key="groupId">org.slf4j</value>
                            <value key="artifactId">slf4j-jdk14</value>
                        </map>
                    </list>
                </model>
            </output>
        </method>
        <method name="ucp">
            <output if="${db.cp} == 'ucp'">
                <model>
                    <value key="database-ucp">true</value>
                    <list key="dependencies">
                        <map>
                            <value key="groupId">io.helidon.integrations.cdi</value>
                            <value key="artifactId">helidon-integrations-cdi-datasource-ucp</value>
                            <value key="scope">runtime</value>
                        </map>
                    </list>
                </model>
            </output>
        </method>
        <method name="h2">
            <output if="${db.server} == 'h2'">
                <file source="../database/files/src/main/resources/META-INF/init_script.sql.default"
                      target="src/main/resources/META-INF/init_script.sql"/>
                <model>
                    <value key="readme-description">Helidon MP application that uses JPA with an in-memory H2 database.</value>
                    <value key="integration-artifactId">h2</value>
                    <value key="db">H2</value>
                    <value key="start-db" template="mustache"><![CDATA[
H2:
```
docker run --rm --name h2 -p 9092:9082 -p 8082:8082 nemerosa/h2
```
For details, see https://www.h2database.com/html/cheatSheet.html
]]></value>
                    <list key="main-persistence-properties">
                        <map if="${db.jpa-impl} == 'hibernate'">
                            <value key="name">hibernate.column_ordering_strategy</value>
                            <value key="value">legacy</value>
                            <value key="name">hibernate.dialect</value>
                            <value key="value">org.hibernate.dialect.H2Dialect</value>
                        </map>
                        <map if="${db.jpa-impl} == 'eclipselink'">
                            <value key="name">eclipselink.target-database</value>
                            <value key="value">org.eclipse.persistence.platform.database.H2Platform</value>
                        </map>
                    </list>
                    <value key="jdbcDataSource">org.h2.jdbcx.JdbcDataSource</value>
                    <value key="databaseUrl">jdbc:h2:mem:test;DB_CLOSE_DELAY=-1</value>
                    <value key="dbUser">sa</value>
                    <value key="userPassword"></value>
                    <list key="MainTest-methods">
                        <value><![CDATA[
    @Test
    void testPokemonTypes() {
        JsonArray types = target
                .path("type")
                .request()
                .get(JsonArray.class);
        assertThat(types.size(), is(18));
    }

    @Test
    void testPokemon() {
        assertThat(getPokemonCount(), is(6));

        Pokemon pokemon = target
                .path("pokemon/1")
                .request()
                .get(Pokemon.class);
        assertThat(pokemon.getName(), is("Bulbasaur"));

        pokemon = target
                .path("pokemon/name/Charmander")
                .request()
                .get(Pokemon.class);
        assertThat(pokemon.getType(), is(10));

        Response response = target
                .path("pokemon/1")
                .request()
                .get();
        assertThat(response.getStatus(), is(200));

        Pokemon test = new Pokemon();
        test.setType(1);
        test.setId(100);
        test.setName("Test");
        response = target
                .path("pokemon")
                .request()
                .post(Entity.entity(test, MediaType.APPLICATION_JSON));
        assertThat(response.getStatus(), is(204));
        assertThat(getPokemonCount(), is(7));

        response = target
                .path("pokemon/100")
                .request()
                .delete();
        assertThat(response.getStatus(), is(204));
        assertThat(getPokemonCount(), is(6));
    }

    private int getPokemonCount() {
        JsonArray pokemons = target
                .path("pokemon")
                .request()
                .get(JsonArray.class);
        return pokemons.size();
    }
]]></value>
                    </list>
                    <list key="main-persistence-properties">
                        <map>
                            <value key="name">jakarta.persistence.sql-load-script-source</value>
                            <value key="value">META-INF/init_script.sql</value>
                        </map>
                        <map>
                            <value key="name">jakarta.persistence.schema-generation.database.action</value>
                            <value key="value">drop-and-create</value>
                        </map>
                    </list>
                </model>
            </output>
        </method>
        <method name="mysql">
            <output if="${db.server} == 'mysql'">
                <file source="../database/files/src/main/resources/META-INF/init_script.sql.default"
                      target="src/main/resources/META-INF/init_script.sql"/>
                <model>
                    <value key="helidon-test">false</value>
                    <value key="readme-description">Helidon MP application that uses the dbclient API with MySQL database.</value>
                    <value key="integration-artifactId">helidon-integrations-db-mysql</value>
                    <value key="db">MySQL</value>
                    <value key="start-db" template="mustache"><![CDATA[
MySQL:
```
docker run --rm --name mysql -p 3306:3306 \
    -e MYSQL_ROOT_PASSWORD=root \
    -e MYSQL_DATABASE=pokemon \
    -e MYSQL_USER=user \
    -e MYSQL_PASSWORD=changeit \
    mysql:5.7
```
]]></value>
                    <list key="main-persistence-properties">
                        <map if="${db.jpa-impl} == 'hibernate'">
                            <value key="name">hibernate.column_ordering_strategy</value>
                            <value key="value">legacy</value>
                            <value key="name">hibernate.dialect</value>
                            <value key="value">org.hibernate.dialect.MySQLDialect</value>
                        </map>
                        <map if="${db.jpa-impl} == 'eclipselink'">
                            <value key="name">eclipselink.target-database</value>
                            <value key="value">org.eclipse.persistence.platform.database.MySQLPlatform</value>
                        </map>
                    </list>
                    <list key="dependencies">
                        <map>
                            <value key="groupId">com.mysql</value>
                            <value key="artifactId">mysql-connector-j</value>
                            <value key="scope">runtime</value>
                        </map>
                    </list>
                    <value key="jdbcDataSource">com.mysql.cj.jdbc.MysqlDataSource</value>
                    <value key="databaseUrl">jdbc:mysql://127.0.0.1:3306/pokemon?useSSL=false</value>
                    <value key="dbUser">user</value>
                    <value key="userPassword">changeit</value>
                </model>
            </output>
        </method>
        <method name="oracle">
            <output if="${db.server} == 'oracledb'">
                <file source="../database/files/src/main/resources/META-INF/init_script.sql.oracle"
                      target="src/main/resources/META-INF/init_script.sql"/>
                <model>
                    <value key="helidon-test">false</value>
                    <value key="readme-description">Helidon MP application that uses the dbclient API with OracleDB database.</value>
                    <value key="readme-native-docker">docker run --rm --name xe -p 1521:1521 -p 8888:8080 -e ORACLE_PWD=oracle wnameless/oracle-xe-11g-r2</value>
                    <value key="readme-native-url">url: jdbc:oracle:thin:@localhost:1521/XE</value>
                    <value key="integration-artifactId">ojdbc</value>
                    <value key="db">OracleDB</value>
                    <value key="start-db"><![CDATA[
Oracle:
```
docker run --rm --name xe -p 1521:1521 -p 8888:8080 wnameless/oracle-xe-11g-r2
```
For details on an Oracle Docker image, see https://github.com/oracle/docker-images/tree/master/OracleDatabase/SingleInstance
]]></value>
                    <list key="main-persistence-properties">
                        <map if="${db.jpa-impl} == 'hibernate'">
                            <value key="name">hibernate.column_ordering_strategy</value>
                            <value key="value">legacy</value>
                            <value key="name">hibernate.dialect</value>
                            <value key="value">org.hibernate.dialect.OracleDialect</value>
                        </map>
                        <map if="${db.jpa-impl} == 'eclipselink'">
                            <value key="name">eclipselink.target-database</value>
                            <value key="value">org.eclipse.persistence.platform.database.OraclePlatform</value>
                        </map>
                    </list>
                    <list key="dependencies">
                        <map>
                            <value key="groupId">io.helidon.integrations.db</value>
                            <value key="artifactId">ojdbc</value>
                            <value key="scope">runtime</value>
                        </map>
                        <map>
                            <value key="groupId">com.oracle.database.jdbc</value>
                            <value key="artifactId">ucp11</value>
                            <value key="scope">runtime</value>
                        </map>
                    </list>
                    <value key="jdbcDataSource">oracle.jdbc.pool.OracleDataSource</value>
                    <value key="databaseUrl">jdbc:oracle:thin:@localhost:1521:XE</value>
                    <value key="dbUser">sys as sysdba</value>
                    <value key="userPassword">oracle</value>
                </model>
            </output>
        </method>
    </methods>
    <call method="hibernate" />
    <call method="eclipselink" />
    <call method="hikaricp" />
    <call method="ucp" />
    <call method="h2" />
    <call method="mysql" />
    <call method="oracle" />
    <output>
        <templates engine="mustache" transformations="mustache,packaged">
            <directory>../database/files</directory>
            <includes>
                <include>src/main/java/**</include>
                <include>src/*/resources/*/persistence.xml.mustache</include>
            </includes>
        </templates>
        <model>
            <list key="main-persistence-properties">
                <map if="${db.server} != 'h2'">
                    <value key="name">jakarta.persistence.sql-load-script-source</value>
                    <value key="value">META-INF/init_script.sql</value>
                </map>
            </list>
            <value key="database">true</value>
            <value key="pu-name">${db.pu-name}</value>
            <value key="ds-name">${db.ds-name}</value>
            <list key="MainTest-java-imports">
                <value>jakarta.json.JsonArray</value>
                <value>jakarta.ws.rs.core.MediaType</value>
                <value>jakarta.ws.rs.client.Entity</value>
            </list>
            <list key="dependencies">
                <map>
                    <value key="groupId">jakarta.annotation</value>
                    <value key="artifactId">jakarta.annotation-api</value>
                </map>
                <map>
                    <value key="groupId">jakarta.enterprise</value>
                    <value key="artifactId">jakarta.enterprise.cdi-api</value>
                </map>
                <map>
                    <value key="groupId">jakarta.inject</value>
                    <value key="artifactId">jakarta.inject-api</value>
                </map>
                <map>
                    <value key="groupId">jakarta.ws.rs</value>
                    <value key="artifactId">jakarta.ws.rs-api</value>
                </map>
                <map>
                    <value key="groupId">jakarta.persistence</value>
                    <value key="artifactId">jakarta.persistence-api</value>
                </map>
                <map>
                    <value key="groupId">jakarta.transaction</value>
                    <value key="artifactId">jakarta.transaction-api</value>
                </map>
                <map>
                    <value key="groupId">io.helidon.common</value>
                    <value key="artifactId">helidon-common</value>
                </map>
                <map>
                    <value key="groupId">com.h2database</value>
                    <value key="artifactId">h2</value>
                </map>
                <map>
                    <value key="groupId">io.helidon.integrations.cdi</value>
                    <value key="artifactId">helidon-integrations-cdi-jta-weld</value>
                    <value key="scope">runtime</value>
                </map>
                <map>
                    <value key="groupId">io.helidon.integrations.cdi</value>
                    <value key="artifactId">helidon-integrations-cdi-jpa</value>
                    <value key="scope">runtime</value>
                </map>
                <map>
                    <value key="groupId">org.hibernate.validator</value>
                    <value key="artifactId">hibernate-validator</value>
                    <value key="scope">runtime</value>
                </map>
                <map>
                    <value key="groupId">org.glassfish</value>
                    <value key="artifactId">jakarta.el</value>
                    <value key="scope">runtime</value>
                </map>
                <map if="${media.json-lib} != 'jackson'">
                    <value key="groupId">jakarta.xml.bind</value>
                    <value key="artifactId">jakarta.xml.bind-api</value>
                </map>
            </list>
            <list key="module-requires">
                <value>jakarta.xml.bind</value>
                <value>jakarta.annotation</value>
                <value>jakarta.persistence</value>
                <value>jakarta.transaction</value>
            </list>
            <list key="readme-sections">
                <value template="mustache"><![CDATA[
### Database Setup

Start your database before running this example.

Example docker commands to start databases in temporary containers:
{{start-db}}
]]></value>
            </list>
            <list key="gitignore">
                <value>ObjectStore/</value>
                <value>PutObjectStoreDirHere/</value>
            </list>
        </model>
    </output>
</archetype-script>
