<?xml version="1.0" encoding="UTF-8"?>
<!--

    Copyright (c) 2022 Oracle and/or its affiliates.

    Licensed under the Apache License, Version 2.0 (the "License");
    you may not use this file except in compliance with the License.
    You may obtain a copy of the License at

        http://www.apache.org/licenses/LICENSE-2.0

    Unless required by applicable law or agreed to in writing, software
    distributed under the License is distributed on an "AS IS" BASIS,
    WITHOUT WARRANTIES OR CONDITIONS OF ANY KIND, either express or implied.
    See the License for the specific language governing permissions and
    limitations under the License.

-->
<archetype-script xmlns="https://helidon.io/archetype/2.0"
                  xmlns:xsi="http://www.w3.org/2001/XMLSchema-instance"
                  xsi:schemaLocation="https://helidon.io/archetype/2.0 https://helidon.io/xsd/archetype-2.0.xsd">

    <step name="Database" optional="true">
        <inputs>
            <boolean id="db"
                     name="Database Support"
                     description="Manage data in your application"
                     default="false"
                     optional="true">
                <inputs>
                    <enum id="jpa-impl" name="Select a JPA Implementation" default="hibernate" optional="true">
                        <option value="hibernate" name="Hibernate" description="Hibernate Object Relational Mapping" />
                        <option value="eclipselink" name="EclipseLink" description="Eclipse Persistence Services" />
                    </enum>
                    <enum id="cp" name="Select a Connection Pool" default="hikaricp" optional="true">
                        <option value="hikaricp" name="HikariCP" description="&quot;zero overhead&quot; JDBC connection pool" />
                        <option value="ucp" name="UCP" description="Universal Connection Pool" />
                    </enum>
                    <enum id="server" name="Select a Database Server" default="h2" optional="true">
                        <option value="h2" name="H2" description="In-memory relational database" />
                        <option value="mysql" name="MySQL" description="Relational database" />
                        <option value="oracledb" name="Oracle DB" description="Multi-model database" />
                    </enum>
                    <boolean id="auto-ddl" name="Auto DDL" description="Automatic schema initialization" optional="true" />
                    <text id="pu-name" name="Persistence Unit Name" default="pu1" optional="true"/>
                    <text id="ds-name" name="Datasource Name" default="ds1" optional="true"/>
                </inputs>
            </boolean>
        </inputs>
    </step>
</archetype-script>
