<?xml version="1.0" encoding="UTF-8"?>
<!--

    Copyright (c) 2023 Oracle and/or its affiliates.

    Licensed under the Apache License, Version 2.0 (the "License");
    you may not use this file except in compliance with the License.
    You may obtain a copy of the License at

        http://www.apache.org/licenses/LICENSE-2.0

    Unless required by applicable law or agreed to in writing, software
    distributed under the License is distributed on an "AS IS" BASIS,
    WITHOUT WARRANTIES OR CONDITIONS OF ANY KIND, either express or implied.
    See the License for the specific language governing permissions and
    limitations under the License.

-->
<archetype-script xmlns="https://helidon.io/archetype/2.0"
                  xmlns:xsi="http://www.w3.org/2001/XMLSchema-instance"
                  xsi:schemaLocation="https://helidon.io/archetype/2.0 https://helidon.io/xsd/archetype-2.0.xsd">
    <methods>
        <method name="tracing-jaeger">
            <output if="${tracing.provider} == 'jaeger'">
                <model>
                    <list key="dependencies">
                        <map order="800">
                            <value key="groupId">io.opentelemetry</value>
                            <value key="artifactId">opentelemetry-exporter-jaeger</value>
                        </map>
                    </list>
                </model>
            </output>
        </method>
        <method name="tracing-zipkin">
            <output if="${tracing.provider} == 'zipkin'">
                <model>
                    <list key="dependencies">
                        <map order="800">
                            <value key="groupId">io.opentelemetry</value>
                            <value key="artifactId">opentelemetry-exporter-zipkin</value>
                        </map>
                    </list>
                </model>
            </output>
        </method>
    </methods>
    <call method="tracing-jaeger"/>
    <call method="tracing-zipkin"/>
    <output>
        <templates engine="mustache" transformations="packaged,mustache">
            <directory>files</directory>
            <includes>
                <include>**/TracedResource.java.mustache</include>
            </includes>
        </templates>
        <model>
            <list key="dependencies">
                <map order="800">
                    <value key="groupId">io.helidon.microprofile.telemetry</value>
                    <value key="artifactId">helidon-microprofile-telemetry</value>
                </map>
            </list>
            <list key="microprofile-config-entries">
                <value template="mustache"><![CDATA[
#OpenTelemetry
otel.sdk.disabled=false
otel.traces.exporter={{tracing.provider}}
otel.service.name=helidon-tracing-service]]></value>
            </list>
            <list key="module-requires">
                <value>io.helidon.microprofile.telemetry</value>
            </list>
            <list key="readme-exercise-the-application">
                <value><![CDATA[
Tracing:
```
curl -X GET http://localhost:8080/tracing
"Hello World!"

curl -X GET http://localhost:8080/tracing/span
{"Span":"PropagatedSpan{ImmutableSpanContext{traceId=...}}"}

curl -X GET http://localhost:8080/tracing/custom
{
  "Custom Span": "SdkSpan{traceId=..."
}
```
]]></value>
            </list>
        </model>
    </output>
</archetype-script>
