# NAME: CPop
# DESC: Romanizes some CPop artists and tracks

replaceartist	SING女團							S.I.N.G.
replacetitle	SING-Moonlight Thoughts			Moonlight Thoughts (English Version)
replacetitle	那不勒斯的黎明						Dawn in Naples
countas			Ju Jingyi						SNH48
countas			7SENSES							SNH48
countas			BEJ48							SNH48
countas			Li Yitong						SNH48
countas			Dai Meng						SNH48
countas			Mo Han							SNH48
countas			Su Shanshan						SNH48
countas			Lin Hui							S.I.N.G.
replaceartist	鞠婧禕							Ju Jungyi
