<?xml version="1.0" encoding="UTF-8"?>
<configuration>
    <!-- 按照每天生成日志文件 -->
    <appender name="ERROR-APPENDER" class="ch.qos.logback.core.rolling.RollingFileAppender">
        <append>true</append>
        <!-- 过滤器，只记录 error 级别的日志 -->
        <filter class="ch.qos.logback.classic.filter.LevelFilter">
            <level>warn</level>
            <onMatch>ACCEPT</onMatch>
            <onMismatch>DENY</onMismatch>
        </filter>
        <!-- 日志名称 -->
        <file>${logging.path}/lookout/common-error.log</file>
        <!-- 每天生成一个日志文件，保存30天的日志文件 -->
        <rollingPolicy class="ch.qos.logback.core.rolling.TimeBasedRollingPolicy">
            <!--日志文件输出的文件名:按天回滚 daily -->
            <FileNamePattern>${logging.path}/lookout/common-error.log.%d{yyyy-MM-dd}</FileNamePattern>
            <!--日志文件保留天数-->
            <MaxHistory>30</MaxHistory>
        </rollingPolicy>
        <encoder class="ch.qos.logback.classic.encoder.PatternLayoutEncoder">
            <!--格式化输出：%d表示日期，%thread表示线程名，%-5level：级别从左显示5个字符宽度%msg：日志消息，%n是换行符-->
            <pattern>%d{yyyy-MM-dd HH:mm:ss.SSS} [%thread] %-5level %logger{50} - %msg%n</pattern>
            <!-- 编码 -->
            <charset>${file.encoding}</charset>
        </encoder>
    </appender>

    <appender name="ROOT-APPENDER" class="ch.qos.logback.core.rolling.RollingFileAppender">
        <append>true</append>
        <filter class="ch.qos.logback.classic.filter.LevelFilter">
            <level>${logging.level.com.alipay.lookout}</level>
            <onMatch>ACCEPT</onMatch>
            <onMismatch>DENY</onMismatch>
        </filter>
        <file>${logging.path}/lookout/common-default.log</file>
        <!-- 每天生成一个日志文件，保存30天的日志文件 -->
        <rollingPolicy class="ch.qos.logback.core.rolling.TimeBasedRollingPolicy">
            <!--日志文件输出的文件名:按天回滚 daily -->
            <FileNamePattern>${logging.path}/lookout/common-default.log.%d{yyyy-MM-dd}</FileNamePattern>
            <!--日志文件保留天数-->
            <MaxHistory>30</MaxHistory>
        </rollingPolicy>
        <encoder class="ch.qos.logback.classic.encoder.PatternLayoutEncoder">
            <!--格式化输出：%d表示日期，%thread表示线程名，%-5level：级别从左显示5个字符宽度%msg：日志消息，%n是换行符-->
            <pattern>%d{yyyy-MM-dd HH:mm:ss.SSS} [%thread] %-5level %logger{50} - %msg%n</pattern>
            <!-- 编码 -->
            <charset>${file.encoding}</charset>
        </encoder>
    </appender>


    <root level="${logging.level.com.alipay.lookout}">
        <appender-ref ref="ROOT-APPENDER"/>
        <appender-ref ref="ERROR-APPENDER"/>
    </root>

</configuration>