<?xml version="1.0" encoding="UTF-8"?>
<!--

    Copyright (c) 2023, 2025 Oracle and/or its affiliates.

    Licensed under the Apache License, Version 2.0 (the "License");
    you may not use this file except in compliance with the License.
    You may obtain a copy of the License at

        http://www.apache.org/licenses/LICENSE-2.0

    Unless required by applicable law or agreed to in writing, software
    distributed under the License is distributed on an "AS IS" BASIS,
    WITHOUT WARRANTIES OR CONDITIONS OF ANY KIND, either express or implied.
    See the License for the specific language governing permissions and
    limitations under the License.

-->
<archetype-script xmlns="https://helidon.io/archetype/2.0"
                  xmlns:xsi="http://www.w3.org/2001/XMLSchema-instance"
                  xsi:schemaLocation="https://helidon.io/archetype/2.0 https://helidon.io/xsd/archetype-2.0.xsd">
    <exec src="/se/common/common-se.xml"/>
    <exec src="/common/media.xml"/>
    <source src="/common/media-sources.xml"/>
    <exec src="/common/security.xml"/>
    <source src="database-inputs.xml"/>
    <exec src="/common/extra.xml"/>
    <source src="extra-output.xml"/>
    <source src="/common/observability.xml"/>
    <source src="observability.xml"/>
    <exec src="/common/packaging.xml"/>
    <exec src="database-output.xml" if="${db}"/>
    <source src="security-outputs.xml" if="${security}"/>
    <exec src="coherence-output.xml" if="${extra} contains 'coherence'"/>

    <output>
        <file source="files/src/main/resources/WEB/index.html" target="src/main/resources/WEB/index.html" if="${media} contains 'multipart'"/>
        <model>
            <list key="native-sections" if="${docker}">
                <value file="files/README.md.native.mustache"
                       if="${docker.native-image} &amp;&amp; !(${db})"
                       template="mustache"/>
            </list>
            <list key="Main-routing-builder">
                <value><![CDATA[.get("/simple-greet", (req, res) -> res.send("Hello World!"))]]></value>
            </list>
            <list key="Abstract-tests">
                <value><![CDATA[
    @Test
    void testSimpleGreet() {
        ClientResponseTyped<String> response = client.get("/simple-greet").request(String.class);
        assertThat(response.status(), is(Status.OK_200));
        assertThat(response.entity(), is("Hello World!"));
    }
]]></value>
            </list>
            <list key="readme-exercise-the-application">
                <value order="999"><![CDATA[
Basic:
```
curl -X GET http://localhost:8080/simple-greet
Hello World!
```
]]></value>
            </list>
            <list key="module-requires">
                <value>io.helidon.logging.common</value>
            </list>
            <list key="dependencies">
                <map order="50" if="!(${extra} contains 'webclient') || ${security}">
                    <value key="groupId">io.helidon.webclient</value>
                    <value key="artifactId">helidon-webclient</value>
                    <value key="scope" if="!${security}">test</value>
                </map>
            </list>
        </model>
    </output>
</archetype-script>
