{
    "author": {
        "name": "nerds"
    },
    "name": "lastfm",
    "description": "Last.fm",
    "version": "0.0.8",
    "engines": {
        "node": ">=0.4.9"
    },
    "dependencies": {},
    "devDependencies": {},
    "title": "Last.fm",
    "handle": "lastfm",
    "update": "auto",
    "github": "https://github.com/LockerProject/Locker",
    "type": "connector",
    "static": "false",
    "url": "",
    "synclets": [
        {
            "name": "info",
            "frequency": 86400
        },
        {
            "name": "friends",
            "frequency": 3600
        },
        {
            "name": "scrobbles",
            "frequency": 600
        },
        {
            "name": "loved",
            "frequency": 7200
        },
        {
            "name": "banned",
            "frequency": 7200
        },
        {
            "name": "library",
            "frequency": 86400
        },
        {
            "name": "shouts",
            "frequency": 3600
        }
    ],
    "provides": [
        "info/lastfm",
        "friends/lastfm",
        "scrobbles/lastfm",
        "loved/lastfm",
        "banned/lastfm",
        "tracks/lastfm",
        "shouts/lastfm"
    ],
    "profileIds": [
        "id",
        "name"
    ],
    "vm": true,
    "mongoId": {
        "shout": "date"
    },
    "upserted": 1768097745337,
    "manifest": "Connectors/LastFM/package.json",
    "srcdir": "Connectors/LastFM",
    "provider": "lastfm",
    "id": "lastfm",
    "installed": 1768094646014,
    "uri": "http://localhost:8042/Me/lastfm/",
    "externalUri": "http://localhost:40271/Me/lastfm/",
    "loaded": 1768097745326
}