{"number":"1","name":"MALICE MIZER","url":"http://www.last.fm/music/MALICE+MIZER","picture":"http://userserve-ak.last.fm/serve/252/10808.jpg","@timestamp":"2000-10-06T19:20:25.000Z"}
{"number":"2","name":"Diary of Dreams","url":"http://www.last.fm/music/Diary+of+Dreams","picture":"http://userserve-ak.last.fm/serve/252/3052066.jpg","@timestamp":"2001-10-06T19:20:25.000Z"}
{"number":"3","name":"Carpathian Forest","url":"http://www.last.fm/music/Carpathian+Forest","picture":"http://userserve-ak.last.fm/serve/252/40222717.jpg","@timestamp":"2002-10-06T19:20:25.000Z"}
{"number":"4","name":"Moi dix Mois","url":"http://www.last.fm/music/Moi+dix+Mois","picture":"http://userserve-ak.last.fm/serve/252/54697835.png","@timestamp":"2003-10-06T19:20:25.000Z"}
{"number":"5","name":"Bella Morte","url":"http://www.last.fm/music/Bella+Morte","picture":"http://userserve-ak.last.fm/serve/252/14789013.jpg","@timestamp":"2004-10-06T19:20:25.000Z"}
{"number":"6","name":"Moonspell","url":"http://www.last.fm/music/Moonspell","picture":"http://userserve-ak.last.fm/serve/252/2181591.jpg","@timestamp":"2005-10-06T19:20:25.000Z"}
{"number":"7","name":"Marilyn Manson","url":"http://www.last.fm/music/Marilyn+Manson","picture":"http://userserve-ak.last.fm/serve/252/2558217.jpg","@timestamp":"2006-10-06T19:20:25.000Z"}
{"number":"8","name":"DIR EN GREY","url":"http://www.last.fm/music/DIR+EN+GREY","picture":"http://userserve-ak.last.fm/serve/252/46968835.png","@timestamp":"2007-10-06T19:20:25.000Z"}
{"number":"9","name":"Combichrist","url":"http://www.last.fm/music/Combichrist","picture":"http://userserve-ak.last.fm/serve/252/51273485.jpg","@timestamp":"2008-10-06T19:20:25.000Z"}
{"number":"10","name":"Grendel","url":"http://www.last.fm/music/Grendel","picture":"http://userserve-ak.last.fm/serve/252/5872875.jpg","@timestamp":"2010-10-06T19:20:25.000Z"}
