{
  "$schema": "./node_modules/@biomejs/biome/configuration_schema.json",
  "assist": { "actions": { "source": { "organizeImports": "on" } } },
  "vcs": {
    "enabled": true,
    "defaultBranch": "main",
    "clientKind": "git",
    "useIgnoreFile": true
  },
  "files": {
    "includes": ["**", "!**/*.test.ts", "!**/*.js", "!**/*.tsx", "!**/*.cjs"],
    "ignoreUnknown": true
  },
  "linter": {
    "enabled": true,
    "rules": {
      "recommended": true,
      "style": {
        "noNonNullAssertion": "off",
        "noParameterAssign": "off",
        "useEnumInitializers": "off",
        "useConst": "off",
        "noUnusedTemplateLiteral": "off",
        "useImportType": "off",
        "useExportType": "error"
      },
      "suspicious": {
        "noExplicitAny": "off",
        "noConfusingVoidType": "off",
        "useGetterReturn": "off",
        "noEmptyInterface": "off",
        "noAssignInExpressions": "off",
        "noImplicitAnyLet": "off"
      },
      "complexity": {
        "noForEach": "off",
        "noBannedTypes": "off",
        "useOptionalChain": "off",
        "noArguments": "off"
      },
      "performance": {
        "noDelete": "off"
      },
      "nursery": {},
      "correctness": {
        "noSwitchDeclarations": "off"
      },
      "a11y": {
        "useButtonType": "off",
        "useKeyWithClickEvents": "off"
      }
    }
  }
}
