database,cluster,schema,name,description,tags,is_view,description_source
hive,gold,test_schema,test_table1,"1st test table","tag1,tag2",false,
dynamo,gold,test_schema,test_table2,"2nd test table",recommended,false,
hive,gold,test_schema,test_view1,"1st test view","tag1",true,
hive,gold,test_schema,test_table3,"3rd test","needs_documentation",false,
hive,gold,test_schema,"test's_table4","4th test","needs_documentation",false,
delta,gold,test_schema,"delta_test_table","test table for delta","delta",false