{
  "imports": {
    "langchain/": "npm:/langchain@0.3.2/",
    "@langchain/anthropic": "npm:@langchain/anthropic@0.3.0",
    "@langchain/cloudflare": "npm:@langchain/cloudflare@0.1.0",
    "@langchain/community/": "npm:/@langchain/community@0.3.0/",
    "@langchain/openai": "npm:@langchain/openai@0.3.0",
    "@langchain/cohere": "npm:@langchain/cohere@0.3.0",
    "@langchain/textsplitters": "npm:@langchain/textsplitters@0.1.0",
    "@langchain/google-vertexai-web": "npm:@langchain/google-vertexai-web@0.1.0",
    "@langchain/mistralai": "npm:@langchain/mistralai@0.1.0",
    "@langchain/core/": "npm:/@langchain/core@0.3.1/",
    "@langchain/pinecone": "npm:@langchain/pinecone@0.1.0",
    "@langchain/google-common": "npm:@langchain/google-common@0.1.0",
    "@langchain/langgraph": "npm:/@langchain/langgraph@0.2.3",
    "@langchain/langgraph/": "npm:/@langchain/langgraph@0.2.3/",
    "@faker-js/faker": "npm:@faker-js/faker",
    "@microsoft/fetch-event-source": "npm:@microsoft/fetch-event-source",
    "@pinecone-database/pinecone": "npm:@pinecone-database/pinecone",
    "cheerio": "npm:cheerio",
    "chromadb": "npm:/chromadb",
    "dotenv/": "npm:/dotenv/",
    "zod": "npm:/zod",
    "zod-to-json-schema": "npm:/zod-to-json-schema",
    "node-llama-cpp": "npm:/node-llama-cpp",
    "pdf-parse": "npm:/pdf-parse",
    "peggy": "npm:/peggy",
    "readline": "https://deno.land/x/readline@v1.1.0/mod.ts",
    "uuid": "npm:/uuid",
    "youtubei.js": "npm:/youtubei.js",
    "neo4j-driver": "npm:/neo4j-driver",
    "axios": "npm:/axios",
    "@mendable/firecrawl-js": "npm:/@mendable/firecrawl-js",
    "@aws-crypto/sha256-js": "npm:/@aws-crypto/sha256-js",
    "@aws-sdk/credential-provider-node": "npm:/@aws-sdk/credential-provider-node",
    "@smithy/protocol-http": "npm:/@smithy/protocol-http",
    "@smithy/signature-v4": "npm:/@smithy/signature-v4",
    "@smithy/eventstream-codec": "npm:/@smithy/eventstream-codec",
    "@smithy/util-utf8": "npm:/@smithy/util-utf8",
    "@aws-sdk/types": "npm:/@aws-sdk/types"
  }
}
