{"frameRate":30,"name":"2040600b_1","version":"5.5","compatibleVersion":"5.5","armature":[{"type":"Armature","frameRate":30,"name":"2040600b_1","aabb":{"x":-1.13,"y":-1293.15,"width":76,"height":138},"bone":[{"name":"root"},{"name":"nv","parent":"root"},{"name":"pelvis","parent":"nv","transform":{"x":-107.18,"y":-913}},{"length":97,"name":"spine","parent":"pelvis","transform":{"x":-1.81,"y":-18.04,"skX":-86.84,"skY":-86.84}},{"length":101,"name":"spine1","parent":"spine","transform":{"x":97.89,"y":0.61,"skX":4.5,"skY":4.5}},{"length":172,"name":"spine2","parent":"spine1","transform":{"x":101.22,"y":0.22,"skX":10.26,"skY":10.26}},{"name":"xiong_r","parent":"spine2","transform":{"x":35.43,"y":29.27}}],"slot":[{"name":"1020","parent":"root"}],"skin":[{"name":"","slot":[{"name":"1020","display":[{"type":"mesh","name":"coat/2040600b_1","width":76,"height":138,"vertices":[70.96,-1266.13,66.19,-1250.26,57.61,-1217.56,48.99,-1184.67,39.66,-1151.8,21.54,-1151.8,-5.04,-1187.36,-5.04,-1221.52,9.78,-1254.94,29.91,-1289.81,70.96,-1289.81],"uvs":[0.99999,0.17157,0.93728,0.28657,0.8244,0.52357,0.71082,0.7618,0.58823,0.99998,0.34978,1,0,0.7423,0,0.49482,0.19505,0.2527,0.45984,0,1,0],"triangles":[9,1,0,9,0,10,8,2,1,9,8,1,7,3,2,8,7,2,5,4,3,6,5,3,7,6,3],"weights":[1,5,1,1,5,1,1,5,1,2,5,0.944,4,0.05599,2,5,0.83999,4,0.16,3,5,0.73728,6,0.03999,4,0.22272,2,5,0.91199,6,0.088,1,5,1,1,5,1,1,5,1,1,5,1],"slotPose":[1,0,0,1,0,0],"bonePose":[5,0.307689,-0.951487,0.951487,0.307689,-89.274708,-1129.03497,4,0.133294,-0.991076,0.991076,0.133294,-102.984795,-1028.747532,6,0.307689,-0.951487,0.951487,0.307689,-50.523269,-1153.740106],"edges":[6,5,5,4,4,3,3,2,2,1,1,0,0,10,10,9,9,8,8,7,7,6],"userEdges":[8,1,7,2,6,3]}]}]}],"animation":[{"duration":0,"playTimes":0,"name":"newAnimation"}],"defaultActions":[{"gotoAndPlay":"newAnimation"}]}]}