<?xml version="1.0" encoding="UTF-8"?>
<!--

    Copyright (c) 2021, 2023 Oracle and/or its affiliates.

    Licensed under the Apache License, Version 2.0 (the "License");
    you may not use this file except in compliance with the License.
    You may obtain a copy of the License at

        http://www.apache.org/licenses/LICENSE-2.0

    Unless required by applicable law or agreed to in writing, software
    distributed under the License is distributed on an "AS IS" BASIS,
    WITHOUT WARRANTIES OR CONDITIONS OF ANY KIND, either express or implied.
    See the License for the specific language governing permissions and
    limitations under the License.

-->
<archetype-script xmlns="https://helidon.io/archetype/2.0"
                  xmlns:xsi="http://www.w3.org/2001/XMLSchema-instance"
                  xsi:schemaLocation="https://helidon.io/archetype/2.0 https://helidon.io/xsd/archetype-2.0.xsd">

    <variables>
        <text path="module-dir"><![CDATA[]]></text>
        <boolean path="multi-module">false</boolean>
    </variables>
    <step name="Helidon Flavor" optional="true">
        <inputs>
            <enum id="flavor"
                  name="Select a Flavor"
                  default="se"
                  global="true"
                  optional="true">
                <option value="se"
                        name="Helidon SE"
                        description="Programmatic, lean &amp; fast">
                    <exec src="se/se.xml"/>
                </option>
                <option value="mp"
                        name="Helidon MP"
                        description="Declarative, MicroProfile compliant">
                    <exec src="mp/mp.xml"/>
                </option>
            </enum>
        </inputs>
    </step>
    <exec src="common/customize-project.xml"/>
    <output>
        <model>
            <value key="helidon-version">${helidon-version}</value>
            <value key="flavor">${flavor}</value>
        </model>
    </output>
</archetype-script>
