{
    "generator-jhipster": {
        "applicationType": "gateway",
        "authenticationType": "jwt",
        "baseName": "sampleDefault",
        "buildTool": "maven",
        "cacheProvider": "no",
        "clientFramework": "angular",
        "clientPackageManager": "npm",
        "creationTimestamp": 1596513172471,
        "databaseType": "sql",
        "devDatabaseType": "h2Disk",
        "enableHibernateCache": false,
        "enableTranslation": true,
        "jhiPrefix": "myPrefix",
        "jwtSecretKey": "ZjY4MTM4YjI5YzMwZjhjYjI2OTNkNTRjMWQ5Y2Q0Y2YwOWNmZTE2NzRmYzU3NTMwM2NjOTE3MTllOTM3MWRkMzcyYTljMjVmNmQ0Y2MxOTUzODc0MDhhMTlkMDIxMzI2YzQzZDM2ZDE3MmQ3NjVkODk3OTVmYzljYTQyZDNmMTQ=",
        "languages": ["en", "fr"],
        "messageBroker": "no",
        "nativeLanguage": "en",
        "packageFolder": "tech/jhipster/sample",
        "packageName": "tech.jhipster.sample",
        "prodDatabaseType": "postgresql",
        "reactive": true,
        "searchEngine": "no",
        "serverPort": "8080",
        "serviceDiscoveryType": "consul",
        "testFrameworks": ["gatling"],
        "websocket": "no"
    }
}
