{
  "rules": {
    "array-type": [true, "array-simple"],
    "arrow-return-shorthand": true,
    "ban": [true,
      ["fit"],
      ["fdescribe"],
      ["xit"],
      ["xdescribe"],
      ["fitAsync"],
      ["xitAsync"],
      ["fitFakeAsync"],
      ["xitFakeAsync"]
    ],
    "ban-types": [true,
      ["Object", "Use {} instead."],
      ["String", "Use 'string' instead."],
      ["Number", "Use 'number' instead."],
      ["Boolean", "Use 'boolean' instead."]
    ],
    "class-name": true,
    "curly": true,
    "interface-name": [true, "never-prefix"],
    "jsdoc-format": true,
    "forin": false,
    "label-position": true,
    "max-line-length": [true, 120],
    "new-parens": true,
    "no-angle-bracket-type-assertion": true,
    "no-any": true,
    "no-construct": true,
    "no-consecutive-blank-lines": [true, 2],
    "no-debugger": true,
    "no-default-export": true,
    "no-inferrable-types": true,
    "no-namespace": [true, "allow-declarations"],
    "no-reference": true,
    "no-require-imports": true,
    "no-string-throw": true,
    "no-unused-expression": true,
    "no-unused-variable": true,
    "no-var-keyword": true,
    "object-literal-shorthand": true,
    "only-arrow-functions": [true, "allow-declarations", "allow-named-functions"],
    "prefer-const": true,
    "radix": true,
    "restrict-plus-operands": true,
    "semicolon": [true, "always", "ignore-bound-class-methods"],
    "switch-default": true,
    "triple-equals": [true, "allow-null-check"],
    "use-isnan": true,
    "variable-name": [
      true,
      "ban-keywords",
      "allow-leading-underscore",
      "allow-trailing-underscore"
    ]
  }
}
