[
  {
    "name": "kotlin.reflect.jvm.internal.ReflectionFactoryImpl",
    "allDeclaredConstructors":true
  },
  {
    "name": "kotlin.KotlinVersion",
    "allPublicMethods": true,
    "allDeclaredFields":true,
    "allDeclaredMethods":true,
    "allDeclaredConstructors":true
  },
  {
    "name": "kotlin.KotlinVersion[]"
  },
  {
    "name": "kotlin.KotlinVersion$Companion"
  },
  {
    "name": "kotlin.KotlinVersion$Companion[]"
  },
  {
    "name": "kotlin.internal.jdk8.JDK8PlatformImplementations",
    "allPublicMethods": true,
    "allDeclaredFields":true,
    "allDeclaredMethods":true,
    "allDeclaredConstructors":true
  }
]