<?xml version="1.0" encoding="UTF-8"?>
<beans xmlns="http://www.springframework.org/schema/beans"
       xmlns:xsi="http://www.w3.org/2001/XMLSchema-instance"
       xmlns:context="http://www.springframework.org/schema/context"
       xsi:schemaLocation="http://www.springframework.org/schema/beans
         http://www.springframework.org/schema/beans/spring-beans-3.1.xsd
         http://www.springframework.org/schema/context
         http://www.springframework.org/schema/context/spring-context-3.1.xsd">

    <!-- 引入外部的属性文件 -->
    <context:property-placeholder location="classpath:jdbc.properties"/>

    <!-- 配置Hikari连接池 -->
    <bean id="dataSource" class="com.zaxxer.hikari.HikariDataSource">
        <property name="driverClassName" value="${jdbc.driverClass}"/>
        <property name="jdbcUrl" value="${jdbc.url}"/>
        <property name="username" value="${jdbc.username}"/>
        <property name="password" value="${jdbc.password}"/>
    </bean>

    <!-- 配置业务层类 -->
    <bean id="accountService" class="com.myimooc.spring.tx.demo2.AccountServiceImpl">
        <property name="accountDao" ref="accountDao"/>
    </bean>

    <!-- 配置DAO类(简化，会自动配置JdbcTemplate) -->
    <bean id="accountDao" class="com.myimooc.spring.tx.demo2.AccountDaoImpl">
        <property name="dataSource" ref="dataSource"/>
    </bean>

    <!-- ================2.使用XML配置声明式的事务管理(原始方式)============================= -->

    <!-- 配置事务管理器 -->
    <bean id="transactionManager"
          class="org.springframework.jdbc.datasource.DataSourceTransactionManager">
        <property name="dataSource" ref="dataSource"/>
    </bean>

    <!-- 配置业务层的代理 -->
    <bean id="accountServiceProxy"
          class="org.springframework.transaction.interceptor.TransactionProxyFactoryBean">
        <!-- 配置目标对象 -->
        <property name="target" ref="accountService"/>
        <!-- 注入事务管理器 -->
        <property name="transactionManager" ref="transactionManager"/>
        <!-- 注入事务的属性 -->
        <property name="transactionAttributes">
            <props>
                <!--
                    prop的格式:
                        * PROPAGATION	:事务的传播行为
                        * ISOLATION		:事务的隔离级别
                        * readOnly		:只读
                        * -EXCEPTION	:发生哪些异常回滚事务
                        * +EXCEPTION 	:发生哪些异常不回滚事务
                 -->
                <prop key="transfer">PROPAGATION_REQUIRED</prop>
                <!-- <prop key="transfer">PROPAGATION_REQUIRED,readOnly</prop> -->
                <!-- <prop key="transfer">PROPAGATION_REQUIRED,+java.lang.ArithmeticException</prop> -->
            </props>
        </property>
    </bean>

</beans>
