<?xml version="1.0" encoding="UTF-8"?>
<beans xmlns="http://www.springframework.org/schema/beans"
       xmlns:xsi="http://www.w3.org/2001/XMLSchema-instance"
       xmlns:context="http://www.springframework.org/schema/context"
       xmlns:tx="http://www.springframework.org/schema/tx"
       xsi:schemaLocation="http://www.springframework.org/schema/beans
         http://www.springframework.org/schema/beans/spring-beans-3.1.xsd
         http://www.springframework.org/schema/context
         http://www.springframework.org/schema/context/spring-context-3.1.xsd
         http://www.springframework.org/schema/tx
         http://www.springframework.org/schema/tx/spring-tx-3.1.xsd">

    <!-- 引入外部的属性文件 -->
    <context:property-placeholder location="classpath:jdbc.properties"/>

    <!-- 配置Hikari连接池 -->
    <bean id="dataSource" class="com.zaxxer.hikari.HikariDataSource">
        <property name="driverClassName" value="${jdbc.driverClass}"/>
        <property name="jdbcUrl" value="${jdbc.url}"/>
        <property name="username" value="${jdbc.username}"/>
        <property name="password" value="${jdbc.password}"/>
    </bean>

    <!-- 配置业务层类 -->
    <bean id="accountService" class="com.myimooc.spring.tx.demo4.AccountServiceImpl">
        <property name="accountDao" ref="accountDao"/>
    </bean>

    <!-- 配置DAO类(简化，会自动配置JdbcTemplate) -->
    <bean id="accountDao" class="com.myimooc.spring.tx.demo4.AccountDaoImpl">
        <property name="dataSource" ref="dataSource"/>
    </bean>

    <!-- ==================================4.使用注解配置声明式事务============================================ -->

    <!-- 配置事务管理器 -->
    <bean id="transactionManager"
          class="org.springframework.jdbc.datasource.DataSourceTransactionManager">
        <property name="dataSource" ref="dataSource"/>
    </bean>

    <!-- 开启注解事务 -->
    <tx:annotation-driven transaction-manager="transactionManager"/>

</beans>
