<extensions>
    <extension>
        <groupId>com.gradle</groupId>
        <artifactId>develocity-maven-extension</artifactId>
        <version>2.3.3</version>
    </extension>
    <extension>
        <groupId>com.gradle</groupId>
        <artifactId>common-custom-user-data-maven-extension</artifactId>
        <version>2.1.0</version>
    </extension>
    <extension>
        <groupId>com.gradle</groupId>
        <artifactId>quarkus-build-caching-extension</artifactId>
        <version>1.12</version>
    </extension>
    <extension>
        <groupId>io.quarkus.develocity</groupId>
        <artifactId>quarkus-project-develocity-extension</artifactId>
        <version>1.3.0</version>
    </extension>
    <extension>
        <groupId>eu.maveniverse.maven.nisse</groupId>
        <artifactId>extension</artifactId>
        <version>0.4.4</version>
    </extension>
    <extension>
        <groupId>eu.maveniverse.maven.njord</groupId>
        <artifactId>extension3</artifactId>
        <version>0.9.3</version>
    </extension>
</extensions>
