[
    {
        "prob": "0.99",
        "label": "Hyundai Azera Sedan 2012"
    },
    {
        "prob": "0.9995",
        "label": "Hyundai Genesis Sedan 2012"
    },
    {
        "prob": "1.0",
        "label": "Cadillac Escalade EXT Crew Cab 2007"
    },
    {
        "prob": "1.0",
        "label": "Lamborghini Gallardo LP 570-4 Superleggera 2012"
    },
    {
        "prob": "0.9948",
        "label": "BMW 1 Series Coupe 2012"
    },
    {
        "prob": "0.9982",
        "label": "Suzuki Aerio Sedan 2007"
    },
    {
        "prob": "1.0",
        "label": "Ford Mustang Convertible 2007"
    },
    {
        "prob": "1.0",
        "label": "BMW 1 Series Convertible 2012"
    },
    {
        "prob": "0.4401",
        "label": "Mitsubishi Lancer Sedan 2012"
    },
    {
        "prob": "0.9801",
        "label": "Cadillac CTS-V Sedan 2012"
    },
    {
        "prob": "0.9999",
        "label": "Chevrolet Traverse SUV 2012"
    },
    {
        "prob": "0.9953",
        "label": "Bentley Continental GT Coupe 2012"
    },
    {
        "prob": "0.9935",
        "label": "Nissan Juke Hatchback 2012"
    },
    {
        "prob": "0.987",
        "label": "Chevrolet TrailBlazer SS 2009"
    },
    {
        "prob": "0.9826",
        "label": "Hyundai Accent Sedan 2012"
    },
    {
        "prob": "0.6502",
        "label": "Ford Fiesta Sedan 2012"
    },
    {
        "prob": "0.9999",
        "label": "Acura TL Sedan 2012"
    },
    {
        "prob": "0.5487",
        "label": "Aston Martin V8 Vantage Coupe 2012"
    },
    {
        "prob": "0.2621",
        "label": "Infiniti G Coupe IPL 2012"
    },
    {
        "prob": "0.9995",
        "label": "Ford F-150 Regular Cab 2012"
    }
]