<?xml version="1.0" encoding="UTF-8"?>
<beans xmlns="http://www.springframework.org/schema/beans"
       xmlns:xsi="http://www.w3.org/2001/XMLSchema-instance"
       xsi:schemaLocation="http://www.springframework.org/schema/beans http://www.springframework.org/schema/beans/spring-beans-3.0.xsd">


    <bean id="adapter" class="org.reficio.ws.server.endpoint.ContextEndpointAdapter"/>

    <bean class="org.reficio.ws.server.endpoint.GenericEndpointMapping">
        <property name="genericEndpoint" ref="endpoint"/>
        <property name="interceptors">
            <list>

                <bean class="org.springframework.ws.soap.server.endpoint.interceptor.SoapEnvelopeLoggingInterceptor"/>

                <bean class="org.springframework.ws.server.endpoint.interceptor.PayloadLoggingInterceptor">
                    <property name="logRequest" value="true"/>
                    <property name="logResponse" value="true"/>
                </bean>
            </list>
        </property>
    </bean>

</beans>
