{"frameRate":30,"name":"20703020_1","version":"5.5","compatibleVersion":"5.5","armature":[{"type":"Armature","frameRate":30,"name":"20703020_1","aabb":{"x":80.29,"y":-137.2,"width":79,"height":132},"bone":[{"name":"root"},{"name":"nv","parent":"root"},{"name":"ik_foot_r","parent":"nv","transform":{"x":124.92,"y":-122.27,"skX":87.84,"skY":87.84}},{"name":"pelvis","parent":"nv","transform":{"x":-107.18,"y":-913}},{"length":393,"name":"thigh_r","parent":"pelvis","transform":{"x":77.79,"y":26.43,"skX":93.63,"skY":93.63}},{"length":410,"name":"calf_r","parent":"thigh_r","transform":{"x":395.5,"y":-1.18,"skX":-29.2,"skY":-29.2}},{"inheritRotation":false,"length":97,"name":"foot_r","parent":"calf_r","transform":{"x":410.23,"y":-1.14,"skX":87.83,"skY":87.83}}],"slot":[{"name":"1022","parent":"root"}],"ik":[{"bendPositive":false,"chain":1,"name":"ik_foot_r","bone":"calf_r","target":"ik_foot_r"}],"skin":[{"name":"","slot":[{"name":"1022","display":[{"type":"mesh","name":"shoe/20703020_1","width":79,"height":132,"vertices":[161.99,-102.35,161.7,2.59,82.7,2.38,82.85,-47.95,92.74,-98.64,92.8,-122.73,155.24,-129.42],"uvs":[1,0.20492,1,1,0,1,0,0.61874,0.12347,0.23448,0.12337,0.05203,0.91356,0.00001],"triangles":[3,2,1,6,4,0,3,1,0,4,3,0,5,4,6],"weights":[2,6,0.936,5,0.06398,1,6,1,1,6,1,1,6,1,2,6,0.92,5,0.07999,2,6,0.512,5,0.48799,2,6,0.53599,5,0.464],"slotPose":[1,0,0,1,0,0],"bonePose":[6,0.03769,0.999289,-0.999289,0.03769,124.83646,-122.229299,5,0.431613,0.902059,-0.902059,0.431613,-53.252689,-491.788776],"edges":[2,1,1,0,0,6,6,5,5,4,4,3,3,2],"userEdges":[4,0]}]}]}],"animation":[{"duration":0,"playTimes":0,"name":"newAnimation"}],"defaultActions":[{"gotoAndPlay":"newAnimation"}]}]}