{
    "generator-jhipster": {
        "applicationType": "monolith",
        "authenticationType": "oauth2",
        "baseName": "sampleWebfluxNodb",
        "buildTool": "maven",
        "cacheProvider": "no",
        "clientFramework": "angular",
        "clientPackageManager": "npm",
        "clientTheme": "none",
        "clientThemeVariant": "",
        "creationTimestamp": 1596513172471,
        "databaseType": "no",
        "devDatabaseType": "no",
        "enableHibernateCache": false,
        "enableTranslation": true,
        "jhiPrefix": "jhi",
        "languages": ["en", "fr"],
        "nativeLanguage": "en",
        "packageFolder": "tech/jhipster/sample",
        "packageName": "tech.jhipster.sample",
        "prodDatabaseType": "no",
        "reactive": true,
        "searchEngine": "no",
        "serverPort": "8080",
        "serviceDiscoveryType": "no",
        "testFrameworks": ["gatling", "cypress"],
        "websocket": "no"
    }
}
