{
    "General+bye+none": [
        "欢迎再次来询，再见！",
        "再见！祝您生活愉快！",
        "欢迎下次咨询，再见。",
        "有问题可以随时联系我！祝您生活愉快！再见！",
        "很高兴为您服务，下次再见。",
        "好的，再见！",
        "有问题您再找我哈！再见！",
        "再见！",
        "祝您生活愉快！再见！",
        "很荣幸为您服务，再见！"
    ],
    "General+greet+none": [
        "你好，请问有什么可以帮助您的吗？",
        "你好！"
    ],
    "General+reqmore+none": [
        "还有什么需要我为您服务的么？",
        "还有什么要提问的吗？"
    ],
    "General+thank+none": [
        "哈哈，谢谢！",
        "谢谢！",
        "谢谢您的夸奖哦。",
        "谢谢您的夸奖。",
        "感谢您的咨询！祝您生活愉快！",
        "多谢您的夸奖。",
        "多谢您的肯定。",
        "感谢您的夸赞。",
        "谢谢你的夸奖，我会继续努力的。"
    ],
    "General+welcome+none": [
        "不客气，很高兴能帮到您。",
        "好的，不客气。",
        "不用客气啦！",
        "不用谢！",
        "不用客气！有问题您再问我！",
        "恩恩，不客气哦。",
        "不客气了，很开心为您服务。",
        "能帮到你就好，不用客气！",
        "好的，不用客气。",
        "不用谢，有什么事情尽管找我。"
    ],
    "Inform+出租+车型": [
        "车型是[Inform+出租+车型]，记好哦。",
        "您可以叫到[Inform+出租+车型]这个车型的。",
        "出租车型是[Inform+出租+车型]。",
        "目前这块给您提供出租车的车型是[Inform+出租+车型]。",
        "可以叫到车型是[Inform+出租+车型]的车。",
        "车型为[Inform+出租+车型]。",
        "可以叫到[Inform+出租+车型]这个车型的。",
        "车型是[Inform+出租+车型]，有别的问题么？",
        "[Inform+出租+车型]这个车型。",
        "这个路线您可以叫到[Inform+出租+车型]车型的出租车。",
        "是[Inform+出租+车型]，记下了吗？"
    ],
    "Inform+出租+车牌": [
        "车牌是[Inform+出租+车牌]。",
        "车牌号是[Inform+出租+车牌]。请问还有其它需要吗？",
        "好的，车牌是[Inform+出租+车牌]。",
        "车牌号是：[Inform+出租+车牌]。",
        "[Inform+出租+车牌]。",
        "是[Inform+出租+车牌]。",
        "车牌是：[Inform+出租+车牌]。",
        "车牌号为[Inform+出租+车牌]，请问还有其他需求吗？",
        "车牌是[Inform+出租+车牌]的。",
        "车牌是[Inform+出租+车牌]，你记好。"
    ],
    "Inform+地铁+出发地附近地铁站": [
        "应该在[Inform+地铁+出发地附近地铁站]上车。",
        "出发在[Inform+地铁+出发地附近地铁站]。",
        "你记好，是[Inform+地铁+出发地附近地铁站]。",
        "出发是在[Inform+地铁+出发地附近地铁站]。",
        "应从[Inform+地铁+出发地附近地铁站]出发。",
        "从[Inform+地铁+出发地附近地铁站]乘车。",
        "是[Inform+地铁+出发地附近地铁站]。",
        "在[Inform+地铁+出发地附近地铁站]上车。",
        "应该在[Inform+地铁+出发地附近地铁站]。",
        "出发应该在[Inform+地铁+出发地附近地铁站]比较近。"
    ],
    "Inform+地铁+目的地附近地铁站": [
        "在[Inform+地铁+目的地附近地铁站]。",
        "请在[Inform+地铁+目的地附近地铁站]下车。",
        "目的地附近的地铁站叫[Inform+地铁+目的地附近地铁站]，你记好哈。",
        "名字叫做[Inform+地铁+目的地附近地铁站]，别记错了哦。",
        "终点在[Inform+地铁+目的地附近地铁站]。",
        "目的地地铁站名叫[Inform+地铁+目的地附近地铁站]，也望您记好。",
        "在[Inform+地铁+目的地附近地铁站]。",
        "在[Inform+地铁+目的地附近地铁站]下车比较近。",
        "是[Inform+地铁+目的地附近地铁站]。"
    ],
    "Inform+景点+名称": [
        "[Inform+景点+名称]是个不错的去处。",
        "[Inform+景点+名称]就是一个很不错的游玩圣地，你觉得怎么样？",
        "[Inform+景点+名称]就是一个非常不错的游玩场所。",
        "那我推荐您去[Inform+景点+名称]，里面很有意思。",
        "您可以到[Inform+景点+名称]游玩。",
        "[Inform+景点+名称]挺不错的，你感兴趣不？",
        "[Inform+景点+名称]是不错的去处。",
        "您可以去[Inform+景点+名称]，很不错的景点。",
        "那推荐您去[Inform+景点+名称]。",
        "要不您就去[Inform+景点+名称]看看吧。"
    ],
    "Inform+景点+周边景点": [
        "周边景点有[Inform+景点+周边景点]。",
        "推荐您去附近的[Inform+景点+周边景点]转一转。",
        "为您推荐[Inform+景点+周边景点],。",
        "有几个呢，您看您去[Inform+景点+周边景点]，您觉得如何？",
        "有[Inform+景点+周边景点]。",
        "周边的景点是[Inform+景点+周边景点]。",
        "附近有[Inform+景点+周边景点]这个景点，也不错的。",
        "周边景点推荐您去[Inform+景点+周边景点]。",
        "周边好玩的景点有[Inform+景点+周边景点]。",
        "那就顺道再去[Inform+景点+周边景点]看一看呗。"
    ],
    "Inform+景点+周边景点1+周边景点2": [
        "附近有[Inform+景点+周边景点1]、[Inform+景点+周边景点2]。",
        "附近景点有[Inform+景点+周边景点1]和[Inform+景点+周边景点2]，听说都很好玩。",
        "[Inform+景点+周边景点1]和[Inform+景点+周边景点2]都在这附近，您可以去看一看。",
        "周边景点有：[Inform+景点+周边景点1], [Inform+景点+周边景点2]。",
        "[Inform+景点+周边景点1]和[Inform+景点+周边景点2]都在那边，您可以去看看。",
        "周边好玩的景点有[Inform+景点+周边景点1], [Inform+景点+周边景点2]。",
        "建议您去[Inform+景点+周边景点1]或[Inform+景点+周边景点2]。",
        "附近的[Inform+景点+周边景点1]和[Inform+景点+周边景点2]都是值得一去的地方。",
        "近一点的景点还有[Inform+景点+周边景点1]和[Inform+景点+周边景点2]。",
        "周边的好玩的景点还有[Inform+景点+周边景点1], [Inform+景点+周边景点2]。"
    ],
    "Inform+景点+周边景点1+周边景点2+周边景点3": [
        "[Inform+景点+周边景点1]、[Inform+景点+周边景点2]、[Inform+景点+周边景点3]都在这附近呢！",
        "那您就再去[Inform+景点+周边景点1], [Inform+景点+周边景点2]或者[Inform+景点+周边景点3]玩玩。",
        "有3个景点是[Inform+景点+周边景点1], [Inform+景点+周边景点2], [Inform+景点+周边景点3]。",
        "[Inform+景点+周边景点1], [Inform+景点+周边景点2], [Inform+景点+周边景点3]都是他的周边景点。",
        "有[Inform+景点+周边景点1]、[Inform+景点+周边景点2]、[Inform+景点+周边景点3]，这几个地方都还挺值得去的。",
        "周边的景点还有[Inform+景点+周边景点1], [Inform+景点+周边景点2], [Inform+景点+周边景点3]。",
        "附近景点有[Inform+景点+周边景点1], [Inform+景点+周边景点2]和[Inform+景点+周边景点3]。",
        "[Inform+景点+周边景点1], [Inform+景点+周边景点2], [Inform+景点+周边景点3]，都离的挺近的！",
        "周边还有[Inform+景点+周边景点1], [Inform+景点+周边景点2], [Inform+景点+周边景点3]，你有时间可以去看看。",
        "可以游玩的地方挺多哈，[Inform+景点+周边景点1]、[Inform+景点+周边景点2]、[Inform+景点+周边景点3]…"
    ],
    "Inform+景点+周边景点1+周边景点2+周边景点3+周边景点4": [
        "附近还有[Inform+景点+周边景点1], [Inform+景点+周边景点2], [Inform+景点+周边景点3]和[Inform+景点+周边景点4]等景点。",
        "周边景点有[Inform+景点+周边景点1]、[Inform+景点+周边景点2]、[Inform+景点+周边景点3]、[Inform+景点+周边景点4]。",
        "周边景点有很多，比如[Inform+景点+周边景点1], [Inform+景点+周边景点2], [Inform+景点+周边景点3], [Inform+景点+周边景点4]等。",
        "附近有挺多景点的，[Inform+景点+周边景点1], [Inform+景点+周边景点2], [Inform+景点+周边景点3], 北京古代建筑博物馆, [Inform+景点+周边景点4]！都可以去转转！",
        "该景点周边还有[Inform+景点+周边景点1], [Inform+景点+周边景点2], [Inform+景点+周边景点3], [Inform+景点+周边景点4]。",
        "附近是[Inform+景点+周边景点1]、[Inform+景点+周边景点2]、[Inform+景点+周边景点3]、[Inform+景点+周边景点4]，都是不错的景点。",
        "[Inform+景点+周边景点1], [Inform+景点+周边景点2], [Inform+景点+周边景点3], [Inform+景点+周边景点4]，都离的不远的。",
        "周边景点可多了，像[Inform+景点+周边景点1], [Inform+景点+周边景点2], [Inform+景点+周边景点3], [Inform+景点+周边景点4]，这些都是它周边的。",
        "周围还有[Inform+景点+周边景点1], [Inform+景点+周边景点2], [Inform+景点+周边景点3]和 [Inform+景点+周边景点4]可以选择。",
        "周边景点有[Inform+景点+周边景点1], [Inform+景点+周边景点2], [Inform+景点+周边景点3], [Inform+景点+周边景点4]。"
    ],
    "Inform+景点+周边酒店": [
        "您觉得去[Inform+景点+周边酒店]入住，咋样？",
        "[Inform+景点+周边酒店]离得不远。",
        "[Inform+景点+周边酒店]就在附近。",
        "推荐您去名叫[Inform+景点+周边酒店]的酒店。",
        "推荐您去[Inform+景点+周边酒店]休息，肯定能让您放下一身的疲惫。",
        "附近有[Inform+景点+周边酒店]。",
        "推荐你去[Inform+景点+周边酒店]。",
        "建议您去[Inform+景点+周边酒店]，口碑还是不错的。",
        "附近有一家：[Inform+景点+周边酒店]。",
        "周边酒店有[Inform+景点+周边酒店]。"
    ],
    "Inform+景点+周边酒店1+周边酒店2": [
        "[Inform+景点+周边酒店1], [Inform+景点+周边酒店2]，这两个都不错！",
        "[Inform+景点+周边酒店1], [Inform+景点+周边酒店2]，都在它周边。",
        "附近有[Inform+景点+周边酒店1]和[Inform+景点+周边酒店2]这两家店。",
        "周边酒店[Inform+景点+周边酒店1], [Inform+景点+周边酒店2]都很不错。",
        "周边的酒店有[Inform+景点+周边酒店1], [Inform+景点+周边酒店2]。",
        "这个景点的周边有[Inform+景点+周边酒店1], [Inform+景点+周边酒店2]。",
        "[Inform+景点+周边酒店1]和[Inform+景点+周边酒店2]您都可以看一下。",
        "周边酒店有两家是[Inform+景点+周边酒店1], [Inform+景点+周边酒店2]。",
        "有[Inform+景点+周边酒店1]和[Inform+景点+周边酒店2]等等供您选择。",
        "你可以选择[Inform+景点+周边酒店1]或者[Inform+景点+周边酒店2]。"
    ],
    "Inform+景点+周边酒店1+周边酒店2+周边酒店3": [
        "好多呢，例如[Inform+景点+周边酒店1], [Inform+景点+周边酒店2], [Inform+景点+周边酒店3]。",
        "有可多了，比如[Inform+景点+周边酒店1]、[Inform+景点+周边酒店2]和[Inform+景点+周边酒店3]，选择多样。",
        "周边的酒店有[Inform+景点+周边酒店1]、 [Inform+景点+周边酒店2]、 [Inform+景点+周边酒店3]等等。",
        "周边酒店也不少，像[Inform+景点+周边酒店1], [Inform+景点+周边酒店2], [Inform+景点+周边酒店3]，都在它周边。",
        "[Inform+景点+周边酒店1], [Inform+景点+周边酒店2], [Inform+景点+周边酒店3]，这三个离的挺近的！",
        "[Inform+景点+周边酒店1], [Inform+景点+周边酒店2], [Inform+景点+周边酒店3]，这些都在他附近。",
        "附近酒店有[Inform+景点+周边酒店1], [Inform+景点+周边酒店2], 北京饭店和[Inform+景点+周边酒店3]。",
        "有[Inform+景点+周边酒店1]、[Inform+景点+周边酒店2]和[Inform+景点+周边酒店3]供您参选。",
        "酒店有很多的，比如[Inform+景点+周边酒店1], [Inform+景点+周边酒店2]和[Inform+景点+周边酒店3]等。",
        "您可以选择[Inform+景点+周边酒店1]、[Inform+景点+周边酒店2]、[Inform+景点+周边酒店3]等等。"
    ],
    "Inform+景点+周边酒店1+周边酒店2+周边酒店3+周边酒店4": [
        "附近有[Inform+景点+周边酒店1], [Inform+景点+周边酒店2], [Inform+景点+周边酒店3]和[Inform+景点+周边酒店4]。",
        "挺多呢，比如[Inform+景点+周边酒店1], [Inform+景点+周边酒店2], [Inform+景点+周边酒店3], [Inform+景点+周边酒店4]。",
        "它周边的酒店有[Inform+景点+周边酒店1], [Inform+景点+周边酒店2], [Inform+景点+周边酒店3], [Inform+景点+周边酒店4]。",
        "[Inform+景点+周边酒店1], [Inform+景点+周边酒店2], [Inform+景点+周边酒店3], [Inform+景点+周边酒店4]，都在它的周边。",
        "周边的酒店有[Inform+景点+周边酒店1], [Inform+景点+周边酒店2], [Inform+景点+周边酒店3], [Inform+景点+周边酒店4]。",
        "有[Inform+景点+周边酒店1], [Inform+景点+周边酒店2], [Inform+景点+周边酒店3], [Inform+景点+周边酒店4]。",
        "附近酒店有[Inform+景点+周边酒店1], [Inform+景点+周边酒店2], [Inform+景点+周边酒店3]和[Inform+景点+周边酒店4]。",
        "周边酒店有[Inform+景点+周边酒店1], [Inform+景点+周边酒店2], [Inform+景点+周边酒店3], [Inform+景点+周边酒店4]。",
        "[Inform+景点+周边酒店1], [Inform+景点+周边酒店2], [Inform+景点+周边酒店3], [Inform+景点+周边酒店4]，这些都在它的周边。",
        "为您查找到：[Inform+景点+周边酒店1], [Inform+景点+周边酒店2], [Inform+景点+周边酒店3], [Inform+景点+周边酒店4]。"
    ],
    "Inform+景点+周边餐馆": [
        "周边餐馆推荐您去[Inform+景点+周边餐馆]。",
        "附近的餐馆有[Inform+景点+周边餐馆]。",
        "[Inform+景点+周边餐馆]就不错。",
        "它周边有[Inform+景点+周边餐馆]。",
        "有个[Inform+景点+周边餐馆]在那边，亲。",
        "为你查到一家[Inform+景点+周边餐馆]。",
        "周边餐馆有[Inform+景点+周边餐馆]，你看满意吗？",
        "[Inform+景点+周边餐馆]就在那附近。",
        "[Inform+景点+周边餐馆]，可以去品尝一下。",
        "[Inform+景点+周边餐馆]在它附近，是您不错的选择。"
    ],
    "Inform+景点+周边餐馆1+周边餐馆2": [
        "有[Inform+景点+周边餐馆1]和[Inform+景点+周边餐馆2]。",
        "附近有很多餐馆，其中[Inform+景点+周边餐馆1]和[Inform+景点+周边餐馆2]就很不错。",
        "周边餐馆有[Inform+景点+周边餐馆1], [Inform+景点+周边餐馆2]等。",
        "有两家是周边餐馆是[Inform+景点+周边餐馆1], [Inform+景点+周边餐馆2]。",
        "推荐您去[Inform+景点+周边餐馆1]或[Inform+景点+周边餐馆2]。",
        "有[Inform+景点+周边餐馆1]和[Inform+景点+周边餐馆2]供您参考呢。",
        "[Inform+景点+周边餐馆1]和[Inform+景点+周边餐馆2]都在附近，您都可以考虑一下哦~",
        "周边有两家餐馆是[Inform+景点+周边餐馆1], [Inform+景点+周边餐馆2]。",
        "周边有[Inform+景点+周边餐馆1]和[Inform+景点+周边餐馆2]，您可以尝一尝。",
        "有[Inform+景点+周边餐馆1]和[Inform+景点+周边餐馆2]等等供您挑选。"
    ],
    "Inform+景点+周边餐馆1+周边餐馆2+周边餐馆3": [
        "你们可以去他附近的餐馆吃，像[Inform+景点+周边餐馆1], [Inform+景点+周边餐馆2], [Inform+景点+周边餐馆3]味道都很好的。",
        "周边餐馆也不少呢，比如[Inform+景点+周边餐馆1], [Inform+景点+周边餐馆2], [Inform+景点+周边餐馆3]。",
        "景点周边的餐馆有[Inform+景点+周边餐馆1], [Inform+景点+周边餐馆2], [Inform+景点+周边餐馆3]。",
        "餐馆不少呢，像[Inform+景点+周边餐馆1], [Inform+景点+周边餐馆2], [Inform+景点+周边餐馆3]，这些都是它周边的。",
        "您可以去[Inform+景点+周边餐馆1]、[Inform+景点+周边餐馆2]、[Inform+景点+周边餐馆3]，这些都在附近。",
        "有类似[Inform+景点+周边餐馆1]、[Inform+景点+周边餐馆2]和[Inform+景点+周边餐馆3]等等让您选择。",
        "周边的餐馆也挺多，有[Inform+景点+周边餐馆1]、[Inform+景点+周边餐馆2]、[Inform+景点+周边餐馆3]。",
        "哈哈，周边餐馆可多了，有[Inform+景点+周边餐馆1], [Inform+景点+周边餐馆2], [Inform+景点+周边餐馆3]等。",
        "比如[Inform+景点+周边餐馆1], [Inform+景点+周边餐馆2], [Inform+景点+周边餐馆3]，都在它周边。",
        "它周边的餐馆有[Inform+景点+周边餐馆1]、 [Inform+景点+周边餐馆2]、 [Inform+景点+周边餐馆3]。"
    ],
    "Inform+景点+周边餐馆1+周边餐馆2+周边餐馆3+周边餐馆4": [
        "周边餐馆有[Inform+景点+周边餐馆1], [Inform+景点+周边餐馆2], [Inform+景点+周边餐馆3], [Inform+景点+周边餐馆4]，你可以挑一家去吃。",
        "周边餐馆很多，比如[Inform+景点+周边餐馆1], [Inform+景点+周边餐馆2], [Inform+景点+周边餐馆3], [Inform+景点+周边餐馆4]等。",
        "周边餐馆有[Inform+景点+周边餐馆1], [Inform+景点+周边餐馆2], [Inform+景点+周边餐馆3], [Inform+景点+周边餐馆4]。",
        "附近有[Inform+景点+周边餐馆1], [Inform+景点+周边餐馆2], [Inform+景点+周边餐馆3], [Inform+景点+周边餐馆4]。",
        "有很多的。比如可以去[Inform+景点+周边餐馆1], [Inform+景点+周边餐馆2], [Inform+景点+周边餐馆3]或者[Inform+景点+周边餐馆4]吃饭。",
        "这下你可有口福了，景点周边有不少好吃的地方呢，比如[Inform+景点+周边餐馆1], [Inform+景点+周边餐馆2], [Inform+景点+周边餐馆3], [Inform+景点+周边餐馆4]。",
        "比如[Inform+景点+周边餐馆1], [Inform+景点+周边餐馆2], [Inform+景点+周边餐馆3], [Inform+景点+周边餐馆4]，这些都在它周边的。",
        "还不少呢，比如[Inform+景点+周边餐馆1], [Inform+景点+周边餐馆2], [Inform+景点+周边餐馆3], [Inform+景点+周边餐馆4]都在它周边。",
        "有[Inform+景点+周边餐馆1], [Inform+景点+周边餐馆2], [Inform+景点+周边餐馆3]和[Inform+景点+周边餐馆4]。",
        "附近餐馆有[Inform+景点+周边餐馆1], [Inform+景点+周边餐馆2], [Inform+景点+周边餐馆3]和[Inform+景点+周边餐馆4]。"
    ],
    "Inform+景点+地址": [
        "地址你记一下，[Inform+景点+地址]。",
        "你记好了，地址是[Inform+景点+地址]。",
        "地址是[Inform+景点+地址]，建议您提前安排好行程。",
        "这个景点的地址是[Inform+景点+地址]。",
        "地址是[Inform+景点+地址]，你拿着这个地址就能找到了。",
        "具体地址是[Inform+景点+地址]。",
        "在[Inform+景点+地址]，实在不行您就导航吧。",
        "那你记一下吧，地址是[Inform+景点+地址]。",
        "它具体位于[Inform+景点+地址]。",
        "位置是[Inform+景点+地址]。"
    ],
    "Inform+景点+游玩时间": [
        "建议游玩时间是[Inform+景点+游玩时间]。",
        "可游玩[Inform+景点+游玩时间]！",
        "这个景点可以游玩[Inform+景点+游玩时间]。",
        "适合玩[Inform+景点+游玩时间]。",
        "推荐您游玩[Inform+景点+游玩时间]！",
        "游玩时间大概[Inform+景点+游玩时间]吧。",
        "游玩时间是[Inform+景点+游玩时间]，您可以好好安排时间。",
        "您可以游玩[Inform+景点+游玩时间]。",
        "它的游玩时间是[Inform+景点+游玩时间]。",
        "建议您玩[Inform+景点+游玩时间]左右。"
    ],
    "Inform+景点+电话": [
        "请您记下电话是[Inform+景点+电话]。",
        "您可以拨打[Inform+景点+电话]。",
        "请拨打[Inform+景点+电话]。",
        "我查到的电话是[Inform+景点+电话]。",
        "电话号码是[Inform+景点+电话]。",
        "[Inform+景点+电话]，请保存。",
        "电话是[Inform+景点+电话]，您记录下。",
        "您记一下，电话是[Inform+景点+电话]。",
        "您可以联系[Inform+景点+电话]这个号码。",
        "您就拨[Inform+景点+电话]就行。"
    ],
    "Inform+景点+评分": [
        "评分是[Inform+景点+评分]的哦。",
        "评分是[Inform+景点+评分]。",
        "评分[Inform+景点+评分]。",
        "景点评分是[Inform+景点+评分]。",
        "是[Inform+景点+评分]呢，亲。",
        "评分是[Inform+景点+评分]呢。",
        "这个景点的评分是[Inform+景点+评分]。",
        "[Inform+景点+评分]呢。",
        "这个景点是[Inform+景点+评分]评分。",
        "它的评分是[Inform+景点+评分]。"
    ],
    "Inform+主体+属性+无": [
        "抱歉，[主体]无[属性]。",
        "抱歉，目前暂无[属性]信息。",
        "非常抱歉，这个[主体]无[属性]。",
        "它现在无[属性]。",
        "抱歉，该[主体]没有[属性]无法为您查询。",
        "不好意思，暂无[属性]哦！",
        "报歉，目前没有[属性]信息呢。",
        "不好意思哦，[主体]没有[属性]的。",
        "不好意思，没有查到呢。",
        "没有[属性]的。"
    ],
    "Inform+景点+门票": [
        "这个景点的门票价格是[Inform+景点+门票]。",
        "门票价格是[Inform+景点+门票]的。",
        "[Inform+景点+门票]一张票。",
        "门票[Inform+景点+门票]元。",
        "它的门票是[Inform+景点+门票]！",
        "门票费是[Inform+景点+门票]。",
        "它的门票是[Inform+景点+门票]。",
        "[Inform+景点+门票]元每张。",
        "门票为[Inform+景点+门票]。",
        "该景点的门票价格是[Inform+景点+门票]。"
    ],
    "Inform+景点+门票+免费": [
        "这里是免费的！",
        "门票是免费的。",
        "景点是免费的。",
        "该景点门票免费。",
        "这里是免费参观的景点哦。",
        "这个景点是免费的哦。",
        "它是免费开放的，不用买门票。",
        "这里是免费开放的。",
        "门票不要钱，免费的。",
        "这个是免费的。"
    ],
    "Inform+酒店+价格": [
        "[Inform+酒店+价格]一晚！",
        "它的价格为[Inform+酒店+价格]。",
        "他家的价格是[Inform+酒店+价格]。",
        "这家酒店价格是[Inform+酒店+价格]。",
        "价格为[Inform+酒店+价格]，您可以参考一下。",
        "我查一下啊，价格是[Inform+酒店+价格]。",
        "价位是[Inform+酒店+价格]。",
        "价格是[Inform+酒店+价格]一晚。",
        "一晚[Inform+酒店+价格]。",
        "酒店价格为[Inform+酒店+价格]."
    ],
    "Inform+酒店+名称": [
        "那我就推荐你们去[Inform+酒店+名称]住了。",
        "推荐您去[Inform+酒店+名称]住宿，这家酒店不错。",
        "[Inform+酒店+名称]是个很不错的地方，你要不要去看看。",
        "你可以选择去[Inform+酒店+名称]。",
        "那我给你推荐[Inform+酒店+名称]，这是一个非常不错的住所。",
        "推荐你去[Inform+酒店+名称]吧，它家还是不错的。",
        "[Inform+酒店+名称]还是不错的，你可以选择尝试一下。",
        "那就去[Inform+酒店+名称]吧，那儿不错。",
        "为您推荐[Inform+酒店+名称]哟。",
        "我给推荐一家[Inform+酒店+名称]吧，你去看看吧。"
    ],
    "Inform+酒店+周边景点": [
        "[Inform+酒店+周边景点]在那附近。",
        "有[Inform+酒店+周边景点]。",
        "周边景点有[Inform+酒店+周边景点]。",
        "酒店周边的景点有[Inform+酒店+周边景点]。",
        "[Inform+酒店+周边景点]离的很近的！可以去转转！",
        "有一个是[Inform+酒店+周边景点]，景色不错。",
        "有个[Inform+酒店+周边景点]。",
        "周边的景点有[Inform+酒店+周边景点]。",
        "有一个[Inform+酒店+周边景点]。",
        "[Inform+酒店+周边景点]就在附近。"
    ],
    "Inform+酒店+周边景点1+周边景点2": [
        "周边景点有[Inform+酒店+周边景点1], [Inform+酒店+周边景点2]。",
        "他家的周边有[Inform+酒店+周边景点1], [Inform+酒店+周边景点2]可以游玩。",
        "推荐您去[Inform+酒店+周边景点1], [Inform+酒店+周边景点2]。",
        "这个酒店周边的景点有[Inform+酒店+周边景点1], [Inform+酒店+周边景点2]。",
        "周边有[Inform+酒店+周边景点1]和[Inform+酒店+周边景点2]都值得一去呢。",
        "周边有[Inform+酒店+周边景点1]和[Inform+酒店+周边景点2]这两个景点。",
        "[Inform+酒店+周边景点1]和[Inform+酒店+周边景点2]都是个不错的选择哦~",
        "你可以去[Inform+酒店+周边景点1]和[Inform+酒店+周边景点2]。",
        "这家酒店周边好玩的景点有[Inform+酒店+周边景点1], [Inform+酒店+周边景点2]。",
        "有[Inform+酒店+周边景点1]和[Inform+酒店+周边景点2]，你可以转转。"
    ],
    "Inform+酒店+周边景点1+周边景点2+周边景点3": [
        "有3个景点是[Inform+酒店+周边景点1], [Inform+酒店+周边景点2], [Inform+酒店+周边景点3]。",
        "有[Inform+酒店+周边景点1], [Inform+酒店+周边景点2], [Inform+酒店+周边景点3]，这些都在附近了。",
        "酒店周边景点有[Inform+酒店+周边景点1], [Inform+酒店+周边景点2], [Inform+酒店+周边景点3]。",
        "附近景点非常多，比如[Inform+酒店+周边景点1], [Inform+酒店+周边景点2]和[Inform+酒店+周边景点3]等。",
        "有挺多的，例如[Inform+酒店+周边景点1]、[Inform+酒店+周边景点2]和[Inform+酒店+周边景点3]等都在边上。",
        "[Inform+酒店+周边景点1]、[Inform+酒店+周边景点2]、[Inform+酒店+周边景点3]，您都可以去游玩一番。",
        "[Inform+酒店+周边景点1], [Inform+酒店+周边景点2], [Inform+酒店+周边景点3]都是它的周边景点。",
        "酒店的周边有三个景点，分别是[Inform+酒店+周边景点1], [Inform+酒店+周边景点2], [Inform+酒店+周边景点3]，有时间你可以去看看。",
        "附近景点有[Inform+酒店+周边景点1], [Inform+酒店+周边景点2]和[Inform+酒店+周边景点3]等。有好多好去处的。",
        "有好多呢，比如[Inform+酒店+周边景点1]、[Inform+酒店+周边景点2]和[Inform+酒店+周边景点3]，有空您都可以去看看。"
    ],
    "Inform+酒店+周边景点1+周边景点2+周边景点3+周边景点4": [
        "周边景点有[Inform+酒店+周边景点1]、[Inform+酒店+周边景点2]、[Inform+酒店+周边景点3]、[Inform+酒店+周边景点4]，这些都很推荐你去。",
        "附近有[Inform+酒店+周边景点1], [Inform+酒店+周边景点2], [Inform+酒店+周边景点3], [Inform+酒店+周边景点4]，这些地方都不错！",
        "[Inform+酒店+周边景点1], [Inform+酒店+周边景点2], [Inform+酒店+周边景点3], [Inform+酒店+周边景点4]，都离的很近的！",
        "周边的景点有[Inform+酒店+周边景点1]、[Inform+酒店+周边景点2]、[Inform+酒店+周边景点3]、[Inform+酒店+周边景点4]供您选择。",
        "这个酒店周边有[Inform+酒店+周边景点1], [Inform+酒店+周边景点2], [Inform+酒店+周边景点3], [Inform+酒店+周边景点4]，有时间可以去逛逛。",
        "景点有很多呢，[Inform+酒店+周边景点1], [Inform+酒店+周边景点2], [Inform+酒店+周边景点3], [Inform+酒店+周边景点4]，这些景点都在附近哦。",
        "他周边不少景点呢，像[Inform+酒店+周边景点1], [Inform+酒店+周边景点2], [Inform+酒店+周边景点3], [Inform+酒店+周边景点4]，你可以随时去逛了。",
        "有很多的，不如可以去[Inform+酒店+周边景点1], [Inform+酒店+周边景点2], [Inform+酒店+周边景点3]或者[Inform+酒店+周边景点4]游玩。",
        "周边景点有点多，比如[Inform+酒店+周边景点1], [Inform+酒店+周边景点2], [Inform+酒店+周边景点3], [Inform+酒店+周边景点4]。",
        "您可以去[Inform+酒店+周边景点1], [Inform+酒店+周边景点2], [Inform+酒店+周边景点3]或者[Inform+酒店+周边景点4]游玩。"
    ],
    "Inform+酒店+周边餐馆": [
        "酒店周边餐馆有[Inform+酒店+周边餐馆]。",
        "周边的餐馆有[Inform+酒店+周边餐馆]。",
        "有个叫[Inform+酒店+周边餐馆]的饭店。",
        "附近有[Inform+酒店+周边餐馆]。",
        "有[Inform+酒店+周边餐馆]。",
        "附近有一家餐馆是[Inform+酒店+周边餐馆]。",
        "周边有一个[Inform+酒店+周边餐馆]。",
        "附近的[Inform+酒店+周边餐馆]很受欢迎的，而且环境和价格都是比较好的。",
        "您可以去[Inform+酒店+周边餐馆]吃饭的。",
        "有一家是[Inform+酒店+周边餐馆]，味道很好。"
    ],
    "Inform+酒店+周边餐馆1+周边餐馆2": [
        "周边的餐馆有[Inform+酒店+周边餐馆1], [Inform+酒店+周边餐馆2]。",
        "酒店周边的餐馆有[Inform+酒店+周边餐馆1]、[Inform+酒店+周边餐馆2]。",
        "餐厅挺多的，比如[Inform+酒店+周边餐馆1]和[Inform+酒店+周边餐馆2]等等。",
        "附近餐馆有[Inform+酒店+周边餐馆1]和[Inform+酒店+周边餐馆2]，都不错。",
        "附近的[Inform+酒店+周边餐馆1]和[Inform+酒店+周边餐馆2]都是不错的选择。",
        "[Inform+酒店+周边餐馆1]和[Inform+酒店+周边餐馆2]都在附近。",
        "不远处有[Inform+酒店+周边餐馆1]、[Inform+酒店+周边餐馆2]。",
        "附近的[Inform+酒店+周边餐馆1]和[Inform+酒店+周边餐馆2]都不错哦~",
        "附近的[Inform+酒店+周边餐馆1]和[Inform+酒店+周边餐馆2]都是很不错的，您可以去体验一下哦~",
        "有[Inform+酒店+周边餐馆1], [Inform+酒店+周边餐馆2]，有时间您可以去尝尝。"
    ],
    "Inform+酒店+周边餐馆1+周边餐馆2+周边餐馆3": [
        "有很多，比如[Inform+酒店+周边餐馆1]、[Inform+酒店+周边餐馆2]和[Inform+酒店+周边餐馆3]等等任您挑选。",
        "餐馆有，[Inform+酒店+周边餐馆1], [Inform+酒店+周边餐馆2], [Inform+酒店+周边餐馆3]都在他附近。",
        "它附近有[Inform+酒店+周边餐馆1], [Inform+酒店+周边餐馆2], [Inform+酒店+周边餐馆3]。",
        "您真是有口福了，有[Inform+酒店+周边餐馆1], [Inform+酒店+周边餐馆2], [Inform+酒店+周边餐馆3]等。",
        "附近餐馆很多的，您可以去[Inform+酒店+周边餐馆1], [Inform+酒店+周边餐馆2]或者[Inform+酒店+周边餐馆3]尝尝。",
        "那您去[Inform+酒店+周边餐馆1], [Inform+酒店+周边餐馆2]或者[Inform+酒店+周边餐馆3]尝尝吧。",
        "附近餐馆有[Inform+酒店+周边餐馆1], [Inform+酒店+周边餐馆2]和[Inform+酒店+周边餐馆3]等。",
        "周边有吃饭的地方，[Inform+酒店+周边餐馆1]、[Inform+酒店+周边餐馆2]、[Inform+酒店+周边餐馆3]。",
        "[Inform+酒店+周边餐馆1]、[Inform+酒店+周边餐馆2]、[Inform+酒店+周边餐馆3]这些都在附近。",
        "酒店周边吃饭还是很方便的，您可以去[Inform+酒店+周边餐馆1]、[Inform+酒店+周边餐馆2]、[Inform+酒店+周边餐馆3]等等。"
    ],
    "Inform+酒店+周边餐馆1+周边餐馆2+周边餐馆3+周边餐馆4": [
        "周边的餐馆有[Inform+酒店+周边餐馆1]、[Inform+酒店+周边餐馆2]、[Inform+酒店+周边餐馆3]、[Inform+酒店+周边餐馆4]。",
        "您可以去[Inform+酒店+周边餐馆1], [Inform+酒店+周边餐馆2], [Inform+酒店+周边餐馆3]或者[Inform+酒店+周边餐馆4]吃饭。",
        "[Inform+酒店+周边餐馆1], [Inform+酒店+周边餐馆2], [Inform+酒店+周边餐馆3], [Inform+酒店+周边餐馆4]，这几家店都很不错！",
        "他的周边餐馆有[Inform+酒店+周边餐馆1], [Inform+酒店+周边餐馆2], [Inform+酒店+周边餐馆3], [Inform+酒店+周边餐馆4]。",
        "我看了一下，他家的周边有[Inform+酒店+周边餐馆1], [Inform+酒店+周边餐馆2], [Inform+酒店+周边餐馆3], [Inform+酒店+周边餐馆4]。",
        "周边有好多家，[Inform+酒店+周边餐馆1], [Inform+酒店+周边餐馆2], [Inform+酒店+周边餐馆3], [Inform+酒店+周边餐馆4]。",
        "他家周边有很多的餐馆，你可以吃个够了，如[Inform+酒店+周边餐馆1], [Inform+酒店+周边餐馆2], [Inform+酒店+周边餐馆3], [Inform+酒店+周边餐馆4]。",
        "周边餐馆好多呢，比如[Inform+酒店+周边餐馆1], [Inform+酒店+周边餐馆2], [Inform+酒店+周边餐馆3], [Inform+酒店+周边餐馆4]，这些都在它周边。",
        "[Inform+酒店+周边餐馆1], [Inform+酒店+周边餐馆2], [Inform+酒店+周边餐馆3], [Inform+酒店+周边餐馆4]，这几家都挺好吃的！",
        "它的周边有[Inform+酒店+周边餐馆1], [Inform+酒店+周边餐馆2], [Inform+酒店+周边餐馆3], [Inform+酒店+周边餐馆4]，吃的是不用担心的了！"
    ],
    "Inform+酒店+地址": [
        "这家酒店地址是[Inform+酒店+地址]。",
        "地址是[Inform+酒店+地址]，你们可以导航的。",
        "这个酒店在[Inform+酒店+地址]。",
        "地址是[Inform+酒店+地址]，您记录一下。",
        "[Inform+酒店+地址]，请您记好，以免走错了。",
        "具体地址是[Inform+酒店+地址]。",
        "它在[Inform+酒店+地址]，建议您安排好行程哦~",
        "它位于[Inform+酒店+地址]，请记好哦。",
        "这家的地址是[Inform+酒店+地址]。",
        "地址请您记好，[Inform+酒店+地址]。"
    ],
    "Inform+酒店+电话": [
        "电话是[Inform+酒店+电话]，你记一下吧。",
        "联系电话是[Inform+酒店+电话]。",
        "这个酒店的电话是[Inform+酒店+电话]。",
        "您联系[Inform+酒店+电话]这个号码就行。",
        "我查一下，电话是[Inform+酒店+电话]。",
        "电话请您记录[Inform+酒店+电话]。",
        "您拨打[Inform+酒店+电话]就可以了。",
        "那您打[Inform+酒店+电话]这个电话就可以。",
        "请您记录好，电话是[Inform+酒店+电话]。",
        "电话是[Inform+酒店+电话]，您存下吧。"
    ],
    "Inform+酒店+评分": [
        "评分[Inform+酒店+评分]分。",
        "酒店的评分为[Inform+酒店+评分]。",
        "他家评分是[Inform+酒店+评分]。",
        "这家酒店的评分是[Inform+酒店+评分]。",
        "[Inform+酒店+评分]分。",
        "评分是[Inform+酒店+评分]，亲。",
        "是[Inform+酒店+评分]。",
        "他家是[Inform+酒店+评分]哦。",
        "这家评分是[Inform+酒店+评分]呢。",
        "帮您查到这家酒店的评分是[Inform+酒店+评分]。"
    ],
    "Inform+酒店+酒店类型": [
        "酒店是[Inform+酒店+酒店类型]的。",
        "它属于[Inform+酒店+酒店类型]。",
        "这是一个[Inform+酒店+酒店类型]的酒店。",
        "他家是[Inform+酒店+酒店类型]的酒店。",
        "这个酒店是[Inform+酒店+酒店类型]的酒店。",
        "这是一家[Inform+酒店+酒店类型]酒店。",
        "他家属于[Inform+酒店+酒店类型]的！",
        "是家[Inform+酒店+酒店类型]酒店。",
        "查到这里属于[Inform+酒店+酒店类型]的呢。",
        "为您找到了是[Inform+酒店+酒店类型]。"
    ],
    "Inform+酒店+酒店设施+否": [
        "报歉，没有[Inform+酒店+酒店设施+否]服务呢。",
        "抱歉，酒店不提供[Inform+酒店+酒店设施+否]。",
        "非常遗憾，酒店不提供[Inform+酒店+酒店设施+否]服务。",
        "无[Inform+酒店+酒店设施+否]服务。",
        "酒店没有[Inform+酒店+酒店设施+否]服务。",
        "抱歉，酒店设施不提供[Inform+酒店+酒店设施+否]。",
        "不好意思，酒店设施不提供[Inform+酒店+酒店设施+否]。",
        "不好意思，酒店不提供[Inform+酒店+酒店设施+否]服务。",
        "酒店不提供[Inform+酒店+酒店设施+否]。",
        "非常抱歉，该酒店不提供[Inform+酒店+酒店设施+否]。"
    ],
    "Inform+酒店+酒店设施+是": [
        "当然，该酒店提供[Inform+酒店+酒店设施+是]。",
        "能，这个酒店提供[Inform+酒店+酒店设施+是]的服务。",
        "是的，酒店设施提供[Inform+酒店+酒店设施+是]。",
        "没错，酒店设施提供[Inform+酒店+酒店设施+是]。",
        "该酒店提供[Inform+酒店+酒店设施+是]。",
        "是的，该酒店的酒店设施提供[Inform+酒店+酒店设施+是]的。",
        "酒店设施提供[Inform+酒店+酒店设施+是]。",
        "该酒店有[Inform+酒店+酒店设施+是]服务。",
        "您的这家酒店提供[Inform+酒店+酒店设施+是]。",
        "包含[Inform+酒店+酒店设施+是]的。"
    ],
    "Inform+餐馆+人均消费": [
        "人均消费是[Inform+餐馆+人均消费]。",
        "亲，人均是[Inform+餐馆+人均消费]。",
        "这家餐馆人均消费是[Inform+餐馆+人均消费]。",
        "[Inform+餐馆+人均消费]哦。",
        "这里人均消费是[Inform+餐馆+人均消费]。",
        "是[Inform+餐馆+人均消费]，亲。",
        "人均[Inform+餐馆+人均消费]，亲。",
        "这家店人均消费是[Inform+餐馆+人均消费]。",
        "您说的这家餐馆的人均消费是[Inform+餐馆+人均消费]。",
        "人均消费[Inform+餐馆+人均消费]，您可以考虑一下。"
    ],
    "Inform+餐馆+名称": [
        "[Inform+餐馆+名称]是一个很不错的地方，为你推荐这里吧。",
        "这边给您推荐[Inform+餐馆+名称]。",
        "您可以去[Inform+餐馆+名称]用餐。",
        "那您可以考虑[Inform+餐馆+名称]。",
        "推荐您去尝一尝[Inform+餐馆+名称]。",
        "您可以去[Inform+餐馆+名称]尝尝。",
        "[Inform+餐馆+名称]很不错的，您可以试试。",
        "要不您就去[Inform+餐馆+名称]吧，肯定错不了。",
        "我向你推荐一家餐馆吧，[Inform+餐馆+名称]就挺适合你的。",
        "[Inform+餐馆+名称]这个店正好符合您的要求。"
    ],
    "Inform+餐馆+周边景点": [
        "周边景点有[Inform+餐馆+周边景点]。",
        "有[Inform+餐馆+周边景点]，你们可以去那溜达溜达。",
        "周边的景点是[Inform+餐馆+周边景点]。",
        "有一个[Inform+餐馆+周边景点]。",
        "[Inform+餐馆+周边景点]在那附近。",
        "那您去[Inform+餐馆+周边景点]这个景点游玩吧，肯定长见识。",
        "我查了一下，这家餐馆的周边有一处景点，名叫[Inform+餐馆+周边景点]，你有时间可以去看看。",
        "这家餐馆周边景点有[Inform+餐馆+周边景点]。",
        "周边景点有[Inform+餐馆+周边景点]，吃过饭你可以去转转。",
        "周边景点有一家是[Inform+餐馆+周边景点]。"
    ],
    "Inform+餐馆+周边景点1+周边景点2": [
        "周边的景点有[Inform+餐馆+周边景点1], [Inform+餐馆+周边景点2]。",
        "附近有[Inform+餐馆+周边景点1]、雍和宫和[Inform+餐馆+周边景点2]。",
        "有两个景点，分别是[Inform+餐馆+周边景点1], [Inform+餐馆+周边景点2]。",
        "您可以去[Inform+餐馆+周边景点1]或[Inform+餐馆+周边景点2]。",
        "建议您去[Inform+餐馆+周边景点1]或[Inform+餐馆+周边景点2]。",
        "周边好玩的景点有[Inform+餐馆+周边景点1]和[Inform+餐馆+周边景点2]。",
        "[Inform+餐馆+周边景点1]和[Inform+餐馆+周边景点2]都在附近，看您对什么类型的景点感兴趣了。",
        "好多呢比如[Inform+餐馆+周边景点1], [Inform+餐馆+周边景点2]。",
        "您可以去[Inform+餐馆+周边景点1]和[Inform+餐馆+周边景点2]看看。",
        "附近有[Inform+餐馆+周边景点1]和[Inform+餐馆+周边景点2]，您都可以去看一看。"
    ],
    "Inform+餐馆+周边景点1+周边景点2+周边景点3": [
        "周边景点有[Inform+餐馆+周边景点1], [Inform+餐馆+周边景点2], [Inform+餐馆+周边景点3]。",
        "多到数不过来，例如[Inform+餐馆+周边景点1], [Inform+餐馆+周边景点2], [Inform+餐馆+周边景点3]。",
        "比如[Inform+餐馆+周边景点1], [Inform+餐馆+周边景点2], [Inform+餐馆+周边景点3]，都在它的周边呢。",
        "附近景点有[Inform+餐馆+周边景点1], [Inform+餐馆+周边景点2]和[Inform+餐馆+周边景点3]等。",
        "有[Inform+餐馆+周边景点1], [Inform+餐馆+周边景点2]和[Inform+餐馆+周边景点3]可以供您选择。",
        "位置很便利，[Inform+餐馆+周边景点1]、[Inform+餐馆+周边景点2]、[Inform+餐馆+周边景点3]都在附近。",
        "可以去的景点不少，像[Inform+餐馆+周边景点1]、[Inform+餐馆+周边景点2]、[Inform+餐馆+周边景点3]。",
        "[Inform+餐馆+周边景点1], [Inform+餐馆+周边景点2], [Inform+餐馆+周边景点3]都是他的周边景点。",
        "你可以去[Inform+餐馆+周边景点1]、[Inform+餐馆+周边景点2]或者[Inform+餐馆+周边景点3]。",
        "您可以游览[Inform+餐馆+周边景点1], [Inform+餐馆+周边景点2], [Inform+餐馆+周边景点3]。"
    ],
    "Inform+餐馆+周边景点1+周边景点2+周边景点3+周边景点4": [
        "有几个呢，[Inform+餐馆+周边景点1], [Inform+餐馆+周边景点2], [Inform+餐馆+周边景点3], [Inform+餐馆+周边景点4]，您看看你们想去哪个景点看看。",
        "附近景点有[Inform+餐馆+周边景点1], [Inform+餐馆+周边景点2], [Inform+餐馆+周边景点3]和[Inform+餐馆+周边景点4]等。",
        "周边景点不少，有[Inform+餐馆+周边景点1], [Inform+餐馆+周边景点2], [Inform+餐馆+周边景点3], [Inform+餐馆+周边景点4]。",
        "餐馆周边可以游玩的景点有[Inform+餐馆+周边景点1],[Inform+餐馆+周边景点2],[Inform+餐馆+周边景点3],[Inform+餐馆+周边景点4]。",
        "周边的景点很多，比如[Inform+餐馆+周边景点1], [Inform+餐馆+周边景点2], [Inform+餐馆+周边景点3], [Inform+餐馆+周边景点4]等等。",
        "周边景点有[Inform+餐馆+周边景点1], [Inform+餐馆+周边景点2], [Inform+餐馆+周边景点3], [Inform+餐馆+周边景点4]，你有空都可以去转转的。",
        "有很多可以去的地方，如[Inform+餐馆+周边景点1], [Inform+餐馆+周边景点2], [Inform+餐馆+周边景点3]和[Inform+餐馆+周边景点4]等。",
        "景点还挺多，有[Inform+餐馆+周边景点1]、[Inform+餐馆+周边景点2]、[Inform+餐馆+周边景点3]与 [Inform+餐馆+周边景点4]。",
        "那您去[Inform+餐馆+周边景点1], [Inform+餐馆+周边景点2], [Inform+餐馆+周边景点3]或者[Inform+餐馆+周边景点4]逛逛。",
        "他的附近景点有[Inform+餐馆+周边景点1], [Inform+餐馆+周边景点2], [Inform+餐馆+周边景点3], [Inform+餐馆+周边景点4]，有时间你还可以去逛逛的。"
    ],
    "Inform+餐馆+周边酒店": [
        "周边的酒店有[Inform+餐馆+周边酒店]。",
        "他的周边有一个[Inform+餐馆+周边酒店]。",
        "有一个[Inform+餐馆+周边酒店]。",
        "[Inform+餐馆+周边酒店]就在它的周边。",
        "餐馆周边有一个[Inform+餐馆+周边酒店]。",
        "周边有一家[Inform+餐馆+周边酒店]。",
        "推荐您[Inform+餐馆+周边酒店]。",
        "[Inform+餐馆+周边酒店]离得很近。",
        "有一家[Inform+餐馆+周边酒店]。",
        "[Inform+餐馆+周边酒店]。"
    ],
    "Inform+餐馆+周边酒店1+周边酒店2": [
        "有[Inform+餐馆+周边酒店1]和[Inform+餐馆+周边酒店2]哦。",
        "周边有几家，如[Inform+餐馆+周边酒店1], [Inform+餐馆+周边酒店2]。",
        "我查了一下，周边酒店有[Inform+餐馆+周边酒店1], [Inform+餐馆+周边酒店2]。",
        "有好几家酒店呢，如[Inform+餐馆+周边酒店1], [Inform+餐馆+周边酒店2]。",
        "酒店挺多的，[Inform+餐馆+周边酒店1], [Inform+餐馆+周边酒店2]，这些都在它的周边。",
        "附近的酒店有[Inform+餐馆+周边酒店1]、[Inform+餐馆+周边酒店2]。",
        "[Inform+餐馆+周边酒店1]、[Inform+餐馆+周边酒店2]都在那附近。",
        "推荐您去[Inform+餐馆+周边酒店1], [Inform+餐馆+周边酒店2]。",
        "有[Inform+餐馆+周边酒店1], [Inform+餐馆+周边酒店2]等等，您看看您去哪家。",
        "那您去[Inform+餐馆+周边酒店1]或者[Inform+餐馆+周边酒店2]都可以。"
    ],
    "Inform+餐馆+周边酒店1+周边酒店2+周边酒店3": [
        "附近酒店有[Inform+餐馆+周边酒店1], [Inform+餐馆+周边酒店2]和[Inform+餐馆+周边酒店3]。",
        "住的地方不少，有[Inform+餐馆+周边酒店1], [Inform+餐馆+周边酒店2], [Inform+餐馆+周边酒店3]。",
        "像[Inform+餐馆+周边酒店1], [Inform+餐馆+周边酒店2]和[Inform+餐馆+周边酒店3]等等都值得推荐。",
        "它周边酒店有[Inform+餐馆+周边酒店1]、[Inform+餐馆+周边酒店2]、 [Inform+餐馆+周边酒店3]。",
        "有很多呢，[Inform+餐馆+周边酒店1], [Inform+餐馆+周边酒店2], [Inform+餐馆+周边酒店3]，这些都在他附近哦。",
        "有好几个呢，分别是[Inform+餐馆+周边酒店1]、[Inform+餐馆+周边酒店2]和[Inform+餐馆+周边酒店3]。",
        "[Inform+餐馆+周边酒店1], [Inform+餐馆+周边酒店2], [Inform+餐馆+周边酒店3]都在它附近。",
        "旁边有[Inform+餐馆+周边酒店1], [Inform+餐馆+周边酒店2], [Inform+餐馆+周边酒店3]，这三家！",
        "餐馆周边的酒店有[Inform+餐馆+周边酒店1]、[Inform+餐馆+周边酒店2]、[Inform+餐馆+周边酒店3]，您可以选择一个适合您的~",
        "您可以选择[Inform+餐馆+周边酒店1]、[Inform+餐馆+周边酒店2]、[Inform+餐馆+周边酒店3]。"
    ],
    "Inform+餐馆+周边酒店1+周边酒店2+周边酒店3+周边酒店4": [
        "周边酒店是[Inform+餐馆+周边酒店1], [Inform+餐馆+周边酒店2], [Inform+餐馆+周边酒店3],[Inform+餐馆+周边酒店4]。",
        "餐馆周边的酒店有[Inform+餐馆+周边酒店1], [Inform+餐馆+周边酒店2], [Inform+餐馆+周边酒店3], [Inform+餐馆+周边酒店4]。",
        "附近有[Inform+餐馆+周边酒店1], [Inform+餐馆+周边酒店2], [Inform+餐馆+周边酒店3]和[Inform+餐馆+周边酒店4]。",
        "有挺多呢，[Inform+餐馆+周边酒店1], [Inform+餐馆+周边酒店2], [Inform+餐馆+周边酒店3], [Inform+餐馆+周边酒店4]，这些都是附近的。",
        "酒店不少，像[Inform+餐馆+周边酒店1], [Inform+餐馆+周边酒店2], [Inform+餐馆+周边酒店3], [Inform+餐馆+周边酒店4]，这些都是它周边的。",
        "附近酒店也挺多的。[Inform+餐馆+周边酒店1], [Inform+餐馆+周边酒店2], [Inform+餐馆+周边酒店3], [Inform+餐馆+周边酒店4]。这些家离餐馆都不是太远！",
        "周边酒店有很多供您选择呢，有[Inform+餐馆+周边酒店1]、[Inform+餐馆+周边酒店2]、[Inform+餐馆+周边酒店3]、[Inform+餐馆+周边酒店4]。",
        "[Inform+餐馆+周边酒店1], [Inform+餐馆+周边酒店2], [Inform+餐馆+周边酒店3], [Inform+餐馆+周边酒店4]都离它家不远。",
        "[Inform+餐馆+周边酒店1], [Inform+餐馆+周边酒店2], [Inform+餐馆+周边酒店3], [Inform+餐馆+周边酒店4]，这些酒店都在周边。",
        "它家的周边有[Inform+餐馆+周边酒店1], [Inform+餐馆+周边酒店2], [Inform+餐馆+周边酒店3], [Inform+餐馆+周边酒店4]。"
    ],
    "Inform+餐馆+周边餐馆": [
        "附近的[Inform+餐馆+周边餐馆]就很好哦~",
        "附近还有[Inform+餐馆+周边餐馆]。",
        "[Inform+餐馆+周边餐馆]在它家附近，可以去品尝一下。",
        "周边餐馆有[Inform+餐馆+周边餐馆]。",
        "那您可以去[Inform+餐馆+周边餐馆]。",
        "[Inform+餐馆+周边餐馆]，你可以去看看。",
        "有一家[Inform+餐馆+周边餐馆]，有时间你们也可以去试试。",
        "推荐您去[Inform+餐馆+周边餐馆]尝尝。",
        "周边还有一家[Inform+餐馆+周边餐馆]。",
        "不远的地方有[Inform+餐馆+周边餐馆]。"
    ],
    "Inform+餐馆+周边餐馆1+周边餐馆2": [
        "周边的餐馆有[Inform+餐馆+周边餐馆1], [Inform+餐馆+周边餐馆2]。",
        "它周边有[Inform+餐馆+周边餐馆1], [Inform+餐馆+周边餐馆2]。",
        "[Inform+餐馆+周边餐馆1], [Inform+餐馆+周边餐馆2]都是它周边的餐馆呢。",
        "有两家店是[Inform+餐馆+周边餐馆1], [Inform+餐馆+周边餐馆2]。",
        "它家周边的餐馆倒是不少，比如[Inform+餐馆+周边餐馆1], [Inform+餐馆+周边餐馆2]等。",
        "这家店附近有[Inform+餐馆+周边餐馆1]和 [Inform+餐馆+周边餐馆2]。",
        "[Inform+餐馆+周边餐馆1], [Inform+餐馆+周边餐馆2]等都在它的周边。",
        "[Inform+餐馆+周边餐馆1]和[Inform+餐馆+周边餐馆2]都在附近，您可以考虑一下。",
        "附近还有[Inform+餐馆+周边餐馆1]和[Inform+餐馆+周边餐馆2]。",
        "这家餐馆周边有[Inform+餐馆+周边餐馆1], [Inform+餐馆+周边餐馆2]。"
    ],
    "Inform+餐馆+周边餐馆1+周边餐馆2+周边餐馆3": [
        "周边餐馆有[Inform+餐馆+周边餐馆1], [Inform+餐馆+周边餐馆2], [Inform+餐馆+周边餐馆3]。",
        "您可以去[Inform+餐馆+周边餐馆1]、[Inform+餐馆+周边餐馆2]、[Inform+餐馆+周边餐馆3]，换一换口味。",
        "有[Inform+餐馆+周边餐馆1], [Inform+餐馆+周边餐馆2]和[Inform+餐馆+周边餐馆3]等等任您挑选。",
        "附近餐馆有[Inform+餐馆+周边餐馆1], [Inform+餐馆+周边餐馆2]和[Inform+餐馆+周边餐馆3]等。",
        "周边餐馆可多了，比如[Inform+餐馆+周边餐馆1], [Inform+餐馆+周边餐馆2], [Inform+餐馆+周边餐馆3]。",
        "[Inform+餐馆+周边餐馆1]、[Inform+餐馆+周边餐馆2]、[Inform+餐馆+周边餐馆3]都在这附近呢!",
        "周边的餐馆挺多的，[Inform+餐馆+周边餐馆1]、[Inform+餐馆+周边餐馆2]、[Inform+餐馆+周边餐馆3]，各种选择都有。",
        "挺多的，[Inform+餐馆+周边餐馆1]、[Inform+餐馆+周边餐馆2]、[Inform+餐馆+周边餐馆3]等餐厅您都可以试试看。",
        "附近的餐馆有[Inform+餐馆+周边餐馆1], [Inform+餐馆+周边餐馆2], [Inform+餐馆+周边餐馆3]。",
        "周边餐馆有[Inform+餐馆+周边餐馆1], [Inform+餐馆+周边餐馆2], [Inform+餐馆+周边餐馆3]，你可以都试试呀！"
    ],
    "Inform+餐馆+周边餐馆1+周边餐馆2+周边餐馆3+周边餐馆4": [
        "好多呢，比如[Inform+餐馆+周边餐馆1], [Inform+餐馆+周边餐馆2], [Inform+餐馆+周边餐馆3], [Inform+餐馆+周边餐馆4]。",
        "附近有[Inform+餐馆+周边餐馆1], [Inform+餐馆+周边餐馆2], [Inform+餐馆+周边餐馆3], [Inform+餐馆+周边餐馆4]这几家店！",
        "有[Inform+餐馆+周边餐馆1], [Inform+餐馆+周边餐馆2], [Inform+餐馆+周边餐馆3], [Inform+餐馆+周边餐馆4]等，都在它的附近。",
        "它周边餐馆有[Inform+餐馆+周边餐馆1], [Inform+餐馆+周边餐馆2], [Inform+餐馆+周边餐馆3], [Inform+餐馆+周边餐馆4]。",
        "[Inform+餐馆+周边餐馆1], [Inform+餐馆+周边餐馆2], [Inform+餐馆+周边餐馆3], [Inform+餐馆+周边餐馆4]，都是它周边的餐馆。",
        "[Inform+餐馆+周边餐馆1]、[Inform+餐馆+周边餐馆2]、[Inform+餐馆+周边餐馆3]和[Inform+餐馆+周边餐馆4]都离得不远。",
        "您说的这家餐馆周边的餐馆有[Inform+餐馆+周边餐馆1], [Inform+餐馆+周边餐馆2], [Inform+餐馆+周边餐馆3]和[Inform+餐馆+周边餐馆4]。",
        "周边还有好多餐馆呢，有[Inform+餐馆+周边餐馆1], [Inform+餐馆+周边餐馆2], [Inform+餐馆+周边餐馆3], [Inform+餐馆+周边餐馆4]。",
        "建议您去[Inform+餐馆+周边餐馆1]或[Inform+餐馆+周边餐馆2]。",
        "他家周边餐馆还真挺多，[Inform+餐馆+周边餐馆1], [Inform+餐馆+周边餐馆2], [Inform+餐馆+周边餐馆3], [Inform+餐馆+周边餐馆4]都是。"
    ],
    "Inform+餐馆+地址": [
        "餐馆位于[Inform+餐馆+地址]。",
        "这家餐馆的地址是[Inform+餐馆+地址]。",
        "具体地址是[Inform+餐馆+地址]。",
        "位置是[Inform+餐馆+地址]，有导航，走不丢。",
        "地址是[Inform+餐馆+地址]，建议您提前安排好行程。",
        "餐馆位置是[Inform+餐馆+地址]。",
        "这家的具体地址是[Inform+餐馆+地址]。",
        "位置是[Inform+餐馆+地址]，亲。",
        "这家店位于[Inform+餐馆+地址]。",
        "您记一下，地址是[Inform+餐馆+地址]。"
    ],
    "Inform+餐馆+推荐菜": [
        "他家的推荐菜是[Inform+餐馆+推荐菜]。",
        "推荐您尝一下[Inform+餐馆+推荐菜]，感觉很不错。",
        "推荐菜有[Inform+餐馆+推荐菜]，你们去尝尝吧。",
        "他家招牌菜是[Inform+餐馆+推荐菜]。",
        "餐馆的推荐菜有[Inform+餐馆+推荐菜]。",
        "去它家的人必须点的菜是[Inform+餐馆+推荐菜]，您可以尝尝。",
        "他家的[Inform+餐馆+推荐菜]就很不错，你尝尝。",
        "餐馆推荐菜是[Inform+餐馆+推荐菜]。",
        "他家的特色菜有[Inform+餐馆+推荐菜]。",
        "推荐菜有[Inform+餐馆+推荐菜]。"
    ],
    "Inform+餐馆+推荐菜1+推荐菜2": [
        "[Inform+餐馆+推荐菜1]、[Inform+餐馆+推荐菜2]都很美味。",
        "[Inform+餐馆+推荐菜1]、[Inform+餐馆+推荐菜2]，口味都很赞，你可以尝一尝，点的人挺多的。",
        "餐馆的推荐菜有[Inform+餐馆+推荐菜1], [Inform+餐馆+推荐菜2]。",
        "推荐菜有[Inform+餐馆+推荐菜1], [Inform+餐馆+推荐菜2]等。",
        "好吃的推荐菜有[Inform+餐馆+推荐菜1], [Inform+餐馆+推荐菜2]。",
        "[Inform+餐馆+推荐菜1]、[Inform+餐馆+推荐菜2]，口味都很赞，您可以尝一尝，点的人挺多的。",
        "[Inform+餐馆+推荐菜1], [Inform+餐馆+推荐菜2]。这两个是特色！",
        "推荐你们吃它家的[Inform+餐馆+推荐菜1]和[Inform+餐馆+推荐菜2]，都是很美味的。",
        "推荐菜有[Inform+餐馆+推荐菜1], [Inform+餐馆+推荐菜2]，都是特色的。",
        "推荐菜有 [Inform+餐馆+推荐菜1]，[Inform+餐馆+推荐菜2]，挺不错的。"
    ],
    "Inform+餐馆+推荐菜1+推荐菜2+推荐菜3": [
        "推荐菜有[Inform+餐馆+推荐菜1]、[Inform+餐馆+推荐菜2]、[Inform+餐馆+推荐菜3]。",
        "你可以尝尝它家的[Inform+餐馆+推荐菜1], [Inform+餐馆+推荐菜2]或者[Inform+餐馆+推荐菜3]，做的都不错。",
        "它家的推荐菜有 [Inform+餐馆+推荐菜1], [Inform+餐馆+推荐菜2], [Inform+餐馆+推荐菜3]等。",
        "[Inform+餐馆+推荐菜1], [Inform+餐馆+推荐菜2], [Inform+餐馆+推荐菜3]，都挺好吃的！",
        "推荐您尝一尝这家店的[Inform+餐馆+推荐菜1]、[Inform+餐馆+推荐菜2]和[Inform+餐馆+推荐菜3]。",
        "您可以尝尝它家的[Inform+餐馆+推荐菜1], [Inform+餐馆+推荐菜2]和[Inform+餐馆+推荐菜3]，做的好吃。",
        "像[Inform+餐馆+推荐菜1]、[Inform+餐馆+推荐菜2]和[Inform+餐馆+推荐菜3]等等都特别受欢迎。",
        "推荐您品尝的菜品有[Inform+餐馆+推荐菜1]、[Inform+餐馆+推荐菜2]、[Inform+餐馆+推荐菜3]等等。",
        "[Inform+餐馆+推荐菜1]，[Inform+餐馆+推荐菜2], [Inform+餐馆+推荐菜3]，都很好吃！",
        "有很多，像[Inform+餐馆+推荐菜1]、[Inform+餐馆+推荐菜2]和[Inform+餐馆+推荐菜3]等等都是主打菜。"
    ],
    "Inform+餐馆+推荐菜1+推荐菜2+推荐菜3+推荐菜4": [
        "有好多的啊，像是 [Inform+餐馆+推荐菜1], [Inform+餐馆+推荐菜2], [Inform+餐馆+推荐菜3], [Inform+餐馆+推荐菜4]等等。",
        "它家的[Inform+餐馆+推荐菜1],、[Inform+餐馆+推荐菜2]、[Inform+餐馆+推荐菜3]、[Inform+餐馆+推荐菜4]都非常有名。",
        "那您尝尝它家的[Inform+餐馆+推荐菜1], [Inform+餐馆+推荐菜2], [Inform+餐馆+推荐菜3]或者[Inform+餐馆+推荐菜4]，做的真好吃。",
        "做的好的菜有[Inform+餐馆+推荐菜1], [Inform+餐馆+推荐菜2], [Inform+餐馆+推荐菜3]和[Inform+餐馆+推荐菜4]。",
        "你尝尝它家的[Inform+餐馆+推荐菜1], [Inform+餐馆+推荐菜2], [Inform+餐馆+推荐菜3]或者[Inform+餐馆+推荐菜4]，都挺好的。",
        "推荐您品尝他家的菜品有：[Inform+餐馆+推荐菜1]、[Inform+餐馆+推荐菜2]、[Inform+餐馆+推荐菜3]、[Inform+餐馆+推荐菜4]。",
        "推荐菜有[Inform+餐馆+推荐菜1], [Inform+餐馆+推荐菜2], [Inform+餐馆+推荐菜3], [Inform+餐馆+推荐菜4]等等。",
        "数都得数一会呢，建议您品尝, [Inform+餐馆+推荐菜1], [Inform+餐馆+推荐菜2], [Inform+餐馆+推荐菜3]和[Inform+餐馆+推荐菜4]。",
        "推荐您品尝 [Inform+餐馆+推荐菜1]、[Inform+餐馆+推荐菜2]、[Inform+餐馆+推荐菜3]、[Inform+餐馆+推荐菜4]等菜肴。",
        "太多了呢，建议您品尝一下[Inform+餐馆+推荐菜1], [Inform+餐馆+推荐菜2], [Inform+餐馆+推荐菜3], [Inform+餐馆+推荐菜4]。"
    ],
    "Inform+餐馆+电话": [
        "您可以拨打[Inform+餐馆+电话]。",
        "电话是[Inform+餐馆+电话]，请惠存。",
        "这家餐馆电话是[Inform+餐馆+电话]。",
        "麻烦你记下是[Inform+餐馆+电话]。",
        "[Inform+餐馆+电话]是这家店的预约电话。",
        "电话是[Inform+餐馆+电话]，您记得保存。",
        "您只要拨打这个电话[Inform+餐馆+电话]就可以了。",
        "联系方式是[Inform+餐馆+电话]。",
        "营业电话是[Inform+餐馆+电话]。",
        "您可以拨打[Inform+餐馆+电话]咨询。"
    ],
    "Inform+餐馆+营业时间": [
        "营业时间是[Inform+餐馆+营业时间]，请您按照规定时间进店光顾哦！",
        "餐厅会在[Inform+餐馆+营业时间]的时间段营业，请牢记哦。",
        "通常是[Inform+餐馆+营业时间]。",
        "他们的营业时间是[Inform+餐馆+营业时间]。",
        "餐馆营业时间是[Inform+餐馆+营业时间]。",
        "营业时间是[Inform+餐馆+营业时间]，您安排下时间。",
        "这个时间您还真得注意下，营业时间是[Inform+餐馆+营业时间]。",
        "餐厅会在[Inform+餐馆+营业时间]营业。",
        "[Inform+餐馆+营业时间]，您看好时间哦。",
        "那儿的营业时间是[Inform+餐馆+营业时间]，还望您记好。"
    ],
    "Inform+餐馆+评分": [
        "是[Inform+餐馆+评分]哦。",
        "它的评分是[Inform+餐馆+评分]。",
        "评分在[Inform+餐馆+评分]分。",
        "他家是[Inform+餐馆+评分]评分的。",
        "这家店的评分是[Inform+餐馆+评分]",
        "评分是[Inform+餐馆+评分]，亲。",
        "评分有[Inform+餐馆+评分]。",
        "他家评分是[Inform+餐馆+评分]。",
        "是[Inform+餐馆+评分]，可以吗？",
        "你说的这家店的评分是[Inform+餐馆+评分]。"
    ],
    "NoOffer+景点+none": [
        "哦，没有符合您要求的景点。",
        "很遗憾，没有的。",
        "不好意思，没有查到符合您要求的。",
        "抱歉没有查到这样的地方，你还有别的问题吗？",
        "抱歉，没有符合要求的景点。",
        "抱歉，没有查到适合的景点。",
        "没有的。",
        "抱歉，没有符合您的要求的景点。",
        "没有符合的景点哦。",
        "抱歉，没有这样的景点。"
    ],
    "NoOffer+酒店+none": [
        "不好意思，没有哦。",
        "没有合适的酒店。",
        "抱歉，没有查到适合的酒店。",
        "对不起，没有符合你要求的。",
        "抱歉,没有符合您要求的。",
        "很遗憾，没有查到适合的。",
        "不好意思，也没有查到。",
        "抱歉，没有查到。",
        "抱歉，没有查到符合您要求的酒店。",
        "抱歉，没有符合您要求的酒店。"
    ],
    "NoOffer+餐馆+none": [
        "抱歉，没有。",
        "很遗憾，哪家餐馆都没有。",
        "抱歉，没有查询到符合的条件，拜托您重新说下问题。",
        "没有查到适合您要求的餐馆。",
        "不好意思，没有。",
        "抱歉，没有查到。",
        "抱歉没有符合您要求的。",
        "抱歉，没有符合您要求的餐馆。",
        "抱歉，没有查到符合您要求的餐馆。",
        "很遗憾，没有查到符合您要求的餐馆。"
    ],
    "Recommend+景点+名称":[
        "为您推荐[Recommend+景点+名称]。"
    ],
    "Recommend+景点+名称1+名称2": [
        "那就推荐您去[Recommend+景点+名称1]或[Recommend+景点+名称2]。",
        "[Recommend+景点+名称1]和[Recommend+景点+名称2]都很不错呢。",
        "[Recommend+景点+名称1]和[Recommend+景点+名称2]都是比较不错的，值得您去看一看。",
        "推荐你去[Recommend+景点+名称1]和[Recommend+景点+名称2]。",
        "建议您去[Recommend+景点+名称1]或[Recommend+景点+名称2]，都是很不错的景点。",
        "我觉得[Recommend+景点+名称1]和[Recommend+景点+名称2]都还行，你要不要去转转呢？",
        "推荐您去[Recommend+景点+名称1]和[Recommend+景点+名称2]，这些都是很好玩的地方。",
        "我向你推荐两个景点，[Recommend+景点+名称1]，[Recommend+景点+名称2]。",
        "[Recommend+景点+名称1]和[Recommend+景点+名称2]都是不错的旅游景点，看你喜欢什么风格了。",
        "[Recommend+景点+名称1]，[Recommend+景点+名称2]这些都是不错的选择对象。"
    ],
    "Recommend+景点+名称1+名称2+名称3": [
        "[Recommend+景点+名称1]，[Recommend+景点+名称2]，[Recommend+景点+名称3]这些都是不错的地方呢。",
        "这样的话推荐您去[Recommend+景点+名称1]、[Recommend+景点+名称2]或者[Recommend+景点+名称3]。",
        "[Recommend+景点+名称1]、[Recommend+景点+名称2]和[Recommend+景点+名称3]都是不错的选择。",
        "您可以去[Recommend+景点+名称1]、[Recommend+景点+名称2]、[Recommend+景点+名称3]等等。",
        "[Recommend+景点+名称1]、[Recommend+景点+名称2]、[Recommend+景点+名称3]这三个景点都适合您，看下比较喜欢哪个选择一个。",
        "这边给您推荐[Recommend+景点+名称1]、[Recommend+景点+名称2]和[Recommend+景点+名称3]。",
        "您可以去[Recommend+景点+名称1]，[Recommend+景点+名称2]和[Recommend+景点+名称3]，都很不错呢！",
        "为您推荐[Recommend+景点+名称1]、[Recommend+景点+名称2]、[Recommend+景点+名称3]，您可以选择哟。",
        "我建议您去[Recommend+景点+名称1]，[Recommend+景点+名称2]或者[Recommend+景点+名称3]，这些都是不错的游玩场所。",
        "[Recommend+景点+名称1]、[Recommend+景点+名称2]、[Recommend+景点+名称3]都是可以的！"
    ],
    "Recommend+景点+名称1+名称2+名称3+名称4": [
        "[Recommend+景点+名称1]、[Recommend+景点+名称2]、[Recommend+景点+名称3]、[Recommend+景点+名称4]这些景点都符合您的游玩标准。",
        "不需要免费的景点，那您可有很多地方可以去。[Recommend+景点+名称1]、[Recommend+景点+名称2]、[Recommend+景点+名称3]、[Recommend+景点+名称4]都是不错的游玩景点，看您喜欢哪个了。",
        "有四个呢，是[Recommend+景点+名称1]、[Recommend+景点+名称2]、[Recommend+景点+名称3]和[Recommend+景点+名称4]。",
        "[Recommend+景点+名称1]、[Recommend+景点+名称2]、[Recommend+景点+名称3]、[Recommend+景点+名称4]这四个景点都符合您的游玩要求。",
        "为您查询到符合您要求的景点有：[Recommend+景点+名称1]、[Recommend+景点+名称2]、[Recommend+景点+名称3]、[Recommend+景点+名称4]等。",
        "[Recommend+景点+名称1]、[Recommend+景点+名称2]、[Recommend+景点+名称3]与[Recommend+景点+名称4]都符合您的游玩要求。",
        "[Recommend+景点+名称1]、[Recommend+景点+名称2]、[Recommend+景点+名称3]、[Recommend+景点+名称4]，这些景点都符合您的游玩要求。",
        "[Recommend+景点+名称1]、[Recommend+景点+名称2]、[Recommend+景点+名称3]和[Recommend+景点+名称4]这些景点都符合您的要求，您挑个喜欢的游玩一下。",
        "符合您要求的景点有[Recommend+景点+名称1]、[Recommend+景点+名称2]、[Recommend+景点+名称3]、[Recommend+景点+名称4]，看看您喜欢哪个。",
        "有挺多，[Recommend+景点+名称1]、[Recommend+景点+名称2]、[Recommend+景点+名称3]和[Recommend+景点+名称4]，都符合您的标准。"
    ],
    "Recommend+酒店+名称": [
        "为您推荐[Recommend+酒店+名称]。"
    ],
    "Recommend+酒店+名称1+名称2": [
        "推荐您去[Recommend+酒店+名称1]和[Recommend+酒店+名称2]，这些都是不错的住宿场所。",
        "我推荐您去[Recommend+酒店+名称1]或者[Recommend+酒店+名称2]。",
        "建议您去[Recommend+酒店+名称1]或[Recommend+酒店+名称2]，都是住起来相当舒心了。",
        "亲推荐您去[Recommend+酒店+名称1]或者[Recommend+酒店+名称2]，它们都很不错哦~",
        "你可以去[Recommend+酒店+名称1]，[Recommend+酒店+名称2]看看，他们两家都可以。",
        "亲给您推荐[Recommend+酒店+名称1]和[Recommend+酒店+名称2]，各方面都不错。",
        "您可以选择[Recommend+酒店+名称1]或[Recommend+酒店+名称2]。",
        "[Recommend+酒店+名称1]和[Recommend+酒店+名称2]都是不错的去处呢。",
        "为您推荐[Recommend+酒店+名称1]、[Recommend+酒店+名称2]，您可以自行选择哟。",
        "帮您找到[Recommend+酒店+名称1]，[Recommend+酒店+名称2]。"
    ],
    "Recommend+酒店+名称1+名称2+名称3": [
        "为您找到几个，[Recommend+酒店+名称1]、[Recommend+酒店+名称2]、[Recommend+酒店+名称3]这些都可以选择。",
        "为您推荐[Recommend+酒店+名称1]、[Recommend+酒店+名称2]、[Recommend+酒店+名称3]。",
        "可以选择的酒店有[Recommend+酒店+名称1]、[Recommend+酒店+名称2]、[Recommend+酒店+名称3]。",
        "为您推荐[Recommend+酒店+名称1]、[Recommend+酒店+名称2]、[Recommend+酒店+名称3]，您可以自由选择。",
        "帮您查到有[Recommend+酒店+名称1]，[Recommend+酒店+名称2]，[Recommend+酒店+名称3]。",
        "这边给您推荐[Recommend+酒店+名称1]、[Recommend+酒店+名称2]和[Recommend+酒店+名称3]。",
        "推荐给您三家，[Recommend+酒店+名称1]、[Recommend+酒店+名称2]、[Recommend+酒店+名称3]，这些都可以选择。",
        "[Recommend+酒店+名称1]，[Recommend+酒店+名称2]和[Recommend+酒店+名称3]都是不错的选择。",
        "我给你推荐三家吧，[Recommend+酒店+名称1]，[Recommend+酒店+名称2]，[Recommend+酒店+名称3]，你自已选择吧，哈哈！",
        "[Recommend+酒店+名称1]、[Recommend+酒店+名称2]、[Recommend+酒店+名称3]这些都可以。",
        "为您推荐[Recommend+酒店+名称1]、[Recommend+酒店+名称2]、[Recommend+酒店+名称3]，您可以自由选择呢。"
    ],
    "Recommend+酒店+名称1+名称2+名称3+名称4": [
        "[Recommend+酒店+名称1]、[Recommend+酒店+名称2]、[Recommend+酒店+名称3]与[Recommend+酒店+名称4]这些酒店都符合您的住宿标准。",
        "符合您这个住宿标准的酒店有[Recommend+酒店+名称1]、[Recommend+酒店+名称2]、[Recommend+酒店+名称3]、[Recommend+酒店+名称4]，看您喜欢哪个选一个。",
        "[Recommend+酒店+名称1]、[Recommend+酒店+名称2]、[Recommend+酒店+名称3]、[Recommend+酒店+名称4]，这些酒店都满足您的住宿要求。",
        "[Recommend+酒店+名称1]、[Recommend+酒店+名称2]、[Recommend+酒店+名称3]、[Recommend+酒店+名称4]都符合您的要求。",
        "符合您需求的酒店有[Recommend+酒店+名称1]、[Recommend+酒店+名称2]、[Recommend+酒店+名称3]、[Recommend+酒店+名称4]，看您喜欢哪家，选择一个。",
        "符合您这些标准的酒店有[Recommend+酒店+名称1]、[Recommend+酒店+名称2]、[Recommend+酒店+名称3]、[Recommend+酒店+名称4]。",
        "[Recommend+酒店+名称1]、[Recommend+酒店+名称2]、[Recommend+酒店+名称3]、[Recommend+酒店+名称4]，这些酒店都符合您的住宿要求。"
    ],
    "Recommend+餐馆+名称": [
        "这边为您推荐[Recommend+餐馆+名称]。"
    ],
    "Recommend+餐馆+名称1+名称2": [
        "[Recommend+餐馆+名称1]、[Recommend+餐馆+名称2]您都可以试试看！",
        "[Recommend+餐馆+名称1]和[Recommend+餐馆+名称2]都比较有特色，不知道你是否喜欢呢。",
        "[Recommend+餐馆+名称1]和[Recommend+餐馆+名称2]都符合您的要求。",
        "那就建议您去[Recommend+餐馆+名称1]或[Recommend+餐馆+名称2]。",
        "[Recommend+餐馆+名称1]和[Recommend+餐馆+名称2]都能满足你的需求。",
        "[Recommend+餐馆+名称1]和[Recommend+餐馆+名称2]比较适合呢。",
        "您可以去[Recommend+餐馆+名称1]或者[Recommend+餐馆+名称2]。",
        "[Recommend+餐馆+名称1]和[Recommend+餐馆+名称2]推荐给您！",
        "[Recommend+餐馆+名称1]、[Recommend+餐馆+名称2]都很不错呢。",
        "你可以试一试[Recommend+餐馆+名称1]和[Recommend+餐馆+名称2]这两家店。"
    ],
    "Recommend+餐馆+名称1+名称2+名称3": [
        "给您推荐[Recommend+餐馆+名称1]、[Recommend+餐馆+名称2]或者[Recommend+餐馆+名称3]。",
        "[Recommend+餐馆+名称1]，[Recommend+餐馆+名称2]，[Recommend+餐馆+名称3]都行的。",
        "这样的餐馆非常多，[Recommend+餐馆+名称1]、[Recommend+餐馆+名称2]、[Recommend+餐馆+名称3]这些都可以选择。",
        "您可以去[Recommend+餐馆+名称1]、[Recommend+餐馆+名称2]、[Recommend+餐馆+名称3]。",
        "[Recommend+餐馆+名称1]，[Recommend+餐馆+名称2]，[Recommend+餐馆+名称3]，他们三家都可以。",
        "推荐您尝一尝[Recommend+餐馆+名称1]、[Recommend+餐馆+名称2]、[Recommend+餐馆+名称3]。",
        "[Recommend+餐馆+名称1]，[Recommend+餐馆+名称2]，[Recommend+餐馆+名称3]这几家还是可以的，你可以去尝尝。",
        "为您推荐[Recommend+餐馆+名称1]，[Recommend+餐馆+名称2]和[Recommend+餐馆+名称3]，这些都挺好的。",
        "为您推荐[Recommend+餐馆+名称1]、[Recommend+餐馆+名称2]、[Recommend+餐馆+名称3]，都很不错呢。",
        "[Recommend+餐馆+名称1]、[Recommend+餐馆+名称2]、[Recommend+餐馆+名称3]都符合您的用餐标准。"
    ],
    "Recommend+餐馆+名称1+名称2+名称3+名称4": [
        "[Recommend+餐馆+名称1]、[Recommend+餐馆+名称2]、[Recommend+餐馆+名称3]、[Recommend+餐馆+名称4]都满足您对餐馆的要求。",
        "[Recommend+餐馆+名称1]、[Recommend+餐馆+名称2]、[Recommend+餐馆+名称3]、[Recommend+餐馆+名称4]都符合您的用餐标准。",
        "[Recommend+餐馆+名称1]、[Recommend+餐馆+名称2]、[Recommend+餐馆+名称3]、[Recommend+餐馆+名称4]，这些餐馆都符合您的要求。",
        "按您的要求查询后，有[Recommend+餐馆+名称1]、[Recommend+餐馆+名称2]、[Recommend+餐馆+名称3]、[Recommend+餐馆+名称4]这些餐馆都符合您的要求。",
        "满足您要求的餐馆还真不少，有[Recommend+餐馆+名称1]、[Recommend+餐馆+名称2]、[Recommend+餐馆+名称3]、[Recommend+餐馆+名称4]，您看喜欢哪个，挑选一个。"
    ]
}