{
    "General+bye+none": [
        "好的，没有问题了。再见吧！",
        "知道了，再见。",
        "太好了。没有问题了，再见！",
        "没有了！再见！",
        "好的，再见。",
        "好的，没有问题了，再见！",
        "再见。"
    ],
    "General+greet+none": [
        "你好"
    ],
    "General+thank+none": [
        "多谢您了。",
        "嗯嗯。谢谢啊。",
        "嗯呢，知道了。非常感谢。",
        "好的，谢谢你。",
        "哦了，我知道了，太谢谢你了！",
        "哦，那好吧，谢谢你了！",
        "谢谢，你真是帮了我的大忙！",
        "好的。太感谢了啊。",
        "好，辛苦你了，我没有问题了，谢谢！",
        "好的，谢谢你的介绍！我没有其它问题了。",
        "好，谢谢，有问题我再联系你。",
        "好的，谢谢你解答我的疑问。"
    ],
    "Inform+景点+名称": [
        "我打算去[Inform+景点+名称]。",
        "想去[Inform+景点+名称]玩一玩。",
        "我要去景点[Inform+景点+名称]。",
        "我打算去[Inform+景点+名称]转转",
        "我想去[Inform+景点+名称]",
        "我要去[Inform+景点+名称]这个景点游玩",
        "我要去[Inform+景点+名称]这个地方玩"
    ],
    "Inform+景点+游玩时间": [
        "请给我推荐一个可以游玩时间[Inform+景点+游玩时间]的景点游玩。",
        "那就给我推荐一个能玩[Inform+景点+游玩时间]的景点吧。",
        "我希望游玩时长为[Inform+景点+游玩时间]，这里符合我的要求吗？",
        "出去玩，想玩大概[Inform+景点+游玩时间]，帮我找个景点。",
        "您帮我看看哪个地方可以玩[Inform+景点+游玩时间]左右吧。",
        "我希望游玩时长是[Inform+景点+游玩时间]，这里符合吗？",
        "可以玩[Inform+景点+游玩时间]吗？",
        "好的，这个景点我希望游玩的时长是[Inform+景点+游玩时间]可以吗？",
        "请给我推荐一个可以游玩时长[Inform+景点+游玩时间]的景点。",
        "我还希望该景点游玩的时长是[Inform+景点+游玩时间]。"
    ],
    "Inform+景点+评分": [
        "我还希望该景点的评分是[Inform+景点+评分]。",
        "请帮我推荐一处评分是[Inform+景点+评分]的景点。",
        "那请你帮我找个评分是[Inform+景点+评分]的景点吧。",
        "有没有评分在[Inform+景点+评分]的呢？",
        "有评分是[Inform+景点+评分]的景点吗？",
        "那看看哪个景点评分在[Inform+景点+评分]，帮我推荐一个吧。",
        "评分是多少呢？[Inform+景点+评分]么？",
        "那就帮我推荐一个评分在[Inform+景点+评分]的景点吧。",
        "那满足[Inform+景点+评分]要求吗？",
        "这个景点的评分是[Inform+景点+评分]的吗？"
    ],
    "Inform+景点+门票": [
        "我希望门票在[Inform+景点+门票]，有什么推荐？",
        "我现在要去一个票价[Inform+景点+门票]的景点游玩，你能给推荐一下吗？",
        "有哪个景点是门票在[Inform+景点+门票]的么？",
        "想出去玩，推荐一个票价在[Inform+景点+门票]的景点。",
        "那请帮忙查一下那附近的景点没有票价是[Inform+景点+门票]的？",
        "我想找一个景点，票价在[Inform+景点+门票]，有哪些合适的吗？",
        "我希望景点的票价是[Inform+景点+门票]。",
        "如果有票价是[Inform+景点+门票]的景点就再好不过了。",
        "我想找一个门票价格[Inform+景点+门票]的景点游玩，给我推荐一个吧。",
        "给推荐个门票价格[Inform+景点+门票]的景点吧。"
    ],
    "Inform+景点+门票+免费": [
        "两个景点都是[Inform+景点+门票+免费]的吗？",
        "那附近的景点有哪个是[Inform+景点+门票+免费]的呢？",
        "请给我推荐一个门票[Inform+景点+门票+免费]的景点游玩。",
        "你能推荐我一个票价是[Inform+景点+门票+免费]的景点吗，我想和朋友去玩。",
        "好吧，那您帮我看看这些里面有没有[Inform+景点+门票+免费]的景点吧，想少花些钱。",
        "嗯。吃完饭还想去另一个景点玩玩。请帮我找一个[Inform+景点+门票+免费]的景点。",
        "[Inform+景点+门票+免费]不？",
        "好的，那这个景点门票是[Inform+景点+门票+免费]的吗？",
        "清楚了，那门票是[Inform+景点+门票+免费]的吗，上回他有个同学过来玩记得好像是[Inform+景点+门票+免费]的。",
        "那就推荐一个[Inform+景点+门票+免费]的景点吧。"
    ],
    "Inform+酒店+价格": [
        "那请帮我查找一家最低价格是[Inform+酒店+价格]的酒店吧。",
        "那请你再帮我推荐一家酒店，酒店最低价格在[Inform+酒店+价格]的。",
        "帮我找一个价格在[Inform+酒店+价格]的酒店住宿。",
        "那就找一个最低价格是[Inform+酒店+价格]的酒店吧，麻烦了。",
        "帮我找个酒店住宿，价格在[Inform+酒店+价格]的。",
        "酒店价格是在[Inform+酒店+价格]的吗？",
        "那就帮我推荐一家最低价格是[Inform+酒店+价格]的酒店吧！",
        "晚上，我想入住一家最低价格是[Inform+酒店+价格]的酒店，请帮忙推荐一家。",
        "好的，然后再帮我找个酒店，价格是[Inform+酒店+价格]的。",
        "给我推荐一个价格在[Inform+酒店+价格]的酒店。"
    ],
    "Inform+酒店+名称": [
        "我想去[Inform+酒店+名称]",
        "我要去[Inform+酒店+名称]住宿",
        "我想去[Inform+酒店+名称]这家酒店住宿",
        "我想去[Inform+酒店+名称]入住",
        "我准备去[Inform+酒店+名称]住"
    ],
    "Inform+酒店+评分": [
        "酒店的评分是[Inform+酒店+评分]吗？",
        "对了，我还要酒店的评分在[Inform+酒店+评分]。",
        "好的，请问哪家酒店的评分是[Inform+酒店+评分]。",
        "这家酒店是评[Inform+酒店+评分]吗",
        "评分在[Inform+酒店+评分]的吧，我不想住的不太好。",
        "晚上，我想入住一家评分是[Inform+酒店+评分]的酒店，请帮忙推荐一家！",
        "找一个评分在[Inform+酒店+评分]的酒店住宿。",
        "给我推荐一个评分在[Inform+酒店+评分]的酒店。",
        "那哪家酒店的评分是[Inform+酒店+评分]的？",
        "嗯呢。这两家酒店，哪个的评分是[Inform+酒店+评分]的？",
        "好的，这个酒店的评分是[Inform+酒店+评分]吗？",
        "好的，晚上我要入住一家评分是[Inform+酒店+评分]的酒店，请帮忙推荐。"
    ],
    "Inform+酒店+酒店类型": [
        "晚上，我想入住一家[Inform+酒店+酒店类型]的酒店，请再帮推荐一家！",
        "这个酒店是[Inform+酒店+酒店类型]吗？",
        "帮我在这几个酒店里面找一家[Inform+酒店+酒店类型]的吧。",
        "我想入住一家[Inform+酒店+酒店类型]的酒店，请帮忙推荐。",
        "哪个酒店是[Inform+酒店+酒店类型]呢？",
        "我希望酒店是[Inform+酒店+酒店类型]的，您再帮我找一下。",
        "那这家酒店是[Inform+酒店+酒店类型]吗？",
        "好的，请问哪个酒店是[Inform+酒店+酒店类型]的？",
        "好的。我还要帮朋友订一个[Inform+酒店+酒店类型]的酒店，帮我推荐一下。",
        "晚上，我要到一家[Inform+酒店+酒店类型]的酒店住宿，请帮忙推荐。",
        "好的就它了，那它是[Inform+酒店+酒店类型]的酒店吗？",
        "啊，我忘了告诉你，我要的是[Inform+酒店+酒店类型]酒店。"
    ],
    "Inform+餐馆+人均消费": [
        "这里人均消费是[Inform+餐馆+人均消费]吗？",
        "嗯，那它家的人均消费是[Inform+餐馆+人均消费]吗？",
        "之后，我想去一个人均消费是[Inform+餐馆+人均消费]的餐馆用餐，去哪里比较好？",
        "好。休息好了想去吃饭。请帮我找一家人均消费是[Inform+餐馆+人均消费]的餐馆。",
        "哦，那您先推荐一家人均消费是[Inform+餐馆+人均消费]的餐馆吧。",
        "最好是人均消费[Inform+餐馆+人均消费]的餐馆。",
        "我希望人均消费在[Inform+餐馆+人均消费]。",
        "给我找一个人均消费[Inform+餐馆+人均消费]的餐馆。",
        "请问有哪家餐馆的的人均消费是[Inform+餐馆+人均消费]呢？",
        "这家餐厅的人均消费在[Inform+餐馆+人均消费]之间吗？",
        "好的，听你的，那这家店的人均消费是[Inform+餐馆+人均消费]吗？",
        "这几家餐馆哪家人均消费是[Inform+餐馆+人均消费]？"
    ],
    "Inform+餐馆+名称": [
        "我要去名叫[Inform+餐馆+名称]的餐馆吃饭。",
        "我想去[Inform+餐馆+名称]吃饭。"
    ],
    "Inform+餐馆+推荐菜": [
        "啊，我忘记说了，我要吃[Inform+餐馆+推荐菜]，餐馆里要有这道菜肴。",
        "那就帮我推荐一家可以吃到[Inform+餐馆+推荐菜]的餐馆吧！",
        "我想吃[Inform+餐馆+推荐菜]，去哪个餐馆有这道菜？",
        "推荐菜有[Inform+餐馆+推荐菜]么？",
        "我最近挺想吃[Inform+餐馆+推荐菜]的，你看看能不能找到满足条件的餐馆。",
        "对了，我要餐馆的推荐菜里有[Inform+餐馆+推荐菜]。",
        "我想吃[Inform+餐馆+推荐菜]，请给我推荐一个合适的餐馆。",
        "那推荐我一家有[Inform+餐馆+推荐菜]的餐馆吧。",
        "哪家有我想吃的推荐菜[Inform+餐馆+推荐菜]哇？",
        "有[Inform+餐馆+推荐菜]吗，我想吃这个菜。"
    ],
    "Inform+餐馆+推荐菜1+推荐菜2": [
        "那就帮我推荐一家有[Inform+餐馆+推荐菜1]、[Inform+餐馆+推荐菜2]这两道菜的餐馆吧。",
        "可是我想吃[Inform+餐馆+推荐菜1]，[Inform+餐馆+推荐菜2]，哪家有呢？",
        "嗯嗯。这两家餐馆里哪个有[Inform+餐馆+推荐菜1]和[Inform+餐馆+推荐菜2]这两个菜？",
        "那有没有哪家餐馆有[Inform+餐馆+推荐菜1]和[Inform+餐馆+推荐菜2]这两道菜的餐馆呢？"
    ],
    "Inform+餐馆+评分": [
        "哪家的餐馆评分是[Inform+餐馆+评分]？",
        "那您还是再帮我查询一下评分在[Inform+餐馆+评分]的餐馆吧。",
        "哪家店的评分在[Inform+餐馆+评分]？",
        "我想去一家评分[Inform+餐馆+评分]的餐馆用餐，给我推荐一个吧。",
        "哪家餐馆的评分是[Inform+餐馆+评分]的呢？",
        "评分是[Inform+餐馆+评分]吗？",
        "帮我推荐个评分在[Inform+餐馆+评分]的餐馆。",
        "我想找一家评分[Inform+餐馆+评分]的餐馆用餐，给我推荐一家吧。",
        "对了，我还要餐馆的评分在[Inform+餐馆+评分]。",
        "请给我推荐一家评分[Inform+餐馆+评分]的餐馆吃饭。"
    ],
    "Request+景点+名称": [
        "帮我推荐一个景点",
        "能帮我找一个景点吗？"
    ],
    "Request+景点+周边景点": [
        "那它周边有啥景点呢？",
        "这个景点的周边有哪些景点啊？",
        "最后在看一下这个景点的周边还有值得去的景点吗？",
        "附近还有什么别的景点？",
        "它周边还有哪些值得一去的景点？",
        "那周边有什么景点吗？",
        "那周围还有啥别的景点吗？",
        "那景点周边还有什么其他值得去逛一逛的景点吗？",
        "景点的周边还有哪些好玩的景点啊？",
        "您能帮我介绍一下它的周边还有哪些景点吗？",
        "景点的周边还有哪些别的好玩的景点啊？",
        "它的附近还有什么有名的景点吗？"
    ],
    "Request+景点+周边酒店": [
        "周边都有什么酒店呢？",
        "这个景点周边都有哪些酒店啊？",
        "那它周边的酒店都有哪些呢？",
        "他周边有什么酒店吗？",
        "他的周边有酒店吗？",
        "这个景点周边有方便住宿的酒店吗？",
        "周边有酒店吗？",
        "附近有什么酒店吗？",
        "那周边有什么酒店可以住宿的吗？",
        "我想了解一下附近有什么酒店吗？",
        "附近有什么酒店么？逛完景点我想住一晚再走！"
    ],
    "Request+景点+周边餐馆": [
        "该景点周边都有哪些餐馆啊？",
        "周边有什么好吃的餐馆吗？",
        "这个景点的周边有哪些做菜好吃的餐馆啊？",
        "周边的餐馆有啥？",
        "周边有特色的餐馆给介绍几个吧！",
        "麻烦你在看一下他周边有没有吃饭的地儿呢？",
        "附近有什么餐馆呢？",
        "附近有用餐的地方吧？",
        "附近有什么饭店呢？",
        "那附近有吃饭的地方吗？",
        "这个景点周边有吃饭的地方嘛？",
        "麻烦帮我查下周边餐馆都有啥？"
    ],
    "Request+景点+地址": [
        "请问这个景点的地址是在哪里？",
        "该景点的具体地址是在哪里啊？",
        "该景点的地址在哪里啊？",
        "可以把这个景点的地址告诉我一下吗？",
        "能给我发一下地址吗？",
        "地址在哪呀？",
        "这个景点的地址在哪啊？",
        "知道他的具体地址吗？",
        "你有他的具体地址吗？",
        "能把地址给我么？",
        "有地址吗？",
        "地址是多少？"
    ],
    "Request+景点+游玩时间": [
        "这个景点的游玩时间是多久啊?",
        "可以玩多长时间？",
        "该景点的游玩时间是？",
        "能玩多久？",
        "那游玩时间呢？",
        "那这能游玩多长时间啊？",
        "游玩时间是多久呢？",
        "请问该景点的游玩时长是多久？",
        "那我游玩多长时间比较好呢？",
        "这个景点适合游玩多久呢？",
        "大概能玩多长时间？"
    ],
    "Request+景点+电话": [
        "这家景点的电话是多少啊？",
        "请问该景点的电话是多少？",
        "有电话吗？",
        "联系电话有么？",
        "有没有电话呢？",
        "能把电话给我么？",
        "我想提前咨询一下这个景点该打哪个电话呢？",
        "联系电话发我一下吧！",
        "你有它的联系电话吗？",
        "你有他的电话吗？",
        "能帮我查一下这个景点的电话吗？"
    ],
    "Request+景点+评分": [
        "评分是多少？",
        "这个景点评分多少啊？",
        "请问那的评分是多少？",
        "该景点的评分为？",
        "那里评分多少呢？",
        "这个景点的评分怎么样？",
        "那它的评分怎么样呢？",
        "景点的评分是多少分啊？",
        "你知道他家的评分是几分吗？",
        "评分高么？",
        "这个景点评分为？"
    ],
    "Request+景点+门票": [
        "请问这个景点的门票价格是多少钱？",
        "这个景点的门票价格是多少啊？",
        "门票多少钱啊？",
        "这个景点门票多少钱？",
        "它的门票价格是多少呢？",
        "该景点的门票多少钱啊？",
        "那的门票是多少？",
        "这个景点的门票是多少钱呢？",
        "该景点的门票价格是多少钱？",
        "这个景点的门票是多少钱？",
        "门票价格是多少？"
    ],
    "Request+酒店+价格": [
        "他家价格怎么样？",
        "那价位呢？",
        "该酒店的价格是多少啊？",
        "什么价格呢？",
        "这家酒店的住宿价格是多少钱？",
        "价格是多少？",
        "酒店什么价格？",
        "这家酒店的价格如何？",
        "我想知道这个酒店的价格是多少？",
        "能告诉我一下酒店价格吗？",
        "一晚的价格是多少？"
    ],
    "Request+酒店+名称": [
        "有合适的酒店推荐吗？",
        "有什么好地方给我推荐吗？",
        "给我推荐一家吧。",
        "你有什么好的推荐吗？",
        "可以帮忙推荐一个吗？",
        "帮我推荐一下。"
    ],
    "Request+酒店+周边景点": [
        "你看他家的周边有什么景点可以溜溜吗？",
        "这个酒店周边有什么好玩的景点吗？",
        "请问周边景点有哪些？",
        "酒店附近有哪些景点呢?",
        "这个酒店周边有没有可以游玩的景点呢？",
        "请问该酒店周边都有哪些景点啊？",
        "附近有什么好玩的景点么？",
        "这家酒店的周边有哪些好玩的景点啊？",
        "那周边有什么景点可以玩玩吗？",
        "四外都有啥好玩的景点呢?",
        "周边有哪些值得一去的景点啊？",
        "那这个酒店的周边有别的景点可去吗？"
    ],
    "Request+酒店+周边餐馆": [
        "这家酒店周边都有什么餐馆呢？",
        "酒店周边有哪些餐馆呢？",
        "酒店周边吃饭的餐馆都有啥？",
        "这家酒店周边有什么做菜好吃的餐馆吗？",
        "附近有好吃的餐馆么？",
        "它的附近有什么好的餐馆吗？",
        "周边有什么吃饭的地儿吗？",
        "旁边还有什么饭店吗？",
        "你再帮我查一下酒店周边都有哪些餐馆？",
        "那周边有没有餐馆呢？"
    ],
    "Request+酒店+地址": [
        "这家酒店的地址在哪呢？",
        "酒店的地址在哪?",
        "把地址给我一下好不？",
        "请问这家酒店的地址是在哪啊？",
        "把那里的地址也一并告诉我吧？",
        "给我查一下这个酒店的地址吧！",
        "那你可以告诉我酒店的地址吗？",
        "能告诉我一下它的地址吗？",
        "请问酒店的地址是在哪里？",
        "该酒店的具体地址在哪里？",
        "这家酒店在哪？"
    ],
    "Request+酒店+电话": [
        "这家酒店电话多少？",
        "酒店联系电话是多少？",
        "联系电话有么？",
        "那你有他家酒店的电话吗？",
        "麻烦给我下它家的电话可以吗？",
        "能告诉我下电话吗？",
        "联系电话是多少呢？",
        "这家酒店的电话是?",
        "那联系电话发我一下吧！",
        "酒店的电话是多少呢？"
    ],
    "Request+酒店+评分": [
        "这家酒店的评分多少啊？",
        "评分是多少？",
        "请问酒店评分是多少？",
        "这家酒店评分多少？",
        "这家酒店的评分是几分啊？",
        "知道它家评分是多少吗？",
        "请告诉我这个酒店的评分？",
        "你了解过酒店评分么？",
        "他家评分怎么样？",
        "你知道他家的评分是几分吗？"
    ],
    "Request+酒店+酒店类型": [
        "酒店属于什么类型啊？",
        "那这家酒店是什么类型的啊？",
        "这是什么类型的酒店呢？",
        "这个酒店是什么类型的啊？",
        "那酒店类型是什么？",
        "请问该酒店是什么类型？",
        "他家是什么类型的酒店啊？",
        "请问该酒店属于什么类型的？",
        "那你知道这个酒店是什么类型吗？",
        "这是一家什么类型的酒店啊？"
    ],
    "Request+酒店+酒店设施": [
        "这家酒店是否有[Request+酒店+酒店设施]服务？",
        "他家有[Request+酒店+酒店设施]这项服务吗？",
        "酒店设施里是否提供[Request+酒店+酒店设施]？",
        "那酒店的设施是否包含[Request+酒店+酒店设施]呢？",
        "那酒店内是否有[Request+酒店+酒店设施]设施？",
        "能帮我查一下酒店是否提供[Request+酒店+酒店设施]吗？",
        "酒店提供[Request+酒店+酒店设施]吗？",
        "那它有[Request+酒店+酒店设施]吗？",
        "这家酒店是否有[Request+酒店+酒店设施]服务啊？",
        "酒店是否有[Request+酒店+酒店设施]？"
    ],
    "Request+餐馆+人均消费": [
        "这家餐馆的人均消费价格是多少钱啊？",
        "餐馆人均消费多少啊？",
        "这家餐馆的人均消费是多少？",
        "那我想知道这家餐馆的人均消费是多少呢？",
        "那这个店的人均消费是多少？",
        "这家饭店人均消费是多少啊？",
        "请问该餐馆的人均消费是多少钱？",
        "人均消费大概是多少钱啊？",
        "这里人均消费是多少？",
        "那的人均消费是多少元？"
    ],
    "Request+餐馆+周边景点": [
        "餐馆周边的景点有哪些呢？",
        "请问那周边有什么景点？",
        "这个餐馆周边有啥景点吗？",
        "那这家餐馆周边有什么景点啊？",
        "能告诉我一下这个餐馆周边都有哪些景点吗？",
        "附近有什么玩的景点么？",
        "旁边有什么好玩的景点吗？",
        "周边有啥景点能玩玩吗？",
        "餐馆周边有哪些景点可以游玩？",
        "这家餐馆的周边还有哪些景点吗？"
    ],
    "Request+餐馆+周边酒店": [
        "请问这个餐馆的周边都有哪些酒店？",
        "它附近有什么酒店吗？",
        "餐馆周边都有什么酒店？",
        "附近有酒店可以休息吗？",
        "周边有酒店吗？",
        "这家餐馆周边有方便住宿的酒店吗？",
        "附近有什么酒店呢？",
        "帮我看看周边都有什么酒店？",
        "我想了解一下这个餐馆附近有什么酒店？",
        "我还想知道这家餐馆周边有哪些酒店呢？",
        "附近有哪些酒店呢？"
    ],
    "Request+餐馆+周边餐馆": [
        "这家餐馆的周边还有什么餐馆？",
        "这附近还有其他别的餐馆吗？",
        "那周边还有什么餐馆值得推荐吗？",
        "请问这个餐馆周边的餐馆有哪些？",
        "餐馆的周边有哪些别的做菜好吃的餐馆啊？",
        "附近还有什么餐馆推荐吗？",
        "周边还有别的餐馆么？",
        "那请问餐厅周围还有别的用餐地点吗？",
        "他家周边还有其它做菜好吃的餐馆吗？",
        "那餐馆周围还有别的餐厅作为备选吗？",
        "那么在这几店附近还有其他店餐馆可以选择吗？"
    ],
    "Request+餐馆+地址": [
        "餐馆的地址是在哪里？",
        "这家店的地址在哪？",
        "那具体地址呢？",
        "餐馆的具体地址在哪里啊？",
        "请问该餐馆的地址在哪里？",
        "餐馆的地址发我一下吧！",
        "能给我发一个它的地址吗?",
        "他家地址在哪？",
        "有没有详细地址？",
        "能把地址给我么？",
        "那它的地址是什么？"
    ],
    "Request+餐馆+推荐菜": [
        "他家有啥推荐菜吗？",
        "餐馆都有啥好吃的推荐菜啊？",
        "这家餐馆有啥推荐菜？",
        "这家餐馆的招牌推荐菜是什么？",
        "那请问餐馆都有啥推荐菜呢？",
        "餐馆好吃的推荐菜有啥菜啊？",
        "有哪些推荐菜呢？",
        "这家餐馆有什么招牌菜推荐一下？",
        "他家有什么特色菜么？",
        "有哪些推荐菜？",
        "这家餐馆的推荐菜都有啥？"
    ],
    "Request+餐馆+电话": [
        "你有餐馆电话吗？",
        "那餐馆的电话是多少？",
        "联系电话发我下吧！",
        "告诉我餐馆的电话是多少？",
        "它的联系电话是多少号？",
        "这家餐馆的电话是？",
        "可以帮我找一下餐馆电话吗？",
        "能告诉我这家餐馆的电话号码是多少吗？",
        "能帮我查一下它的电话号码吗？",
        "可以把餐馆电话发给我吗？"
    ],
    "Request+餐馆+营业时间": [
        "餐馆营业时间一般是几点？",
        "它通长什么时间营业？",
        "餐馆的营业时间是什么时候啊？",
        "这家餐馆的营业时间是什么时间段啊？",
        "能告诉我它的营业时间吗？",
        "知道他家是几点营业吗？",
        "请问该餐馆的营业时间是？",
        "这家餐馆的营业时间是几点到几点呢？",
        "可以帮我找一下这家餐馆的营业时间吗？",
        "一般它家都什么时间营业呀？"
    ],
    "Request+餐馆+评分": [
        "餐馆评分多少啊？",
        "评分是多少？",
        "这家店的评分是多少？",
        "餐馆的评分怎么样啊？",
        "那这个餐馆的评分是多少呀？",
        "那他家评分怎么样？",
        "评分如何呢？",
        "请问这个餐馆的评分是多少？",
        "评分咋样？",
        "这家酒店评分大概多少？",
        "那它的评分大约多少呢？"
    ],
    "Inform+出租+出发地": [
        "我想从[Inform+出租+出发地]出发坐出租。"
    ],
    "Inform+出租+目的地": [
        "出租车的目的地是[Inform+出租+目的地]。"
    ],
    "Inform+地铁+出发地": [
        "我想从[Inform+地铁+出发地]出发坐地铁。"
    ],
    "Inform+地铁+目的地": [
        "地铁的目的地是[Inform+地铁+目的地]。"
    ],
    "Request+出租+车型": [
        "能叫到什么车型的出租车呢？",
        "能叫到什么车型的车？",
        "出租车的车型都有什么？",
        "啥车型合适呢？",
        "您看什么样的车型好呢？",
        "你知道都有什么车型吗？",
        "车型是什么？",
        "你能告诉我出租车的车型是什么吗？",
        "车是什么车型？",
        "呼叫的出租车是什么车型？"
    ],
    "Request+出租+车牌": [
        "车牌是什么？",
        "车牌是多少？",
        "车牌能告诉我一下吗？",
        "车牌号是多少？",
        "车牌是？",
        "出租车的车牌是什么？",
        "请问车牌是多少呢？",
        "能把具体的车牌号发给我么？"
    ],
    "Request+地铁+出发地附近地铁站": [
        "出发地附近地铁站叫什么？",
        "在哪个地铁口上车比较近？",
        "从哪个地铁站乘车啊？",
        "出发地附近地铁站是哪站？",
        "在哪站坐车？",
        "应该从哪站出发？",
        "出发地附近地铁站是哪个？",
        "在哪个地铁站出发比较近？",
        "出发时从哪站坐车比较近？",
        "出发地附近地铁站是哪站？"
    ],
    "Request+地铁+目的地附近地铁站": [
        "目的地附近地铁站叫啥？",
        "在哪站下车比较近呢？",
        "到站离哪个地铁站近？",
        "到哪站下车？",
        "目的地附近地铁站是什么？",
        "目的地附近的地铁站是啥？"
    ],
    "Request+餐馆+名称": [
        "有推荐的吗？",
        "帮我推荐一家吧？",
        "给我推荐一家餐馆用餐吧。",
        "给推荐一个好吗？",
        "有没有合适的推荐一个。",
        "有什么推荐吗？",
        "您帮我推荐个呗。",
        "给我推荐一家吧。",
        "请给我推荐一家餐馆用餐吧。",
        "给推荐一家餐馆用餐吧。"
    ],
    "Select+景点+源领域+景点": [
        "请在周边景点里给我推荐一个。"
    ],
    "Select+景点+源领域+酒店": [
        "请在周边景点里给我推荐一个吧。"
    ],
    "Select+景点+源领域+餐馆": [
        "请在周边景点里给我推荐一个。"
    ],
    "Select+酒店+源领域+景点": [
        "请在周边酒店里给我推荐一家。"
    ],
    "Select+酒店+源领域+餐馆": [
        "请在周边酒店里给我推荐一家。",
        "帮我在他家的周边酒店里找一家"
    ],
    "Select+餐馆+源领域+景点": [
        "请在周边餐馆给我推荐一家。"
    ],
    "Select+餐馆+源领域+酒店": [
        "你看有没有合适的周边餐馆？",
        "请在周边餐馆里给我推荐一家。",
        "有什么可供参考的周边餐馆呢？",
        "请在这个酒店的周边餐馆中找一家。"
    ],
    "Select+餐馆+源领域+餐馆": [
        "请在周边餐馆里给我推荐一个。"
    ],
    "Inform+酒店+酒店设施+是": [
        "我想住一家能够提供[Inform+酒店+酒店设施+是]的酒店。"
    ],
    "Inform+酒店+酒店设施+否": [
        "我想住一家不提供[Inform+酒店+酒店设施+否]的酒店。"
    ]

}