{"id": "clients", "relationships": [{"parent_entity": "app", "parent_variable": "SK_ID_CURR", "child_entity": "bureau", "child_variable": "SK_ID_CURR"}, {"parent_entity": "bureau", "parent_variable": "SK_ID_BUREAU", "child_entity": "bureau_balance", "child_variable": "SK_ID_BUREAU"}, {"parent_entity": "app", "parent_variable": "SK_ID_CURR", "child_entity": "previous", "child_variable": "SK_ID_CURR"}, {"parent_entity": "previous", "parent_variable": "SK_ID_PREV", "child_entity": "cash", "child_variable": "SK_ID_PREV"}, {"parent_entity": "previous", "parent_variable": "SK_ID_PREV", "child_entity": "installments", "child_variable": "SK_ID_PREV"}, {"parent_entity": "previous", "parent_variable": "SK_ID_PREV", "child_entity": "credit", "child_variable": "SK_ID_PREV"}], "entity_dict": {"app": {"index": "SK_ID_CURR", "time_index": null, "secondary_time_index": {}, "encoding": null, "variables": {"SK_ID_CURR": {"dtype_repr": "index", "entity": "app", "id": "SK_ID_CURR", "name": "SK_ID_CURR", "interesting_values": null}, "AMT_ANNUITY": {"dtype_repr": "numeric", "entity": "app", "id": "AMT_ANNUITY", "name": "AMT_ANNUITY", "interesting_values": null}, "AMT_CREDIT": {"dtype_repr": "numeric", "entity": "app", "id": "AMT_CREDIT", "name": "AMT_CREDIT", "interesting_values": null}, "AMT_GOODS_PRICE": {"dtype_repr": "numeric", "entity": "app", "id": "AMT_GOODS_PRICE", "name": "AMT_GOODS_PRICE", "interesting_values": null}, "AMT_INCOME_TOTAL": {"dtype_repr": "numeric", "entity": "app", "id": "AMT_INCOME_TOTAL", "name": "AMT_INCOME_TOTAL", "interesting_values": null}, "AMT_REQ_CREDIT_BUREAU_DAY": {"dtype_repr": "numeric", "entity": "app", "id": "AMT_REQ_CREDIT_BUREAU_DAY", "name": "AMT_REQ_CREDIT_BUREAU_DAY", "interesting_values": null}, "AMT_REQ_CREDIT_BUREAU_HOUR": {"dtype_repr": "numeric", "entity": "app", "id": "AMT_REQ_CREDIT_BUREAU_HOUR", "name": "AMT_REQ_CREDIT_BUREAU_HOUR", "interesting_values": null}, "AMT_REQ_CREDIT_BUREAU_MON": {"dtype_repr": "numeric", "entity": "app", "id": "AMT_REQ_CREDIT_BUREAU_MON", "name": "AMT_REQ_CREDIT_BUREAU_MON", "interesting_values": null}, "AMT_REQ_CREDIT_BUREAU_QRT": {"dtype_repr": "numeric", "entity": "app", "id": "AMT_REQ_CREDIT_BUREAU_QRT", "name": "AMT_REQ_CREDIT_BUREAU_QRT", "interesting_values": null}, "AMT_REQ_CREDIT_BUREAU_WEEK": {"dtype_repr": "numeric", "entity": "app", "id": "AMT_REQ_CREDIT_BUREAU_WEEK", "name": "AMT_REQ_CREDIT_BUREAU_WEEK", "interesting_values": null}, "AMT_REQ_CREDIT_BUREAU_YEAR": {"dtype_repr": "numeric", "entity": "app", "id": "AMT_REQ_CREDIT_BUREAU_YEAR", "name": "AMT_REQ_CREDIT_BUREAU_YEAR", "interesting_values": null}, "APARTMENTS_AVG": {"dtype_repr": "numeric", "entity": "app", "id": "APARTMENTS_AVG", "name": "APARTMENTS_AVG", "interesting_values": null}, "APARTMENTS_MEDI": {"dtype_repr": "numeric", "entity": "app", "id": "APARTMENTS_MEDI", "name": "APARTMENTS_MEDI", "interesting_values": null}, "APARTMENTS_MODE": {"dtype_repr": "numeric", "entity": "app", "id": "APARTMENTS_MODE", "name": "APARTMENTS_MODE", "interesting_values": null}, "BASEMENTAREA_AVG": {"dtype_repr": "numeric", "entity": "app", "id": "BASEMENTAREA_AVG", "name": "BASEMENTAREA_AVG", "interesting_values": null}, "BASEMENTAREA_MEDI": {"dtype_repr": "numeric", "entity": "app", "id": "BASEMENTAREA_MEDI", "name": "BASEMENTAREA_MEDI", "interesting_values": null}, "BASEMENTAREA_MODE": {"dtype_repr": "numeric", "entity": "app", "id": "BASEMENTAREA_MODE", "name": "BASEMENTAREA_MODE", "interesting_values": null}, "CNT_CHILDREN": {"dtype_repr": "numeric", "entity": "app", "id": "CNT_CHILDREN", "name": "CNT_CHILDREN", "interesting_values": null}, "CNT_FAM_MEMBERS": {"dtype_repr": "numeric", "entity": "app", "id": "CNT_FAM_MEMBERS", "name": "CNT_FAM_MEMBERS", "interesting_values": null}, "CODE_GENDER": {"dtype_repr": "categorical", "entity": "app", "id": "CODE_GENDER", "name": "CODE_GENDER", "interesting_values": []}, "COMMONAREA_AVG": {"dtype_repr": "numeric", "entity": "app", "id": "COMMONAREA_AVG", "name": "COMMONAREA_AVG", "interesting_values": null}, "COMMONAREA_MEDI": {"dtype_repr": "numeric", "entity": "app", "id": "COMMONAREA_MEDI", "name": "COMMONAREA_MEDI", "interesting_values": null}, "COMMONAREA_MODE": {"dtype_repr": "numeric", "entity": "app", "id": "COMMONAREA_MODE", "name": "COMMONAREA_MODE", "interesting_values": null}, "DAYS_BIRTH": {"dtype_repr": "numeric", "entity": "app", "id": "DAYS_BIRTH", "name": "DAYS_BIRTH", "interesting_values": null}, "DAYS_EMPLOYED": {"dtype_repr": "numeric", "entity": "app", "id": "DAYS_EMPLOYED", "name": "DAYS_EMPLOYED", "interesting_values": null}, "DAYS_ID_PUBLISH": {"dtype_repr": "numeric", "entity": "app", "id": "DAYS_ID_PUBLISH", "name": "DAYS_ID_PUBLISH", "interesting_values": null}, "DAYS_LAST_PHONE_CHANGE": {"dtype_repr": "numeric", "entity": "app", "id": "DAYS_LAST_PHONE_CHANGE", "name": "DAYS_LAST_PHONE_CHANGE", "interesting_values": null}, "DAYS_REGISTRATION": {"dtype_repr": "numeric", "entity": "app", "id": "DAYS_REGISTRATION", "name": "DAYS_REGISTRATION", "interesting_values": null}, "DEF_30_CNT_SOCIAL_CIRCLE": {"dtype_repr": "numeric", "entity": "app", "id": "DEF_30_CNT_SOCIAL_CIRCLE", "name": "DEF_30_CNT_SOCIAL_CIRCLE", "interesting_values": null}, "DEF_60_CNT_SOCIAL_CIRCLE": {"dtype_repr": "numeric", "entity": "app", "id": "DEF_60_CNT_SOCIAL_CIRCLE", "name": "DEF_60_CNT_SOCIAL_CIRCLE", "interesting_values": null}, "ELEVATORS_AVG": {"dtype_repr": "numeric", "entity": "app", "id": "ELEVATORS_AVG", "name": "ELEVATORS_AVG", "interesting_values": null}, "ELEVATORS_MEDI": {"dtype_repr": "numeric", "entity": "app", "id": "ELEVATORS_MEDI", "name": "ELEVATORS_MEDI", "interesting_values": null}, "ELEVATORS_MODE": {"dtype_repr": "numeric", "entity": "app", "id": "ELEVATORS_MODE", "name": "ELEVATORS_MODE", "interesting_values": null}, "EMERGENCYSTATE_MODE": {"dtype_repr": "categorical", "entity": "app", "id": "EMERGENCYSTATE_MODE", "name": "EMERGENCYSTATE_MODE", "interesting_values": []}, "ENTRANCES_AVG": {"dtype_repr": "numeric", "entity": "app", "id": "ENTRANCES_AVG", "name": "ENTRANCES_AVG", "interesting_values": null}, "ENTRANCES_MEDI": {"dtype_repr": "numeric", "entity": "app", "id": "ENTRANCES_MEDI", "name": "ENTRANCES_MEDI", "interesting_values": null}, "ENTRANCES_MODE": {"dtype_repr": "numeric", "entity": "app", "id": "ENTRANCES_MODE", "name": "ENTRANCES_MODE", "interesting_values": null}, "EXT_SOURCE_1": {"dtype_repr": "numeric", "entity": "app", "id": "EXT_SOURCE_1", "name": "EXT_SOURCE_1", "interesting_values": null}, "EXT_SOURCE_2": {"dtype_repr": "numeric", "entity": "app", "id": "EXT_SOURCE_2", "name": "EXT_SOURCE_2", "interesting_values": null}, "EXT_SOURCE_3": {"dtype_repr": "numeric", "entity": "app", "id": "EXT_SOURCE_3", "name": "EXT_SOURCE_3", "interesting_values": null}, "FLAG_OWN_CAR": {"dtype_repr": "categorical", "entity": "app", "id": "FLAG_OWN_CAR", "name": "FLAG_OWN_CAR", "interesting_values": []}, "FLAG_OWN_REALTY": {"dtype_repr": "categorical", "entity": "app", "id": "FLAG_OWN_REALTY", "name": "FLAG_OWN_REALTY", "interesting_values": []}, "FLOORSMAX_AVG": {"dtype_repr": "numeric", "entity": "app", "id": "FLOORSMAX_AVG", "name": "FLOORSMAX_AVG", "interesting_values": null}, "FLOORSMAX_MEDI": {"dtype_repr": "numeric", "entity": "app", "id": "FLOORSMAX_MEDI", "name": "FLOORSMAX_MEDI", "interesting_values": null}, "FLOORSMAX_MODE": {"dtype_repr": "numeric", "entity": "app", "id": "FLOORSMAX_MODE", "name": "FLOORSMAX_MODE", "interesting_values": null}, "FLOORSMIN_AVG": {"dtype_repr": "numeric", "entity": "app", "id": "FLOORSMIN_AVG", "name": "FLOORSMIN_AVG", "interesting_values": null}, "FLOORSMIN_MEDI": {"dtype_repr": "numeric", "entity": "app", "id": "FLOORSMIN_MEDI", "name": "FLOORSMIN_MEDI", "interesting_values": null}, "FLOORSMIN_MODE": {"dtype_repr": "numeric", "entity": "app", "id": "FLOORSMIN_MODE", "name": "FLOORSMIN_MODE", "interesting_values": null}, "FONDKAPREMONT_MODE": {"dtype_repr": "categorical", "entity": "app", "id": "FONDKAPREMONT_MODE", "name": "FONDKAPREMONT_MODE", "interesting_values": []}, "HOUSETYPE_MODE": {"dtype_repr": "categorical", "entity": "app", "id": "HOUSETYPE_MODE", "name": "HOUSETYPE_MODE", "interesting_values": []}, "LANDAREA_AVG": {"dtype_repr": "numeric", "entity": "app", "id": "LANDAREA_AVG", "name": "LANDAREA_AVG", "interesting_values": null}, "LANDAREA_MEDI": {"dtype_repr": "numeric", "entity": "app", "id": "LANDAREA_MEDI", "name": "LANDAREA_MEDI", "interesting_values": null}, "LANDAREA_MODE": {"dtype_repr": "numeric", "entity": "app", "id": "LANDAREA_MODE", "name": "LANDAREA_MODE", "interesting_values": null}, "LIVINGAPARTMENTS_AVG": {"dtype_repr": "numeric", "entity": "app", "id": "LIVINGAPARTMENTS_AVG", "name": "LIVINGAPARTMENTS_AVG", "interesting_values": null}, "LIVINGAPARTMENTS_MEDI": {"dtype_repr": "numeric", "entity": "app", "id": "LIVINGAPARTMENTS_MEDI", "name": "LIVINGAPARTMENTS_MEDI", "interesting_values": null}, "LIVINGAPARTMENTS_MODE": {"dtype_repr": "numeric", "entity": "app", "id": "LIVINGAPARTMENTS_MODE", "name": "LIVINGAPARTMENTS_MODE", "interesting_values": null}, "LIVINGAREA_AVG": {"dtype_repr": "numeric", "entity": "app", "id": "LIVINGAREA_AVG", "name": "LIVINGAREA_AVG", "interesting_values": null}, "LIVINGAREA_MEDI": {"dtype_repr": "numeric", "entity": "app", "id": "LIVINGAREA_MEDI", "name": "LIVINGAREA_MEDI", "interesting_values": null}, "LIVINGAREA_MODE": {"dtype_repr": "numeric", "entity": "app", "id": "LIVINGAREA_MODE", "name": "LIVINGAREA_MODE", "interesting_values": null}, "NAME_CONTRACT_TYPE": {"dtype_repr": "categorical", "entity": "app", "id": "NAME_CONTRACT_TYPE", "name": "NAME_CONTRACT_TYPE", "interesting_values": []}, "NAME_EDUCATION_TYPE": {"dtype_repr": "categorical", "entity": "app", "id": "NAME_EDUCATION_TYPE", "name": "NAME_EDUCATION_TYPE", "interesting_values": []}, "NAME_FAMILY_STATUS": {"dtype_repr": "categorical", "entity": "app", "id": "NAME_FAMILY_STATUS", "name": "NAME_FAMILY_STATUS", "interesting_values": []}, "NAME_HOUSING_TYPE": {"dtype_repr": "categorical", "entity": "app", "id": "NAME_HOUSING_TYPE", "name": "NAME_HOUSING_TYPE", "interesting_values": []}, "NAME_INCOME_TYPE": {"dtype_repr": "categorical", "entity": "app", "id": "NAME_INCOME_TYPE", "name": "NAME_INCOME_TYPE", "interesting_values": []}, "NAME_TYPE_SUITE": {"dtype_repr": "categorical", "entity": "app", "id": "NAME_TYPE_SUITE", "name": "NAME_TYPE_SUITE", "interesting_values": []}, "NONLIVINGAPARTMENTS_AVG": {"dtype_repr": "numeric", "entity": "app", "id": "NONLIVINGAPARTMENTS_AVG", "name": "NONLIVINGAPARTMENTS_AVG", "interesting_values": null}, "NONLIVINGAPARTMENTS_MEDI": {"dtype_repr": "numeric", "entity": "app", "id": "NONLIVINGAPARTMENTS_MEDI", "name": "NONLIVINGAPARTMENTS_MEDI", "interesting_values": null}, "NONLIVINGAPARTMENTS_MODE": {"dtype_repr": "numeric", "entity": "app", "id": "NONLIVINGAPARTMENTS_MODE", "name": "NONLIVINGAPARTMENTS_MODE", "interesting_values": null}, "NONLIVINGAREA_AVG": {"dtype_repr": "numeric", "entity": "app", "id": "NONLIVINGAREA_AVG", "name": "NONLIVINGAREA_AVG", "interesting_values": null}, "NONLIVINGAREA_MEDI": {"dtype_repr": "numeric", "entity": "app", "id": "NONLIVINGAREA_MEDI", "name": "NONLIVINGAREA_MEDI", "interesting_values": null}, "NONLIVINGAREA_MODE": {"dtype_repr": "numeric", "entity": "app", "id": "NONLIVINGAREA_MODE", "name": "NONLIVINGAREA_MODE", "interesting_values": null}, "OBS_30_CNT_SOCIAL_CIRCLE": {"dtype_repr": "numeric", "entity": "app", "id": "OBS_30_CNT_SOCIAL_CIRCLE", "name": "OBS_30_CNT_SOCIAL_CIRCLE", "interesting_values": null}, "OBS_60_CNT_SOCIAL_CIRCLE": {"dtype_repr": "numeric", "entity": "app", "id": "OBS_60_CNT_SOCIAL_CIRCLE", "name": "OBS_60_CNT_SOCIAL_CIRCLE", "interesting_values": null}, "OCCUPATION_TYPE": {"dtype_repr": "categorical", "entity": "app", "id": "OCCUPATION_TYPE", "name": "OCCUPATION_TYPE", "interesting_values": []}, "ORGANIZATION_TYPE": {"dtype_repr": "categorical", "entity": "app", "id": "ORGANIZATION_TYPE", "name": "ORGANIZATION_TYPE", "interesting_values": []}, "OWN_CAR_AGE": {"dtype_repr": "numeric", "entity": "app", "id": "OWN_CAR_AGE", "name": "OWN_CAR_AGE", "interesting_values": null}, "REGION_POPULATION_RELATIVE": {"dtype_repr": "numeric", "entity": "app", "id": "REGION_POPULATION_RELATIVE", "name": "REGION_POPULATION_RELATIVE", "interesting_values": null}, "TARGET": {"dtype_repr": "numeric", "entity": "app", "id": "TARGET", "name": "TARGET", "interesting_values": null}, "TOTALAREA_MODE": {"dtype_repr": "numeric", "entity": "app", "id": "TOTALAREA_MODE", "name": "TOTALAREA_MODE", "interesting_values": null}, "WALLSMATERIAL_MODE": {"dtype_repr": "categorical", "entity": "app", "id": "WALLSMATERIAL_MODE", "name": "WALLSMATERIAL_MODE", "interesting_values": []}, "WEEKDAY_APPR_PROCESS_START": {"dtype_repr": "categorical", "entity": "app", "id": "WEEKDAY_APPR_PROCESS_START", "name": "WEEKDAY_APPR_PROCESS_START", "interesting_values": []}, "YEARS_BEGINEXPLUATATION_AVG": {"dtype_repr": "numeric", "entity": "app", "id": "YEARS_BEGINEXPLUATATION_AVG", "name": "YEARS_BEGINEXPLUATATION_AVG", "interesting_values": null}, "YEARS_BEGINEXPLUATATION_MEDI": {"dtype_repr": "numeric", "entity": "app", "id": "YEARS_BEGINEXPLUATATION_MEDI", "name": "YEARS_BEGINEXPLUATATION_MEDI", "interesting_values": null}, "YEARS_BEGINEXPLUATATION_MODE": {"dtype_repr": "numeric", "entity": "app", "id": "YEARS_BEGINEXPLUATATION_MODE", "name": "YEARS_BEGINEXPLUATATION_MODE", "interesting_values": null}, "YEARS_BUILD_AVG": {"dtype_repr": "numeric", "entity": "app", "id": "YEARS_BUILD_AVG", "name": "YEARS_BUILD_AVG", "interesting_values": null}, "YEARS_BUILD_MEDI": {"dtype_repr": "numeric", "entity": "app", "id": "YEARS_BUILD_MEDI", "name": "YEARS_BUILD_MEDI", "interesting_values": null}, "YEARS_BUILD_MODE": {"dtype_repr": "numeric", "entity": "app", "id": "YEARS_BUILD_MODE", "name": "YEARS_BUILD_MODE", "interesting_values": null}, "FLAG_CONT_MOBILE": {"dtype_repr": "boolean", "entity": "app", "id": "FLAG_CONT_MOBILE", "name": "FLAG_CONT_MOBILE", "interesting_values": null}, "FLAG_DOCUMENT_10": {"dtype_repr": "boolean", "entity": "app", "id": "FLAG_DOCUMENT_10", "name": "FLAG_DOCUMENT_10", "interesting_values": null}, "FLAG_DOCUMENT_11": {"dtype_repr": "boolean", "entity": "app", "id": "FLAG_DOCUMENT_11", "name": "FLAG_DOCUMENT_11", "interesting_values": null}, "FLAG_DOCUMENT_12": {"dtype_repr": "boolean", "entity": "app", "id": "FLAG_DOCUMENT_12", "name": "FLAG_DOCUMENT_12", "interesting_values": null}, "FLAG_DOCUMENT_13": {"dtype_repr": "boolean", "entity": "app", "id": "FLAG_DOCUMENT_13", "name": "FLAG_DOCUMENT_13", "interesting_values": null}, "FLAG_DOCUMENT_14": {"dtype_repr": "boolean", "entity": "app", "id": "FLAG_DOCUMENT_14", "name": "FLAG_DOCUMENT_14", "interesting_values": null}, "FLAG_DOCUMENT_15": {"dtype_repr": "boolean", "entity": "app", "id": "FLAG_DOCUMENT_15", "name": "FLAG_DOCUMENT_15", "interesting_values": null}, "FLAG_DOCUMENT_16": {"dtype_repr": "boolean", "entity": "app", "id": "FLAG_DOCUMENT_16", "name": "FLAG_DOCUMENT_16", "interesting_values": null}, "FLAG_DOCUMENT_17": {"dtype_repr": "boolean", "entity": "app", "id": "FLAG_DOCUMENT_17", "name": "FLAG_DOCUMENT_17", "interesting_values": null}, "FLAG_DOCUMENT_18": {"dtype_repr": "boolean", "entity": "app", "id": "FLAG_DOCUMENT_18", "name": "FLAG_DOCUMENT_18", "interesting_values": null}, "FLAG_DOCUMENT_19": {"dtype_repr": "boolean", "entity": "app", "id": "FLAG_DOCUMENT_19", "name": "FLAG_DOCUMENT_19", "interesting_values": null}, "FLAG_DOCUMENT_2": {"dtype_repr": "boolean", "entity": "app", "id": "FLAG_DOCUMENT_2", "name": "FLAG_DOCUMENT_2", "interesting_values": null}, "FLAG_DOCUMENT_20": {"dtype_repr": "boolean", "entity": "app", "id": "FLAG_DOCUMENT_20", "name": "FLAG_DOCUMENT_20", "interesting_values": null}, "FLAG_DOCUMENT_21": {"dtype_repr": "boolean", "entity": "app", "id": "FLAG_DOCUMENT_21", "name": "FLAG_DOCUMENT_21", "interesting_values": null}, "FLAG_DOCUMENT_3": {"dtype_repr": "boolean", "entity": "app", "id": "FLAG_DOCUMENT_3", "name": "FLAG_DOCUMENT_3", "interesting_values": null}, "FLAG_DOCUMENT_4": {"dtype_repr": "boolean", "entity": "app", "id": "FLAG_DOCUMENT_4", "name": "FLAG_DOCUMENT_4", "interesting_values": null}, "FLAG_DOCUMENT_5": {"dtype_repr": "boolean", "entity": "app", "id": "FLAG_DOCUMENT_5", "name": "FLAG_DOCUMENT_5", "interesting_values": null}, "FLAG_DOCUMENT_6": {"dtype_repr": "boolean", "entity": "app", "id": "FLAG_DOCUMENT_6", "name": "FLAG_DOCUMENT_6", "interesting_values": null}, "FLAG_DOCUMENT_7": {"dtype_repr": "boolean", "entity": "app", "id": "FLAG_DOCUMENT_7", "name": "FLAG_DOCUMENT_7", "interesting_values": null}, "FLAG_DOCUMENT_8": {"dtype_repr": "boolean", "entity": "app", "id": "FLAG_DOCUMENT_8", "name": "FLAG_DOCUMENT_8", "interesting_values": null}, "FLAG_DOCUMENT_9": {"dtype_repr": "boolean", "entity": "app", "id": "FLAG_DOCUMENT_9", "name": "FLAG_DOCUMENT_9", "interesting_values": null}, "FLAG_EMAIL": {"dtype_repr": "boolean", "entity": "app", "id": "FLAG_EMAIL", "name": "FLAG_EMAIL", "interesting_values": null}, "FLAG_EMP_PHONE": {"dtype_repr": "boolean", "entity": "app", "id": "FLAG_EMP_PHONE", "name": "FLAG_EMP_PHONE", "interesting_values": null}, "FLAG_MOBIL": {"dtype_repr": "boolean", "entity": "app", "id": "FLAG_MOBIL", "name": "FLAG_MOBIL", "interesting_values": null}, "FLAG_PHONE": {"dtype_repr": "boolean", "entity": "app", "id": "FLAG_PHONE", "name": "FLAG_PHONE", "interesting_values": null}, "FLAG_WORK_PHONE": {"dtype_repr": "boolean", "entity": "app", "id": "FLAG_WORK_PHONE", "name": "FLAG_WORK_PHONE", "interesting_values": null}, "LIVE_CITY_NOT_WORK_CITY": {"dtype_repr": "boolean", "entity": "app", "id": "LIVE_CITY_NOT_WORK_CITY", "name": "LIVE_CITY_NOT_WORK_CITY", "interesting_values": null}, "LIVE_REGION_NOT_WORK_REGION": {"dtype_repr": "boolean", "entity": "app", "id": "LIVE_REGION_NOT_WORK_REGION", "name": "LIVE_REGION_NOT_WORK_REGION", "interesting_values": null}, "REG_CITY_NOT_LIVE_CITY": {"dtype_repr": "boolean", "entity": "app", "id": "REG_CITY_NOT_LIVE_CITY", "name": "REG_CITY_NOT_LIVE_CITY", "interesting_values": null}, "REG_CITY_NOT_WORK_CITY": {"dtype_repr": "boolean", "entity": "app", "id": "REG_CITY_NOT_WORK_CITY", "name": "REG_CITY_NOT_WORK_CITY", "interesting_values": null}, "REG_REGION_NOT_LIVE_REGION": {"dtype_repr": "boolean", "entity": "app", "id": "REG_REGION_NOT_LIVE_REGION", "name": "REG_REGION_NOT_LIVE_REGION", "interesting_values": null}, "REG_REGION_NOT_WORK_REGION": {"dtype_repr": "boolean", "entity": "app", "id": "REG_REGION_NOT_WORK_REGION", "name": "REG_REGION_NOT_WORK_REGION", "interesting_values": null}, "REGION_RATING_CLIENT": {"dtype_repr": "ordinal", "entity": "app", "id": "REGION_RATING_CLIENT", "name": "REGION_RATING_CLIENT", "interesting_values": []}, "REGION_RATING_CLIENT_W_CITY": {"dtype_repr": "ordinal", "entity": "app", "id": "REGION_RATING_CLIENT_W_CITY", "name": "REGION_RATING_CLIENT_W_CITY", "interesting_values": []}, "HOUR_APPR_PROCESS_START": {"dtype_repr": "ordinal", "entity": "app", "id": "HOUR_APPR_PROCESS_START", "name": "HOUR_APPR_PROCESS_START", "interesting_values": []}}, "has_last_time_index": false, "data_files": {"data_filename": "app/data.p", "filetype": "pickle", "size": 3258192}}, "bureau": {"index": "SK_ID_BUREAU", "time_index": null, "secondary_time_index": {}, "encoding": null, "variables": {"SK_ID_BUREAU": {"dtype_repr": "index", "entity": "bureau", "id": "SK_ID_BUREAU", "name": "SK_ID_BUREAU", "interesting_values": null}, "SK_ID_CURR": {"dtype_repr": "id", "entity": "bureau", "id": "SK_ID_CURR", "name": "SK_ID_CURR", "interesting_values": []}, "CREDIT_ACTIVE": {"dtype_repr": "categorical", "entity": "bureau", "id": "CREDIT_ACTIVE", "name": "CREDIT_ACTIVE", "interesting_values": []}, "CREDIT_CURRENCY": {"dtype_repr": "categorical", "entity": "bureau", "id": "CREDIT_CURRENCY", "name": "CREDIT_CURRENCY", "interesting_values": []}, "DAYS_CREDIT": {"dtype_repr": "numeric", "entity": "bureau", "id": "DAYS_CREDIT", "name": "DAYS_CREDIT", "interesting_values": null}, "CREDIT_DAY_OVERDUE": {"dtype_repr": "numeric", "entity": "bureau", "id": "CREDIT_DAY_OVERDUE", "name": "CREDIT_DAY_OVERDUE", "interesting_values": null}, "DAYS_CREDIT_ENDDATE": {"dtype_repr": "numeric", "entity": "bureau", "id": "DAYS_CREDIT_ENDDATE", "name": "DAYS_CREDIT_ENDDATE", "interesting_values": null}, "DAYS_ENDDATE_FACT": {"dtype_repr": "numeric", "entity": "bureau", "id": "DAYS_ENDDATE_FACT", "name": "DAYS_ENDDATE_FACT", "interesting_values": null}, "AMT_CREDIT_MAX_OVERDUE": {"dtype_repr": "numeric", "entity": "bureau", "id": "AMT_CREDIT_MAX_OVERDUE", "name": "AMT_CREDIT_MAX_OVERDUE", "interesting_values": null}, "CNT_CREDIT_PROLONG": {"dtype_repr": "numeric", "entity": "bureau", "id": "CNT_CREDIT_PROLONG", "name": "CNT_CREDIT_PROLONG", "interesting_values": null}, "AMT_CREDIT_SUM": {"dtype_repr": "numeric", "entity": "bureau", "id": "AMT_CREDIT_SUM", "name": "AMT_CREDIT_SUM", "interesting_values": null}, "AMT_CREDIT_SUM_DEBT": {"dtype_repr": "numeric", "entity": "bureau", "id": "AMT_CREDIT_SUM_DEBT", "name": "AMT_CREDIT_SUM_DEBT", "interesting_values": null}, "AMT_CREDIT_SUM_LIMIT": {"dtype_repr": "numeric", "entity": "bureau", "id": "AMT_CREDIT_SUM_LIMIT", "name": "AMT_CREDIT_SUM_LIMIT", "interesting_values": null}, "AMT_CREDIT_SUM_OVERDUE": {"dtype_repr": "numeric", "entity": "bureau", "id": "AMT_CREDIT_SUM_OVERDUE", "name": "AMT_CREDIT_SUM_OVERDUE", "interesting_values": null}, "CREDIT_TYPE": {"dtype_repr": "categorical", "entity": "bureau", "id": "CREDIT_TYPE", "name": "CREDIT_TYPE", "interesting_values": []}, "DAYS_CREDIT_UPDATE": {"dtype_repr": "numeric", "entity": "bureau", "id": "DAYS_CREDIT_UPDATE", "name": "DAYS_CREDIT_UPDATE", "interesting_values": null}, "AMT_ANNUITY": {"dtype_repr": "numeric", "entity": "bureau", "id": "AMT_ANNUITY", "name": "AMT_ANNUITY", "interesting_values": null}}, "has_last_time_index": false, "data_files": {"data_filename": "bureau/data.p", "filetype": "pickle", "size": 2336797}}, "previous": {"index": "SK_ID_PREV", "time_index": null, "secondary_time_index": {}, "encoding": null, "variables": {"SK_ID_PREV": {"dtype_repr": "index", "entity": "previous", "id": "SK_ID_PREV", "name": "SK_ID_PREV", "interesting_values": null}, "SK_ID_CURR": {"dtype_repr": "id", "entity": "previous", "id": "SK_ID_CURR", "name": "SK_ID_CURR", "interesting_values": []}, "NAME_CONTRACT_TYPE": {"dtype_repr": "categorical", "entity": "previous", "id": "NAME_CONTRACT_TYPE", "name": "NAME_CONTRACT_TYPE", "interesting_values": []}, "AMT_ANNUITY": {"dtype_repr": "numeric", "entity": "previous", "id": "AMT_ANNUITY", "name": "AMT_ANNUITY", "interesting_values": null}, "AMT_APPLICATION": {"dtype_repr": "numeric", "entity": "previous", "id": "AMT_APPLICATION", "name": "AMT_APPLICATION", "interesting_values": null}, "AMT_CREDIT": {"dtype_repr": "numeric", "entity": "previous", "id": "AMT_CREDIT", "name": "AMT_CREDIT", "interesting_values": null}, "AMT_DOWN_PAYMENT": {"dtype_repr": "numeric", "entity": "previous", "id": "AMT_DOWN_PAYMENT", "name": "AMT_DOWN_PAYMENT", "interesting_values": null}, "AMT_GOODS_PRICE": {"dtype_repr": "numeric", "entity": "previous", "id": "AMT_GOODS_PRICE", "name": "AMT_GOODS_PRICE", "interesting_values": null}, "WEEKDAY_APPR_PROCESS_START": {"dtype_repr": "categorical", "entity": "previous", "id": "WEEKDAY_APPR_PROCESS_START", "name": "WEEKDAY_APPR_PROCESS_START", "interesting_values": []}, "HOUR_APPR_PROCESS_START": {"dtype_repr": "numeric", "entity": "previous", "id": "HOUR_APPR_PROCESS_START", "name": "HOUR_APPR_PROCESS_START", "interesting_values": null}, "FLAG_LAST_APPL_PER_CONTRACT": {"dtype_repr": "categorical", "entity": "previous", "id": "FLAG_LAST_APPL_PER_CONTRACT", "name": "FLAG_LAST_APPL_PER_CONTRACT", "interesting_values": []}, "RATE_DOWN_PAYMENT": {"dtype_repr": "numeric", "entity": "previous", "id": "RATE_DOWN_PAYMENT", "name": "RATE_DOWN_PAYMENT", "interesting_values": null}, "RATE_INTEREST_PRIMARY": {"dtype_repr": "numeric", "entity": "previous", "id": "RATE_INTEREST_PRIMARY", "name": "RATE_INTEREST_PRIMARY", "interesting_values": null}, "RATE_INTEREST_PRIVILEGED": {"dtype_repr": "numeric", "entity": "previous", "id": "RATE_INTEREST_PRIVILEGED", "name": "RATE_INTEREST_PRIVILEGED", "interesting_values": null}, "NAME_CASH_LOAN_PURPOSE": {"dtype_repr": "categorical", "entity": "previous", "id": "NAME_CASH_LOAN_PURPOSE", "name": "NAME_CASH_LOAN_PURPOSE", "interesting_values": []}, "NAME_CONTRACT_STATUS": {"dtype_repr": "categorical", "entity": "previous", "id": "NAME_CONTRACT_STATUS", "name": "NAME_CONTRACT_STATUS", "interesting_values": []}, "DAYS_DECISION": {"dtype_repr": "numeric", "entity": "previous", "id": "DAYS_DECISION", "name": "DAYS_DECISION", "interesting_values": null}, "NAME_PAYMENT_TYPE": {"dtype_repr": "categorical", "entity": "previous", "id": "NAME_PAYMENT_TYPE", "name": "NAME_PAYMENT_TYPE", "interesting_values": []}, "CODE_REJECT_REASON": {"dtype_repr": "categorical", "entity": "previous", "id": "CODE_REJECT_REASON", "name": "CODE_REJECT_REASON", "interesting_values": []}, "NAME_TYPE_SUITE": {"dtype_repr": "categorical", "entity": "previous", "id": "NAME_TYPE_SUITE", "name": "NAME_TYPE_SUITE", "interesting_values": []}, "NAME_CLIENT_TYPE": {"dtype_repr": "categorical", "entity": "previous", "id": "NAME_CLIENT_TYPE", "name": "NAME_CLIENT_TYPE", "interesting_values": []}, "NAME_GOODS_CATEGORY": {"dtype_repr": "categorical", "entity": "previous", "id": "NAME_GOODS_CATEGORY", "name": "NAME_GOODS_CATEGORY", "interesting_values": []}, "NAME_PORTFOLIO": {"dtype_repr": "categorical", "entity": "previous", "id": "NAME_PORTFOLIO", "name": "NAME_PORTFOLIO", "interesting_values": []}, "NAME_PRODUCT_TYPE": {"dtype_repr": "categorical", "entity": "previous", "id": "NAME_PRODUCT_TYPE", "name": "NAME_PRODUCT_TYPE", "interesting_values": []}, "CHANNEL_TYPE": {"dtype_repr": "categorical", "entity": "previous", "id": "CHANNEL_TYPE", "name": "CHANNEL_TYPE", "interesting_values": []}, "SELLERPLACE_AREA": {"dtype_repr": "numeric", "entity": "previous", "id": "SELLERPLACE_AREA", "name": "SELLERPLACE_AREA", "interesting_values": null}, "NAME_SELLER_INDUSTRY": {"dtype_repr": "categorical", "entity": "previous", "id": "NAME_SELLER_INDUSTRY", "name": "NAME_SELLER_INDUSTRY", "interesting_values": []}, "CNT_PAYMENT": {"dtype_repr": "numeric", "entity": "previous", "id": "CNT_PAYMENT", "name": "CNT_PAYMENT", "interesting_values": null}, "NAME_YIELD_GROUP": {"dtype_repr": "categorical", "entity": "previous", "id": "NAME_YIELD_GROUP", "name": "NAME_YIELD_GROUP", "interesting_values": []}, "PRODUCT_COMBINATION": {"dtype_repr": "categorical", "entity": "previous", "id": "PRODUCT_COMBINATION", "name": "PRODUCT_COMBINATION", "interesting_values": []}, "DAYS_FIRST_DRAWING": {"dtype_repr": "numeric", "entity": "previous", "id": "DAYS_FIRST_DRAWING", "name": "DAYS_FIRST_DRAWING", "interesting_values": null}, "DAYS_FIRST_DUE": {"dtype_repr": "numeric", "entity": "previous", "id": "DAYS_FIRST_DUE", "name": "DAYS_FIRST_DUE", "interesting_values": null}, "DAYS_LAST_DUE_1ST_VERSION": {"dtype_repr": "numeric", "entity": "previous", "id": "DAYS_LAST_DUE_1ST_VERSION", "name": "DAYS_LAST_DUE_1ST_VERSION", "interesting_values": null}, "DAYS_LAST_DUE": {"dtype_repr": "numeric", "entity": "previous", "id": "DAYS_LAST_DUE", "name": "DAYS_LAST_DUE", "interesting_values": null}, "DAYS_TERMINATION": {"dtype_repr": "numeric", "entity": "previous", "id": "DAYS_TERMINATION", "name": "DAYS_TERMINATION", "interesting_values": null}, "NFLAG_LAST_APPL_IN_DAY": {"dtype_repr": "boolean", "entity": "previous", "id": "NFLAG_LAST_APPL_IN_DAY", "name": "NFLAG_LAST_APPL_IN_DAY", "interesting_values": null}, "NFLAG_INSURED_ON_APPROVAL": {"dtype_repr": "boolean", "entity": "previous", "id": "NFLAG_INSURED_ON_APPROVAL", "name": "NFLAG_INSURED_ON_APPROVAL", "interesting_values": null}}, "has_last_time_index": false, "data_files": {"data_filename": "previous/data.p", "filetype": "pickle", "size": 4033137}}, "bureau_balance": {"index": "bureaubalance_index", "time_index": null, "secondary_time_index": {}, "encoding": null, "variables": {"bureaubalance_index": {"dtype_repr": "index", "entity": "bureau_balance", "id": "bureaubalance_index", "name": "bureaubalance_index", "interesting_values": null}, "SK_ID_BUREAU": {"dtype_repr": "id", "entity": "bureau_balance", "id": "SK_ID_BUREAU", "name": "SK_ID_BUREAU", "interesting_values": []}, "MONTHS_BALANCE": {"dtype_repr": "numeric", "entity": "bureau_balance", "id": "MONTHS_BALANCE", "name": "MONTHS_BALANCE", "interesting_values": null}, "STATUS": {"dtype_repr": "categorical", "entity": "bureau_balance", "id": "STATUS", "name": "STATUS", "interesting_values": []}}, "has_last_time_index": false, "data_files": {"data_filename": "bureau_balance/data.p", "filetype": "pickle", "size": 7465313}}, "cash": {"index": "cash_index", "time_index": null, "secondary_time_index": {}, "encoding": null, "variables": {"cash_index": {"dtype_repr": "index", "entity": "cash", "id": "cash_index", "name": "cash_index", "interesting_values": null}, "SK_ID_PREV": {"dtype_repr": "id", "entity": "cash", "id": "SK_ID_PREV", "name": "SK_ID_PREV", "interesting_values": []}, "MONTHS_BALANCE": {"dtype_repr": "numeric", "entity": "cash", "id": "MONTHS_BALANCE", "name": "MONTHS_BALANCE", "interesting_values": null}, "CNT_INSTALMENT": {"dtype_repr": "numeric", "entity": "cash", "id": "CNT_INSTALMENT", "name": "CNT_INSTALMENT", "interesting_values": null}, "CNT_INSTALMENT_FUTURE": {"dtype_repr": "numeric", "entity": "cash", "id": "CNT_INSTALMENT_FUTURE", "name": "CNT_INSTALMENT_FUTURE", "interesting_values": null}, "NAME_CONTRACT_STATUS": {"dtype_repr": "categorical", "entity": "cash", "id": "NAME_CONTRACT_STATUS", "name": "NAME_CONTRACT_STATUS", "interesting_values": []}, "SK_DPD": {"dtype_repr": "numeric", "entity": "cash", "id": "SK_DPD", "name": "SK_DPD", "interesting_values": null}, "SK_DPD_DEF": {"dtype_repr": "numeric", "entity": "cash", "id": "SK_DPD_DEF", "name": "SK_DPD_DEF", "interesting_values": null}}, "has_last_time_index": false, "data_files": {"data_filename": "cash/data.p", "filetype": "pickle", "size": 7688709}}, "installments": {"index": "installments_index", "time_index": null, "secondary_time_index": {}, "encoding": null, "variables": {"installments_index": {"dtype_repr": "index", "entity": "installments", "id": "installments_index", "name": "installments_index", "interesting_values": null}, "SK_ID_PREV": {"dtype_repr": "id", "entity": "installments", "id": "SK_ID_PREV", "name": "SK_ID_PREV", "interesting_values": []}, "NUM_INSTALMENT_VERSION": {"dtype_repr": "numeric", "entity": "installments", "id": "NUM_INSTALMENT_VERSION", "name": "NUM_INSTALMENT_VERSION", "interesting_values": null}, "NUM_INSTALMENT_NUMBER": {"dtype_repr": "numeric", "entity": "installments", "id": "NUM_INSTALMENT_NUMBER", "name": "NUM_INSTALMENT_NUMBER", "interesting_values": null}, "DAYS_INSTALMENT": {"dtype_repr": "numeric", "entity": "installments", "id": "DAYS_INSTALMENT", "name": "DAYS_INSTALMENT", "interesting_values": null}, "DAYS_ENTRY_PAYMENT": {"dtype_repr": "numeric", "entity": "installments", "id": "DAYS_ENTRY_PAYMENT", "name": "DAYS_ENTRY_PAYMENT", "interesting_values": null}, "AMT_INSTALMENT": {"dtype_repr": "numeric", "entity": "installments", "id": "AMT_INSTALMENT", "name": "AMT_INSTALMENT", "interesting_values": null}, "AMT_PAYMENT": {"dtype_repr": "numeric", "entity": "installments", "id": "AMT_PAYMENT", "name": "AMT_PAYMENT", "interesting_values": null}}, "has_last_time_index": false, "data_files": {"data_filename": "installments/data.p", "filetype": "pickle", "size": 11000820}}, "credit": {"index": "credit_index", "time_index": null, "secondary_time_index": {}, "encoding": null, "variables": {"credit_index": {"dtype_repr": "index", "entity": "credit", "id": "credit_index", "name": "credit_index", "interesting_values": null}, "SK_ID_PREV": {"dtype_repr": "id", "entity": "credit", "id": "SK_ID_PREV", "name": "SK_ID_PREV", "interesting_values": []}, "MONTHS_BALANCE": {"dtype_repr": "numeric", "entity": "credit", "id": "MONTHS_BALANCE", "name": "MONTHS_BALANCE", "interesting_values": null}, "AMT_BALANCE": {"dtype_repr": "numeric", "entity": "credit", "id": "AMT_BALANCE", "name": "AMT_BALANCE", "interesting_values": null}, "AMT_CREDIT_LIMIT_ACTUAL": {"dtype_repr": "numeric", "entity": "credit", "id": "AMT_CREDIT_LIMIT_ACTUAL", "name": "AMT_CREDIT_LIMIT_ACTUAL", "interesting_values": null}, "AMT_DRAWINGS_ATM_CURRENT": {"dtype_repr": "numeric", "entity": "credit", "id": "AMT_DRAWINGS_ATM_CURRENT", "name": "AMT_DRAWINGS_ATM_CURRENT", "interesting_values": null}, "AMT_DRAWINGS_CURRENT": {"dtype_repr": "numeric", "entity": "credit", "id": "AMT_DRAWINGS_CURRENT", "name": "AMT_DRAWINGS_CURRENT", "interesting_values": null}, "AMT_DRAWINGS_OTHER_CURRENT": {"dtype_repr": "numeric", "entity": "credit", "id": "AMT_DRAWINGS_OTHER_CURRENT", "name": "AMT_DRAWINGS_OTHER_CURRENT", "interesting_values": null}, "AMT_DRAWINGS_POS_CURRENT": {"dtype_repr": "numeric", "entity": "credit", "id": "AMT_DRAWINGS_POS_CURRENT", "name": "AMT_DRAWINGS_POS_CURRENT", "interesting_values": null}, "AMT_INST_MIN_REGULARITY": {"dtype_repr": "numeric", "entity": "credit", "id": "AMT_INST_MIN_REGULARITY", "name": "AMT_INST_MIN_REGULARITY", "interesting_values": null}, "AMT_PAYMENT_CURRENT": {"dtype_repr": "numeric", "entity": "credit", "id": "AMT_PAYMENT_CURRENT", "name": "AMT_PAYMENT_CURRENT", "interesting_values": null}, "AMT_PAYMENT_TOTAL_CURRENT": {"dtype_repr": "numeric", "entity": "credit", "id": "AMT_PAYMENT_TOTAL_CURRENT", "name": "AMT_PAYMENT_TOTAL_CURRENT", "interesting_values": null}, "AMT_RECEIVABLE_PRINCIPAL": {"dtype_repr": "numeric", "entity": "credit", "id": "AMT_RECEIVABLE_PRINCIPAL", "name": "AMT_RECEIVABLE_PRINCIPAL", "interesting_values": null}, "AMT_RECIVABLE": {"dtype_repr": "numeric", "entity": "credit", "id": "AMT_RECIVABLE", "name": "AMT_RECIVABLE", "interesting_values": null}, "AMT_TOTAL_RECEIVABLE": {"dtype_repr": "numeric", "entity": "credit", "id": "AMT_TOTAL_RECEIVABLE", "name": "AMT_TOTAL_RECEIVABLE", "interesting_values": null}, "CNT_DRAWINGS_ATM_CURRENT": {"dtype_repr": "numeric", "entity": "credit", "id": "CNT_DRAWINGS_ATM_CURRENT", "name": "CNT_DRAWINGS_ATM_CURRENT", "interesting_values": null}, "CNT_DRAWINGS_CURRENT": {"dtype_repr": "numeric", "entity": "credit", "id": "CNT_DRAWINGS_CURRENT", "name": "CNT_DRAWINGS_CURRENT", "interesting_values": null}, "CNT_DRAWINGS_OTHER_CURRENT": {"dtype_repr": "numeric", "entity": "credit", "id": "CNT_DRAWINGS_OTHER_CURRENT", "name": "CNT_DRAWINGS_OTHER_CURRENT", "interesting_values": null}, "CNT_DRAWINGS_POS_CURRENT": {"dtype_repr": "numeric", "entity": "credit", "id": "CNT_DRAWINGS_POS_CURRENT", "name": "CNT_DRAWINGS_POS_CURRENT", "interesting_values": null}, "CNT_INSTALMENT_MATURE_CUM": {"dtype_repr": "numeric", "entity": "credit", "id": "CNT_INSTALMENT_MATURE_CUM", "name": "CNT_INSTALMENT_MATURE_CUM", "interesting_values": null}, "NAME_CONTRACT_STATUS": {"dtype_repr": "categorical", "entity": "credit", "id": "NAME_CONTRACT_STATUS", "name": "NAME_CONTRACT_STATUS", "interesting_values": []}, "SK_DPD": {"dtype_repr": "numeric", "entity": "credit", "id": "SK_DPD", "name": "SK_DPD", "interesting_values": null}, "SK_DPD_DEF": {"dtype_repr": "numeric", "entity": "credit", "id": "SK_DPD_DEF", "name": "SK_DPD_DEF", "interesting_values": null}}, "has_last_time_index": false, "data_files": {"data_filename": "credit/data.p", "filetype": "pickle", "size": 7201014}}}}