{
    "auto_close": true,
    "auto_open": false,
    "auto_start": false,
    "drawing_grid_size": 25,
    "filename": "Test.gns3",
    "grid_size": 75,
    "name": "Test",
    "path": "/tmp/tmpkrfbz5gp/projects/79431797-f481-40d8-ba28-f944423a8aaf",
    "project_id": "79431797-f481-40d8-ba28-f944423a8aaf",
    "scene_height": 1000,
    "scene_width": 2000,
    "show_grid": false,
    "show_interface_labels": false,
    "show_layers": false,
    "snap_to_grid": false,
    "status": "closed",
    "supplier": null,
    "variables": null,
    "zoom": 100
}