{
    "builtin": false,
    "category": "switch",
    "compute_id": "local",
    "default_name_format": "Hub{0}",
    "name": "Ethernet hub template",
    "ports_mapping": [
        {
            "name": "Ethernet0",
            "port_number": 0
        },
        {
            "name": "Ethernet1",
            "port_number": 1
        },
        {
            "name": "Ethernet2",
            "port_number": 2
        },
        {
            "name": "Ethernet3",
            "port_number": 3
        },
        {
            "name": "Ethernet4",
            "port_number": 4
        },
        {
            "name": "Ethernet5",
            "port_number": 5
        },
        {
            "name": "Ethernet6",
            "port_number": 6
        },
        {
            "name": "Ethernet7",
            "port_number": 7
        }
    ],
    "symbol": ":/symbols/hub.svg",
    "template_id": "c6ee76a9-3906-4fd1-ad4d-77ecf2168bac",
    "template_type": "ethernet_hub"
}