[
  {
    "id": "community-gallery/dqdaf7ib8ktxxrsrllvm",
    "format": "jpg",
    "resource_type": "image",
    "created_at": "2024-11-17T18:05:33Z",
    "width": 2826,
    "height": 2120,
    "url": "http://res.cloudinary.com/da6xak4vb/image/upload/v1731866733/community-gallery/dqdaf7ib8ktxxrsrllvm.jpg"
  },
  {
    "id": "community-gallery/rui3xxrwmm88wdq76phh",
    "format": "jpg",
    "resource_type": "image",
    "created_at": "2024-11-17T18:05:33Z",
    "width": 1440,
    "height": 953,
    "url": "http://res.cloudinary.com/da6xak4vb/image/upload/v1731866733/community-gallery/rui3xxrwmm88wdq76phh.jpg"
  },
  {
    "id": "community-gallery/c942w3brq2rgwcqulcdi",
    "format": "jpg",
    "resource_type": "image",
    "created_at": "2024-11-17T18:05:33Z",
    "width": 1316,
    "height": 640,
    "url": "http://res.cloudinary.com/da6xak4vb/image/upload/v1731866733/community-gallery/c942w3brq2rgwcqulcdi.jpg"
  },
  {
    "id": "community-gallery/nzrxswdn0zbvzgfghbld",
    "format": "png",
    "resource_type": "image",
    "created_at": "2024-11-17T18:05:32Z",
    "width": 2880,
    "height": 1592,
    "url": "http://res.cloudinary.com/da6xak4vb/image/upload/v1731866732/community-gallery/nzrxswdn0zbvzgfghbld.png"
  }
]
