{
    "author": {
        "name": "nerds"
    },
    "name": "facebook",
    "description": "Facebook Connector",
    "version": "0.0.10",
    "engines": {
        "node": ">=0.4.9"
    },
    "dependencies": {},
    "devDependencies": {},
    "title": "Facebook",
    "handle": "facebook",
    "update": "auto",
    "github": "https://github.com/LockerProject/Locker",
    "type": "connector",
    "static": "false",
    "oauthSize": {
        "width": 980,
        "height": 705
    },
    "url": "",
    "synclets": [
        {
            "name": "self",
            "frequency": 7200
        },
        {
            "name": "friends",
            "frequency": 3600
        },
        {
            "name": "home",
            "frequency": 600
        },
        {
            "name": "home_update",
            "frequency": 7000
        },
        {
            "name": "photos",
            "frequency": 86400
        }
    ],
    "provides": [
        "contact/facebook",
        "photo/facebook",
        "link/facebook",
        "home/facebook"
    ],
    "types": {
        "home": "post",
        "self": "contact"
    },
    "profileIds": [
        "id",
        "username"
    ],
    "upserted": 1768097745334,
    "manifest": "Connectors/Facebook/package.json",
    "srcdir": "Connectors/Facebook",
    "provider": "facebook",
    "id": "facebook",
    "installed": 1768094646011,
    "uri": "http://localhost:8042/Me/facebook/",
    "externalUri": "http://localhost:40271/Me/facebook/",
    "loaded": 1768097745324
}