{
  "formatVersion": 1,
  "database": {
    "version": 2,
    "identityHash": "395faec6303e2604326d7c2e0a99fe93",
    "entities": [
      {
        "tableName": "games",
        "createSql": "CREATE TABLE IF NOT EXISTS `${TABLE_NAME}` (`id` INTEGER PRIMARY KEY AUTOINCREMENT NOT NULL, `fileName` TEXT NOT NULL, `fileUri` TEXT NOT NULL, `title` TEXT NOT NULL, `systemId` TEXT NOT NULL, `coverFrontUrl` TEXT)",
        "fields": [
          {
            "fieldPath": "id",
            "columnName": "id",
            "affinity": "INTEGER",
            "notNull": true
          },
          {
            "fieldPath": "fileName",
            "columnName": "fileName",
            "affinity": "TEXT",
            "notNull": true
          },
          {
            "fieldPath": "fileUri",
            "columnName": "fileUri",
            "affinity": "TEXT",
            "notNull": true
          },
          {
            "fieldPath": "title",
            "columnName": "title",
            "affinity": "TEXT",
            "notNull": true
          },
          {
            "fieldPath": "systemId",
            "columnName": "systemId",
            "affinity": "TEXT",
            "notNull": true
          },
          {
            "fieldPath": "coverFrontUrl",
            "columnName": "coverFrontUrl",
            "affinity": "TEXT",
            "notNull": false
          }
        ],
        "primaryKey": {
          "columnNames": [
            "id"
          ],
          "autoGenerate": true
        },
        "indices": [],
        "foreignKeys": []
      }
    ],
    "setupQueries": [
      "CREATE TABLE IF NOT EXISTS room_master_table (id INTEGER PRIMARY KEY,identity_hash TEXT)",
      "INSERT OR REPLACE INTO room_master_table (id,identity_hash) VALUES(42, \"395faec6303e2604326d7c2e0a99fe93\")"
    ]
  }
}