{
  "formatVersion": 1,
  "database": {
    "version": 4,
    "identityHash": "90ee2fa4fd1b9c36f7837cf7066d8081",
    "entities": [
      {
        "tableName": "games",
        "createSql": "CREATE TABLE IF NOT EXISTS `${TABLE_NAME}` (`id` INTEGER PRIMARY KEY AUTOINCREMENT NOT NULL, `fileName` TEXT NOT NULL, `fileUri` TEXT NOT NULL, `title` TEXT NOT NULL, `systemId` TEXT NOT NULL, `developer` TEXT, `coverFrontUrl` TEXT, `lastIndexedAt` INTEGER NOT NULL)",
        "fields": [
          {
            "fieldPath": "id",
            "columnName": "id",
            "affinity": "INTEGER",
            "notNull": true
          },
          {
            "fieldPath": "fileName",
            "columnName": "fileName",
            "affinity": "TEXT",
            "notNull": true
          },
          {
            "fieldPath": "fileUri",
            "columnName": "fileUri",
            "affinity": "TEXT",
            "notNull": true
          },
          {
            "fieldPath": "title",
            "columnName": "title",
            "affinity": "TEXT",
            "notNull": true
          },
          {
            "fieldPath": "systemId",
            "columnName": "systemId",
            "affinity": "TEXT",
            "notNull": true
          },
          {
            "fieldPath": "developer",
            "columnName": "developer",
            "affinity": "TEXT",
            "notNull": false
          },
          {
            "fieldPath": "coverFrontUrl",
            "columnName": "coverFrontUrl",
            "affinity": "TEXT",
            "notNull": false
          },
          {
            "fieldPath": "lastIndexedAt",
            "columnName": "lastIndexedAt",
            "affinity": "INTEGER",
            "notNull": true
          }
        ],
        "primaryKey": {
          "columnNames": [
            "id"
          ],
          "autoGenerate": true
        },
        "indices": [
          {
            "name": "index_games_fileUri",
            "unique": false,
            "columnNames": [
              "fileUri"
            ],
            "createSql": "CREATE  INDEX `index_games_fileUri` ON `${TABLE_NAME}` (`fileUri`)"
          }
        ],
        "foreignKeys": []
      }
    ],
    "setupQueries": [
      "CREATE TABLE IF NOT EXISTS room_master_table (id INTEGER PRIMARY KEY,identity_hash TEXT)",
      "INSERT OR REPLACE INTO room_master_table (id,identity_hash) VALUES(42, \"90ee2fa4fd1b9c36f7837cf7066d8081\")"
    ]
  }
}