{
  "properties": [
    {
      "name": "conductor.event-queues.sqs.enabled",
      "type": "java.lang.Boolean",
      "description": "Enable the use of AWS SQS implementation to provide queues for consuming events.",
      "sourceType": "com.netflix.conductor.sqs.config.SQSEventQueueConfiguration"
    },
    {
      "name": "conductor.default-event-queue.type",
      "type": "java.lang.String",
      "description": "The default event queue type to listen on for the WAIT task.",
      "sourceType": "com.netflix.conductor.sqs.config.SQSEventQueueConfiguration"
    }
  ],
  "hints": [
    {
      "name": "conductor.default-event-queue.type",
      "values": [
        {
          "value": "sqs",
          "description": "Use AWS SQS as the event queue to listen on for the WAIT task."
        }
      ]
    }
  ]
}