{
  "$schema": "https://docs.renovatebot.com/renovate-schema.json",
  "description": "Runs Renovate with solrbot, see dev-docs/dependency-upgrades.adoc for more",
  "enabled": true,
  "gitIgnoredAuthors": ["renovate-bot <renovate-bot@noreply.github.com>"],
  "dependencyDashboard": false,
  "enabledManagers": ["gradle", "github-actions"],
  "labels": ["exempt-stale"],
  "includePaths": ["gradle/libs.versions.toml", "versions.*", "build.gradle", ".github/workflows/*"],
  "postUpgradeTasks": {
    "commands": [
      "./gradlew resolveAndLockAll --write-locks",
      "./gradlew kotlinUpgradeYarnLock",
      "./gradlew updateLicenses"
    ],
    "fileFilters": ["solr/licenses/*.sha1"],
    "executionMode": "branch"
  },
  "packageRules": [
    {
      "description": "Fix for non-semantic versions for older artifacts",
      "matchDatasources": ["maven"],
      "matchPackageNames": [
        "commons-collections:commons-collections",
        "commons-io:commons-io",
        "commons-lang:commons-lang"
      ],
      "versioning": "regex:^(?<major>\\d{1,4})\\.(?<minor>\\d+)(\\.(?<patch>\\d+))?$"
    },
    {
      "description": "Group these calcite dependency upgrades together in same PR",
      "matchPackagePrefixes": ["org.apache.calcite"],
      "groupName": "org.apache.calcite"
    },
    {
      "description": "Group these httpcomponents dependency upgrades together in same PR",
      "matchPackagePrefixes": ["org.apache.httpcomponents"],
      "groupName": "org.apache.httpcomponents"
    },
    {
      "description": "Test-dependencies are checked less often than the shipped deps",
      "matchDepTypes": ["test"],
      "schedule": ["before 9am on the first day of the month"]
    },
    {
      "description": "Noisy, frequently updated dependencies checked less often",
      "matchPackagePrefixes": ["software.amazon.awssdk", "com.google.cloud"],
      "schedule": ["before 9am on the first day of the month"]
    },
    {
      "description": "Workaround for https://github.com/renovatebot/renovate/issues/19226",
      "matchPackageNames": ["solr:modules", "HH:mm"],
      "enabled": false
    },
    {
      "description": "Lucene dependencies should be skipped",
      "matchPackagePrefixes": ["org.apache.lucene"],
      "enabled": false
    },
    {
      "description": "Skip major jetty upgrades - must be done manually",
      "matchPackagePrefixes": ["org.eclipse.jetty"],
      "matchUpdateTypes": ["major"],
      "enabled": false
    },
    {
      "description": "Changelog for commons-io",
      "matchSourceUrls": [
        "https://gitbox.apache.org/repos/asf?p=commons-io.git"
      ],
      "changelogUrl": "https://commons.apache.org/proper/commons-io/changes-report.html"
    },
    {
      "description": "Changelog for zookeeper",
      "matchSourceUrls": ["https://gitbox.apache.org/repos/asf/zookeeper.git"],
      "changelogUrl": "https://zookeeper.apache.org/releases.html"
    },
    {
      "description": "Changelog for commons-compress",
      "matchSourceUrls": [
        "https://gitbox.apache.org/repos/asf?p=commons-compress.git"
      ],
      "changelogUrl": "https://commons.apache.org/proper/commons-compress/changes-report.html"
    },
    {
      "description": "Changelog for commons-configuration",
      "matchSourceUrls": [
        "https://gitbox.apache.org/repos/asf?p=commons-configuration.git"
      ],
      "changelogUrl": "https://commons.apache.org/proper/commons-configuration/changes-report.html"
    },
    {
      "description": "Group these UI dependency upgrades together in same PR",
      "matchPackagePrefixes": ["com.arkivanov", "org.jetbrains.compose"],
      "groupName": "Admin UI libraries"
    }
  ],
  "schedule": ["* * * * *"],
  "prConcurrentLimit": 300,
  "prHourlyLimit": 20,
  "minimumReleaseAge": "5 days"
}
