{
  "USERVER_CACHES": {},
  "USERVER_CANCEL_HANDLE_REQUEST_BY_DEADLINE": false,
  "POSTGRES_CONGESTION_CONTROL_SETTINGS": {},
  "POSTGRES_DEADLINE_PROPAGATION_VERSION": 0,
  "POSTGRES_CONNECTION_PIPELINE_EXPERIMENT": 5,
  "USERVER_CHECK_AUTH_IN_HANDLERS": false,
  "USERVER_DUMPS": {},
  "USERVER_HTTP_PROXY": "",
  "USERVER_LOG_REQUEST": false,
  "USERVER_LOG_REQUEST_HEADERS": false,
  "USERVER_LRU_CACHES": {},
  "USERVER_RPS_CCONTROL_CUSTOM_STATUS": {},
  "USERVER_TASK_PROCESSOR_PROFILER_DEBUG": {},
  "USERVER_HANDLER_STREAM_API_ENABLED": false,
  "HTTP_CLIENT_CONNECTION_POOL_SIZE": 1000,
  "HTTP_CLIENT_CONNECT_THROTTLE": {
    "http-limit": 6000,
    "http-per-second": 1500,
    "https-limit": 100,
    "https-per-second": 25,
    "per-host-limit": 3000,
    "per-host-per-second": 500
  },
  "HTTP_CLIENT_ENFORCE_TASK_DEADLINE": {
    "cancel-request": false,
    "update-timeout": false
  },
  "BAGGAGE_SETTINGS": {
    "allowed_keys": []
  },
  "USERVER_BAGGAGE_ENABLED": false,
  "USERVER_TASK_PROCESSOR_QOS": {
    "default-service": {
      "default-task-processor": {
        "wait_queue_overload": {
          "action": "ignore",
          "length_limit": 0,
          "time_limit_us": 10000000
        }
      }
    }
  },

  "POSTGRES_STATEMENT_METRICS_SETTINGS": {},
  "POSTGRES_CONNLIMIT_MODE_AUTO_ENABLED": false,
  "USERVER_DEADLINE_PROPAGATION_ENABLED": false,
  "POSTGRES_CONNECTION_POOL_SETTINGS": {},
  "POSTGRES_CONNECTION_SETTINGS": {},
  "POSTGRES_DEFAULT_COMMAND_CONTROL": {
    "network_timeout_ms": 7000,
    "statement_timeout_ms": 7000
  },
  "POSTGRES_HANDLERS_COMMAND_CONTROL": {},
  "POSTGRES_QUERIES_COMMAND_CONTROL": {}
}
