{"width":1024,"imagePath":"weapon_1004_show_tex.png","height":512,"name":"weapon_1004_show","SubTexture":[{"width":446,"y":1,"height":129,"name":"weapon_1004d_r","x":537},{"frameY":0,"y":1,"frameWidth":542,"frameX":0,"frameHeight":203,"width":534,"height":196,"name":"weapon_1004e_r","x":1},{"width":437,"y":132,"height":104,"name":"weapon_1004c_r","x":537},{"width":404,"y":199,"height":98,"name":"weapon_1004b_r","x":1},{"width":404,"y":238,"height":98,"name":"weapon_1004s_r","x":407},{"width":293,"y":299,"height":86,"name":"weapon_1004_r","x":1}]}