{
  "took": 14,
  "timed_out": false,
  "_shards": {
    "total": 1,
    "successful": 1,
    "skipped": 0,
    "failed": 0
  },
  "hits": {
    "total": 2,
    "max_score": 1,
    "hits": [
      {
        "_index": "test-1",
        "_type": "default",
        "_id": "38",
        "_score": 1,
        "_source": {
          "col_date": "2017-05-25T11:22:33.000+08:00",
          "col_integer": 19890604,
          "col_keyword": "hello world",
          "col_ip": "1.1.1.1",
          "col_text": "long text",
          "col_double": 19890604,
          "col_long": 19890604,
          "col_geo_point": "41.12,-71.34"
        }
      },
      {
        "_index": "test-1",
        "_type": "default",
        "_id": "103",
        "_score": 1,
        "_source": {
          "col_date": "2017-05-25T11:22:33.000+08:00",
          "col_integer": 19890604,
          "col_keyword": "hello world",
          "col_ip": "1.1.1.1",
          "col_text": "long text",
          "col_double": 19890604,
          "col_long": 19890604,
          "col_geo_point": "41.12,-71.34"
        }
      }
    ]
  }
}