{
  "result": [
    {
      "CURR_DATE": "2019-12-09",
      "DEPT": "9700",
      "TOTAL_MANAGED_MARKET_VALUE": 1581.03,
      "TOTAL_MANAGED_MARKET_VALUE_GROWTH": 36.75,
      "TMMARKET_VALUE_DOD_GROWTH_RATE": -0.009448781026677719,
      "TMMARKET_VALUE_GROWTH_MON": -0.015153586011995693,
      "TMMARKET_VALUE_GROWTH_YEAR": 0.0652347643813081,
      "TMMARKET_VALUE_SHARECOM": 0.024853621341525287,
      "TMMARKET_VALUE_SHARE_GROWTH_RATE": -0.005242133578517903,
      "AVERAGE_NEW_ASSETS_DAYINMON": 1645.1193961136973,
      "YEAR_NEW_ASSET_SSHARECOM": 0.16690149257388515,
      "YN_ASSET_SSHARECOM_GROWTH_RATE": 0.017886267801303465,
      "POTENTIAL_LOST_ASSETS": 56.76,
      "TOTAL_LIABILITIES": 57.81,
      "TOTAL_ASSETS": 1306.33,
      "TOTAL_ASSETS_DOD_GROWTH": 4.79,
      "TOTAL_ASSETS_DOD_GROWTH_RATE": -0.006797058194980485,
      "NEW_ASSETS_DAY": 14.92,
      "NEW_ASSETS_MON": 90.29,
      "NEW_ASSETS_YEAR": 297.32,
      "NEW_ASSETS_DOD_GROWTH_RATE": -0.04015576541561927,
      "NEW_FUNDS_DAY": 18.16,
      "INFLOW_FUNDS_DAY": 2.12,
      "OUTFLOW_FUNDS_DAY": 9.73,
      "OVERALL_POSITION": 0.810298404938773,
      "OVERALL_POSITION_DOD_GROWTH_RATE": -0.03521615634095476,
      "NEW_CUST_FUNDS_MON": 69.44,
      "INFLOW_FUNDS_MONTH": 62.26,
      "OUTFLOW_FUNDS_MONTH": 32.59
    },
    {
      "CURR_DATE": "2019-08-30",
      "DEPT": "8700",
      "TOTAL_MANAGED_MARKET_VALUE": 1596.74,
      "TOTAL_MANAGED_MARKET_VALUE_GROWTH": 41.86,
      "TMMARKET_VALUE_DOD_GROWTH_RATE": 0.03470208565515685,
      "TMMARKET_VALUE_GROWTH_MON": 0.07818120801111743,
      "TMMARKET_VALUE_GROWTH_YEAR": -0.05440250244736409,
      "TMMARKET_VALUE_SHARECOM": 0.09997733019626448,
      "TMMARKET_VALUE_SHARE_GROWTH_RATE": -0.019726478499825697,
      "AVERAGE_NEW_ASSETS_DAYINMON": 1007.9314679742108,
      "YEAR_NEW_ASSET_SSHARECOM": 0.15123738798885086,
      "YN_ASSET_SSHARECOM_GROWTH_RATE": 0.04694052069678048,
      "POTENTIAL_LOST_ASSETS": 52.48,
      "TOTAL_LIABILITIES": 55.28,
      "TOTAL_ASSETS": 1366.72,
      "TOTAL_ASSETS_DOD_GROWTH": 10.12,
      "TOTAL_ASSETS_DOD_GROWTH_RATE": 0.009708491982487952,
      "NEW_ASSETS_DAY": 12.42,
      "NEW_ASSETS_MON": 41.14,
      "NEW_ASSETS_YEAR": 279.32,
      "NEW_ASSETS_DOD_GROWTH_RATE": -0.025878627161898062,
      "NEW_FUNDS_DAY": 3.65,
      "INFLOW_FUNDS_DAY": 14.15,
      "OUTFLOW_FUNDS_DAY": 17.08,
      "OVERALL_POSITION": 0.9098432997243932,
      "OVERALL_POSITION_DOD_GROWTH_RATE": 0.02111922282868306,
      "NEW_CUST_FUNDS_MON": 57.21,
      "INFLOW_FUNDS_MONTH": 61.16,
      "OUTFLOW_FUNDS_MONTH": 15.83
    },
    {
      "CURR_DATE": "2019-06-30",
      "DEPT": "6501",
      "TOTAL_MANAGED_MARKET_VALUE": 1506.72,
      "TOTAL_MANAGED_MARKET_VALUE_GROWTH": -13.23,
      "TMMARKET_VALUE_DOD_GROWTH_RATE": -0.0024973354204176554,
      "TMMARKET_VALUE_GROWTH_MON": -0.015530793150701896,
      "TMMARKET_VALUE_GROWTH_YEAR": -0.08556724628979398,
      "TMMARKET_VALUE_SHARECOM": 0.15000077963967678,
      "TMMARKET_VALUE_SHARE_GROWTH_RATE": -0.049629446804825755,
      "AVERAGE_NEW_ASSETS_DAYINMON": 1250.1040863177336,
      "YEAR_NEW_ASSET_SSHARECOM": 0.19098445630488178,
      "YN_ASSET_SSHARECOM_GROWTH_RATE": -0.007881179708853471,
      "POTENTIAL_LOST_ASSETS": 50.53,
      "TOTAL_LIABILITIES": 56.62,
      "TOTAL_ASSETS": 1499.53,
      "TOTAL_ASSETS_DOD_GROWTH": 29.56,
      "TOTAL_ASSETS_DOD_GROWTH_RATE": -0.02599813232345556,
      "NEW_ASSETS_DAY": 28.81,
      "NEW_ASSETS_MON": 123.24,
      "NEW_ASSETS_YEAR": 263.63,
      "NEW_ASSETS_DOD_GROWTH_RATE": 0.0073986669331394875,
      "NEW_FUNDS_DAY": 18.52,
      "INFLOW_FUNDS_DAY": 3.26,
      "OUTFLOW_FUNDS_DAY": 6.92,
      "OVERALL_POSITION": 0.8713692113306709,
      "OVERALL_POSITION_DOD_GROWTH_RATE": 0.02977644553289545,
      "NEW_CUST_FUNDS_MON": 85.14,
      "INFLOW_FUNDS_MONTH": 23.35,
      "OUTFLOW_FUNDS_MONTH": 92.95
    },
    {
      "CURR_DATE": "2019-12-07",
      "DEPT": "8705",
      "TOTAL_MANAGED_MARKET_VALUE": 1575.85,
      "TOTAL_MANAGED_MARKET_VALUE_GROWTH": 8.94,
      "TMMARKET_VALUE_DOD_GROWTH_RATE": -0.04384846980627058,
      "TMMARKET_VALUE_GROWTH_MON": -0.022962456288549656,
      "TMMARKET_VALUE_GROWTH_YEAR": -0.005047009316021089,
      "TMMARKET_VALUE_SHARECOM": 0.07819484815809447,
      "TMMARKET_VALUE_SHARE_GROWTH_RATE": -0.008534369960890256,
      "AVERAGE_NEW_ASSETS_DAYINMON": 1340.0339240689955,
      "YEAR_NEW_ASSET_SSHARECOM": 0.19019952857677042,
      "YN_ASSET_SSHARECOM_GROWTH_RATE": 0.01272353909992914,
      "POTENTIAL_LOST_ASSETS": 54.63,
      "TOTAL_LIABILITIES": 53.17,
      "TOTAL_ASSETS": 1315.08,
      "TOTAL_ASSETS_DOD_GROWTH": 49.31,
      "TOTAL_ASSETS_DOD_GROWTH_RATE": 0.0016538407028265922,
      "NEW_ASSETS_DAY": 29.17,
      "NEW_ASSETS_MON": 44.75,
      "NEW_ASSETS_YEAR": 172.87,
      "NEW_ASSETS_DOD_GROWTH_RATE": 0.045388692595736746,
      "NEW_FUNDS_DAY": 18.46,
      "INFLOW_FUNDS_DAY": 12.93,
      "OUTFLOW_FUNDS_DAY": 10.38,
      "OVERALL_POSITION": 0.8083127036694828,
      "OVERALL_POSITION_DOD_GROWTH_RATE": -0.02847453515632541,
      "NEW_CUST_FUNDS_MON": 49.74,
      "INFLOW_FUNDS_MONTH": 81.93,
      "OUTFLOW_FUNDS_MONTH": 18.17
    }
  ]
}