<ivysettings>
	<settings defaultResolver="chain" />
	<resolvers>
		<chain name="chain">
			<filesystem name="local" local="true" m2compatible="true">
				<artifact pattern="${user.home}/.m2/[organisation]/[module]/[revision]/[module]-[revision].[ext]" />
				<ivy pattern="${user.home}/.m2/[organisation]/[module]/[revision]/[module]-[revision].pom" />
			</filesystem>
			<ibiblio name="ibiblio" m2compatible="true" />
			<!-- {spring.mavenRepositories} -->
		</chain>
	</resolvers>
	<!-- {spring.mavenCredentials} -->
</ivysettings>
