{"assets":[{"id":"33","layers":[{"ind":32,"ty":4,"parent":31,"ks":{},"ip":0,"op":181,"st":0,"shapes":[{"ty":"rc","p":{"a":0,"k":[50,50]},"r":{"a":0,"k":0},"s":{"a":0,"k":[100,100]}},{"ty":"fl","c":{"a":0,"k":[0,0,0]},"o":{"a":0,"k":100}}]},{"ind":31,"ty":3,"ks":{},"ip":0,"op":181,"st":0}]},{"id":"37","layers":[{"ind":35,"ty":0,"parent":30,"ks":{},"w":100,"h":100,"ip":0,"op":181,"st":0,"refId":"33"},{"ind":36,"ty":4,"parent":30,"ks":{"o":{"a":1,"k":[{"t":0,"s":[0],"h":1},{"t":168,"s":[0],"h":1},{"t":168,"s":[100],"h":1},{"t":180,"s":[100],"h":1}]}},"ip":0,"op":181,"st":0,"shapes":[{"ty":"rc","p":{"a":0,"k":[60,60]},"r":{"a":0,"k":0},"s":{"a":0,"k":[140,140]}},{"ty":"fl","c":{"a":0,"k":[0,0,0]},"o":{"a":0,"k":100}}]},{"ind":30,"ty":3,"ks":{"p":{"a":0,"k":[10,10]}},"ip":0,"op":181,"st":0}]},{"id":"20","layers":[{"ind":19,"ty":4,"parent":18,"ks":{},"ip":0,"op":181,"st":0,"shapes":[{"ty":"rc","p":{"a":1,"k":[{"t":0,"s":[70.711,0],"i":{"x":[1,1],"y":[1,1]},"o":{"x":[0,0],"y":[0,0]}},{"t":108,"s":[70.711,0],"i":{"x":[1,0],"y":[1,1]},"o":{"x":[0,0.5],"y":[0,0]}},{"t":168,"s":[70.711,70.711],"i":{"x":[1,1],"y":[1,1]},"o":{"x":[0,0],"y":[0,0]}},{"t":180,"s":[70.711,70.711],"h":1}]},"r":{"a":0,"k":0},"s":{"a":1,"k":[{"t":0,"s":[141.421,0],"i":{"x":[1,1],"y":[1,1]},"o":{"x":[0,0],"y":[0,0]}},{"t":108,"s":[141.421,0],"i":{"x":[1,0],"y":[1,1]},"o":{"x":[0,0.5],"y":[0,0]}},{"t":168,"s":[141.421,141.421],"i":{"x":[1,1],"y":[1,1]},"o":{"x":[0,0],"y":[0,0]}},{"t":180,"s":[141.421,141.421],"h":1}]}},{"ty":"fl","c":{"a":0,"k":[0,0,0]},"o":{"a":0,"k":100}}]},{"ind":18,"ty":3,"parent":17,"ks":{"a":{"a":1,"k":[{"t":0,"s":[70.711,0],"i":{"x":[1,1],"y":[1,1]},"o":{"x":[0,0],"y":[0,0]}},{"t":108,"s":[70.711,0],"i":{"x":[1,0],"y":[1,1]},"o":{"x":[0,0.5],"y":[0,0]}},{"t":168,"s":[70.711,70.711],"i":{"x":[1,1],"y":[1,1]},"o":{"x":[0,0],"y":[0,0]}},{"t":180,"s":[70.711,70.711],"h":1}]},"p":{"a":0,"k":[50,50]},"r":{"a":0,"k":-45}},"ip":0,"op":181,"st":0},{"ind":17,"ty":3,"ks":{"p":{"a":0,"k":[100,100]}},"ip":0,"op":181,"st":0}]},{"id":"24","layers":[{"ind":22,"ty":0,"parent":16,"ks":{"a":{"a":0,"k":[100,100]}},"w":300,"h":300,"ip":0,"op":181,"st":0,"refId":"20"},{"ind":23,"ty":4,"parent":16,"ks":{"o":{"a":1,"k":[{"t":0,"s":[0],"h":1},{"t":168,"s":[0],"h":1},{"t":168,"s":[100],"h":1},{"t":180,"s":[100],"h":1}]}},"ip":0,"op":181,"st":0,"shapes":[{"ty":"rc","p":{"a":0,"k":[55,55]},"r":{"a":0,"k":0},"s":{"a":0,"k":[130,130]}},{"ty":"fl","c":{"a":0,"k":[0,0,0]},"o":{"a":0,"k":100}}]},{"ind":16,"ty":3,"ks":{"p":{"a":0,"k":[100,100]}},"ip":0,"op":181,"st":0}]},{"id":"10","layers":[{"ind":9,"ty":4,"ks":{},"ip":0,"op":181,"st":0,"shapes":[{"ty":"rc","p":{"a":0,"k":[36,36]},"r":{"a":0,"k":0},"s":{"a":0,"k":[72,72]}},{"ty":"fl","c":{"a":0,"k":[0,0,0,0]},"o":{"a":0,"k":0}}]},{"ind":0,"ty":4,"ks":{"s":{"a":0,"k":[133.33,133.33]}},"ip":0,"op":181,"st":0,"shapes":[{"ty":"gr","it":[{"ty":"gr","it":[{"ty":"sh","ks":{"a":0,"k":{"c":true,"i":[[0,0],[0,0],[0,0],[0,0],[0,0],[0,0],[0,0],[0,0],[0,0],[0,0],[0,0],[0,0]],"o":[[0,0],[0,0],[0,0],[0,0],[0,0],[0,0],[0,0],[0,0],[0,0],[0,0],[0,0],[0,0]],"v":[[39.9,20.55],[33.45,14.1],[27,20.55],[20.55,14.1],[14.1,20.55],[20.55,27],[14.1,33.45],[20.55,39.9],[27,33.45],[33.45,39.9],[39.9,33.45],[33.45,27]]}}},{"ty":"fl","c":{"a":0,"k":[1,0,0,1]},"o":{"a":0,"k":100}},{"ty":"tr","o":{"a":0,"k":100}}]},{"ty":"tr","o":{"a":0,"k":100}}]}]}]},{"id":"13","layers":[{"ind":12,"ty":0,"parent":8,"ks":{},"w":72,"h":72,"ip":0,"op":181,"st":0,"refId":"10"},{"ind":8,"ty":3,"parent":7,"ks":{"s":{"a":0,"k":[138.89,138.89]}},"ip":0,"op":181,"st":0},{"ind":7,"ty":3,"parent":6,"ks":{"a":{"a":0,"k":[50,50]},"p":{"a":0,"k":[50,50]},"s":{"a":1,"k":[{"t":0,"s":[120,120],"i":{"x":[1,1],"y":[1,1]},"o":{"x":[0,0],"y":[0,0]}},{"t":108,"s":[120,120],"i":{"x":[0,0],"y":[1,1]},"o":{"x":[0.5,0.5],"y":[0,0]}},{"t":168,"s":[100,100],"i":{"x":[1,1],"y":[1,1]},"o":{"x":[0,0],"y":[0,0]}},{"t":180,"s":[100,100],"h":1}]}},"ip":0,"op":181,"st":0},{"ind":6,"ty":3,"ks":{"p":{"a":0,"k":[10,10]}},"ip":0,"op":181,"st":0}]},{"id":"27","layers":[{"ind":26,"ty":0,"td":1,"parent":5,"ks":{"a":{"a":0,"k":[100,100]}},"w":400,"h":400,"ip":0,"op":181,"st":0,"refId":"24"},{"ind":15,"ty":0,"tt":1,"parent":5,"ks":{"a":{"a":0,"k":[10,10]}},"w":120,"h":120,"ip":0,"op":181,"st":0,"refId":"13"},{"ind":5,"ty":3,"ks":{"p":{"a":0,"k":[10,10]}},"ip":0,"op":181,"st":0}]},{"id":"100","layers":[{"ind":99,"ty":4,"parent":98,"ks":{},"ip":0,"op":181,"st":0,"shapes":[{"ty":"rc","p":{"a":0,"k":[50,50]},"r":{"a":0,"k":0},"s":{"a":0,"k":[100,100]}},{"ty":"fl","c":{"a":0,"k":[0,0,0]},"o":{"a":0,"k":100}}]},{"ind":98,"ty":3,"ks":{},"ip":0,"op":181,"st":0}]},{"id":"104","layers":[{"ind":102,"ty":0,"parent":97,"ks":{},"w":100,"h":100,"ip":0,"op":181,"st":0,"refId":"100"},{"ind":103,"ty":4,"parent":97,"ks":{"o":{"a":1,"k":[{"t":0,"s":[100],"h":1},{"t":96,"s":[100],"h":1},{"t":96,"s":[0],"h":1},{"t":180,"s":[0],"h":1}]}},"ip":0,"op":181,"st":0,"shapes":[{"ty":"rc","p":{"a":0,"k":[78,78]},"r":{"a":0,"k":0},"s":{"a":0,"k":[200,200]}},{"ty":"fl","c":{"a":0,"k":[0,0,0]},"o":{"a":0,"k":100}}]},{"ind":97,"ty":3,"ks":{"p":{"a":0,"k":[22,22]}},"ip":0,"op":181,"st":0}]},{"id":"87","layers":[{"ind":86,"ty":4,"parent":85,"ks":{},"ip":0,"op":181,"st":0,"shapes":[{"ty":"rc","p":{"a":1,"k":[{"t":0,"s":[70.711,70.711],"i":{"x":[1,1],"y":[1,1]},"o":{"x":[0,0],"y":[0,0]}},{"t":96,"s":[70.711,70.711],"i":{"x":[1,0],"y":[1,1]},"o":{"x":[0,0.5],"y":[0,0]}},{"t":156,"s":[70.711,0],"i":{"x":[1,1],"y":[1,1]},"o":{"x":[0,0],"y":[0,0]}},{"t":180,"s":[70.711,0],"h":1}]},"r":{"a":0,"k":0},"s":{"a":1,"k":[{"t":0,"s":[141.421,141.421],"i":{"x":[1,1],"y":[1,1]},"o":{"x":[0,0],"y":[0,0]}},{"t":96,"s":[141.421,141.421],"i":{"x":[1,0],"y":[1,1]},"o":{"x":[0,0.5],"y":[0,0]}},{"t":156,"s":[141.421,0],"i":{"x":[1,1],"y":[1,1]},"o":{"x":[0,0],"y":[0,0]}},{"t":180,"s":[141.421,0],"h":1}]}},{"ty":"fl","c":{"a":0,"k":[0,0,0]},"o":{"a":0,"k":100}}]},{"ind":85,"ty":3,"parent":84,"ks":{"a":{"a":1,"k":[{"t":0,"s":[70.711,70.711],"i":{"x":[1,1],"y":[1,1]},"o":{"x":[0,0],"y":[0,0]}},{"t":96,"s":[70.711,70.711],"i":{"x":[1,0],"y":[1,1]},"o":{"x":[0,0.5],"y":[0,0]}},{"t":156,"s":[70.711,0],"i":{"x":[1,1],"y":[1,1]},"o":{"x":[0,0],"y":[0,0]}},{"t":180,"s":[70.711,0],"h":1}]},"p":{"a":0,"k":[50,50]},"r":{"a":0,"k":-45}},"ip":0,"op":181,"st":0},{"ind":84,"ty":3,"ks":{"p":{"a":0,"k":[100,100]}},"ip":0,"op":181,"st":0}]},{"id":"91","layers":[{"ind":89,"ty":0,"parent":83,"ks":{"a":{"a":0,"k":[100,100]}},"w":300,"h":300,"ip":0,"op":181,"st":0,"refId":"87"},{"ind":90,"ty":4,"parent":83,"ks":{"o":{"a":1,"k":[{"t":0,"s":[100],"h":1},{"t":96,"s":[100],"h":1},{"t":96,"s":[0],"h":1},{"t":180,"s":[0],"h":1}]}},"ip":0,"op":181,"st":0,"shapes":[{"ty":"rc","p":{"a":0,"k":[67,67]},"r":{"a":0,"k":0},"s":{"a":0,"k":[178,178]}},{"ty":"fl","c":{"a":0,"k":[0,0,0]},"o":{"a":0,"k":100}}]},{"ind":83,"ty":3,"ks":{"p":{"a":0,"k":[100,100]}},"ip":0,"op":181,"st":0}]},{"id":"73","layers":[{"ind":72,"ty":4,"parent":71,"ks":{},"ip":0,"op":181,"st":0,"shapes":[{"ty":"rc","p":{"a":0,"k":[50,50]},"r":{"a":0,"k":0},"s":{"a":0,"k":[100,100]}},{"ty":"fl","c":{"a":0,"k":[0,0,0]},"o":{"a":0,"k":100}}]},{"ind":71,"ty":3,"ks":{},"ip":0,"op":181,"st":0}]},{"id":"77","layers":[{"ind":75,"ty":0,"parent":70,"ks":{},"w":100,"h":100,"ip":0,"op":181,"st":0,"refId":"73"},{"ind":76,"ty":4,"parent":70,"ks":{"o":{"a":1,"k":[{"t":0,"s":[0],"h":1},{"t":60,"s":[0],"h":1},{"t":60,"s":[100],"h":1},{"t":180,"s":[100],"h":1}]}},"ip":0,"op":181,"st":0,"shapes":[{"ty":"rc","p":{"a":0,"k":[55,55]},"r":{"a":0,"k":0},"s":{"a":0,"k":[130,130]}},{"ty":"fl","c":{"a":0,"k":[0,0,0]},"o":{"a":0,"k":100}}]},{"ind":70,"ty":3,"ks":{"p":{"a":0,"k":[10,10]}},"ip":0,"op":181,"st":0}]},{"id":"60","layers":[{"ind":59,"ty":4,"parent":58,"ks":{},"ip":0,"op":181,"st":0,"shapes":[{"ty":"rc","p":{"a":1,"k":[{"t":0,"s":[70.711,0],"i":{"x":[1,0],"y":[1,1]},"o":{"x":[0,0.5],"y":[0,0]}},{"t":60,"s":[70.711,70.711],"i":{"x":[1,1],"y":[1,1]},"o":{"x":[0,0],"y":[0,0]}},{"t":180,"s":[70.711,70.711],"h":1}]},"r":{"a":0,"k":0},"s":{"a":1,"k":[{"t":0,"s":[141.421,0],"i":{"x":[1,0],"y":[1,1]},"o":{"x":[0,0.5],"y":[0,0]}},{"t":60,"s":[141.421,141.421],"i":{"x":[1,1],"y":[1,1]},"o":{"x":[0,0],"y":[0,0]}},{"t":180,"s":[141.421,141.421],"h":1}]}},{"ty":"fl","c":{"a":0,"k":[0,0,0]},"o":{"a":0,"k":100}}]},{"ind":58,"ty":3,"parent":57,"ks":{"a":{"a":1,"k":[{"t":0,"s":[70.711,0],"i":{"x":[1,0],"y":[1,1]},"o":{"x":[0,0.5],"y":[0,0]}},{"t":60,"s":[70.711,70.711],"i":{"x":[1,1],"y":[1,1]},"o":{"x":[0,0],"y":[0,0]}},{"t":180,"s":[70.711,70.711],"h":1}]},"p":{"a":0,"k":[50,50]},"r":{"a":0,"k":-45}},"ip":0,"op":181,"st":0},{"ind":57,"ty":3,"ks":{"p":{"a":0,"k":[100,100]}},"ip":0,"op":181,"st":0}]},{"id":"64","layers":[{"ind":62,"ty":0,"parent":56,"ks":{"a":{"a":0,"k":[100,100]}},"w":300,"h":300,"ip":0,"op":181,"st":0,"refId":"60"},{"ind":63,"ty":4,"parent":56,"ks":{"o":{"a":1,"k":[{"t":0,"s":[0],"h":1},{"t":60,"s":[0],"h":1},{"t":60,"s":[100],"h":1},{"t":180,"s":[100],"h":1}]}},"ip":0,"op":181,"st":0,"shapes":[{"ty":"rc","p":{"a":0,"k":[50,50]},"r":{"a":0,"k":0},"s":{"a":0,"k":[120,120]}},{"ty":"fl","c":{"a":0,"k":[0,0,0]},"o":{"a":0,"k":100}}]},{"ind":56,"ty":3,"ks":{"p":{"a":0,"k":[100,100]}},"ip":0,"op":181,"st":0}]},{"id":"50","layers":[{"ind":49,"ty":4,"ks":{},"ip":0,"op":181,"st":0,"shapes":[{"ty":"rc","p":{"a":0,"k":[36,36]},"r":{"a":0,"k":0},"s":{"a":0,"k":[72,72]}},{"ty":"fl","c":{"a":0,"k":[0,0,0,0]},"o":{"a":0,"k":0}}]},{"ind":0,"ty":4,"ks":{"s":{"a":0,"k":[133.33,133.33]}},"ip":0,"op":181,"st":0,"shapes":[{"ty":"gr","it":[{"ty":"gr","it":[{"ty":"sh","ks":{"a":0,"k":{"c":false,"i":[[0,0],[0,0],[0,0],[0,0],[0,0],[0,0],[0,1.01],[0,0],[0,0]],"o":[[0,0],[0,0],[0,0],[0,0],[0,0],[1.01,0],[0,0],[0,0],[0,0]],"v":[[53.25,20.54],[53.25,40.78],[40.78,53.25],[6.91,53.25],[20.35,39.81],[38.24,39.81],[40.07,37.98],[40.07,20.53],[53.25,20.53]]}}},{"ty":"sh","ks":{"a":0,"k":{"c":true,"i":[[0,0],[0,0],[0,0],[0.6,0],[0,0],[0,0],[0,0],[0,0]],"o":[[0,0],[0,0],[0,0.6],[0,0],[0,0],[0,0],[0,0],[0,0]],"v":[[54,19.79],[39.32,19.79],[39.32,37.99],[38.24,39.07],[20.04,39.07],[5.09,54.01],[41.09,54.01],[54,41.09]]}}},{"ty":"fl","c":{"a":0,"k":[1,1,1,1]},"o":{"a":0,"k":100}},{"ty":"tr","o":{"a":0,"k":100}}]},{"ty":"gr","it":[{"ty":"sh","ks":{"a":0,"k":{"c":false,"i":[[0,0],[0,0],[0,0],[0,-1.01],[0,0],[0,0],[0,0],[0,0],[0,0]],"o":[[0,0],[0,0],[-1.01,0],[0,0],[0,0],[0,0],[0,0],[0,0],[0,0]],"v":[[47.09,0.75],[34.16,13.69],[15.77,13.69],[13.94,15.52],[13.94,33.42],[0.75,33.42],[0.75,13.23],[13.22,0.75],[47.09,0.75]]}}},{"ty":"sh","ks":{"a":0,"k":{"c":true,"i":[[0,0],[0,0],[0,0],[0,0],[0,0],[0,0],[-0.6,0],[0,0]],"o":[[0,0],[0,0],[0,0],[0,0],[0,0],[0,-0.6],[0,0],[0,0]],"v":[[48.91,0],[12.91,0],[0,12.91],[0,34.16],[14.68,34.16],[14.68,15.51],[15.76,14.43],[34.46,14.43]]}}},{"ty":"fl","c":{"a":0,"k":[1,1,1,1]},"o":{"a":0,"k":100}},{"ty":"tr","o":{"a":0,"k":100}}]},{"ty":"tr","o":{"a":0,"k":100}}]}]}]},{"id":"53","layers":[{"ind":52,"ty":0,"parent":48,"ks":{},"w":72,"h":72,"ip":0,"op":181,"st":0,"refId":"50"},{"ind":48,"ty":3,"ks":{"s":{"a":0,"k":[138.89,138.89]}},"ip":0,"op":181,"st":0}]},{"id":"67","layers":[{"ind":66,"ty":0,"td":1,"parent":47,"ks":{"a":{"a":0,"k":[100,100]}},"w":400,"h":400,"ip":0,"op":181,"st":0,"refId":"64"},{"ind":55,"ty":0,"tt":1,"parent":47,"ks":{"a":{"a":0,"k":[50,50]},"o":{"a":0,"k":30},"p":{"a":0,"k":[50,50]},"s":{"a":1,"k":[{"t":0,"s":[120,120],"i":{"x":[0,0],"y":[1,1]},"o":{"x":[0.5,0.5],"y":[0,0]}},{"t":60,"s":[100,100],"i":{"x":[1,1],"y":[1,1]},"o":{"x":[0,0],"y":[0,0]}},{"t":180,"s":[100,100],"h":1}]}},"w":100,"h":100,"ip":0,"op":181,"st":0,"refId":"53"},{"ind":47,"ty":3,"parent":46,"ks":{},"ip":0,"op":181,"st":0},{"ind":46,"ty":3,"ks":{"p":{"a":0,"k":[10,10]}},"ip":0,"op":181,"st":0}]},{"id":"80","layers":[{"ind":79,"ty":0,"td":1,"parent":45,"ks":{"a":{"a":0,"k":[10,10]}},"w":130,"h":130,"ip":0,"op":181,"st":0,"refId":"77"},{"ind":69,"ty":0,"tt":1,"parent":45,"ks":{"a":{"a":0,"k":[10,10]}},"w":120,"h":120,"ip":0,"op":181,"st":0,"refId":"67"},{"ind":45,"ty":3,"parent":44,"ks":{"a":{"a":0,"k":[50,50]},"p":{"a":0,"k":[50,50]},"s":{"a":1,"k":[{"t":0,"s":[100,100],"i":{"x":[1,1],"y":[1,1]},"o":{"x":[0,0],"y":[0,0]}},{"t":96,"s":[100,100],"i":{"x":[0,0],"y":[1,1]},"o":{"x":[0.5,0.5],"y":[0,0]}},{"t":156,"s":[120,120],"i":{"x":[1,1],"y":[1,1]},"o":{"x":[0,0],"y":[0,0]}},{"t":180,"s":[120,120],"h":1}]}},"ip":0,"op":181,"st":0},{"ind":44,"ty":3,"ks":{"p":{"a":0,"k":[22,22]}},"ip":0,"op":181,"st":0}]},{"id":"94","layers":[{"ind":93,"ty":0,"td":1,"parent":43,"ks":{"a":{"a":0,"k":[100,100]}},"w":400,"h":400,"ip":0,"op":181,"st":0,"refId":"91"},{"ind":82,"ty":0,"tt":1,"parent":43,"ks":{"a":{"a":0,"k":[22,22]}},"w":156,"h":156,"ip":0,"op":181,"st":0,"refId":"80"},{"ind":43,"ty":3,"ks":{"p":{"a":0,"k":[22,22]}},"ip":0,"op":181,"st":0}]},{"id":"107","layers":[{"ind":106,"ty":0,"td":1,"parent":42,"ks":{"a":{"a":0,"k":[22,22]}},"w":200,"h":200,"ip":0,"op":181,"st":0,"refId":"104"},{"ind":96,"ty":0,"tt":1,"parent":42,"ks":{"a":{"a":0,"k":[22,22]},"o":{"a":1,"k":[{"t":0,"s":[100],"h":1},{"t":156,"s":[100],"h":1},{"t":156,"s":[0],"h":1},{"t":180,"s":[0],"h":1}]}},"w":178,"h":178,"ip":0,"op":181,"st":0,"refId":"94"},{"ind":42,"ty":3,"ks":{"p":{"a":0,"k":[22,22]}},"ip":0,"op":181,"st":0}]},{"id":"111","layers":[{"ind":109,"ty":0,"ks":{"a":{"a":0,"k":[22,22]},"p":{"a":0,"k":[42,42]}},"w":200,"h":200,"ip":0,"op":181,"st":0,"refId":"107"},{"ind":110,"ty":4,"ks":{},"ip":0,"op":181,"st":0,"shapes":[{"ty":"rc","p":{"a":0,"k":[131,131]},"r":{"a":0,"k":0},"s":{"a":0,"k":[262,262]}},{"ty":"fl","c":{"a":0,"k":[0,0,0,0]},"o":{"a":0,"k":0}}]}]},{"id":"114","layers":[{"ind":113,"ty":0,"parent":41,"ks":{"p":{"a":0,"k":[-42,-42]}},"ef":[{"ty":29,"ef":[{"ty":0,"nm":"","v":{"a":1,"k":[{"t":0,"s":[33.33],"i":{"x":0.174,"y":0.759},"o":{"x":0.011,"y":0.227}},{"t":30,"s":[3.67],"i":{"x":0.722,"y":1},"o":{"x":0.35,"y":0.828}},{"t":60,"s":[0],"h":1},{"t":180,"s":[0],"h":1}]}},{"ty":7,"nm":"","v":{"a":0,"k":1}},{"ty":7,"nm":"","v":{"a":0,"k":0}}]}],"w":262,"h":262,"ip":0,"op":181,"st":0,"refId":"111"},{"ind":41,"ty":3,"ks":{"p":{"a":0,"k":[42,42]}},"ip":0,"op":181,"st":0}]},{"id":"122","layers":[{"ind":121,"ty":4,"ks":{},"ip":0,"op":181,"st":0,"shapes":[{"ty":"rc","p":{"a":0,"k":[36,36]},"r":{"a":0,"k":0},"s":{"a":0,"k":[72,72]}},{"ty":"fl","c":{"a":0,"k":[0,0,0,0]},"o":{"a":0,"k":0}}]},{"ind":0,"ty":4,"ks":{"s":{"a":0,"k":[133.33,133.33]}},"ip":0,"op":181,"st":0,"shapes":[{"ty":"gr","it":[{"ty":"gr","it":[{"ty":"sh","ks":{"a":0,"k":{"c":true,"i":[[0,0],[0,0],[0,-2.81],[0,0],[3.47,0],[0,0],[0,2.81],[0,0],[-3.47,0]],"o":[[0,0],[3.47,0],[0,0],[0,3.47],[0,0],[-3.47,0],[0,0],[0,-3.47],[0,0]],"v":[[27,20.72],[27.01,20.72],[33.29,27],[33.29,27.01],[27.01,33.29],[27,33.29],[20.72,27.01],[20.72,27],[27,20.72]]}}},{"ty":"fl","c":{"a":0,"k":[1,1,1,1]},"o":{"a":0,"k":100}},{"ty":"tr","o":{"a":0,"k":100}}]},{"ty":"tr","o":{"a":0,"k":100}}]}]}]},{"id":"125","layers":[{"ind":124,"ty":0,"parent":120,"ks":{},"w":72,"h":72,"ip":0,"op":181,"st":0,"refId":"122"},{"ind":120,"ty":3,"ks":{"s":{"a":0,"k":[138.89,138.89]}},"ip":0,"op":181,"st":0}]},{"id":"129","layers":[{"ind":127,"ty":0,"ks":{"o":{"a":1,"k":[{"t":0,"s":[0],"i":{"x":1,"y":1},"o":{"x":0,"y":0}},{"t":48,"s":[100],"h":1},{"t":180,"s":[100],"h":1}]},"p":{"a":0,"k":[20,20]}},"w":100,"h":100,"ip":0,"op":181,"st":0,"refId":"125"},{"ind":128,"ty":4,"ks":{},"ip":0,"op":181,"st":0,"shapes":[{"ty":"rc","p":{"a":0,"k":[70,70]},"r":{"a":0,"k":0},"s":{"a":0,"k":[140,140]}},{"ty":"fl","c":{"a":0,"k":[0,0,0,0]},"o":{"a":0,"k":0}}]}]},{"id":"132","layers":[{"ind":131,"ty":0,"parent":119,"ks":{"p":{"a":0,"k":[-20,-20]}},"ef":[{"ty":29,"ef":[{"ty":0,"nm":"","v":{"a":1,"k":[{"t":0,"s":[33.33],"i":{"x":0.174,"y":0.759},"o":{"x":0.011,"y":0.227}},{"t":48,"s":[3.67],"i":{"x":0.722,"y":1},"o":{"x":0.35,"y":0.828}},{"t":96,"s":[0],"h":1},{"t":180,"s":[0],"h":1}]}},{"ty":7,"nm":"","v":{"a":0,"k":1}},{"ty":7,"nm":"","v":{"a":0,"k":0}}]}],"w":140,"h":140,"ip":0,"op":181,"st":0,"refId":"129"},{"ind":119,"ty":3,"ks":{"p":{"a":0,"k":[21,21]}},"ip":0,"op":181,"st":0}]},{"id":"135","layers":[{"ind":134,"ty":0,"parent":118,"ks":{"a":{"a":0,"k":[21,21]},"o":{"a":1,"k":[{"t":0,"s":[0],"i":{"x":0,"y":1},"o":{"x":0,"y":0}},{"t":96,"s":[100],"h":1},{"t":180,"s":[100],"h":1}]}},"w":141,"h":141,"ip":0,"op":181,"st":0,"refId":"132"},{"ind":118,"ty":3,"ks":{"p":{"a":0,"k":[21,21]}},"ip":0,"op":181,"st":0}]},{"id":"167","layers":[{"ind":166,"ty":4,"parent":165,"ks":{},"ip":0,"op":181,"st":0,"shapes":[{"ty":"rc","p":{"a":0,"k":[50,50]},"r":{"a":0,"k":0},"s":{"a":0,"k":[100,100]}},{"ty":"fl","c":{"a":0,"k":[0,0,0]},"o":{"a":0,"k":100}}]},{"ind":165,"ty":3,"ks":{},"ip":0,"op":181,"st":0}]},{"id":"171","layers":[{"ind":169,"ty":0,"parent":164,"ks":{},"w":100,"h":100,"ip":0,"op":181,"st":0,"refId":"167"},{"ind":170,"ty":4,"parent":164,"ks":{"o":{"a":1,"k":[{"t":0,"s":[0],"h":1},{"t":156,"s":[0],"h":1},{"t":156,"s":[100],"h":1},{"t":180,"s":[100],"h":1}]}},"ip":0,"op":181,"st":0,"shapes":[{"ty":"rc","p":{"a":0,"k":[60,60]},"r":{"a":0,"k":0},"s":{"a":0,"k":[140,140]}},{"ty":"fl","c":{"a":0,"k":[0,0,0]},"o":{"a":0,"k":100}}]},{"ind":164,"ty":3,"ks":{"p":{"a":0,"k":[10,10]}},"ip":0,"op":181,"st":0}]},{"id":"154","layers":[{"ind":153,"ty":4,"parent":152,"ks":{},"ip":0,"op":181,"st":0,"shapes":[{"ty":"rc","p":{"a":1,"k":[{"t":0,"s":[70.711,0],"i":{"x":[1,1],"y":[1,1]},"o":{"x":[0,0],"y":[0,0]}},{"t":96,"s":[70.711,0],"i":{"x":[1,0],"y":[1,1]},"o":{"x":[0,0.5],"y":[0,0]}},{"t":156,"s":[70.711,70.711],"i":{"x":[1,1],"y":[1,1]},"o":{"x":[0,0],"y":[0,0]}},{"t":180,"s":[70.711,70.711],"h":1}]},"r":{"a":0,"k":0},"s":{"a":1,"k":[{"t":0,"s":[141.421,0],"i":{"x":[1,1],"y":[1,1]},"o":{"x":[0,0],"y":[0,0]}},{"t":96,"s":[141.421,0],"i":{"x":[1,0],"y":[1,1]},"o":{"x":[0,0.5],"y":[0,0]}},{"t":156,"s":[141.421,141.421],"i":{"x":[1,1],"y":[1,1]},"o":{"x":[0,0],"y":[0,0]}},{"t":180,"s":[141.421,141.421],"h":1}]}},{"ty":"fl","c":{"a":0,"k":[0,0,0]},"o":{"a":0,"k":100}}]},{"ind":152,"ty":3,"parent":151,"ks":{"a":{"a":1,"k":[{"t":0,"s":[70.711,0],"i":{"x":[1,1],"y":[1,1]},"o":{"x":[0,0],"y":[0,0]}},{"t":96,"s":[70.711,0],"i":{"x":[1,0],"y":[1,1]},"o":{"x":[0,0.5],"y":[0,0]}},{"t":156,"s":[70.711,70.711],"i":{"x":[1,1],"y":[1,1]},"o":{"x":[0,0],"y":[0,0]}},{"t":180,"s":[70.711,70.711],"h":1}]},"p":{"a":0,"k":[50,50]},"r":{"a":0,"k":-45}},"ip":0,"op":181,"st":0},{"ind":151,"ty":3,"ks":{"p":{"a":0,"k":[100,100]}},"ip":0,"op":181,"st":0}]},{"id":"158","layers":[{"ind":156,"ty":0,"parent":150,"ks":{"a":{"a":0,"k":[100,100]}},"w":300,"h":300,"ip":0,"op":181,"st":0,"refId":"154"},{"ind":157,"ty":4,"parent":150,"ks":{"o":{"a":1,"k":[{"t":0,"s":[0],"h":1},{"t":156,"s":[0],"h":1},{"t":156,"s":[100],"h":1},{"t":180,"s":[100],"h":1}]}},"ip":0,"op":181,"st":0,"shapes":[{"ty":"rc","p":{"a":0,"k":[55,55]},"r":{"a":0,"k":0},"s":{"a":0,"k":[130,130]}},{"ty":"fl","c":{"a":0,"k":[0,0,0]},"o":{"a":0,"k":100}}]},{"ind":150,"ty":3,"ks":{"p":{"a":0,"k":[100,100]}},"ip":0,"op":181,"st":0}]},{"id":"144","layers":[{"ind":143,"ty":4,"ks":{},"ip":0,"op":181,"st":0,"shapes":[{"ty":"rc","p":{"a":0,"k":[36,36]},"r":{"a":0,"k":0},"s":{"a":0,"k":[72,72]}},{"ty":"fl","c":{"a":0,"k":[0,0,0,0]},"o":{"a":0,"k":0}}]},{"ind":0,"ty":4,"ks":{"s":{"a":0,"k":[133.33,133.33]}},"ip":0,"op":181,"st":0,"shapes":[{"ty":"gr","it":[{"ty":"gr","it":[{"ty":"sh","ks":{"a":0,"k":{"c":true,"i":[[0,0],[0,0],[0,0],[0,0],[0,0],[0,0]],"o":[[0,0],[0,0],[0,0],[0,0],[0,0],[0,0]],"v":[[12.91,0],[0,12.91],[0,54],[41.09,54],[54,41.09],[54,0]]}}},{"ty":"fl","c":{"a":0,"k":[1,1,1,1]},"o":{"a":0,"k":100}},{"ty":"tr","o":{"a":0,"k":100}}]},{"ty":"tr","o":{"a":0,"k":100}}]}]}]},{"id":"147","layers":[{"ind":146,"ty":0,"parent":142,"ks":{},"w":72,"h":72,"ip":0,"op":181,"st":0,"refId":"144"},{"ind":142,"ty":3,"parent":141,"ks":{"s":{"a":0,"k":[138.89,138.89]}},"ip":0,"op":181,"st":0},{"ind":141,"ty":3,"parent":140,"ks":{"a":{"a":0,"k":[50,50]},"p":{"a":0,"k":[50,50]},"s":{"a":1,"k":[{"t":0,"s":[120,120],"i":{"x":[1,1],"y":[1,1]},"o":{"x":[0,0],"y":[0,0]}},{"t":96,"s":[120,120],"i":{"x":[0,0],"y":[1,1]},"o":{"x":[0.5,0.5],"y":[0,0]}},{"t":156,"s":[100,100],"i":{"x":[1,1],"y":[1,1]},"o":{"x":[0,0],"y":[0,0]}},{"t":180,"s":[100,100],"h":1}]}},"ip":0,"op":181,"st":0},{"ind":140,"ty":3,"ks":{"p":{"a":0,"k":[10,10]}},"ip":0,"op":181,"st":0}]},{"id":"161","layers":[{"ind":160,"ty":0,"td":1,"parent":139,"ks":{"a":{"a":0,"k":[100,100]}},"w":400,"h":400,"ip":0,"op":181,"st":0,"refId":"158"},{"ind":149,"ty":0,"tt":1,"parent":139,"ks":{"a":{"a":0,"k":[10,10]}},"w":120,"h":120,"ip":0,"op":181,"st":0,"refId":"147"},{"ind":139,"ty":3,"ks":{"p":{"a":0,"k":[10,10]}},"ip":0,"op":181,"st":0}]},{"id":"174","layers":[{"ind":39,"ty":0,"td":1,"parent":4,"ks":{"a":{"a":0,"k":[10,10]}},"w":140,"h":140,"ip":0,"op":181,"st":0,"refId":"37"},{"ind":29,"ty":0,"tt":1,"parent":4,"ks":{"a":{"a":0,"k":[10,10]},"o":{"a":1,"k":[{"t":0,"s":[0],"h":1},{"t":108,"s":[0],"h":1},{"t":108,"s":[100],"h":1},{"t":180,"s":[100],"h":1}]}},"w":130,"h":130,"ip":0,"op":181,"st":0,"refId":"27"},{"ind":4,"ty":3,"parent":3,"ks":{},"ip":0,"op":181,"st":0},{"ind":116,"ty":0,"parent":40,"ks":{"a":{"a":0,"k":[42,42]},"o":{"a":1,"k":[{"t":0,"s":[0],"i":{"x":0,"y":1},"o":{"x":0,"y":0}},{"t":60,"s":[100],"h":1},{"t":180,"s":[100],"h":1}]}},"w":262,"h":262,"ip":0,"op":181,"st":0,"refId":"114"},{"ind":40,"ty":3,"parent":3,"ks":{},"ip":0,"op":181,"st":0},{"ind":137,"ty":0,"parent":117,"ks":{"a":{"a":0,"k":[21,21]},"o":{"a":1,"k":[{"t":0,"s":[100],"h":1},{"t":48,"s":[100],"i":{"x":1,"y":1},"o":{"x":0,"y":0}},{"t":96,"s":[0],"h":1},{"t":180,"s":[0],"h":1}]}},"w":162,"h":162,"ip":0,"op":181,"st":0,"refId":"135"},{"ind":117,"ty":3,"parent":3,"ks":{},"ip":0,"op":181,"st":0},{"ind":173,"ty":0,"td":1,"parent":138,"ks":{"a":{"a":0,"k":[10,10]}},"w":140,"h":140,"ip":0,"op":181,"st":0,"refId":"171"},{"ind":163,"ty":0,"tt":1,"parent":138,"ks":{"a":{"a":0,"k":[10,10]},"o":{"a":1,"k":[{"t":0,"s":[0],"h":1},{"t":96,"s":[0],"h":1},{"t":96,"s":[100],"h":1},{"t":180,"s":[100],"h":1}]}},"w":130,"h":130,"ip":0,"op":181,"st":0,"refId":"161"},{"ind":138,"ty":3,"parent":3,"ks":{},"ip":0,"op":181,"st":0},{"ind":3,"ty":3,"ks":{"p":{"a":0,"k":[42,42]}},"ip":0,"op":181,"st":0}]},{"id":"178","layers":[{"ind":176,"ty":0,"ks":{"a":{"a":0,"k":[42,42]},"p":{"a":0,"k":[112,112]}},"w":304,"h":304,"ip":0,"op":181,"st":0,"refId":"174"},{"ind":177,"ty":4,"ks":{},"ip":0,"op":181,"st":0,"shapes":[{"ty":"rc","p":{"a":0,"k":[243,243]},"r":{"a":0,"k":0},"s":{"a":0,"k":[486,486]}},{"ty":"fl","c":{"a":0,"k":[0,0,0,0]},"o":{"a":0,"k":0}}]}]},{"id":"186","layers":[{"ind":185,"ty":4,"ks":{},"ip":0,"op":181,"st":0,"shapes":[{"ty":"rc","p":{"a":0,"k":[500,500]},"r":{"a":0,"k":0},"s":{"a":0,"k":[1000,1000]}},{"ty":"fl","c":{"a":0,"k":[0,0,0,0]},"o":{"a":0,"k":0}}]},{"ind":0,"ty":4,"ks":{"s":{"a":0,"k":[133.33,133.33]}},"ip":0,"op":181,"st":0,"shapes":[{"ty":"gr","it":[{"ty":"gr","it":[{"ty":"sh","ks":{"a":0,"k":{"c":false,"i":[[0,0],[22.21,0],[0,22.2],[-22.21,0],[0,-22.2]],"o":[[0,22.21],[-22.21,0],[0,-22.21],[22.21,0],[0,0]],"v":[[540.21,500],[500,540.21],[459.79,500],[500,459.79],[540.21,500]]}}},{"ty":"gs","o":{"a":0,"k":100},"e":{"a":0,"k":[540.89,490.2]},"g":{"p":10,"k":{"a":0,"k":[0,1,1,1,0.06,1,0.98,0.98,0.13,0.99,0.95,0.93,0.2,0.97,0.88,0.85,0.27,0.96,0.79,0.73,0.34,0.93,0.67,0.58,0.41,0.9,0.53,0.4,0.47,0.87,0.36,0.19,0.49,0.86,0.32,0.14,1,0.01,0,0.13,0,1,0.06,1,0.13,1,0.2,1,0.27,1,0.34,1,0.41,1,0.47,1,0.49,1,1,1]}},"t":2,"a":{"a":0,"k":0},"h":{"a":0,"k":0},"s":{"a":0,"k":[499.68,499.92]},"lc":1,"lj":1,"ml":10,"w":{"a":0,"k":4.25}},{"ty":"tr","o":{"a":0,"k":100},"p":{"a":0,"k":[-76.12,653.81]},"r":{"a":0,"k":-76.72},"s":{"a":0,"k":[75,75]}}]},{"ty":"gr","it":[{"ty":"sh","ks":{"a":0,"k":{"c":true,"i":[[0,0],[-0.52,22.91],[-22.91,-2.06],[0.52,-22.91],[22.91,2.06]],"o":[[-22.91,-2.07],[0.52,-22.91],[22.91,2.07],[-0.52,22.91],[0,0]],"v":[[499.06,541.49],[458.51,496.26],[500.93,458.51],[541.48,503.74],[499.06,541.49]]}}},{"ty":"gs","o":{"a":0,"k":100},"e":{"a":0,"k":[500,456.29]},"g":{"p":10,"k":{"a":0,"k":[0,1,1,1,0.06,1,0.98,0.98,0.13,0.99,0.95,0.93,0.2,0.97,0.88,0.85,0.27,0.96,0.79,0.73,0.34,0.93,0.67,0.58,0.41,0.9,0.53,0.4,0.47,0.87,0.36,0.19,0.49,0.86,0.32,0.14,1,0.01,0,0.13,0,1,0.06,1,0.13,1,0.2,1,0.27,1,0.34,1,0.41,1,0.47,1,0.49,1,1,1]}},"t":2,"a":{"a":0,"k":0},"h":{"a":0,"k":0},"s":{"a":0,"k":[500,500]},"lc":1,"lj":1,"ml":10,"w":{"a":0,"k":4.25}},{"ty":"tr","o":{"a":0,"k":100},"s":{"a":0,"k":[75,75]}}]},{"ty":"gr","it":[{"ty":"sh","ks":{"a":0,"k":{"c":true,"i":[[0,0],[-1.03,23.62],[-23.62,-4.13],[1.03,-23.62],[23.62,4.13]],"o":[[-23.62,-4.13],[1.03,-23.62],[23.62,4.13],[-1.03,23.62],[0,0]],"v":[[498.13,542.77],[457.23,492.52],[501.87,457.23],[542.77,507.48],[498.13,542.77]]}}},{"ty":"gs","o":{"a":0,"k":100},"e":{"a":0,"k":[500,454.76]},"g":{"p":10,"k":{"a":0,"k":[0,1,1,1,0.06,1,0.98,0.98,0.13,0.99,0.95,0.93,0.2,0.97,0.88,0.85,0.27,0.96,0.79,0.73,0.34,0.93,0.67,0.58,0.41,0.9,0.53,0.4,0.47,0.87,0.36,0.19,0.49,0.86,0.32,0.14,1,0.01,0,0.13,0,1,0.06,1,0.13,1,0.2,1,0.27,1,0.34,1,0.41,1,0.47,1,0.49,1,1,1]}},"t":2,"a":{"a":0,"k":0},"h":{"a":0,"k":0},"s":{"a":0,"k":[500,500]},"lc":1,"lj":1,"ml":10,"w":{"a":0,"k":4.25}},{"ty":"tr","o":{"a":0,"k":100},"s":{"a":0,"k":[75,75]}}]},{"ty":"gr","it":[{"ty":"sh","ks":{"a":0,"k":{"c":true,"i":[[0,0],[-1.62,24.28],[-24.28,-6.47],[1.62,-24.28],[24.28,6.47]],"o":[[-24.28,-6.46],[1.62,-24.28],[24.28,6.46],[-1.62,24.28],[0,0]],"v":[[497.07,543.96],[456.04,488.3],[502.92,456.05],[543.95,511.71],[497.07,543.96]]}}},{"ty":"gs","o":{"a":0,"k":100},"e":{"a":0,"k":[500,453.09]},"g":{"p":10,"k":{"a":0,"k":[0,1,1,1,0.06,1,0.98,0.98,0.13,0.99,0.95,0.93,0.2,0.97,0.88,0.85,0.27,0.96,0.79,0.73,0.34,0.93,0.67,0.58,0.41,0.9,0.53,0.4,0.47,0.87,0.36,0.19,0.49,0.86,0.32,0.14,1,0.01,0,0.13,0,1,0.06,1,0.13,1,0.2,1,0.27,1,0.34,1,0.41,1,0.47,1,0.49,1,1,1]}},"t":2,"a":{"a":0,"k":0},"h":{"a":0,"k":0},"s":{"a":0,"k":[500,500]},"lc":1,"lj":1,"ml":10,"w":{"a":0,"k":4.25}},{"ty":"tr","o":{"a":0,"k":100},"s":{"a":0,"k":[75,75]}}]},{"ty":"gr","it":[{"ty":"sh","ks":{"a":0,"k":{"c":true,"i":[[0,0],[-2.2,24.93],[-24.93,-8.79],[2.2,-24.93],[24.93,8.79]],"o":[[-24.93,-8.79],[2.2,-24.93],[24.93,8.79],[-2.2,24.93],[0,0]],"v":[[496.02,545.14],[454.86,484.08],[503.98,454.86],[545.14,515.92],[496.02,545.14]]}}},{"ty":"gs","o":{"a":0,"k":100},"e":{"a":0,"k":[500,451.26]},"g":{"p":10,"k":{"a":0,"k":[0,1,1,1,0.06,1,0.98,0.98,0.13,0.99,0.95,0.93,0.2,0.97,0.88,0.85,0.27,0.96,0.79,0.73,0.34,0.93,0.67,0.58,0.41,0.9,0.53,0.4,0.47,0.87,0.36,0.19,0.49,0.86,0.32,0.14,1,0.01,0,0.13,0,1,0.06,1,0.13,1,0.2,1,0.27,1,0.34,1,0.41,1,0.47,1,0.49,1,1,1]}},"t":2,"a":{"a":0,"k":0},"h":{"a":0,"k":0},"s":{"a":0,"k":[500,500]},"lc":1,"lj":1,"ml":10,"w":{"a":0,"k":4.25}},{"ty":"tr","o":{"a":0,"k":100},"s":{"a":0,"k":[75,75]}}]},{"ty":"gr","it":[{"ty":"sh","ks":{"a":0,"k":{"c":true,"i":[[0,0],[-2.85,25.52],[-25.52,-11.39],[2.85,-25.52],[25.52,11.39]],"o":[[-25.52,-11.39],[2.85,-25.52],[25.52,11.39],[-2.85,25.52],[0,0]],"v":[[494.84,546.21],[453.79,479.38],[505.15,453.8],[546.2,520.63],[494.84,546.21]]}}},{"ty":"gs","o":{"a":0,"k":100},"e":{"a":0,"k":[500,449.28]},"g":{"p":10,"k":{"a":0,"k":[0,1,1,1,0.06,1,0.98,0.98,0.13,0.99,0.95,0.93,0.2,0.97,0.88,0.85,0.27,0.96,0.79,0.73,0.34,0.93,0.67,0.58,0.41,0.9,0.53,0.4,0.47,0.87,0.36,0.19,0.49,0.86,0.32,0.14,1,0.01,0,0.13,0,1,0.06,1,0.13,1,0.2,1,0.27,1,0.34,1,0.41,1,0.47,1,0.49,1,1,1]}},"t":2,"a":{"a":0,"k":0},"h":{"a":0,"k":0},"s":{"a":0,"k":[500,500]},"lc":1,"lj":1,"ml":10,"w":{"a":0,"k":4.25}},{"ty":"tr","o":{"a":0,"k":100},"s":{"a":0,"k":[75,75]}}]},{"ty":"gr","it":[{"ty":"sh","ks":{"a":0,"k":{"c":true,"i":[[0,0],[-3.5,26.11],[-26.11,-13.99],[3.5,-26.11],[26.11,13.99]],"o":[[-26.11,-13.99],[3.5,-26.11],[26.11,13.99],[-3.5,26.11],[0,0]],"v":[[493.67,547.27],[452.73,474.66],[506.34,452.72],[547.28,525.33],[493.67,547.27]]}}},{"ty":"gs","o":{"a":0,"k":100},"e":{"a":0,"k":[500,447.12]},"g":{"p":10,"k":{"a":0,"k":[0,1,1,1,0.06,1,0.98,0.98,0.13,0.99,0.95,0.93,0.2,0.97,0.88,0.85,0.27,0.96,0.79,0.73,0.34,0.93,0.67,0.58,0.41,0.9,0.53,0.4,0.47,0.87,0.36,0.19,0.49,0.86,0.32,0.14,1,0.01,0,0.13,0,1,0.06,1,0.13,1,0.2,1,0.27,1,0.34,1,0.41,1,0.47,1,0.49,1,1,1]}},"t":2,"a":{"a":0,"k":0},"h":{"a":0,"k":0},"s":{"a":0,"k":[500,500]},"lc":1,"lj":1,"ml":10,"w":{"a":0,"k":4.25}},{"ty":"tr","o":{"a":0,"k":100},"s":{"a":0,"k":[75,75]}}]},{"ty":"gr","it":[{"ty":"sh","ks":{"a":0,"k":{"c":true,"i":[[0,0],[-4.22,26.62],[-26.61,-16.87],[4.22,-26.62],[26.61,16.87]],"o":[[-26.61,-16.87],[4.22,-26.61],[26.61,16.87],[-4.22,26.61],[0,0]],"v":[[492.37,548.19],[451.82,469.46],[507.64,451.81],[548.19,530.54],[492.37,548.19]]}}},{"ty":"gs","o":{"a":0,"k":100},"e":{"a":0,"k":[500,444.79]},"g":{"p":10,"k":{"a":0,"k":[0,1,1,1,0.06,1,0.98,0.98,0.13,0.99,0.95,0.93,0.2,0.97,0.88,0.85,0.27,0.96,0.79,0.73,0.34,0.93,0.67,0.58,0.41,0.9,0.53,0.4,0.47,0.87,0.36,0.19,0.49,0.86,0.32,0.14,1,0.01,0,0.13,0,1,0.06,1,0.13,1,0.2,1,0.27,1,0.34,1,0.41,1,0.47,1,0.49,1,1,1]}},"t":2,"a":{"a":0,"k":0},"h":{"a":0,"k":0},"s":{"a":0,"k":[500,500]},"lc":1,"lj":1,"ml":10,"w":{"a":0,"k":4.25}},{"ty":"tr","o":{"a":0,"k":100},"s":{"a":0,"k":[75,75]}}]},{"ty":"gr","it":[{"ty":"sh","ks":{"a":0,"k":{"c":true,"i":[[0,0],[-4.93,27.12],[-27.12,-19.74],[4.93,-27.12],[27.12,19.74]],"o":[[-27.12,-19.74],[4.93,-27.12],[27.12,19.74],[-4.93,27.12],[0,0]],"v":[[491.06,549.1],[450.89,464.25],[508.93,450.89],[549.1,535.74],[491.06,549.1]]}}},{"ty":"gs","o":{"a":0,"k":100},"e":{"a":0,"k":[500,442.29]},"g":{"p":10,"k":{"a":0,"k":[0,1,1,1,0.06,1,0.98,0.98,0.13,0.99,0.95,0.93,0.2,0.97,0.88,0.85,0.27,0.96,0.79,0.73,0.34,0.93,0.67,0.58,0.41,0.9,0.53,0.4,0.47,0.87,0.36,0.19,0.49,0.86,0.32,0.14,1,0.01,0,0.13,0,1,0.06,1,0.13,1,0.2,1,0.27,1,0.34,1,0.41,1,0.47,1,0.49,1,1,1]}},"t":2,"a":{"a":0,"k":0},"h":{"a":0,"k":0},"s":{"a":0,"k":[500,500]},"lc":1,"lj":1,"ml":10,"w":{"a":0,"k":4.25}},{"ty":"tr","o":{"a":0,"k":100},"s":{"a":0,"k":[75,75]}}]},{"ty":"gr","it":[{"ty":"sh","ks":{"a":0,"k":{"c":true,"i":[[0,0],[-5.72,27.52],[-27.53,-22.9],[5.72,-27.52],[27.53,22.9]],"o":[[-27.52,-22.89],[5.72,-27.52],[27.52,22.89],[-5.72,27.52],[0,0]],"v":[[489.64,549.83],[450.17,458.55],[510.37,450.17],[549.84,541.45],[489.64,549.83]]}}},{"ty":"gs","o":{"a":0,"k":100},"e":{"a":0,"k":[500,439.61]},"g":{"p":10,"k":{"a":0,"k":[0,1,1,1,0.06,1,0.98,0.98,0.13,0.99,0.95,0.93,0.2,0.97,0.88,0.85,0.27,0.96,0.79,0.73,0.34,0.93,0.67,0.58,0.41,0.9,0.53,0.4,0.47,0.87,0.36,0.19,0.49,0.86,0.32,0.14,1,0.01,0,0.13,0,1,0.06,1,0.13,1,0.2,1,0.27,1,0.34,1,0.41,1,0.47,1,0.49,1,1,1]}},"t":2,"a":{"a":0,"k":0},"h":{"a":0,"k":0},"s":{"a":0,"k":[500,500]},"lc":1,"lj":1,"ml":10,"w":{"a":0,"k":4.25}},{"ty":"tr","o":{"a":0,"k":100},"s":{"a":0,"k":[75,75]}}]},{"ty":"gr","it":[{"ty":"sh","ks":{"a":0,"k":{"c":true,"i":[[0,0],[-6.52,27.93],[-27.92,-26.04],[6.51,-27.93],[27.92,26.04]],"o":[[-27.93,-26.04],[6.51,-27.93],[27.93,26.04],[-6.51,27.93],[0,0]],"v":[[488.21,550.56],[449.44,452.84],[511.79,449.43],[550.57,547.15],[488.22,550.56]]}}},{"ty":"gs","o":{"a":0,"k":100},"e":{"a":0,"k":[500,436.75]},"g":{"p":10,"k":{"a":0,"k":[0,1,1,1,0.06,1,0.98,0.98,0.13,0.99,0.95,0.93,0.2,0.97,0.88,0.85,0.27,0.96,0.79,0.73,0.34,0.93,0.67,0.58,0.41,0.9,0.53,0.4,0.47,0.87,0.36,0.19,0.49,0.86,0.32,0.14,1,0.01,0,0.13,0,1,0.06,1,0.13,1,0.2,1,0.27,1,0.34,1,0.41,1,0.47,1,0.49,1,1,1]}},"t":2,"a":{"a":0,"k":0},"h":{"a":0,"k":0},"s":{"a":0,"k":[500,500]},"lc":1,"lj":1,"ml":10,"w":{"a":0,"k":4.25}},{"ty":"tr","o":{"a":0,"k":100},"s":{"a":0,"k":[75,75]}}]},{"ty":"gr","it":[{"ty":"sh","ks":{"a":0,"k":{"c":true,"i":[[0,0],[-7.36,28.21],[-28.21,-29.47],[7.36,-28.21],[28.21,29.47]],"o":[[-28.21,-29.47],[7.37,-28.21],[28.21,29.47],[-7.37,28.21],[0,0]],"v":[[486.66,551.08],[448.92,446.64],[513.34,448.93],[551.08,553.37],[486.66,551.08]]}}},{"ty":"gs","o":{"a":0,"k":100},"e":{"a":0,"k":[500,433.7]},"g":{"p":10,"k":{"a":0,"k":[0,1,1,1,0.06,1,0.98,0.98,0.13,0.99,0.95,0.93,0.2,0.97,0.88,0.85,0.27,0.96,0.79,0.73,0.34,0.93,0.67,0.58,0.41,0.9,0.53,0.4,0.47,0.87,0.36,0.19,0.49,0.86,0.32,0.14,1,0.01,0,0.13,0,1,0.06,1,0.13,1,0.2,1,0.27,1,0.34,1,0.41,1,0.47,1,0.49,1,1,1]}},"t":2,"a":{"a":0,"k":0},"h":{"a":0,"k":0},"s":{"a":0,"k":[500,500]},"lc":1,"lj":1,"ml":10,"w":{"a":0,"k":4.25}},{"ty":"tr","o":{"a":0,"k":100},"s":{"a":0,"k":[75,75]}}]},{"ty":"gr","it":[{"ty":"sh","ks":{"a":0,"k":{"c":true,"i":[[0,0],[-8.22,28.49],[-28.49,-32.9],[8.22,-28.5],[28.49,32.9]],"o":[[-28.49,-32.9],[8.22,-28.49],[28.49,32.9],[-8.22,28.49],[0,0]],"v":[[485.11,551.59],[448.41,440.44],[514.89,448.42],[551.59,559.58],[485.11,551.6]]}}},{"ty":"gs","o":{"a":0,"k":100},"e":{"a":0,"k":[500,430.48]},"g":{"p":10,"k":{"a":0,"k":[0,1,1,1,0.06,1,0.98,0.98,0.13,0.99,0.95,0.93,0.2,0.97,0.88,0.85,0.27,0.96,0.79,0.73,0.34,0.93,0.67,0.58,0.41,0.9,0.53,0.4,0.47,0.87,0.36,0.19,0.49,0.86,0.32,0.14,1,0.01,0,0.13,0,1,0.06,1,0.13,1,0.2,1,0.27,1,0.34,1,0.41,1,0.47,1,0.49,1,1,1]}},"t":2,"a":{"a":0,"k":0},"h":{"a":0,"k":0},"s":{"a":0,"k":[500,500]},"lc":1,"lj":1,"ml":10,"w":{"a":0,"k":4.25}},{"ty":"tr","o":{"a":0,"k":100},"s":{"a":0,"k":[75,75]}}]},{"ty":"gr","it":[{"ty":"sh","ks":{"a":0,"k":{"c":true,"i":[[0,0],[-9.15,28.64],[-28.63,-36.6],[9.15,-28.64],[28.63,36.6]],"o":[[-28.63,-36.6],[9.15,-28.63],[28.63,36.6],[-9.15,28.63],[0,0]],"v":[[483.43,551.84],[448.15,433.73],[516.56,448.15],[551.84,566.26],[483.43,551.84]]}}},{"ty":"gs","o":{"a":0,"k":100},"e":{"a":0,"k":[500,427.06]},"g":{"p":10,"k":{"a":0,"k":[0,1,1,1,0.06,1,0.98,0.98,0.13,0.99,0.95,0.93,0.2,0.97,0.88,0.85,0.27,0.96,0.79,0.73,0.34,0.93,0.67,0.58,0.41,0.9,0.53,0.4,0.47,0.87,0.36,0.19,0.49,0.86,0.32,0.14,1,0.01,0,0.13,0,1,0.06,1,0.13,1,0.2,1,0.27,1,0.34,1,0.41,1,0.47,1,0.49,1,1,1]}},"t":2,"a":{"a":0,"k":0},"h":{"a":0,"k":0},"s":{"a":0,"k":[500,500]},"lc":1,"lj":1,"ml":10,"w":{"a":0,"k":4.25}},{"ty":"tr","o":{"a":0,"k":100},"s":{"a":0,"k":[75,75]}}]},{"ty":"gr","it":[{"ty":"sh","ks":{"a":0,"k":{"c":true,"i":[[0,0],[-10.07,28.78],[-28.78,-40.29],[10.07,-28.78],[28.78,40.29]],"o":[[-28.77,-40.29],[10.07,-28.77],[28.77,40.29],[-10.07,28.77],[0,0]],"v":[[481.76,552.1],[447.9,427.04],[518.24,447.9],[552.1,572.96],[481.76,552.1]]}}},{"ty":"gs","o":{"a":0,"k":100},"e":{"a":0,"k":[500,423.48]},"g":{"p":10,"k":{"a":0,"k":[0,1,1,1,0.06,1,0.98,0.98,0.13,0.99,0.95,0.93,0.2,0.97,0.88,0.85,0.27,0.96,0.79,0.73,0.34,0.93,0.67,0.58,0.41,0.9,0.53,0.4,0.47,0.87,0.36,0.19,0.49,0.86,0.32,0.14,1,0.01,0,0.13,0,1,0.06,1,0.13,1,0.2,1,0.27,1,0.34,1,0.41,1,0.47,1,0.49,1,1,1]}},"t":2,"a":{"a":0,"k":0},"h":{"a":0,"k":0},"s":{"a":0,"k":[500,500]},"lc":1,"lj":1,"ml":10,"w":{"a":0,"k":4.25}},{"ty":"tr","o":{"a":0,"k":100},"s":{"a":0,"k":[75,75]}}]},{"ty":"gr","it":[{"ty":"sh","ks":{"a":0,"k":{"c":true,"i":[[0,0],[-11.06,28.75],[-28.75,-44.25],[11.06,-28.75],[28.75,44.25]],"o":[[-28.75,-44.25],[11.06,-28.75],[28.75,44.25],[-11.06,28.75],[0,0]],"v":[[479.97,552.06],[447.94,419.88],[520.03,447.94],[552.06,580.13],[479.97,552.06]]}}},{"ty":"gs","o":{"a":0,"k":100},"e":{"a":0,"k":[500,419.69]},"g":{"p":10,"k":{"a":0,"k":[0,1,1,1,0.06,1,0.98,0.98,0.13,0.99,0.95,0.93,0.2,0.97,0.88,0.85,0.27,0.96,0.79,0.73,0.34,0.93,0.67,0.58,0.41,0.9,0.53,0.4,0.47,0.87,0.36,0.19,0.49,0.86,0.32,0.14,1,0.01,0,0.13,0,1,0.06,1,0.13,1,0.2,1,0.27,1,0.34,1,0.41,1,0.47,1,0.49,1,1,1]}},"t":2,"a":{"a":0,"k":0},"h":{"a":0,"k":0},"s":{"a":0,"k":[500,500]},"lc":1,"lj":1,"ml":10,"w":{"a":0,"k":4.25}},{"ty":"tr","o":{"a":0,"k":100},"s":{"a":0,"k":[75,75]}}]},{"ty":"gr","it":[{"ty":"sh","ks":{"a":0,"k":{"c":true,"i":[[0,0],[-12.06,28.73],[-28.73,-48.21],[12.06,-28.73],[28.73,48.21]],"o":[[-28.73,-48.21],[12.05,-28.73],[28.73,48.21],[-12.05,28.73],[0,0]],"v":[[478.18,552.02],[447.99,412.7],[521.83,447.98],[552.02,587.3],[478.18,552.02]]}}},{"ty":"gs","o":{"a":0,"k":100},"e":{"a":0,"k":[500,415.75]},"g":{"p":10,"k":{"a":0,"k":[0,1,1,1,0.06,1,0.98,0.98,0.13,0.99,0.95,0.93,0.2,0.97,0.88,0.85,0.27,0.96,0.79,0.73,0.34,0.93,0.67,0.58,0.41,0.9,0.53,0.4,0.47,0.87,0.36,0.19,0.49,0.86,0.32,0.14,1,0.01,0,0.13,0,1,0.06,1,0.13,1,0.2,1,0.27,1,0.34,1,0.41,1,0.47,1,0.49,1,1,1]}},"t":2,"a":{"a":0,"k":0},"h":{"a":0,"k":0},"s":{"a":0,"k":[500,500]},"lc":1,"lj":1,"ml":10,"w":{"a":0,"k":4.25}},{"ty":"tr","o":{"a":0,"k":100},"s":{"a":0,"k":[75,75]}}]},{"ty":"gr","it":[{"ty":"sh","ks":{"a":0,"k":{"c":true,"i":[[0,0],[-13.11,28.52],[-28.52,-52.42],[13.11,-28.52],[28.52,52.42]],"o":[[-28.52,-52.42],[13.1,-28.52],[28.52,52.42],[-13.1,28.52],[0,0]],"v":[[476.27,551.64],[448.36,405.08],[523.73,448.35],[551.64,594.91],[476.27,551.64]]}}},{"ty":"gs","o":{"a":0,"k":100},"e":{"a":0,"k":[500,411.62]},"g":{"p":10,"k":{"a":0,"k":[0,1,1,1,0.06,1,0.98,0.98,0.13,0.99,0.95,0.93,0.2,0.97,0.88,0.85,0.27,0.96,0.79,0.73,0.34,0.93,0.67,0.58,0.41,0.9,0.53,0.4,0.47,0.87,0.36,0.19,0.49,0.86,0.32,0.14,1,0.01,0,0.13,0,1,0.06,1,0.13,1,0.2,1,0.27,1,0.34,1,0.41,1,0.47,1,0.49,1,1,1]}},"t":2,"a":{"a":0,"k":0},"h":{"a":0,"k":0},"s":{"a":0,"k":[500,500]},"lc":1,"lj":1,"ml":10,"w":{"a":0,"k":4.25}},{"ty":"tr","o":{"a":0,"k":100},"s":{"a":0,"k":[75,75]}}]},{"ty":"gr","it":[{"ty":"sh","ks":{"a":0,"k":{"c":true,"i":[[0,0],[-14.16,28.31],[-28.31,-56.63],[14.16,-28.31],[28.31,56.63]],"o":[[-28.31,-56.63],[14.16,-28.31],[28.31,56.63],[-14.16,28.31],[0,0]],"v":[[474.37,551.27],[448.74,397.47],[525.64,448.74],[551.27,602.54],[474.37,551.27]]}}},{"ty":"gs","o":{"a":0,"k":100},"e":{"a":0,"k":[500,407.33]},"g":{"p":10,"k":{"a":0,"k":[0,1,1,1,0.06,1,0.98,0.98,0.13,0.99,0.95,0.93,0.2,0.97,0.88,0.85,0.27,0.96,0.79,0.73,0.34,0.93,0.67,0.58,0.41,0.9,0.53,0.4,0.47,0.87,0.36,0.19,0.49,0.86,0.32,0.14,1,0.01,0,0.13,0,1,0.06,1,0.13,1,0.2,1,0.27,1,0.34,1,0.41,1,0.47,1,0.49,1,1,1]}},"t":2,"a":{"a":0,"k":0},"h":{"a":0,"k":0},"s":{"a":0,"k":[500,500]},"lc":1,"lj":1,"ml":10,"w":{"a":0,"k":4.25}},{"ty":"tr","o":{"a":0,"k":100},"s":{"a":0,"k":[75,75]}}]},{"ty":"gr","it":[{"ty":"sh","ks":{"a":0,"k":{"c":true,"i":[[0,0],[-15.27,27.9],[-27.89,-61.06],[15.27,-27.9],[27.89,61.06]],"o":[[-27.9,-61.06],[15.27,-27.9],[27.9,61.06],[-15.27,27.9],[0,0]],"v":[[472.36,550.51],[449.49,389.43],[527.64,449.48],[550.51,610.56],[472.36,550.51]]}}},{"ty":"gs","o":{"a":0,"k":100},"e":{"a":0,"k":[500,402.86]},"g":{"p":10,"k":{"a":0,"k":[0,1,1,1,0.06,1,0.98,0.98,0.13,0.99,0.95,0.93,0.2,0.97,0.88,0.85,0.27,0.96,0.79,0.73,0.34,0.93,0.67,0.58,0.41,0.9,0.53,0.4,0.47,0.87,0.36,0.19,0.49,0.86,0.32,0.14,1,0.01,0,0.13,0,1,0.06,1,0.13,1,0.2,1,0.27,1,0.34,1,0.41,1,0.47,1,0.49,1,1,1]}},"t":2,"a":{"a":0,"k":0},"h":{"a":0,"k":0},"s":{"a":0,"k":[500,500]},"lc":1,"lj":1,"ml":10,"w":{"a":0,"k":4.25}},{"ty":"tr","o":{"a":0,"k":100},"s":{"a":0,"k":[75,75]}}]},{"ty":"gr","it":[{"ty":"sh","ks":{"a":0,"k":{"c":true,"i":[[0,0],[-16.37,27.48],[-27.48,-65.5],[16.37,-27.48],[27.48,65.5]],"o":[[-27.48,-65.5],[16.37,-27.48],[27.48,65.5],[-16.38,27.48],[0,0]],"v":[[470.35,549.76],[450.24,381.4],[529.65,450.24],[549.76,618.6],[470.35,549.76]]}}},{"ty":"gs","o":{"a":0,"k":100},"e":{"a":0,"k":[500,398.24]},"g":{"p":10,"k":{"a":0,"k":[0,1,1,1,0.06,1,0.98,0.98,0.13,0.99,0.95,0.93,0.2,0.97,0.88,0.85,0.27,0.96,0.79,0.73,0.34,0.93,0.67,0.58,0.41,0.9,0.53,0.4,0.47,0.87,0.36,0.19,0.49,0.86,0.32,0.14,1,0.01,0,0.13,0,1,0.06,1,0.13,1,0.2,1,0.27,1,0.34,1,0.41,1,0.47,1,0.49,1,1,1]}},"t":2,"a":{"a":0,"k":0},"h":{"a":0,"k":0},"s":{"a":0,"k":[500,500]},"lc":1,"lj":1,"ml":10,"w":{"a":0,"k":4.25}},{"ty":"tr","o":{"a":0,"k":100},"s":{"a":0,"k":[75,75]}}]},{"ty":"gr","it":[{"ty":"sh","ks":{"a":0,"k":{"c":true,"i":[[0,0],[-17.54,26.83],[-26.83,-70.14],[17.54,-26.83],[26.83,70.14]],"o":[[-26.83,-70.14],[17.54,-26.83],[26.83,70.14],[-17.54,26.83],[0,0]],"v":[[468.25,548.58],[451.42,373],[531.75,451.42],[548.58,627],[468.25,548.58]]}}},{"ty":"gs","o":{"a":0,"k":100},"e":{"a":0,"k":[500,393.46]},"g":{"p":10,"k":{"a":0,"k":[0,1,1,1,0.06,1,0.98,0.98,0.13,0.99,0.95,0.93,0.2,0.97,0.88,0.85,0.27,0.96,0.79,0.73,0.34,0.93,0.67,0.58,0.41,0.9,0.53,0.4,0.47,0.87,0.36,0.19,0.49,0.86,0.32,0.14,1,0.01,0,0.13,0,1,0.06,1,0.13,1,0.2,1,0.27,1,0.34,1,0.41,1,0.47,1,0.49,1,1,1]}},"t":2,"a":{"a":0,"k":0},"h":{"a":0,"k":0},"s":{"a":0,"k":[500,500]},"lc":1,"lj":1,"ml":10,"w":{"a":0,"k":4.25}},{"ty":"tr","o":{"a":0,"k":100},"s":{"a":0,"k":[75,75]}}]},{"ty":"gr","it":[{"ty":"sh","ks":{"a":0,"k":{"c":true,"i":[[0,0],[-18.7,26.18],[-26.18,-74.78],[18.7,-26.18],[26.18,74.78]],"o":[[-26.18,-74.78],[18.7,-26.18],[26.18,74.78],[-18.7,26.18],[0,0]],"v":[[466.15,547.41],[452.6,364.6],[533.86,452.6],[547.41,635.41],[466.15,547.41]]}}},{"ty":"gs","o":{"a":0,"k":100},"e":{"a":0,"k":[500,388.52]},"g":{"p":10,"k":{"a":0,"k":[0,1,1,1,0.06,1,0.98,0.98,0.13,0.99,0.95,0.93,0.2,0.97,0.88,0.85,0.27,0.96,0.79,0.73,0.34,0.93,0.67,0.58,0.41,0.9,0.53,0.4,0.47,0.87,0.36,0.19,0.49,0.86,0.32,0.14,1,0.01,0,0.13,0,1,0.06,1,0.13,1,0.2,1,0.27,1,0.34,1,0.41,1,0.47,1,0.49,1,1,1]}},"t":2,"a":{"a":0,"k":0},"h":{"a":0,"k":0},"s":{"a":0,"k":[500,500]},"lc":1,"lj":1,"ml":10,"w":{"a":0,"k":4.25}},{"ty":"tr","o":{"a":0,"k":100},"s":{"a":0,"k":[75,75]}}]},{"ty":"gr","it":[{"ty":"sh","ks":{"a":0,"k":{"c":true,"i":[[0,0],[-19.9,25.28],[-25.28,-79.6],[19.9,-25.28],[25.28,79.6]],"o":[[-25.27,-79.6],[19.9,-25.27],[25.27,79.6],[-19.9,25.27],[0,0]],"v":[[463.97,545.76],[454.24,355.87],[536.04,454.23],[545.77,644.12],[463.97,545.76]]}}},{"ty":"gs","o":{"a":0,"k":100},"e":{"a":0,"k":[500,383.44]},"g":{"p":10,"k":{"a":0,"k":[0,1,1,1,0.06,1,0.98,0.98,0.13,0.99,0.95,0.93,0.2,0.97,0.88,0.85,0.27,0.96,0.79,0.73,0.34,0.93,0.67,0.58,0.41,0.9,0.53,0.4,0.47,0.87,0.36,0.19,0.49,0.86,0.32,0.14,1,0.01,0,0.13,0,1,0.06,1,0.13,1,0.2,1,0.27,1,0.34,1,0.41,1,0.47,1,0.49,1,1,1]}},"t":2,"a":{"a":0,"k":0},"h":{"a":0,"k":0},"s":{"a":0,"k":[500,500]},"lc":1,"lj":1,"ml":10,"w":{"a":0,"k":4.25}},{"ty":"tr","o":{"a":0,"k":100},"s":{"a":0,"k":[75,75]}}]},{"ty":"gr","it":[{"ty":"sh","ks":{"a":0,"k":{"c":true,"i":[[0,0],[-21.1,24.37],[-24.36,-84.41],[21.1,-24.37],[24.36,84.41]],"o":[[-24.37,-84.41],[21.1,-24.37],[24.37,84.41],[-21.1,24.37],[0,0]],"v":[[461.79,544.12],[455.88,347.15],[538.21,455.87],[544.12,652.84],[461.79,544.12]]}}},{"ty":"gs","o":{"a":0,"k":100},"e":{"a":0,"k":[500,378.22]},"g":{"p":10,"k":{"a":0,"k":[0,1,1,1,0.06,1,0.98,0.98,0.13,0.99,0.95,0.93,0.2,0.97,0.88,0.85,0.27,0.96,0.79,0.73,0.34,0.93,0.67,0.58,0.41,0.9,0.53,0.4,0.47,0.87,0.36,0.19,0.49,0.86,0.32,0.14,1,0.01,0,0.13,0,1,0.06,1,0.13,1,0.2,1,0.27,1,0.34,1,0.41,1,0.47,1,0.49,1,1,1]}},"t":2,"a":{"a":0,"k":0},"h":{"a":0,"k":0},"s":{"a":0,"k":[500,500]},"lc":1,"lj":1,"ml":10,"w":{"a":0,"k":4.25}},{"ty":"tr","o":{"a":0,"k":100},"s":{"a":0,"k":[75,75]}}]},{"ty":"gr","it":[{"ty":"sh","ks":{"a":0,"k":{"c":true,"i":[[0,0],[-22.34,23.18],[-23.18,-89.36],[22.34,-23.18],[23.18,89.36]],"o":[[-23.18,-89.37],[22.34,-23.18],[23.18,89.37],[-22.34,23.18],[0,0]],"v":[[459.55,541.97],[458.03,338.19],[540.45,458.03],[541.97,661.81],[459.55,541.97]]}}},{"ty":"gs","o":{"a":0,"k":100},"e":{"a":0,"k":[500,372.87]},"g":{"p":10,"k":{"a":0,"k":[0,1,1,1,0.06,1,0.98,0.98,0.13,0.99,0.95,0.93,0.2,0.97,0.88,0.85,0.27,0.96,0.79,0.73,0.34,0.93,0.67,0.58,0.41,0.9,0.53,0.4,0.47,0.87,0.36,0.19,0.49,0.86,0.32,0.14,1,0.01,0,0.13,0,1,0.06,1,0.13,1,0.2,1,0.27,1,0.34,1,0.41,1,0.47,1,0.49,1,1,1]}},"t":2,"a":{"a":0,"k":0},"h":{"a":0,"k":0},"s":{"a":0,"k":[500,500]},"lc":1,"lj":1,"ml":10,"w":{"a":0,"k":4.25}},{"ty":"tr","o":{"a":0,"k":100},"s":{"a":0,"k":[75,75]}}]},{"ty":"gr","it":[{"ty":"sh","ks":{"a":0,"k":{"c":true,"i":[[0,0],[-23.58,21.99],[-21.99,-94.32],[23.58,-21.99],[21.99,94.32]],"o":[[-21.99,-94.32],[23.58,-21.99],[21.99,94.32],[-23.58,21.99],[0,0]],"v":[[457.31,539.82],[460.19,329.22],[542.7,460.18],[539.82,670.78],[457.31,539.82]]}}},{"ty":"gs","o":{"a":0,"k":100},"e":{"a":0,"k":[500,367.38]},"g":{"p":10,"k":{"a":0,"k":[0,1,1,1,0.06,1,0.98,0.98,0.13,0.99,0.95,0.93,0.2,0.97,0.88,0.85,0.27,0.96,0.79,0.73,0.34,0.93,0.67,0.58,0.41,0.9,0.53,0.4,0.47,0.87,0.36,0.19,0.49,0.86,0.32,0.14,1,0.01,0,0.13,0,1,0.06,1,0.13,1,0.2,1,0.27,1,0.34,1,0.41,1,0.47,1,0.49,1,1,1]}},"t":2,"a":{"a":0,"k":0},"h":{"a":0,"k":0},"s":{"a":0,"k":[500,500]},"lc":1,"lj":1,"ml":10,"w":{"a":0,"k":4.25}},{"ty":"tr","o":{"a":0,"k":100},"s":{"a":0,"k":[75,75]}}]},{"ty":"gr","it":[{"ty":"sh","ks":{"a":0,"k":{"c":true,"i":[[0,0],[-24.84,20.5],[-20.49,-99.37],[24.84,-20.5],[20.49,99.38]],"o":[[-20.5,-99.37],[24.84,-20.5],[20.5,99.37],[-24.84,20.5],[0,0]],"v":[[455.02,537.11],[462.89,320.08],[544.98,462.89],[537.11,679.92],[455.02,537.11]]}}},{"ty":"gs","o":{"a":0,"k":100},"e":{"a":0,"k":[500,361.8]},"g":{"p":10,"k":{"a":0,"k":[0,1,1,1,0.06,1,0.98,0.98,0.13,0.99,0.95,0.93,0.2,0.97,0.88,0.85,0.27,0.96,0.79,0.73,0.34,0.93,0.67,0.58,0.41,0.9,0.53,0.4,0.47,0.87,0.36,0.19,0.49,0.86,0.32,0.14,1,0.01,0,0.13,0,1,0.06,1,0.13,1,0.2,1,0.27,1,0.34,1,0.41,1,0.47,1,0.49,1,1,1]}},"t":2,"a":{"a":0,"k":0},"h":{"a":0,"k":0},"s":{"a":0,"k":[500,500]},"lc":1,"lj":1,"ml":10,"w":{"a":0,"k":4.25}},{"ty":"tr","o":{"a":0,"k":100},"s":{"a":0,"k":[75,75]}}]},{"ty":"gr","it":[{"ty":"sh","ks":{"a":0,"k":{"c":true,"i":[[0,0],[-26.1,19],[-19,-104.41],[26.1,-19],[19,104.41]],"o":[[-19,-104.41],[26.1,-19],[19,104.41],[-26.1,19],[0,0]],"v":[[452.74,534.41],[465.6,310.95],[547.27,465.6],[534.41,689.06],[452.74,534.41]]}}},{"ty":"gs","o":{"a":0,"k":100},"e":{"a":0,"k":[500,356.07]},"g":{"p":10,"k":{"a":0,"k":[0,1,1,1,0.06,1,0.98,0.98,0.13,0.99,0.95,0.93,0.2,0.97,0.88,0.85,0.27,0.96,0.79,0.73,0.34,0.93,0.67,0.58,0.41,0.9,0.53,0.4,0.47,0.87,0.36,0.19,0.49,0.86,0.32,0.14,1,0.01,0,0.13,0,1,0.06,1,0.13,1,0.2,1,0.27,1,0.34,1,0.41,1,0.47,1,0.49,1,1,1]}},"t":2,"a":{"a":0,"k":0},"h":{"a":0,"k":0},"s":{"a":0,"k":[500,500]},"lc":1,"lj":1,"ml":10,"w":{"a":0,"k":4.25}},{"ty":"tr","o":{"a":0,"k":100},"s":{"a":0,"k":[75,75]}}]},{"ty":"gr","it":[{"ty":"sh","ks":{"a":0,"k":{"c":true,"i":[[0,0],[-27.38,17.18],[-17.18,-109.5],[27.38,-17.18],[17.18,109.5]],"o":[[-17.18,-109.5],[27.38,-17.18],[17.18,109.5],[-27.38,17.18],[0,0]],"v":[[450.43,531.1],[468.9,301.72],[549.57,468.89],[531.1,698.27],[450.43,531.1]]}}},{"ty":"gs","o":{"a":0,"k":100},"e":{"a":0,"k":[500,350.29]},"g":{"p":10,"k":{"a":0,"k":[0,1,1,1,0.06,1,0.98,0.98,0.13,0.99,0.95,0.93,0.2,0.97,0.88,0.85,0.27,0.96,0.79,0.73,0.34,0.93,0.67,0.58,0.41,0.9,0.53,0.4,0.47,0.87,0.36,0.19,0.49,0.86,0.32,0.14,1,0.01,0,0.13,0,1,0.06,1,0.13,1,0.2,1,0.27,1,0.34,1,0.41,1,0.47,1,0.49,1,1,1]}},"t":2,"a":{"a":0,"k":0},"h":{"a":0,"k":0},"s":{"a":0,"k":[500,500]},"lc":1,"lj":1,"ml":10,"w":{"a":0,"k":4.25}},{"ty":"tr","o":{"a":0,"k":100},"s":{"a":0,"k":[75,75]}}]},{"ty":"gr","it":[{"ty":"sh","ks":{"a":0,"k":{"c":true,"i":[[0,0],[-28.64,15.35],[-15.35,-114.59],[28.64,-15.35],[15.35,114.59]],"o":[[-15.35,-114.59],[28.65,-15.35],[15.35,114.59],[-28.65,15.35],[0,0]],"v":[[448.13,527.8],[472.2,292.51],[551.87,472.2],[527.8,707.49],[448.13,527.8]]}}},{"ty":"gs","o":{"a":0,"k":100},"e":{"a":0,"k":[500,344.36]},"g":{"p":10,"k":{"a":0,"k":[0,1,1,1,0.06,1,0.98,0.98,0.13,0.99,0.95,0.93,0.2,0.97,0.88,0.85,0.27,0.96,0.79,0.73,0.34,0.93,0.67,0.58,0.41,0.9,0.53,0.4,0.47,0.87,0.36,0.19,0.49,0.86,0.32,0.14,1,0.01,0,0.13,0,1,0.06,1,0.13,1,0.2,1,0.27,1,0.34,1,0.41,1,0.47,1,0.49,1,1,1]}},"t":2,"a":{"a":0,"k":0},"h":{"a":0,"k":0},"s":{"a":0,"k":[500,500]},"lc":1,"lj":1,"ml":10,"w":{"a":0,"k":4.25}},{"ty":"tr","o":{"a":0,"k":100},"s":{"a":0,"k":[75,75]}}]},{"ty":"gr","it":[{"ty":"sh","ks":{"a":0,"k":{"c":true,"i":[[0,0],[-29.91,13.17],[-13.18,-119.67],[29.91,-13.17],[13.18,119.67]],"o":[[-13.18,-119.67],[29.92,-13.18],[13.18,119.67],[-29.92,13.18],[0,0]],"v":[[445.83,523.86],[476.14,283.33],[554.17,476.15],[523.86,716.68],[445.83,523.86]]}}},{"ty":"gs","o":{"a":0,"k":100},"e":{"a":0,"k":[500,338.41]},"g":{"p":10,"k":{"a":0,"k":[0,1,1,1,0.06,1,0.98,0.98,0.13,0.99,0.95,0.93,0.2,0.97,0.88,0.85,0.27,0.96,0.79,0.73,0.34,0.93,0.67,0.58,0.41,0.9,0.53,0.4,0.47,0.87,0.36,0.19,0.49,0.86,0.32,0.14,1,0.01,0,0.13,0,1,0.06,1,0.13,1,0.2,1,0.27,1,0.34,1,0.41,1,0.47,1,0.49,1,1,1]}},"t":2,"a":{"a":0,"k":0},"h":{"a":0,"k":0},"s":{"a":0,"k":[500,500]},"lc":1,"lj":1,"ml":10,"w":{"a":0,"k":4.25}},{"ty":"tr","o":{"a":0,"k":100},"s":{"a":0,"k":[75,75]}}]},{"ty":"gr","it":[{"ty":"sh","ks":{"a":0,"k":{"c":true,"i":[[0,0],[-31.18,11],[-11,-124.74],[31.18,-11],[11,124.74]],"o":[[-11,-124.74],[31.19,-11],[11,124.74],[-31.19,11],[0,0]],"v":[[443.53,519.91],[480.08,274.13],[556.46,480.08],[519.91,725.86],[443.53,519.91]]}}},{"ty":"gs","o":{"a":0,"k":100},"e":{"a":0,"k":[500,332.32]},"g":{"p":10,"k":{"a":0,"k":[0,1,1,1,0.06,1,0.98,0.98,0.13,0.99,0.95,0.93,0.2,0.97,0.88,0.85,0.27,0.96,0.79,0.73,0.34,0.93,0.67,0.58,0.41,0.9,0.53,0.4,0.47,0.87,0.36,0.19,0.49,0.86,0.32,0.14,1,0.01,0,0.13,0,1,0.06,1,0.13,1,0.2,1,0.27,1,0.34,1,0.41,1,0.47,1,0.49,1,1,1]}},"t":2,"a":{"a":0,"k":0},"h":{"a":0,"k":0},"s":{"a":0,"k":[500,500]},"lc":1,"lj":1,"ml":10,"w":{"a":0,"k":4.25}},{"ty":"tr","o":{"a":0,"k":100},"s":{"a":0,"k":[75,75]}}]},{"ty":"gr","it":[{"ty":"sh","ks":{"a":0,"k":{"c":true,"i":[[0,0],[-32.43,8.45],[-8.45,-129.73],[32.43,-8.45],[8.45,129.73]],"o":[[-8.45,-129.73],[32.43,-8.45],[8.45,129.73],[-32.43,8.45],[0,0]],"v":[[441.27,515.29],[484.7,265.09],[558.72,484.7],[515.29,734.9],[441.27,515.29]]}}},{"ty":"gs","o":{"a":0,"k":100},"e":{"a":0,"k":[500,326.26]},"g":{"p":10,"k":{"a":0,"k":[0,1,1,1,0.06,1,0.98,0.98,0.13,0.99,0.95,0.93,0.2,0.97,0.88,0.85,0.27,0.96,0.79,0.73,0.34,0.93,0.67,0.58,0.41,0.9,0.53,0.4,0.47,0.87,0.36,0.19,0.49,0.86,0.32,0.14,1,0.01,0,0.13,0,1,0.06,1,0.13,1,0.2,1,0.27,1,0.34,1,0.41,1,0.47,1,0.49,1,1,1]}},"t":2,"a":{"a":0,"k":0},"h":{"a":0,"k":0},"s":{"a":0,"k":[500,500]},"lc":1,"lj":1,"ml":10,"w":{"a":0,"k":4.25}},{"ty":"tr","o":{"a":0,"k":100},"s":{"a":0,"k":[75,75]}}]},{"ty":"gr","it":[{"ty":"sh","ks":{"a":0,"k":{"c":true,"i":[[0,0],[-33.68,5.9],[-5.9,-134.72],[33.68,-5.9],[5.9,134.72]],"o":[[-5.89,-134.73],[33.68,-5.89],[5.89,134.73],[-33.68,5.89],[0,0]],"v":[[439.01,510.67],[489.32,256.05],[560.98,489.32],[510.67,743.94],[439.01,510.67]]}}},{"ty":"gs","o":{"a":0,"k":100},"e":{"a":0,"k":[500,320.04]},"g":{"p":10,"k":{"a":0,"k":[0,1,1,1,0.06,1,0.98,0.98,0.13,0.99,0.95,0.93,0.2,0.97,0.88,0.85,0.27,0.96,0.79,0.73,0.34,0.93,0.67,0.58,0.41,0.9,0.53,0.4,0.47,0.87,0.36,0.19,0.49,0.86,0.32,0.14,1,0.01,0,0.13,0,1,0.06,1,0.13,1,0.2,1,0.27,1,0.34,1,0.41,1,0.47,1,0.49,1,1,1]}},"t":2,"a":{"a":0,"k":0},"h":{"a":0,"k":0},"s":{"a":0,"k":[500,500]},"lc":1,"lj":1,"ml":10,"w":{"a":0,"k":4.25}},{"ty":"tr","o":{"a":0,"k":100},"s":{"a":0,"k":[75,75]}}]},{"ty":"gr","it":[{"ty":"sh","ks":{"a":0,"k":{"c":true,"i":[[0,0],[-34.89,2.94],[-2.95,-139.56],[34.89,-2.94],[2.95,139.56]],"o":[[-2.95,-139.56],[34.89,-2.95],[2.95,139.56],[-34.89,2.95],[0,0]],"v":[[436.83,505.34],[494.67,247.31],[563.18,494.67],[505.34,752.7],[436.83,505.34]]}}},{"ty":"gs","o":{"a":0,"k":100},"e":{"a":0,"k":[500,313.91]},"g":{"p":10,"k":{"a":0,"k":[0,1,1,1,0.06,1,0.98,0.98,0.13,0.99,0.95,0.93,0.2,0.97,0.88,0.85,0.27,0.96,0.79,0.73,0.34,0.93,0.67,0.58,0.41,0.9,0.53,0.4,0.47,0.87,0.36,0.19,0.49,0.86,0.32,0.14,1,0.01,0,0.13,0,1,0.06,1,0.13,1,0.2,1,0.27,1,0.34,1,0.41,1,0.47,1,0.49,1,1,1]}},"t":2,"a":{"a":0,"k":0},"h":{"a":0,"k":0},"s":{"a":0,"k":[500,500]},"lc":1,"lj":1,"ml":10,"w":{"a":0,"k":4.25}},{"ty":"tr","o":{"a":0,"k":100},"s":{"a":0,"k":[75,75]}}]},{"ty":"gr","it":[{"ty":"sh","ks":{"a":0,"k":{"c":false,"i":[[0,0],[36.1,0],[0,144.4],[-36.1,0],[0,-144.4]],"o":[[0,144.4],[-36.1,0],[0,-144.4],[36.1,0],[0,0]],"v":[[565.36,500],[500,761.45],[434.64,500],[500,238.55],[565.36,500]]}}},{"ty":"gs","o":{"a":0,"k":100},"e":{"a":0,"k":[500,307.61]},"g":{"p":10,"k":{"a":0,"k":[0,1,1,1,0.06,1,0.98,0.98,0.13,0.99,0.95,0.93,0.2,0.97,0.88,0.85,0.27,0.96,0.79,0.73,0.34,0.93,0.67,0.58,0.41,0.9,0.53,0.4,0.47,0.87,0.36,0.19,0.49,0.86,0.32,0.14,1,0.01,0,0.13,0,1,0.06,1,0.13,1,0.2,1,0.27,1,0.34,1,0.41,1,0.47,1,0.49,1,1,1]}},"t":2,"a":{"a":0,"k":0},"h":{"a":0,"k":0},"s":{"a":0,"k":[500,500]},"lc":1,"lj":1,"ml":10,"w":{"a":0,"k":4.25}},{"ty":"tr","o":{"a":0,"k":100},"s":{"a":0,"k":[75,75]}}]},{"ty":"gr","it":[{"ty":"sh","ks":{"a":0,"k":{"c":true,"i":[[0,0],[-37.24,-3.36],[3.36,-148.99],[37.25,3.36],[-3.36,148.99]],"o":[[3.36,-148.99],[37.25,3.36],[-3.36,148.99],[-37.25,-3.36],[0,0]],"v":[[432.56,493.92],[506.08,230.23],[567.44,506.08],[493.91,769.77],[432.55,493.92]]}}},{"ty":"gs","o":{"a":0,"k":100},"e":{"a":0,"k":[500,301.45]},"g":{"p":10,"k":{"a":0,"k":[0,1,1,1,0.06,1,0.98,0.98,0.13,0.99,0.95,0.93,0.2,0.97,0.88,0.85,0.27,0.96,0.79,0.73,0.34,0.93,0.67,0.58,0.41,0.9,0.53,0.4,0.47,0.87,0.36,0.19,0.49,0.86,0.32,0.14,1,0.01,0,0.13,0,1,0.06,1,0.13,1,0.2,1,0.27,1,0.34,1,0.41,1,0.47,1,0.49,1,1,1]}},"t":2,"a":{"a":0,"k":0},"h":{"a":0,"k":0},"s":{"a":0,"k":[500,500]},"lc":1,"lj":1,"ml":10,"w":{"a":0,"k":4.25}},{"ty":"tr","o":{"a":0,"k":100},"s":{"a":0,"k":[75,75]}}]},{"ty":"gr","it":[{"ty":"sh","ks":{"a":0,"k":{"c":true,"i":[[0,0],[-38.4,-6.72],[6.72,-153.58],[38.4,6.72],[-6.72,153.58]],"o":[[6.72,-153.58],[38.4,6.72],[-6.72,153.58],[-38.4,-6.72],[0,0]],"v":[[430.48,487.84],[512.17,221.92],[569.53,512.17],[487.84,778.09],[430.48,487.84]]}}},{"ty":"gs","o":{"a":0,"k":100},"e":{"a":0,"k":[500,295.11]},"g":{"p":10,"k":{"a":0,"k":[0,1,1,1,0.06,1,0.98,0.98,0.13,0.99,0.95,0.93,0.2,0.97,0.88,0.85,0.27,0.96,0.79,0.73,0.34,0.93,0.67,0.58,0.41,0.9,0.53,0.4,0.47,0.87,0.36,0.19,0.49,0.86,0.32,0.14,1,0.01,0,0.13,0,1,0.06,1,0.13,1,0.2,1,0.27,1,0.34,1,0.41,1,0.47,1,0.49,1,1,1]}},"t":2,"a":{"a":0,"k":0},"h":{"a":0,"k":0},"s":{"a":0,"k":[500,500]},"lc":1,"lj":1,"ml":10,"w":{"a":0,"k":4.25}},{"ty":"tr","o":{"a":0,"k":100},"s":{"a":0,"k":[75,75]}}]},{"ty":"gr","it":[{"ty":"sh","ks":{"a":0,"k":{"c":true,"i":[[0,0],[-39.46,-10.51],[10.51,-157.85],[39.46,10.51],[-10.51,157.85]],"o":[[10.5,-157.85],[39.46,10.51],[-10.5,157.85],[-39.46,-10.5],[0,0]],"v":[[428.55,480.98],[519.02,214.2],[571.45,519.03],[480.98,785.81],[428.55,480.98]]}}},{"ty":"gs","o":{"a":0,"k":100},"e":{"a":0,"k":[500,288.98]},"g":{"p":10,"k":{"a":0,"k":[0,1,1,1,0.06,1,0.98,0.98,0.13,0.99,0.95,0.93,0.2,0.97,0.88,0.85,0.27,0.96,0.79,0.73,0.34,0.93,0.67,0.58,0.41,0.9,0.53,0.4,0.47,0.87,0.36,0.19,0.49,0.86,0.32,0.14,1,0.01,0,0.13,0,1,0.06,1,0.13,1,0.2,1,0.27,1,0.34,1,0.41,1,0.47,1,0.49,1,1,1]}},"t":2,"a":{"a":0,"k":0},"h":{"a":0,"k":0},"s":{"a":0,"k":[500,500]},"lc":1,"lj":1,"ml":10,"w":{"a":0,"k":4.25}},{"ty":"tr","o":{"a":0,"k":100},"s":{"a":0,"k":[75,75]}}]},{"ty":"gr","it":[{"ty":"sh","ks":{"a":0,"k":{"c":true,"i":[[0,0],[-40.53,-14.29],[14.29,-162.11],[40.53,14.29],[-14.29,162.11]],"o":[[14.29,-162.11],[40.53,14.29],[-14.29,162.11],[-40.53,-14.29],[0,0]],"v":[[426.62,474.12],[525.88,206.48],[573.38,525.88],[474.12,793.52],[426.62,474.12]]}}},{"ty":"gs","o":{"a":0,"k":100},"e":{"a":0,"k":[500,282.65]},"g":{"p":10,"k":{"a":0,"k":[0,1,1,1,0.06,1,0.98,0.98,0.13,0.99,0.95,0.93,0.2,0.97,0.88,0.85,0.27,0.96,0.79,0.73,0.34,0.93,0.67,0.58,0.41,0.9,0.53,0.4,0.47,0.87,0.36,0.19,0.49,0.86,0.32,0.14,1,0.01,0,0.13,0,1,0.06,1,0.13,1,0.2,1,0.27,1,0.34,1,0.41,1,0.47,1,0.49,1,1,1]}},"t":2,"a":{"a":0,"k":0},"h":{"a":0,"k":0},"s":{"a":0,"k":[500,500]},"lc":1,"lj":1,"ml":10,"w":{"a":0,"k":4.25}},{"ty":"tr","o":{"a":0,"k":100},"s":{"a":0,"k":[75,75]}}]},{"ty":"gr","it":[{"ty":"sh","ks":{"a":0,"k":{"c":true,"i":[[0,0],[-41.48,-18.52],[18.52,-165.93],[41.48,18.52],[-18.52,165.93]],"o":[[18.52,-165.93],[41.48,18.52],[-18.52,165.93],[-41.48,-18.52],[0,0]],"v":[[424.89,466.47],[533.53,199.55],[575.11,533.53],[466.47,800.45],[424.89,466.47]]}}},{"ty":"gs","o":{"a":0,"k":100},"e":{"a":0,"k":[500,276.59]},"g":{"p":10,"k":{"a":0,"k":[0,1,1,1,0.06,1,0.98,0.98,0.13,0.99,0.95,0.93,0.2,0.97,0.88,0.85,0.27,0.96,0.79,0.73,0.34,0.93,0.67,0.58,0.41,0.9,0.53,0.4,0.47,0.87,0.36,0.19,0.49,0.86,0.32,0.14,1,0.01,0,0.13,0,1,0.06,1,0.13,1,0.2,1,0.27,1,0.34,1,0.41,1,0.47,1,0.49,1,1,1]}},"t":2,"a":{"a":0,"k":0},"h":{"a":0,"k":0},"s":{"a":0,"k":[500,500]},"lc":1,"lj":1,"ml":10,"w":{"a":0,"k":4.25}},{"ty":"tr","o":{"a":0,"k":100},"s":{"a":0,"k":[75,75]}}]},{"ty":"gr","it":[{"ty":"sh","ks":{"a":0,"k":{"c":true,"i":[[0,0],[-42.44,-22.74],[22.75,-169.76],[42.44,22.74],[-22.75,169.76]],"o":[[22.74,-169.76],[42.44,22.74],[-22.74,169.76],[-42.44,-22.74],[0,0]],"v":[[423.16,458.82],[541.19,192.62],[576.85,541.18],[458.82,807.38],[423.16,458.82]]}}},{"ty":"gs","o":{"a":0,"k":100},"e":{"a":0,"k":[500,270.32]},"g":{"p":10,"k":{"a":0,"k":[0,1,1,1,0.06,1,0.98,0.98,0.13,0.99,0.95,0.93,0.2,0.97,0.88,0.85,0.27,0.96,0.79,0.73,0.34,0.93,0.67,0.58,0.41,0.9,0.53,0.4,0.47,0.87,0.36,0.19,0.49,0.86,0.32,0.14,1,0.01,0,0.13,0,1,0.06,1,0.13,1,0.2,1,0.27,1,0.34,1,0.41,1,0.47,1,0.49,1,1,1]}},"t":2,"a":{"a":0,"k":0},"h":{"a":0,"k":0},"s":{"a":0,"k":[500,500]},"lc":1,"lj":1,"ml":10,"w":{"a":0,"k":4.25}},{"ty":"tr","o":{"a":0,"k":100},"s":{"a":0,"k":[75,75]}}]},{"ty":"gr","it":[{"ty":"sh","ks":{"a":0,"k":{"c":true,"i":[[0,0],[-43.26,-27.42],[27.42,-173.05],[43.26,27.42],[-27.42,173.05]],"o":[[27.42,-173.05],[43.26,27.42],[-27.42,173.05],[-43.26,-27.42],[0,0]],"v":[[421.67,450.36],[549.64,186.68],[578.33,549.65],[450.36,813.33],[421.67,450.36]]}}},{"ty":"gs","o":{"a":0,"k":100},"e":{"a":0,"k":[500,264.39]},"g":{"p":10,"k":{"a":0,"k":[0,1,1,1,0.06,1,0.98,0.98,0.13,0.99,0.95,0.93,0.2,0.97,0.88,0.85,0.27,0.96,0.79,0.73,0.34,0.93,0.67,0.58,0.41,0.9,0.53,0.4,0.47,0.87,0.36,0.19,0.49,0.86,0.32,0.14,1,0.01,0,0.13,0,1,0.06,1,0.13,1,0.2,1,0.27,1,0.34,1,0.41,1,0.47,1,0.49,1,1,1]}},"t":2,"a":{"a":0,"k":0},"h":{"a":0,"k":0},"s":{"a":0,"k":[500,500]},"lc":1,"lj":1,"ml":10,"w":{"a":0,"k":4.25}},{"ty":"tr","o":{"a":0,"k":100},"s":{"a":0,"k":[75,75]}}]},{"ty":"gr","it":[{"ty":"sh","ks":{"a":0,"k":{"c":true,"i":[[0,0],[-44.08,-32.09],[32.08,-176.33],[44.08,32.09],[-32.08,176.33]],"o":[[32.09,-176.33],[44.08,32.09],[-32.09,176.33],[-44.08,-32.09],[0,0]],"v":[[420.18,441.9],[558.1,180.73],[579.82,558.11],[441.9,819.28],[420.18,441.9]]}}},{"ty":"gs","o":{"a":0,"k":100},"e":{"a":0,"k":[500,258.23]},"g":{"p":10,"k":{"a":0,"k":[0,1,1,1,0.06,1,0.98,0.98,0.13,0.99,0.95,0.93,0.2,0.97,0.88,0.85,0.27,0.96,0.79,0.73,0.34,0.93,0.67,0.58,0.41,0.9,0.53,0.4,0.47,0.87,0.36,0.19,0.49,0.86,0.32,0.14,1,0.01,0,0.13,0,1,0.06,1,0.13,1,0.2,1,0.27,1,0.34,1,0.41,1,0.47,1,0.49,1,1,1]}},"t":2,"a":{"a":0,"k":0},"h":{"a":0,"k":0},"s":{"a":0,"k":[500,500]},"lc":1,"lj":1,"ml":10,"w":{"a":0,"k":4.25}},{"ty":"tr","o":{"a":0,"k":100},"s":{"a":0,"k":[75,75]}}]},{"ty":"gr","it":[{"ty":"sh","ks":{"a":0,"k":{"c":true,"i":[[0,0],[-44.74,-37.21],[37.21,-178.95],[44.74,37.21],[-37.21,178.95]],"o":[[37.21,-178.95],[44.74,37.21],[-37.21,178.95],[-44.74,-37.21],[0,0]],"v":[[418.99,432.62],[567.38,175.97],[581.01,567.37],[432.62,824.02],[418.99,432.62]]}}},{"ty":"gs","o":{"a":0,"k":100},"e":{"a":0,"k":[500,252.47]},"g":{"p":10,"k":{"a":0,"k":[0,1,1,1,0.06,1,0.98,0.98,0.13,0.99,0.95,0.93,0.2,0.97,0.88,0.85,0.27,0.96,0.79,0.73,0.34,0.93,0.67,0.58,0.41,0.9,0.53,0.4,0.47,0.87,0.36,0.19,0.49,0.86,0.32,0.14,1,0.01,0,0.13,0,1,0.06,1,0.13,1,0.2,1,0.27,1,0.34,1,0.41,1,0.47,1,0.49,1,1,1]}},"t":2,"a":{"a":0,"k":0},"h":{"a":0,"k":0},"s":{"a":0,"k":[500,500]},"lc":1,"lj":1,"ml":10,"w":{"a":0,"k":4.25}},{"ty":"tr","o":{"a":0,"k":100},"s":{"a":0,"k":[75,75]}}]},{"ty":"gr","it":[{"ty":"sh","ks":{"a":0,"k":{"c":true,"i":[[0,0],[-45.4,-42.34],[42.33,-181.58],[45.4,42.34],[-42.33,181.58]],"o":[[42.34,-181.58],[45.39,42.34],[-42.34,181.58],[-45.39,-42.34],[0,0]],"v":[[417.81,423.34],[576.66,171.22],[582.2,576.65],[423.35,828.77],[417.81,423.34]]}}},{"ty":"gs","o":{"a":0,"k":100},"e":{"a":0,"k":[500,246.45]},"g":{"p":10,"k":{"a":0,"k":[0,1,1,1,0.06,1,0.98,0.98,0.13,0.99,0.95,0.93,0.2,0.97,0.88,0.85,0.27,0.96,0.79,0.73,0.34,0.93,0.67,0.58,0.41,0.9,0.53,0.4,0.47,0.87,0.36,0.19,0.49,0.86,0.32,0.14,1,0.01,0,0.13,0,1,0.06,1,0.13,1,0.2,1,0.27,1,0.34,1,0.41,1,0.47,1,0.49,1,1,1]}},"t":2,"a":{"a":0,"k":0},"h":{"a":0,"k":0},"s":{"a":0,"k":[500,500]},"lc":1,"lj":1,"ml":10,"w":{"a":0,"k":4.25}},{"ty":"tr","o":{"a":0,"k":100},"s":{"a":0,"k":[75,75]}}]},{"ty":"gr","it":[{"ty":"sh","ks":{"a":0,"k":{"c":true,"i":[[0,0],[-45.86,-47.91],[47.91,-183.41],[45.86,47.91],[-47.91,183.41]],"o":[[47.91,-183.41],[45.85,47.91],[-47.91,183.41],[-45.85,-47.91],[0,0]],"v":[[416.97,413.26],[586.74,167.9],[583.02,586.74],[413.25,832.1],[416.97,413.26]]}}},{"ty":"gs","o":{"a":0,"k":100},"e":{"a":0,"k":[500,240.9]},"g":{"p":10,"k":{"a":0,"k":[0,1,1,1,0.06,1,0.98,0.98,0.13,0.99,0.95,0.93,0.2,0.97,0.88,0.85,0.27,0.96,0.79,0.73,0.34,0.93,0.67,0.58,0.41,0.9,0.53,0.4,0.47,0.87,0.36,0.19,0.49,0.86,0.32,0.14,1,0.01,0,0.13,0,1,0.06,1,0.13,1,0.2,1,0.27,1,0.34,1,0.41,1,0.47,1,0.49,1,1,1]}},"t":2,"a":{"a":0,"k":0},"h":{"a":0,"k":0},"s":{"a":0,"k":[500,500]},"lc":1,"lj":1,"ml":10,"w":{"a":0,"k":4.25}},{"ty":"tr","o":{"a":0,"k":100},"s":{"a":0,"k":[75,75]}}]},{"ty":"gr","it":[{"ty":"sh","ks":{"a":0,"k":{"c":true,"i":[[0,0],[-46.32,-53.48],[53.47,-185.25],[46.32,53.48],[-53.48,185.25]],"o":[[53.48,-185.25],[46.31,53.48],[-53.48,185.25],[-46.31,-53.48],[0,0]],"v":[[416.14,403.17],[596.83,164.57],[583.86,596.83],[403.17,835.43],[416.14,403.17]]}}},{"ty":"gs","o":{"a":0,"k":100},"e":{"a":0,"k":[500,235.05]},"g":{"p":10,"k":{"a":0,"k":[0,1,1,1,0.06,1,0.98,0.98,0.13,0.99,0.95,0.93,0.2,0.97,0.88,0.85,0.27,0.96,0.79,0.73,0.34,0.93,0.67,0.58,0.41,0.9,0.53,0.4,0.47,0.87,0.36,0.19,0.49,0.86,0.32,0.14,1,0.01,0,0.13,0,1,0.06,1,0.13,1,0.2,1,0.27,1,0.34,1,0.41,1,0.47,1,0.49,1,1,1]}},"t":2,"a":{"a":0,"k":0},"h":{"a":0,"k":0},"s":{"a":0,"k":[500,500]},"lc":1,"lj":1,"ml":10,"w":{"a":0,"k":4.25}},{"ty":"tr","o":{"a":0,"k":100},"s":{"a":0,"k":[75,75]}}]},{"ty":"gr","it":[{"ty":"sh","ks":{"a":0,"k":{"c":true,"i":[[0,0],[-46.55,-59.48],[59.49,-186.17],[46.55,59.48],[-59.49,186.17]],"o":[[59.49,-186.17],[46.54,59.49],[-59.49,186.17],[-46.54,-59.49],[0,0]],"v":[[415.73,392.29],[607.72,162.91],[584.28,607.71],[392.29,837.09],[415.73,392.29]]}}},{"ty":"gs","o":{"a":0,"k":100},"e":{"a":0,"k":[500,229.72]},"g":{"p":10,"k":{"a":0,"k":[0,1,1,1,0.06,1,0.98,0.98,0.13,0.99,0.95,0.93,0.2,0.97,0.88,0.85,0.27,0.96,0.79,0.73,0.34,0.93,0.67,0.58,0.41,0.9,0.53,0.4,0.47,0.87,0.36,0.19,0.49,0.86,0.32,0.14,1,0.01,0,0.13,0,1,0.06,1,0.13,1,0.2,1,0.27,1,0.34,1,0.41,1,0.47,1,0.49,1,1,1]}},"t":2,"a":{"a":0,"k":0},"h":{"a":0,"k":0},"s":{"a":0,"k":[500,500]},"lc":1,"lj":1,"ml":10,"w":{"a":0,"k":4.25}},{"ty":"tr","o":{"a":0,"k":100},"s":{"a":0,"k":[75,75]}}]},{"ty":"gr","it":[{"ty":"sh","ks":{"a":0,"k":{"c":true,"i":[[0,0],[-46.77,-65.5],[65.5,-187.09],[46.77,65.5],[-65.5,187.09]],"o":[[65.5,-187.09],[46.77,65.5],[-65.5,187.09],[-46.77,-65.5],[0,0]],"v":[[415.31,381.4],[618.59,161.25],[584.68,618.6],[381.4,838.75],[415.31,381.4]]}}},{"ty":"gs","o":{"a":0,"k":100},"e":{"a":0,"k":[500,224.06]},"g":{"p":10,"k":{"a":0,"k":[0,1,1,1,0.06,1,0.98,0.98,0.13,0.99,0.95,0.93,0.2,0.97,0.88,0.85,0.27,0.96,0.79,0.73,0.34,0.93,0.67,0.58,0.41,0.9,0.53,0.4,0.47,0.87,0.36,0.19,0.49,0.86,0.32,0.14,1,0.01,0,0.13,0,1,0.06,1,0.13,1,0.2,1,0.27,1,0.34,1,0.41,1,0.47,1,0.49,1,1,1]}},"t":2,"a":{"a":0,"k":0},"h":{"a":0,"k":0},"s":{"a":0,"k":[500,500]},"lc":1,"lj":1,"ml":10,"w":{"a":0,"k":4.25}},{"ty":"tr","o":{"a":0,"k":100},"s":{"a":0,"k":[75,75]}}]},{"ty":"gr","it":[{"ty":"sh","ks":{"a":0,"k":{"c":true,"i":[[0,0],[-46.73,-71.94],[71.94,-186.94],[46.73,71.94],[-71.94,186.94]],"o":[[71.94,-186.94],[46.74,71.94],[-71.94,186.94],[-46.74,-71.94],[0,0]],"v":[[415.38,369.75],[630.25,161.51],[584.62,630.25],[369.75,838.49],[415.38,369.75]]}}},{"ty":"gs","o":{"a":0,"k":100},"e":{"a":0,"k":[500,218.97]},"g":{"p":10,"k":{"a":0,"k":[0,1,1,1,0.06,1,0.98,0.98,0.13,0.99,0.95,0.93,0.2,0.97,0.88,0.85,0.27,0.96,0.79,0.73,0.34,0.93,0.67,0.58,0.41,0.9,0.53,0.4,0.47,0.87,0.36,0.19,0.49,0.86,0.32,0.14,1,0.01,0,0.13,0,1,0.06,1,0.13,1,0.2,1,0.27,1,0.34,1,0.41,1,0.47,1,0.49,1,1,1]}},"t":2,"a":{"a":0,"k":0},"h":{"a":0,"k":0},"s":{"a":0,"k":[500,500]},"lc":1,"lj":1,"ml":10,"w":{"a":0,"k":4.25}},{"ty":"tr","o":{"a":0,"k":100},"s":{"a":0,"k":[75,75]}}]},{"ty":"gr","it":[{"ty":"sh","ks":{"a":0,"k":{"c":true,"i":[[0,0],[-46.7,-78.37],[78.37,-186.8],[46.7,78.37],[-78.37,186.8]],"o":[[78.37,-186.8],[46.7,78.37],[-78.37,186.8],[-46.7,-78.37],[0,0]],"v":[[415.44,358.1],[641.9,161.77],[584.55,641.91],[358.09,838.24],[415.44,358.1]]}}},{"ty":"gs","o":{"a":0,"k":100},"e":{"a":0,"k":[500,213.49]},"g":{"p":10,"k":{"a":0,"k":[0,1,1,1,0.06,1,0.98,0.98,0.13,0.99,0.95,0.93,0.2,0.97,0.88,0.85,0.27,0.96,0.79,0.73,0.34,0.93,0.67,0.58,0.41,0.9,0.53,0.4,0.47,0.87,0.36,0.19,0.49,0.86,0.32,0.14,1,0.01,0,0.13,0,1,0.06,1,0.13,1,0.2,1,0.27,1,0.34,1,0.41,1,0.47,1,0.49,1,1,1]}},"t":2,"a":{"a":0,"k":0},"h":{"a":0,"k":0},"s":{"a":0,"k":[500,500]},"lc":1,"lj":1,"ml":10,"w":{"a":0,"k":4.25}},{"ty":"tr","o":{"a":0,"k":100},"s":{"a":0,"k":[75,75]}}]},{"ty":"gr","it":[{"ty":"sh","ks":{"a":0,"k":{"c":true,"i":[[0,0],[-46.37,-85.21],[85.21,-185.45],[46.36,85.21],[-85.21,185.45]],"o":[[85.21,-185.45],[46.36,85.21],[-85.21,185.45],[-46.36,-85.21],[0,0]],"v":[[416.05,345.71],[654.29,164.21],[583.95,654.29],[345.72,835.79],[416.06,345.71]]}}},{"ty":"gs","o":{"a":0,"k":100},"e":{"a":0,"k":[500,208.61]},"g":{"p":10,"k":{"a":0,"k":[0,1,1,1,0.06,1,0.98,0.98,0.13,0.99,0.95,0.93,0.2,0.97,0.88,0.85,0.27,0.96,0.79,0.73,0.34,0.93,0.67,0.58,0.41,0.9,0.53,0.4,0.47,0.87,0.36,0.19,0.49,0.86,0.32,0.14,1,0.01,0,0.13,0,1,0.06,1,0.13,1,0.2,1,0.27,1,0.34,1,0.41,1,0.47,1,0.49,1,1,1]}},"t":2,"a":{"a":0,"k":0},"h":{"a":0,"k":0},"s":{"a":0,"k":[500,500]},"lc":1,"lj":1,"ml":10,"w":{"a":0,"k":4.25}},{"ty":"tr","o":{"a":0,"k":100},"s":{"a":0,"k":[75,75]}}]},{"ty":"gr","it":[{"ty":"sh","ks":{"a":0,"k":{"c":true,"i":[[0,0],[-46.03,-92.05],[92.05,-184.1],[46.03,92.05],[-92.05,184.1]],"o":[[92.05,-184.1],[46.03,92.05],[-92.05,184.1],[-46.03,-92.05],[0,0]],"v":[[416.66,333.33],[666.67,166.66],[583.33,666.67],[333.32,833.34],[416.66,333.33]]}}},{"ty":"gs","o":{"a":0,"k":100},"e":{"a":0,"k":[500,203.28]},"g":{"p":10,"k":{"a":0,"k":[0,1,1,1,0.06,1,0.98,0.98,0.13,0.99,0.95,0.93,0.2,0.97,0.88,0.85,0.27,0.96,0.79,0.73,0.34,0.93,0.67,0.58,0.41,0.9,0.53,0.4,0.47,0.87,0.36,0.19,0.49,0.86,0.32,0.14,1,0.01,0,0.13,0,1,0.06,1,0.13,1,0.2,1,0.27,1,0.34,1,0.41,1,0.47,1,0.49,1,1,1]}},"t":2,"a":{"a":0,"k":0},"h":{"a":0,"k":0},"s":{"a":0,"k":[500,500]},"lc":1,"lj":1,"ml":10,"w":{"a":0,"k":4.25}},{"ty":"tr","o":{"a":0,"k":100},"s":{"a":0,"k":[75,75]}}]},{"ty":"gr","it":[{"ty":"sh","ks":{"a":0,"k":{"c":true,"i":[[0,0],[-45.35,-99.26],[99.26,-181.39],[45.35,99.26],[-99.26,181.39]],"o":[[99.26,-181.39],[45.35,99.26],[-99.26,181.39],[-45.35,-99.26],[0,0]],"v":[[417.89,320.27],[679.73,171.56],[582.11,679.73],[320.27,828.44],[417.89,320.27]]}}},{"ty":"gs","o":{"a":0,"k":100},"e":{"a":0,"k":[500,198.56]},"g":{"p":10,"k":{"a":0,"k":[0,1,1,1,0.06,1,0.98,0.98,0.13,0.99,0.95,0.93,0.2,0.97,0.88,0.85,0.27,0.96,0.79,0.73,0.34,0.93,0.67,0.58,0.41,0.9,0.53,0.4,0.47,0.87,0.36,0.19,0.49,0.86,0.32,0.14,1,0.01,0,0.13,0,1,0.06,1,0.13,1,0.2,1,0.27,1,0.34,1,0.41,1,0.47,1,0.49,1,1,1]}},"t":2,"a":{"a":0,"k":0},"h":{"a":0,"k":0},"s":{"a":0,"k":[500,500]},"lc":1,"lj":1,"ml":10,"w":{"a":0,"k":4.25}},{"ty":"tr","o":{"a":0,"k":100},"s":{"a":0,"k":[75,75]}}]},{"ty":"gr","it":[{"ty":"sh","ks":{"a":0,"k":{"c":true,"i":[[0,0],[-44.67,-106.47],[106.47,-178.68],[44.67,106.47],[-106.47,178.68]],"o":[[106.47,-178.68],[44.67,106.47],[-106.47,178.68],[-44.67,-106.47],[0,0]],"v":[[419.12,307.21],[692.79,176.46],[580.89,692.78],[307.22,823.53],[419.12,307.21]]}}},{"ty":"gs","o":{"a":0,"k":100},"e":{"a":0,"k":[500,193.31]},"g":{"p":10,"k":{"a":0,"k":[0,1,1,1,0.06,1,0.98,0.98,0.13,0.99,0.95,0.93,0.2,0.97,0.88,0.85,0.27,0.96,0.79,0.73,0.34,0.93,0.67,0.58,0.41,0.9,0.53,0.4,0.47,0.87,0.36,0.19,0.49,0.86,0.32,0.14,1,0.01,0,0.13,0,1,0.06,1,0.13,1,0.2,1,0.27,1,0.34,1,0.41,1,0.47,1,0.49,1,1,1]}},"t":2,"a":{"a":0,"k":0},"h":{"a":0,"k":0},"s":{"a":0,"k":[500,500]},"lc":1,"lj":1,"ml":10,"w":{"a":0,"k":4.25}},{"ty":"tr","o":{"a":0,"k":100},"s":{"a":0,"k":[75,75]}}]},{"ty":"gr","it":[{"ty":"sh","ks":{"a":0,"k":{"c":true,"i":[[0,0],[-43.62,-114.02],[114.01,-174.46],[43.62,114.02],[-114.01,174.46]],"o":[[114.02,-174.46],[43.61,114.02],[-114.02,174.46],[-43.61,-114.02],[0,0]],"v":[[421.03,293.55],[706.45,184.11],[578.98,706.44],[293.56,815.88],[421.03,293.55]]}}},{"ty":"gs","o":{"a":0,"k":100},"e":{"a":0,"k":[500,188.65]},"g":{"p":10,"k":{"a":0,"k":[0,1,1,1,0.06,1,0.98,0.98,0.13,0.99,0.95,0.93,0.2,0.97,0.88,0.85,0.27,0.96,0.79,0.73,0.34,0.93,0.67,0.58,0.41,0.9,0.53,0.4,0.47,0.87,0.36,0.19,0.49,0.86,0.32,0.14,1,0.01,0,0.13,0,1,0.06,1,0.13,1,0.2,1,0.27,1,0.34,1,0.41,1,0.47,1,0.49,1,1,1]}},"t":2,"a":{"a":0,"k":0},"h":{"a":0,"k":0},"s":{"a":0,"k":[500,500]},"lc":1,"lj":1,"ml":10,"w":{"a":0,"k":4.25}},{"ty":"tr","o":{"a":0,"k":100},"s":{"a":0,"k":[75,75]}}]},{"ty":"gr","it":[{"ty":"sh","ks":{"a":0,"k":{"c":true,"i":[[0,0],[-42.56,-121.57],[121.57,-170.24],[42.56,121.57],[-121.57,170.24]],"o":[[121.56,-170.24],[42.56,121.56],[-121.56,170.24],[-42.56,-121.56],[0,0]],"v":[[422.94,279.89],[720.11,191.76],[577.06,720.11],[279.89,808.24],[422.94,279.89]]}}},{"ty":"gs","o":{"a":0,"k":100},"e":{"a":0,"k":[500,183.37]},"g":{"p":10,"k":{"a":0,"k":[0,1,1,1,0.06,1,0.98,0.98,0.13,0.99,0.95,0.93,0.2,0.97,0.88,0.85,0.27,0.96,0.79,0.73,0.34,0.93,0.67,0.58,0.41,0.9,0.53,0.4,0.47,0.87,0.36,0.19,0.49,0.86,0.32,0.14,1,0.01,0,0.13,0,1,0.06,1,0.13,1,0.2,1,0.27,1,0.34,1,0.41,1,0.47,1,0.49,1,1,1]}},"t":2,"a":{"a":0,"k":0},"h":{"a":0,"k":0},"s":{"a":0,"k":[500,500]},"lc":1,"lj":1,"ml":10,"w":{"a":0,"k":4.25}},{"ty":"tr","o":{"a":0,"k":100},"s":{"a":0,"k":[75,75]}}]},{"ty":"gr","it":[{"ty":"sh","ks":{"a":0,"k":{"c":true,"i":[[0,0],[-41.08,-129.38],[129.39,-164.34],[41.08,129.39],[-129.39,164.34]],"o":[[129.39,-164.34],[41.09,129.39],[-129.39,164.34],[-41.09,-129.39],[0,0]],"v":[[425.61,265.72],[734.28,202.43],[574.39,734.27],[265.72,797.55],[425.61,265.71]]}}},{"ty":"gs","o":{"a":0,"k":100},"e":{"a":0,"k":[500,178.63]},"g":{"p":10,"k":{"a":0,"k":[0,1,1,1,0.06,1,0.98,0.98,0.13,0.99,0.95,0.93,0.2,0.97,0.88,0.85,0.27,0.96,0.79,0.73,0.34,0.93,0.67,0.58,0.41,0.9,0.53,0.4,0.47,0.87,0.36,0.19,0.49,0.86,0.32,0.14,1,0.01,0,0.13,0,1,0.06,1,0.13,1,0.2,1,0.27,1,0.34,1,0.41,1,0.47,1,0.49,1,1,1]}},"t":2,"a":{"a":0,"k":0},"h":{"a":0,"k":0},"s":{"a":0,"k":[500,500]},"lc":1,"lj":1,"ml":10,"w":{"a":0,"k":4.25}},{"ty":"tr","o":{"a":0,"k":100},"s":{"a":0,"k":[75,75]}}]},{"ty":"gr","it":[{"ty":"sh","ks":{"a":0,"k":{"c":true,"i":[[0,0],[-39.62,-137.21],[137.22,-158.44],[39.62,137.21],[-137.22,158.44]],"o":[[137.22,-158.44],[39.61,137.22],[-137.22,158.44],[-39.61,-137.22],[0,0]],"v":[[428.28,251.55],[748.46,213.11],[571.73,748.45],[251.55,786.89],[428.28,251.55]]}}},{"ty":"gs","o":{"a":0,"k":100},"e":{"a":0,"k":[500,173.15]},"g":{"p":10,"k":{"a":0,"k":[0,1,1,1,0.06,1,0.98,0.98,0.13,0.99,0.95,0.93,0.2,0.97,0.88,0.85,0.27,0.96,0.79,0.73,0.34,0.93,0.67,0.58,0.41,0.9,0.53,0.4,0.47,0.87,0.36,0.19,0.49,0.86,0.32,0.14,1,0.01,0,0.13,0,1,0.06,1,0.13,1,0.2,1,0.27,1,0.34,1,0.41,1,0.47,1,0.49,1,1,1]}},"t":2,"a":{"a":0,"k":0},"h":{"a":0,"k":0},"s":{"a":0,"k":[500,500]},"lc":1,"lj":1,"ml":10,"w":{"a":0,"k":4.25}},{"ty":"tr","o":{"a":0,"k":100},"s":{"a":0,"k":[75,75]}}]},{"ty":"gr","it":[{"ty":"sh","ks":{"a":0,"k":{"c":true,"i":[[0,0],[-37.68,-145.27],[145.27,-150.72],[37.68,145.27],[-145.27,150.72]],"o":[[145.27,-150.72],[37.68,145.27],[-145.27,150.72],[-37.68,-145.27],[0,0]],"v":[[431.78,236.97],[763.04,227.11],[568.23,763.04],[236.97,772.9],[431.78,236.97]]}}},{"ty":"gs","o":{"a":0,"k":100},"e":{"a":0,"k":[500,168.1]},"g":{"p":10,"k":{"a":0,"k":[0,1,1,1,0.06,1,0.98,0.98,0.13,0.99,0.95,0.93,0.2,0.97,0.88,0.85,0.27,0.96,0.79,0.73,0.34,0.93,0.67,0.58,0.41,0.9,0.53,0.4,0.47,0.87,0.36,0.19,0.49,0.86,0.32,0.14,1,0.01,0,0.13,0,1,0.06,1,0.13,1,0.2,1,0.27,1,0.34,1,0.41,1,0.47,1,0.49,1,1,1]}},"t":2,"a":{"a":0,"k":0},"h":{"a":0,"k":0},"s":{"a":0,"k":[500,500]},"lc":1,"lj":1,"ml":10,"w":{"a":0,"k":4.25}},{"ty":"tr","o":{"a":0,"k":100},"s":{"a":0,"k":[75,75]}}]},{"ty":"gr","it":[{"ty":"sh","ks":{"a":0,"k":{"c":true,"i":[[0,0],[-35.75,-153.32],[153.32,-142.98],[35.75,153.32],[-153.32,142.98]],"o":[[153.32,-142.99],[35.75,153.32],[-153.32,142.99],[-35.75,-153.32],[0,0]],"v":[[435.27,222.39],[777.61,241.1],[564.73,777.61],[222.39,758.9],[435.27,222.39]]}}},{"ty":"gs","o":{"a":0,"k":100},"e":{"a":0,"k":[500,162.19]},"g":{"p":10,"k":{"a":0,"k":[0,1,1,1,0.06,1,0.98,0.98,0.13,0.99,0.95,0.93,0.2,0.97,0.88,0.85,0.27,0.96,0.79,0.73,0.34,0.93,0.67,0.58,0.41,0.9,0.53,0.4,0.47,0.87,0.36,0.19,0.49,0.86,0.32,0.14,1,0.01,0,0.13,0,1,0.06,1,0.13,1,0.2,1,0.27,1,0.34,1,0.41,1,0.47,1,0.49,1,1,1]}},"t":2,"a":{"a":0,"k":0},"h":{"a":0,"k":0},"s":{"a":0,"k":[500,500]},"lc":1,"lj":1,"ml":10,"w":{"a":0,"k":4.25}},{"ty":"tr","o":{"a":0,"k":100},"s":{"a":0,"k":[75,75]}}]},{"ty":"gr","it":[{"ty":"sh","ks":{"a":0,"k":{"c":true,"i":[[0,0],[-33.32,-161.53],[161.53,-133.27],[33.32,161.53],[-161.53,133.27]],"o":[[161.52,-133.27],[33.32,161.52],[-161.52,133.27],[-33.32,-161.52],[0,0]],"v":[[439.67,207.53],[792.46,258.69],[560.32,792.46],[207.53,741.3],[439.67,207.53]]}}},{"ty":"gs","o":{"a":0,"k":100},"e":{"a":0,"k":[500,156.58]},"g":{"p":10,"k":{"a":0,"k":[0,1,1,1,0.06,1,0.98,0.98,0.13,0.99,0.95,0.93,0.2,0.97,0.88,0.85,0.27,0.96,0.79,0.73,0.34,0.93,0.67,0.58,0.41,0.9,0.53,0.4,0.47,0.87,0.36,0.19,0.49,0.86,0.32,0.14,1,0.01,0,0.13,0,1,0.06,1,0.13,1,0.2,1,0.27,1,0.34,1,0.41,1,0.47,1,0.49,1,1,1]}},"t":2,"a":{"a":0,"k":0},"h":{"a":0,"k":0},"s":{"a":0,"k":[500,500]},"lc":1,"lj":1,"ml":10,"w":{"a":0,"k":4.25}},{"ty":"tr","o":{"a":0,"k":100},"s":{"a":0,"k":[75,75]}}]},{"ty":"gr","it":[{"ty":"sh","ks":{"a":0,"k":{"c":true,"i":[[0,0],[-30.89,-169.73],[169.73,-123.55],[30.89,169.73],[-169.73,123.55]],"o":[[169.73,-123.55],[30.89,169.73],[-169.73,123.55],[-30.89,-169.73],[0,0]],"v":[[444.07,192.68],[807.32,276.29],[555.93,807.32],[192.68,723.71],[444.07,192.68]]}}},{"ty":"gs","o":{"a":0,"k":100},"e":{"a":0,"k":[500,149.95]},"g":{"p":10,"k":{"a":0,"k":[0,1,1,1,0.06,1,0.98,0.98,0.13,0.99,0.95,0.93,0.2,0.97,0.88,0.85,0.27,0.96,0.79,0.73,0.34,0.93,0.67,0.58,0.41,0.9,0.53,0.4,0.47,0.87,0.36,0.19,0.49,0.86,0.32,0.14,1,0.01,0,0.13,0,1,0.06,1,0.13,1,0.2,1,0.27,1,0.34,1,0.41,1,0.47,1,0.49,1,1,1]}},"t":2,"a":{"a":0,"k":0},"h":{"a":0,"k":0},"s":{"a":0,"k":[500,500]},"lc":1,"lj":1,"ml":10,"w":{"a":0,"k":4.25}},{"ty":"tr","o":{"a":0,"k":100},"s":{"a":0,"k":[75,75]}}]},{"ty":"gr","it":[{"ty":"sh","ks":{"a":0,"k":{"c":true,"i":[[0,0],[-27.92,-178],[178,-111.69],[27.92,178],[-178,111.69]],"o":[[178,-111.69],[27.92,178],[-178,111.69],[-27.92,-178],[0,0]],"v":[[449.44,177.7],[822.3,297.77],[550.56,822.3],[177.7,702.23],[449.44,177.7]]}}},{"ty":"gs","o":{"a":0,"k":100},"e":{"a":0,"k":[500,143.42]},"g":{"p":10,"k":{"a":0,"k":[0,1,1,1,0.06,1,0.98,0.98,0.13,0.99,0.95,0.93,0.2,0.97,0.88,0.85,0.27,0.96,0.79,0.73,0.34,0.93,0.67,0.58,0.41,0.9,0.53,0.4,0.47,0.87,0.36,0.19,0.49,0.86,0.32,0.14,1,0.01,0,0.13,0,1,0.06,1,0.13,1,0.2,1,0.27,1,0.34,1,0.41,1,0.47,1,0.49,1,1,1]}},"t":2,"a":{"a":0,"k":0},"h":{"a":0,"k":0},"s":{"a":0,"k":[500,500]},"lc":1,"lj":1,"ml":10,"w":{"a":0,"k":4.25}},{"ty":"tr","o":{"a":0,"k":100},"s":{"a":0,"k":[75,75]}}]},{"ty":"gr","it":[{"ty":"sh","ks":{"a":0,"k":{"c":true,"i":[[0,0],[-24.96,-186.27],[186.28,-99.82],[24.96,186.27],[-186.28,99.82]],"o":[[186.28,-99.83],[24.96,186.28],[-186.28,99.83],[-24.96,-186.28],[0,0]],"v":[[454.81,162.72],[837.28,319.25],[545.18,837.28],[162.71,680.75],[454.81,162.72]]}}},{"ty":"gs","o":{"a":0,"k":100},"e":{"a":0,"k":[500,135.72]},"g":{"p":10,"k":{"a":0,"k":[0,1,1,1,0.06,1,0.98,0.98,0.13,0.99,0.95,0.93,0.2,0.97,0.88,0.85,0.27,0.96,0.79,0.73,0.34,0.93,0.67,0.58,0.41,0.9,0.53,0.4,0.47,0.87,0.36,0.19,0.49,0.86,0.32,0.14,1,0.01,0,0.13,0,1,0.06,1,0.13,1,0.2,1,0.27,1,0.34,1,0.41,1,0.47,1,0.49,1,1,1]}},"t":2,"a":{"a":0,"k":0},"h":{"a":0,"k":0},"s":{"a":0,"k":[500,500]},"lc":1,"lj":1,"ml":10,"w":{"a":0,"k":4.25}},{"ty":"tr","o":{"a":0,"k":100},"s":{"a":0,"k":[75,75]}}]},{"ty":"gr","it":[{"ty":"sh","ks":{"a":0,"k":{"c":true,"i":[[0,0],[-21.42,-194.52],[194.52,-85.66],[21.42,194.52],[-194.52,85.66]],"o":[[194.52,-85.67],[21.42,194.53],[-194.53,85.67],[-21.42,-194.53],[0,0]],"v":[[461.22,147.78],[852.22,344.88],[538.78,852.21],[147.78,655.11],[461.22,147.78]]}}},{"ty":"gs","o":{"a":0,"k":100},"e":{"a":0,"k":[500,127.89]},"g":{"p":10,"k":{"a":0,"k":[0,1,1,1,0.06,1,0.98,0.98,0.13,0.99,0.95,0.93,0.2,0.97,0.88,0.85,0.27,0.96,0.79,0.73,0.34,0.93,0.67,0.58,0.41,0.9,0.53,0.4,0.47,0.87,0.36,0.19,0.49,0.86,0.32,0.14,1,0.01,0,0.13,0,1,0.06,1,0.13,1,0.2,1,0.27,1,0.34,1,0.41,1,0.47,1,0.49,1,1,1]}},"t":2,"a":{"a":0,"k":0},"h":{"a":0,"k":0},"s":{"a":0,"k":[500,500]},"lc":1,"lj":1,"ml":10,"w":{"a":0,"k":4.25}},{"ty":"tr","o":{"a":0,"k":100},"s":{"a":0,"k":[75,75]}}]},{"ty":"gr","it":[{"ty":"sh","ks":{"a":0,"k":{"c":true,"i":[[0,0],[-17.87,-202.78],[202.77,-71.51],[17.87,202.78],[-202.77,71.51]],"o":[[202.77,-71.51],[17.88,202.77],[-202.77,71.51],[-17.88,-202.77],[0,0]],"v":[[467.63,132.85],[867.15,370.53],[532.37,867.16],[132.85,629.48],[467.63,132.85]]}}},{"ty":"gs","o":{"a":0,"k":100},"e":{"a":0,"k":[500,118.72]},"g":{"p":10,"k":{"a":0,"k":[0,1,1,1,0.06,1,0.98,0.98,0.13,0.99,0.95,0.93,0.2,0.97,0.88,0.85,0.27,0.96,0.79,0.73,0.34,0.93,0.67,0.58,0.41,0.9,0.53,0.4,0.47,0.87,0.36,0.19,0.49,0.86,0.32,0.14,1,0.01,0,0.13,0,1,0.06,1,0.13,1,0.2,1,0.27,1,0.34,1,0.41,1,0.47,1,0.49,1,1,1]}},"t":2,"a":{"a":0,"k":0},"h":{"a":0,"k":0},"s":{"a":0,"k":[500,500]},"lc":1,"lj":1,"ml":10,"w":{"a":0,"k":4.25}},{"ty":"tr","o":{"a":0,"k":100},"s":{"a":0,"k":[75,75]}}]},{"ty":"gr","it":[{"ty":"sh","ks":{"a":0,"k":{"c":true,"i":[[0,0],[-13.73,-210.89],[210.89,-54.92],[13.73,210.89],[-210.89,54.92]],"o":[[210.89,-54.91],[13.73,210.89],[-210.89,54.92],[-13.73,-210.89],[0,0]],"v":[[475.14,118.15],[881.85,400.57],[524.86,881.85],[118.15,599.43],[475.14,118.15]]}}},{"ty":"gs","o":{"a":0,"k":100},"e":{"a":0,"k":[500,109.16]},"g":{"p":10,"k":{"a":0,"k":[0,1,1,1,0.06,1,0.98,0.98,0.13,0.99,0.95,0.93,0.2,0.97,0.88,0.85,0.27,0.96,0.79,0.73,0.34,0.93,0.67,0.58,0.41,0.9,0.53,0.4,0.47,0.87,0.36,0.19,0.49,0.86,0.32,0.14,1,0.01,0,0.13,0,1,0.06,1,0.13,1,0.2,1,0.27,1,0.34,1,0.41,1,0.47,1,0.49,1,1,1]}},"t":2,"a":{"a":0,"k":0},"h":{"a":0,"k":0},"s":{"a":0,"k":[500,500]},"lc":1,"lj":1,"ml":10,"w":{"a":0,"k":4.25}},{"ty":"tr","o":{"a":0,"k":100},"s":{"a":0,"k":[75,75]}}]},{"ty":"gr","it":[{"ty":"sh","ks":{"a":0,"k":{"c":true,"i":[[0,0],[-9.58,-219],[219,-38.32],[9.58,219],[-219,38.32]],"o":[[219,-38.32],[9.58,219],[-219,38.32],[-9.58,-219],[0,0]],"v":[[482.65,103.46],[896.54,430.61],[517.35,896.54],[103.46,569.39],[482.65,103.46]]}}},{"ty":"gs","o":{"a":0,"k":100},"e":{"a":0,"k":[500,98.09]},"g":{"p":10,"k":{"a":0,"k":[0,1,1,1,0.06,1,0.98,0.98,0.13,0.99,0.95,0.93,0.2,0.97,0.88,0.85,0.27,0.96,0.79,0.73,0.34,0.93,0.67,0.58,0.41,0.9,0.53,0.4,0.47,0.87,0.36,0.19,0.49,0.86,0.32,0.14,1,0.01,0,0.13,0,1,0.06,1,0.13,1,0.2,1,0.27,1,0.34,1,0.41,1,0.47,1,0.49,1,1,1]}},"t":2,"a":{"a":0,"k":0},"h":{"a":0,"k":0},"s":{"a":0,"k":[500,500]},"lc":1,"lj":1,"ml":10,"w":{"a":0,"k":4.25}},{"ty":"tr","o":{"a":0,"k":100},"s":{"a":0,"k":[75,75]}}]},{"ty":"gr","it":[{"ty":"sh","ks":{"a":0,"k":{"c":true,"i":[[0,0],[-4.79,-226.86],[226.87,-19.16],[4.79,226.86],[-226.87,19.16]],"o":[[226.86,-19.16],[4.79,226.86],[-226.86,19.16],[-4.79,-226.86],[0,0]],"v":[[491.33,89.23],[910.77,465.31],[508.67,910.77],[89.23,534.69],[491.33,89.23]]}}},{"ty":"gs","o":{"a":0,"k":100},"e":{"a":0,"k":[500,86.31]},"g":{"p":10,"k":{"a":0,"k":[0,1,1,1,0.06,1,0.98,0.98,0.13,0.99,0.95,0.93,0.2,0.97,0.88,0.85,0.27,0.96,0.79,0.73,0.34,0.93,0.67,0.58,0.41,0.9,0.53,0.4,0.47,0.87,0.36,0.19,0.49,0.86,0.32,0.14,1,0.01,0,0.13,0,1,0.06,1,0.13,1,0.2,1,0.27,1,0.34,1,0.41,1,0.47,1,0.49,1,1,1]}},"t":2,"a":{"a":0,"k":0},"h":{"a":0,"k":0},"s":{"a":0,"k":[500,500]},"lc":1,"lj":1,"ml":10,"w":{"a":0,"k":4.25}},{"ty":"tr","o":{"a":0,"k":100},"s":{"a":0,"k":[75,75]}}]},{"ty":"gr","it":[{"ty":"sh","ks":{"a":0,"k":{"c":false,"i":[[0,0],[234.72,0],[0,234.72],[-234.72,0],[0,-234.72]],"o":[[0,234.72],[-234.72,0],[0,-234.72],[234.72,0],[0,0]],"v":[[925,500],[500,925],[75,500],[500,75],[925,500]]}}},{"ty":"gs","o":{"a":0,"k":100},"e":{"a":0,"k":[500,72.87]},"g":{"p":10,"k":{"a":0,"k":[0,1,1,1,0.06,1,0.98,0.98,0.13,0.99,0.95,0.93,0.2,0.97,0.88,0.85,0.27,0.96,0.79,0.73,0.34,0.93,0.67,0.58,0.41,0.9,0.53,0.4,0.47,0.87,0.36,0.19,0.49,0.86,0.32,0.14,1,0.01,0,0.13,0,1,0.06,1,0.13,1,0.2,1,0.27,1,0.34,1,0.41,1,0.47,1,0.49,1,1,1]}},"t":2,"a":{"a":0,"k":0},"h":{"a":0,"k":0},"s":{"a":0,"k":[500,500]},"lc":1,"lj":1,"ml":10,"w":{"a":0,"k":4.25}},{"ty":"tr","o":{"a":0,"k":100},"s":{"a":0,"k":[75,75]}}]},{"ty":"tr","o":{"a":0,"k":100}}]}]}]},{"id":"189","layers":[{"ind":188,"ty":0,"parent":184,"ks":{},"w":1000,"h":1000,"ip":0,"op":181,"st":0,"refId":"186"},{"ind":184,"ty":3,"ks":{"s":{"a":0,"k":[78.4,78.6]}},"ip":0,"op":181,"st":0}]},{"id":"193","layers":[{"ind":191,"ty":0,"ks":{"o":{"a":1,"k":[{"t":0,"s":[0],"h":1},{"t":96,"s":[0],"i":{"x":1,"y":1},"o":{"x":0,"y":0}},{"t":120,"s":[100],"h":1},{"t":180,"s":[100],"h":1}]},"p":{"a":0,"k":[60,60]}},"w":1000,"h":1000,"ip":0,"op":181,"st":0,"refId":"189"},{"ind":192,"ty":4,"ks":{},"ip":0,"op":181,"st":0,"shapes":[{"ty":"rc","p":{"a":0,"k":[560,560]},"r":{"a":0,"k":0},"s":{"a":0,"k":[1120,1120]}},{"ty":"fl","c":{"a":0,"k":[0,0,0,0]},"o":{"a":0,"k":0}}]}]},{"id":"196","layers":[{"ind":195,"ty":0,"parent":183,"ks":{"p":{"a":0,"k":[-60,-60]}},"ef":[{"ty":29,"ef":[{"ty":0,"nm":"","v":{"a":1,"k":[{"t":0,"s":[100],"h":1},{"t":96,"s":[100],"i":{"x":0.151,"y":0.596},"o":{"x":0.025,"y":0.179}},{"t":97.5,"s":[55.81],"i":{"x":0.69,"y":0.761},"o":{"x":0.33,"y":0.436}},{"t":99,"s":[39.87],"i":{"x":0.562,"y":0.688},"o":{"x":0.243,"y":0.343}},{"t":102,"s":[22.53],"i":{"x":0.642,"y":0.788},"o":{"x":0.297,"y":0.477}},{"t":108,"s":[7.18],"i":{"x":0.618,"y":0.999},"o":{"x":0.28,"y":0.709}},{"t":120,"s":[0],"h":1},{"t":180,"s":[0],"h":1}]}},{"ty":7,"nm":"","v":{"a":0,"k":1}},{"ty":7,"nm":"","v":{"a":0,"k":0}}]}],"w":1120,"h":1120,"ip":0,"op":181,"st":0,"refId":"193"},{"ind":183,"ty":3,"ks":{"p":{"a":0,"k":[61,61]}},"ip":0,"op":181,"st":0}]},{"id":"199","layers":[{"ind":198,"ty":0,"parent":182,"ks":{"a":{"a":0,"k":[61,61]},"o":{"a":1,"k":[{"t":0,"s":[0],"h":1},{"t":96,"s":[0],"i":{"x":0,"y":1},"o":{"x":0,"y":0}},{"t":120,"s":[100],"h":1},{"t":180,"s":[100],"h":1}]}},"w":1121,"h":1121,"ip":0,"op":181,"st":0,"refId":"196"},{"ind":182,"ty":3,"ks":{"p":{"a":0,"k":[61,61]}},"ip":0,"op":181,"st":0}]}],"fr":60,"h":514,"ip":0,"layers":[{"ind":180,"ty":0,"parent":2,"ks":{"p":{"a":0,"k":[-112,-112]}},"ef":[{"ty":25,"ef":[{"ty":2,"nm":"Shadow Color","v":{"a":0,"k":[0,0,0]}},{"ty":0,"nm":"Opacity","v":{"a":0,"k":128}},{"ty":1,"nm":"Direction","v":{"a":0,"k":180}},{"ty":0,"nm":"Distance","v":{"a":0,"k":10}},{"ty":0,"nm":"Softness","v":{"a":0,"k":60}}]}],"w":486,"h":486,"ip":0,"op":181,"st":0,"refId":"178"},{"ind":2,"ty":3,"parent":1,"ks":{"p":{"a":0,"k":[147,207]}},"ip":0,"op":181,"st":0},{"ind":201,"ty":0,"parent":181,"ks":{"a":{"a":0,"k":[453,454]},"o":{"a":1,"k":[{"t":0,"s":[0],"h":1},{"t":96,"s":[0],"i":{"x":0,"y":1},"o":{"x":0,"y":0}},{"t":180,"s":[100],"h":1}]},"p":{"a":0,"k":[392,393]},"s":{"a":1,"k":[{"t":0,"s":[50,50],"i":{"x":[1,1],"y":[1,1]},"o":{"x":[0,0],"y":[0,0]}},{"t":96,"s":[50,50],"i":{"x":[0,0],"y":[1,1]},"o":{"x":[0,0],"y":[0,0]}},{"t":180,"s":[100,100],"h":1}]}},"w":1182,"h":1182,"ip":0,"op":181,"st":0,"refId":"199"},{"ind":181,"ty":3,"parent":1,"ks":{"a":{"a":0,"k":[392,393]},"p":{"a":0,"k":[197,257]}},"ip":0,"op":181,"st":0},{"ind":1,"ty":3,"parent":0,"ks":{},"ip":0,"op":181,"st":0},{"ind":202,"ty":4,"parent":0,"ks":{},"ip":0,"op":181,"st":0,"shapes":[{"ty":"rc","p":{"a":0,"k":[196.5,257]},"r":{"a":0,"k":0},"s":{"a":0,"k":[393,514]}},{"ty":"fl","c":{"a":0,"k":[0,0,0]},"o":{"a":0,"k":100}}]},{"ind":0,"ty":3,"ks":{},"ip":0,"op":181,"st":0}],"meta":{"g":"https://jitter.video"},"op":180,"v":"5.7.4","w":393}