{"assets":[{"id":"33","layers":[{"ind":32,"ty":4,"parent":31,"ks":{},"ip":0,"op":181,"st":0,"shapes":[{"ty":"rc","p":{"a":0,"k":[50,50]},"r":{"a":0,"k":0},"s":{"a":0,"k":[100,100]}},{"ty":"fl","c":{"a":0,"k":[0,0,0]},"o":{"a":0,"k":100}}]},{"ind":31,"ty":3,"ks":{},"ip":0,"op":181,"st":0}]},{"id":"37","layers":[{"ind":35,"ty":0,"parent":30,"ks":{},"w":100,"h":100,"ip":0,"op":181,"st":0,"refId":"33"},{"ind":36,"ty":4,"parent":30,"ks":{"o":{"a":1,"k":[{"t":0,"s":[0],"h":1},{"t":168,"s":[0],"h":1},{"t":168,"s":[100],"h":1},{"t":180,"s":[100],"h":1}]}},"ip":0,"op":181,"st":0,"shapes":[{"ty":"rc","p":{"a":0,"k":[60,60]},"r":{"a":0,"k":0},"s":{"a":0,"k":[140,140]}},{"ty":"fl","c":{"a":0,"k":[0,0,0]},"o":{"a":0,"k":100}}]},{"ind":30,"ty":3,"ks":{"p":{"a":0,"k":[10,10]}},"ip":0,"op":181,"st":0}]},{"id":"20","layers":[{"ind":19,"ty":4,"parent":18,"ks":{},"ip":0,"op":181,"st":0,"shapes":[{"ty":"rc","p":{"a":1,"k":[{"t":0,"s":[70.711,0],"i":{"x":[1,1],"y":[1,1]},"o":{"x":[0,0],"y":[0,0]}},{"t":108,"s":[70.711,0],"i":{"x":[1,0],"y":[1,1]},"o":{"x":[0,0.5],"y":[0,0]}},{"t":168,"s":[70.711,70.711],"i":{"x":[1,1],"y":[1,1]},"o":{"x":[0,0],"y":[0,0]}},{"t":180,"s":[70.711,70.711],"h":1}]},"r":{"a":0,"k":0},"s":{"a":1,"k":[{"t":0,"s":[141.421,0],"i":{"x":[1,1],"y":[1,1]},"o":{"x":[0,0],"y":[0,0]}},{"t":108,"s":[141.421,0],"i":{"x":[1,0],"y":[1,1]},"o":{"x":[0,0.5],"y":[0,0]}},{"t":168,"s":[141.421,141.421],"i":{"x":[1,1],"y":[1,1]},"o":{"x":[0,0],"y":[0,0]}},{"t":180,"s":[141.421,141.421],"h":1}]}},{"ty":"fl","c":{"a":0,"k":[0,0,0]},"o":{"a":0,"k":100}}]},{"ind":18,"ty":3,"parent":17,"ks":{"a":{"a":1,"k":[{"t":0,"s":[70.711,0],"i":{"x":[1,1],"y":[1,1]},"o":{"x":[0,0],"y":[0,0]}},{"t":108,"s":[70.711,0],"i":{"x":[1,0],"y":[1,1]},"o":{"x":[0,0.5],"y":[0,0]}},{"t":168,"s":[70.711,70.711],"i":{"x":[1,1],"y":[1,1]},"o":{"x":[0,0],"y":[0,0]}},{"t":180,"s":[70.711,70.711],"h":1}]},"p":{"a":0,"k":[50,50]},"r":{"a":0,"k":45}},"ip":0,"op":181,"st":0},{"ind":17,"ty":3,"ks":{"p":{"a":0,"k":[100,100]}},"ip":0,"op":181,"st":0}]},{"id":"24","layers":[{"ind":22,"ty":0,"parent":16,"ks":{"a":{"a":0,"k":[100,100]}},"w":300,"h":300,"ip":0,"op":181,"st":0,"refId":"20"},{"ind":23,"ty":4,"parent":16,"ks":{"o":{"a":1,"k":[{"t":0,"s":[0],"h":1},{"t":168,"s":[0],"h":1},{"t":168,"s":[100],"h":1},{"t":180,"s":[100],"h":1}]}},"ip":0,"op":181,"st":0,"shapes":[{"ty":"rc","p":{"a":0,"k":[55,55]},"r":{"a":0,"k":0},"s":{"a":0,"k":[130,130]}},{"ty":"fl","c":{"a":0,"k":[0,0,0]},"o":{"a":0,"k":100}}]},{"ind":16,"ty":3,"ks":{"p":{"a":0,"k":[100,100]}},"ip":0,"op":181,"st":0}]},{"id":"10","layers":[{"ind":9,"ty":4,"ks":{},"ip":0,"op":181,"st":0,"shapes":[{"ty":"rc","p":{"a":0,"k":[36,36]},"r":{"a":0,"k":0},"s":{"a":0,"k":[72,72]}},{"ty":"fl","c":{"a":0,"k":[0,0,0,0]},"o":{"a":0,"k":0}}]},{"ind":0,"ty":4,"ks":{"s":{"a":0,"k":[133.33,133.33]}},"ip":0,"op":181,"st":0,"shapes":[{"ty":"gr","it":[{"ty":"gr","it":[{"ty":"sh","ks":{"a":0,"k":{"c":true,"i":[[0,0],[0,0],[0,0],[0,0],[0,0],[0,0]],"o":[[0,0],[0,0],[0,0],[0,0],[0,0],[0,0]],"v":[[36.68,14.1],[23.77,27],[17.32,20.55],[10.88,27],[23.77,39.9],[43.13,20.55]]}}},{"ty":"fl","c":{"a":0,"k":[0.46,0.98,0.73,1]},"o":{"a":0,"k":100}},{"ty":"tr","o":{"a":0,"k":100}}]},{"ty":"tr","o":{"a":0,"k":100}}]}]}]},{"id":"13","layers":[{"ind":12,"ty":0,"parent":8,"ks":{},"w":72,"h":72,"ip":0,"op":181,"st":0,"refId":"10"},{"ind":8,"ty":3,"parent":7,"ks":{"s":{"a":0,"k":[138.89,138.89]}},"ip":0,"op":181,"st":0},{"ind":7,"ty":3,"parent":6,"ks":{"a":{"a":0,"k":[50,50]},"p":{"a":0,"k":[50,50]},"s":{"a":1,"k":[{"t":0,"s":[120,120],"i":{"x":[1,1],"y":[1,1]},"o":{"x":[0,0],"y":[0,0]}},{"t":108,"s":[120,120],"i":{"x":[0,0],"y":[1,1]},"o":{"x":[0.5,0.5],"y":[0,0]}},{"t":168,"s":[100,100],"i":{"x":[1,1],"y":[1,1]},"o":{"x":[0,0],"y":[0,0]}},{"t":180,"s":[100,100],"h":1}]}},"ip":0,"op":181,"st":0},{"ind":6,"ty":3,"ks":{"p":{"a":0,"k":[10,10]}},"ip":0,"op":181,"st":0}]},{"id":"27","layers":[{"ind":26,"ty":0,"td":1,"parent":5,"ks":{"a":{"a":0,"k":[100,100]}},"w":400,"h":400,"ip":0,"op":181,"st":0,"refId":"24"},{"ind":15,"ty":0,"tt":1,"parent":5,"ks":{"a":{"a":0,"k":[10,10]}},"w":120,"h":120,"ip":0,"op":181,"st":0,"refId":"13"},{"ind":5,"ty":3,"ks":{"p":{"a":0,"k":[10,10]}},"ip":0,"op":181,"st":0}]},{"id":"100","layers":[{"ind":99,"ty":4,"parent":98,"ks":{},"ip":0,"op":181,"st":0,"shapes":[{"ty":"rc","p":{"a":0,"k":[50,50]},"r":{"a":0,"k":0},"s":{"a":0,"k":[100,100]}},{"ty":"fl","c":{"a":0,"k":[0,0,0]},"o":{"a":0,"k":100}}]},{"ind":98,"ty":3,"ks":{},"ip":0,"op":181,"st":0}]},{"id":"104","layers":[{"ind":102,"ty":0,"parent":97,"ks":{},"w":100,"h":100,"ip":0,"op":181,"st":0,"refId":"100"},{"ind":103,"ty":4,"parent":97,"ks":{"o":{"a":1,"k":[{"t":0,"s":[100],"h":1},{"t":96,"s":[100],"h":1},{"t":96,"s":[0],"h":1},{"t":180,"s":[0],"h":1}]}},"ip":0,"op":181,"st":0,"shapes":[{"ty":"rc","p":{"a":0,"k":[78,78]},"r":{"a":0,"k":0},"s":{"a":0,"k":[200,200]}},{"ty":"fl","c":{"a":0,"k":[0,0,0]},"o":{"a":0,"k":100}}]},{"ind":97,"ty":3,"ks":{"p":{"a":0,"k":[22,22]}},"ip":0,"op":181,"st":0}]},{"id":"87","layers":[{"ind":86,"ty":4,"parent":85,"ks":{},"ip":0,"op":181,"st":0,"shapes":[{"ty":"rc","p":{"a":1,"k":[{"t":0,"s":[70.711,70.711],"i":{"x":[1,1],"y":[1,1]},"o":{"x":[0,0],"y":[0,0]}},{"t":96,"s":[70.711,70.711],"i":{"x":[1,0],"y":[1,1]},"o":{"x":[0,0.5],"y":[0,0]}},{"t":156,"s":[70.711,0],"i":{"x":[1,1],"y":[1,1]},"o":{"x":[0,0],"y":[0,0]}},{"t":180,"s":[70.711,0],"h":1}]},"r":{"a":0,"k":0},"s":{"a":1,"k":[{"t":0,"s":[141.421,141.421],"i":{"x":[1,1],"y":[1,1]},"o":{"x":[0,0],"y":[0,0]}},{"t":96,"s":[141.421,141.421],"i":{"x":[1,0],"y":[1,1]},"o":{"x":[0,0.5],"y":[0,0]}},{"t":156,"s":[141.421,0],"i":{"x":[1,1],"y":[1,1]},"o":{"x":[0,0],"y":[0,0]}},{"t":180,"s":[141.421,0],"h":1}]}},{"ty":"fl","c":{"a":0,"k":[0,0,0]},"o":{"a":0,"k":100}}]},{"ind":85,"ty":3,"parent":84,"ks":{"a":{"a":1,"k":[{"t":0,"s":[70.711,70.711],"i":{"x":[1,1],"y":[1,1]},"o":{"x":[0,0],"y":[0,0]}},{"t":96,"s":[70.711,70.711],"i":{"x":[1,0],"y":[1,1]},"o":{"x":[0,0.5],"y":[0,0]}},{"t":156,"s":[70.711,0],"i":{"x":[1,1],"y":[1,1]},"o":{"x":[0,0],"y":[0,0]}},{"t":180,"s":[70.711,0],"h":1}]},"p":{"a":0,"k":[50,50]},"r":{"a":0,"k":-45}},"ip":0,"op":181,"st":0},{"ind":84,"ty":3,"ks":{"p":{"a":0,"k":[100,100]}},"ip":0,"op":181,"st":0}]},{"id":"91","layers":[{"ind":89,"ty":0,"parent":83,"ks":{"a":{"a":0,"k":[100,100]}},"w":300,"h":300,"ip":0,"op":181,"st":0,"refId":"87"},{"ind":90,"ty":4,"parent":83,"ks":{"o":{"a":1,"k":[{"t":0,"s":[100],"h":1},{"t":96,"s":[100],"h":1},{"t":96,"s":[0],"h":1},{"t":180,"s":[0],"h":1}]}},"ip":0,"op":181,"st":0,"shapes":[{"ty":"rc","p":{"a":0,"k":[67,67]},"r":{"a":0,"k":0},"s":{"a":0,"k":[178,178]}},{"ty":"fl","c":{"a":0,"k":[0,0,0]},"o":{"a":0,"k":100}}]},{"ind":83,"ty":3,"ks":{"p":{"a":0,"k":[100,100]}},"ip":0,"op":181,"st":0}]},{"id":"73","layers":[{"ind":72,"ty":4,"parent":71,"ks":{},"ip":0,"op":181,"st":0,"shapes":[{"ty":"rc","p":{"a":0,"k":[50,50]},"r":{"a":0,"k":0},"s":{"a":0,"k":[100,100]}},{"ty":"fl","c":{"a":0,"k":[0,0,0]},"o":{"a":0,"k":100}}]},{"ind":71,"ty":3,"ks":{},"ip":0,"op":181,"st":0}]},{"id":"77","layers":[{"ind":75,"ty":0,"parent":70,"ks":{},"w":100,"h":100,"ip":0,"op":181,"st":0,"refId":"73"},{"ind":76,"ty":4,"parent":70,"ks":{"o":{"a":1,"k":[{"t":0,"s":[0],"h":1},{"t":60,"s":[0],"h":1},{"t":60,"s":[100],"h":1},{"t":180,"s":[100],"h":1}]}},"ip":0,"op":181,"st":0,"shapes":[{"ty":"rc","p":{"a":0,"k":[55,55]},"r":{"a":0,"k":0},"s":{"a":0,"k":[130,130]}},{"ty":"fl","c":{"a":0,"k":[0,0,0]},"o":{"a":0,"k":100}}]},{"ind":70,"ty":3,"ks":{"p":{"a":0,"k":[10,10]}},"ip":0,"op":181,"st":0}]},{"id":"60","layers":[{"ind":59,"ty":4,"parent":58,"ks":{},"ip":0,"op":181,"st":0,"shapes":[{"ty":"rc","p":{"a":1,"k":[{"t":0,"s":[70.711,0],"i":{"x":[1,0],"y":[1,1]},"o":{"x":[0,0.5],"y":[0,0]}},{"t":60,"s":[70.711,70.711],"i":{"x":[1,1],"y":[1,1]},"o":{"x":[0,0],"y":[0,0]}},{"t":180,"s":[70.711,70.711],"h":1}]},"r":{"a":0,"k":0},"s":{"a":1,"k":[{"t":0,"s":[141.421,0],"i":{"x":[1,0],"y":[1,1]},"o":{"x":[0,0.5],"y":[0,0]}},{"t":60,"s":[141.421,141.421],"i":{"x":[1,1],"y":[1,1]},"o":{"x":[0,0],"y":[0,0]}},{"t":180,"s":[141.421,141.421],"h":1}]}},{"ty":"fl","c":{"a":0,"k":[0,0,0]},"o":{"a":0,"k":100}}]},{"ind":58,"ty":3,"parent":57,"ks":{"a":{"a":1,"k":[{"t":0,"s":[70.711,0],"i":{"x":[1,0],"y":[1,1]},"o":{"x":[0,0.5],"y":[0,0]}},{"t":60,"s":[70.711,70.711],"i":{"x":[1,1],"y":[1,1]},"o":{"x":[0,0],"y":[0,0]}},{"t":180,"s":[70.711,70.711],"h":1}]},"p":{"a":0,"k":[50,50]},"r":{"a":0,"k":-45}},"ip":0,"op":181,"st":0},{"ind":57,"ty":3,"ks":{"p":{"a":0,"k":[100,100]}},"ip":0,"op":181,"st":0}]},{"id":"64","layers":[{"ind":62,"ty":0,"parent":56,"ks":{"a":{"a":0,"k":[100,100]}},"w":300,"h":300,"ip":0,"op":181,"st":0,"refId":"60"},{"ind":63,"ty":4,"parent":56,"ks":{"o":{"a":1,"k":[{"t":0,"s":[0],"h":1},{"t":60,"s":[0],"h":1},{"t":60,"s":[100],"h":1},{"t":180,"s":[100],"h":1}]}},"ip":0,"op":181,"st":0,"shapes":[{"ty":"rc","p":{"a":0,"k":[50,50]},"r":{"a":0,"k":0},"s":{"a":0,"k":[120,120]}},{"ty":"fl","c":{"a":0,"k":[0,0,0]},"o":{"a":0,"k":100}}]},{"ind":56,"ty":3,"ks":{"p":{"a":0,"k":[100,100]}},"ip":0,"op":181,"st":0}]},{"id":"50","layers":[{"ind":49,"ty":4,"ks":{},"ip":0,"op":181,"st":0,"shapes":[{"ty":"rc","p":{"a":0,"k":[36,36]},"r":{"a":0,"k":0},"s":{"a":0,"k":[72,72]}},{"ty":"fl","c":{"a":0,"k":[0,0,0,0]},"o":{"a":0,"k":0}}]},{"ind":0,"ty":4,"ks":{"s":{"a":0,"k":[133.33,133.33]}},"ip":0,"op":181,"st":0,"shapes":[{"ty":"gr","it":[{"ty":"gr","it":[{"ty":"sh","ks":{"a":0,"k":{"c":false,"i":[[0,0],[0,0],[0,0],[0,0],[0,0],[0,0],[0,1.01],[0,0],[0,0]],"o":[[0,0],[0,0],[0,0],[0,0],[0,0],[1.01,0],[0,0],[0,0],[0,0]],"v":[[53.25,20.54],[53.25,40.78],[40.78,53.25],[6.91,53.25],[20.35,39.81],[38.24,39.81],[40.07,37.98],[40.07,20.53],[53.25,20.53]]}}},{"ty":"sh","ks":{"a":0,"k":{"c":true,"i":[[0,0],[0,0],[0,0],[0.6,0],[0,0],[0,0],[0,0],[0,0]],"o":[[0,0],[0,0],[0,0.6],[0,0],[0,0],[0,0],[0,0],[0,0]],"v":[[54,19.79],[39.32,19.79],[39.32,37.99],[38.24,39.07],[20.04,39.07],[5.09,54.01],[41.09,54.01],[54,41.09]]}}},{"ty":"fl","c":{"a":0,"k":[1,1,1,1]},"o":{"a":0,"k":100}},{"ty":"tr","o":{"a":0,"k":100}}]},{"ty":"gr","it":[{"ty":"sh","ks":{"a":0,"k":{"c":false,"i":[[0,0],[0,0],[0,0],[0,-1.01],[0,0],[0,0],[0,0],[0,0],[0,0]],"o":[[0,0],[0,0],[-1.01,0],[0,0],[0,0],[0,0],[0,0],[0,0],[0,0]],"v":[[47.09,0.75],[34.16,13.69],[15.77,13.69],[13.94,15.52],[13.94,33.42],[0.75,33.42],[0.75,13.23],[13.22,0.75],[47.09,0.75]]}}},{"ty":"sh","ks":{"a":0,"k":{"c":true,"i":[[0,0],[0,0],[0,0],[0,0],[0,0],[0,0],[-0.6,0],[0,0]],"o":[[0,0],[0,0],[0,0],[0,0],[0,0],[0,-0.6],[0,0],[0,0]],"v":[[48.91,0],[12.91,0],[0,12.91],[0,34.16],[14.68,34.16],[14.68,15.51],[15.76,14.43],[34.46,14.43]]}}},{"ty":"fl","c":{"a":0,"k":[1,1,1,1]},"o":{"a":0,"k":100}},{"ty":"tr","o":{"a":0,"k":100}}]},{"ty":"tr","o":{"a":0,"k":100}}]}]}]},{"id":"53","layers":[{"ind":52,"ty":0,"parent":48,"ks":{},"w":72,"h":72,"ip":0,"op":181,"st":0,"refId":"50"},{"ind":48,"ty":3,"ks":{"s":{"a":0,"k":[138.89,138.89]}},"ip":0,"op":181,"st":0}]},{"id":"67","layers":[{"ind":66,"ty":0,"td":1,"parent":47,"ks":{"a":{"a":0,"k":[100,100]}},"w":400,"h":400,"ip":0,"op":181,"st":0,"refId":"64"},{"ind":55,"ty":0,"tt":1,"parent":47,"ks":{"a":{"a":0,"k":[50,50]},"o":{"a":0,"k":30},"p":{"a":0,"k":[50,50]},"s":{"a":1,"k":[{"t":0,"s":[120,120],"i":{"x":[0,0],"y":[1,1]},"o":{"x":[0.5,0.5],"y":[0,0]}},{"t":60,"s":[100,100],"i":{"x":[1,1],"y":[1,1]},"o":{"x":[0,0],"y":[0,0]}},{"t":180,"s":[100,100],"h":1}]}},"w":100,"h":100,"ip":0,"op":181,"st":0,"refId":"53"},{"ind":47,"ty":3,"parent":46,"ks":{},"ip":0,"op":181,"st":0},{"ind":46,"ty":3,"ks":{"p":{"a":0,"k":[10,10]}},"ip":0,"op":181,"st":0}]},{"id":"80","layers":[{"ind":79,"ty":0,"td":1,"parent":45,"ks":{"a":{"a":0,"k":[10,10]}},"w":130,"h":130,"ip":0,"op":181,"st":0,"refId":"77"},{"ind":69,"ty":0,"tt":1,"parent":45,"ks":{"a":{"a":0,"k":[10,10]}},"w":120,"h":120,"ip":0,"op":181,"st":0,"refId":"67"},{"ind":45,"ty":3,"parent":44,"ks":{"a":{"a":0,"k":[50,50]},"p":{"a":0,"k":[50,50]},"s":{"a":1,"k":[{"t":0,"s":[100,100],"i":{"x":[1,1],"y":[1,1]},"o":{"x":[0,0],"y":[0,0]}},{"t":96,"s":[100,100],"i":{"x":[0,0],"y":[1,1]},"o":{"x":[0.5,0.5],"y":[0,0]}},{"t":156,"s":[120,120],"i":{"x":[1,1],"y":[1,1]},"o":{"x":[0,0],"y":[0,0]}},{"t":180,"s":[120,120],"h":1}]}},"ip":0,"op":181,"st":0},{"ind":44,"ty":3,"ks":{"p":{"a":0,"k":[22,22]}},"ip":0,"op":181,"st":0}]},{"id":"94","layers":[{"ind":93,"ty":0,"td":1,"parent":43,"ks":{"a":{"a":0,"k":[100,100]}},"w":400,"h":400,"ip":0,"op":181,"st":0,"refId":"91"},{"ind":82,"ty":0,"tt":1,"parent":43,"ks":{"a":{"a":0,"k":[22,22]}},"w":156,"h":156,"ip":0,"op":181,"st":0,"refId":"80"},{"ind":43,"ty":3,"ks":{"p":{"a":0,"k":[22,22]}},"ip":0,"op":181,"st":0}]},{"id":"107","layers":[{"ind":106,"ty":0,"td":1,"parent":42,"ks":{"a":{"a":0,"k":[22,22]}},"w":200,"h":200,"ip":0,"op":181,"st":0,"refId":"104"},{"ind":96,"ty":0,"tt":1,"parent":42,"ks":{"a":{"a":0,"k":[22,22]},"o":{"a":1,"k":[{"t":0,"s":[100],"h":1},{"t":156,"s":[100],"h":1},{"t":156,"s":[0],"h":1},{"t":180,"s":[0],"h":1}]}},"w":178,"h":178,"ip":0,"op":181,"st":0,"refId":"94"},{"ind":42,"ty":3,"ks":{"p":{"a":0,"k":[22,22]}},"ip":0,"op":181,"st":0}]},{"id":"111","layers":[{"ind":109,"ty":0,"ks":{"a":{"a":0,"k":[22,22]},"p":{"a":0,"k":[42,42]}},"w":200,"h":200,"ip":0,"op":181,"st":0,"refId":"107"},{"ind":110,"ty":4,"ks":{},"ip":0,"op":181,"st":0,"shapes":[{"ty":"rc","p":{"a":0,"k":[131,131]},"r":{"a":0,"k":0},"s":{"a":0,"k":[262,262]}},{"ty":"fl","c":{"a":0,"k":[0,0,0,0]},"o":{"a":0,"k":0}}]}]},{"id":"114","layers":[{"ind":113,"ty":0,"parent":41,"ks":{"p":{"a":0,"k":[-42,-42]}},"ef":[{"ty":29,"ef":[{"ty":0,"nm":"","v":{"a":1,"k":[{"t":0,"s":[33.33],"i":{"x":0.174,"y":0.759},"o":{"x":0.011,"y":0.227}},{"t":30,"s":[3.67],"i":{"x":0.722,"y":1},"o":{"x":0.35,"y":0.828}},{"t":60,"s":[0],"h":1},{"t":180,"s":[0],"h":1}]}},{"ty":7,"nm":"","v":{"a":0,"k":1}},{"ty":7,"nm":"","v":{"a":0,"k":0}}]}],"w":262,"h":262,"ip":0,"op":181,"st":0,"refId":"111"},{"ind":41,"ty":3,"ks":{"p":{"a":0,"k":[42,42]}},"ip":0,"op":181,"st":0}]},{"id":"122","layers":[{"ind":121,"ty":4,"ks":{},"ip":0,"op":181,"st":0,"shapes":[{"ty":"rc","p":{"a":0,"k":[36,36]},"r":{"a":0,"k":0},"s":{"a":0,"k":[72,72]}},{"ty":"fl","c":{"a":0,"k":[0,0,0,0]},"o":{"a":0,"k":0}}]},{"ind":0,"ty":4,"ks":{"s":{"a":0,"k":[133.33,133.33]}},"ip":0,"op":181,"st":0,"shapes":[{"ty":"gr","it":[{"ty":"gr","it":[{"ty":"sh","ks":{"a":0,"k":{"c":true,"i":[[0,0],[0,0],[0,-2.81],[0,0],[3.47,0],[0,0],[0,2.81],[0,0],[-3.47,0]],"o":[[0,0],[3.47,0],[0,0],[0,3.47],[0,0],[-3.47,0],[0,0],[0,-3.47],[0,0]],"v":[[27,20.72],[27.01,20.72],[33.29,27],[33.29,27.01],[27.01,33.29],[27,33.29],[20.72,27.01],[20.72,27],[27,20.72]]}}},{"ty":"fl","c":{"a":0,"k":[1,1,1,1]},"o":{"a":0,"k":100}},{"ty":"tr","o":{"a":0,"k":100}}]},{"ty":"tr","o":{"a":0,"k":100}}]}]}]},{"id":"125","layers":[{"ind":124,"ty":0,"parent":120,"ks":{},"w":72,"h":72,"ip":0,"op":181,"st":0,"refId":"122"},{"ind":120,"ty":3,"ks":{"s":{"a":0,"k":[138.89,138.89]}},"ip":0,"op":181,"st":0}]},{"id":"129","layers":[{"ind":127,"ty":0,"ks":{"o":{"a":1,"k":[{"t":0,"s":[0],"i":{"x":1,"y":1},"o":{"x":0,"y":0}},{"t":48,"s":[100],"h":1},{"t":180,"s":[100],"h":1}]},"p":{"a":0,"k":[20,20]}},"w":100,"h":100,"ip":0,"op":181,"st":0,"refId":"125"},{"ind":128,"ty":4,"ks":{},"ip":0,"op":181,"st":0,"shapes":[{"ty":"rc","p":{"a":0,"k":[70,70]},"r":{"a":0,"k":0},"s":{"a":0,"k":[140,140]}},{"ty":"fl","c":{"a":0,"k":[0,0,0,0]},"o":{"a":0,"k":0}}]}]},{"id":"132","layers":[{"ind":131,"ty":0,"parent":119,"ks":{"p":{"a":0,"k":[-20,-20]}},"ef":[{"ty":29,"ef":[{"ty":0,"nm":"","v":{"a":1,"k":[{"t":0,"s":[33.33],"i":{"x":0.174,"y":0.759},"o":{"x":0.011,"y":0.227}},{"t":48,"s":[3.67],"i":{"x":0.722,"y":1},"o":{"x":0.35,"y":0.828}},{"t":96,"s":[0],"h":1},{"t":180,"s":[0],"h":1}]}},{"ty":7,"nm":"","v":{"a":0,"k":1}},{"ty":7,"nm":"","v":{"a":0,"k":0}}]}],"w":140,"h":140,"ip":0,"op":181,"st":0,"refId":"129"},{"ind":119,"ty":3,"ks":{"p":{"a":0,"k":[21,21]}},"ip":0,"op":181,"st":0}]},{"id":"135","layers":[{"ind":134,"ty":0,"parent":118,"ks":{"a":{"a":0,"k":[21,21]},"o":{"a":1,"k":[{"t":0,"s":[0],"i":{"x":0,"y":1},"o":{"x":0,"y":0}},{"t":96,"s":[100],"h":1},{"t":180,"s":[100],"h":1}]}},"w":141,"h":141,"ip":0,"op":181,"st":0,"refId":"132"},{"ind":118,"ty":3,"ks":{"p":{"a":0,"k":[21,21]}},"ip":0,"op":181,"st":0}]},{"id":"167","layers":[{"ind":166,"ty":4,"parent":165,"ks":{},"ip":0,"op":181,"st":0,"shapes":[{"ty":"rc","p":{"a":0,"k":[50,50]},"r":{"a":0,"k":0},"s":{"a":0,"k":[100,100]}},{"ty":"fl","c":{"a":0,"k":[0,0,0]},"o":{"a":0,"k":100}}]},{"ind":165,"ty":3,"ks":{},"ip":0,"op":181,"st":0}]},{"id":"171","layers":[{"ind":169,"ty":0,"parent":164,"ks":{},"w":100,"h":100,"ip":0,"op":181,"st":0,"refId":"167"},{"ind":170,"ty":4,"parent":164,"ks":{"o":{"a":1,"k":[{"t":0,"s":[0],"h":1},{"t":156,"s":[0],"h":1},{"t":156,"s":[100],"h":1},{"t":180,"s":[100],"h":1}]}},"ip":0,"op":181,"st":0,"shapes":[{"ty":"rc","p":{"a":0,"k":[60,60]},"r":{"a":0,"k":0},"s":{"a":0,"k":[140,140]}},{"ty":"fl","c":{"a":0,"k":[0,0,0]},"o":{"a":0,"k":100}}]},{"ind":164,"ty":3,"ks":{"p":{"a":0,"k":[10,10]}},"ip":0,"op":181,"st":0}]},{"id":"154","layers":[{"ind":153,"ty":4,"parent":152,"ks":{},"ip":0,"op":181,"st":0,"shapes":[{"ty":"rc","p":{"a":1,"k":[{"t":0,"s":[70.711,0],"i":{"x":[1,1],"y":[1,1]},"o":{"x":[0,0],"y":[0,0]}},{"t":96,"s":[70.711,0],"i":{"x":[1,0],"y":[1,1]},"o":{"x":[0,0.5],"y":[0,0]}},{"t":156,"s":[70.711,70.711],"i":{"x":[1,1],"y":[1,1]},"o":{"x":[0,0],"y":[0,0]}},{"t":180,"s":[70.711,70.711],"h":1}]},"r":{"a":0,"k":0},"s":{"a":1,"k":[{"t":0,"s":[141.421,0],"i":{"x":[1,1],"y":[1,1]},"o":{"x":[0,0],"y":[0,0]}},{"t":96,"s":[141.421,0],"i":{"x":[1,0],"y":[1,1]},"o":{"x":[0,0.5],"y":[0,0]}},{"t":156,"s":[141.421,141.421],"i":{"x":[1,1],"y":[1,1]},"o":{"x":[0,0],"y":[0,0]}},{"t":180,"s":[141.421,141.421],"h":1}]}},{"ty":"fl","c":{"a":0,"k":[0,0,0]},"o":{"a":0,"k":100}}]},{"ind":152,"ty":3,"parent":151,"ks":{"a":{"a":1,"k":[{"t":0,"s":[70.711,0],"i":{"x":[1,1],"y":[1,1]},"o":{"x":[0,0],"y":[0,0]}},{"t":96,"s":[70.711,0],"i":{"x":[1,0],"y":[1,1]},"o":{"x":[0,0.5],"y":[0,0]}},{"t":156,"s":[70.711,70.711],"i":{"x":[1,1],"y":[1,1]},"o":{"x":[0,0],"y":[0,0]}},{"t":180,"s":[70.711,70.711],"h":1}]},"p":{"a":0,"k":[50,50]},"r":{"a":0,"k":-45}},"ip":0,"op":181,"st":0},{"ind":151,"ty":3,"ks":{"p":{"a":0,"k":[100,100]}},"ip":0,"op":181,"st":0}]},{"id":"158","layers":[{"ind":156,"ty":0,"parent":150,"ks":{"a":{"a":0,"k":[100,100]}},"w":300,"h":300,"ip":0,"op":181,"st":0,"refId":"154"},{"ind":157,"ty":4,"parent":150,"ks":{"o":{"a":1,"k":[{"t":0,"s":[0],"h":1},{"t":156,"s":[0],"h":1},{"t":156,"s":[100],"h":1},{"t":180,"s":[100],"h":1}]}},"ip":0,"op":181,"st":0,"shapes":[{"ty":"rc","p":{"a":0,"k":[55,55]},"r":{"a":0,"k":0},"s":{"a":0,"k":[130,130]}},{"ty":"fl","c":{"a":0,"k":[0,0,0]},"o":{"a":0,"k":100}}]},{"ind":150,"ty":3,"ks":{"p":{"a":0,"k":[100,100]}},"ip":0,"op":181,"st":0}]},{"id":"144","layers":[{"ind":143,"ty":4,"ks":{},"ip":0,"op":181,"st":0,"shapes":[{"ty":"rc","p":{"a":0,"k":[36,36]},"r":{"a":0,"k":0},"s":{"a":0,"k":[72,72]}},{"ty":"fl","c":{"a":0,"k":[0,0,0,0]},"o":{"a":0,"k":0}}]},{"ind":0,"ty":4,"ks":{"s":{"a":0,"k":[133.33,133.33]}},"ip":0,"op":181,"st":0,"shapes":[{"ty":"gr","it":[{"ty":"gr","it":[{"ty":"sh","ks":{"a":0,"k":{"c":true,"i":[[0,0],[0,0],[0,0],[0,0],[0,0],[0,0]],"o":[[0,0],[0,0],[0,0],[0,0],[0,0],[0,0]],"v":[[12.91,0],[0,12.91],[0,54],[41.09,54],[54,41.09],[54,0]]}}},{"ty":"fl","c":{"a":0,"k":[1,1,1,1]},"o":{"a":0,"k":100}},{"ty":"tr","o":{"a":0,"k":100}}]},{"ty":"tr","o":{"a":0,"k":100}}]}]}]},{"id":"147","layers":[{"ind":146,"ty":0,"parent":142,"ks":{},"w":72,"h":72,"ip":0,"op":181,"st":0,"refId":"144"},{"ind":142,"ty":3,"parent":141,"ks":{"s":{"a":0,"k":[138.89,138.89]}},"ip":0,"op":181,"st":0},{"ind":141,"ty":3,"parent":140,"ks":{"a":{"a":0,"k":[50,50]},"p":{"a":0,"k":[50,50]},"s":{"a":1,"k":[{"t":0,"s":[120,120],"i":{"x":[1,1],"y":[1,1]},"o":{"x":[0,0],"y":[0,0]}},{"t":96,"s":[120,120],"i":{"x":[0,0],"y":[1,1]},"o":{"x":[0.5,0.5],"y":[0,0]}},{"t":156,"s":[100,100],"i":{"x":[1,1],"y":[1,1]},"o":{"x":[0,0],"y":[0,0]}},{"t":180,"s":[100,100],"h":1}]}},"ip":0,"op":181,"st":0},{"ind":140,"ty":3,"ks":{"p":{"a":0,"k":[10,10]}},"ip":0,"op":181,"st":0}]},{"id":"161","layers":[{"ind":160,"ty":0,"td":1,"parent":139,"ks":{"a":{"a":0,"k":[100,100]}},"w":400,"h":400,"ip":0,"op":181,"st":0,"refId":"158"},{"ind":149,"ty":0,"tt":1,"parent":139,"ks":{"a":{"a":0,"k":[10,10]}},"w":120,"h":120,"ip":0,"op":181,"st":0,"refId":"147"},{"ind":139,"ty":3,"ks":{"p":{"a":0,"k":[10,10]}},"ip":0,"op":181,"st":0}]},{"id":"174","layers":[{"ind":39,"ty":0,"td":1,"parent":4,"ks":{"a":{"a":0,"k":[10,10]}},"w":140,"h":140,"ip":0,"op":181,"st":0,"refId":"37"},{"ind":29,"ty":0,"tt":1,"parent":4,"ks":{"a":{"a":0,"k":[10,10]},"o":{"a":1,"k":[{"t":0,"s":[0],"h":1},{"t":108,"s":[0],"h":1},{"t":108,"s":[100],"h":1},{"t":180,"s":[100],"h":1}]}},"w":130,"h":130,"ip":0,"op":181,"st":0,"refId":"27"},{"ind":4,"ty":3,"parent":3,"ks":{},"ip":0,"op":181,"st":0},{"ind":116,"ty":0,"parent":40,"ks":{"a":{"a":0,"k":[42,42]},"o":{"a":1,"k":[{"t":0,"s":[0],"i":{"x":0,"y":1},"o":{"x":0,"y":0}},{"t":60,"s":[100],"h":1},{"t":180,"s":[100],"h":1}]}},"w":262,"h":262,"ip":0,"op":181,"st":0,"refId":"114"},{"ind":40,"ty":3,"parent":3,"ks":{},"ip":0,"op":181,"st":0},{"ind":137,"ty":0,"parent":117,"ks":{"a":{"a":0,"k":[21,21]},"o":{"a":1,"k":[{"t":0,"s":[100],"h":1},{"t":48,"s":[100],"i":{"x":1,"y":1},"o":{"x":0,"y":0}},{"t":96,"s":[0],"h":1},{"t":180,"s":[0],"h":1}]}},"w":162,"h":162,"ip":0,"op":181,"st":0,"refId":"135"},{"ind":117,"ty":3,"parent":3,"ks":{},"ip":0,"op":181,"st":0},{"ind":173,"ty":0,"td":1,"parent":138,"ks":{"a":{"a":0,"k":[10,10]}},"w":140,"h":140,"ip":0,"op":181,"st":0,"refId":"171"},{"ind":163,"ty":0,"tt":1,"parent":138,"ks":{"a":{"a":0,"k":[10,10]},"o":{"a":1,"k":[{"t":0,"s":[0],"h":1},{"t":96,"s":[0],"h":1},{"t":96,"s":[100],"h":1},{"t":180,"s":[100],"h":1}]}},"w":130,"h":130,"ip":0,"op":181,"st":0,"refId":"161"},{"ind":138,"ty":3,"parent":3,"ks":{},"ip":0,"op":181,"st":0},{"ind":3,"ty":3,"ks":{"p":{"a":0,"k":[42,42]}},"ip":0,"op":181,"st":0}]},{"id":"178","layers":[{"ind":176,"ty":0,"ks":{"a":{"a":0,"k":[42,42]},"p":{"a":0,"k":[112,112]}},"w":304,"h":304,"ip":0,"op":181,"st":0,"refId":"174"},{"ind":177,"ty":4,"ks":{},"ip":0,"op":181,"st":0,"shapes":[{"ty":"rc","p":{"a":0,"k":[243,243]},"r":{"a":0,"k":0},"s":{"a":0,"k":[486,486]}},{"ty":"fl","c":{"a":0,"k":[0,0,0,0]},"o":{"a":0,"k":0}}]}]},{"id":"186","layers":[{"ind":185,"ty":4,"ks":{},"ip":0,"op":181,"st":0,"shapes":[{"ty":"rc","p":{"a":0,"k":[500,500]},"r":{"a":0,"k":0},"s":{"a":0,"k":[1000,1000]}},{"ty":"fl","c":{"a":0,"k":[0,0,0,0]},"o":{"a":0,"k":0}}]},{"ind":0,"ty":4,"ks":{"s":{"a":0,"k":[133.33,133.33]}},"ip":0,"op":181,"st":0,"shapes":[{"ty":"gr","it":[{"ty":"gr","it":[{"ty":"sh","ks":{"a":0,"k":{"c":true,"i":[[0,0],[0,0],[-22.9,16.64],[0,0],[8.74,26.92],[0,0],[28.31,0],[0,0],[8.75,-26.92],[0,0],[-22.9,-16.64]],"o":[[0,0],[22.9,16.64],[0,0],[22.9,-16.64],[0,0],[-8.75,-26.92],[0,0],[-28.31,0],[0,0],[-8.75,26.92],[0,0]],"v":[[326.96,617.62],[460.11,714.36],[536.92,714.36],[670.07,617.62],[693.81,544.57],[642.95,388.05],[580.81,342.9],[416.23,342.9],[354.09,388.05],[303.23,544.57],[326.97,617.62]]}}},{"ty":"gs","o":{"a":0,"k":100},"e":{"a":0,"k":[390.35,267.1]},"g":{"p":8,"k":{"a":0,"k":[0,0,0,0,0.09,0.16,0.28,0.46,0.37,0.45,0.42,0.27,0.56,0.67,0.88,0.75,0.72,0.31,0.73,0.69,0.8,0.11,0.64,0.66,0.92,0.33,0.43,0.3,0.96,0.39,0.37,0.2,0,1,0.09,1,0.37,1,0.56,1,0.72,1,0.8,1,0.92,1,0.96,1]}},"t":1,"a":{"a":0,"k":0},"h":{"a":0,"k":0},"s":{"a":0,"k":[520.71,645.69]},"lc":1,"lj":1,"ml":10,"w":{"a":0,"k":2}},{"ty":"tr","o":{"a":0,"k":100},"s":{"a":0,"k":[75,75]}}]},{"ty":"gr","it":[{"ty":"sh","ks":{"a":0,"k":{"c":true,"i":[[0,0],[0,0],[-23.8,16.05],[0,0],[7.92,27.59],[0,0],[28.69,1],[0,0],[9.82,-26.98],[0,0],[-22.62,-17.67]],"o":[[0,0],[22.62,17.67],[0,0],[23.8,-16.05],[0,0],[-7.91,-27.6],[0,0],[-28.69,-1],[0,0],[-9.82,26.98],[0,0]],"v":[[321.67,612.73],[453.2,715.49],[531.05,718.21],[669.43,624.87],[696.07,551.67],[650.06,391.22],[588.67,343.27],[421.86,337.44],[357.28,381],[300.19,537.85],[321.66,612.73]]}}},{"ty":"gs","o":{"a":0,"k":100},"e":{"a":0,"k":[464.14,416.56]},"g":{"p":8,"k":{"a":0,"k":[0,0,0,0,0.09,0.16,0.28,0.46,0.37,0.45,0.42,0.27,0.56,0.67,0.88,0.75,0.72,0.31,0.73,0.69,0.8,0.11,0.64,0.66,0.92,0.33,0.43,0.3,0.96,0.39,0.37,0.2,0,1,0.09,1,0.37,1,0.56,1,0.72,1,0.8,1,0.92,1,0.96,1]}},"t":1,"a":{"a":0,"k":0},"h":{"a":0,"k":0},"s":{"a":0,"k":[581.21,799.47]},"lc":1,"lj":1,"ml":10,"w":{"a":0,"k":2}},{"ty":"tr","o":{"a":0,"k":100},"s":{"a":0,"k":[75,75]}}]},{"ty":"gr","it":[{"ty":"sh","ks":{"a":0,"k":{"c":true,"i":[[0,0],[0,0],[-24.7,15.43],[0,0],[7.04,28.25],[0,0],[29.04,2.04],[0,0],[10.9,-27],[0,0],[-22.3,-18.71]],"o":[[0,0],[22.3,18.72],[0,0],[24.69,-15.43],[0,0],[-7.04,-28.25],[0,0],[-29.05,-2.03],[0,0],[-10.91,27],[0,0]],"v":[[316.44,607.65],[446.12,716.47],[524.94,721.98],[668.5,632.27],[698.1,559.02],[657.15,394.76],[596.63,343.97],[427.76,332.16],[360.76,374.03],[297.34,530.98],[316.45,607.65]]}}},{"ty":"gs","o":{"a":0,"k":100},"e":{"a":0,"k":[437.37,335.33]},"g":{"p":8,"k":{"a":0,"k":[0,0,0,0,0.09,0.16,0.28,0.46,0.37,0.45,0.42,0.27,0.56,0.67,0.88,0.75,0.72,0.31,0.73,0.69,0.8,0.11,0.64,0.66,0.92,0.33,0.43,0.3,0.96,0.39,0.37,0.2,0,1,0.09,1,0.37,1,0.56,1,0.72,1,0.8,1,0.92,1,0.96,1]}},"t":1,"a":{"a":0,"k":0},"h":{"a":0,"k":0},"s":{"a":0,"k":[543.21,730.32]},"lc":1,"lj":1,"ml":10,"w":{"a":0,"k":2}},{"ty":"tr","o":{"a":0,"k":100},"s":{"a":0,"k":[75,75]}}]},{"ty":"gr","it":[{"ty":"sh","ks":{"a":0,"k":{"c":true,"i":[[0,0],[0,0],[-25.57,14.76],[0,0],[6.14,28.88],[0,0],[29.37,3.09],[0,0],[12.01,-26.97],[0,0],[-21.94,-19.76]],"o":[[0,0],[21.94,19.76],[0,0],[25.57,-14.76],[0,0],[-6.14,-28.88],[0,0],[-29.37,-3.09],[0,0],[-12.01,26.98],[0,0]],"v":[[311.29,602.37],[438.88,717.25],[518.57,725.63],[667.26,639.78],[699.84,566.58],[664.15,398.65],[604.59,345.03],[433.84,327.08],[364.45,367.14],[294.63,523.99],[311.29,602.37]]}}},{"ty":"gs","o":{"a":0,"k":100},"e":{"a":0,"k":[415.16,258.84]},"g":{"p":8,"k":{"a":0,"k":[0,0,0,0,0.09,0.16,0.28,0.46,0.37,0.45,0.42,0.27,0.56,0.67,0.88,0.75,0.72,0.31,0.73,0.69,0.8,0.11,0.64,0.66,0.92,0.33,0.43,0.3,0.96,0.39,0.37,0.2,0,1,0.09,1,0.37,1,0.56,1,0.72,1,0.8,1,0.92,1,0.96,1]}},"t":1,"a":{"a":0,"k":0},"h":{"a":0,"k":0},"s":{"a":0,"k":[509.07,665.57]},"lc":1,"lj":1,"ml":10,"w":{"a":0,"k":2}},{"ty":"tr","o":{"a":0,"k":100},"s":{"a":0,"k":[75,75]}}]},{"ty":"gr","it":[{"ty":"sh","ks":{"a":0,"k":{"c":true,"i":[[0,0],[0,0],[-26.45,14.06],[0,0],[5.2,29.49],[0,0],[29.66,4.17],[0,0],[13.12,-26.92],[0,0],[-21.54,-20.8]],"o":[[0,0],[21.54,20.8],[0,0],[26.44,-14.06],[0,0],[-5.2,-29.49],[0,0],[-29.66,-4.17],[0,0],[-13.13,26.92],[0,0]],"v":[[306.23,596.9],[431.49,717.86],[511.97,729.17],[665.72,647.42],[701.35,574.38],[671.11,402.9],[612.65,346.45],[440.22,322.22],[368.47,360.38],[292.14,516.89],[306.25,596.92]]}}},{"ty":"gs","o":{"a":0,"k":100},"e":{"a":0,"k":[481.51,407.95]},"g":{"p":8,"k":{"a":0,"k":[0,0,0,0,0.09,0.16,0.28,0.46,0.37,0.45,0.42,0.27,0.56,0.67,0.88,0.75,0.72,0.31,0.73,0.69,0.8,0.11,0.64,0.66,0.92,0.33,0.43,0.3,0.96,0.39,0.37,0.2,0,1,0.09,1,0.37,1,0.56,1,0.72,1,0.8,1,0.92,1,0.96,1]}},"t":1,"a":{"a":0,"k":0},"h":{"a":0,"k":0},"s":{"a":0,"k":[561.16,817.72]},"lc":1,"lj":1,"ml":10,"w":{"a":0,"k":2}},{"ty":"tr","o":{"a":0,"k":100},"s":{"a":0,"k":[75,75]}}]},{"ty":"gr","it":[{"ty":"sh","ks":{"a":0,"k":{"c":true,"i":[[0,0],[0,0],[-27.3,13.32],[0,0],[4.23,30.07],[0,0],[29.91,5.28],[0,0],[14.26,-26.82],[0,0],[-21.1,-21.85]],"o":[[0,0],[21.1,21.85],[0,0],[27.3,-13.32],[0,0],[-4.23,-30.08],[0,0],[-29.91,-5.27],[0,0],[-14.26,26.82],[0,0]],"v":[[301.27,591.25],[423.95,718.29],[505.13,732.6],[663.85,655.18],[702.54,582.41],[677.96,407.53],[620.71,348.24],[446.79,317.57],[372.71,353.7],[289.8,509.63],[301.27,591.25]]}}},{"ty":"gs","o":{"a":0,"k":100},"e":{"a":0,"k":[462.66,337.11]},"g":{"p":8,"k":{"a":0,"k":[0,0,0,0,0.09,0.16,0.28,0.46,0.37,0.45,0.42,0.27,0.56,0.67,0.88,0.75,0.72,0.31,0.73,0.69,0.8,0.11,0.64,0.66,0.92,0.33,0.43,0.3,0.96,0.39,0.37,0.2,0,1,0.09,1,0.37,1,0.56,1,0.72,1,0.8,1,0.92,1,0.96,1]}},"t":1,"a":{"a":0,"k":0},"h":{"a":0,"k":0},"s":{"a":0,"k":[529.29,757.82]},"lc":1,"lj":1,"ml":10,"w":{"a":0,"k":2}},{"ty":"tr","o":{"a":0,"k":100},"s":{"a":0,"k":[75,75]}}]},{"ty":"gr","it":[{"ty":"sh","ks":{"a":0,"k":{"c":true,"i":[[0,0],[0,0],[-28.14,12.53],[0,0],[3.22,30.63],[0,0],[30.13,6.4],[0,0],[15.4,-26.68],[0,0],[-20.62,-22.89]],"o":[[0,0],[20.61,22.89],[0,0],[28.14,-12.53],[0,0],[-3.22,-30.64],[0,0],[-30.13,-6.4],[0,0],[-15.4,26.68],[0,0]],"v":[[296.41,585.41],[416.26,718.51],[498.02,735.89],[661.64,663.04],[703.44,590.65],[684.72,412.52],[628.79,350.4],[453.6,313.16],[377.24,347.16],[287.69,502.27],[296.43,585.4]]}}},{"ty":"gs","o":{"a":0,"k":100},"e":{"a":0,"k":[447.75,270.93]},"g":{"p":8,"k":{"a":0,"k":[0,0,0,0,0.09,0.16,0.28,0.46,0.37,0.45,0.42,0.27,0.56,0.67,0.88,0.75,0.72,0.31,0.73,0.69,0.8,0.11,0.64,0.66,0.92,0.33,0.43,0.3,0.96,0.39,0.37,0.2,0,1,0.09,1,0.37,1,0.56,1,0.72,1,0.8,1,0.92,1,0.96,1]}},"t":1,"a":{"a":0,"k":0},"h":{"a":0,"k":0},"s":{"a":0,"k":[500.7,702.17]},"lc":1,"lj":1,"ml":10,"w":{"a":0,"k":2}},{"ty":"tr","o":{"a":0,"k":100},"s":{"a":0,"k":[75,75]}}]},{"ty":"gr","it":[{"ty":"sh","ks":{"a":0,"k":{"c":true,"i":[[0,0],[0,0],[-28.97,11.7],[0,0],[2.18,31.17],[0,0],[30.31,7.55],[0,0],[16.56,-26.5],[0,0],[-20.08,-23.93]],"o":[[0,0],[20.08,23.93],[0,0],[28.97,-11.7],[0,0],[-2.18,-31.17],[0,0],[-30.31,-7.56],[0,0],[-16.56,26.5],[0,0]],"v":[[291.67,579.38],[408.43,718.53],[490.69,739.04],[659.11,670.99],[704.05,599.09],[691.38,417.88],[636.89,352.94],[460.63,308.99],[382.02,340.76],[285.76,494.81],[291.67,579.38]]}}},{"ty":"gs","o":{"a":0,"k":100},"e":{"a":0,"k":[436.58,209.43]},"g":{"p":8,"k":{"a":0,"k":[0,0,0,0,0.09,0.16,0.28,0.46,0.37,0.45,0.42,0.27,0.56,0.67,0.88,0.75,0.72,0.31,0.73,0.69,0.8,0.11,0.64,0.66,0.92,0.33,0.43,0.3,0.96,0.39,0.37,0.2,0,1,0.09,1,0.37,1,0.56,1,0.72,1,0.8,1,0.92,1,0.96,1]}},"t":1,"a":{"a":0,"k":0},"h":{"a":0,"k":0},"s":{"a":0,"k":[475.19,650.75]},"lc":1,"lj":1,"ml":10,"w":{"a":0,"k":2}},{"ty":"tr","o":{"a":0,"k":100},"s":{"a":0,"k":[75,75]}}]},{"ty":"gr","it":[{"ty":"sh","ks":{"a":0,"k":{"c":true,"i":[[0,0],[0,0],[-29.77,10.84],[0,0],[1.11,31.66],[0,0],[30.46,8.73],[0,0],[17.72,-26.27],[0,0],[-19.51,-24.97]],"o":[[0,0],[19.51,24.97],[0,0],[29.78,-10.84],[0,0],[-1.11,-31.67],[0,0],[-30.46,-8.73],[0,0],[-17.72,26.27],[0,0]],"v":[[287.06,573.18],[400.48,718.36],[483.14,742.06],[656.26,679.05],[704.33,607.77],[697.9,423.65],[644.96,355.9],[467.88,305.12],[387.07,334.53],[284.05,487.26],[287.05,573.19]]}}},{"ty":"gs","o":{"a":0,"k":100},"e":{"a":0,"k":[493.62,357.68]},"g":{"p":8,"k":{"a":0,"k":[0,0,0,0,0.09,0.16,0.28,0.46,0.37,0.45,0.42,0.27,0.56,0.67,0.88,0.75,0.72,0.31,0.73,0.69,0.8,0.11,0.64,0.66,0.92,0.33,0.43,0.3,0.96,0.39,0.37,0.2,0,1,0.09,1,0.37,1,0.56,1,0.72,1,0.8,1,0.92,1,0.96,1]}},"t":1,"a":{"a":0,"k":0},"h":{"a":0,"k":0},"s":{"a":0,"k":[516.8,800.08]},"lc":1,"lj":1,"ml":10,"w":{"a":0,"k":2}},{"ty":"tr","o":{"a":0,"k":100},"s":{"a":0,"k":[75,75]}}]},{"ty":"gr","it":[{"ty":"sh","ks":{"a":0,"k":{"c":true,"i":[[0,0],[0,0],[-30.56,9.93],[0,0],[0,32.14],[0,0],[30.57,9.93],[0,0],[18.88,-26],[0,0],[-18.89,-26]],"o":[[0,0],[18.89,26],[0,0],[30.56,-9.93],[0,0],[0,-32.14],[0,0],[-30.56,-9.93],[0,0],[-18.89,26],[0,0]],"v":[[282.58,566.81],[392.41,717.97],[475.34,744.92],[653.04,687.18],[704.3,616.63],[704.3,429.78],[653.04,359.23],[475.34,301.49],[392.41,328.44],[282.58,479.6],[282.58,566.8]]}}},{"ty":"gs","o":{"a":0,"k":100},"e":{"a":0,"k":[484.58,301.32]},"g":{"p":8,"k":{"a":0,"k":[0,0,0,0,0.09,0.16,0.28,0.46,0.37,0.45,0.42,0.27,0.56,0.67,0.88,0.75,0.72,0.31,0.73,0.69,0.8,0.11,0.64,0.66,0.92,0.33,0.43,0.3,0.96,0.39,0.37,0.2,0,1,0.09,1,0.37,1,0.56,1,0.72,1,0.8,1,0.92,1,0.96,1]}},"t":1,"a":{"a":0,"k":0},"h":{"a":0,"k":0},"s":{"a":0,"k":[492.46,752.77]},"lc":1,"lj":1,"ml":10,"w":{"a":0,"k":2}},{"ty":"tr","o":{"a":0,"k":100},"s":{"a":0,"k":[75,75]}}]},{"ty":"gr","it":[{"ty":"sh","ks":{"a":0,"k":{"c":true,"i":[[0,0],[0,0],[-31.33,8.98],[0,0],[-1.14,32.57],[0,0],[30.63,11.15],[0,0],[20.07,-25.69],[0,0],[-18.22,-27.02]],"o":[[0,0],[18.23,27.02],[0,0],[31.33,-8.98],[0,0],[1.14,-32.57],[0,0],[-30.63,-11.15],[0,0],[-20.07,25.68],[0,0]],"v":[[278.21,560.15],[384.18,717.25],[467.29,747.5],[649.45,695.27],[703.9,625.58],[710.51,436.2],[661.05,362.89],[482.98,298.07],[397.96,322.45],[281.29,471.78],[278.2,560.17]]}}},{"ty":"gs","o":{"a":0,"k":100},"e":{"a":0,"k":[478.65,249.38]},"g":{"p":8,"k":{"a":0,"k":[0,0,0,0,0.09,0.16,0.28,0.46,0.37,0.45,0.42,0.27,0.56,0.67,0.88,0.75,0.72,0.31,0.73,0.69,0.8,0.11,0.64,0.66,0.92,0.33,0.43,0.3,0.96,0.39,0.37,0.2,0,1,0.09,1,0.37,1,0.56,1,0.72,1,0.8,1,0.92,1,0.96,1]}},"t":1,"a":{"a":0,"k":0},"h":{"a":0,"k":0},"s":{"a":0,"k":[470.62,709.34]},"lc":1,"lj":1,"ml":10,"w":{"a":0,"k":2}},{"ty":"tr","o":{"a":0,"k":100},"s":{"a":0,"k":[75,75]}}]},{"ty":"gr","it":[{"ty":"sh","ks":{"a":0,"k":{"c":true,"i":[[0,0],[0,0],[-32.08,8],[0,0],[-2.31,32.97],[0,0],[30.65,12.39],[0,0],[21.25,-25.32],[0,0],[-17.51,-28.03]],"o":[[0,0],[17.52,28.03],[0,0],[32.07,-8],[0,0],[2.31,-32.97],[0,0],[-30.65,-12.38],[0,0],[-21.25,25.32],[0,0]],"v":[[273.94,553.21],[375.79,716.2],[458.96,749.8],[645.44,703.31],[703.1,634.6],[716.51,442.88],[668.98,366.81],[490.78,294.81],[403.75,316.51],[280.21,463.74],[273.95,553.22]]}}},{"ty":"gs","o":{"a":0,"k":100},"e":{"a":0,"k":[475.59,201.81]},"g":{"p":8,"k":{"a":0,"k":[0,0,0,0,0.09,0.16,0.28,0.46,0.37,0.45,0.42,0.27,0.56,0.67,0.88,0.75,0.72,0.31,0.73,0.69,0.8,0.11,0.64,0.66,0.92,0.33,0.43,0.3,0.96,0.39,0.37,0.2,0,1,0.09,1,0.37,1,0.56,1,0.72,1,0.8,1,0.92,1,0.96,1]}},"t":1,"a":{"a":0,"k":0},"h":{"a":0,"k":0},"s":{"a":0,"k":[451.07,669.72]},"lc":1,"lj":1,"ml":10,"w":{"a":0,"k":2}},{"ty":"tr","o":{"a":0,"k":100},"s":{"a":0,"k":[75,75]}}]},{"ty":"gr","it":[{"ty":"sh","ks":{"a":0,"k":{"c":true,"i":[[0,0],[0,0],[-32.8,6.97],[0,0],[-3.5,33.34],[0,0],[30.63,13.63],[0,0],[22.43,-24.91],[0,0],[-16.76,-29.03]],"o":[[0,0],[16.76,29.03],[0,0],[32.79,-6.97],[0,0],[3.5,-33.34],[0,0],[-30.63,-13.64],[0,0],[-22.43,24.91],[0,0]],"v":[[269.79,545.98],[367.25,714.78],[450.36,751.78],[641.02,711.25],[701.89,643.65],[722.26,449.8],[676.77,371.02],[498.7,291.74],[409.72,310.65],[279.29,455.5],[269.78,545.97]]}}},{"ty":"gs","o":{"a":0,"k":100},"e":{"a":0,"k":[522.1,346.67]},"g":{"p":8,"k":{"a":0,"k":[0,0,0,0,0.09,0.16,0.28,0.46,0.37,0.45,0.42,0.27,0.56,0.67,0.88,0.75,0.72,0.31,0.73,0.69,0.8,0.11,0.64,0.66,0.92,0.33,0.43,0.3,0.96,0.39,0.37,0.2,0,1,0.09,1,0.37,1,0.56,1,0.72,1,0.8,1,0.92,1,0.96,1]}},"t":1,"a":{"a":0,"k":0},"h":{"a":0,"k":0},"s":{"a":0,"k":[481.26,813.44]},"lc":1,"lj":1,"ml":10,"w":{"a":0,"k":2}},{"ty":"tr","o":{"a":0,"k":100},"s":{"a":0,"k":[75,75]}}]},{"ty":"gr","it":[{"ty":"sh","ks":{"a":0,"k":{"c":true,"i":[[0,0],[0,0],[-33.48,5.9],[0,0],[-4.73,33.67],[0,0],[30.56,14.9],[0,0],[23.62,-24.46],[0,0],[-15.96,-30.02]],"o":[[0,0],[15.96,30.02],[0,0],[33.48,-5.9],[0,0],[4.73,-33.67],[0,0],[-30.56,-14.9],[0,0],[-23.62,24.46],[0,0]],"v":[[265.77,538.48],[358.58,713.03],[441.51,753.48],[636.19,719.15],[700.28,652.78],[727.79,457.02],[684.47,375.56],[506.79,288.9],[415.93,304.92],[278.61,447.12],[265.78,538.48]]}}},{"ty":"gs","o":{"a":0,"k":100},"e":{"a":0,"k":[519.96,303.26]},"g":{"p":8,"k":{"a":0,"k":[0,0,0,0,0.09,0.16,0.28,0.46,0.37,0.45,0.42,0.27,0.56,0.67,0.88,0.75,0.72,0.31,0.73,0.69,0.8,0.11,0.64,0.66,0.92,0.33,0.43,0.3,0.96,0.39,0.37,0.2,0,1,0.09,1,0.37,1,0.56,1,0.72,1,0.8,1,0.92,1,0.96,1]}},"t":1,"a":{"a":0,"k":0},"h":{"a":0,"k":0},"s":{"a":0,"k":[461.82,776.78]},"lc":1,"lj":1,"ml":10,"w":{"a":0,"k":2}},{"ty":"tr","o":{"a":0,"k":100},"s":{"a":0,"k":[75,75]}}]},{"ty":"gr","it":[{"ty":"sh","ks":{"a":0,"k":{"c":true,"i":[[0,0],[0,0],[-34.15,4.8],[0,0],[-5.99,33.96],[0,0],[30.45,16.19],[0,0],[24.8,-23.95],[0,0],[-15.12,-30.99]],"o":[[0,0],[15.12,30.99],[0,0],[34.15,-4.8],[0,0],[5.99,-33.96],[0,0],[-30.45,-16.19],[0,0],[-24.81,23.95],[0,0]],"v":[[261.88,530.7],[349.77,710.9],[432.39,754.83],[630.93,726.93],[698.24,661.93],[733.06,464.48],[692.04,380.38],[515.01,286.25],[422.35,299.27],[278.13,438.54],[261.88,530.69]]}}},{"ty":"gs","o":{"a":0,"k":100},"e":{"a":0,"k":[520.17,263.98]},"g":{"p":8,"k":{"a":0,"k":[0,0,0,0,0.09,0.16,0.28,0.46,0.37,0.45,0.42,0.27,0.56,0.67,0.88,0.75,0.72,0.31,0.73,0.69,0.8,0.11,0.64,0.66,0.92,0.33,0.43,0.3,0.96,0.39,0.37,0.2,0,1,0.09,1,0.37,1,0.56,1,0.72,1,0.8,1,0.92,1,0.96,1]}},"t":1,"a":{"a":0,"k":0},"h":{"a":0,"k":0},"s":{"a":0,"k":[444.21,743.59]},"lc":1,"lj":1,"ml":10,"w":{"a":0,"k":2}},{"ty":"tr","o":{"a":0,"k":100},"s":{"a":0,"k":[75,75]}}]},{"ty":"gr","it":[{"ty":"sh","ks":{"a":0,"k":{"c":true,"i":[[0,0],[0,0],[-34.79,3.66],[0,0],[-7.28,34.21],[0,0],[30.29,17.49],[0,0],[25.99,-23.4],[0,0],[-14.23,-31.95]],"o":[[0,0],[14.22,31.95],[0,0],[34.78,-3.66],[0,0],[7.27,-34.21],[0,0],[-30.29,-17.49],[0,0],[-25.99,23.4],[0,0]],"v":[[258.14,522.65],[340.85,708.41],[423.04,755.86],[625.27,734.61],[695.8,671.11],[738.08,472.21],[699.48,385.51],[523.38,283.84],[429,293.76],[277.89,429.82],[258.16,522.65]]}}},{"ty":"gs","o":{"a":0,"k":100},"e":{"a":0,"k":[522.49,228.73]},"g":{"p":8,"k":{"a":0,"k":[0,0,0,0,0.09,0.16,0.28,0.46,0.37,0.45,0.42,0.27,0.56,0.67,0.88,0.75,0.72,0.31,0.73,0.69,0.8,0.11,0.64,0.66,0.92,0.33,0.43,0.3,0.96,0.39,0.37,0.2,0,1,0.09,1,0.37,1,0.56,1,0.72,1,0.8,1,0.92,1,0.96,1]}},"t":1,"a":{"a":0,"k":0},"h":{"a":0,"k":0},"s":{"a":0,"k":[428.21,713.77]},"lc":1,"lj":1,"ml":10,"w":{"a":0,"k":2}},{"ty":"tr","o":{"a":0,"k":100},"s":{"a":0,"k":[75,75]}}]},{"ty":"gr","it":[{"ty":"sh","ks":{"a":0,"k":{"c":true,"i":[[0,0],[0,0],[-35.38,2.48],[0,0],[-8.58,34.42],[0,0],[30.08,18.8],[0,0],[27.17,-22.8],[0,0],[-13.29,-32.89]],"o":[[0,0],[13.29,32.89],[0,0],[35.38,-2.47],[0,0],[8.58,-34.42],[0,0],[-30.08,-18.8],[0,0],[-27.17,22.8],[0,0]],"v":[[254.55,514.33],[331.8,705.54],[413.42,756.54],[619.14,742.15],[692.87,680.28],[742.76,480.18],[706.7,390.94],[531.81,281.66],[435.8,288.36],[277.82,420.93],[254.54,514.32]]}}},{"ty":"gs","o":{"a":0,"k":100},"e":{"a":0,"k":[526.72,197.48]},"g":{"p":8,"k":{"a":0,"k":[0,0,0,0,0.09,0.16,0.28,0.46,0.37,0.45,0.42,0.27,0.56,0.67,0.88,0.75,0.72,0.31,0.73,0.69,0.8,0.11,0.64,0.66,0.92,0.33,0.43,0.3,0.96,0.39,0.37,0.2,0,1,0.09,1,0.37,1,0.56,1,0.72,1,0.8,1,0.92,1,0.96,1]}},"t":1,"a":{"a":0,"k":0},"h":{"a":0,"k":0},"s":{"a":0,"k":[413.66,687.22]},"lc":1,"lj":1,"ml":10,"w":{"a":0,"k":2}},{"ty":"tr","o":{"a":0,"k":100},"s":{"a":0,"k":[75,75]}}]},{"ty":"gr","it":[{"ty":"sh","ks":{"a":0,"k":{"c":true,"i":[[0,0],[0,0],[-35.96,1.25],[0,0],[-9.91,34.58],[0,0],[29.83,20.12],[0,0],[28.35,-22.15],[0,0],[-12.3,-33.8]],"o":[[0,0],[12.3,33.8],[0,0],[35.95,-1.26],[0,0],[9.92,-34.58],[0,0],[-29.82,-20.12],[0,0],[-28.35,22.15],[0,0]],"v":[[251.14,505.75],[322.68,702.29],[403.61,756.88],[612.65,749.58],[689.57,689.48],[747.22,488.43],[713.83,396.7],[540.43,279.74],[442.86,283.15],[278.05,411.92],[251.14,505.75]]}}},{"ty":"gs","o":{"a":0,"k":100},"e":{"a":0,"k":[560.02,335.61]},"g":{"p":8,"k":{"a":0,"k":[0,0,0,0,0.09,0.16,0.28,0.46,0.37,0.45,0.42,0.27,0.56,0.67,0.88,0.75,0.72,0.31,0.73,0.69,0.8,0.11,0.64,0.66,0.92,0.33,0.43,0.3,0.96,0.39,0.37,0.2,0,1,0.09,1,0.37,1,0.56,1,0.72,1,0.8,1,0.92,1,0.96,1]}},"t":1,"a":{"a":0,"k":0},"h":{"a":0,"k":0},"s":{"a":0,"k":[429.93,821.11]},"lc":1,"lj":1,"ml":10,"w":{"a":0,"k":2}},{"ty":"tr","o":{"a":0,"k":100},"s":{"a":0,"k":[75,75]}}]},{"ty":"gr","it":[{"ty":"sh","ks":{"a":0,"k":{"c":true,"i":[[0,0],[0,0],[-36.48,0],[0,0],[-11.27,34.7],[0,0],[29.51,21.45],[0,0],[29.52,-21.44],[0,0],[-11.28,-34.7]],"o":[[0,0],[11.27,34.7],[0,0],[36.48,0],[0,0],[11.27,-34.7],[0,0],[-29.52,-21.44],[0,0],[-29.52,21.44],[0,0]],"v":[[247.89,496.9],[313.44,698.64],[393.53,756.83],[605.66,756.83],[685.75,698.64],[751.3,496.9],[720.71,402.74],[549.1,278.06],[450.1,278.06],[278.49,402.74],[247.91,496.9]]}}},{"ty":"gs","o":{"a":0,"k":100},"e":{"a":0,"k":[563.93,307.29]},"g":{"p":8,"k":{"a":0,"k":[0,0,0,0,0.09,0.16,0.28,0.46,0.37,0.45,0.42,0.27,0.56,0.67,0.88,0.75,0.72,0.31,0.73,0.69,0.8,0.11,0.64,0.66,0.92,0.33,0.43,0.3,0.96,0.39,0.37,0.2,0,1,0.09,1,0.37,1,0.56,1,0.72,1,0.8,1,0.92,1,0.96,1]}},"t":1,"a":{"a":0,"k":0},"h":{"a":0,"k":0},"s":{"a":0,"k":[414.48,796.1]},"lc":1,"lj":1,"ml":10,"w":{"a":0,"k":2}},{"ty":"tr","o":{"a":0,"k":100},"s":{"a":0,"k":[75,75]}}]},{"ty":"gr","it":[{"ty":"sh","ks":{"a":0,"k":{"c":true,"i":[[0,0],[0,0],[-36.98,-1.29],[0,0],[-12.65,34.77],[0,0],[29.16,22.78],[0,0],[30.68,-20.7],[0,0],[-10.2,-35.57]],"o":[[0,0],[10.2,35.57],[0,0],[36.98,1.29],[0,0],[12.66,-34.77],[0,0],[-29.16,-22.78],[0,0],[-30.68,20.69],[0,0]],"v":[[244.96,487.75],[304.26,694.55],[383.38,756.37],[598.39,763.88],[681.63,707.73],[755.21,505.57],[727.53,409.05],[557.99,276.6],[457.65,273.1],[279.29,393.4],[244.95,487.75]]}}},{"ty":"gs","o":{"a":0,"k":100},"e":{"a":0,"k":[569.42,282.55]},"g":{"p":8,"k":{"a":0,"k":[0,0,0,0,0.09,0.16,0.28,0.46,0.37,0.45,0.42,0.27,0.56,0.67,0.88,0.75,0.72,0.31,0.73,0.69,0.8,0.11,0.64,0.66,0.92,0.33,0.43,0.3,0.96,0.39,0.37,0.2,0,1,0.09,1,0.37,1,0.56,1,0.72,1,0.8,1,0.92,1,0.96,1]}},"t":1,"a":{"a":0,"k":0},"h":{"a":0,"k":0},"s":{"a":0,"k":[400.24,773.91]},"lc":1,"lj":1,"ml":10,"w":{"a":0,"k":2}},{"ty":"tr","o":{"a":0,"k":100},"s":{"a":0,"k":[75,75]}}]},{"ty":"gr","it":[{"ty":"sh","ks":{"a":0,"k":{"c":true,"i":[[0,0],[0,0],[-37.44,-2.62],[0,0],[-14.06,34.79],[0,0],[28.75,24.13],[0,0],[31.82,-19.89],[0,0],[-9.08,-36.42]],"o":[[0,0],[9.08,36.41],[0,0],[37.44,2.62],[0,0],[14.06,-34.8],[0,0],[-28.75,-24.12],[0,0],[-31.83,19.89],[0,0]],"v":[[242.35,478.29],[295.14,690],[373.15,755.46],[590.81,770.68],[677.17,716.72],[758.91,514.42],[734.27,415.6],[567.13,275.35],[465.55,268.26],[280.51,383.88],[242.36,478.3]]}}},{"ty":"gs","o":{"a":0,"k":100},"e":{"a":0,"k":[576.29,261.24]},"g":{"p":8,"k":{"a":0,"k":[0,0,0,0,0.09,0.16,0.28,0.46,0.37,0.45,0.42,0.27,0.56,0.67,0.88,0.75,0.72,0.31,0.73,0.69,0.8,0.11,0.64,0.66,0.92,0.33,0.43,0.3,0.96,0.39,0.37,0.2,0,1,0.09,1,0.37,1,0.56,1,0.72,1,0.8,1,0.92,1,0.96,1]}},"t":1,"a":{"a":0,"k":0},"h":{"a":0,"k":0},"s":{"a":0,"k":[387.01,754.34]},"lc":1,"lj":1,"ml":10,"w":{"a":0,"k":2}},{"ty":"tr","o":{"a":0,"k":100},"s":{"a":0,"k":[75,75]}}]},{"ty":"gr","it":[{"ty":"sh","ks":{"a":0,"k":{"c":true,"i":[[0,0],[0,0],[-37.85,-3.98],[0,0],[-15.48,34.77],[0,0],[28.28,25.47],[0,0],[32.96,-19.03],[0,0],[-7.91,-37.23]],"o":[[0,0],[7.91,37.23],[0,0],[37.85,3.98],[0,0],[15.48,-34.77],[0,0],[-28.28,-25.47],[0,0],[-32.96,19.03],[0,0]],"v":[[240.09,468.53],[286.1,684.98],[362.85,754.09],[582.93,777.22],[672.36,725.58],[762.38,523.42],[740.91,422.4],[576.46,274.33],[473.75,263.53],[282.11,374.17],[240.1,468.52]]}}},{"ty":"gs","o":{"a":0,"k":100},"e":{"a":0,"k":[584.38,243.24]},"g":{"p":8,"k":{"a":0,"k":[0,0,0,0,0.09,0.16,0.28,0.46,0.37,0.45,0.42,0.27,0.56,0.67,0.88,0.75,0.72,0.31,0.73,0.69,0.8,0.11,0.64,0.66,0.92,0.33,0.43,0.3,0.96,0.39,0.37,0.2,0,1,0.09,1,0.37,1,0.56,1,0.72,1,0.8,1,0.92,1,0.96,1]}},"t":1,"a":{"a":0,"k":0},"h":{"a":0,"k":0},"s":{"a":0,"k":[374.67,737.29]},"lc":1,"lj":1,"ml":10,"w":{"a":0,"k":2}},{"ty":"tr","o":{"a":0,"k":100},"s":{"a":0,"k":[75,75]}}]},{"ty":"gr","it":[{"ty":"sh","ks":{"a":0,"k":{"c":true,"i":[[0,0],[0,0],[-38.23,-5.37],[0,0],[-16.92,34.69],[0,0],[27.77,26.81],[0,0],[34.09,-18.12],[0,0],[-6.7,-38.01]],"o":[[0,0],[6.7,38.01],[0,0],[38.23,5.37],[0,0],[16.92,-34.69],[0,0],[-27.77,-26.81],[0,0],[-34.08,18.12],[0,0]],"v":[[238.18,458.48],[277.15,679.5],[352.5,752.26],[574.75,783.49],[667.23,734.32],[765.61,532.6],[747.42,429.45],[585.98,273.55],[482.26,258.97],[284.09,364.33],[238.17,458.47]]}}},{"ty":"gs","o":{"a":0,"k":100},"e":{"a":0,"k":[593.52,228.44]},"g":{"p":8,"k":{"a":0,"k":[0,0,0,0,0.09,0.16,0.28,0.46,0.37,0.45,0.42,0.27,0.56,0.67,0.88,0.75,0.72,0.31,0.73,0.69,0.8,0.11,0.64,0.66,0.92,0.33,0.43,0.3,0.96,0.39,0.37,0.2,0,1,0.09,1,0.37,1,0.56,1,0.72,1,0.8,1,0.92,1,0.96,1]}},"t":1,"a":{"a":0,"k":0},"h":{"a":0,"k":0},"s":{"a":0,"k":[363.1,722.58]},"lc":1,"lj":1,"ml":10,"w":{"a":0,"k":2}},{"ty":"tr","o":{"a":0,"k":100},"s":{"a":0,"k":[75,75]}}]},{"ty":"gr","it":[{"ty":"sh","ks":{"a":0,"k":{"c":true,"i":[[0,0],[0,0],[-38.55,-6.8],[0,0],[-18.38,34.57],[0,0],[27.19,28.16],[0,0],[35.19,-17.16],[0,0],[-5.45,-38.77]],"o":[[0,0],[5.45,38.77],[0,0],[38.55,6.8],[0,0],[18.38,-34.57],[0,0],[-27.2,-28.16],[0,0],[-35.19,17.16],[0,0]],"v":[[236.63,448.14],[268.31,673.54],[342.1,749.96],[566.27,789.49],[661.74,742.93],[768.6,541.95],[753.82,436.75],[595.7,273.01],[491.08,254.56],[286.51,354.34],[236.64,448.15]]}}},{"ty":"gs","o":{"a":0,"k":100},"e":{"a":0,"k":[603.52,216.68]},"g":{"p":8,"k":{"a":0,"k":[0,0,0,0,0.09,0.16,0.28,0.46,0.37,0.45,0.42,0.27,0.56,0.67,0.88,0.75,0.72,0.31,0.73,0.69,0.8,0.11,0.64,0.66,0.92,0.33,0.43,0.3,0.96,0.39,0.37,0.2,0,1,0.09,1,0.37,1,0.56,1,0.72,1,0.8,1,0.92,1,0.96,1]}},"t":1,"a":{"a":0,"k":0},"h":{"a":0,"k":0},"s":{"a":0,"k":[352.12,710.06]},"lc":1,"lj":1,"ml":10,"w":{"a":0,"k":2}},{"ty":"tr","o":{"a":0,"k":100},"s":{"a":0,"k":[75,75]}}]},{"ty":"gr","it":[{"ty":"sh","ks":{"a":0,"k":{"c":true,"i":[[0,0],[0,0],[-38.83,-8.26],[0,0],[-19.86,34.38],[0,0],[26.57,29.51],[0,0],[36.28,-16.15],[0,0],[-4.15,-39.49]],"o":[[0,0],[4.15,39.49],[0,0],[38.84,8.26],[0,0],[19.85,-34.39],[0,0],[-26.57,-29.51],[0,0],[-36.27,16.15],[0,0]],"v":[[235.47,437.51],[259.6,667.1],[331.69,747.17],[557.5,795.17],[655.93,751.35],[771.36,551.43],[760.1,444.28],[605.64,272.71],[500.24,250.31],[289.35,344.21],[235.48,437.53]]}}},{"ty":"gs","o":{"a":0,"k":100},"e":{"a":0,"k":[614.23,207.82]},"g":{"p":8,"k":{"a":0,"k":[0,0,0,0,0.09,0.16,0.28,0.46,0.37,0.45,0.42,0.27,0.56,0.67,0.88,0.75,0.72,0.31,0.73,0.69,0.8,0.11,0.64,0.66,0.92,0.33,0.43,0.3,0.96,0.39,0.37,0.2,0,1,0.09,1,0.37,1,0.56,1,0.72,1,0.8,1,0.92,1,0.96,1]}},"t":1,"a":{"a":0,"k":0},"h":{"a":0,"k":0},"s":{"a":0,"k":[341.64,699.58]},"lc":1,"lj":1,"ml":10,"w":{"a":0,"k":2}},{"ty":"tr","o":{"a":0,"k":100},"s":{"a":0,"k":[75,75]}}]},{"ty":"gr","it":[{"ty":"sh","ks":{"a":0,"k":{"c":true,"i":[[0,0],[0,0],[-39.08,-9.75],[0,0],[-21.34,34.15],[0,0],[25.88,30.84],[0,0],[37.33,-15.09],[0,0],[-2.81,-40.17]],"o":[[0,0],[2.81,40.17],[0,0],[39.07,9.74],[0,0],[21.34,-34.15],[0,0],[-25.88,-30.85],[0,0],[-37.34,15.08],[0,0]],"v":[[234.69,426.61],[251.02,660.17],[321.26,743.88],[548.43,800.52],[649.74,759.59],[773.81,561.04],[766.19,452.04],[615.7,272.69],[509.68,246.26],[292.6,333.96],[234.7,426.64]]}}},{"ty":"gs","o":{"a":0,"k":100},"e":{"a":0,"k":[628.53,328.88]},"g":{"p":8,"k":{"a":0,"k":[0,0,0,0,0.09,0.16,0.28,0.46,0.37,0.45,0.42,0.27,0.56,0.67,0.88,0.75,0.72,0.31,0.73,0.69,0.8,0.11,0.64,0.66,0.92,0.33,0.43,0.3,0.96,0.39,0.37,0.2,0,1,0.09,1,0.37,1,0.56,1,0.72,1,0.8,1,0.92,1,0.96,1]}},"t":1,"a":{"a":0,"k":0},"h":{"a":0,"k":0},"s":{"a":0,"k":[338.95,810.83]},"lc":1,"lj":1,"ml":10,"w":{"a":0,"k":2}},{"ty":"tr","o":{"a":0,"k":100},"s":{"a":0,"k":[75,75]}}]},{"ty":"gr","it":[{"ty":"sh","ks":{"a":0,"k":{"c":true,"i":[[0,0],[0,0],[-39.26,-11.26],[0,0],[-22.84,33.86],[0,0],[25.15,32.18],[0,0],[38.38,-13.96],[0,0],[-1.43,-40.82]],"o":[[0,0],[1.43,40.82],[0,0],[39.26,11.26],[0,0],[22.84,-33.86],[0,0],[-25.14,-32.18],[0,0],[-38.38,13.97],[0,0]],"v":[[234.32,415.45],[242.61,652.76],[310.84,740.09],[539.09,805.54],[643.23,767.64],[776.01,570.78],[772.14,460.03],[625.95,272.91],[519.42,242.35],[296.29,323.56],[234.32,415.44]]}}},{"ty":"gs","o":{"a":0,"k":100},"e":{"a":0,"k":[637.82,320.45]},"g":{"p":8,"k":{"a":0,"k":[0,0,0,0,0.09,0.16,0.28,0.46,0.37,0.45,0.42,0.27,0.56,0.67,0.88,0.75,0.72,0.31,0.73,0.69,0.8,0.11,0.64,0.66,0.92,0.33,0.43,0.3,0.96,0.39,0.37,0.2,0,1,0.09,1,0.37,1,0.56,1,0.72,1,0.8,1,0.92,1,0.96,1]}},"t":1,"a":{"a":0,"k":0},"h":{"a":0,"k":0},"s":{"a":0,"k":[326.96,799.14]},"lc":1,"lj":1,"ml":10,"w":{"a":0,"k":2}},{"ty":"tr","o":{"a":0,"k":100},"s":{"a":0,"k":[75,75]}}]},{"ty":"gr","it":[{"ty":"sh","ks":{"a":0,"k":{"c":true,"i":[[0,0],[0,0],[-39.39,-12.8],[0,0],[-24.34,33.51],[0,0],[24.35,33.51],[0,0],[39.39,-12.8],[0,0],[0,-41.42]],"o":[[0,0],[0,41.42],[0,0],[39.39,12.8],[0,0],[24.35,-33.51],[0,0],[-24.35,-33.51],[0,0],[-39.39,12.8],[0,0]],"v":[[234.36,404.02],[234.36,644.84],[300.42,735.77],[529.46,810.19],[636.35,775.46],[777.91,580.64],[777.91,468.23],[636.35,273.41],[529.46,238.68],[300.42,313.1],[234.36,404.03]]}}},{"ty":"gs","o":{"a":0,"k":100},"e":{"a":0,"k":[647.57,314.39]},"g":{"p":8,"k":{"a":0,"k":[0,0,0,0,0.09,0.16,0.28,0.46,0.37,0.45,0.42,0.27,0.56,0.67,0.88,0.75,0.72,0.31,0.73,0.69,0.8,0.11,0.64,0.66,0.92,0.33,0.43,0.3,0.96,0.39,0.37,0.2,0,1,0.09,1,0.37,1,0.56,1,0.72,1,0.8,1,0.92,1,0.96,1]}},"t":1,"a":{"a":0,"k":0},"h":{"a":0,"k":0},"s":{"a":0,"k":[315.3,788.93]},"lc":1,"lj":1,"ml":10,"w":{"a":0,"k":2}},{"ty":"tr","o":{"a":0,"k":100},"s":{"a":0,"k":[75,75]}}]},{"ty":"gr","it":[{"ty":"sh","ks":{"a":0,"k":{"c":true,"i":[[0,0],[0,0],[-39.47,-14.37],[0,0],[-25.87,33.1],[0,0],[23.49,34.83],[0,0],[40.38,-11.58],[0,0],[1.47,-41.99]],"o":[[0,0],[-1.47,41.98],[0,0],[39.47,14.37],[0,0],[25.86,-33.1],[0,0],[-23.49,-34.83],[0,0],[-40.38,11.58],[0,0]],"v":[[234.89,392.5],[226.37,636.59],[290.11,731.09],[519.62,814.63],[629.2,783.21],[779.57,590.74],[783.55,476.82],[646.97,274.33],[539.85,235.34],[305.07,302.66],[234.89,392.48]]}}},{"ty":"gs","o":{"a":0,"k":100},"e":{"a":0,"k":[657.7,310.75]},"g":{"p":8,"k":{"a":0,"k":[0,0,0,0,0.09,0.16,0.28,0.46,0.37,0.45,0.42,0.27,0.56,0.67,0.88,0.75,0.72,0.31,0.73,0.69,0.8,0.11,0.64,0.66,0.92,0.33,0.43,0.3,0.96,0.39,0.37,0.2,0,1,0.09,1,0.37,1,0.56,1,0.72,1,0.8,1,0.92,1,0.96,1]}},"t":1,"a":{"a":0,"k":0},"h":{"a":0,"k":0},"s":{"a":0,"k":[303.95,780.2]},"lc":1,"lj":1,"ml":10,"w":{"a":0,"k":2}},{"ty":"tr","o":{"a":0,"k":100},"s":{"a":0,"k":[75,75]}}]},{"ty":"gr","it":[{"ty":"sh","ks":{"a":0,"k":{"c":true,"i":[[0,0],[0,0],[-39.5,-15.96],[0,0],[-27.39,32.64],[0,0],[22.58,36.13],[0,0],[41.34,-10.31],[0,0],[2.97,-42.5]],"o":[[0,0],[-2.97,42.5],[0,0],[39.5,15.96],[0,0],[27.39,-32.64],[0,0],[-22.58,-36.13],[0,0],[-41.34,10.31],[0,0]],"v":[[235.92,380.88],[218.64,627.99],[279.9,726.03],[509.57,818.82],[621.76,790.85],[780.98,601.09],[789.05,485.77],[657.78,275.7],[550.59,232.39],[310.24,292.32],[235.93,380.88]]}}},{"ty":"gs","o":{"a":0,"k":100},"e":{"a":0,"k":[668.1,309.32]},"g":{"p":8,"k":{"a":0,"k":[0,0,0,0,0.09,0.16,0.28,0.46,0.37,0.45,0.42,0.27,0.56,0.67,0.88,0.75,0.72,0.31,0.73,0.69,0.8,0.11,0.64,0.66,0.92,0.33,0.43,0.3,0.96,0.39,0.37,0.2,0,1,0.09,1,0.37,1,0.56,1,0.72,1,0.8,1,0.92,1,0.96,1]}},"t":1,"a":{"a":0,"k":0},"h":{"a":0,"k":0},"s":{"a":0,"k":[292.81,772.76]},"lc":1,"lj":1,"ml":10,"w":{"a":0,"k":2}},{"ty":"tr","o":{"a":0,"k":100},"s":{"a":0,"k":[75,75]}}]},{"ty":"gr","it":[{"ty":"sh","ks":{"a":0,"k":{"c":true,"i":[[0,0],[0,0],[-39.48,-17.57],[0,0],[-28.91,32.11],[0,0],[21.6,37.42],[0,0],[42.26,-8.98],[0,0],[4.52,-42.97]],"o":[[0,0],[-4.52,42.97],[0,0],[39.47,17.58],[0,0],[28.91,-32.11],[0,0],[-21.6,-37.42],[0,0],[-42.27,8.98],[0,0]],"v":[[237.47,369.19],[211.21,619.04],[269.84,720.58],[499.35,822.76],[614.04,798.38],[782.14,611.68],[794.4,495.07],[668.79,277.51],[561.68,229.82],[315.94,282.05],[237.48,369.18]]}}},{"ty":"gs","o":{"a":0,"k":100},"e":{"a":0,"k":[678.67,309.93]},"g":{"p":8,"k":{"a":0,"k":[0,0,0,0,0.09,0.16,0.28,0.46,0.37,0.45,0.42,0.27,0.56,0.67,0.88,0.75,0.72,0.31,0.73,0.69,0.8,0.11,0.64,0.66,0.92,0.33,0.43,0.3,0.96,0.39,0.37,0.2,0,1,0.09,1,0.37,1,0.56,1,0.72,1,0.8,1,0.92,1,0.96,1]}},"t":1,"a":{"a":0,"k":0},"h":{"a":0,"k":0},"s":{"a":0,"k":[281.85,766.42]},"lc":1,"lj":1,"ml":10,"w":{"a":0,"k":2}},{"ty":"tr","o":{"a":0,"k":100},"s":{"a":0,"k":[75,75]}}]},{"ty":"gr","it":[{"ty":"sh","ks":{"a":0,"k":{"c":true,"i":[[0,0],[0,0],[-39.39,-19.21],[0,0],[-30.44,31.52],[0,0],[20.57,38.7],[0,0],[43.16,-7.61],[0,0],[6.1,-43.4]],"o":[[0,0],[-6.1,43.4],[0,0],[39.39,19.21],[0,0],[30.44,-31.52],[0,0],[-20.57,-38.69],[0,0],[-43.16,7.61],[0,0]],"v":[[239.55,357.44],[204.09,609.76],[259.92,714.76],[488.93,826.45],[606.04,805.8],[783.04,622.52],[799.59,504.76],[679.97,279.79],[573.09,227.66],[322.17,271.9],[239.56,357.44]]}}},{"ty":"gs","o":{"a":0,"k":100},"e":{"a":0,"k":[689.32,312.41]},"g":{"p":8,"k":{"a":0,"k":[0,0,0,0,0.09,0.16,0.28,0.46,0.37,0.45,0.42,0.27,0.56,0.67,0.88,0.75,0.72,0.31,0.73,0.69,0.8,0.11,0.64,0.66,0.92,0.33,0.43,0.3,0.96,0.39,0.37,0.2,0,1,0.09,1,0.37,1,0.56,1,0.72,1,0.8,1,0.92,1,0.96,1]}},"t":1,"a":{"a":0,"k":0},"h":{"a":0,"k":0},"s":{"a":0,"k":[271,761.01]},"lc":1,"lj":1,"ml":10,"w":{"a":0,"k":2}},{"ty":"tr","o":{"a":0,"k":100},"s":{"a":0,"k":[75,75]}}]},{"ty":"gr","it":[{"ty":"sh","ks":{"a":0,"k":{"c":true,"i":[[0,0],[0,0],[-39.24,-20.87],[0,0],[-31.97,30.87],[0,0],[19.49,39.95],[0,0],[44.02,-6.19],[0,0],[7.72,-43.77]],"o":[[0,0],[-7.72,43.77],[0,0],[39.24,20.87],[0,0],[31.97,-30.87],[0,0],[-19.48,-39.95],[0,0],[-44.01,6.19],[0,0]],"v":[[242.17,345.64],[197.3,600.13],[250.17,708.53],[478.34,829.85],[597.78,813.07],[783.67,633.56],[804.6,514.79],[691.32,282.53],[584.83,225.91],[328.93,261.86],[242.17,345.65]]}}},{"ty":"gs","o":{"a":0,"k":100},"e":{"a":0,"k":[699.97,316.59]},"g":{"p":8,"k":{"a":0,"k":[0,0,0,0,0.09,0.16,0.28,0.46,0.37,0.45,0.42,0.27,0.56,0.67,0.88,0.75,0.72,0.31,0.73,0.69,0.8,0.11,0.64,0.66,0.92,0.33,0.43,0.3,0.96,0.39,0.37,0.2,0,1,0.09,1,0.37,1,0.56,1,0.72,1,0.8,1,0.92,1,0.96,1]}},"t":1,"a":{"a":0,"k":0},"h":{"a":0,"k":0},"s":{"a":0,"k":[260.22,756.34]},"lc":1,"lj":1,"ml":10,"w":{"a":0,"k":2}},{"ty":"tr","o":{"a":0,"k":100},"s":{"a":0,"k":[75,75]}}]},{"ty":"gr","it":[{"ty":"sh","ks":{"a":0,"k":{"c":true,"i":[[0,0],[0,0],[-39.04,-22.54],[0,0],[-33.5,30.17],[0,0],[18.34,41.18],[0,0],[44.83,-4.71],[0,0],[9.37,-44.1]],"o":[[0,0],[-9.37,44.09],[0,0],[39.04,22.54],[0,0],[33.5,-30.16],[0,0],[-18.33,-41.18],[0,0],[-44.83,4.71],[0,0]],"v":[[245.34,333.81],[190.85,590.17],[240.6,701.91],[467.57,832.95],[589.22,820.16],[783.99,644.79],[809.42,525.15],[702.82,285.73],[596.89,224.57],[336.24,251.97],[245.34,333.82]]}}},{"ty":"gs","o":{"a":0,"k":100},"e":{"a":0,"k":[710.56,322.28]},"g":{"p":8,"k":{"a":0,"k":[0,0,0,0,0.09,0.16,0.28,0.46,0.37,0.45,0.42,0.27,0.56,0.67,0.88,0.75,0.72,0.31,0.73,0.69,0.8,0.11,0.64,0.66,0.92,0.33,0.43,0.3,0.96,0.39,0.37,0.2,0,1,0.09,1,0.37,1,0.56,1,0.72,1,0.8,1,0.92,1,0.96,1]}},"t":1,"a":{"a":0,"k":0},"h":{"a":0,"k":0},"s":{"a":0,"k":[249.5,752.23]},"lc":1,"lj":1,"ml":10,"w":{"a":0,"k":2}},{"ty":"tr","o":{"a":0,"k":100},"s":{"a":0,"k":[75,75]}}]},{"ty":"gr","it":[{"ty":"sh","ks":{"a":0,"k":{"c":true,"i":[[0,0],[0,0],[-38.77,-24.23],[0,0],[-35.02,29.38],[0,0],[17.13,42.39],[0,0],[45.6,-3.19],[0,0],[11.06,-44.36]],"o":[[0,0],[-11.06,44.36],[0,0],[38.77,24.23],[0,0],[35.02,-29.39],[0,0],[-17.13,-42.39],[0,0],[-45.61,3.19],[0,0]],"v":[[249.07,321.97],[184.77,579.88],[231.23,694.9],[456.65,835.75],[580.4,827.1],[784.02,656.24],[814.03,535.87],[714.46,289.42],[609.26,223.68],[344.1,242.22],[249.07,321.96]]}}},{"ty":"gs","o":{"a":0,"k":100},"e":{"a":0,"k":[721.02,329.28]},"g":{"p":8,"k":{"a":0,"k":[0,0,0,0,0.09,0.16,0.28,0.46,0.37,0.45,0.42,0.27,0.56,0.67,0.88,0.75,0.72,0.31,0.73,0.69,0.8,0.11,0.64,0.66,0.92,0.33,0.43,0.3,0.96,0.39,0.37,0.2,0,1,0.09,1,0.37,1,0.56,1,0.72,1,0.8,1,0.92,1,0.96,1]}},"t":1,"a":{"a":0,"k":0},"h":{"a":0,"k":0},"s":{"a":0,"k":[238.81,748.47]},"lc":1,"lj":1,"ml":10,"w":{"a":0,"k":2}},{"ty":"tr","o":{"a":0,"k":100},"s":{"a":0,"k":[75,75]}}]},{"ty":"gr","it":[{"ty":"sh","ks":{"a":0,"k":{"c":true,"i":[[0,0],[0,0],[-38.44,-25.93],[0,0],[-36.54,28.54],[0,0],[15.86,43.57],[0,0],[46.34,-1.62],[0,0],[12.78,-44.57]],"o":[[0,0],[-12.78,44.57],[0,0],[38.44,25.93],[0,0],[36.54,-28.55],[0,0],[-15.86,-43.57],[0,0],[-46.34,1.62],[0,0]],"v":[[253.38,310.13],[179.07,569.27],[222.1,687.5],[445.59,838.25],[571.33,833.86],[783.76,667.89],[818.44,546.95],[726.24,293.64],[621.93,223.29],[352.52,232.7],[253.38,310.16]]}}},{"ty":"gs","o":{"a":0,"k":100},"e":{"a":0,"k":[731.31,337.43]},"g":{"p":8,"k":{"a":0,"k":[0,0,0,0,0.09,0.16,0.28,0.46,0.37,0.45,0.42,0.27,0.56,0.67,0.88,0.75,0.72,0.31,0.73,0.69,0.8,0.11,0.64,0.66,0.92,0.33,0.43,0.3,0.96,0.39,0.37,0.2,0,1,0.09,1,0.37,1,0.56,1,0.72,1,0.8,1,0.92,1,0.96,1]}},"t":1,"a":{"a":0,"k":0},"h":{"a":0,"k":0},"s":{"a":0,"k":[228.14,744.88]},"lc":1,"lj":1,"ml":10,"w":{"a":0,"k":2}},{"ty":"tr","o":{"a":0,"k":100},"s":{"a":0,"k":[75,75]}}]},{"ty":"gr","it":[{"ty":"sh","ks":{"a":0,"k":{"c":true,"i":[[0,0],[0,0],[-38.04,-27.64],[0,0],[-38.04,27.64],[0,0],[14.53,44.73],[0,0],[47.02,0],[0,0],[14.53,-44.72]],"o":[[0,0],[-14.53,44.72],[0,0],[38.04,27.64],[0,0],[38.04,-27.64],[0,0],[-14.53,-44.72],[0,0],[-47.02,0],[0,0]],"v":[[258.27,298.32],[173.78,558.34],[213.21,679.7],[434.4,840.4],[562,840.4],[783.19,679.7],[822.62,558.34],[738.13,298.32],[634.9,223.32],[361.49,223.32],[258.26,298.32]]}}},{"ty":"gs","o":{"a":0,"k":100},"e":{"a":0,"k":[756.92,273.29]},"g":{"p":8,"k":{"a":0,"k":[0,0,0,0,0.09,0.16,0.28,0.46,0.37,0.45,0.42,0.27,0.56,0.67,0.88,0.75,0.72,0.31,0.73,0.69,0.8,0.11,0.64,0.66,0.92,0.33,0.43,0.3,0.96,0.39,0.37,0.2,0,1,0.09,1,0.37,1,0.56,1,0.72,1,0.8,1,0.92,1,0.96,1]}},"t":1,"a":{"a":0,"k":0},"h":{"a":0,"k":0},"s":{"a":0,"k":[226.23,673.19]},"lc":1,"lj":1,"ml":10,"w":{"a":0,"k":2}},{"ty":"tr","o":{"a":0,"k":100},"s":{"a":0,"k":[75,75]}}]},{"ty":"gr","it":[{"ty":"sh","ks":{"a":0,"k":{"c":true,"i":[[0,0],[0,0],[-37.58,-29.36],[0,0],[-39.53,26.67],[0,0],[13.15,45.85],[0,0],[47.66,1.66],[0,0],[16.31,-44.82]],"o":[[0,0],[-16.31,44.82],[0,0],[37.58,29.36],[0,0],[39.54,-26.67],[0,0],[-13.15,-45.84],[0,0],[-47.66,-1.66],[0,0]],"v":[[263.58,286.61],[168.74,547.18],[204.41,671.58],[422.92,842.3],[552.25,846.82],[782.13,691.76],[826.39,570.15],[749.96,303.59],[647.98,223.92],[370.86,214.24],[263.57,286.61]]}}},{"ty":"gs","o":{"a":0,"k":100},"e":{"a":0,"k":[767.41,288.02]},"g":{"p":8,"k":{"a":0,"k":[0,0,0,0,0.09,0.16,0.28,0.46,0.37,0.45,0.42,0.27,0.56,0.67,0.88,0.75,0.72,0.31,0.73,0.69,0.8,0.11,0.64,0.66,0.92,0.33,0.43,0.3,0.96,0.39,0.37,0.2,0,1,0.09,1,0.37,1,0.56,1,0.72,1,0.8,1,0.92,1,0.96,1]}},"t":1,"a":{"a":0,"k":0},"h":{"a":0,"k":0},"s":{"a":0,"k":[216.11,674.04]},"lc":1,"lj":1,"ml":10,"w":{"a":0,"k":2}},{"ty":"tr","o":{"a":0,"k":100},"s":{"a":0,"k":[75,75]}}]},{"ty":"gr","it":[{"ty":"sh","ks":{"a":0,"k":{"c":true,"i":[[0,0],[0,0],[-37.05,-31.09],[0,0],[-41.02,25.63],[0,0],[11.7,46.93],[0,0],[48.25,3.38],[0,0],[18.13,-44.84]],"o":[[0,0],[-18.12,44.85],[0,0],[37.05,31.09],[0,0],[41.02,-25.63],[0,0],[-11.7,-46.93],[0,0],[-48.25,-3.37],[0,0]],"v":[[269.33,275.03],[163.98,535.78],[195.73,663.13],[411.16,843.9],[542.09,853.06],[780.58,704.03],[829.76,582.34],[761.72,309.47],[661.18,225.1],[380.64,205.48],[269.33,275.04]]}}},{"ty":"gs","o":{"a":0,"k":100},"e":{"a":0,"k":[777.33,303.35]},"g":{"p":8,"k":{"a":0,"k":[0,0,0,0,0.09,0.16,0.28,0.46,0.37,0.45,0.42,0.27,0.56,0.67,0.88,0.75,0.72,0.31,0.73,0.69,0.8,0.11,0.64,0.66,0.92,0.33,0.43,0.3,0.96,0.39,0.37,0.2,0,1,0.09,1,0.37,1,0.56,1,0.72,1,0.8,1,0.92,1,0.96,1]}},"t":1,"a":{"a":0,"k":0},"h":{"a":0,"k":0},"s":{"a":0,"k":[205.76,674.53]},"lc":1,"lj":1,"ml":10,"w":{"a":0,"k":2}},{"ty":"tr","o":{"a":0,"k":100},"s":{"a":0,"k":[75,75]}}]},{"ty":"gr","it":[{"ty":"sh","ks":{"a":0,"k":{"c":true,"i":[[0,0],[0,0],[-36.46,-32.83],[0,0],[-42.48,24.53],[0,0],[10.2,47.99],[0,0],[48.78,5.13],[0,0],[19.95,-44.82]],"o":[[0,0],[-19.95,44.81],[0,0],[36.46,32.82],[0,0],[42.48,-24.53],[0,0],[-10.2,-47.98],[0,0],[-48.79,-5.13],[0,0]],"v":[[275.52,263.59],[159.51,524.15],[187.19,654.36],[399.15,845.21],[531.53,859.12],[778.54,716.51],[832.68,594.9],[773.38,315.91],[674.46,226.84],[390.8,197.03],[275.52,263.59]]}}},{"ty":"gs","o":{"a":0,"k":100},"e":{"a":0,"k":[786.71,319.1]},"g":{"p":8,"k":{"a":0,"k":[0,0,0,0,0.09,0.16,0.28,0.46,0.37,0.45,0.42,0.27,0.56,0.67,0.88,0.75,0.72,0.31,0.73,0.69,0.8,0.11,0.64,0.66,0.92,0.33,0.43,0.3,0.96,0.39,0.37,0.2,0,1,0.09,1,0.37,1,0.56,1,0.72,1,0.8,1,0.92,1,0.96,1]}},"t":1,"a":{"a":0,"k":0},"h":{"a":0,"k":0},"s":{"a":0,"k":[195.21,674.5]},"lc":1,"lj":1,"ml":10,"w":{"a":0,"k":2}},{"ty":"tr","o":{"a":0,"k":100},"s":{"a":0,"k":[75,75]}}]},{"ty":"gr","it":[{"ty":"sh","ks":{"a":0,"k":{"c":true,"i":[[0,0],[0,0],[-35.79,-34.56],[0,0],[-43.93,23.36],[0,0],[8.64,49],[0,0],[49.26,6.92],[0,0],[21.81,-44.72]],"o":[[0,0],[-21.81,44.72],[0,0],[35.79,34.56],[0,0],[43.93,-23.36],[0,0],[-8.64,-49],[0,0],[-49.27,-6.92],[0,0]],"v":[[282.14,252.33],[155.33,512.32],[178.77,645.27],[386.84,846.2],[520.53,864.99],[775.94,729.19],[835.13,607.85],[784.9,322.98],[687.79,229.2],[401.34,188.94],[282.14,252.32]]}}},{"ty":"gs","o":{"a":0,"k":100},"e":{"a":0,"k":[795.51,335.07]},"g":{"p":8,"k":{"a":0,"k":[0,0,0,0,0.09,0.16,0.28,0.46,0.37,0.45,0.42,0.27,0.56,0.67,0.88,0.75,0.72,0.31,0.73,0.69,0.8,0.11,0.64,0.66,0.92,0.33,0.43,0.3,0.96,0.39,0.37,0.2,0,1,0.09,1,0.37,1,0.56,1,0.72,1,0.8,1,0.92,1,0.96,1]}},"t":1,"a":{"a":0,"k":0},"h":{"a":0,"k":0},"s":{"a":0,"k":[184.52,673.74]},"lc":1,"lj":1,"ml":10,"w":{"a":0,"k":2}},{"ty":"tr","o":{"a":0,"k":100},"s":{"a":0,"k":[75,75]}}]},{"ty":"gr","it":[{"ty":"sh","ks":{"a":0,"k":{"c":true,"i":[[0,0],[0,0],[-35.06,-36.3],[0,0],[-45.35,22.12],[0,0],[7.02,49.96],[0,0],[49.69,8.76],[0,0],[23.69,-44.55]],"o":[[0,0],[-23.69,44.55],[0,0],[35.05,36.3],[0,0],[45.35,-22.12],[0,0],[-7.02,-49.97],[0,0],[-49.69,-8.76],[0,0]],"v":[[289.21,241.26],[151.48,500.29],[170.54,635.88],[374.34,846.92],[509.18,870.7],[772.86,742.09],[837.15,621.2],[796.32,330.68],[701.21,232.19],[412.29,181.26],[289.22,241.28]]}}},{"ty":"gs","o":{"a":0,"k":100},"e":{"a":0,"k":[803.78,351.08]},"g":{"p":8,"k":{"a":0,"k":[0,0,0,0,0.09,0.16,0.28,0.46,0.37,0.45,0.42,0.27,0.56,0.67,0.88,0.75,0.72,0.31,0.73,0.69,0.8,0.11,0.64,0.66,0.92,0.33,0.43,0.3,0.96,0.39,0.37,0.2,0,1,0.09,1,0.37,1,0.56,1,0.72,1,0.8,1,0.92,1,0.96,1]}},"t":1,"a":{"a":0,"k":0},"h":{"a":0,"k":0},"s":{"a":0,"k":[173.76,672.09]},"lc":1,"lj":1,"ml":10,"w":{"a":0,"k":2}},{"ty":"tr","o":{"a":0,"k":100},"s":{"a":0,"k":[75,75]}}]},{"ty":"gr","it":[{"ty":"sh","ks":{"a":0,"k":{"c":true,"i":[[0,0],[0,0],[-34.25,-38.03],[0,0],[-46.75,20.82],[0,0],[5.35,50.89],[0,0],[50.06,10.64],[0,0],[25.59,-44.32]],"o":[[0,0],[-25.59,44.32],[0,0],[34.24,38.03],[0,0],[46.75,-20.81],[0,0],[-5.35,-50.89],[0,0],[-50.06,-10.64],[0,0]],"v":[[296.72,230.4],[147.95,488.08],[162.47,626.18],[361.56,847.3],[497.39,876.17],[769.2,755.15],[838.64,634.89],[807.54,338.98],[714.61,235.78],[423.57,173.92],[296.71,230.4]]}}},{"ty":"gs","o":{"a":0,"k":100},"e":{"a":0,"k":[811.55,366.95]},"g":{"p":8,"k":{"a":0,"k":[0,0,0,0,0.09,0.16,0.28,0.46,0.37,0.45,0.42,0.27,0.56,0.67,0.88,0.75,0.72,0.31,0.73,0.69,0.8,0.11,0.64,0.66,0.92,0.33,0.43,0.3,0.96,0.39,0.37,0.2,0,1,0.09,1,0.37,1,0.56,1,0.72,1,0.8,1,0.92,1,0.96,1]}},"t":1,"a":{"a":0,"k":0},"h":{"a":0,"k":0},"s":{"a":0,"k":[162.99,669.37]},"lc":1,"lj":1,"ml":10,"w":{"a":0,"k":2}},{"ty":"tr","o":{"a":0,"k":100},"s":{"a":0,"k":[75,75]}}]},{"ty":"gr","it":[{"ty":"sh","ks":{"a":0,"k":{"c":true,"i":[[0,0],[0,0],[-33.36,-39.76],[0,0],[-48.12,19.44],[0,0],[3.62,51.78],[0,0],[50.36,12.56],[0,0],[27.5,-44.02]],"o":[[0,0],[-27.5,44.02],[0,0],[33.36,39.76],[0,0],[48.12,-19.44],[0,0],[-3.62,-51.78],[0,0],[-50.36,-12.56],[0,0]],"v":[[304.67,219.77],[144.76,475.68],[154.58,616.17],[348.55,847.34],[485.2,881.41],[764.99,768.37],[839.62,648.93],[818.57,347.9],[728.04,240.01],[435.23,167.01],[304.66,219.77]]}}},{"ty":"gs","o":{"a":0,"k":100},"e":{"a":0,"k":[837.09,342.06]},"g":{"p":8,"k":{"a":0,"k":[0,0,0,0,0.09,0.16,0.28,0.46,0.37,0.45,0.42,0.27,0.56,0.67,0.88,0.75,0.72,0.31,0.73,0.69,0.8,0.11,0.64,0.66,0.92,0.33,0.43,0.3,0.96,0.39,0.37,0.2,0,1,0.09,1,0.37,1,0.56,1,0.72,1,0.8,1,0.92,1,0.96,1]}},"t":1,"a":{"a":0,"k":0},"h":{"a":0,"k":0},"s":{"a":0,"k":[162.68,628.32]},"lc":1,"lj":1,"ml":10,"w":{"a":0,"k":2}},{"ty":"tr","o":{"a":0,"k":100},"s":{"a":0,"k":[75,75]}}]},{"ty":"gr","it":[{"ty":"sh","ks":{"a":0,"k":{"c":true,"i":[[0,0],[0,0],[-32.4,-41.48],[0,0],[-49.46,18],[0,0],[1.84,52.61],[0,0],[50.6,14.51],[0,0],[29.43,-43.64]],"o":[[0,0],[-29.44,43.64],[0,0],[32.41,41.48],[0,0],[49.46,-18],[0,0],[-1.84,-52.61],[0,0],[-50.6,-14.51],[0,0]],"v":[[313.08,209.4],[141.94,463.13],[146.92,605.88],[335.34,847.05],[472.64,886.42],[760.23,781.74],[840.1,663.32],[829.42,357.46],[741.48,244.9],[447.29,160.54],[313.07,209.39]]}}},{"ty":"gs","o":{"a":0,"k":100},"e":{"a":0,"k":[843.81,361.55]},"g":{"p":8,"k":{"a":0,"k":[0,0,0,0,0.09,0.16,0.28,0.46,0.37,0.45,0.42,0.27,0.56,0.67,0.88,0.75,0.72,0.31,0.73,0.69,0.8,0.11,0.64,0.66,0.92,0.33,0.43,0.3,0.96,0.39,0.37,0.2,0,1,0.09,1,0.37,1,0.56,1,0.72,1,0.8,1,0.92,1,0.96,1]}},"t":1,"a":{"a":0,"k":0},"h":{"a":0,"k":0},"s":{"a":0,"k":[151.88,627.16]},"lc":1,"lj":1,"ml":10,"w":{"a":0,"k":2}},{"ty":"tr","o":{"a":0,"k":100},"s":{"a":0,"k":[75,75]}}]},{"ty":"gr","it":[{"ty":"sh","ks":{"a":0,"k":{"c":true,"i":[[0,0],[0,0],[-31.38,-43.19],[0,0],[-50.77,16.49],[0,0],[0,53.39],[0,0],[50.77,16.5],[0,0],[31.38,-43.19]],"o":[[0,0],[-31.38,43.19],[0,0],[31.38,43.19],[0,0],[50.77,-16.5],[0,0],[0,-53.39],[0,0],[-50.77,-16.5],[0,0]],"v":[[321.93,199.3],[139.48,450.42],[139.48,595.28],[321.93,846.4],[459.7,891.17],[754.9,795.25],[840.05,678.05],[840.05,367.65],[754.9,250.45],[459.7,154.53],[321.93,199.3]]}}},{"ty":"gs","o":{"a":0,"k":100},"e":{"a":0,"k":[850.08,380.29]},"g":{"p":8,"k":{"a":0,"k":[0,0,0,0,0.09,0.16,0.28,0.46,0.37,0.45,0.42,0.27,0.56,0.67,0.88,0.75,0.72,0.31,0.73,0.69,0.8,0.11,0.64,0.66,0.92,0.33,0.43,0.3,0.96,0.39,0.37,0.2,0,1,0.09,1,0.37,1,0.56,1,0.72,1,0.8,1,0.92,1,0.96,1]}},"t":1,"a":{"a":0,"k":0},"h":{"a":0,"k":0},"s":{"a":0,"k":[141.24,624.37]},"lc":1,"lj":1,"ml":10,"w":{"a":0,"k":2}},{"ty":"tr","o":{"a":0,"k":100},"s":{"a":0,"k":[75,75]}}]},{"ty":"gr","it":[{"ty":"sh","ks":{"a":0,"k":{"c":true,"i":[[0,0],[0,0],[-30.27,-44.89],[0,0],[-52.05,14.92],[0,0],[-1.89,54.12],[0,0],[50.88,18.51],[0,0],[33.33,-42.67]],"o":[[0,0],[-33.33,42.67],[0,0],[30.28,44.89],[0,0],[52.05,-14.92],[0,0],[1.89,-54.11],[0,0],[-50.88,-18.52],[0,0]],"v":[[331.16,189.32],[137.35,437.39],[132.22,584.21],[308.26,845.19],[446.32,895.44],[748.93,808.67],[839.38,692.89],[850.37,378.28],[768.21,256.48],[472.39,148.81],[331.16,189.31]]}}},{"ty":"gs","o":{"a":0,"k":100},"e":{"a":0,"k":[855.88,397.91]},"g":{"p":8,"k":{"a":0,"k":[0,0,0,0,0.09,0.16,0.28,0.46,0.37,0.45,0.42,0.27,0.56,0.67,0.88,0.75,0.72,0.31,0.73,0.69,0.8,0.11,0.64,0.66,0.92,0.33,0.43,0.3,0.96,0.39,0.37,0.2,0,1,0.09,1,0.37,1,0.56,1,0.72,1,0.8,1,0.92,1,0.96,1]}},"t":1,"a":{"a":0,"k":0},"h":{"a":0,"k":0},"s":{"a":0,"k":[130.81,619.59]},"lc":1,"lj":1,"ml":10,"w":{"a":0,"k":2}},{"ty":"tr","o":{"a":0,"k":100},"s":{"a":0,"k":[75,75]}}]},{"ty":"gr","it":[{"ty":"sh","ks":{"a":0,"k":{"c":true,"i":[[0,0],[0,0],[-29.1,-46.56],[0,0],[-53.28,13.28],[0,0],[-3.83,54.78],[0,0],[50.91,20.58],[0,0],[35.3,-42.07]],"o":[[0,0],[-35.3,42.07],[0,0],[29.1,46.57],[0,0],[53.28,-13.28],[0,0],[3.83,-54.78],[0,0],[-50.91,-20.57],[0,0]],"v":[[340.75,179.46],[135.53,424.04],[125.14,572.68],[294.33,843.44],[432.49,899.26],[742.28,822.02],[838.06,707.86],[860.33,389.38],[781.38,263.01],[485.35,143.41],[340.78,179.46]]}}},{"ty":"gs","o":{"a":0,"k":100},"e":{"a":0,"k":[878.05,391.41]},"g":{"p":8,"k":{"a":0,"k":[0,0,0,0,0.09,0.16,0.28,0.46,0.37,0.45,0.42,0.27,0.56,0.67,0.88,0.75,0.72,0.31,0.73,0.69,0.8,0.11,0.64,0.66,0.92,0.33,0.43,0.3,0.96,0.39,0.37,0.2,0,1,0.09,1,0.37,1,0.56,1,0.72,1,0.8,1,0.92,1,0.96,1]}},"t":1,"a":{"a":0,"k":0},"h":{"a":0,"k":0},"s":{"a":0,"k":[129.23,592.06]},"lc":1,"lj":1,"ml":10,"w":{"a":0,"k":2}},{"ty":"tr","o":{"a":0,"k":100},"s":{"a":0,"k":[75,75]}}]},{"ty":"gr","it":[{"ty":"sh","ks":{"a":0,"k":{"c":true,"i":[[0,0],[0,0],[-27.84,-48.24],[0,0],[-54.48,11.58],[0,0],[-5.82,55.39],[0,0],[50.88,22.66],[0,0],[37.26,-41.39]],"o":[[0,0],[-37.27,41.39],[0,0],[27.85,48.23],[0,0],[54.48,-11.58],[0,0],[5.82,-55.39],[0,0],[-50.88,-22.65],[0,0]],"v":[[350.7,169.76],[134.03,410.39],[118.22,560.69],[280.13,841.11],[418.19,902.58],[734.92,835.27],[836.04,722.95],[869.89,400.92],[794.32,270.04],[498.51,138.34],[350.69,169.77]]}}},{"ty":"gs","o":{"a":0,"k":100},"e":{"a":0,"k":[882.52,410.49]},"g":{"p":8,"k":{"a":0,"k":[0,0,0,0,0.09,0.16,0.28,0.46,0.37,0.45,0.42,0.27,0.56,0.67,0.88,0.75,0.72,0.31,0.73,0.69,0.8,0.11,0.64,0.66,0.92,0.33,0.43,0.3,0.96,0.39,0.37,0.2,0,1,0.09,1,0.37,1,0.56,1,0.72,1,0.8,1,0.92,1,0.96,1]}},"t":1,"a":{"a":0,"k":0},"h":{"a":0,"k":0},"s":{"a":0,"k":[118.84,586.8]},"lc":1,"lj":1,"ml":10,"w":{"a":0,"k":2}},{"ty":"tr","o":{"a":0,"k":100},"s":{"a":0,"k":[75,75]}}]},{"ty":"gr","it":[{"ty":"sh","ks":{"a":0,"k":{"c":true,"i":[[0,0],[0,0],[-26.52,-49.87],[0,0],[-55.63,9.81],[0,0],[-7.86,55.93],[0,0],[50.77,24.76],[0,0],[39.24,-40.63]],"o":[[0,0],[-39.24,40.63],[0,0],[26.52,49.87],[0,0],[55.63,-9.81],[0,0],[7.86,-55.93],[0,0],[-50.77,-24.76],[0,0]],"v":[[361.01,160.21],[132.88,396.44],[111.55,548.22],[265.73,838.18],[403.49,905.36],[726.91,848.33],[833.38,738.08],[879.07,412.88],[807.11,277.55],[511.94,133.59],[361.01,160.2]]}}},{"ty":"gs","o":{"a":0,"k":100},"e":{"a":0,"k":[886.7,427.89]},"g":{"p":8,"k":{"a":0,"k":[0,0,0,0,0.09,0.16,0.28,0.46,0.37,0.45,0.42,0.27,0.56,0.67,0.88,0.75,0.72,0.31,0.73,0.69,0.8,0.11,0.64,0.66,0.92,0.33,0.43,0.3,0.96,0.39,0.37,0.2,0,1,0.09,1,0.37,1,0.56,1,0.72,1,0.8,1,0.92,1,0.96,1]}},"t":1,"a":{"a":0,"k":0},"h":{"a":0,"k":0},"s":{"a":0,"k":[108.97,579.06]},"lc":1,"lj":1,"ml":10,"w":{"a":0,"k":2}},{"ty":"tr","o":{"a":0,"k":100},"s":{"a":0,"k":[75,75]}}]},{"ty":"gr","it":[{"ty":"sh","ks":{"a":0,"k":{"c":true,"i":[[0,0],[0,0],[-25.12,-51.48],[0,0],[-56.73,7.97],[0,0],[-9.95,56.41],[0,0],[50.58,26.89],[0,0],[41.21,-39.79]],"o":[[0,0],[-41.21,39.79],[0,0],[25.11,51.49],[0,0],[56.73,-7.97],[0,0],[9.95,-56.42],[0,0],[-50.58,-26.89],[0,0]],"v":[[371.68,150.85],[132.09,382.22],[105.1,535.3],[251.11,834.66],[388.36,907.64],[718.18,861.29],[830,753.31],[887.84,425.3],[819.7,285.59],[525.62,129.22],[371.69,150.85]]}}},{"ty":"gs","o":{"a":0,"k":100},"e":{"a":0,"k":[905,433]},"g":{"p":8,"k":{"a":0,"k":[0,0,0,0,0.09,0.16,0.28,0.46,0.37,0.45,0.42,0.27,0.56,0.67,0.88,0.75,0.72,0.31,0.73,0.69,0.8,0.11,0.64,0.66,0.92,0.33,0.43,0.3,0.96,0.39,0.37,0.2,0,1,0.09,1,0.37,1,0.56,1,0.72,1,0.8,1,0.92,1,0.96,1]}},"t":1,"a":{"a":0,"k":0},"h":{"a":0,"k":0},"s":{"a":0,"k":[105.65,559.6]},"lc":1,"lj":1,"ml":10,"w":{"a":0,"k":2}},{"ty":"tr","o":{"a":0,"k":100},"s":{"a":0,"k":[75,75]}}]},{"ty":"gr","it":[{"ty":"sh","ks":{"a":0,"k":{"c":true,"i":[[0,0],[0,0],[-23.63,-53.08],[0,0],[-57.78,6.07],[0,0],[-12.08,56.83],[0,0],[50.31,29.05],[0,0],[43.18,-38.88]],"o":[[0,0],[-43.18,38.88],[0,0],[23.63,53.08],[0,0],[57.78,-6.07],[0,0],[12.08,-56.83],[0,0],[-50.32,-29.05],[0,0]],"v":[[382.69,141.69],[131.66,367.72],[98.88,521.93],[236.27,830.52],[372.8,909.34],[708.74,874.03],[825.91,768.54],[896.14,438.13],[832.02,294.11],[539.47,125.21],[382.68,141.69]]}}},{"ty":"gs","o":{"a":0,"k":100},"e":{"a":0,"k":[907.97,450.5]},"g":{"p":8,"k":{"a":0,"k":[0,0,0,0,0.09,0.16,0.28,0.46,0.37,0.45,0.42,0.27,0.56,0.67,0.88,0.75,0.72,0.31,0.73,0.69,0.8,0.11,0.64,0.66,0.92,0.33,0.43,0.3,0.96,0.39,0.37,0.2,0,1,0.09,1,0.37,1,0.56,1,0.72,1,0.8,1,0.92,1,0.96,1]}},"t":1,"a":{"a":0,"k":0},"h":{"a":0,"k":0},"s":{"a":0,"k":[96.24,550.17]},"lc":1,"lj":1,"ml":10,"w":{"a":0,"k":2}},{"ty":"tr","o":{"a":0,"k":100},"s":{"a":0,"k":[75,75]}}]},{"ty":"gr","it":[{"ty":"sh","ks":{"a":0,"k":{"c":true,"i":[[0,0],[0,0],[-22.07,-54.63],[0,0],[-58.78,4.11],[0,0],[-14.25,57.18],[0,0],[49.97,31.23],[0,0],[45.14,-37.87]],"o":[[0,0],[-45.14,37.88],[0,0],[22.07,54.63],[0,0],[58.78,-4.11],[0,0],[14.25,-57.17],[0,0],[-49.97,-31.22],[0,0]],"v":[[394.05,132.75],[131.61,352.96],[92.93,508.1],[221.27,825.75],[356.87,910.48],[698.63,886.58],[821.11,783.8],[903.99,451.38],[844.09,303.13],[553.56,121.57],[394.06,132.72]]}}},{"ty":"gs","o":{"a":0,"k":100},"e":{"a":0,"k":[910.98,465.76]},"g":{"p":8,"k":{"a":0,"k":[0,0,0,0,0.09,0.16,0.28,0.46,0.37,0.45,0.42,0.27,0.56,0.67,0.88,0.75,0.72,0.31,0.73,0.69,0.8,0.11,0.64,0.66,0.92,0.33,0.43,0.3,0.96,0.39,0.37,0.2,0,1,0.09,1,0.37,1,0.56,1,0.72,1,0.8,1,0.92,1,0.96,1]}},"t":1,"a":{"a":0,"k":0},"h":{"a":0,"k":0},"s":{"a":0,"k":[87.77,537.78]},"lc":1,"lj":1,"ml":10,"w":{"a":0,"k":2}},{"ty":"tr","o":{"a":0,"k":100},"s":{"a":0,"k":[75,75]}}]},{"ty":"gr","it":[{"ty":"sh","ks":{"a":0,"k":{"c":true,"i":[[0,0],[0,0],[-20.44,-56.16],[0,0],[-59.73,2.09],[0,0],[-16.47,57.45],[0,0],[49.54,33.42],[0,0],[47.09,-36.79]],"o":[[0,0],[-47.09,36.79],[0,0],[20.44,56.16],[0,0],[59.72,-2.09],[0,0],[16.47,-57.45],[0,0],[-49.54,-33.42],[0,0]],"v":[[405.74,124.05],[131.94,337.97],[87.24,493.85],[206.08,820.35],[340.52,911.04],[687.76,898.91],[815.54,799.07],[911.31,465.07],[855.85,312.69],[567.8,118.39],[405.73,124.05]]}}},{"ty":"gs","o":{"a":0,"k":100},"e":{"a":0,"k":[924.88,479.9]},"g":{"p":8,"k":{"a":0,"k":[0,0,0,0,0.09,0.16,0.28,0.46,0.37,0.45,0.42,0.27,0.56,0.67,0.88,0.75,0.72,0.31,0.73,0.69,0.8,0.11,0.64,0.66,0.92,0.33,0.43,0.3,0.96,0.39,0.37,0.2,0,1,0.09,1,0.37,1,0.56,1,0.72,1,0.8,1,0.92,1,0.96,1]}},"t":1,"a":{"a":0,"k":0},"h":{"a":0,"k":0},"s":{"a":0,"k":[82.64,524.04]},"lc":1,"lj":1,"ml":10,"w":{"a":0,"k":2}},{"ty":"tr","o":{"a":0,"k":100},"s":{"a":0,"k":[75,75]}}]},{"ty":"gr","it":[{"ty":"sh","ks":{"a":0,"k":{"c":true,"i":[[0,0],[0,0],[-18.73,-57.64],[0,0],[-60.6,0],[0,0],[-18.73,57.64],[0,0],[49.03,35.62],[0,0],[49.03,-35.63]],"o":[[0,0],[-49.03,35.63],[0,0],[18.73,57.64],[0,0],[60.61,0],[0,0],[18.73,-57.64],[0,0],[-49.03,-35.63],[0,0]],"v":[[417.77,115.61],[132.68,322.74],[81.86,479.15],[190.76,814.29],[323.81,910.96],[676.2,910.96],[809.25,814.29],[918.14,479.15],[867.32,322.74],[582.23,115.61],[417.78,115.61]]}}},{"ty":"gs","o":{"a":0,"k":100},"e":{"a":0,"k":[927.04,494.01]},"g":{"p":8,"k":{"a":0,"k":[0,0,0,0,0.09,0.16,0.28,0.46,0.37,0.45,0.42,0.27,0.56,0.67,0.88,0.75,0.72,0.31,0.73,0.69,0.8,0.11,0.64,0.66,0.92,0.33,0.43,0.3,0.96,0.39,0.37,0.2,0,1,0.09,1,0.37,1,0.56,1,0.72,1,0.8,1,0.92,1,0.96,1]}},"t":1,"a":{"a":0,"k":0},"h":{"a":0,"k":0},"s":{"a":0,"k":[75.25,508.88]},"lc":1,"lj":1,"ml":10,"w":{"a":0,"k":2}},{"ty":"tr","o":{"a":0,"k":100},"s":{"a":0,"k":[75,75]}}]},{"ty":"tr","o":{"a":0,"k":100}}]}]}]},{"id":"189","layers":[{"ind":188,"ty":0,"parent":184,"ks":{},"w":1000,"h":1000,"ip":0,"op":181,"st":0,"refId":"186"},{"ind":184,"ty":3,"ks":{"s":{"a":0,"k":[78.4,78.6]}},"ip":0,"op":181,"st":0}]},{"id":"193","layers":[{"ind":191,"ty":0,"ks":{"o":{"a":1,"k":[{"t":0,"s":[0],"h":1},{"t":96,"s":[0],"i":{"x":1,"y":1},"o":{"x":0,"y":0}},{"t":120,"s":[100],"h":1},{"t":180,"s":[100],"h":1}]},"p":{"a":0,"k":[60,60]}},"w":1000,"h":1000,"ip":0,"op":181,"st":0,"refId":"189"},{"ind":192,"ty":4,"ks":{},"ip":0,"op":181,"st":0,"shapes":[{"ty":"rc","p":{"a":0,"k":[560,560]},"r":{"a":0,"k":0},"s":{"a":0,"k":[1120,1120]}},{"ty":"fl","c":{"a":0,"k":[0,0,0,0]},"o":{"a":0,"k":0}}]}]},{"id":"196","layers":[{"ind":195,"ty":0,"parent":183,"ks":{"p":{"a":0,"k":[-60,-60]}},"ef":[{"ty":29,"ef":[{"ty":0,"nm":"","v":{"a":1,"k":[{"t":0,"s":[100],"h":1},{"t":96,"s":[100],"i":{"x":0.151,"y":0.596},"o":{"x":0.025,"y":0.179}},{"t":97.5,"s":[55.81],"i":{"x":0.69,"y":0.761},"o":{"x":0.33,"y":0.436}},{"t":99,"s":[39.87],"i":{"x":0.562,"y":0.688},"o":{"x":0.243,"y":0.343}},{"t":102,"s":[22.53],"i":{"x":0.642,"y":0.788},"o":{"x":0.297,"y":0.477}},{"t":108,"s":[7.18],"i":{"x":0.618,"y":0.999},"o":{"x":0.28,"y":0.709}},{"t":120,"s":[0],"h":1},{"t":180,"s":[0],"h":1}]}},{"ty":7,"nm":"","v":{"a":0,"k":1}},{"ty":7,"nm":"","v":{"a":0,"k":0}}]}],"w":1120,"h":1120,"ip":0,"op":181,"st":0,"refId":"193"},{"ind":183,"ty":3,"ks":{"p":{"a":0,"k":[61,61]}},"ip":0,"op":181,"st":0}]},{"id":"199","layers":[{"ind":198,"ty":0,"parent":182,"ks":{"a":{"a":0,"k":[61,61]},"o":{"a":1,"k":[{"t":0,"s":[0],"h":1},{"t":96,"s":[0],"i":{"x":0,"y":1},"o":{"x":0,"y":0}},{"t":120,"s":[100],"h":1},{"t":180,"s":[100],"h":1}]}},"w":1121,"h":1121,"ip":0,"op":181,"st":0,"refId":"196"},{"ind":182,"ty":3,"ks":{"p":{"a":0,"k":[61,61]}},"ip":0,"op":181,"st":0}]}],"fr":60,"h":514,"ip":0,"layers":[{"ind":180,"ty":0,"parent":2,"ks":{"p":{"a":0,"k":[-112,-112]}},"ef":[{"ty":25,"ef":[{"ty":2,"nm":"Shadow Color","v":{"a":0,"k":[0,0,0]}},{"ty":0,"nm":"Opacity","v":{"a":0,"k":128}},{"ty":1,"nm":"Direction","v":{"a":0,"k":180}},{"ty":0,"nm":"Distance","v":{"a":0,"k":10}},{"ty":0,"nm":"Softness","v":{"a":0,"k":60}}]}],"w":486,"h":486,"ip":0,"op":181,"st":0,"refId":"178"},{"ind":2,"ty":3,"parent":1,"ks":{"p":{"a":0,"k":[147,207]}},"ip":0,"op":181,"st":0},{"ind":201,"ty":0,"parent":181,"ks":{"a":{"a":0,"k":[453,454]},"o":{"a":1,"k":[{"t":0,"s":[0],"h":1},{"t":96,"s":[0],"i":{"x":0,"y":1},"o":{"x":0,"y":0}},{"t":180,"s":[100],"h":1}]},"p":{"a":0,"k":[392,393]},"s":{"a":1,"k":[{"t":0,"s":[50,50],"i":{"x":[1,1],"y":[1,1]},"o":{"x":[0,0],"y":[0,0]}},{"t":96,"s":[50,50],"i":{"x":[0,0],"y":[1,1]},"o":{"x":[0,0],"y":[0,0]}},{"t":180,"s":[100,100],"h":1}]}},"w":1182,"h":1182,"ip":0,"op":181,"st":0,"refId":"199"},{"ind":181,"ty":3,"parent":1,"ks":{"a":{"a":0,"k":[392,393]},"p":{"a":0,"k":[202,249]}},"ip":0,"op":181,"st":0},{"ind":1,"ty":3,"parent":0,"ks":{},"ip":0,"op":181,"st":0},{"ind":202,"ty":4,"parent":0,"ks":{},"ip":0,"op":181,"st":0,"shapes":[{"ty":"rc","p":{"a":0,"k":[196.5,257]},"r":{"a":0,"k":0},"s":{"a":0,"k":[393,514]}},{"ty":"fl","c":{"a":0,"k":[0,0,0]},"o":{"a":0,"k":100}}]},{"ind":0,"ty":3,"ks":{},"ip":0,"op":181,"st":0}],"meta":{"g":"https://jitter.video"},"op":180,"v":"5.7.4","w":393}