{"assets":[{"id":"64","layers":[{"ind":63,"ty":4,"parent":62,"ks":{},"ip":0,"op":181,"st":0,"shapes":[{"ty":"rc","p":{"a":0,"k":[50,50]},"r":{"a":0,"k":0},"s":{"a":0,"k":[100,100]}},{"ty":"fl","c":{"a":0,"k":[0,0,0]},"o":{"a":0,"k":100}}]},{"ind":62,"ty":3,"ks":{},"ip":0,"op":181,"st":0}]},{"id":"68","layers":[{"ind":66,"ty":0,"parent":61,"ks":{},"w":100,"h":100,"ip":0,"op":181,"st":0,"refId":"64"},{"ind":67,"ty":4,"parent":61,"ks":{"o":{"a":1,"k":[{"t":0,"s":[100],"h":1},{"t":96,"s":[100],"h":1},{"t":96,"s":[0],"h":1},{"t":180,"s":[0],"h":1}]}},"ip":0,"op":181,"st":0,"shapes":[{"ty":"rc","p":{"a":0,"k":[78,78]},"r":{"a":0,"k":0},"s":{"a":0,"k":[200,200]}},{"ty":"fl","c":{"a":0,"k":[0,0,0]},"o":{"a":0,"k":100}}]},{"ind":61,"ty":3,"ks":{"p":{"a":0,"k":[22,22]}},"ip":0,"op":181,"st":0}]},{"id":"51","layers":[{"ind":50,"ty":4,"parent":49,"ks":{},"ip":0,"op":181,"st":0,"shapes":[{"ty":"rc","p":{"a":1,"k":[{"t":0,"s":[70.711,70.711],"i":{"x":[1,1],"y":[1,1]},"o":{"x":[0,0],"y":[0,0]}},{"t":96,"s":[70.711,70.711],"i":{"x":[1,0],"y":[1,1]},"o":{"x":[0,0.5],"y":[0,0]}},{"t":156,"s":[70.711,0],"i":{"x":[1,1],"y":[1,1]},"o":{"x":[0,0],"y":[0,0]}},{"t":180,"s":[70.711,0],"h":1}]},"r":{"a":0,"k":0},"s":{"a":1,"k":[{"t":0,"s":[141.421,141.421],"i":{"x":[1,1],"y":[1,1]},"o":{"x":[0,0],"y":[0,0]}},{"t":96,"s":[141.421,141.421],"i":{"x":[1,0],"y":[1,1]},"o":{"x":[0,0.5],"y":[0,0]}},{"t":156,"s":[141.421,0],"i":{"x":[1,1],"y":[1,1]},"o":{"x":[0,0],"y":[0,0]}},{"t":180,"s":[141.421,0],"h":1}]}},{"ty":"fl","c":{"a":0,"k":[0,0,0]},"o":{"a":0,"k":100}}]},{"ind":49,"ty":3,"parent":48,"ks":{"a":{"a":1,"k":[{"t":0,"s":[70.711,70.711],"i":{"x":[1,1],"y":[1,1]},"o":{"x":[0,0],"y":[0,0]}},{"t":96,"s":[70.711,70.711],"i":{"x":[1,0],"y":[1,1]},"o":{"x":[0,0.5],"y":[0,0]}},{"t":156,"s":[70.711,0],"i":{"x":[1,1],"y":[1,1]},"o":{"x":[0,0],"y":[0,0]}},{"t":180,"s":[70.711,0],"h":1}]},"p":{"a":0,"k":[50,50]},"r":{"a":0,"k":-45}},"ip":0,"op":181,"st":0},{"ind":48,"ty":3,"ks":{"p":{"a":0,"k":[100,100]}},"ip":0,"op":181,"st":0}]},{"id":"55","layers":[{"ind":53,"ty":0,"parent":47,"ks":{"a":{"a":0,"k":[100,100]}},"w":300,"h":300,"ip":0,"op":181,"st":0,"refId":"51"},{"ind":54,"ty":4,"parent":47,"ks":{"o":{"a":1,"k":[{"t":0,"s":[100],"h":1},{"t":96,"s":[100],"h":1},{"t":96,"s":[0],"h":1},{"t":180,"s":[0],"h":1}]}},"ip":0,"op":181,"st":0,"shapes":[{"ty":"rc","p":{"a":0,"k":[67,67]},"r":{"a":0,"k":0},"s":{"a":0,"k":[178,178]}},{"ty":"fl","c":{"a":0,"k":[0,0,0]},"o":{"a":0,"k":100}}]},{"ind":47,"ty":3,"ks":{"p":{"a":0,"k":[100,100]}},"ip":0,"op":181,"st":0}]},{"id":"37","layers":[{"ind":36,"ty":4,"parent":35,"ks":{},"ip":0,"op":181,"st":0,"shapes":[{"ty":"rc","p":{"a":0,"k":[50,50]},"r":{"a":0,"k":0},"s":{"a":0,"k":[100,100]}},{"ty":"fl","c":{"a":0,"k":[0,0,0]},"o":{"a":0,"k":100}}]},{"ind":35,"ty":3,"ks":{},"ip":0,"op":181,"st":0}]},{"id":"41","layers":[{"ind":39,"ty":0,"parent":34,"ks":{},"w":100,"h":100,"ip":0,"op":181,"st":0,"refId":"37"},{"ind":40,"ty":4,"parent":34,"ks":{"o":{"a":1,"k":[{"t":0,"s":[0],"h":1},{"t":60,"s":[0],"h":1},{"t":60,"s":[100],"h":1},{"t":180,"s":[100],"h":1}]}},"ip":0,"op":181,"st":0,"shapes":[{"ty":"rc","p":{"a":0,"k":[55,55]},"r":{"a":0,"k":0},"s":{"a":0,"k":[130,130]}},{"ty":"fl","c":{"a":0,"k":[0,0,0]},"o":{"a":0,"k":100}}]},{"ind":34,"ty":3,"ks":{"p":{"a":0,"k":[10,10]}},"ip":0,"op":181,"st":0}]},{"id":"24","layers":[{"ind":23,"ty":4,"parent":22,"ks":{},"ip":0,"op":181,"st":0,"shapes":[{"ty":"rc","p":{"a":1,"k":[{"t":0,"s":[70.711,0],"i":{"x":[1,0],"y":[1,1]},"o":{"x":[0,0.5],"y":[0,0]}},{"t":60,"s":[70.711,70.711],"i":{"x":[1,1],"y":[1,1]},"o":{"x":[0,0],"y":[0,0]}},{"t":180,"s":[70.711,70.711],"h":1}]},"r":{"a":0,"k":0},"s":{"a":1,"k":[{"t":0,"s":[141.421,0],"i":{"x":[1,0],"y":[1,1]},"o":{"x":[0,0.5],"y":[0,0]}},{"t":60,"s":[141.421,141.421],"i":{"x":[1,1],"y":[1,1]},"o":{"x":[0,0],"y":[0,0]}},{"t":180,"s":[141.421,141.421],"h":1}]}},{"ty":"fl","c":{"a":0,"k":[0,0,0]},"o":{"a":0,"k":100}}]},{"ind":22,"ty":3,"parent":21,"ks":{"a":{"a":1,"k":[{"t":0,"s":[70.711,0],"i":{"x":[1,0],"y":[1,1]},"o":{"x":[0,0.5],"y":[0,0]}},{"t":60,"s":[70.711,70.711],"i":{"x":[1,1],"y":[1,1]},"o":{"x":[0,0],"y":[0,0]}},{"t":180,"s":[70.711,70.711],"h":1}]},"p":{"a":0,"k":[50,50]},"r":{"a":0,"k":-45}},"ip":0,"op":181,"st":0},{"ind":21,"ty":3,"ks":{"p":{"a":0,"k":[100,100]}},"ip":0,"op":181,"st":0}]},{"id":"28","layers":[{"ind":26,"ty":0,"parent":20,"ks":{"a":{"a":0,"k":[100,100]}},"w":300,"h":300,"ip":0,"op":181,"st":0,"refId":"24"},{"ind":27,"ty":4,"parent":20,"ks":{"o":{"a":1,"k":[{"t":0,"s":[0],"h":1},{"t":60,"s":[0],"h":1},{"t":60,"s":[100],"h":1},{"t":180,"s":[100],"h":1}]}},"ip":0,"op":181,"st":0,"shapes":[{"ty":"rc","p":{"a":0,"k":[50,50]},"r":{"a":0,"k":0},"s":{"a":0,"k":[120,120]}},{"ty":"fl","c":{"a":0,"k":[0,0,0]},"o":{"a":0,"k":100}}]},{"ind":20,"ty":3,"ks":{"p":{"a":0,"k":[100,100]}},"ip":0,"op":181,"st":0}]},{"id":"14","layers":[{"ind":13,"ty":4,"ks":{},"ip":0,"op":181,"st":0,"shapes":[{"ty":"rc","p":{"a":0,"k":[36,36]},"r":{"a":0,"k":0},"s":{"a":0,"k":[72,72]}},{"ty":"fl","c":{"a":0,"k":[0,0,0,0]},"o":{"a":0,"k":0}}]},{"ind":0,"ty":4,"ks":{"s":{"a":0,"k":[133.33,133.33]}},"ip":0,"op":181,"st":0,"shapes":[{"ty":"gr","it":[{"ty":"gr","it":[{"ty":"sh","ks":{"a":0,"k":{"c":false,"i":[[0,0],[0,0],[0,0],[0,0],[0,0],[0,0],[0,1.01],[0,0],[0,0]],"o":[[0,0],[0,0],[0,0],[0,0],[0,0],[1.01,0],[0,0],[0,0],[0,0]],"v":[[53.25,20.54],[53.25,40.78],[40.78,53.25],[6.91,53.25],[20.35,39.81],[38.24,39.81],[40.07,37.98],[40.07,20.53],[53.25,20.53]]}}},{"ty":"sh","ks":{"a":0,"k":{"c":true,"i":[[0,0],[0,0],[0,0],[0.6,0],[0,0],[0,0],[0,0],[0,0]],"o":[[0,0],[0,0],[0,0.6],[0,0],[0,0],[0,0],[0,0],[0,0]],"v":[[54,19.79],[39.32,19.79],[39.32,37.99],[38.24,39.07],[20.04,39.07],[5.09,54.01],[41.09,54.01],[54,41.09]]}}},{"ty":"fl","c":{"a":0,"k":[1,1,1,1]},"o":{"a":0,"k":100}},{"ty":"tr","o":{"a":0,"k":100}}]},{"ty":"gr","it":[{"ty":"sh","ks":{"a":0,"k":{"c":false,"i":[[0,0],[0,0],[0,0],[0,-1.01],[0,0],[0,0],[0,0],[0,0],[0,0]],"o":[[0,0],[0,0],[-1.01,0],[0,0],[0,0],[0,0],[0,0],[0,0],[0,0]],"v":[[47.09,0.75],[34.16,13.69],[15.77,13.69],[13.94,15.52],[13.94,33.42],[0.75,33.42],[0.75,13.23],[13.22,0.75],[47.09,0.75]]}}},{"ty":"sh","ks":{"a":0,"k":{"c":true,"i":[[0,0],[0,0],[0,0],[0,0],[0,0],[0,0],[-0.6,0],[0,0]],"o":[[0,0],[0,0],[0,0],[0,0],[0,0],[0,-0.6],[0,0],[0,0]],"v":[[48.91,0],[12.91,0],[0,12.91],[0,34.16],[14.68,34.16],[14.68,15.51],[15.76,14.43],[34.46,14.43]]}}},{"ty":"fl","c":{"a":0,"k":[1,1,1,1]},"o":{"a":0,"k":100}},{"ty":"tr","o":{"a":0,"k":100}}]},{"ty":"tr","o":{"a":0,"k":100}}]}]}]},{"id":"17","layers":[{"ind":16,"ty":0,"parent":12,"ks":{},"w":72,"h":72,"ip":0,"op":181,"st":0,"refId":"14"},{"ind":12,"ty":3,"ks":{"s":{"a":0,"k":[138.89,138.89]}},"ip":0,"op":181,"st":0}]},{"id":"31","layers":[{"ind":30,"ty":0,"td":1,"parent":11,"ks":{"a":{"a":0,"k":[100,100]}},"w":400,"h":400,"ip":0,"op":181,"st":0,"refId":"28"},{"ind":19,"ty":0,"tt":1,"parent":11,"ks":{"a":{"a":0,"k":[50,50]},"o":{"a":0,"k":30},"p":{"a":0,"k":[50,50]},"s":{"a":1,"k":[{"t":0,"s":[120,120],"i":{"x":[0,0],"y":[1,1]},"o":{"x":[0.5,0.5],"y":[0,0]}},{"t":60,"s":[100,100],"i":{"x":[1,1],"y":[1,1]},"o":{"x":[0,0],"y":[0,0]}},{"t":180,"s":[100,100],"h":1}]}},"w":100,"h":100,"ip":0,"op":181,"st":0,"refId":"17"},{"ind":11,"ty":3,"parent":10,"ks":{},"ip":0,"op":181,"st":0},{"ind":10,"ty":3,"ks":{"p":{"a":0,"k":[10,10]}},"ip":0,"op":181,"st":0}]},{"id":"44","layers":[{"ind":43,"ty":0,"td":1,"parent":9,"ks":{"a":{"a":0,"k":[10,10]}},"w":130,"h":130,"ip":0,"op":181,"st":0,"refId":"41"},{"ind":33,"ty":0,"tt":1,"parent":9,"ks":{"a":{"a":0,"k":[10,10]}},"w":120,"h":120,"ip":0,"op":181,"st":0,"refId":"31"},{"ind":9,"ty":3,"parent":8,"ks":{"a":{"a":0,"k":[50,50]},"p":{"a":0,"k":[50,50]},"s":{"a":1,"k":[{"t":0,"s":[100,100],"i":{"x":[1,1],"y":[1,1]},"o":{"x":[0,0],"y":[0,0]}},{"t":96,"s":[100,100],"i":{"x":[0,0],"y":[1,1]},"o":{"x":[0.5,0.5],"y":[0,0]}},{"t":156,"s":[120,120],"i":{"x":[1,1],"y":[1,1]},"o":{"x":[0,0],"y":[0,0]}},{"t":180,"s":[120,120],"h":1}]}},"ip":0,"op":181,"st":0},{"ind":8,"ty":3,"ks":{"p":{"a":0,"k":[22,22]}},"ip":0,"op":181,"st":0}]},{"id":"58","layers":[{"ind":57,"ty":0,"td":1,"parent":7,"ks":{"a":{"a":0,"k":[100,100]}},"w":400,"h":400,"ip":0,"op":181,"st":0,"refId":"55"},{"ind":46,"ty":0,"tt":1,"parent":7,"ks":{"a":{"a":0,"k":[22,22]}},"w":156,"h":156,"ip":0,"op":181,"st":0,"refId":"44"},{"ind":7,"ty":3,"ks":{"p":{"a":0,"k":[22,22]}},"ip":0,"op":181,"st":0}]},{"id":"71","layers":[{"ind":70,"ty":0,"td":1,"parent":6,"ks":{"a":{"a":0,"k":[22,22]}},"w":200,"h":200,"ip":0,"op":181,"st":0,"refId":"68"},{"ind":60,"ty":0,"tt":1,"parent":6,"ks":{"a":{"a":0,"k":[22,22]},"o":{"a":1,"k":[{"t":0,"s":[100],"h":1},{"t":156,"s":[100],"h":1},{"t":156,"s":[0],"h":1},{"t":180,"s":[0],"h":1}]}},"w":178,"h":178,"ip":0,"op":181,"st":0,"refId":"58"},{"ind":6,"ty":3,"ks":{"p":{"a":0,"k":[22,22]}},"ip":0,"op":181,"st":0}]},{"id":"75","layers":[{"ind":73,"ty":0,"ks":{"a":{"a":0,"k":[22,22]},"p":{"a":0,"k":[42,42]}},"w":200,"h":200,"ip":0,"op":181,"st":0,"refId":"71"},{"ind":74,"ty":4,"ks":{},"ip":0,"op":181,"st":0,"shapes":[{"ty":"rc","p":{"a":0,"k":[131,131]},"r":{"a":0,"k":0},"s":{"a":0,"k":[262,262]}},{"ty":"fl","c":{"a":0,"k":[0,0,0,0]},"o":{"a":0,"k":0}}]}]},{"id":"78","layers":[{"ind":77,"ty":0,"parent":5,"ks":{"p":{"a":0,"k":[-42,-42]}},"ef":[{"ty":29,"ef":[{"ty":0,"nm":"","v":{"a":1,"k":[{"t":0,"s":[33.33],"i":{"x":0.174,"y":0.759},"o":{"x":0.011,"y":0.227}},{"t":30,"s":[3.67],"i":{"x":0.722,"y":1},"o":{"x":0.35,"y":0.828}},{"t":60,"s":[0],"h":1},{"t":180,"s":[0],"h":1}]}},{"ty":7,"nm":"","v":{"a":0,"k":1}},{"ty":7,"nm":"","v":{"a":0,"k":0}}]}],"w":262,"h":262,"ip":0,"op":181,"st":0,"refId":"75"},{"ind":5,"ty":3,"ks":{"p":{"a":0,"k":[42,42]}},"ip":0,"op":181,"st":0}]},{"id":"86","layers":[{"ind":85,"ty":4,"ks":{},"ip":0,"op":181,"st":0,"shapes":[{"ty":"rc","p":{"a":0,"k":[36,36]},"r":{"a":0,"k":0},"s":{"a":0,"k":[72,72]}},{"ty":"fl","c":{"a":0,"k":[0,0,0,0]},"o":{"a":0,"k":0}}]},{"ind":0,"ty":4,"ks":{"s":{"a":0,"k":[133.33,133.33]}},"ip":0,"op":181,"st":0,"shapes":[{"ty":"gr","it":[{"ty":"gr","it":[{"ty":"sh","ks":{"a":0,"k":{"c":true,"i":[[0,0],[0,0],[0,-2.81],[0,0],[3.47,0],[0,0],[0,2.81],[0,0],[-3.47,0]],"o":[[0,0],[3.47,0],[0,0],[0,3.47],[0,0],[-3.47,0],[0,0],[0,-3.47],[0,0]],"v":[[27,20.72],[27.01,20.72],[33.29,27],[33.29,27.01],[27.01,33.29],[27,33.29],[20.72,27.01],[20.72,27],[27,20.72]]}}},{"ty":"fl","c":{"a":0,"k":[1,1,1,1]},"o":{"a":0,"k":100}},{"ty":"tr","o":{"a":0,"k":100}}]},{"ty":"tr","o":{"a":0,"k":100}}]}]}]},{"id":"89","layers":[{"ind":88,"ty":0,"parent":84,"ks":{},"w":72,"h":72,"ip":0,"op":181,"st":0,"refId":"86"},{"ind":84,"ty":3,"ks":{"s":{"a":0,"k":[138.89,138.89]}},"ip":0,"op":181,"st":0}]},{"id":"93","layers":[{"ind":91,"ty":0,"ks":{"o":{"a":1,"k":[{"t":0,"s":[0],"i":{"x":1,"y":1},"o":{"x":0,"y":0}},{"t":48,"s":[100],"h":1},{"t":180,"s":[100],"h":1}]},"p":{"a":0,"k":[20,20]}},"w":100,"h":100,"ip":0,"op":181,"st":0,"refId":"89"},{"ind":92,"ty":4,"ks":{},"ip":0,"op":181,"st":0,"shapes":[{"ty":"rc","p":{"a":0,"k":[70,70]},"r":{"a":0,"k":0},"s":{"a":0,"k":[140,140]}},{"ty":"fl","c":{"a":0,"k":[0,0,0,0]},"o":{"a":0,"k":0}}]}]},{"id":"96","layers":[{"ind":95,"ty":0,"parent":83,"ks":{"p":{"a":0,"k":[-20,-20]}},"ef":[{"ty":29,"ef":[{"ty":0,"nm":"","v":{"a":1,"k":[{"t":0,"s":[33.33],"i":{"x":0.174,"y":0.759},"o":{"x":0.011,"y":0.227}},{"t":48,"s":[3.67],"i":{"x":0.722,"y":1},"o":{"x":0.35,"y":0.828}},{"t":96,"s":[0],"h":1},{"t":180,"s":[0],"h":1}]}},{"ty":7,"nm":"","v":{"a":0,"k":1}},{"ty":7,"nm":"","v":{"a":0,"k":0}}]}],"w":140,"h":140,"ip":0,"op":181,"st":0,"refId":"93"},{"ind":83,"ty":3,"ks":{"p":{"a":0,"k":[21,21]}},"ip":0,"op":181,"st":0}]},{"id":"99","layers":[{"ind":98,"ty":0,"parent":82,"ks":{"a":{"a":0,"k":[21,21]},"o":{"a":1,"k":[{"t":0,"s":[0],"i":{"x":0,"y":1},"o":{"x":0,"y":0}},{"t":96,"s":[100],"h":1},{"t":180,"s":[100],"h":1}]}},"w":141,"h":141,"ip":0,"op":181,"st":0,"refId":"96"},{"ind":82,"ty":3,"ks":{"p":{"a":0,"k":[21,21]}},"ip":0,"op":181,"st":0}]},{"id":"131","layers":[{"ind":130,"ty":4,"parent":129,"ks":{},"ip":0,"op":181,"st":0,"shapes":[{"ty":"rc","p":{"a":0,"k":[50,50]},"r":{"a":0,"k":0},"s":{"a":0,"k":[100,100]}},{"ty":"fl","c":{"a":0,"k":[0,0,0]},"o":{"a":0,"k":100}}]},{"ind":129,"ty":3,"ks":{},"ip":0,"op":181,"st":0}]},{"id":"135","layers":[{"ind":133,"ty":0,"parent":128,"ks":{},"w":100,"h":100,"ip":0,"op":181,"st":0,"refId":"131"},{"ind":134,"ty":4,"parent":128,"ks":{"o":{"a":1,"k":[{"t":0,"s":[0],"h":1},{"t":156,"s":[0],"h":1},{"t":156,"s":[100],"h":1},{"t":180,"s":[100],"h":1}]}},"ip":0,"op":181,"st":0,"shapes":[{"ty":"rc","p":{"a":0,"k":[60,60]},"r":{"a":0,"k":0},"s":{"a":0,"k":[140,140]}},{"ty":"fl","c":{"a":0,"k":[0,0,0]},"o":{"a":0,"k":100}}]},{"ind":128,"ty":3,"ks":{"p":{"a":0,"k":[10,10]}},"ip":0,"op":181,"st":0}]},{"id":"118","layers":[{"ind":117,"ty":4,"parent":116,"ks":{},"ip":0,"op":181,"st":0,"shapes":[{"ty":"rc","p":{"a":1,"k":[{"t":0,"s":[70.711,0],"i":{"x":[1,1],"y":[1,1]},"o":{"x":[0,0],"y":[0,0]}},{"t":96,"s":[70.711,0],"i":{"x":[1,0],"y":[1,1]},"o":{"x":[0,0.5],"y":[0,0]}},{"t":156,"s":[70.711,70.711],"i":{"x":[1,1],"y":[1,1]},"o":{"x":[0,0],"y":[0,0]}},{"t":180,"s":[70.711,70.711],"h":1}]},"r":{"a":0,"k":0},"s":{"a":1,"k":[{"t":0,"s":[141.421,0],"i":{"x":[1,1],"y":[1,1]},"o":{"x":[0,0],"y":[0,0]}},{"t":96,"s":[141.421,0],"i":{"x":[1,0],"y":[1,1]},"o":{"x":[0,0.5],"y":[0,0]}},{"t":156,"s":[141.421,141.421],"i":{"x":[1,1],"y":[1,1]},"o":{"x":[0,0],"y":[0,0]}},{"t":180,"s":[141.421,141.421],"h":1}]}},{"ty":"fl","c":{"a":0,"k":[0,0,0]},"o":{"a":0,"k":100}}]},{"ind":116,"ty":3,"parent":115,"ks":{"a":{"a":1,"k":[{"t":0,"s":[70.711,0],"i":{"x":[1,1],"y":[1,1]},"o":{"x":[0,0],"y":[0,0]}},{"t":96,"s":[70.711,0],"i":{"x":[1,0],"y":[1,1]},"o":{"x":[0,0.5],"y":[0,0]}},{"t":156,"s":[70.711,70.711],"i":{"x":[1,1],"y":[1,1]},"o":{"x":[0,0],"y":[0,0]}},{"t":180,"s":[70.711,70.711],"h":1}]},"p":{"a":0,"k":[50,50]},"r":{"a":0,"k":-45}},"ip":0,"op":181,"st":0},{"ind":115,"ty":3,"ks":{"p":{"a":0,"k":[100,100]}},"ip":0,"op":181,"st":0}]},{"id":"122","layers":[{"ind":120,"ty":0,"parent":114,"ks":{"a":{"a":0,"k":[100,100]}},"w":300,"h":300,"ip":0,"op":181,"st":0,"refId":"118"},{"ind":121,"ty":4,"parent":114,"ks":{"o":{"a":1,"k":[{"t":0,"s":[0],"h":1},{"t":156,"s":[0],"h":1},{"t":156,"s":[100],"h":1},{"t":180,"s":[100],"h":1}]}},"ip":0,"op":181,"st":0,"shapes":[{"ty":"rc","p":{"a":0,"k":[55,55]},"r":{"a":0,"k":0},"s":{"a":0,"k":[130,130]}},{"ty":"fl","c":{"a":0,"k":[0,0,0]},"o":{"a":0,"k":100}}]},{"ind":114,"ty":3,"ks":{"p":{"a":0,"k":[100,100]}},"ip":0,"op":181,"st":0}]},{"id":"108","layers":[{"ind":107,"ty":4,"ks":{},"ip":0,"op":181,"st":0,"shapes":[{"ty":"rc","p":{"a":0,"k":[36,36]},"r":{"a":0,"k":0},"s":{"a":0,"k":[72,72]}},{"ty":"fl","c":{"a":0,"k":[0,0,0,0]},"o":{"a":0,"k":0}}]},{"ind":0,"ty":4,"ks":{"s":{"a":0,"k":[133.33,133.33]}},"ip":0,"op":181,"st":0,"shapes":[{"ty":"gr","it":[{"ty":"gr","it":[{"ty":"sh","ks":{"a":0,"k":{"c":true,"i":[[0,0],[0,0],[3.73,0],[0,0],[0,0],[0,0],[0,0],[0,0],[0,0]],"o":[[0,0],[0,3.73],[0,0],[0,0],[0,0],[0,0],[0,0],[0,0],[0,0]],"v":[[39.32,19.79],[39.32,32.32],[32.57,39.07],[20.04,39.07],[5.09,54.01],[41.09,54.01],[54,41.09],[54,19.79],[39.32,19.79]]}}},{"ty":"fl","c":{"a":0,"k":[1,1,1,1]},"o":{"a":0,"k":100}},{"ty":"tr","o":{"a":0,"k":100}}]},{"ty":"gr","it":[{"ty":"sh","ks":{"a":0,"k":{"c":true,"i":[[0,0],[-3.73,0],[0,0],[0,0],[0,0],[0,0],[0,0],[0,0],[0,0]],"o":[[0,-3.73],[0,0],[0,0],[0,0],[0,0],[0,0],[0,0],[0,0],[0,0]],"v":[[14.68,21.19],[21.43,14.44],[34.47,14.44],[48.91,0],[12.91,0],[0,12.91],[0,34.16],[14.68,34.16],[14.68,21.18]]}}},{"ty":"fl","c":{"a":0,"k":[1,1,1,1]},"o":{"a":0,"k":100}},{"ty":"tr","o":{"a":0,"k":100}}]},{"ty":"gr","it":[{"ty":"sh","ks":{"a":0,"k":{"c":true,"i":[[0,0],[0,0],[0,-2.81],[0,0],[3.47,0],[0,0],[0,2.81],[0,0],[-3.47,0]],"o":[[0,0],[3.47,0],[0,0],[0,3.47],[0,0],[-3.47,0],[0,0],[0,-3.47],[0,0]],"v":[[27,20.72],[27.01,20.72],[33.29,27],[33.29,27.01],[27.01,33.29],[27,33.29],[20.72,27.01],[20.72,27],[27,20.72]]}}},{"ty":"fl","c":{"a":0,"k":[0,1,0.71,1]},"o":{"a":0,"k":100}},{"ty":"tr","o":{"a":0,"k":100}}]},{"ty":"tr","o":{"a":0,"k":100}}]}]}]},{"id":"111","layers":[{"ind":110,"ty":0,"parent":106,"ks":{},"w":72,"h":72,"ip":0,"op":181,"st":0,"refId":"108"},{"ind":106,"ty":3,"parent":105,"ks":{"s":{"a":0,"k":[138.89,138.89]}},"ip":0,"op":181,"st":0},{"ind":105,"ty":3,"parent":104,"ks":{"a":{"a":0,"k":[50,50]},"p":{"a":0,"k":[50,50]},"s":{"a":1,"k":[{"t":0,"s":[120,120],"i":{"x":[1,1],"y":[1,1]},"o":{"x":[0,0],"y":[0,0]}},{"t":96,"s":[120,120],"i":{"x":[0,0],"y":[1,1]},"o":{"x":[0.5,0.5],"y":[0,0]}},{"t":156,"s":[100,100],"i":{"x":[1,1],"y":[1,1]},"o":{"x":[0,0],"y":[0,0]}},{"t":180,"s":[100,100],"h":1}]}},"ip":0,"op":181,"st":0},{"ind":104,"ty":3,"ks":{"p":{"a":0,"k":[10,10]}},"ip":0,"op":181,"st":0}]},{"id":"125","layers":[{"ind":124,"ty":0,"td":1,"parent":103,"ks":{"a":{"a":0,"k":[100,100]}},"w":400,"h":400,"ip":0,"op":181,"st":0,"refId":"122"},{"ind":113,"ty":0,"tt":1,"parent":103,"ks":{"a":{"a":0,"k":[10,10]}},"w":120,"h":120,"ip":0,"op":181,"st":0,"refId":"111"},{"ind":103,"ty":3,"ks":{"p":{"a":0,"k":[10,10]}},"ip":0,"op":181,"st":0}]},{"id":"138","layers":[{"ind":80,"ty":0,"parent":4,"ks":{"a":{"a":0,"k":[42,42]},"o":{"a":1,"k":[{"t":0,"s":[0],"i":{"x":0,"y":1},"o":{"x":0,"y":0}},{"t":60,"s":[100],"h":1},{"t":180,"s":[100],"h":1}]}},"w":262,"h":262,"ip":0,"op":181,"st":0,"refId":"78"},{"ind":4,"ty":3,"parent":3,"ks":{},"ip":0,"op":181,"st":0},{"ind":101,"ty":0,"parent":81,"ks":{"a":{"a":0,"k":[21,21]},"o":{"a":1,"k":[{"t":0,"s":[100],"h":1},{"t":48,"s":[100],"i":{"x":1,"y":1},"o":{"x":0,"y":0}},{"t":96,"s":[0],"h":1},{"t":180,"s":[0],"h":1}]}},"w":162,"h":162,"ip":0,"op":181,"st":0,"refId":"99"},{"ind":81,"ty":3,"parent":3,"ks":{},"ip":0,"op":181,"st":0},{"ind":137,"ty":0,"td":1,"parent":102,"ks":{"a":{"a":0,"k":[10,10]}},"w":140,"h":140,"ip":0,"op":181,"st":0,"refId":"135"},{"ind":127,"ty":0,"tt":1,"parent":102,"ks":{"a":{"a":0,"k":[10,10]},"o":{"a":1,"k":[{"t":0,"s":[0],"h":1},{"t":96,"s":[0],"h":1},{"t":96,"s":[100],"h":1},{"t":180,"s":[100],"h":1}]}},"w":130,"h":130,"ip":0,"op":181,"st":0,"refId":"125"},{"ind":102,"ty":3,"parent":3,"ks":{},"ip":0,"op":181,"st":0},{"ind":3,"ty":3,"ks":{"p":{"a":0,"k":[42,42]}},"ip":0,"op":181,"st":0}]},{"id":"142","layers":[{"ind":140,"ty":0,"ks":{"a":{"a":0,"k":[42,42]},"p":{"a":0,"k":[112,112]}},"w":304,"h":304,"ip":0,"op":181,"st":0,"refId":"138"},{"ind":141,"ty":4,"ks":{},"ip":0,"op":181,"st":0,"shapes":[{"ty":"rc","p":{"a":0,"k":[243,243]},"r":{"a":0,"k":0},"s":{"a":0,"k":[486,486]}},{"ty":"fl","c":{"a":0,"k":[0,0,0,0]},"o":{"a":0,"k":0}}]}]},{"id":"150","layers":[{"ind":149,"ty":4,"ks":{},"ip":0,"op":181,"st":0,"shapes":[{"ty":"rc","p":{"a":0,"k":[500,500]},"r":{"a":0,"k":0},"s":{"a":0,"k":[1000,1000]}},{"ty":"fl","c":{"a":0,"k":[0,0,0,0]},"o":{"a":0,"k":0}}]},{"ind":0,"ty":4,"ks":{"s":{"a":0,"k":[133.33,133.33]}},"ip":0,"op":181,"st":0,"shapes":[{"ty":"gr","it":[{"ty":"gr","it":[{"ty":"sh","ks":{"a":0,"k":{"c":true,"i":[[0,0],[-27.7,0],[0,0],[0,27.7],[27.7,0],[0,0],[0,-27.7]],"o":[[0,27.7],[0,0],[27.7,0],[0,-27.7],[0,0],[-27.7,0],[0,0]],"v":[[399.68,500],[449.84,550.16],[550.16,550.16],[600.32,500],[550.16,449.84],[449.84,449.84],[399.68,500]]}}},{"ty":"gs","o":{"a":0,"k":100},"e":{"a":0,"k":[601.32,500]},"g":{"p":3,"k":{"a":0,"k":[0,0.21,0.21,0.21,0.03,0,0,0,1,0.35,0.34,1,0,1,0.03,1,1,1]}},"t":1,"a":{"a":0,"k":0},"h":{"a":0,"k":0},"s":{"a":0,"k":[398.68,500]},"lc":1,"lj":1,"ml":10,"w":{"a":0,"k":2}},{"ty":"tr","o":{"a":0,"k":100},"s":{"a":0,"k":[75,75]}}]},{"ty":"gr","it":[{"ty":"sh","ks":{"a":0,"k":{"c":true,"i":[[0,0],[0,0],[-0.88,28.47],[28.47,0.88],[0,0],[0.88,-28.47],[-28.47,-0.88]],"o":[[0,0],[28.47,0.87],[0.87,-28.47],[0,0],[-28.47,-0.87],[-0.87,28.47],[0,0]],"v":[[446.87,549.96],[549.96,553.13],[603.09,503.17],[553.13,450.04],[450.04,446.87],[396.91,496.83],[446.87,549.96]]}}},{"ty":"gs","o":{"a":0,"k":100},"e":{"a":0,"k":[604.12,500]},"g":{"p":3,"k":{"a":0,"k":[0,0.21,0.21,0.21,0.03,0,0,0,1,0.35,0.34,1,0,1,0.03,1,1,1]}},"t":1,"a":{"a":0,"k":0},"h":{"a":0,"k":0},"s":{"a":0,"k":[395.88,500]},"lc":1,"lj":1,"ml":10,"w":{"a":0,"k":2}},{"ty":"tr","o":{"a":0,"k":100},"s":{"a":0,"k":[75,75]}}]},{"ty":"gr","it":[{"ty":"sh","ks":{"a":0,"k":{"c":true,"i":[[0,0],[0,0],[-1.75,29.23],[29.23,1.75],[0,0],[1.75,-29.23],[-29.23,-1.75]],"o":[[0,0],[29.23,1.75],[1.75,-29.23],[0,0],[-29.23,-1.75],[-1.75,29.23],[0,0]],"v":[[443.9,549.76],[549.76,556.1],[605.86,506.34],[556.1,450.24],[450.24,443.9],[394.14,493.66],[443.9,549.76]]}}},{"ty":"gs","o":{"a":0,"k":100},"e":{"a":0,"k":[606.96,500]},"g":{"p":3,"k":{"a":0,"k":[0,0.21,0.21,0.21,0.03,0,0,0,1,0.35,0.34,1,0,1,0.03,1,1,1]}},"t":1,"a":{"a":0,"k":0},"h":{"a":0,"k":0},"s":{"a":0,"k":[393.04,500]},"lc":1,"lj":1,"ml":10,"w":{"a":0,"k":2}},{"ty":"tr","o":{"a":0,"k":100},"s":{"a":0,"k":[75,75]}}]},{"ty":"gr","it":[{"ty":"sh","ks":{"a":0,"k":{"c":true,"i":[[0,0],[-29.99,-2.63],[0,0],[-2.63,29.99],[29.99,2.63],[0,0],[2.63,-29.99]],"o":[[-2.62,30],[0,0],[30,2.62],[2.62,-30],[0,0],[-30,-2.62],[0,0]],"v":[[391.37,490.5],[440.93,549.57],[549.56,559.07],[608.63,509.51],[559.07,450.44],[450.44,440.94],[391.37,490.5]]}}},{"ty":"gs","o":{"a":0,"k":100},"e":{"a":0,"k":[609.84,500]},"g":{"p":3,"k":{"a":0,"k":[0,0.21,0.21,0.21,0.03,0,0,0,1,0.35,0.34,1,0,1,0.03,1,1,1]}},"t":1,"a":{"a":0,"k":0},"h":{"a":0,"k":0},"s":{"a":0,"k":[390.16,500]},"lc":1,"lj":1,"ml":10,"w":{"a":0,"k":2}},{"ty":"tr","o":{"a":0,"k":100},"s":{"a":0,"k":[75,75]}}]},{"ty":"gr","it":[{"ty":"sh","ks":{"a":0,"k":{"c":true,"i":[[0,0],[0,0],[-3.64,30.75],[30.75,3.64],[0,0],[3.64,-30.75],[-30.75,-3.64]],"o":[[0,0],[30.74,3.64],[3.64,-30.74],[0,0],[-30.74,-3.64],[-3.64,30.74],[0,0]],"v":[[437.74,549.07],[549.07,562.27],[611.33,513.2],[562.26,450.94],[450.93,437.74],[388.67,486.81],[437.74,549.07]]}}},{"ty":"gs","o":{"a":0,"k":100},"e":{"a":0,"k":[612.72,500]},"g":{"p":3,"k":{"a":0,"k":[0,0.21,0.21,0.21,0.03,0,0,0,1,0.35,0.34,1,0,1,0.03,1,1,1]}},"t":1,"a":{"a":0,"k":0},"h":{"a":0,"k":0},"s":{"a":0,"k":[387.28,500]},"lc":1,"lj":1,"ml":10,"w":{"a":0,"k":2}},{"ty":"tr","o":{"a":0,"k":100},"s":{"a":0,"k":[75,75]}}]},{"ty":"gr","it":[{"ty":"sh","ks":{"a":0,"k":{"c":true,"i":[[0,0],[0,0],[-4.67,31.49],[31.49,4.67],[0,0],[4.67,-31.49],[-31.49,-4.67]],"o":[[0,0],[31.49,4.66],[4.66,-31.49],[0,0],[-31.49,-4.66],[-4.66,31.49],[0,0]],"v":[[434.54,548.57],[548.57,565.46],[614.03,516.89],[565.46,451.43],[451.43,434.54],[385.97,483.11],[434.54,548.57]]}}},{"ty":"gs","o":{"a":0,"k":100},"e":{"a":0,"k":[615.66,500]},"g":{"p":3,"k":{"a":0,"k":[0,0.21,0.21,0.21,0.03,0,0,0,1,0.35,0.34,1,0,1,0.03,1,1,1]}},"t":1,"a":{"a":0,"k":0},"h":{"a":0,"k":0},"s":{"a":0,"k":[384.34,500]},"lc":1,"lj":1,"ml":10,"w":{"a":0,"k":2}},{"ty":"tr","o":{"a":0,"k":100},"s":{"a":0,"k":[75,75]}}]},{"ty":"gr","it":[{"ty":"sh","ks":{"a":0,"k":{"c":true,"i":[[0,0],[-32.23,-5.68],[0,0],[-5.68,32.23],[32.23,5.68],[0,0],[5.68,-32.23]],"o":[[-5.68,32.23],[0,0],[32.23,5.68],[5.68,-32.23],[0,0],[-32.23,-5.68],[0,0]],"v":[[383.27,479.42],[431.34,548.07],[548.07,568.65],[616.72,520.58],[568.65,451.93],[451.92,431.35],[383.27,479.42]]}}},{"ty":"gs","o":{"a":0,"k":100},"e":{"a":0,"k":[618.64,500]},"g":{"p":3,"k":{"a":0,"k":[0,0.21,0.21,0.21,0.03,0,0,0,1,0.35,0.34,1,0,1,0.03,1,1,1]}},"t":1,"a":{"a":0,"k":0},"h":{"a":0,"k":0},"s":{"a":0,"k":[381.36,500]},"lc":1,"lj":1,"ml":10,"w":{"a":0,"k":2}},{"ty":"tr","o":{"a":0,"k":100},"s":{"a":0,"k":[75,75]}}]},{"ty":"gr","it":[{"ty":"sh","ks":{"a":0,"k":{"c":true,"i":[[0,0],[0,0],[-6.86,32.94],[32.94,6.86],[0,0],[6.86,-32.94],[-32.94,-6.86]],"o":[[0,0],[32.94,6.86],[6.86,-32.94],[0,0],[-32.94,-6.86],[-6.86,32.94],[0,0]],"v":[[427.93,547.23],[547.23,572.07],[619.3,524.84],[572.07,452.77],[452.77,427.93],[380.7,475.16],[427.93,547.23]]}}},{"ty":"gs","o":{"a":0,"k":100},"e":{"a":0,"k":[621.59,500]},"g":{"p":3,"k":{"a":0,"k":[0,0.21,0.21,0.21,0.03,0,0,0,1,0.35,0.34,1,0,1,0.03,1,1,1]}},"t":1,"a":{"a":0,"k":0},"h":{"a":0,"k":0},"s":{"a":0,"k":[378.41,500]},"lc":1,"lj":1,"ml":10,"w":{"a":0,"k":2}},{"ty":"tr","o":{"a":0,"k":100},"s":{"a":0,"k":[75,75]}}]},{"ty":"gr","it":[{"ty":"sh","ks":{"a":0,"k":{"c":true,"i":[[0,0],[0,0],[-8.03,33.65],[33.65,8.03],[0,0],[8.03,-33.65],[-33.65,-8.03]],"o":[[0,0],[33.65,8.03],[8.03,-33.65],[0,0],[-33.65,-8.03],[-8.03,33.65],[0,0]],"v":[[424.52,546.39],[546.39,575.48],[621.87,529.09],[575.48,453.61],[453.61,424.52],[378.13,470.91],[424.52,546.39]]}}},{"ty":"gs","o":{"a":0,"k":100},"e":{"a":0,"k":[624.6,500]},"g":{"p":3,"k":{"a":0,"k":[0,0.21,0.21,0.21,0.03,0,0,0,1,0.35,0.34,1,0,1,0.03,1,1,1]}},"t":1,"a":{"a":0,"k":0},"h":{"a":0,"k":0},"s":{"a":0,"k":[375.4,500]},"lc":1,"lj":1,"ml":10,"w":{"a":0,"k":2}},{"ty":"tr","o":{"a":0,"k":100},"s":{"a":0,"k":[75,75]}}]},{"ty":"gr","it":[{"ty":"sh","ks":{"a":0,"k":{"c":true,"i":[[0,0],[-34.36,-9.2],[0,0],[-9.2,34.36],[34.36,9.2],[0,0],[9.2,-34.36]],"o":[[-9.21,34.36],[0,0],[34.36,9.21],[9.21,-34.36],[0,0],[-34.36,-9.21],[0,0]],"v":[[375.56,466.66],[421.11,545.55],[545.55,578.89],[624.44,533.34],[578.89,454.45],[454.45,421.11],[375.56,466.66]]}}},{"ty":"gs","o":{"a":0,"k":100},"e":{"a":0,"k":[627.65,500]},"g":{"p":3,"k":{"a":0,"k":[0,0.21,0.21,0.21,0.03,0,0,0,1,0.35,0.34,1,0,1,0.03,1,1,1]}},"t":1,"a":{"a":0,"k":0},"h":{"a":0,"k":0},"s":{"a":0,"k":[372.35,500]},"lc":1,"lj":1,"ml":10,"w":{"a":0,"k":2}},{"ty":"tr","o":{"a":0,"k":100},"s":{"a":0,"k":[75,75]}}]},{"ty":"gr","it":[{"ty":"sh","ks":{"a":0,"k":{"c":true,"i":[[0,0],[0,0],[-10.55,35.03],[35.03,10.55],[0,0],[10.55,-35.03],[-35.03,-10.55]],"o":[[0,0],[35.02,10.55],[10.55,-35.02],[0,0],[-35.02,-10.55],[-10.55,35.02],[0,0]],"v":[[417.49,544.32],[544.32,582.52],[626.83,538.2],[582.51,455.69],[455.68,417.5],[373.17,461.82],[417.49,544.33]]}}},{"ty":"gs","o":{"a":0,"k":100},"e":{"a":0,"k":[630.66,500]},"g":{"p":3,"k":{"a":0,"k":[0,0.21,0.21,0.21,0.03,0,0,0,1,0.35,0.34,1,0,1,0.03,1,1,1]}},"t":1,"a":{"a":0,"k":0},"h":{"a":0,"k":0},"s":{"a":0,"k":[369.34,500]},"lc":1,"lj":1,"ml":10,"w":{"a":0,"k":2}},{"ty":"tr","o":{"a":0,"k":100},"s":{"a":0,"k":[75,75]}}]},{"ty":"gr","it":[{"ty":"sh","ks":{"a":0,"k":{"c":true,"i":[[0,0],[0,0],[-11.89,35.68],[35.68,11.89],[0,0],[11.89,-35.68],[-35.68,-11.89]],"o":[[0,0],[35.68,11.89],[11.89,-35.68],[0,0],[-35.68,-11.89],[-11.89,35.68],[0,0]],"v":[[413.87,543.08],[543.08,586.13],[629.21,543.05],[586.13,456.92],[456.92,413.87],[370.79,456.95],[413.87,543.08]]}}},{"ty":"gs","o":{"a":0,"k":100},"e":{"a":0,"k":[633.72,500]},"g":{"p":3,"k":{"a":0,"k":[0,0.21,0.21,0.21,0.03,0,0,0,1,0.35,0.34,1,0,1,0.03,1,1,1]}},"t":1,"a":{"a":0,"k":0},"h":{"a":0,"k":0},"s":{"a":0,"k":[366.28,500]},"lc":1,"lj":1,"ml":10,"w":{"a":0,"k":2}},{"ty":"tr","o":{"a":0,"k":100},"s":{"a":0,"k":[75,75]}}]},{"ty":"gr","it":[{"ty":"sh","ks":{"a":0,"k":{"c":true,"i":[[0,0],[-36.34,-13.22],[0,0],[-13.22,36.34],[36.34,13.22],[0,0],[13.22,-36.34]],"o":[[-13.23,36.34],[0,0],[36.34,13.23],[13.23,-36.34],[0,0],[-36.34,-13.23],[0,0]],"v":[[368.41,452.1],[410.26,541.84],[541.85,589.74],[631.59,547.89],[589.74,458.15],[458.15,410.25],[368.41,452.1]]}}},{"ty":"gs","o":{"a":0,"k":100},"e":{"a":0,"k":[636.83,500]},"g":{"p":3,"k":{"a":0,"k":[0,0.21,0.21,0.21,0.03,0,0,0,1,0.35,0.34,1,0,1,0.03,1,1,1]}},"t":1,"a":{"a":0,"k":0},"h":{"a":0,"k":0},"s":{"a":0,"k":[363.17,500]},"lc":1,"lj":1,"ml":10,"w":{"a":0,"k":2}},{"ty":"tr","o":{"a":0,"k":100},"s":{"a":0,"k":[75,75]}}]},{"ty":"gr","it":[{"ty":"sh","ks":{"a":0,"k":{"c":true,"i":[[0,0],[0,0],[-14.74,36.92],[36.92,14.74],[0,0],[14.74,-36.92],[-36.92,-14.74]],"o":[[0,0],[36.92,14.74],[14.74,-36.92],[0,0],[-36.92,-14.74],[-14.74,36.92],[0,0]],"v":[[406.46,540.17],[540.17,593.54],[633.71,553.37],[593.54,459.83],[459.83,406.46],[366.29,446.63],[406.46,540.17]]}}},{"ty":"gs","o":{"a":0,"k":100},"e":{"a":0,"k":[639.86,500]},"g":{"p":3,"k":{"a":0,"k":[0,0.21,0.21,0.21,0.03,0,0,0,1,0.35,0.34,1,0,1,0.03,1,1,1]}},"t":1,"a":{"a":0,"k":0},"h":{"a":0,"k":0},"s":{"a":0,"k":[360.14,500]},"lc":1,"lj":1,"ml":10,"w":{"a":0,"k":2}},{"ty":"tr","o":{"a":0,"k":100},"s":{"a":0,"k":[75,75]}}]},{"ty":"gr","it":[{"ty":"sh","ks":{"a":0,"k":{"c":true,"i":[[0,0],[0,0],[-16.25,37.51],[37.51,16.25],[0,0],[16.25,-37.51],[-37.51,-16.25]],"o":[[0,0],[37.51,16.25],[16.25,-37.51],[0,0],[-37.51,-16.25],[-16.25,37.51],[0,0]],"v":[[402.66,538.49],[538.49,597.34],[635.83,558.85],[597.34,461.51],[461.51,402.66],[364.17,441.15],[402.66,538.49]]}}},{"ty":"gs","o":{"a":0,"k":100},"e":{"a":0,"k":[642.95,500]},"g":{"p":3,"k":{"a":0,"k":[0,0.21,0.21,0.21,0.03,0,0,0,1,0.35,0.34,1,0,1,0.03,1,1,1]}},"t":1,"a":{"a":0,"k":0},"h":{"a":0,"k":0},"s":{"a":0,"k":[357.05,500]},"lc":1,"lj":1,"ml":10,"w":{"a":0,"k":2}},{"ty":"tr","o":{"a":0,"k":100},"s":{"a":0,"k":[75,75]}}]},{"ty":"gr","it":[{"ty":"sh","ks":{"a":0,"k":{"c":true,"i":[[0,0],[-38.09,-17.76],[0,0],[-17.76,38.09],[38.09,17.76],[0,0],[17.76,-38.09]],"o":[[-17.76,38.09],[0,0],[38.09,17.76],[17.76,-38.09],[0,0],[-38.09,-17.76],[0,0]],"v":[[362.05,435.67],[398.86,536.81],[536.81,601.14],[637.95,564.33],[601.14,463.19],[463.19,398.86],[362.05,435.67]]}}},{"ty":"gs","o":{"a":0,"k":100},"e":{"a":0,"k":[646.1,500]},"g":{"p":3,"k":{"a":0,"k":[0,0.21,0.21,0.21,0.03,0,0,0,1,0.35,0.34,1,0,1,0.03,1,1,1]}},"t":1,"a":{"a":0,"k":0},"h":{"a":0,"k":0},"s":{"a":0,"k":[353.9,500]},"lc":1,"lj":1,"ml":10,"w":{"a":0,"k":2}},{"ty":"tr","o":{"a":0,"k":100},"s":{"a":0,"k":[75,75]}}]},{"ty":"gr","it":[{"ty":"sh","ks":{"a":0,"k":{"c":true,"i":[[0,0],[-38.58,-19.46],[0,0],[-19.46,38.58],[38.58,19.46],[0,0],[19.46,-38.58]],"o":[[-19.46,38.59],[0,0],[38.59,19.46],[19.46,-38.59],[0,0],[-38.59,-19.46],[0,0]],"v":[[360.27,429.54],[394.9,534.64],[534.63,605.1],[639.73,570.47],[605.1,465.37],[465.37,394.91],[360.27,429.54]]}}},{"ty":"gs","o":{"a":0,"k":100},"e":{"a":0,"k":[649.13,500]},"g":{"p":3,"k":{"a":0,"k":[0,0.21,0.21,0.21,0.03,0,0,0,1,0.35,0.34,1,0,1,0.03,1,1,1]}},"t":1,"a":{"a":0,"k":0},"h":{"a":0,"k":0},"s":{"a":0,"k":[350.87,500]},"lc":1,"lj":1,"ml":10,"w":{"a":0,"k":2}},{"ty":"tr","o":{"a":0,"k":100},"s":{"a":0,"k":[75,75]}}]},{"ty":"gr","it":[{"ty":"sh","ks":{"a":0,"k":{"c":true,"i":[[0,0],[-39.08,-21.15],[0,0],[-21.15,39.08],[39.08,21.15],[0,0],[21.15,-39.08]],"o":[[-21.15,39.08],[0,0],[39.08,21.15],[21.15,-39.08],[0,0],[-39.08,-21.15],[0,0]],"v":[[358.49,423.41],[390.95,532.46],[532.46,609.05],[641.51,576.59],[609.05,467.54],[467.54,390.95],[358.49,423.41]]}}},{"ty":"gs","o":{"a":0,"k":100},"e":{"a":0,"k":[652.22,500]},"g":{"p":3,"k":{"a":0,"k":[0,0.21,0.21,0.21,0.03,0,0,0,1,0.35,0.34,1,0,1,0.03,1,1,1]}},"t":1,"a":{"a":0,"k":0},"h":{"a":0,"k":0},"s":{"a":0,"k":[347.78,500]},"lc":1,"lj":1,"ml":10,"w":{"a":0,"k":2}},{"ty":"tr","o":{"a":0,"k":100},"s":{"a":0,"k":[75,75]}}]},{"ty":"gr","it":[{"ty":"sh","ks":{"a":0,"k":{"c":true,"i":[[0,0],[-39.57,-22.84],[0,0],[-22.84,39.57],[39.57,22.84],[0,0],[22.84,-39.57]],"o":[[-22.84,39.57],[0,0],[39.57,22.84],[22.84,-39.57],[0,0],[-39.57,-22.84],[0,0]],"v":[[356.72,417.27],[387,530.27],[530.28,613],[643.28,582.72],[613,469.72],[469.72,386.99],[356.72,417.27]]}}},{"ty":"gs","o":{"a":0,"k":100},"e":{"a":0,"k":[655.38,500]},"g":{"p":3,"k":{"a":0,"k":[0,0.21,0.21,0.21,0.03,0,0,0,1,0.35,0.34,1,0,1,0.03,1,1,1]}},"t":1,"a":{"a":0,"k":0},"h":{"a":0,"k":0},"s":{"a":0,"k":[344.62,500]},"lc":1,"lj":1,"ml":10,"w":{"a":0,"k":2}},{"ty":"tr","o":{"a":0,"k":100},"s":{"a":0,"k":[75,75]}}]},{"ty":"gr","it":[{"ty":"sh","ks":{"a":0,"k":{"c":true,"i":[[0,0],[-39.94,-24.72],[0,0],[-24.72,39.94],[39.94,24.72],[0,0],[24.72,-39.94]],"o":[[-24.72,39.94],[0,0],[39.94,24.72],[24.72,-39.94],[0,0],[-39.94,-24.72],[0,0]],"v":[[355.37,410.47],[382.92,527.55],[527.55,617.08],[644.63,589.53],[617.08,472.45],[472.45,382.92],[355.37,410.47]]}}},{"ty":"gs","o":{"a":0,"k":100},"e":{"a":0,"k":[658.37,500]},"g":{"p":3,"k":{"a":0,"k":[0,0.21,0.21,0.21,0.03,0,0,0,1,0.35,0.34,1,0,1,0.03,1,1,1]}},"t":1,"a":{"a":0,"k":0},"h":{"a":0,"k":0},"s":{"a":0,"k":[341.63,500]},"lc":1,"lj":1,"ml":10,"w":{"a":0,"k":2}},{"ty":"tr","o":{"a":0,"k":100},"s":{"a":0,"k":[75,75]}}]},{"ty":"gr","it":[{"ty":"sh","ks":{"a":0,"k":{"c":true,"i":[[0,0],[-40.3,-26.61],[0,0],[-26.61,40.3],[40.3,26.61],[0,0],[26.61,-40.3]],"o":[[-26.6,40.31],[0,0],[40.31,26.6],[26.6,-40.31],[0,0],[-40.31,-26.6],[0,0]],"v":[[354.03,403.66],[378.84,524.82],[524.81,621.16],[645.97,596.35],[621.16,475.19],[475.19,378.85],[354.03,403.66]]}}},{"ty":"gs","o":{"a":0,"k":100},"e":{"a":0,"k":[661.44,500]},"g":{"p":3,"k":{"a":0,"k":[0,0.21,0.21,0.21,0.03,0,0,0,1,0.35,0.34,1,0,1,0.03,1,1,1]}},"t":1,"a":{"a":0,"k":0},"h":{"a":0,"k":0},"s":{"a":0,"k":[338.56,500]},"lc":1,"lj":1,"ml":10,"w":{"a":0,"k":2}},{"ty":"tr","o":{"a":0,"k":100},"s":{"a":0,"k":[75,75]}}]},{"ty":"gr","it":[{"ty":"sh","ks":{"a":0,"k":{"c":true,"i":[[0,0],[-40.68,-28.48],[0,0],[-28.48,40.68],[40.68,28.48],[0,0],[28.48,-40.68]],"o":[[-28.48,40.68],[0,0],[40.68,28.48],[28.48,-40.68],[0,0],[-40.68,-28.48],[0,0]],"v":[[352.69,396.85],[374.77,522.08],[522.08,625.23],[647.31,603.15],[625.23,477.92],[477.92,374.77],[352.69,396.85]]}}},{"ty":"gs","o":{"a":0,"k":100},"e":{"a":0,"k":[664.58,500]},"g":{"p":3,"k":{"a":0,"k":[0,0.21,0.21,0.21,0.03,0,0,0,1,0.35,0.34,1,0,1,0.03,1,1,1]}},"t":1,"a":{"a":0,"k":0},"h":{"a":0,"k":0},"s":{"a":0,"k":[335.42,500]},"lc":1,"lj":1,"ml":10,"w":{"a":0,"k":2}},{"ty":"tr","o":{"a":0,"k":100},"s":{"a":0,"k":[75,75]}}]},{"ty":"gr","it":[{"ty":"sh","ks":{"a":0,"k":{"c":true,"i":[[0,0],[-40.91,-30.56],[0,0],[-30.56,40.91],[40.91,30.56],[0,0],[30.56,-40.91]],"o":[[-30.56,40.9],[0,0],[40.9,30.56],[30.56,-40.9],[0,0],[-40.9,-30.56],[0,0]],"v":[[351.88,389.35],[370.62,518.74],[518.74,629.39],[648.13,610.65],[629.39,481.26],[481.27,370.61],[351.88,389.35]]}}},{"ty":"gs","o":{"a":0,"k":100},"e":{"a":0,"k":[667.51,500]},"g":{"p":3,"k":{"a":0,"k":[0,0.21,0.21,0.21,0.03,0,0,0,1,0.35,0.34,1,0,1,0.03,1,1,1]}},"t":1,"a":{"a":0,"k":0},"h":{"a":0,"k":0},"s":{"a":0,"k":[332.49,500]},"lc":1,"lj":1,"ml":10,"w":{"a":0,"k":2}},{"ty":"tr","o":{"a":0,"k":100},"s":{"a":0,"k":[75,75]}}]},{"ty":"gr","it":[{"ty":"sh","ks":{"a":0,"k":{"c":true,"i":[[0,0],[-41.13,-32.63],[0,0],[-32.63,41.13],[41.12,32.63],[0,0],[32.63,-41.13]],"o":[[-32.63,41.13],[0,0],[41.13,32.63],[32.63,-41.13],[0,0],[-41.13,-32.63],[0,0]],"v":[[351.07,381.85],[366.46,515.39],[515.39,633.54],[648.93,618.15],[633.54,484.61],[484.61,366.46],[351.07,381.85]]}}},{"ty":"gs","o":{"a":0,"k":100},"e":{"a":0,"k":[670.52,500]},"g":{"p":3,"k":{"a":0,"k":[0,0.21,0.21,0.21,0.03,0,0,0,1,0.35,0.34,1,0,1,0.03,1,1,1]}},"t":1,"a":{"a":0,"k":0},"h":{"a":0,"k":0},"s":{"a":0,"k":[329.48,500]},"lc":1,"lj":1,"ml":10,"w":{"a":0,"k":2}},{"ty":"tr","o":{"a":0,"k":100},"s":{"a":0,"k":[75,75]}}]},{"ty":"gr","it":[{"ty":"sh","ks":{"a":0,"k":{"c":true,"i":[[0,0],[-41.35,-34.7],[0,0],[-34.7,41.35],[41.35,34.7],[0,0],[34.7,-41.35]],"o":[[-34.7,41.35],[0,0],[41.35,34.7],[34.7,-41.35],[0,0],[-41.35,-34.7],[0,0]],"v":[[350.26,374.35],[362.31,512.05],[512.05,637.7],[649.75,625.65],[637.7,487.95],[487.96,362.3],[350.26,374.35]]}}},{"ty":"gs","o":{"a":0,"k":100},"e":{"a":0,"k":[673.61,500]},"g":{"p":3,"k":{"a":0,"k":[0,0.21,0.21,0.21,0.03,0,0,0,1,0.35,0.34,1,0,1,0.03,1,1,1]}},"t":1,"a":{"a":0,"k":0},"h":{"a":0,"k":0},"s":{"a":0,"k":[326.39,500]},"lc":1,"lj":1,"ml":10,"w":{"a":0,"k":2}},{"ty":"tr","o":{"a":0,"k":100},"s":{"a":0,"k":[75,75]}}]},{"ty":"gr","it":[{"ty":"sh","ks":{"a":0,"k":{"c":true,"i":[[0,0],[-41.4,-36.96],[0,0],[-36.96,41.4],[41.39,36.96],[0,0],[36.96,-41.4]],"o":[[-36.96,41.4],[0,0],[41.4,36.96],[36.96,-41.4],[0,0],[-41.4,-36.96],[0,0]],"v":[[350.09,366.15],[358.12,508.03],[508.03,641.88],[649.91,633.85],[641.88,491.97],[491.97,358.12],[350.09,366.15]]}}},{"ty":"gs","o":{"a":0,"k":100},"e":{"a":0,"k":[676.44,500]},"g":{"p":3,"k":{"a":0,"k":[0,0.21,0.21,0.21,0.03,0,0,0,1,0.35,0.34,1,0,1,0.03,1,1,1]}},"t":1,"a":{"a":0,"k":0},"h":{"a":0,"k":0},"s":{"a":0,"k":[323.56,500]},"lc":1,"lj":1,"ml":10,"w":{"a":0,"k":2}},{"ty":"tr","o":{"a":0,"k":100},"s":{"a":0,"k":[75,75]}}]},{"ty":"gr","it":[{"ty":"sh","ks":{"a":0,"k":{"c":true,"i":[[0,0],[-41.45,-39.23],[0,0],[-39.23,41.45],[41.45,39.23],[0,0],[39.23,-41.45]],"o":[[-39.22,41.44],[0,0],[41.44,39.22],[39.22,-41.44],[0,0],[-41.44,-39.22],[0,0]],"v":[[349.93,357.96],[353.95,504.02],[504.02,646.06],[650.08,642.04],[646.06,495.98],[495.99,353.94],[349.93,357.96]]}}},{"ty":"gs","o":{"a":0,"k":100},"e":{"a":0,"k":[679.36,500]},"g":{"p":3,"k":{"a":0,"k":[0,0.21,0.21,0.21,0.03,0,0,0,1,0.35,0.34,1,0,1,0.03,1,1,1]}},"t":1,"a":{"a":0,"k":0},"h":{"a":0,"k":0},"s":{"a":0,"k":[320.64,500]},"lc":1,"lj":1,"ml":10,"w":{"a":0,"k":2}},{"ty":"tr","o":{"a":0,"k":100},"s":{"a":0,"k":[75,75]}}]},{"ty":"gr","it":[{"ty":"sh","ks":{"a":0,"k":{"c":true,"i":[[0,0],[-41.49,-41.49],[0,0],[-41.49,41.49],[41.49,41.49],[0,0],[41.49,-41.49]],"o":[[-41.49,41.49],[0,0],[41.49,41.49],[41.49,-41.49],[0,0],[-41.49,-41.49],[0,0]],"v":[[349.76,349.76],[349.76,500],[500,650.24],[650.24,650.24],[650.24,500],[500,349.76],[349.76,349.76]]}}},{"ty":"gs","o":{"a":0,"k":100},"e":{"a":0,"k":[682.36,500]},"g":{"p":3,"k":{"a":0,"k":[0,0.21,0.21,0.21,0.03,0,0,0,1,0.35,0.34,1,0,1,0.03,1,1,1]}},"t":1,"a":{"a":0,"k":0},"h":{"a":0,"k":0},"s":{"a":0,"k":[317.64,500]},"lc":1,"lj":1,"ml":10,"w":{"a":0,"k":2}},{"ty":"tr","o":{"a":0,"k":100},"s":{"a":0,"k":[75,75]}}]},{"ty":"gr","it":[{"ty":"sh","ks":{"a":0,"k":{"c":true,"i":[[0,0],[-41.33,-43.94],[0,0],[-43.94,41.33],[41.33,43.94],[0,0],[43.95,-41.33]],"o":[[-43.94,41.32],[0,0],[41.32,43.94],[43.94,-41.32],[0,0],[-41.32,-43.94],[0,0]],"v":[[350.36,340.87],[345.62,495.26],[495.26,654.39],[649.65,659.13],[654.39,504.74],[504.75,345.61],[350.36,340.87]]}}},{"ty":"gs","o":{"a":0,"k":100},"e":{"a":0,"k":[685.04,500]},"g":{"p":3,"k":{"a":0,"k":[0,0.21,0.21,0.21,0.03,0,0,0,1,0.35,0.34,1,0,1,0.03,1,1,1]}},"t":1,"a":{"a":0,"k":0},"h":{"a":0,"k":0},"s":{"a":0,"k":[314.96,500]},"lc":1,"lj":1,"ml":10,"w":{"a":0,"k":2}},{"ty":"tr","o":{"a":0,"k":100},"s":{"a":0,"k":[75,75]}}]},{"ty":"gr","it":[{"ty":"sh","ks":{"a":0,"k":{"c":true,"i":[[0,0],[-41.16,-46.4],[0,0],[-46.4,41.16],[41.16,46.4],[0,0],[46.4,-41.16]],"o":[[-46.4,41.16],[0,0],[41.16,46.4],[46.4,-41.16],[0,0],[-41.16,-46.4],[0,0]],"v":[[350.95,331.98],[341.46,490.52],[490.51,658.54],[649.05,668.03],[658.54,509.49],[509.49,341.47],[350.95,331.98]]}}},{"ty":"gs","o":{"a":0,"k":100},"e":{"a":0,"k":[687.83,500]},"g":{"p":3,"k":{"a":0,"k":[0,0.21,0.21,0.21,0.03,0,0,0,1,0.35,0.34,1,0,1,0.03,1,1,1]}},"t":1,"a":{"a":0,"k":0},"h":{"a":0,"k":0},"s":{"a":0,"k":[312.17,500]},"lc":1,"lj":1,"ml":10,"w":{"a":0,"k":2}},{"ty":"tr","o":{"a":0,"k":100},"s":{"a":0,"k":[75,75]}}]},{"ty":"gr","it":[{"ty":"sh","ks":{"a":0,"k":{"c":true,"i":[[0,0],[-41,-48.85],[0,0],[-48.85,41],[41,48.85],[0,0],[48.85,-41]],"o":[[-48.85,40.99],[0,0],[40.99,48.85],[48.85,-40.99],[0,0],[-40.99,-48.85],[0,0]],"v":[[351.55,323.08],[337.32,485.76],[485.77,662.68],[648.45,676.91],[662.68,514.23],[514.23,337.31],[351.55,323.08]]}}},{"ty":"gs","o":{"a":0,"k":100},"e":{"a":0,"k":[690.7,500]},"g":{"p":3,"k":{"a":0,"k":[0,0.21,0.21,0.21,0.03,0,0,0,1,0.35,0.34,1,0,1,0.03,1,1,1]}},"t":1,"a":{"a":0,"k":0},"h":{"a":0,"k":0},"s":{"a":0,"k":[309.3,500]},"lc":1,"lj":1,"ml":10,"w":{"a":0,"k":2}},{"ty":"tr","o":{"a":0,"k":100},"s":{"a":0,"k":[75,75]}}]},{"ty":"gr","it":[{"ty":"sh","ks":{"a":0,"k":{"c":true,"i":[[0,0],[-40.59,-51.5],[0,0],[-51.5,40.59],[40.59,51.5],[0,0],[51.5,-40.59]],"o":[[-51.5,40.58],[0,0],[40.58,51.5],[51.5,-40.58],[0,0],[-40.58,-51.5],[0,0]],"v":[[353.04,313.51],[333.28,480.24],[480.24,666.73],[646.97,686.49],[666.73,519.76],[519.77,333.27],[353.04,313.51]]}}},{"ty":"gs","o":{"a":0,"k":100},"e":{"a":0,"k":[693.2,500]},"g":{"p":3,"k":{"a":0,"k":[0,0.21,0.21,0.21,0.03,0,0,0,1,0.35,0.34,1,0,1,0.03,1,1,1]}},"t":1,"a":{"a":0,"k":0},"h":{"a":0,"k":0},"s":{"a":0,"k":[306.8,500]},"lc":1,"lj":1,"ml":10,"w":{"a":0,"k":2}},{"ty":"tr","o":{"a":0,"k":100},"s":{"a":0,"k":[75,75]}}]},{"ty":"gr","it":[{"ty":"sh","ks":{"a":0,"k":{"c":true,"i":[[0,0],[-40.18,-54.14],[0,0],[-54.14,40.17],[40.18,54.14],[0,0],[54.14,-40.18]],"o":[[-54.14,40.17],[0,0],[40.17,54.14],[54.14,-40.17],[0,0],[-40.17,-54.14],[0,0]],"v":[[354.53,303.94],[329.24,474.71],[474.71,670.77],[645.48,696.06],[670.77,525.29],[525.3,329.23],[354.53,303.94]]}}},{"ty":"gs","o":{"a":0,"k":100},"e":{"a":0,"k":[695.81,500]},"g":{"p":3,"k":{"a":0,"k":[0,0.21,0.21,0.21,0.03,0,0,0,1,0.35,0.34,1,0,1,0.03,1,1,1]}},"t":1,"a":{"a":0,"k":0},"h":{"a":0,"k":0},"s":{"a":0,"k":[304.19,500]},"lc":1,"lj":1,"ml":10,"w":{"a":0,"k":2}},{"ty":"tr","o":{"a":0,"k":100},"s":{"a":0,"k":[75,75]}}]},{"ty":"gr","it":[{"ty":"sh","ks":{"a":0,"k":{"c":true,"i":[[0,0],[-39.76,-56.79],[0,0],[-56.78,39.76],[39.76,56.78],[0,0],[56.79,-39.76]],"o":[[-56.78,39.76],[0,0],[39.76,56.78],[56.78,-39.76],[0,0],[-39.76,-56.78],[0,0]],"v":[[356.01,294.37],[325.19,469.18],[469.18,674.81],[643.99,705.63],[674.81,530.82],[530.82,325.19],[356.01,294.37]]}}},{"ty":"gs","o":{"a":0,"k":100},"e":{"a":0,"k":[698.52,500]},"g":{"p":3,"k":{"a":0,"k":[0,0.21,0.21,0.21,0.03,0,0,0,1,0.35,0.34,1,0,1,0.03,1,1,1]}},"t":1,"a":{"a":0,"k":0},"h":{"a":0,"k":0},"s":{"a":0,"k":[301.48,500]},"lc":1,"lj":1,"ml":10,"w":{"a":0,"k":2}},{"ty":"tr","o":{"a":0,"k":100},"s":{"a":0,"k":[75,75]}}]},{"ty":"gr","it":[{"ty":"sh","ks":{"a":0,"k":{"c":true,"i":[[0,0],[-39.07,-59.61],[0,0],[-59.61,39.07],[39.07,59.61],[0,0],[59.61,-39.07]],"o":[[-59.61,39.07],[0,0],[39.07,59.61],[59.61,-39.07],[0,0],[-39.07,-59.61],[0,0]],"v":[[358.53,284.14],[321.34,462.8],[462.81,678.66],[641.47,715.85],[678.66,537.19],[537.19,321.33],[358.53,284.14]]}}},{"ty":"gs","o":{"a":0,"k":100},"e":{"a":0,"k":[700.79,500]},"g":{"p":3,"k":{"a":0,"k":[0,0.21,0.21,0.21,0.03,0,0,0,1,0.35,0.34,1,0,1,0.03,1,1,1]}},"t":1,"a":{"a":0,"k":0},"h":{"a":0,"k":0},"s":{"a":0,"k":[299.21,500]},"lc":1,"lj":1,"ml":10,"w":{"a":0,"k":2}},{"ty":"tr","o":{"a":0,"k":100},"s":{"a":0,"k":[75,75]}}]},{"ty":"gr","it":[{"ty":"sh","ks":{"a":0,"k":{"c":true,"i":[[0,0],[-38.37,-62.43],[0,0],[-62.43,38.37],[38.37,62.43],[0,0],[62.43,-38.37]],"o":[[-62.43,38.37],[0,0],[38.37,62.43],[62.43,-38.37],[0,0],[-38.37,-62.43],[0,0]],"v":[[361.05,273.92],[317.48,456.43],[456.43,682.51],[638.94,726.08],[682.51,543.57],[543.56,317.49],[361.05,273.92]]}}},{"ty":"gs","o":{"a":0,"k":100},"e":{"a":0,"k":[703.18,500]},"g":{"p":3,"k":{"a":0,"k":[0,0.21,0.21,0.21,0.03,0,0,0,1,0.35,0.34,1,0,1,0.03,1,1,1]}},"t":1,"a":{"a":0,"k":0},"h":{"a":0,"k":0},"s":{"a":0,"k":[296.82,500]},"lc":1,"lj":1,"ml":10,"w":{"a":0,"k":2}},{"ty":"tr","o":{"a":0,"k":100},"s":{"a":0,"k":[75,75]}}]},{"ty":"gr","it":[{"ty":"sh","ks":{"a":0,"k":{"c":true,"i":[[0,0],[-37.67,-65.26],[0,0],[-65.26,37.67],[37.67,65.26],[0,0],[65.26,-37.67]],"o":[[-65.25,37.67],[0,0],[37.67,65.25],[65.25,-37.67],[0,0],[-37.67,-65.25],[0,0]],"v":[[363.57,263.7],[313.63,450.07],[450.06,686.37],[636.43,736.31],[686.37,549.94],[549.94,313.64],[363.57,263.7]]}}},{"ty":"gs","o":{"a":0,"k":100},"e":{"a":0,"k":[705.67,500]},"g":{"p":3,"k":{"a":0,"k":[0,0.21,0.21,0.21,0.03,0,0,0,1,0.35,0.34,1,0,1,0.03,1,1,1]}},"t":1,"a":{"a":0,"k":0},"h":{"a":0,"k":0},"s":{"a":0,"k":[294.33,500]},"lc":1,"lj":1,"ml":10,"w":{"a":0,"k":2}},{"ty":"tr","o":{"a":0,"k":100},"s":{"a":0,"k":[75,75]}}]},{"ty":"gr","it":[{"ty":"sh","ks":{"a":0,"k":{"c":true,"i":[[0,0],[-36.65,-68.24],[0,0],[-68.24,36.65],[36.65,68.24],[0,0],[68.24,-36.65]],"o":[[-68.24,36.65],[0,0],[36.65,68.24],[68.24,-36.65],[0,0],[-36.65,-68.24],[0,0]],"v":[[367.27,252.86],[310.07,442.79],[442.8,689.93],[632.73,747.13],[689.93,557.2],[557.2,310.06],[367.27,252.86]]}}},{"ty":"gs","o":{"a":0,"k":100},"e":{"a":0,"k":[707.66,500]},"g":{"p":3,"k":{"a":0,"k":[0,0.21,0.21,0.21,0.03,0,0,0,1,0.35,0.34,1,0,1,0.03,1,1,1]}},"t":1,"a":{"a":0,"k":0},"h":{"a":0,"k":0},"s":{"a":0,"k":[292.34,500]},"lc":1,"lj":1,"ml":10,"w":{"a":0,"k":2}},{"ty":"tr","o":{"a":0,"k":100},"s":{"a":0,"k":[75,75]}}]},{"ty":"gr","it":[{"ty":"sh","ks":{"a":0,"k":{"c":true,"i":[[0,0],[-35.64,-71.23],[0,0],[-71.23,35.64],[35.64,71.23],[0,0],[71.23,-35.64]],"o":[[-71.24,35.63],[0,0],[35.63,71.24],[71.24,-35.63],[0,0],[-35.63,-71.24],[0,0]],"v":[[370.96,242.03],[306.5,435.53],[435.54,693.5],[629.04,757.96],[693.5,564.46],[564.46,306.49],[370.96,242.03]]}}},{"ty":"gs","o":{"a":0,"k":100},"e":{"a":0,"k":[709.77,500]},"g":{"p":3,"k":{"a":0,"k":[0,0.21,0.21,0.21,0.03,0,0,0,1,0.35,0.34,1,0,1,0.03,1,1,1]}},"t":1,"a":{"a":0,"k":0},"h":{"a":0,"k":0},"s":{"a":0,"k":[290.23,500]},"lc":1,"lj":1,"ml":10,"w":{"a":0,"k":2}},{"ty":"tr","o":{"a":0,"k":100},"s":{"a":0,"k":[75,75]}}]},{"ty":"gr","it":[{"ty":"sh","ks":{"a":0,"k":{"c":true,"i":[[0,0],[-34.61,-74.23],[0,0],[-74.23,34.61],[34.61,74.23],[0,0],[74.23,-34.61]],"o":[[-74.23,34.61],[0,0],[34.61,74.23],[74.23,-34.61],[0,0],[-34.61,-74.23],[0,0]],"v":[[374.66,231.2],[302.93,428.27],[428.27,697.07],[625.34,768.8],[697.07,571.73],[571.73,302.93],[374.66,231.2]]}}},{"ty":"gs","o":{"a":0,"k":100},"e":{"a":0,"k":[712,500]},"g":{"p":3,"k":{"a":0,"k":[0,0.21,0.21,0.21,0.03,0,0,0,1,0.35,0.34,1,0,1,0.03,1,1,1]}},"t":1,"a":{"a":0,"k":0},"h":{"a":0,"k":0},"s":{"a":0,"k":[288,500]},"lc":1,"lj":1,"ml":10,"w":{"a":0,"k":2}},{"ty":"tr","o":{"a":0,"k":100},"s":{"a":0,"k":[75,75]}}]},{"ty":"gr","it":[{"ty":"sh","ks":{"a":0,"k":{"c":true,"i":[[0,0],[-33.23,-77.37],[0,0],[-77.37,33.23],[33.23,77.37],[0,0],[77.37,-33.23]],"o":[[-77.37,33.22],[0,0],[33.22,77.37],[77.37,-33.22],[0,0],[-33.22,-77.37],[0,0]],"v":[[379.68,219.82],[299.75,420.07],[420.07,700.25],[620.32,780.18],[700.25,579.93],[579.93,299.75],[379.68,219.82]]}}},{"ty":"gs","o":{"a":0,"k":100},"e":{"a":0,"k":[713.66,500]},"g":{"p":3,"k":{"a":0,"k":[0,0.21,0.21,0.21,0.03,0,0,0,1,0.35,0.34,1,0,1,0.03,1,1,1]}},"t":1,"a":{"a":0,"k":0},"h":{"a":0,"k":0},"s":{"a":0,"k":[286.34,500]},"lc":1,"lj":1,"ml":10,"w":{"a":0,"k":2}},{"ty":"tr","o":{"a":0,"k":100},"s":{"a":0,"k":[75,75]}}]},{"ty":"gr","it":[{"ty":"sh","ks":{"a":0,"k":{"c":true,"i":[[0,0],[-31.84,-80.51],[0,0],[-80.51,31.84],[31.84,80.51],[0,0],[80.51,-31.84]],"o":[[-80.51,31.84],[0,0],[31.84,80.51],[80.51,-31.84],[0,0],[-31.84,-80.51],[0,0]],"v":[[384.71,208.44],[296.58,411.86],[411.87,703.42],[615.29,791.55],[703.42,588.13],[588.13,296.57],[384.71,208.44]]}}},{"ty":"gs","o":{"a":0,"k":100},"e":{"a":0,"k":[715.45,500]},"g":{"p":3,"k":{"a":0,"k":[0,0.21,0.21,0.21,0.03,0,0,0,1,0.35,0.34,1,0,1,0.03,1,1,1]}},"t":1,"a":{"a":0,"k":0},"h":{"a":0,"k":0},"s":{"a":0,"k":[284.55,500]},"lc":1,"lj":1,"ml":10,"w":{"a":0,"k":2}},{"ty":"tr","o":{"a":0,"k":100},"s":{"a":0,"k":[75,75]}}]},{"ty":"gr","it":[{"ty":"sh","ks":{"a":0,"k":{"c":true,"i":[[0,0],[-30.45,-83.66],[0,0],[-83.66,30.45],[30.45,83.66],[0,0],[83.66,-30.45]],"o":[[-83.65,30.45],[0,0],[30.45,83.65],[83.65,-30.45],[0,0],[-30.45,-83.65],[0,0]],"v":[[389.74,197.06],[293.4,403.66],[403.66,706.6],[610.26,802.94],[706.6,596.34],[596.34,293.4],[389.74,197.06]]}}},{"ty":"gs","o":{"a":0,"k":100},"e":{"a":0,"k":[717.36,500]},"g":{"p":3,"k":{"a":0,"k":[0,0.21,0.21,0.21,0.03,0,0,0,1,0.35,0.34,1,0,1,0.03,1,1,1]}},"t":1,"a":{"a":0,"k":0},"h":{"a":0,"k":0},"s":{"a":0,"k":[282.64,500]},"lc":1,"lj":1,"ml":10,"w":{"a":0,"k":2}},{"ty":"tr","o":{"a":0,"k":100},"s":{"a":0,"k":[75,75]}}]},{"ty":"gr","it":[{"ty":"sh","ks":{"a":0,"k":{"c":true,"i":[[0,0],[-28.65,-86.93],[0,0],[-86.93,28.65],[28.65,86.93],[0,0],[86.93,-28.65]],"o":[[-86.92,28.65],[0,0],[28.65,86.92],[86.92,-28.65],[0,0],[-28.65,-86.92],[0,0]],"v":[[396.26,185.22],[290.74,394.48],[394.48,709.26],[603.74,814.78],[709.26,605.52],[605.52,290.74],[396.26,185.22]]}}},{"ty":"gs","o":{"a":0,"k":100},"e":{"a":0,"k":[718.63,500]},"g":{"p":3,"k":{"a":0,"k":[0,0.21,0.21,0.21,0.03,0,0,0,1,0.35,0.34,1,0,1,0.03,1,1,1]}},"t":1,"a":{"a":0,"k":0},"h":{"a":0,"k":0},"s":{"a":0,"k":[281.37,500]},"lc":1,"lj":1,"ml":10,"w":{"a":0,"k":2}},{"ty":"tr","o":{"a":0,"k":100},"s":{"a":0,"k":[75,75]}}]},{"ty":"gr","it":[{"ty":"sh","ks":{"a":0,"k":{"c":true,"i":[[0,0],[-26.84,-90.2],[0,0],[-90.2,26.85],[26.85,90.2],[0,0],[90.2,-26.85]],"o":[[-90.2,26.85],[0,0],[26.85,90.2],[90.2,-26.85],[0,0],[-26.85,-90.2],[0,0]],"v":[[402.79,173.38],[288.08,385.3],[385.29,711.92],[597.21,826.62],[711.91,614.7],[614.69,288.08],[402.77,173.38]]}}},{"ty":"gs","o":{"a":0,"k":100},"e":{"a":0,"k":[720.04,500]},"g":{"p":3,"k":{"a":0,"k":[0,0.21,0.21,0.21,0.03,0,0,0,1,0.35,0.34,1,0,1,0.03,1,1,1]}},"t":1,"a":{"a":0,"k":0},"h":{"a":0,"k":0},"s":{"a":0,"k":[279.96,500]},"lc":1,"lj":1,"ml":10,"w":{"a":0,"k":2}},{"ty":"tr","o":{"a":0,"k":100},"s":{"a":0,"k":[75,75]}}]},{"ty":"gr","it":[{"ty":"sh","ks":{"a":0,"k":{"c":true,"i":[[0,0],[-25.04,-93.46],[0,0],[-93.46,25.04],[25.04,93.46],[0,0],[93.46,-25.04]],"o":[[-93.47,25.04],[0,0],[25.04,93.47],[93.47,-25.04],[0,0],[-25.04,-93.47],[0,0]],"v":[[409.31,161.53],[285.42,376.11],[376.11,714.58],[590.69,838.47],[714.58,623.89],[623.89,285.42],[409.31,161.53]]}}},{"ty":"gs","o":{"a":0,"k":100},"e":{"a":0,"k":[721.59,500]},"g":{"p":3,"k":{"a":0,"k":[0,0.21,0.21,0.21,0.03,0,0,0,1,0.35,0.34,1,0,1,0.03,1,1,1]}},"t":1,"a":{"a":0,"k":0},"h":{"a":0,"k":0},"s":{"a":0,"k":[278.41,500]},"lc":1,"lj":1,"ml":10,"w":{"a":0,"k":2}},{"ty":"tr","o":{"a":0,"k":100},"s":{"a":0,"k":[75,75]}}]},{"ty":"gr","it":[{"ty":"sh","ks":{"a":0,"k":{"c":true,"i":[[0,0],[-22.79,-96.83],[0,0],[-96.83,22.79],[22.79,96.83],[0,0],[96.83,-22.79]],"o":[[-96.84,22.78],[0,0],[22.78,96.84],[96.84,-22.78],[0,0],[-22.78,-96.84],[0,0]],"v":[[417.49,149.32],[283.41,365.91],[365.92,716.59],[582.51,850.67],[716.59,634.08],[634.08,283.4],[417.49,149.32]]}}},{"ty":"gs","o":{"a":0,"k":100},"e":{"a":0,"k":[722.42,500]},"g":{"p":3,"k":{"a":0,"k":[0,0.21,0.21,0.21,0.03,0,0,0,1,0.35,0.34,1,0,1,0.03,1,1,1]}},"t":1,"a":{"a":0,"k":0},"h":{"a":0,"k":0},"s":{"a":0,"k":[277.58,500]},"lc":1,"lj":1,"ml":10,"w":{"a":0,"k":2}},{"ty":"tr","o":{"a":0,"k":100},"s":{"a":0,"k":[75,75]}}]},{"ty":"gr","it":[{"ty":"sh","ks":{"a":0,"k":{"c":true,"i":[[0,0],[-20.53,-100.2],[0,0],[-100.2,20.52],[20.52,100.2],[0,0],[100.2,-20.52]],"o":[[-100.21,20.52],[0,0],[20.52,100.21],[100.21,-20.52],[0,0],[-20.52,-100.21],[0,0]],"v":[[425.68,137.11],[281.4,355.71],[355.72,718.6],[574.32,862.88],[718.6,644.28],[644.28,281.39],[425.68,137.11]]}}},{"ty":"gs","o":{"a":0,"k":100},"e":{"a":0,"k":[723.41,500]},"g":{"p":3,"k":{"a":0,"k":[0,0.21,0.21,0.21,0.03,0,0,0,1,0.35,0.34,1,0,1,0.03,1,1,1]}},"t":1,"a":{"a":0,"k":0},"h":{"a":0,"k":0},"s":{"a":0,"k":[276.59,500]},"lc":1,"lj":1,"ml":10,"w":{"a":0,"k":2}},{"ty":"tr","o":{"a":0,"k":100},"s":{"a":0,"k":[75,75]}}]},{"ty":"gr","it":[{"ty":"sh","ks":{"a":0,"k":{"c":true,"i":[[0,0],[-18.26,-103.58],[0,0],[-103.58,18.26],[18.26,103.58],[0,0],[103.58,-18.26]],"o":[[-103.58,18.26],[0,0],[18.26,103.58],[103.58,-18.26],[0,0],[-18.26,-103.58],[0,0]],"v":[[433.86,124.91],[279.38,345.53],[345.52,720.62],[566.14,875.1],[720.62,654.48],[654.48,279.39],[433.86,124.91]]}}},{"ty":"gs","o":{"a":0,"k":100},"e":{"a":0,"k":[724.54,500]},"g":{"p":3,"k":{"a":0,"k":[0,0.21,0.21,0.21,0.03,0,0,0,1,0.35,0.34,1,0,1,0.03,1,1,1]}},"t":1,"a":{"a":0,"k":0},"h":{"a":0,"k":0},"s":{"a":0,"k":[275.46,500]},"lc":1,"lj":1,"ml":10,"w":{"a":0,"k":2}},{"ty":"tr","o":{"a":0,"k":100},"s":{"a":0,"k":[75,75]}}]},{"ty":"gr","it":[{"ty":"sh","ks":{"a":0,"k":{"c":true,"i":[[0,0],[-15.5,-107.02],[0,0],[-107.02,15.5],[15.5,107.02],[0,0],[107.02,-15.5]],"o":[[-107.02,15.5],[0,0],[15.5,107.02],[107.02,-15.5],[0,0],[-15.5,-107.02],[0,0]],"v":[[443.88,112.46],[278.17,334.29],[334.29,721.83],[556.12,887.54],[721.83,665.71],[665.71,278.17],[443.88,112.46]]}}},{"ty":"gs","o":{"a":0,"k":100},"e":{"a":0,"k":[724.88,500]},"g":{"p":3,"k":{"a":0,"k":[0,0.21,0.21,0.21,0.03,0,0,0,1,0.35,0.34,1,0,1,0.03,1,1,1]}},"t":1,"a":{"a":0,"k":0},"h":{"a":0,"k":0},"s":{"a":0,"k":[275.12,500]},"lc":1,"lj":1,"ml":10,"w":{"a":0,"k":2}},{"ty":"tr","o":{"a":0,"k":100},"s":{"a":0,"k":[75,75]}}]},{"ty":"gr","it":[{"ty":"sh","ks":{"a":0,"k":{"c":true,"i":[[0,0],[-12.73,-110.45],[0,0],[-110.45,12.73],[12.73,110.45],[0,0],[110.45,-12.73]],"o":[[-110.45,12.73],[0,0],[12.73,110.45],[110.45,-12.73],[0,0],[-12.73,-110.45],[0,0]],"v":[[453.9,100.02],[276.96,323.06],[323.06,723.04],[546.1,899.98],[723.04,676.94],[676.94,276.96],[453.9,100.02]]}}},{"ty":"gs","o":{"a":0,"k":100},"e":{"a":0,"k":[725.38,500]},"g":{"p":3,"k":{"a":0,"k":[0,0.21,0.21,0.21,0.03,0,0,0,1,0.35,0.34,1,0,1,0.03,1,1,1]}},"t":1,"a":{"a":0,"k":0},"h":{"a":0,"k":0},"s":{"a":0,"k":[274.62,500]},"lc":1,"lj":1,"ml":10,"w":{"a":0,"k":2}},{"ty":"tr","o":{"a":0,"k":100},"s":{"a":0,"k":[75,75]}}]},{"ty":"gr","it":[{"ty":"sh","ks":{"a":0,"k":{"c":true,"i":[[0,0],[-9.97,-113.88],[0,0],[-113.88,9.96],[9.97,113.88],[0,0],[113.88,-9.96]],"o":[[-113.89,9.96],[0,0],[9.96,113.89],[113.89,-9.96],[0,0],[-9.96,-113.89],[0,0]],"v":[[463.92,87.58],[275.75,311.83],[311.83,724.25],[536.08,912.42],[724.25,688.17],[688.17,275.75],[463.92,87.58]]}}},{"ty":"gs","o":{"a":0,"k":100},"e":{"a":0,"k":[726.05,500]},"g":{"p":3,"k":{"a":0,"k":[0,0.21,0.21,0.21,0.03,0,0,0,1,0.35,0.34,1,0,1,0.03,1,1,1]}},"t":1,"a":{"a":0,"k":0},"h":{"a":0,"k":0},"s":{"a":0,"k":[273.95,500]},"lc":1,"lj":1,"ml":10,"w":{"a":0,"k":2}},{"ty":"tr","o":{"a":0,"k":100},"s":{"a":0,"k":[75,75]}}]},{"ty":"gr","it":[{"ty":"sh","ks":{"a":0,"k":{"c":true,"i":[[0,0],[-6.64,-117.34],[0,0],[-117.34,6.64],[6.64,117.34],[0,0],[117.34,-6.64]],"o":[[-117.35,6.64],[0,0],[6.64,117.35],[117.35,-6.64],[0,0],[-6.64,-117.35],[0,0]],"v":[[475.95,75.05],[275.5,299.55],[299.56,724.5],[524.06,924.95],[724.51,700.45],[700.46,275.5],[475.96,75.05]]}}},{"ty":"gs","o":{"a":0,"k":100},"e":{"a":0,"k":[725.85,500]},"g":{"p":3,"k":{"a":0,"k":[0,0.21,0.21,0.21,0.03,0,0,0,1,0.35,0.34,1,0,1,0.03,1,1,1]}},"t":1,"a":{"a":0,"k":0},"h":{"a":0,"k":0},"s":{"a":0,"k":[274.15,500]},"lc":1,"lj":1,"ml":10,"w":{"a":0,"k":2}},{"ty":"tr","o":{"a":0,"k":100},"s":{"a":0,"k":[75,75]}}]},{"ty":"gr","it":[{"ty":"sh","ks":{"a":0,"k":{"c":true,"i":[[0,0],[-3.32,-120.8],[0,0],[-120.8,3.32],[3.33,120.8],[0,0],[120.8,-3.32]],"o":[[-120.81,3.32],[0,0],[3.32,120.81],[120.81,-3.32],[0,0],[-3.32,-120.81],[0,0]],"v":[[487.97,62.53],[275.25,287.28],[287.28,724.75],[512.03,937.47],[724.75,712.72],[712.72,275.25],[487.97,62.53]]}}},{"ty":"gs","o":{"a":0,"k":100},"e":{"a":0,"k":[725.84,500]},"g":{"p":3,"k":{"a":0,"k":[0,0.21,0.21,0.21,0.03,0,0,0,1,0.35,0.34,1,0,1,0.03,1,1,1]}},"t":1,"a":{"a":0,"k":0},"h":{"a":0,"k":0},"s":{"a":0,"k":[274.16,500]},"lc":1,"lj":1,"ml":10,"w":{"a":0,"k":2}},{"ty":"tr","o":{"a":0,"k":100},"s":{"a":0,"k":[75,75]}}]},{"ty":"gr","it":[{"ty":"sh","ks":{"a":0,"k":{"c":true,"i":[[0,0],[0,-124.26],[0,0],[-124.26,0],[0,124.26],[0,0],[124.26,0]],"o":[[-124.26,0],[0,0],[0,124.26],[124.26,0],[0,0],[0,-124.26],[0,0]],"v":[[500,50],[275,275],[275,725],[500,950],[725,725],[725,275],[500,50]]}}},{"ty":"gs","o":{"a":0,"k":100},"e":{"a":0,"k":[726,500]},"g":{"p":3,"k":{"a":0,"k":[0,0.21,0.21,0.21,0.03,0,0,0,1,0.35,0.34,1,0,1,0.03,1,1,1]}},"t":1,"a":{"a":0,"k":0},"h":{"a":0,"k":0},"s":{"a":0,"k":[274,500]},"lc":1,"lj":1,"ml":10,"w":{"a":0,"k":2}},{"ty":"tr","o":{"a":0,"k":100},"s":{"a":0,"k":[75,75]}}]},{"ty":"tr","o":{"a":0,"k":100}}]}]}]},{"id":"153","layers":[{"ind":152,"ty":0,"parent":148,"ks":{},"w":1000,"h":1000,"ip":0,"op":181,"st":0,"refId":"150"},{"ind":148,"ty":3,"ks":{"s":{"a":0,"k":[186,186.4]}},"ip":0,"op":181,"st":0}]},{"id":"157","layers":[{"ind":155,"ty":0,"ks":{"o":{"a":1,"k":[{"t":0,"s":[0],"h":1},{"t":96,"s":[0],"i":{"x":1,"y":1},"o":{"x":0,"y":0}},{"t":120,"s":[100],"h":1},{"t":180,"s":[100],"h":1}]},"p":{"a":0,"k":[20,20]}},"w":1860,"h":1864,"ip":0,"op":181,"st":0,"refId":"153"},{"ind":156,"ty":4,"ks":{},"ip":0,"op":181,"st":0,"shapes":[{"ty":"rc","p":{"a":0,"k":[950,952]},"r":{"a":0,"k":0},"s":{"a":0,"k":[1900,1904]}},{"ty":"fl","c":{"a":0,"k":[0,0,0,0]},"o":{"a":0,"k":0}}]}]},{"id":"160","layers":[{"ind":159,"ty":0,"parent":147,"ks":{"p":{"a":0,"k":[-20,-20]}},"ef":[{"ty":29,"ef":[{"ty":0,"nm":"","v":{"a":1,"k":[{"t":0,"s":[33.33],"h":1},{"t":96,"s":[33.33],"i":{"x":0.395,"y":0.675},"o":{"x":0.046,"y":0.316}},{"t":99,"s":[18.2],"i":{"x":0.73,"y":0.784},"o":{"x":0.357,"y":0.452}},{"t":102,"s":[11.79],"i":{"x":0.749,"y":0.827},"o":{"x":0.372,"y":0.522}},{"t":108,"s":[4.47],"i":{"x":0.752,"y":0.999},"o":{"x":0.378,"y":0.852}},{"t":120,"s":[0],"h":1},{"t":180,"s":[0],"h":1}]}},{"ty":7,"nm":"","v":{"a":0,"k":1}},{"ty":7,"nm":"","v":{"a":0,"k":0}}]}],"w":1900,"h":1904,"ip":0,"op":181,"st":0,"refId":"157"},{"ind":147,"ty":3,"ks":{"p":{"a":0,"k":[21,21]}},"ip":0,"op":181,"st":0}]},{"id":"163","layers":[{"ind":162,"ty":0,"parent":146,"ks":{"a":{"a":0,"k":[21,21]},"o":{"a":1,"k":[{"t":0,"s":[0],"h":1},{"t":96,"s":[0],"i":{"x":0,"y":1},"o":{"x":0,"y":0}},{"t":120,"s":[100],"h":1},{"t":180,"s":[100],"h":1}]}},"w":1901,"h":1905,"ip":0,"op":181,"st":0,"refId":"160"},{"ind":146,"ty":3,"ks":{"p":{"a":0,"k":[21,21]}},"ip":0,"op":181,"st":0}]}],"fr":60,"h":852,"ip":0,"layers":[{"ind":144,"ty":0,"parent":2,"ks":{"p":{"a":0,"k":[-112,-112]}},"ef":[{"ty":25,"ef":[{"ty":2,"nm":"Shadow Color","v":{"a":0,"k":[0,0,0]}},{"ty":0,"nm":"Opacity","v":{"a":0,"k":128}},{"ty":1,"nm":"Direction","v":{"a":0,"k":180}},{"ty":0,"nm":"Distance","v":{"a":0,"k":10}},{"ty":0,"nm":"Softness","v":{"a":0,"k":60}}]}],"w":486,"h":486,"ip":0,"op":181,"st":0,"refId":"142"},{"ind":2,"ty":3,"parent":1,"ks":{"p":{"a":0,"k":[147,376]}},"ip":0,"op":181,"st":0},{"ind":165,"ty":0,"parent":145,"ks":{"a":{"a":0,"k":[951,953]},"o":{"a":1,"k":[{"t":0,"s":[0],"h":1},{"t":96,"s":[0],"i":{"x":0,"y":1},"o":{"x":0,"y":0}},{"t":180,"s":[100],"h":1}]},"p":{"a":0,"k":[930,932]},"s":{"a":1,"k":[{"t":0,"s":[150,150],"i":{"x":[1,1],"y":[1,1]},"o":{"x":[0,0],"y":[0,0]}},{"t":96,"s":[150,150],"i":{"x":[0,0],"y":[1,1]},"o":{"x":[0,0],"y":[0,0]}},{"t":180,"s":[100,100],"h":1}]}},"w":1922,"h":1926,"ip":0,"op":181,"st":0,"refId":"163"},{"ind":145,"ty":3,"parent":1,"ks":{"a":{"a":0,"k":[930,932]},"p":{"a":0,"k":[197,426]},"r":{"a":0,"k":-90}},"ip":0,"op":181,"st":0},{"ind":1,"ty":3,"parent":0,"ks":{},"ip":0,"op":181,"st":0},{"ind":166,"ty":4,"parent":0,"ks":{},"ip":0,"op":181,"st":0,"shapes":[{"ty":"rc","p":{"a":0,"k":[196.5,426]},"r":{"a":0,"k":0},"s":{"a":0,"k":[393,852]}},{"ty":"fl","c":{"a":0,"k":[0,0,0]},"o":{"a":0,"k":100}}]},{"ind":0,"ty":3,"ks":{},"ip":0,"op":181,"st":0}],"meta":{"g":"https://jitter.video"},"op":180,"v":"5.7.4","w":393}