{"assets":[{"id":"32","layers":[{"ind":31,"ty":4,"parent":30,"ks":{},"ip":0,"op":181,"st":0,"shapes":[{"ty":"rc","p":{"a":0,"k":[50,50]},"r":{"a":0,"k":0},"s":{"a":0,"k":[100,100]}},{"ty":"fl","c":{"a":0,"k":[0,0,0]},"o":{"a":0,"k":100}}]},{"ind":30,"ty":3,"ks":{},"ip":0,"op":181,"st":0}]},{"id":"36","layers":[{"ind":34,"ty":0,"parent":29,"ks":{},"w":100,"h":100,"ip":0,"op":181,"st":0,"refId":"32"},{"ind":35,"ty":4,"parent":29,"ks":{"o":{"a":1,"k":[{"t":0,"s":[0],"h":1},{"t":168,"s":[0],"h":1},{"t":168,"s":[100],"h":1},{"t":180,"s":[100],"h":1}]}},"ip":0,"op":181,"st":0,"shapes":[{"ty":"rc","p":{"a":0,"k":[60,60]},"r":{"a":0,"k":0},"s":{"a":0,"k":[140,140]}},{"ty":"fl","c":{"a":0,"k":[0,0,0]},"o":{"a":0,"k":100}}]},{"ind":29,"ty":3,"ks":{"p":{"a":0,"k":[10,10]}},"ip":0,"op":181,"st":0}]},{"id":"19","layers":[{"ind":18,"ty":4,"parent":17,"ks":{},"ip":0,"op":181,"st":0,"shapes":[{"ty":"rc","p":{"a":1,"k":[{"t":0,"s":[50,0],"i":{"x":[1,1],"y":[1,1]},"o":{"x":[0,0],"y":[0,0]}},{"t":108,"s":[50,0],"i":{"x":[1,0],"y":[1,1]},"o":{"x":[0,0.5],"y":[0,0]}},{"t":168,"s":[50,50],"i":{"x":[1,1],"y":[1,1]},"o":{"x":[0,0],"y":[0,0]}},{"t":180,"s":[50,50],"h":1}]},"r":{"a":0,"k":0},"s":{"a":1,"k":[{"t":0,"s":[100,0],"i":{"x":[1,1],"y":[1,1]},"o":{"x":[0,0],"y":[0,0]}},{"t":108,"s":[100,0],"i":{"x":[1,0],"y":[1,1]},"o":{"x":[0,0.5],"y":[0,0]}},{"t":168,"s":[100,100],"i":{"x":[1,1],"y":[1,1]},"o":{"x":[0,0],"y":[0,0]}},{"t":180,"s":[100,100],"h":1}]}},{"ty":"fl","c":{"a":0,"k":[0,0,0]},"o":{"a":0,"k":100}}]},{"ind":17,"ty":3,"parent":16,"ks":{"a":{"a":1,"k":[{"t":0,"s":[50,0],"i":{"x":[1,1],"y":[1,1]},"o":{"x":[0,0],"y":[0,0]}},{"t":108,"s":[50,0],"i":{"x":[1,0],"y":[1,1]},"o":{"x":[0,0.5],"y":[0,0]}},{"t":168,"s":[50,50],"i":{"x":[1,1],"y":[1,1]},"o":{"x":[0,0],"y":[0,0]}},{"t":180,"s":[50,50],"h":1}]},"p":{"a":0,"k":[50,50]},"r":{"a":0,"k":90}},"ip":0,"op":181,"st":0},{"ind":16,"ty":3,"ks":{"p":{"a":0,"k":[51,50]}},"ip":0,"op":181,"st":0}]},{"id":"23","layers":[{"ind":21,"ty":0,"parent":15,"ks":{"a":{"a":0,"k":[51,50]}},"w":201,"h":150,"ip":0,"op":181,"st":0,"refId":"19"},{"ind":22,"ty":4,"parent":15,"ks":{"o":{"a":1,"k":[{"t":0,"s":[0],"h":1},{"t":168,"s":[0],"h":1},{"t":168,"s":[100],"h":1},{"t":180,"s":[100],"h":1}]}},"ip":0,"op":181,"st":0,"shapes":[{"ty":"rc","p":{"a":0,"k":[55,55]},"r":{"a":0,"k":0},"s":{"a":0,"k":[130,130]}},{"ty":"fl","c":{"a":0,"k":[0,0,0]},"o":{"a":0,"k":100}}]},{"ind":15,"ty":3,"ks":{"p":{"a":0,"k":[51,50]}},"ip":0,"op":181,"st":0}]},{"id":"9","layers":[{"ind":8,"ty":4,"ks":{},"ip":0,"op":181,"st":0,"shapes":[{"ty":"rc","p":{"a":0,"k":[36,36]},"r":{"a":0,"k":0},"s":{"a":0,"k":[72,72]}},{"ty":"fl","c":{"a":0,"k":[0,0,0,0]},"o":{"a":0,"k":0}}]},{"ind":0,"ty":4,"ks":{"s":{"a":0,"k":[133.33,133.33]}},"ip":0,"op":181,"st":0,"shapes":[{"ty":"gr","it":[{"ty":"gr","it":[{"ty":"sh","ks":{"a":0,"k":{"c":true,"i":[[0,0],[0,0],[0,0],[0,0]],"o":[[0,0],[0,0],[0,0],[0,0]],"v":[[25,22.7],[28.45,22.7],[28.45,32.16],[25,32.16]]}}},{"ty":"fl","c":{"a":0,"k":[0,0,0,1]},"o":{"a":0,"k":100}},{"ty":"tr","o":{"a":0,"k":100}}]},{"ty":"gr","it":[{"ty":"sh","ks":{"a":0,"k":{"c":true,"i":[[0,0],[0,0],[0,0],[0,0]],"o":[[0,0],[0,0],[0,0],[0,0]],"v":[[25,33.88],[28.45,33.88],[28.45,37.32],[25,37.32]]}}},{"ty":"fl","c":{"a":0,"k":[0,0,0,1]},"o":{"a":0,"k":100}},{"ty":"tr","o":{"a":0,"k":100}}]},{"ty":"gr","it":[{"ty":"sh","ks":{"a":0,"k":{"c":true,"i":[[0,0],[0,0],[0,0],[0,0]],"o":[[0,0],[0,0],[0,0],[0,0]],"v":[[27,14.1],[41.89,39.9],[12.11,39.9],[27,14.1]]}}},{"ty":"fl","c":{"a":0,"k":[0.97,0.88,0.39,1]},"o":{"a":0,"k":100}},{"ty":"tr","o":{"a":0,"k":100}}]},{"ty":"tr","o":{"a":0,"k":100}}]}]}]},{"id":"12","layers":[{"ind":11,"ty":0,"parent":7,"ks":{},"w":72,"h":72,"ip":0,"op":181,"st":0,"refId":"9"},{"ind":7,"ty":3,"parent":6,"ks":{"s":{"a":0,"k":[138.89,138.89]}},"ip":0,"op":181,"st":0},{"ind":6,"ty":3,"parent":5,"ks":{"a":{"a":0,"k":[50,50]},"p":{"a":0,"k":[50,50]},"s":{"a":1,"k":[{"t":0,"s":[120,120],"i":{"x":[1,1],"y":[1,1]},"o":{"x":[0,0],"y":[0,0]}},{"t":108,"s":[120,120],"i":{"x":[0,0],"y":[1,1]},"o":{"x":[0.5,0.5],"y":[0,0]}},{"t":168,"s":[100,100],"i":{"x":[1,1],"y":[1,1]},"o":{"x":[0,0],"y":[0,0]}},{"t":180,"s":[100,100],"h":1}]}},"ip":0,"op":181,"st":0},{"ind":5,"ty":3,"ks":{"p":{"a":0,"k":[10,10]}},"ip":0,"op":181,"st":0}]},{"id":"26","layers":[{"ind":25,"ty":0,"td":1,"parent":4,"ks":{"a":{"a":0,"k":[51,50]}},"w":252,"h":200,"ip":0,"op":181,"st":0,"refId":"23"},{"ind":14,"ty":0,"tt":1,"parent":4,"ks":{"a":{"a":0,"k":[10,10]}},"w":120,"h":120,"ip":0,"op":181,"st":0,"refId":"12"},{"ind":4,"ty":3,"ks":{"p":{"a":0,"k":[10,10]}},"ip":0,"op":181,"st":0}]},{"id":"99","layers":[{"ind":98,"ty":4,"parent":97,"ks":{},"ip":0,"op":181,"st":0,"shapes":[{"ty":"rc","p":{"a":0,"k":[50,50]},"r":{"a":0,"k":0},"s":{"a":0,"k":[100,100]}},{"ty":"fl","c":{"a":0,"k":[0,0,0]},"o":{"a":0,"k":100}}]},{"ind":97,"ty":3,"ks":{},"ip":0,"op":181,"st":0}]},{"id":"103","layers":[{"ind":101,"ty":0,"parent":96,"ks":{},"w":100,"h":100,"ip":0,"op":181,"st":0,"refId":"99"},{"ind":102,"ty":4,"parent":96,"ks":{"o":{"a":1,"k":[{"t":0,"s":[100],"h":1},{"t":96,"s":[100],"h":1},{"t":96,"s":[0],"h":1},{"t":180,"s":[0],"h":1}]}},"ip":0,"op":181,"st":0,"shapes":[{"ty":"rc","p":{"a":0,"k":[78,78]},"r":{"a":0,"k":0},"s":{"a":0,"k":[200,200]}},{"ty":"fl","c":{"a":0,"k":[0,0,0]},"o":{"a":0,"k":100}}]},{"ind":96,"ty":3,"ks":{"p":{"a":0,"k":[22,22]}},"ip":0,"op":181,"st":0}]},{"id":"86","layers":[{"ind":85,"ty":4,"parent":84,"ks":{},"ip":0,"op":181,"st":0,"shapes":[{"ty":"rc","p":{"a":1,"k":[{"t":0,"s":[70.711,70.711],"i":{"x":[1,1],"y":[1,1]},"o":{"x":[0,0],"y":[0,0]}},{"t":96,"s":[70.711,70.711],"i":{"x":[1,0],"y":[1,1]},"o":{"x":[0,0.5],"y":[0,0]}},{"t":156,"s":[70.711,0],"i":{"x":[1,1],"y":[1,1]},"o":{"x":[0,0],"y":[0,0]}},{"t":180,"s":[70.711,0],"h":1}]},"r":{"a":0,"k":0},"s":{"a":1,"k":[{"t":0,"s":[141.421,141.421],"i":{"x":[1,1],"y":[1,1]},"o":{"x":[0,0],"y":[0,0]}},{"t":96,"s":[141.421,141.421],"i":{"x":[1,0],"y":[1,1]},"o":{"x":[0,0.5],"y":[0,0]}},{"t":156,"s":[141.421,0],"i":{"x":[1,1],"y":[1,1]},"o":{"x":[0,0],"y":[0,0]}},{"t":180,"s":[141.421,0],"h":1}]}},{"ty":"fl","c":{"a":0,"k":[0,0,0]},"o":{"a":0,"k":100}}]},{"ind":84,"ty":3,"parent":83,"ks":{"a":{"a":1,"k":[{"t":0,"s":[70.711,70.711],"i":{"x":[1,1],"y":[1,1]},"o":{"x":[0,0],"y":[0,0]}},{"t":96,"s":[70.711,70.711],"i":{"x":[1,0],"y":[1,1]},"o":{"x":[0,0.5],"y":[0,0]}},{"t":156,"s":[70.711,0],"i":{"x":[1,1],"y":[1,1]},"o":{"x":[0,0],"y":[0,0]}},{"t":180,"s":[70.711,0],"h":1}]},"p":{"a":0,"k":[50,50]},"r":{"a":0,"k":-45}},"ip":0,"op":181,"st":0},{"ind":83,"ty":3,"ks":{"p":{"a":0,"k":[100,100]}},"ip":0,"op":181,"st":0}]},{"id":"90","layers":[{"ind":88,"ty":0,"parent":82,"ks":{"a":{"a":0,"k":[100,100]}},"w":300,"h":300,"ip":0,"op":181,"st":0,"refId":"86"},{"ind":89,"ty":4,"parent":82,"ks":{"o":{"a":1,"k":[{"t":0,"s":[100],"h":1},{"t":96,"s":[100],"h":1},{"t":96,"s":[0],"h":1},{"t":180,"s":[0],"h":1}]}},"ip":0,"op":181,"st":0,"shapes":[{"ty":"rc","p":{"a":0,"k":[67,67]},"r":{"a":0,"k":0},"s":{"a":0,"k":[178,178]}},{"ty":"fl","c":{"a":0,"k":[0,0,0]},"o":{"a":0,"k":100}}]},{"ind":82,"ty":3,"ks":{"p":{"a":0,"k":[100,100]}},"ip":0,"op":181,"st":0}]},{"id":"72","layers":[{"ind":71,"ty":4,"parent":70,"ks":{},"ip":0,"op":181,"st":0,"shapes":[{"ty":"rc","p":{"a":0,"k":[50,50]},"r":{"a":0,"k":0},"s":{"a":0,"k":[100,100]}},{"ty":"fl","c":{"a":0,"k":[0,0,0]},"o":{"a":0,"k":100}}]},{"ind":70,"ty":3,"ks":{},"ip":0,"op":181,"st":0}]},{"id":"76","layers":[{"ind":74,"ty":0,"parent":69,"ks":{},"w":100,"h":100,"ip":0,"op":181,"st":0,"refId":"72"},{"ind":75,"ty":4,"parent":69,"ks":{"o":{"a":1,"k":[{"t":0,"s":[0],"h":1},{"t":60,"s":[0],"h":1},{"t":60,"s":[100],"h":1},{"t":180,"s":[100],"h":1}]}},"ip":0,"op":181,"st":0,"shapes":[{"ty":"rc","p":{"a":0,"k":[55,55]},"r":{"a":0,"k":0},"s":{"a":0,"k":[130,130]}},{"ty":"fl","c":{"a":0,"k":[0,0,0]},"o":{"a":0,"k":100}}]},{"ind":69,"ty":3,"ks":{"p":{"a":0,"k":[10,10]}},"ip":0,"op":181,"st":0}]},{"id":"59","layers":[{"ind":58,"ty":4,"parent":57,"ks":{},"ip":0,"op":181,"st":0,"shapes":[{"ty":"rc","p":{"a":1,"k":[{"t":0,"s":[70.711,0],"i":{"x":[1,0],"y":[1,1]},"o":{"x":[0,0.5],"y":[0,0]}},{"t":60,"s":[70.711,70.711],"i":{"x":[1,1],"y":[1,1]},"o":{"x":[0,0],"y":[0,0]}},{"t":180,"s":[70.711,70.711],"h":1}]},"r":{"a":0,"k":0},"s":{"a":1,"k":[{"t":0,"s":[141.421,0],"i":{"x":[1,0],"y":[1,1]},"o":{"x":[0,0.5],"y":[0,0]}},{"t":60,"s":[141.421,141.421],"i":{"x":[1,1],"y":[1,1]},"o":{"x":[0,0],"y":[0,0]}},{"t":180,"s":[141.421,141.421],"h":1}]}},{"ty":"fl","c":{"a":0,"k":[0,0,0]},"o":{"a":0,"k":100}}]},{"ind":57,"ty":3,"parent":56,"ks":{"a":{"a":1,"k":[{"t":0,"s":[70.711,0],"i":{"x":[1,0],"y":[1,1]},"o":{"x":[0,0.5],"y":[0,0]}},{"t":60,"s":[70.711,70.711],"i":{"x":[1,1],"y":[1,1]},"o":{"x":[0,0],"y":[0,0]}},{"t":180,"s":[70.711,70.711],"h":1}]},"p":{"a":0,"k":[50,50]},"r":{"a":0,"k":-45}},"ip":0,"op":181,"st":0},{"ind":56,"ty":3,"ks":{"p":{"a":0,"k":[100,100]}},"ip":0,"op":181,"st":0}]},{"id":"63","layers":[{"ind":61,"ty":0,"parent":55,"ks":{"a":{"a":0,"k":[100,100]}},"w":300,"h":300,"ip":0,"op":181,"st":0,"refId":"59"},{"ind":62,"ty":4,"parent":55,"ks":{"o":{"a":1,"k":[{"t":0,"s":[0],"h":1},{"t":60,"s":[0],"h":1},{"t":60,"s":[100],"h":1},{"t":180,"s":[100],"h":1}]}},"ip":0,"op":181,"st":0,"shapes":[{"ty":"rc","p":{"a":0,"k":[50,50]},"r":{"a":0,"k":0},"s":{"a":0,"k":[120,120]}},{"ty":"fl","c":{"a":0,"k":[0,0,0]},"o":{"a":0,"k":100}}]},{"ind":55,"ty":3,"ks":{"p":{"a":0,"k":[100,100]}},"ip":0,"op":181,"st":0}]},{"id":"49","layers":[{"ind":48,"ty":4,"ks":{},"ip":0,"op":181,"st":0,"shapes":[{"ty":"rc","p":{"a":0,"k":[36,36]},"r":{"a":0,"k":0},"s":{"a":0,"k":[72,72]}},{"ty":"fl","c":{"a":0,"k":[0,0,0,0]},"o":{"a":0,"k":0}}]},{"ind":0,"ty":4,"ks":{"s":{"a":0,"k":[133.33,133.33]}},"ip":0,"op":181,"st":0,"shapes":[{"ty":"gr","it":[{"ty":"gr","it":[{"ty":"sh","ks":{"a":0,"k":{"c":false,"i":[[0,0],[0,0],[0,0],[0,0],[0,0],[0,0],[0,1.01],[0,0],[0,0]],"o":[[0,0],[0,0],[0,0],[0,0],[0,0],[1.01,0],[0,0],[0,0],[0,0]],"v":[[53.25,20.54],[53.25,40.78],[40.78,53.25],[6.91,53.25],[20.35,39.81],[38.24,39.81],[40.07,37.98],[40.07,20.53],[53.25,20.53]]}}},{"ty":"sh","ks":{"a":0,"k":{"c":true,"i":[[0,0],[0,0],[0,0],[0.6,0],[0,0],[0,0],[0,0],[0,0]],"o":[[0,0],[0,0],[0,0.6],[0,0],[0,0],[0,0],[0,0],[0,0]],"v":[[54,19.79],[39.32,19.79],[39.32,37.99],[38.24,39.07],[20.04,39.07],[5.09,54.01],[41.09,54.01],[54,41.09]]}}},{"ty":"fl","c":{"a":0,"k":[1,1,1,1]},"o":{"a":0,"k":100}},{"ty":"tr","o":{"a":0,"k":100}}]},{"ty":"gr","it":[{"ty":"sh","ks":{"a":0,"k":{"c":false,"i":[[0,0],[0,0],[0,0],[0,-1.01],[0,0],[0,0],[0,0],[0,0],[0,0]],"o":[[0,0],[0,0],[-1.01,0],[0,0],[0,0],[0,0],[0,0],[0,0],[0,0]],"v":[[47.09,0.75],[34.16,13.69],[15.77,13.69],[13.94,15.52],[13.94,33.42],[0.75,33.42],[0.75,13.23],[13.22,0.75],[47.09,0.75]]}}},{"ty":"sh","ks":{"a":0,"k":{"c":true,"i":[[0,0],[0,0],[0,0],[0,0],[0,0],[0,0],[-0.6,0],[0,0]],"o":[[0,0],[0,0],[0,0],[0,0],[0,0],[0,-0.6],[0,0],[0,0]],"v":[[48.91,0],[12.91,0],[0,12.91],[0,34.16],[14.68,34.16],[14.68,15.51],[15.76,14.43],[34.46,14.43]]}}},{"ty":"fl","c":{"a":0,"k":[1,1,1,1]},"o":{"a":0,"k":100}},{"ty":"tr","o":{"a":0,"k":100}}]},{"ty":"tr","o":{"a":0,"k":100}}]}]}]},{"id":"52","layers":[{"ind":51,"ty":0,"parent":47,"ks":{},"w":72,"h":72,"ip":0,"op":181,"st":0,"refId":"49"},{"ind":47,"ty":3,"ks":{"s":{"a":0,"k":[138.89,138.89]}},"ip":0,"op":181,"st":0}]},{"id":"66","layers":[{"ind":65,"ty":0,"td":1,"parent":46,"ks":{"a":{"a":0,"k":[100,100]}},"w":400,"h":400,"ip":0,"op":181,"st":0,"refId":"63"},{"ind":54,"ty":0,"tt":1,"parent":46,"ks":{"a":{"a":0,"k":[50,50]},"o":{"a":0,"k":30},"p":{"a":0,"k":[50,50]},"s":{"a":1,"k":[{"t":0,"s":[120,120],"i":{"x":[0,0],"y":[1,1]},"o":{"x":[0.5,0.5],"y":[0,0]}},{"t":60,"s":[100,100],"i":{"x":[1,1],"y":[1,1]},"o":{"x":[0,0],"y":[0,0]}},{"t":180,"s":[100,100],"h":1}]}},"w":100,"h":100,"ip":0,"op":181,"st":0,"refId":"52"},{"ind":46,"ty":3,"parent":45,"ks":{},"ip":0,"op":181,"st":0},{"ind":45,"ty":3,"ks":{"p":{"a":0,"k":[10,10]}},"ip":0,"op":181,"st":0}]},{"id":"79","layers":[{"ind":78,"ty":0,"td":1,"parent":44,"ks":{"a":{"a":0,"k":[10,10]}},"w":130,"h":130,"ip":0,"op":181,"st":0,"refId":"76"},{"ind":68,"ty":0,"tt":1,"parent":44,"ks":{"a":{"a":0,"k":[10,10]}},"w":120,"h":120,"ip":0,"op":181,"st":0,"refId":"66"},{"ind":44,"ty":3,"parent":43,"ks":{"a":{"a":0,"k":[50,50]},"p":{"a":0,"k":[50,50]},"s":{"a":1,"k":[{"t":0,"s":[100,100],"i":{"x":[1,1],"y":[1,1]},"o":{"x":[0,0],"y":[0,0]}},{"t":96,"s":[100,100],"i":{"x":[0,0],"y":[1,1]},"o":{"x":[0.5,0.5],"y":[0,0]}},{"t":156,"s":[120,120],"i":{"x":[1,1],"y":[1,1]},"o":{"x":[0,0],"y":[0,0]}},{"t":180,"s":[120,120],"h":1}]}},"ip":0,"op":181,"st":0},{"ind":43,"ty":3,"ks":{"p":{"a":0,"k":[22,22]}},"ip":0,"op":181,"st":0}]},{"id":"93","layers":[{"ind":92,"ty":0,"td":1,"parent":42,"ks":{"a":{"a":0,"k":[100,100]}},"w":400,"h":400,"ip":0,"op":181,"st":0,"refId":"90"},{"ind":81,"ty":0,"tt":1,"parent":42,"ks":{"a":{"a":0,"k":[22,22]}},"w":156,"h":156,"ip":0,"op":181,"st":0,"refId":"79"},{"ind":42,"ty":3,"ks":{"p":{"a":0,"k":[22,22]}},"ip":0,"op":181,"st":0}]},{"id":"106","layers":[{"ind":105,"ty":0,"td":1,"parent":41,"ks":{"a":{"a":0,"k":[22,22]}},"w":200,"h":200,"ip":0,"op":181,"st":0,"refId":"103"},{"ind":95,"ty":0,"tt":1,"parent":41,"ks":{"a":{"a":0,"k":[22,22]},"o":{"a":1,"k":[{"t":0,"s":[100],"h":1},{"t":156,"s":[100],"h":1},{"t":156,"s":[0],"h":1},{"t":180,"s":[0],"h":1}]}},"w":178,"h":178,"ip":0,"op":181,"st":0,"refId":"93"},{"ind":41,"ty":3,"ks":{"p":{"a":0,"k":[22,22]}},"ip":0,"op":181,"st":0}]},{"id":"110","layers":[{"ind":108,"ty":0,"ks":{"a":{"a":0,"k":[22,22]},"p":{"a":0,"k":[42,42]}},"w":200,"h":200,"ip":0,"op":181,"st":0,"refId":"106"},{"ind":109,"ty":4,"ks":{},"ip":0,"op":181,"st":0,"shapes":[{"ty":"rc","p":{"a":0,"k":[131,131]},"r":{"a":0,"k":0},"s":{"a":0,"k":[262,262]}},{"ty":"fl","c":{"a":0,"k":[0,0,0,0]},"o":{"a":0,"k":0}}]}]},{"id":"113","layers":[{"ind":112,"ty":0,"parent":40,"ks":{"p":{"a":0,"k":[-42,-42]}},"ef":[{"ty":29,"ef":[{"ty":0,"nm":"","v":{"a":1,"k":[{"t":0,"s":[33.33],"i":{"x":0.174,"y":0.759},"o":{"x":0.011,"y":0.227}},{"t":30,"s":[3.67],"i":{"x":0.722,"y":1},"o":{"x":0.35,"y":0.828}},{"t":60,"s":[0],"h":1},{"t":180,"s":[0],"h":1}]}},{"ty":7,"nm":"","v":{"a":0,"k":1}},{"ty":7,"nm":"","v":{"a":0,"k":0}}]}],"w":262,"h":262,"ip":0,"op":181,"st":0,"refId":"110"},{"ind":40,"ty":3,"ks":{"p":{"a":0,"k":[42,42]}},"ip":0,"op":181,"st":0}]},{"id":"121","layers":[{"ind":120,"ty":4,"ks":{},"ip":0,"op":181,"st":0,"shapes":[{"ty":"rc","p":{"a":0,"k":[36,36]},"r":{"a":0,"k":0},"s":{"a":0,"k":[72,72]}},{"ty":"fl","c":{"a":0,"k":[0,0,0,0]},"o":{"a":0,"k":0}}]},{"ind":0,"ty":4,"ks":{"s":{"a":0,"k":[133.33,133.33]}},"ip":0,"op":181,"st":0,"shapes":[{"ty":"gr","it":[{"ty":"gr","it":[{"ty":"sh","ks":{"a":0,"k":{"c":true,"i":[[0,0],[0,0],[0,-2.81],[0,0],[3.47,0],[0,0],[0,2.81],[0,0],[-3.47,0]],"o":[[0,0],[3.47,0],[0,0],[0,3.47],[0,0],[-3.47,0],[0,0],[0,-3.47],[0,0]],"v":[[27,20.72],[27.01,20.72],[33.29,27],[33.29,27.01],[27.01,33.29],[27,33.29],[20.72,27.01],[20.72,27],[27,20.72]]}}},{"ty":"fl","c":{"a":0,"k":[1,1,1,1]},"o":{"a":0,"k":100}},{"ty":"tr","o":{"a":0,"k":100}}]},{"ty":"tr","o":{"a":0,"k":100}}]}]}]},{"id":"124","layers":[{"ind":123,"ty":0,"parent":119,"ks":{},"w":72,"h":72,"ip":0,"op":181,"st":0,"refId":"121"},{"ind":119,"ty":3,"ks":{"s":{"a":0,"k":[138.89,138.89]}},"ip":0,"op":181,"st":0}]},{"id":"128","layers":[{"ind":126,"ty":0,"ks":{"o":{"a":1,"k":[{"t":0,"s":[0],"i":{"x":1,"y":1},"o":{"x":0,"y":0}},{"t":48,"s":[100],"h":1},{"t":180,"s":[100],"h":1}]},"p":{"a":0,"k":[20,20]}},"w":100,"h":100,"ip":0,"op":181,"st":0,"refId":"124"},{"ind":127,"ty":4,"ks":{},"ip":0,"op":181,"st":0,"shapes":[{"ty":"rc","p":{"a":0,"k":[70,70]},"r":{"a":0,"k":0},"s":{"a":0,"k":[140,140]}},{"ty":"fl","c":{"a":0,"k":[0,0,0,0]},"o":{"a":0,"k":0}}]}]},{"id":"131","layers":[{"ind":130,"ty":0,"parent":118,"ks":{"p":{"a":0,"k":[-20,-20]}},"ef":[{"ty":29,"ef":[{"ty":0,"nm":"","v":{"a":1,"k":[{"t":0,"s":[33.33],"i":{"x":0.174,"y":0.759},"o":{"x":0.011,"y":0.227}},{"t":48,"s":[3.67],"i":{"x":0.722,"y":1},"o":{"x":0.35,"y":0.828}},{"t":96,"s":[0],"h":1},{"t":180,"s":[0],"h":1}]}},{"ty":7,"nm":"","v":{"a":0,"k":1}},{"ty":7,"nm":"","v":{"a":0,"k":0}}]}],"w":140,"h":140,"ip":0,"op":181,"st":0,"refId":"128"},{"ind":118,"ty":3,"ks":{"p":{"a":0,"k":[21,21]}},"ip":0,"op":181,"st":0}]},{"id":"134","layers":[{"ind":133,"ty":0,"parent":117,"ks":{"a":{"a":0,"k":[21,21]},"o":{"a":1,"k":[{"t":0,"s":[0],"i":{"x":0,"y":1},"o":{"x":0,"y":0}},{"t":96,"s":[100],"h":1},{"t":180,"s":[100],"h":1}]}},"w":141,"h":141,"ip":0,"op":181,"st":0,"refId":"131"},{"ind":117,"ty":3,"ks":{"p":{"a":0,"k":[21,21]}},"ip":0,"op":181,"st":0}]},{"id":"166","layers":[{"ind":165,"ty":4,"parent":164,"ks":{},"ip":0,"op":181,"st":0,"shapes":[{"ty":"rc","p":{"a":0,"k":[50,50]},"r":{"a":0,"k":0},"s":{"a":0,"k":[100,100]}},{"ty":"fl","c":{"a":0,"k":[0,0,0]},"o":{"a":0,"k":100}}]},{"ind":164,"ty":3,"ks":{},"ip":0,"op":181,"st":0}]},{"id":"170","layers":[{"ind":168,"ty":0,"parent":163,"ks":{},"w":100,"h":100,"ip":0,"op":181,"st":0,"refId":"166"},{"ind":169,"ty":4,"parent":163,"ks":{"o":{"a":1,"k":[{"t":0,"s":[0],"h":1},{"t":156,"s":[0],"h":1},{"t":156,"s":[100],"h":1},{"t":180,"s":[100],"h":1}]}},"ip":0,"op":181,"st":0,"shapes":[{"ty":"rc","p":{"a":0,"k":[60,60]},"r":{"a":0,"k":0},"s":{"a":0,"k":[140,140]}},{"ty":"fl","c":{"a":0,"k":[0,0,0]},"o":{"a":0,"k":100}}]},{"ind":163,"ty":3,"ks":{"p":{"a":0,"k":[10,10]}},"ip":0,"op":181,"st":0}]},{"id":"153","layers":[{"ind":152,"ty":4,"parent":151,"ks":{},"ip":0,"op":181,"st":0,"shapes":[{"ty":"rc","p":{"a":1,"k":[{"t":0,"s":[70.711,0],"i":{"x":[1,1],"y":[1,1]},"o":{"x":[0,0],"y":[0,0]}},{"t":96,"s":[70.711,0],"i":{"x":[1,0],"y":[1,1]},"o":{"x":[0,0.5],"y":[0,0]}},{"t":156,"s":[70.711,70.711],"i":{"x":[1,1],"y":[1,1]},"o":{"x":[0,0],"y":[0,0]}},{"t":180,"s":[70.711,70.711],"h":1}]},"r":{"a":0,"k":0},"s":{"a":1,"k":[{"t":0,"s":[141.421,0],"i":{"x":[1,1],"y":[1,1]},"o":{"x":[0,0],"y":[0,0]}},{"t":96,"s":[141.421,0],"i":{"x":[1,0],"y":[1,1]},"o":{"x":[0,0.5],"y":[0,0]}},{"t":156,"s":[141.421,141.421],"i":{"x":[1,1],"y":[1,1]},"o":{"x":[0,0],"y":[0,0]}},{"t":180,"s":[141.421,141.421],"h":1}]}},{"ty":"fl","c":{"a":0,"k":[0,0,0]},"o":{"a":0,"k":100}}]},{"ind":151,"ty":3,"parent":150,"ks":{"a":{"a":1,"k":[{"t":0,"s":[70.711,0],"i":{"x":[1,1],"y":[1,1]},"o":{"x":[0,0],"y":[0,0]}},{"t":96,"s":[70.711,0],"i":{"x":[1,0],"y":[1,1]},"o":{"x":[0,0.5],"y":[0,0]}},{"t":156,"s":[70.711,70.711],"i":{"x":[1,1],"y":[1,1]},"o":{"x":[0,0],"y":[0,0]}},{"t":180,"s":[70.711,70.711],"h":1}]},"p":{"a":0,"k":[50,50]},"r":{"a":0,"k":-45}},"ip":0,"op":181,"st":0},{"ind":150,"ty":3,"ks":{"p":{"a":0,"k":[100,100]}},"ip":0,"op":181,"st":0}]},{"id":"157","layers":[{"ind":155,"ty":0,"parent":149,"ks":{"a":{"a":0,"k":[100,100]}},"w":300,"h":300,"ip":0,"op":181,"st":0,"refId":"153"},{"ind":156,"ty":4,"parent":149,"ks":{"o":{"a":1,"k":[{"t":0,"s":[0],"h":1},{"t":156,"s":[0],"h":1},{"t":156,"s":[100],"h":1},{"t":180,"s":[100],"h":1}]}},"ip":0,"op":181,"st":0,"shapes":[{"ty":"rc","p":{"a":0,"k":[55,55]},"r":{"a":0,"k":0},"s":{"a":0,"k":[130,130]}},{"ty":"fl","c":{"a":0,"k":[0,0,0]},"o":{"a":0,"k":100}}]},{"ind":149,"ty":3,"ks":{"p":{"a":0,"k":[100,100]}},"ip":0,"op":181,"st":0}]},{"id":"143","layers":[{"ind":142,"ty":4,"ks":{},"ip":0,"op":181,"st":0,"shapes":[{"ty":"rc","p":{"a":0,"k":[36,36]},"r":{"a":0,"k":0},"s":{"a":0,"k":[72,72]}},{"ty":"fl","c":{"a":0,"k":[0,0,0,0]},"o":{"a":0,"k":0}}]},{"ind":0,"ty":4,"ks":{"s":{"a":0,"k":[133.33,133.33]}},"ip":0,"op":181,"st":0,"shapes":[{"ty":"gr","it":[{"ty":"gr","it":[{"ty":"sh","ks":{"a":0,"k":{"c":true,"i":[[0,0],[0,0],[0,0],[0,0],[0,0],[0,0]],"o":[[0,0],[0,0],[0,0],[0,0],[0,0],[0,0]],"v":[[12.91,0],[0,12.91],[0,54],[41.09,54],[54,41.09],[54,0]]}}},{"ty":"fl","c":{"a":0,"k":[1,1,1,1]},"o":{"a":0,"k":100}},{"ty":"tr","o":{"a":0,"k":100}}]},{"ty":"tr","o":{"a":0,"k":100}}]}]}]},{"id":"146","layers":[{"ind":145,"ty":0,"parent":141,"ks":{},"w":72,"h":72,"ip":0,"op":181,"st":0,"refId":"143"},{"ind":141,"ty":3,"parent":140,"ks":{"s":{"a":0,"k":[138.89,138.89]}},"ip":0,"op":181,"st":0},{"ind":140,"ty":3,"parent":139,"ks":{"a":{"a":0,"k":[50,50]},"p":{"a":0,"k":[50,50]},"s":{"a":1,"k":[{"t":0,"s":[120,120],"i":{"x":[1,1],"y":[1,1]},"o":{"x":[0,0],"y":[0,0]}},{"t":96,"s":[120,120],"i":{"x":[0,0],"y":[1,1]},"o":{"x":[0.5,0.5],"y":[0,0]}},{"t":156,"s":[100,100],"i":{"x":[1,1],"y":[1,1]},"o":{"x":[0,0],"y":[0,0]}},{"t":180,"s":[100,100],"h":1}]}},"ip":0,"op":181,"st":0},{"ind":139,"ty":3,"ks":{"p":{"a":0,"k":[10,10]}},"ip":0,"op":181,"st":0}]},{"id":"160","layers":[{"ind":159,"ty":0,"td":1,"parent":138,"ks":{"a":{"a":0,"k":[100,100]}},"w":400,"h":400,"ip":0,"op":181,"st":0,"refId":"157"},{"ind":148,"ty":0,"tt":1,"parent":138,"ks":{"a":{"a":0,"k":[10,10]}},"w":120,"h":120,"ip":0,"op":181,"st":0,"refId":"146"},{"ind":138,"ty":3,"ks":{"p":{"a":0,"k":[10,10]}},"ip":0,"op":181,"st":0}]}],"fr":60,"h":514,"ip":0,"layers":[{"ind":38,"ty":0,"td":1,"parent":3,"ks":{"a":{"a":0,"k":[10,10]}},"w":140,"h":140,"ip":0,"op":181,"st":0,"refId":"36"},{"ind":28,"ty":0,"tt":1,"parent":3,"ks":{"a":{"a":0,"k":[10,10]},"o":{"a":1,"k":[{"t":0,"s":[0],"h":1},{"t":108,"s":[0],"h":1},{"t":108,"s":[100],"h":1},{"t":180,"s":[100],"h":1}]}},"w":130,"h":130,"ip":0,"op":181,"st":0,"refId":"26"},{"ind":3,"ty":3,"parent":2,"ks":{},"ip":0,"op":181,"st":0},{"ind":115,"ty":0,"parent":39,"ks":{"a":{"a":0,"k":[42,42]},"o":{"a":1,"k":[{"t":0,"s":[0],"i":{"x":0,"y":1},"o":{"x":0,"y":0}},{"t":60,"s":[100],"h":1},{"t":180,"s":[100],"h":1}]}},"w":262,"h":262,"ip":0,"op":181,"st":0,"refId":"113"},{"ind":39,"ty":3,"parent":2,"ks":{},"ip":0,"op":181,"st":0},{"ind":136,"ty":0,"parent":116,"ks":{"a":{"a":0,"k":[21,21]},"o":{"a":1,"k":[{"t":0,"s":[100],"h":1},{"t":48,"s":[100],"i":{"x":1,"y":1},"o":{"x":0,"y":0}},{"t":96,"s":[0],"h":1},{"t":180,"s":[0],"h":1}]}},"w":162,"h":162,"ip":0,"op":181,"st":0,"refId":"134"},{"ind":116,"ty":3,"parent":2,"ks":{},"ip":0,"op":181,"st":0},{"ind":172,"ty":0,"td":1,"parent":137,"ks":{"a":{"a":0,"k":[10,10]}},"w":140,"h":140,"ip":0,"op":181,"st":0,"refId":"170"},{"ind":162,"ty":0,"tt":1,"parent":137,"ks":{"a":{"a":0,"k":[10,10]},"o":{"a":1,"k":[{"t":0,"s":[0],"h":1},{"t":96,"s":[0],"h":1},{"t":96,"s":[100],"h":1},{"t":180,"s":[100],"h":1}]}},"w":130,"h":130,"ip":0,"op":181,"st":0,"refId":"160"},{"ind":137,"ty":3,"parent":2,"ks":{},"ip":0,"op":181,"st":0},{"ind":2,"ty":3,"parent":1,"ks":{"p":{"a":0,"k":[147,207]}},"ip":0,"op":181,"st":0},{"ind":1,"ty":3,"parent":0,"ks":{},"ip":0,"op":181,"st":0},{"ind":173,"ty":4,"parent":0,"ks":{},"ip":0,"op":181,"st":0,"shapes":[{"ty":"rc","p":{"a":0,"k":[196.5,257]},"r":{"a":0,"k":0},"s":{"a":0,"k":[393,514]}},{"ty":"fl","c":{"a":0,"k":[0,0,0]},"o":{"a":0,"k":100}}]},{"ind":0,"ty":3,"ks":{},"ip":0,"op":181,"st":0}],"meta":{"g":"https://jitter.video"},"op":180,"v":"5.7.4","w":393}