id,code,name,description
,BOS,Boston Office Products,List of products that is standard for this office
,PROV,Providence Office Products,List of products that is standard for this office
,PORT,Portland Office Products,List of products that is standard for this office
,NEW,Newark Office Products,List of products that is standard for this office
,CHIC,Chicago Office Products,List of products that is standard for this office
,CED,Cedar Rapids Office Products,List of products that is standard for this office
,DES,Des Moines Office Products,List of products that is standard for this office
,ANN,Ann Arbor Office Products,List of products that is standard for this office
