Id,ProductId,UserId,ProfileName,HelpfulnessNumerator,HelpfulnessDenominator,Score,Time,Summary,Text
1,B001E4KFG0,A3SGXH7AUHU8GW,delmartian,1,1,5,1303862400,Good Quality Dog Food,I have bought several of the Vitality canned dog food products and have found them all to be of good quality. The product looks more like a stew than a processed meat and it smells better. My Labrador is finicky and she appreciates this product better than  most.
2,B00813GRG4,A1D87F6ZCVE5NK,dll pa,0,0,1,1346976000,Not as Advertised,"Product arrived labeled as Jumbo Salted Peanuts...the peanuts were actually small sized unsalted. Not sure if this was an error or if the vendor intended to represent the product as ""Jumbo""."
3,B000LQOCH0,ABXLMWJIXXAIN,"Natalia Corres ""Natalia Corres""",1,1,4,1219017600,"""Delight"" says it all","This is a confection that has been around a few centuries.  It is a light, pillowy citrus gelatin with nuts - in this case Filberts. And it is cut into tiny squares and then liberally coated with powdered sugar.  And it is a tiny mouthful of heaven.  Not too chewy, and very flavorful.  I highly recommend this yummy treat.  If you are familiar with the story of C.S. Lewis' ""The Lion, The Witch, and The Wardrobe"" - this is the treat that seduces Edmund into selling out his Brother and Sisters to the Witch."
4,B000UA0QIQ,A395BORC6FGVXV,Karl,3,3,2,1307923200,Cough Medicine,If you are looking for the secret ingredient in Robitussin I believe I have found it.  I got this in addition to the Root Beer Extract I ordered (which was good) and made some cherry soda.  The flavor is very medicinal.
5,B006K2ZZ7K,A1UQRSCLF8GW1T,"Michael D. Bigham ""M. Wassir""",0,0,5,1350777600,Great taffy,If you are looking for the secret ingredient in Robitussin I believe I have found it.  I got this in addition to the Root Beer Extract I ordered (which was good) and made some cherry soda.  The flavor is very medicinal.
