<?xml version="1.0" encoding="ISO-8859-1"?>
<project xmlns="http://maven.apache.org/DECORATION/1.8.0" xmlns:xsi="http://www.w3.org/2001/XMLSchema-instance"
  xsi:schemaLocation="http://maven.apache.org/DECORATION/1.8.0 https://maven.apache.org/xsd/decoration-1.8.0.xsd"
      name="LangGraph4j::Core">

    <skin>
        <groupId>org.apache.maven.skins</groupId>
        <artifactId>maven-fluido-skin</artifactId>
        <version>2.0.0-M11</version>
    </skin>
    <custom>
        <fluidoSkin>
            <sideBarEnabled>true</sideBarEnabled>
        </fluidoSkin>
    </custom>
    <!--
    <bannerLeft>
        <src>langgraph4j.png</src>
        <href>/</href>
        <name>langgraph4j</name>
    </bannerLeft>
    <bannerRight>
        <src>langgraph4j.png</src>
    </bannerRight>
    -->

    <body>

        <head>
            <!--
            Workaround by https://shred.zone/cilla/page/431/fluido-skin-and-markdown-syntax-highlighting.html
            -->
            <![CDATA[<script type="text/javascript">
                    $(document).ready(function () {
                        $(".language-java").addClass("prettyprint");
                        prettyPrint();
                    });
            </script>]]>
        </head>

        <menu name="Project">
            <item name="Overview" href="index.html">
                <item name="Streaming" href="concepts/streaming.html"/>
                <item name="Subgraphs" href="concepts/subgraph.html"/>
            </item>
            <item name="Summary" href="summary.html"/>
            <item name="Dependencies" href="dependencies.html"/>
        </menu>

<!-- 
        <menu name="Conceptual Guides">
            <item name="Overview" href="concepts/index.html"/>
            <item name="Low Level Concepts" href="concepts/low_level.html"/>
            <item name="FAQ" href="concepts/faq.html"/>
        </menu>
 -->
        <menu name="Reference">
            <item name="javadoc" href="apidocs/index.html"/>
        </menu>
    </body>
</project>
