{"frameRate":24,"name":"mecha_1406","version":"5.5","compatibleVersion":"5.5","armature":[{"type":"Armature","frameRate":24,"name":"mecha_1406","aabb":{"x":-88.16,"y":-213.5,"width":247.6,"height":238.68},"bone":[{"inheritScale":false,"length":20,"name":"root"},{"inheritScale":false,"length":33,"name":"pelvis","parent":"root","transform":{"x":-5.872,"y":-103.685,"skX":-90.6854,"skY":-90.6854}},{"inheritScale":false,"length":20,"name":"foot_l","parent":"root","transform":{"x":71.808,"y":-31.055,"skX":90,"skY":90,"scX":0.9955}},{"inheritScale":false,"length":20,"name":"foot_r","parent":"root","transform":{"x":-47.192,"y":-13.285,"skX":90,"skY":90,"scX":0.9955}},{"length":50,"name":"thigh_l","parent":"root","transform":{"x":0.678,"y":-112.465,"skX":16.0827,"skY":16.0827,"scX":1.005,"scY":0.9973}},{"length":52,"name":"thigh_r","parent":"root","transform":{"x":-12.662,"y":-94.655,"skX":85.252,"skY":85.252,"scX":0.9871,"scY":0.9993}},{"length":20,"name":"thigh_l_ik","parent":"foot_l","transform":{"x":-47.3294,"y":-24.2379,"skX":-90,"skY":-90,"scY":1.0045}},{"inheritScale":false,"length":22,"name":"chest","parent":"pelvis","transform":{"x":33.1,"skX":-41.0313,"skY":-40.7755,"scX":1.0022,"scY":1.0008}},{"inheritScale":false,"length":41,"name":"thigh_1_l","parent":"thigh_l","transform":{"x":50.86,"skX":91.3529,"skY":91.3591,"scX":0.9912,"scY":0.9971}},{"inheritScale":false,"length":43,"name":"thigh_1_r","parent":"thigh_r","transform":{"x":52.23,"y":-0.03,"skX":113.5008,"skY":113.503,"scX":1.004,"scY":0.9969}},{"length":20,"name":"thigh_r_ik","parent":"foot_r","transform":{"x":0.9127,"y":-39.8426,"skX":-90,"skY":-90,"scY":1.0045}},{"inheritScale":false,"length":44,"name":"calf_r","parent":"thigh_1_r","transform":{"x":43.98,"y":-0.02,"skX":-112.6745,"skY":-112.6734,"scX":0.9987,"scY":0.9995}},{"inheritScale":false,"length":30,"name":"shouder_l","parent":"chest","transform":{"x":21.35,"y":18.86,"skX":128.5246,"skY":128.5246,"scX":0.9937,"scY":0.9996}},{"inheritScale":false,"length":30,"name":"shouder_r","parent":"chest","transform":{"x":15.21,"y":-20.7,"skX":128.5246,"skY":128.5246,"scX":0.9937,"scY":0.9996}},{"inheritScale":false,"length":93,"name":"weapon","parent":"chest","transform":{"x":29.47,"y":1.86,"skX":118.5103,"skY":118.5103,"scX":0.994,"scY":0.9994}},{"inheritScale":false,"length":43,"name":"calf_l","parent":"thigh_1_l","transform":{"x":41.83,"y":0.03,"skX":-68.6325,"skY":-68.639,"scX":1.0193,"scY":0.9952}},{"inheritScale":false,"length":100,"name":"weapon_1","parent":"weapon","transform":{"x":93.18,"y":-0.01,"skX":12.1013,"skY":12.1013,"scX":0.9937,"scY":0.9996}}],"slot":[{"name":"shouder_l","parent":"shouder_l"},{"name":"foot_l","parent":"foot_l"},{"name":"thigh_1_l","parent":"thigh_1_l"},{"name":"calf_l","parent":"calf_l"},{"name":"thigh_l","parent":"thigh_l"},{"name":"chest","parent":"chest"},{"name":"foot_r","parent":"foot_r"},{"name":"thigh_1_r","parent":"thigh_1_r"},{"name":"calf_r","parent":"calf_r"},{"name":"thigh_r","parent":"thigh_r"},{"name":"weapon_1","parent":"weapon_1"},{"name":"weapon","parent":"weapon"},{"name":"shouder_r","parent":"shouder_r"}],"ik":[{"name":"bone_ik1","bone":"thigh_l","target":"thigh_l_ik"},{"name":"bone_ik","bone":"thigh_r","target":"thigh_r_ik"},{"bendPositive":false,"chain":1,"name":"calf_l","bone":"calf_l","target":"foot_l"},{"bendPositive":false,"chain":1,"name":"calf_r","bone":"calf_r","target":"foot_r"}],"skin":[{"name":"","slot":[{"name":"foot_l","display":[{"name":"mecha_1406_folder/textures/foot_l_0","transform":{"x":7.5,"y":3,"skX":-4,"skY":-4}}]},{"name":"calf_l","display":[{"name":"mecha_1406_folder/calf_l","transform":{"x":12.95,"y":-0.05,"skX":-0.14,"skY":-0.14}}]},{"name":"shouder_r","display":[{"name":"mecha_1406_folder/shouder_r","transform":{"x":-3.55,"y":-8}}]},{"name":"chest","display":[{"name":"mecha_1406_folder/chest","transform":{"x":9.1,"y":2.85,"skX":35.9,"skY":35.9}}]},{"name":"thigh_l","display":[{"name":"mecha_1406_folder/thigh_l","transform":{"x":17.5,"y":-2.95}}]},{"name":"thigh_1_r","display":[{"name":"mecha_1406_folder/textures/thigh_1_r_1","transform":{"x":22.05,"y":1.6,"skX":0.09,"skY":0.09}}]},{"name":"thigh_r","display":[{"name":"mecha_1406_folder/thigh_r","transform":{"x":18.45,"y":-2,"skX":0.06,"skY":0.06}}]},{"name":"weapon_1","display":[{"name":"mecha_1406_folder/weapon_1","transform":{"x":45.5,"y":0.05}}]},{"name":"weapon","display":[{"name":"mecha_1406_folder/weapon","transform":{"x":26.8,"y":-15.3,"skX":12.03,"skY":12.03}}]},{"name":"thigh_1_l","display":[{"name":"mecha_1406_folder/textures/thigh_1_l_0","transform":{"x":20.95,"y":-0.6,"skX":-0.35,"skY":-0.35}}]},{"name":"foot_r","display":[{"name":"mecha_1406_folder/foot_r","transform":{"x":8,"y":2.5,"skX":-4,"skY":-4}}]},{"name":"shouder_l","display":[{"name":"mecha_1406_folder/shouder_l","transform":{"x":-3.45,"y":-5.5}}]},{"name":"calf_r","display":[{"name":"mecha_1406_folder/calf_r","transform":{"x":13.5,"y":1.55,"skX":0.23,"skY":0.23}}]}]}],"animation":[{"duration":60,"playTimes":0,"fadeInTime":0.2,"name":"idle","bone":[{"name":"shouder_l","translateFrame":[{"duration":30,"tweenEasing":0},{"duration":4,"tweenEasing":0,"x":1.41,"y":1.02},{"duration":26,"tweenEasing":0,"x":1.69,"y":1.24},{"duration":0}],"rotateFrame":[{"duration":30,"tweenEasing":0},{"duration":4,"tweenEasing":0,"rotate":0.76},{"duration":26,"tweenEasing":0,"rotate":1.07},{"duration":0}]},{"name":"thigh_l","translateFrame":[{"duration":30,"tweenEasing":0},{"duration":30,"tweenEasing":0,"x":-0.04,"y":-3},{"duration":0}]},{"name":"chest","translateFrame":[{"duration":30,"tweenEasing":0},{"duration":30,"tweenEasing":0,"x":3.05},{"duration":0}],"rotateFrame":[{"duration":30,"tweenEasing":0},{"duration":30,"tweenEasing":0,"rotate":0.5},{"duration":0}]},{"name":"thigh_r","translateFrame":[{"duration":30,"tweenEasing":0},{"duration":30,"tweenEasing":0,"x":-0.04,"y":-3.1},{"duration":0}]},{"name":"weapon_1","translateFrame":[{"duration":30,"tweenEasing":0},{"duration":30,"tweenEasing":0,"x":-0.09,"y":0.02},{"duration":0}],"rotateFrame":[{"duration":30,"tweenEasing":0},{"duration":30,"tweenEasing":0,"rotate":-0.01},{"duration":0}]},{"name":"weapon","translateFrame":[{"duration":30,"tweenEasing":0},{"duration":30,"tweenEasing":0,"x":0.05,"y":-0.02},{"duration":0}],"rotateFrame":[{"duration":30,"tweenEasing":0},{"duration":30,"tweenEasing":0,"rotate":0.76},{"duration":0}]},{"name":"shouder_r","translateFrame":[{"duration":30,"tweenEasing":0},{"duration":4,"tweenEasing":0,"x":1.28,"y":1.19},{"duration":26,"tweenEasing":0,"x":1.6,"y":1.41},{"duration":0}],"rotateFrame":[{"duration":30,"tweenEasing":0},{"duration":4,"tweenEasing":0,"rotate":0.76},{"duration":26,"tweenEasing":0,"rotate":1.07},{"duration":0}]}]},{"duration":30,"playTimes":0,"fadeInTime":0.2,"name":"walk","bone":[{"name":"pelvis","translateFrame":[{"duration":4,"tweenEasing":0,"x":-4.69,"y":-15.64},{"duration":3,"tweenEasing":0,"x":-3.59,"y":-11.66},{"duration":8,"tweenEasing":0,"x":-3.19,"y":-20.11},{"duration":4,"tweenEasing":0,"x":-4.69,"y":-15.64},{"duration":3,"tweenEasing":0,"x":-6.24,"y":-7.68},{"duration":8,"tweenEasing":0,"x":-6.32,"y":-14.38},{"duration":0,"x":-4.69,"y":-15.64}],"rotateFrame":[{"duration":4,"tweenEasing":0,"rotate":8.76},{"duration":3,"tweenEasing":0,"rotate":8.5},{"duration":8,"tweenEasing":0,"rotate":8.76},{"duration":4,"tweenEasing":0,"rotate":9.01},{"duration":3,"tweenEasing":0,"rotate":9.26},{"duration":8,"tweenEasing":0,"rotate":9.51},{"duration":0,"rotate":8.76}]},{"name":"shouder_l","translateFrame":[{"duration":4,"tweenEasing":0,"x":-2.57,"y":2.39},{"duration":3,"tweenEasing":0,"x":-2.17,"y":-0.8},{"duration":8,"tweenEasing":0,"x":-2.38,"y":-2.89},{"duration":4,"tweenEasing":0,"x":-3.8,"y":-0.02},{"duration":2,"tweenEasing":0,"x":-3.42,"y":4.4},{"tweenEasing":0,"x":-3.02,"y":5.37},{"duration":8,"tweenEasing":0,"x":-2.54,"y":6.09},{"duration":0,"x":-2.57,"y":2.39}],"rotateFrame":[{"duration":4,"tweenEasing":0,"rotate":-4.28},{"duration":3,"tweenEasing":0,"rotate":-1.66},{"duration":8,"tweenEasing":0,"rotate":-1.25},{"duration":4,"tweenEasing":0,"rotate":-7.48},{"duration":2,"tweenEasing":0,"rotate":-0.5},{"tweenEasing":0,"rotate":1.79},{"duration":8,"tweenEasing":0,"rotate":1.93},{"duration":0,"rotate":-4.28}]},{"name":"foot_l","translateFrame":[{"duration":2,"tweenEasing":0,"x":-5.03,"y":2.01},{"duration":2,"tweenEasing":0,"x":-8.28,"y":1.9},{"duration":3,"tweenEasing":0,"x":-24.59,"y":1.09},{"duration":4,"tweenEasing":0,"x":-51.81,"y":-0.18},{"duration":3,"tweenEasing":0,"x":-87.34,"y":-2.55},{"tweenEasing":0,"x":-106.14,"y":-6.83},{"duration":2,"tweenEasing":0,"x":-111.62,"y":-9.56},{"duration":2,"tweenEasing":0,"x":-115.29,"y":-15.42},{"tweenEasing":0,"x":-93.64,"y":-23.58},{"duration":2,"tweenEasing":0,"x":-81.13,"y":-26.78},{"tweenEasing":0,"x":-61.99,"y":-28.21},{"duration":6,"tweenEasing":0,"x":-53.58,"y":-26.86},{"tweenEasing":0,"x":-7.4,"y":-8.56},{"duration":0,"x":-5.03,"y":2.01}],"rotateFrame":[{"duration":7,"tweenEasing":0},{"duration":4,"tweenEasing":0},{"duration":3,"tweenEasing":0,"rotate":1},{"tweenEasing":0,"rotate":8.01},{"duration":2,"tweenEasing":0,"rotate":14.02},{"duration":2,"tweenEasing":0,"rotate":28.31},{"tweenEasing":0,"rotate":37.85},{"duration":2,"tweenEasing":0,"rotate":38.35},{"tweenEasing":0,"rotate":26.05},{"duration":6,"tweenEasing":0,"rotate":18.28},{"tweenEasing":0,"rotate":-15.77},{"duration":0}]},{"name":"thigh_l","translateFrame":[{"duration":2,"tweenEasing":0,"x":0.52,"y":-15.26},{"duration":2,"tweenEasing":0,"x":-0.7,"y":-8.14},{"duration":3,"tweenEasing":0,"x":-2.15,"y":-12.68},{"duration":4,"tweenEasing":0,"x":-4.7,"y":-21.25},{"duration":3,"tweenEasing":0,"x":-8.82,"y":-26.75},{"tweenEasing":0,"x":-8.97,"y":-18.39},{"duration":2,"tweenEasing":0,"x":-8.62,"y":-14.5},{"duration":2,"tweenEasing":0,"x":-8.2,"y":-4.3},{"tweenEasing":0,"x":-7.86,"y":-5.06},{"duration":2,"tweenEasing":0,"x":-7.38,"y":-6.46},{"tweenEasing":0,"x":-5.93,"y":-11.18},{"duration":6,"tweenEasing":0,"x":-5.02,"y":-14.09},{"tweenEasing":0,"x":-0.18,"y":-19.15},{"duration":0,"x":0.52,"y":-15.26}]},{"name":"chest","translateFrame":[{"duration":4,"tweenEasing":0,"x":-0.66,"y":-0.35},{"duration":3,"tweenEasing":0,"x":-2.17,"y":0.49},{"duration":8,"tweenEasing":0,"x":-3.74,"y":0.85},{"duration":4,"tweenEasing":0,"x":-7.45,"y":1.32},{"duration":3,"tweenEasing":0,"x":0.13,"y":-0.25},{"duration":8,"tweenEasing":0,"x":-0.21,"y":-0.55},{"duration":0,"x":-0.66,"y":-0.35}],"rotateFrame":[{"duration":4,"tweenEasing":0,"rotate":-6.01},{"duration":3,"tweenEasing":0,"rotate":-5.5},{"duration":8,"tweenEasing":0,"rotate":-5.75},{"duration":4,"tweenEasing":0,"rotate":-6.26},{"duration":3,"tweenEasing":0,"rotate":-6.75},{"duration":8,"tweenEasing":0,"rotate":-7.26},{"duration":0,"rotate":-6.01}]},{"name":"foot_r","translateFrame":[{"duration":2,"tweenEasing":0,"x":-2.93,"y":-2.42},{"duration":2,"tweenEasing":0,"x":-7.51,"y":-17.16},{"tweenEasing":0,"x":11.82,"y":-23.09},{"duration":2,"tweenEasing":0,"x":23.5,"y":-24.83},{"tweenEasing":0,"x":47.01,"y":-28.87},{"duration":5,"tweenEasing":0,"x":57.31,"y":-28.64},{"tweenEasing":0,"x":96.32,"y":-7.55},{"tweenEasing":0,"x":97.66,"y":4.68},{"tweenEasing":0,"x":98.13,"y":5.73},{"duration":3,"tweenEasing":0,"x":95.51,"y":4.46},{"duration":3,"tweenEasing":0,"x":75.8,"y":3.74},{"duration":5,"tweenEasing":0,"x":54.39,"y":3.05},{"duration":3,"tweenEasing":0,"x":18.17,"y":1.23},{"duration":0,"x":-2.93,"y":-2.42}],"rotateFrame":[{"duration":2,"tweenEasing":0,"rotate":7.01},{"duration":2,"tweenEasing":0,"rotate":28.56},{"tweenEasing":0,"rotate":21.54},{"duration":2,"tweenEasing":0,"rotate":16.52},{"tweenEasing":0,"rotate":11.26},{"duration":5,"tweenEasing":0,"rotate":8.26},{"tweenEasing":0,"rotate":-15.01},{"tweenEasing":0,"rotate":-1.25},{"tweenEasing":0,"rotate":0.25},{"duration":6,"tweenEasing":0},{"duration":5,"tweenEasing":0},{"duration":3,"tweenEasing":0,"rotate":0.75},{"duration":0,"rotate":7.01}]},{"name":"thigh_r","translateFrame":[{"duration":2,"tweenEasing":0,"x":-9.94,"y":-16.03},{"duration":2,"tweenEasing":0,"x":-7.44,"y":-7.36},{"tweenEasing":0,"x":-5.03,"y":-10.64},{"duration":2,"tweenEasing":0,"x":-3.76,"y":-13.16},{"tweenEasing":0,"x":-1.58,"y":-18.98},{"duration":5,"tweenEasing":0,"x":-0.76,"y":-21.74},{"tweenEasing":0,"x":0.96,"y":-24.36},{"tweenEasing":0,"x":0.25,"y":-20.65},{"tweenEasing":0,"x":-0.6,"y":-16.89},{"duration":3,"tweenEasing":0,"x":-1.43,"y":-11.23},{"duration":3,"tweenEasing":0,"x":-4.57,"y":-10.4},{"duration":5,"tweenEasing":0,"x":-6.71,"y":-17.67},{"duration":3,"tweenEasing":0,"x":-9.45,"y":-25.39},{"duration":0,"x":-9.94,"y":-16.03}]},{"name":"weapon_1","translateFrame":[{"duration":4,"tweenEasing":0,"x":0.19,"y":-0.49},{"duration":3,"tweenEasing":0,"x":0.02,"y":-0.45},{"duration":8,"tweenEasing":0,"x":0.02,"y":-0.47},{"duration":4,"tweenEasing":0,"x":0.3,"y":-0.55},{"duration":2,"tweenEasing":0,"x":0.17,"y":-0.7},{"tweenEasing":0,"x":0.12,"y":-0.73},{"duration":8,"tweenEasing":0,"x":0.09,"y":-0.73},{"duration":0,"x":0.18,"y":-0.85}],"rotateFrame":[{"duration":4,"tweenEasing":0,"rotate":0.15},{"duration":3,"tweenEasing":0,"rotate":0.05},{"duration":8,"tweenEasing":0,"rotate":-0.01},{"duration":4,"tweenEasing":0,"rotate":0.12},{"duration":2,"tweenEasing":0,"rotate":0.23},{"tweenEasing":0,"rotate":0.25},{"duration":8,"tweenEasing":0,"rotate":0.26},{"duration":0,"rotate":0.17}]},{"name":"weapon","translateFrame":[{"duration":4,"tweenEasing":0,"x":0.54,"y":-0.15},{"duration":3,"tweenEasing":0,"x":0.32,"y":0.06},{"duration":8,"tweenEasing":0,"x":0.23,"y":0.22},{"duration":4,"tweenEasing":0,"x":0.61,"y":-0.02},{"duration":2,"tweenEasing":0,"x":0.78,"y":-0.5},{"tweenEasing":0,"x":0.66,"y":-0.85},{"duration":8,"tweenEasing":0,"x":0.82,"y":-0.58},{"duration":0,"x":0.54,"y":-0.15}],"rotateFrame":[{"duration":4,"tweenEasing":0,"rotate":-2.66},{"duration":3,"tweenEasing":0,"rotate":-3.41},{"duration":8,"tweenEasing":0,"rotate":-3.75},{"duration":4,"tweenEasing":0,"rotate":-5.48},{"duration":2,"tweenEasing":0,"rotate":-2},{"tweenEasing":0,"rotate":-0.72},{"duration":8,"tweenEasing":0,"rotate":-0.58},{"duration":0,"rotate":-2.66}]},{"name":"shouder_r","translateFrame":[{"duration":4,"tweenEasing":0,"x":2.77,"y":-2.12},{"duration":3,"tweenEasing":0,"x":2.16,"y":0.71},{"duration":8,"tweenEasing":0,"x":2.19,"y":2.6},{"duration":4,"tweenEasing":0,"x":3.83,"y":0.06},{"duration":2,"tweenEasing":0,"x":3.76,"y":-4.18},{"tweenEasing":0,"x":3.2,"y":-5.61},{"duration":8,"tweenEasing":0,"x":3.11,"y":-5.72},{"duration":0,"x":2.77,"y":-2.12}],"rotateFrame":[{"duration":4,"tweenEasing":0,"rotate":-4.28},{"duration":3,"tweenEasing":0,"rotate":-1.66},{"duration":8,"tweenEasing":0,"rotate":-1.25},{"duration":4,"tweenEasing":0,"rotate":-7.48},{"duration":2,"tweenEasing":0,"rotate":-0.5},{"tweenEasing":0,"rotate":1.79},{"duration":8,"tweenEasing":0,"rotate":1.93},{"duration":0,"rotate":-4.28}]}]},{"duration":30,"name":"attack_01","bone":[{"name":"pelvis","translateFrame":[{"duration":2,"tweenEasing":0},{"duration":4,"tweenEasing":0,"x":-6.53,"y":-6.87},{"duration":2,"tweenEasing":0,"x":6.85,"y":-0.28},{"duration":2,"tweenEasing":0,"x":11.62,"y":14.51},{"duration":5,"tweenEasing":0,"x":8.67,"y":10.2},{"tweenEasing":0,"x":8.67,"y":10.2},{"tweenEasing":0,"x":16.03,"y":10.41},{"duration":4,"tweenEasing":0,"x":-18.95,"y":8.13},{"duration":9,"tweenEasing":0,"x":-19.1,"y":17.08},{"duration":0}],"rotateFrame":[{"duration":2,"tweenEasing":0},{"duration":4,"tweenEasing":0,"rotate":-2.75},{"duration":2,"tweenEasing":0},{"duration":2,"tweenEasing":0,"rotate":-1.75},{"duration":20}]},{"name":"shouder_l","translateFrame":[{"duration":2,"tweenEasing":0},{"tweenEasing":0,"x":2.03,"y":-0.37},{"duration":3,"tweenEasing":0,"x":2.25,"y":-0.52},{"duration":2,"tweenEasing":0,"x":-1.05,"y":0.07},{"duration":2,"tweenEasing":0,"x":-0.45,"y":0.18},{"duration":5,"tweenEasing":0,"x":2.05,"y":-0.4},{"tweenEasing":0,"x":2.05,"y":-0.4},{"tweenEasing":0,"x":-3.25,"y":0.25},{"duration":4,"tweenEasing":0,"x":-5.25,"y":0.68},{"tweenEasing":0,"x":1.4,"y":0.22},{"duration":8,"tweenEasing":0,"x":2.07,"y":0.12},{"duration":0}],"rotateFrame":[{"duration":2,"tweenEasing":0},{"tweenEasing":0,"rotate":-0.09},{"duration":3,"tweenEasing":0,"rotate":-0.08},{"duration":2,"tweenEasing":0,"rotate":-0.09},{"duration":2,"tweenEasing":0,"rotate":-0.07},{"duration":5,"tweenEasing":0,"rotate":-0.12},{"tweenEasing":0,"rotate":-0.12},{"tweenEasing":0,"rotate":-0.27},{"duration":4,"tweenEasing":0,"rotate":-0.36},{"tweenEasing":0,"rotate":-0.4},{"duration":8,"tweenEasing":0,"rotate":-0.1},{"duration":0}],"scaleFrame":[{"duration":2,"tweenEasing":0},{"tweenEasing":0,"x":1.01},{"duration":3,"tweenEasing":0,"x":1.01},{"duration":9,"tweenEasing":0},{"tweenEasing":0},{"tweenEasing":0,"x":0.99},{"duration":4,"tweenEasing":0,"x":0.99},{"duration":9}]},{"name":"thigh_l","translateFrame":[{"duration":2,"tweenEasing":0},{"tweenEasing":0,"x":-6.43,"y":-6.77},{"duration":3,"tweenEasing":0,"x":-4.31,"y":-9.55},{"duration":2,"tweenEasing":0,"x":6.85,"y":-0.33},{"duration":2,"tweenEasing":0,"x":11.57,"y":14.36},{"duration":5,"tweenEasing":0,"x":8.62,"y":10.05},{"tweenEasing":0,"x":8.62,"y":10.05},{"tweenEasing":0,"x":15.87,"y":10.26},{"duration":4,"tweenEasing":0,"x":-18.66,"y":8.02},{"tweenEasing":0,"x":-18.85,"y":16.93},{"duration":8,"tweenEasing":0,"x":-17.26,"y":16.01},{"duration":0}]},{"name":"chest","translateFrame":[{"duration":2,"tweenEasing":0},{"tweenEasing":0,"x":0.07,"y":-0.06},{"duration":3,"tweenEasing":0,"x":4.62,"y":-2.14},{"duration":2,"tweenEasing":0},{"duration":2,"tweenEasing":0,"x":-0.09,"y":-0.07},{"duration":6,"tweenEasing":0,"x":-0.05},{"tweenEasing":0,"x":-0.05},{"duration":4,"tweenEasing":0,"x":-0.1,"y":-0.1},{"tweenEasing":0,"x":-0.2,"y":-0.1},{"duration":8,"tweenEasing":0,"x":-1.15,"y":-0.65},{"duration":0}],"rotateFrame":[{"duration":2,"tweenEasing":0},{"tweenEasing":0,"rotate":9.26},{"duration":3,"tweenEasing":0,"rotate":9.32},{"duration":2,"tweenEasing":0,"rotate":-3.25},{"duration":2,"tweenEasing":0,"rotate":-0.5},{"duration":5,"tweenEasing":0,"rotate":5},{"tweenEasing":0,"rotate":5},{"tweenEasing":0,"rotate":-10.26},{"duration":4,"tweenEasing":0,"rotate":-13.77},{"tweenEasing":0,"rotate":4.01},{"duration":8,"tweenEasing":0,"rotate":6},{"duration":0}],"scaleFrame":[{"duration":16,"tweenEasing":0},{"tweenEasing":0},{"duration":4,"tweenEasing":0,"x":1.01},{"duration":9}]},{"name":"thigh_r","translateFrame":[{"duration":2,"tweenEasing":0},{"tweenEasing":0,"x":-6.58,"y":-6.97},{"duration":3,"tweenEasing":0,"x":-4.42,"y":-9.8},{"duration":2,"tweenEasing":0,"x":7,"y":-0.33},{"duration":2,"tweenEasing":0,"x":11.88,"y":14.71},{"duration":5,"tweenEasing":0,"x":8.87,"y":10.29},{"tweenEasing":0,"x":8.87,"y":10.29},{"tweenEasing":0,"x":16.28,"y":10.51},{"duration":4,"tweenEasing":0,"x":-19.15,"y":8.18},{"tweenEasing":0,"x":-19.29,"y":17.28},{"duration":8,"tweenEasing":0,"x":-17.71,"y":16.36},{"duration":0}]},{"name":"weapon_1","translateFrame":[{"duration":2,"tweenEasing":0},{"tweenEasing":0,"x":-0.08,"y":0.22},{"duration":3,"tweenEasing":0,"x":-0.04,"y":0.13},{"duration":2,"tweenEasing":0,"x":0.09,"y":-0.19},{"duration":2,"tweenEasing":0,"x":-0.02,"y":-0.11},{"duration":5,"tweenEasing":0,"x":-0.08,"y":0.38},{"tweenEasing":0,"x":-0.08,"y":0.38},{"tweenEasing":0,"x":-0.13,"y":0.48},{"duration":2,"tweenEasing":0,"x":-80,"y":-16.13},{"duration":2,"tweenEasing":0,"x":-87.02,"y":-17.56},{"tweenEasing":0,"x":-89.63,"y":-17.98},{"tweenEasing":0,"x":-89.86,"y":-18.13},{"duration":3,"tweenEasing":0,"x":-89.3,"y":-17.7},{"duration":4,"tweenEasing":0,"x":-54.76,"y":-10.76},{"duration":0}],"rotateFrame":[{"duration":2,"tweenEasing":0},{"tweenEasing":0,"rotate":-0.05},{"duration":3,"tweenEasing":0,"rotate":-0.04},{"duration":2,"tweenEasing":0,"rotate":0.02},{"duration":2,"tweenEasing":0,"rotate":0.01},{"duration":5,"tweenEasing":0,"rotate":-0.05},{"tweenEasing":0,"rotate":-0.05},{"tweenEasing":0,"rotate":-0.04},{"duration":2,"tweenEasing":0,"rotate":0.12},{"duration":2,"tweenEasing":0,"rotate":0.08},{"tweenEasing":0,"rotate":-0.01},{"tweenEasing":0,"rotate":-0.05},{"duration":3,"tweenEasing":0,"rotate":1.2},{"duration":4,"tweenEasing":0,"rotate":-0.08},{"duration":0}],"scaleFrame":[{"duration":16,"tweenEasing":0},{"tweenEasing":0},{"duration":2,"tweenEasing":0,"x":0.99},{"duration":2,"tweenEasing":0,"x":0.99},{"tweenEasing":0},{"tweenEasing":0},{"duration":3,"tweenEasing":0,"x":1.01},{"duration":4,"tweenEasing":0,"x":1.01},{"duration":0}]},{"name":"weapon","translateFrame":[{"duration":2,"tweenEasing":0},{"tweenEasing":0,"x":-0.27,"y":0.14},{"duration":3,"tweenEasing":0,"x":-0.33,"y":0.1},{"duration":2,"tweenEasing":0,"x":0.15,"y":0.02},{"duration":2,"tweenEasing":0,"x":-0.05,"y":-0.01},{"duration":5,"tweenEasing":0,"x":-0.34,"y":0.07},{"tweenEasing":0,"x":-0.34,"y":0.07},{"tweenEasing":0,"x":0.38,"y":0.02},{"duration":2,"tweenEasing":0,"x":0.63,"y":-0.02},{"duration":2,"tweenEasing":0,"x":2.7,"y":-4.06},{"tweenEasing":0,"x":-0.2,"y":-0.21},{"duration":4,"tweenEasing":0,"x":-0.45,"y":-0.01},{"duration":4,"tweenEasing":0,"x":-0.72,"y":0.12},{"duration":0}],"rotateFrame":[{"duration":2,"tweenEasing":0},{"tweenEasing":0,"rotate":-1.84},{"duration":3,"tweenEasing":0,"rotate":-2.58},{"duration":2,"tweenEasing":0,"rotate":1.41},{"duration":2,"tweenEasing":0,"rotate":0.68},{"duration":5,"tweenEasing":0,"rotate":-0.12},{"tweenEasing":0,"rotate":-4.66},{"tweenEasing":0,"rotate":10.44},{"duration":2,"tweenEasing":0,"rotate":0.39},{"duration":2,"tweenEasing":0,"rotate":-4.51},{"tweenEasing":0,"rotate":-2.66},{"duration":4,"tweenEasing":0,"rotate":-1.35},{"duration":4,"tweenEasing":0,"rotate":4.57},{"duration":0}],"scaleFrame":[{"duration":16,"tweenEasing":0},{"tweenEasing":0},{"duration":2,"tweenEasing":0,"x":0.99},{"duration":2,"tweenEasing":0,"x":0.99},{"tweenEasing":0},{"duration":4,"tweenEasing":0},{"duration":4,"tweenEasing":0,"x":1.01},{"duration":0}]},{"name":"shouder_r","translateFrame":[{"duration":2,"tweenEasing":0},{"tweenEasing":0,"x":-2.02,"y":0.46},{"duration":3,"tweenEasing":0,"x":-2.27,"y":0.52},{"duration":2,"tweenEasing":0,"x":1.03,"y":-0.01},{"duration":2,"tweenEasing":0,"x":0.3,"y":-0.12},{"duration":5,"tweenEasing":0,"x":-2.14,"y":0.4},{"tweenEasing":0,"x":-2.14,"y":0.4},{"tweenEasing":0,"x":3.2,"y":-0.16},{"duration":4,"tweenEasing":0,"x":5.13,"y":-0.56},{"tweenEasing":0,"x":-1.48,"y":-0.38},{"duration":8,"tweenEasing":0,"x":-2.26,"y":-0.06},{"duration":0}],"rotateFrame":[{"duration":2,"tweenEasing":0},{"tweenEasing":0,"rotate":-0.09},{"duration":3,"tweenEasing":0,"rotate":-0.08},{"duration":2,"tweenEasing":0,"rotate":-0.09},{"duration":2,"tweenEasing":0,"rotate":-0.07},{"duration":5,"tweenEasing":0,"rotate":-0.12},{"tweenEasing":0,"rotate":-0.12},{"tweenEasing":0,"rotate":-0.27},{"duration":4,"tweenEasing":0,"rotate":-0.36},{"tweenEasing":0,"rotate":-0.4},{"duration":8,"tweenEasing":0,"rotate":-0.1},{"duration":0}],"scaleFrame":[{"duration":2,"tweenEasing":0},{"tweenEasing":0,"x":1.01},{"duration":3,"tweenEasing":0,"x":1.01},{"duration":9,"tweenEasing":0},{"tweenEasing":0},{"tweenEasing":0,"x":0.99},{"duration":4,"tweenEasing":0,"x":0.99},{"duration":9}]}]},{"duration":22,"fadeInTime":0.1,"name":"death","bone":[{"name":"pelvis","translateFrame":[{"tweenEasing":0},{"tweenEasing":0,"x":28.13,"y":-18.44},{"duration":4,"tweenEasing":0,"x":-7.8,"y":16.64},{"duration":6,"tweenEasing":0,"x":-31.95,"y":8.13},{"duration":2,"tweenEasing":0,"x":-13.04,"y":-11.59},{"duration":3,"tweenEasing":0,"x":-12.42,"y":36.1},{"duration":4,"tweenEasing":0,"x":-12.54,"y":26.15},{"x":-12.41,"y":36.95}],"rotateFrame":[{"tweenEasing":0},{"tweenEasing":0,"rotate":-9.76},{"duration":4,"tweenEasing":0,"rotate":-9.76},{"duration":6,"tweenEasing":0,"rotate":11.51},{"duration":2,"tweenEasing":0,"rotate":4.75},{"duration":8,"rotate":12.76}]},{"name":"shouder_l","translateFrame":[{"tweenEasing":0},{"tweenEasing":0,"x":-5.29,"y":-0.25},{"tweenEasing":0,"x":0.16,"y":0.89},{"duration":3,"tweenEasing":0,"x":3.2,"y":0.93},{"tweenEasing":0,"x":5.14,"y":2.89},{"duration":5,"tweenEasing":0,"x":4.91,"y":3.78},{"duration":2,"tweenEasing":0,"x":6.58,"y":6.94},{"duration":2,"tweenEasing":0,"x":9.28,"y":7.89},{"tweenEasing":0,"x":-9.57,"y":-7.37},{"tweenEasing":0,"x":-10.39,"y":-7.09},{"tweenEasing":0,"x":-10.77,"y":-6.24},{"duration":2,"tweenEasing":0,"x":-13.8,"y":-5.58},{"tweenEasing":0,"x":-16.01,"y":-3.97},{"duration":0,"x":-14.82,"y":-4.44}],"rotateFrame":[{"tweenEasing":0},{"tweenEasing":0,"rotate":-3.67},{"tweenEasing":0,"rotate":-8.79},{"duration":3,"tweenEasing":0,"rotate":-11.36},{"tweenEasing":0,"rotate":23.68},{"duration":5,"tweenEasing":0,"rotate":30.36},{"duration":2,"tweenEasing":0,"rotate":-12.38},{"duration":2,"tweenEasing":0,"rotate":-3.74},{"tweenEasing":0,"rotate":23.84},{"tweenEasing":0,"rotate":19.54},{"tweenEasing":0,"rotate":14.58},{"duration":2,"tweenEasing":0,"rotate":17.9},{"tweenEasing":0,"rotate":24.02},{"duration":0,"rotate":23.59}],"scaleFrame":[{"tweenEasing":0},{"tweenEasing":0,"x":0.98},{"tweenEasing":0,"x":0.99},{"duration":3,"tweenEasing":0,"x":0.99},{"tweenEasing":0,"x":1.02},{"duration":5,"tweenEasing":0,"x":1.02},{"duration":2,"tweenEasing":0,"x":0.98},{"duration":2,"tweenEasing":0},{"tweenEasing":0,"x":1.02},{"tweenEasing":0,"x":1.02},{"tweenEasing":0,"x":1.01},{"duration":2,"tweenEasing":0,"x":1.01},{"x":1.02}]},{"name":"thigh_l","translateFrame":[{"tweenEasing":0},{"tweenEasing":0,"x":27.83,"y":-18.23},{"tweenEasing":0,"x":-7.65,"y":16.44},{"duration":3,"tweenEasing":0,"x":-17.93,"y":18.57},{"tweenEasing":0,"x":-31.51,"y":8.08},{"duration":5,"tweenEasing":0,"x":-30.8,"y":4.22},{"duration":2,"tweenEasing":0,"x":-12.79,"y":-11.45},{"tweenEasing":0,"x":-12.22,"y":35.7},{"tweenEasing":0,"x":-12.21,"y":36.4},{"tweenEasing":0,"x":-12.29,"y":30},{"tweenEasing":0,"x":-12.34,"y":25.85},{"tweenEasing":0,"x":-12.33,"y":27.2},{"duration":2,"tweenEasing":0,"x":-12.29,"y":30.2},{"x":-12.21,"y":36.55}]},{"name":"chest","translateFrame":[{"tweenEasing":0},{"tweenEasing":0,"x":0.38,"y":-0.03},{"tweenEasing":0,"x":0.16,"y":-0.04},{"duration":3,"tweenEasing":0,"x":-3.93,"y":-4.77},{"tweenEasing":0,"x":-0.38,"y":-0.12},{"duration":5,"tweenEasing":0,"x":-0.17,"y":-1.68},{"duration":2,"tweenEasing":0,"x":-0.08,"y":-0.04},{"duration":2,"tweenEasing":0,"x":-0.47,"y":0.01},{"tweenEasing":0,"x":-1.26,"y":0.38},{"duration":2,"tweenEasing":0,"x":-0.35,"y":-0.02},{"duration":2,"tweenEasing":0,"x":0.55,"y":-0.23},{"x":-0.5,"y":-0.01}],"rotateFrame":[{"tweenEasing":0},{"tweenEasing":0,"rotate":-6.27},{"tweenEasing":0,"rotate":8.76},{"duration":3,"tweenEasing":0,"rotate":10.7},{"tweenEasing":0,"rotate":-6.26},{"duration":5,"tweenEasing":0,"rotate":-8.38},{"duration":2,"tweenEasing":0,"rotate":-8.76},{"duration":2,"tweenEasing":0,"rotate":-12.26},{"tweenEasing":0,"rotate":0.24},{"duration":2,"tweenEasing":0,"rotate":-1.76},{"duration":2,"tweenEasing":0,"rotate":-8.01},{"tweenEasing":0,"rotate":-3.26},{"duration":0,"rotate":0.24}],"scaleFrame":[{"tweenEasing":0},{"tweenEasing":0,"x":1.01},{"duration":12,"tweenEasing":0},{"duration":2,"tweenEasing":0},{"tweenEasing":0,"x":0.99},{"duration":2,"tweenEasing":0,"x":0.99},{"duration":2,"tweenEasing":0},{"x":0.99}]},{"name":"foot_r","translateFrame":[{"tweenEasing":0},{"tweenEasing":0},{"tweenEasing":0,"x":-25.51,"y":-0.84},{"duration":2,"tweenEasing":0,"x":-32.86,"y":-1.06},{"tweenEasing":0,"x":-38.57,"y":-1.29},{"tweenEasing":0,"x":-39.57,"y":-1.28},{"duration":5,"tweenEasing":0,"x":-39.92,"y":-1.32},{"duration":10,"x":-38.57,"y":-1.29}]},{"name":"thigh_r","translateFrame":[{"tweenEasing":0},{"tweenEasing":0,"x":28.48,"y":-18.69},{"tweenEasing":0,"x":-7.85,"y":16.8},{"duration":2,"tweenEasing":0,"x":-18.37,"y":18.97},{"tweenEasing":0,"x":-30.46,"y":12.17},{"tweenEasing":0,"x":-32.3,"y":8.19},{"duration":5,"tweenEasing":0,"x":-31.6,"y":4.28},{"duration":2,"tweenEasing":0,"x":-13.19,"y":-11.74},{"duration":2,"tweenEasing":0,"x":-12.51,"y":36.5},{"tweenEasing":0,"x":-12.63,"y":30.7},{"duration":2,"tweenEasing":0,"x":-12.68,"y":26.45},{"duration":2,"tweenEasing":0,"x":-12.63,"y":30.9},{"x":-12.5,"y":37.4}]},{"name":"weapon_1","translateFrame":[{"tweenEasing":0},{"tweenEasing":0,"x":0.62,"y":-0.3},{"tweenEasing":0,"x":-8.41,"y":-2.05},{"duration":3,"tweenEasing":0,"x":-18.35,"y":-3.11},{"tweenEasing":0,"x":-22.05,"y":-4.03},{"duration":5,"tweenEasing":0,"x":-22.09,"y":-4.07},{"duration":2,"tweenEasing":0,"x":-21.74,"y":-4.63},{"duration":2,"tweenEasing":0,"x":-22.23,"y":-3.66},{"tweenEasing":0,"x":-22.07,"y":-3.79},{"duration":2,"tweenEasing":0,"x":-22.04,"y":-3.74},{"duration":2,"tweenEasing":0,"x":-22.08,"y":-3.69},{"tweenEasing":0,"x":-22.08,"y":-3.49},{"duration":0,"x":-21.96,"y":-3.65}],"rotateFrame":[{"tweenEasing":0},{"tweenEasing":0,"rotate":0.06},{"tweenEasing":0,"rotate":0.05},{"duration":3,"tweenEasing":0,"rotate":-0.07},{"tweenEasing":0,"rotate":-0.09},{"duration":5,"tweenEasing":0,"rotate":-0.05},{"duration":2,"tweenEasing":0,"rotate":0.06},{"duration":2,"tweenEasing":0,"rotate":-0.04},{"tweenEasing":0,"rotate":-0.11},{"duration":2,"tweenEasing":0,"rotate":-0.08},{"duration":2,"tweenEasing":0,"rotate":-0.07},{"tweenEasing":0,"rotate":-0.11},{"duration":0,"rotate":-0.14}],"scaleFrame":[{"tweenEasing":0},{"tweenEasing":0,"x":0.99},{"tweenEasing":0,"x":0.99},{"duration":3,"tweenEasing":0,"x":1.01},{"tweenEasing":0,"x":1.01},{"duration":5,"tweenEasing":0},{"duration":2,"tweenEasing":0,"x":0.99},{"duration":2,"tweenEasing":0},{"duration":6,"x":1.01}]},{"name":"weapon","translateFrame":[{"tweenEasing":0},{"tweenEasing":0,"x":0.96,"y":0.05},{"tweenEasing":0,"x":0.48,"y":-0.7},{"duration":3,"tweenEasing":0,"x":0.6,"y":-1.24},{"tweenEasing":0,"x":3.13,"y":-3.91},{"duration":5,"tweenEasing":0,"x":4.23,"y":-4.98},{"duration":2,"tweenEasing":0,"x":11.36,"y":-12.5},{"duration":2,"tweenEasing":0,"x":12.06,"y":-14},{"tweenEasing":0,"x":9.82,"y":-12.17},{"duration":2,"tweenEasing":0,"x":8.26,"y":-10.26},{"duration":2,"tweenEasing":0,"x":4.7,"y":-5.97},{"tweenEasing":0,"x":1.46,"y":-2.71},{"duration":0,"x":0.87,"y":-2.25}],"rotateFrame":[{"tweenEasing":0},{"tweenEasing":0,"rotate":9.35},{"tweenEasing":0,"rotate":-4.53},{"duration":3,"tweenEasing":0,"rotate":0.4},{"tweenEasing":0,"rotate":3.39},{"duration":5,"tweenEasing":0,"rotate":3.55},{"duration":2,"tweenEasing":0,"rotate":-2.36},{"duration":2,"tweenEasing":0,"rotate":3.26},{"tweenEasing":0,"rotate":-1.49},{"duration":2,"tweenEasing":0,"rotate":-3.27},{"duration":2,"tweenEasing":0,"rotate":1.87},{"tweenEasing":0,"rotate":1.46},{"duration":0,"rotate":1.27}],"scaleFrame":[{"tweenEasing":0},{"tweenEasing":0,"x":0.99},{"tweenEasing":0,"x":0.99},{"duration":3,"tweenEasing":0},{"tweenEasing":0,"x":1.01},{"duration":5,"tweenEasing":0},{"duration":2,"tweenEasing":0,"x":0.99},{"duration":2,"tweenEasing":0},{"duration":6,"x":1.01}]},{"name":"shouder_r","translateFrame":[{"tweenEasing":0},{"tweenEasing":0,"x":5.69,"y":0.62},{"tweenEasing":0,"x":0.8,"y":-0.15},{"duration":3,"tweenEasing":0,"x":-1.22,"y":0.67},{"tweenEasing":0,"x":2.07,"y":2.61},{"duration":5,"tweenEasing":0,"x":4.33,"y":3.2},{"duration":2,"tweenEasing":0,"x":10.63,"y":6.9},{"duration":2,"tweenEasing":0,"x":8.26,"y":7.04},{"tweenEasing":0,"x":-20.39,"y":-6.04},{"tweenEasing":0,"x":-19.67,"y":-6.26},{"tweenEasing":0,"x":-17.93,"y":-6.17},{"duration":2,"tweenEasing":0,"x":-18.91,"y":-6.13},{"tweenEasing":0,"x":-24.88,"y":-3.59},{"duration":0,"x":-26.15,"y":-3.11}],"rotateFrame":[{"tweenEasing":0},{"tweenEasing":0,"rotate":-3.67},{"tweenEasing":0,"rotate":-8.79},{"duration":3,"tweenEasing":0,"rotate":-11.36},{"tweenEasing":0,"rotate":10.65},{"duration":5,"tweenEasing":0,"rotate":14.82},{"duration":2,"tweenEasing":0,"rotate":-12.38},{"duration":2,"tweenEasing":0,"rotate":-3.74},{"tweenEasing":0,"rotate":23.84},{"tweenEasing":0,"rotate":19.54},{"tweenEasing":0,"rotate":14.58},{"duration":2,"tweenEasing":0,"rotate":17.9},{"tweenEasing":0,"rotate":24.02},{"duration":0,"rotate":23.59}],"scaleFrame":[{"tweenEasing":0},{"tweenEasing":0,"x":0.98},{"tweenEasing":0,"x":0.99},{"duration":3,"tweenEasing":0,"x":0.99},{"tweenEasing":0,"x":1.01},{"duration":5,"tweenEasing":0,"x":1.01},{"duration":2,"tweenEasing":0,"x":0.98},{"duration":2,"tweenEasing":0},{"tweenEasing":0,"x":1.02},{"tweenEasing":0,"x":1.02},{"tweenEasing":0,"x":1.01},{"duration":2,"tweenEasing":0,"x":1.01},{"x":1.02}]}]},{"duration":16,"fadeInTime":0.1,"name":"hit","bone":[{"name":"pelvis","translateFrame":[{"tweenEasing":0},{"tweenEasing":0,"x":28.13,"y":-18.44},{"duration":4,"tweenEasing":0,"x":-7.8,"y":16.64},{"duration":9,"tweenEasing":0,"x":-19.55,"y":8.48},{}],"rotateFrame":[{"tweenEasing":0},{"tweenEasing":0,"rotate":-9.76},{"duration":4,"tweenEasing":0,"rotate":-9.76},{"duration":9,"tweenEasing":0,"rotate":11.51},{}]},{"name":"shouder_l","translateFrame":[{"tweenEasing":0},{"tweenEasing":0,"x":-5.41,"y":-0.34},{"tweenEasing":0,"x":-0.35,"y":0.5},{"duration":3,"tweenEasing":0,"x":2.25,"y":0.13},{"tweenEasing":0,"x":3.17,"y":-0.45},{"duration":8,"tweenEasing":0,"x":2.42,"y":-0.23},{}],"rotateFrame":[{"tweenEasing":0},{"tweenEasing":0,"rotate":-3.67},{"tweenEasing":0,"rotate":-8.79},{"duration":3,"tweenEasing":0,"rotate":-11.35},{"tweenEasing":0,"rotate":7.22},{"duration":8,"tweenEasing":0,"rotate":7.18},{"tweenEasing":0,"rotate":0.25},{"duration":0}],"scaleFrame":[{"tweenEasing":0},{"tweenEasing":0,"x":0.98},{"tweenEasing":0,"x":0.99},{"duration":3,"tweenEasing":0},{"tweenEasing":0,"x":1.01},{"duration":8,"tweenEasing":0,"x":1.01},{}]},{"name":"thigh_l","translateFrame":[{"tweenEasing":0},{"tweenEasing":0,"x":27.83,"y":-18.23},{"tweenEasing":0,"x":-7.65,"y":16.44},{"duration":3,"tweenEasing":0,"x":-14.83,"y":18.38},{"tweenEasing":0,"x":-19.25,"y":8.38},{"duration":8,"tweenEasing":0,"x":-18.36,"y":7.22},{}]},{"name":"chest","translateFrame":[{"tweenEasing":0},{"tweenEasing":0,"x":0.38,"y":-0.03},{"tweenEasing":0,"x":0.16,"y":-0.04},{"duration":3,"tweenEasing":0,"x":-3.63,"y":-4.66},{"tweenEasing":0,"x":-0.29,"y":-0.07},{"duration":8,"tweenEasing":0,"x":-0.26,"y":-0.41},{}],"rotateFrame":[{"tweenEasing":0},{"tweenEasing":0,"rotate":-6.27},{"tweenEasing":0,"rotate":8.76},{"duration":3,"tweenEasing":0,"rotate":10.7},{"tweenEasing":0,"rotate":-2.26},{"duration":8,"tweenEasing":0,"rotate":-2.98},{}],"scaleFrame":[{"tweenEasing":0},{"tweenEasing":0,"x":1.01},{"duration":14}]},{"name":"thigh_r","translateFrame":[{"tweenEasing":0},{"tweenEasing":0,"x":28.48,"y":-18.69},{"tweenEasing":0,"x":-7.85,"y":16.8},{"duration":3,"tweenEasing":0,"x":-15.23,"y":18.78},{"tweenEasing":0,"x":-19.8,"y":8.59},{"duration":8,"tweenEasing":0,"x":-18.86,"y":7.33},{}]},{"name":"weapon_1","translateFrame":[{"tweenEasing":0},{"tweenEasing":0,"x":0.58,"y":-0.32},{"tweenEasing":0,"x":-8.45,"y":-2.05},{"duration":3,"tweenEasing":0,"x":-18.26,"y":-2.95},{"tweenEasing":0,"x":-21.83,"y":-3.73},{"duration":8,"tweenEasing":0,"x":-21.88,"y":-3.85},{"tweenEasing":0,"x":-0.77,"y":-0.4},{"duration":0}],"rotateFrame":[{"tweenEasing":0},{"tweenEasing":0,"rotate":0.06},{"tweenEasing":0,"rotate":0.05},{"duration":3,"tweenEasing":0,"rotate":-0.07},{"tweenEasing":0,"rotate":-0.12},{"duration":8,"tweenEasing":0,"rotate":-0.11},{}],"scaleFrame":[{"tweenEasing":0},{"tweenEasing":0,"x":0.99},{"tweenEasing":0,"x":0.99},{"duration":4,"tweenEasing":0,"x":1.01},{"duration":8,"tweenEasing":0,"x":1.01},{}]},{"name":"weapon","translateFrame":[{"tweenEasing":0},{"tweenEasing":0,"x":0.82,"y":0.2},{"tweenEasing":0,"x":-0.02,"y":-0.14},{"duration":3,"tweenEasing":0,"x":-0.4,"y":0.06},{"tweenEasing":0,"x":-0.53,"y":-0.01},{"duration":8,"tweenEasing":0,"x":-0.45,"y":0.01},{}],"rotateFrame":[{"tweenEasing":0},{"tweenEasing":0,"rotate":9.35},{"tweenEasing":0,"rotate":-4.53},{"duration":3,"tweenEasing":0,"rotate":0.4},{"tweenEasing":0,"rotate":3.21},{"duration":8,"tweenEasing":0,"rotate":3.42},{"tweenEasing":0,"rotate":0.25},{"duration":0}],"scaleFrame":[{"tweenEasing":0},{"tweenEasing":0,"x":0.99},{"tweenEasing":0,"x":0.99},{"duration":4,"tweenEasing":0,"x":1.01},{"duration":8,"tweenEasing":0,"x":1.01},{}]},{"name":"shouder_r","translateFrame":[{"tweenEasing":0},{"tweenEasing":0,"x":5.56,"y":0.52},{"tweenEasing":0,"x":0.28,"y":-0.55},{"duration":3,"tweenEasing":0,"x":-2.3,"y":-0.04},{"tweenEasing":0,"x":-3.3,"y":0.35},{"tweenEasing":0,"x":-2.61,"y":0.23},{"duration":7,"tweenEasing":0,"x":-1.99,"y":-0.04},{}],"rotateFrame":[{"tweenEasing":0},{"tweenEasing":0,"rotate":-3.67},{"tweenEasing":0,"rotate":-8.79},{"duration":3,"tweenEasing":0,"rotate":-11.35},{"tweenEasing":0,"rotate":0.71},{"tweenEasing":0,"rotate":5.43},{"duration":7,"tweenEasing":0,"rotate":7.31},{"tweenEasing":0,"rotate":0.5},{"duration":0}],"scaleFrame":[{"tweenEasing":0},{"tweenEasing":0,"x":0.98},{"tweenEasing":0,"x":0.99},{"duration":3,"tweenEasing":0},{"duration":2,"tweenEasing":0,"x":1.01},{"duration":7,"tweenEasing":0,"x":1.01},{}]}]},{"duration":10,"fadeInTime":0.1,"name":"jump","bone":[{"name":"pelvis","translateFrame":[{"duration":8,"tweenEasing":0,"x":0.43,"y":40.35},{"tweenEasing":0,"x":-0.1,"y":-8.45},{"x":0.2,"y":16.75}],"rotateFrame":[{"duration":8,"tweenEasing":0,"rotate":4},{"duration":2}]},{"name":"shouder_l","translateFrame":[{"duration":2,"tweenEasing":0,"x":5.06,"y":-0.86},{"duration":4,"tweenEasing":0,"x":2.37,"y":0.67},{"duration":2,"tweenEasing":0,"x":0.06,"y":6},{"tweenEasing":0,"x":1.3,"y":7.28},{"tweenEasing":0,"x":-3.07,"y":2.17},{"duration":0,"x":-4.22,"y":-4.12}],"rotateFrame":[{"duration":2,"tweenEasing":0,"rotate":-0.24},{"duration":4,"tweenEasing":0,"rotate":4.38},{"duration":2,"tweenEasing":0,"rotate":-0.56},{"tweenEasing":0,"rotate":-2.3},{"tweenEasing":0,"rotate":-1.2},{"duration":0,"rotate":-0.11}],"scaleFrame":[{"duration":2,"tweenEasing":0,"x":1.01},{"duration":4,"tweenEasing":0,"x":1.01},{"duration":3,"tweenEasing":0,"x":0.99},{"tweenEasing":0,"x":0.99},{"duration":0}]},{"name":"foot_l","translateFrame":[{"tweenEasing":0},{"tweenEasing":0,"x":-29.46,"y":-0.95},{"tweenEasing":0,"x":-70.59,"y":5.3},{"duration":3,"tweenEasing":0,"x":-93.04,"y":-2.94},{"duration":2,"tweenEasing":0,"x":-44.16,"y":11.78},{"duration":2}],"rotateFrame":[{"tweenEasing":0},{"tweenEasing":0},{"tweenEasing":0,"rotate":8.51},{"duration":3,"tweenEasing":0,"rotate":15.27},{"duration":2,"tweenEasing":0,"rotate":7.26},{"duration":2}],"scaleFrame":[{"tweenEasing":0},{"tweenEasing":0},{"duration":4,"tweenEasing":0,"x":0.99},{"duration":2,"tweenEasing":0,"x":0.99},{"duration":2}]},{"name":"thigh_l","translateFrame":[{"tweenEasing":0,"x":0.43,"y":39.85},{"tweenEasing":0,"x":0.1,"y":8.4},{"tweenEasing":0,"x":-0.17,"y":-14.45},{"duration":3,"tweenEasing":0,"x":-0.25,"y":-20.5},{"duration":2,"tweenEasing":0,"x":-0.21,"y":-17.35},{"tweenEasing":0,"x":-0.1,"y":-8.35},{"x":0.15,"y":16.55}]},{"name":"chest","translateFrame":[{"duration":2,"tweenEasing":0,"x":-0.32,"y":0.03},{"duration":4,"tweenEasing":0,"x":42.74,"y":-2.27},{"duration":2,"tweenEasing":0,"x":21.41,"y":-0.38},{"tweenEasing":0},{"x":-0.1,"y":-0.05}],"rotateFrame":[{"duration":2,"tweenEasing":0,"rotate":8.51},{"duration":4,"tweenEasing":0,"rotate":2.01},{"duration":2,"tweenEasing":0,"rotate":-13.02},{"tweenEasing":0,"rotate":-11.27},{"tweenEasing":0,"rotate":-7.51},{"duration":0,"rotate":5.75}],"scaleFrame":[{"duration":2,"tweenEasing":0,"x":0.99},{"duration":4,"tweenEasing":0},{"duration":2,"tweenEasing":0,"x":1.01},{"tweenEasing":0,"x":1.01},{}]},{"name":"foot_r","translateFrame":[{"tweenEasing":0},{"tweenEasing":0},{"tweenEasing":0,"x":-16.41,"y":3.15},{"duration":3,"tweenEasing":0,"x":-35.16,"y":-9.23},{"duration":2,"tweenEasing":0,"x":8.94,"y":11.69},{"duration":2}],"rotateFrame":[{"tweenEasing":0},{"tweenEasing":0},{"tweenEasing":0,"rotate":11.01},{"duration":3,"tweenEasing":0,"rotate":20.53},{"duration":2,"tweenEasing":0,"rotate":15.77},{"duration":2}],"scaleFrame":[{"tweenEasing":0},{"tweenEasing":0},{"duration":4,"tweenEasing":0,"x":0.99},{"duration":2,"tweenEasing":0,"x":0.99},{"duration":2}]},{"name":"thigh_r","translateFrame":[{"tweenEasing":0,"x":0.49,"y":40.8},{"tweenEasing":0,"x":0.1,"y":8.55},{"tweenEasing":0,"x":-0.18,"y":-14.8},{"duration":3,"tweenEasing":0,"x":-0.25,"y":-21},{"duration":2,"tweenEasing":0,"x":-0.21,"y":-17.8},{"tweenEasing":0,"x":-0.1,"y":-8.55},{"x":0.2,"y":16.9}]},{"name":"weapon_1","translateFrame":[{"duration":2,"tweenEasing":0,"x":-0.46,"y":0.94},{"duration":4,"tweenEasing":0,"x":-0.03,"y":0.51},{"duration":2,"tweenEasing":0,"x":0.62,"y":-0.51},{"tweenEasing":0,"x":0.49,"y":-0.5},{"tweenEasing":0,"x":-0.02,"y":-0.21},{"duration":0,"x":-0.26,"y":0.47}],"rotateFrame":[{"duration":2,"tweenEasing":0,"rotate":-0.12},{"duration":4,"tweenEasing":0,"rotate":-0.09},{"duration":2,"tweenEasing":0,"rotate":0.11},{"tweenEasing":0,"rotate":0.12},{"tweenEasing":0,"rotate":0.07},{"duration":0,"rotate":-0.05}],"scaleFrame":[{"duration":2,"tweenEasing":0,"x":1.01},{"duration":4,"tweenEasing":0,"x":1.01},{"duration":3,"tweenEasing":0,"x":0.99},{"tweenEasing":0,"x":0.99},{"duration":0}]},{"name":"weapon","translateFrame":[{"duration":2,"tweenEasing":0,"x":-0.97,"y":0.08},{"duration":4,"tweenEasing":0,"x":-0.17,"y":0.23},{"duration":2,"tweenEasing":0,"x":0.74,"y":0.01},{"tweenEasing":0,"x":0.67,"y":0.02},{"tweenEasing":0,"x":0.23,"y":-0.12},{"duration":0,"x":-0.4}],"rotateFrame":[{"duration":2,"tweenEasing":0,"rotate":-0.24},{"duration":4,"tweenEasing":0,"rotate":4.38},{"duration":2,"tweenEasing":0,"rotate":-0.57},{"tweenEasing":0,"rotate":-2.3},{"tweenEasing":0,"rotate":-0.2},{"duration":0,"rotate":-0.11}],"scaleFrame":[{"duration":2,"tweenEasing":0,"x":1.01},{"duration":4,"tweenEasing":0,"x":1.01},{"duration":3,"tweenEasing":0,"x":0.99},{"tweenEasing":0,"x":0.99},{"duration":0}]},{"name":"shouder_r","translateFrame":[{"duration":2,"tweenEasing":0,"x":-5.29,"y":0.74},{"duration":4,"tweenEasing":0,"x":-0.59,"y":1.8},{"duration":2,"tweenEasing":0,"x":9.41,"y":6.33},{"tweenEasing":0,"x":9.89,"y":7.33},{"tweenEasing":0,"x":1.77,"y":1.14},{"duration":0,"x":-9.15,"y":-3.85}],"rotateFrame":[{"duration":2,"tweenEasing":0,"rotate":-0.24},{"duration":4,"tweenEasing":0,"rotate":4.38},{"duration":2,"tweenEasing":0,"rotate":-0.56},{"tweenEasing":0,"rotate":-2.3},{"tweenEasing":0,"rotate":-1.2},{"duration":0,"rotate":-0.11}],"scaleFrame":[{"duration":2,"tweenEasing":0,"x":1.01},{"duration":4,"tweenEasing":0,"x":1.01},{"duration":3,"tweenEasing":0,"x":0.99},{"tweenEasing":0,"x":0.99},{"duration":0}]}]},{"duration":40,"fadeInTime":0.1,"name":"skill_01","bone":[{"name":"pelvis","translateFrame":[{"duration":2,"tweenEasing":0},{"duration":2,"tweenEasing":0,"x":-11.87,"y":-9.86},{"tweenEasing":0,"x":-21.62,"y":18.91},{"duration":3,"tweenEasing":0,"x":-22.86,"y":28.23},{"duration":4,"tweenEasing":0,"x":-21.62,"y":18.91},{"duration":17,"tweenEasing":0,"x":-22.35,"y":20.62},{"duration":3,"tweenEasing":0,"x":-22.35,"y":20.62},{"duration":4,"tweenEasing":0,"x":-13.96,"y":-4.73},{"duration":2,"tweenEasing":0},{"duration":2,"tweenEasing":0,"x":1.46,"y":4.78},{"duration":0}]},{"name":"shouder_l","translateFrame":[{"duration":2,"tweenEasing":0},{"duration":2,"tweenEasing":0,"x":2.95,"y":11.21},{"tweenEasing":0,"x":4.11,"y":23.17},{"duration":2,"tweenEasing":0,"x":5.36,"y":21.4},{"tweenEasing":0,"x":1.59,"y":17.67},{"tweenEasing":0,"x":1.66,"y":17.62},{"duration":3,"tweenEasing":0,"x":2.45,"y":18.17},{"duration":17,"tweenEasing":0,"x":5.18,"y":19.85},{"duration":3,"tweenEasing":0,"x":5.18,"y":19.85},{"duration":4,"tweenEasing":0,"x":2.86,"y":11.94},{"duration":2,"tweenEasing":0},{"duration":2,"tweenEasing":0,"x":0.1,"y":0.09},{"duration":0}],"rotateFrame":[{"duration":2,"tweenEasing":0},{"duration":2,"tweenEasing":0,"rotate":-2.44},{"tweenEasing":0,"rotate":-8.8},{"duration":2,"tweenEasing":0,"rotate":-15.4},{"tweenEasing":0,"rotate":-26.79},{"tweenEasing":0,"rotate":-26.98},{"duration":3,"tweenEasing":0,"rotate":-26.49},{"duration":17,"tweenEasing":0,"rotate":-24.7},{"duration":3,"tweenEasing":0,"rotate":-24.7},{"duration":4,"tweenEasing":0,"rotate":-14.96},{"duration":4}],"scaleFrame":[{"duration":2,"tweenEasing":0},{"duration":2,"tweenEasing":0},{"tweenEasing":0,"x":0.99},{"duration":2,"tweenEasing":0,"x":0.99},{"duration":22,"tweenEasing":0,"x":0.98},{"duration":3,"tweenEasing":0,"x":0.98},{"duration":4,"tweenEasing":0,"x":0.99},{"duration":4}]},{"name":"thigh_l","translateFrame":[{"duration":2,"tweenEasing":0},{"duration":2,"tweenEasing":0,"x":-11.67,"y":-9.76},{"tweenEasing":0,"x":-21.33,"y":18.66},{"duration":2,"tweenEasing":0,"x":-22.57,"y":27.87},{"tweenEasing":0,"x":-21.69,"y":21.56},{"tweenEasing":0,"x":-21.33,"y":18.66},{"duration":3,"tweenEasing":0,"x":-21.38,"y":18.26},{"duration":17,"tweenEasing":0,"x":-22.06,"y":20.37},{"duration":3,"tweenEasing":0,"x":-22.06,"y":20.37},{"duration":4,"tweenEasing":0,"x":-13.71,"y":-4.69},{"duration":2,"tweenEasing":0},{"duration":2,"tweenEasing":0,"x":1.46,"y":4.68},{"duration":0}]},{"name":"chest","translateFrame":[{"duration":2,"tweenEasing":0},{"duration":2,"tweenEasing":0,"x":0.05,"y":-0.05},{"tweenEasing":0,"x":-0.15,"y":-0.1},{"duration":3,"tweenEasing":0,"x":-0.2,"y":-0.1},{"tweenEasing":0,"x":-0.15,"y":-0.1},{"duration":3,"tweenEasing":0,"x":0.7,"y":0.05},{"duration":17,"tweenEasing":0,"x":-0.2,"y":-0.05},{"duration":3,"tweenEasing":0,"x":-0.2,"y":-0.05},{"duration":4,"tweenEasing":0,"y":-0.05},{"duration":4}],"rotateFrame":[{"duration":2,"tweenEasing":0},{"duration":2,"tweenEasing":0,"rotate":2.75},{"tweenEasing":0,"rotate":-1.25},{"duration":3,"tweenEasing":0,"rotate":4.75},{"tweenEasing":0,"rotate":3},{"duration":3,"tweenEasing":0,"rotate":2.5},{"duration":17,"tweenEasing":0,"rotate":3.75},{"duration":3,"tweenEasing":0,"rotate":3.75},{"duration":4,"tweenEasing":0,"rotate":2.25},{"duration":4}]},{"name":"foot_r","translateFrame":[{"duration":2,"tweenEasing":0},{"tweenEasing":0,"x":-23.31,"y":-9.02},{"tweenEasing":0,"x":-45.42,"y":-1.51},{"tweenEasing":0,"x":-45.77,"y":-1.2},{"duration":2,"tweenEasing":0,"x":-45.72,"y":-1.25},{"duration":25,"tweenEasing":0,"x":-45.42,"y":-1.51},{"duration":2,"tweenEasing":0,"x":-45.42,"y":-1.51},{"duration":2,"tweenEasing":0,"x":-25.68,"y":-6.14},{"duration":4}],"rotateFrame":[{"duration":2,"tweenEasing":0},{"tweenEasing":0,"rotate":6.26},{"tweenEasing":0},{"tweenEasing":0,"rotate":-0.5},{"duration":2,"tweenEasing":0,"rotate":-0.5},{"duration":33}],"scaleFrame":[{"duration":2,"tweenEasing":0},{"tweenEasing":0,"x":0.99},{"duration":37}]},{"name":"thigh_r","translateFrame":[{"duration":2,"tweenEasing":0},{"tweenEasing":0,"x":-12.02,"y":-10.01},{"tweenEasing":0,"x":-17.37,"y":2.56},{"tweenEasing":0,"x":-21.87,"y":19.06},{"duration":2,"tweenEasing":0,"x":-23.11,"y":28.53},{"tweenEasing":0,"x":-22.24,"y":22.02},{"tweenEasing":0,"x":-21.87,"y":19.06},{"duration":3,"tweenEasing":0,"x":-21.93,"y":18.66},{"duration":17,"tweenEasing":0,"x":-22.6,"y":20.82},{"duration":3,"tweenEasing":0,"x":-22.6,"y":20.82},{"duration":2,"tweenEasing":0,"x":-14.11,"y":-4.83},{"duration":2,"tweenEasing":0,"x":-6.71,"y":-4.72},{"tweenEasing":0},{"tweenEasing":0,"x":1.43,"y":2.78},{"tweenEasing":0,"x":1.51,"y":4.78},{"tweenEasing":0,"x":0.94,"y":2.99},{"duration":0}]},{"name":"weapon_1","translateFrame":[{"duration":2,"tweenEasing":0},{"duration":2,"tweenEasing":0,"x":-0.21,"y":0.1},{"tweenEasing":0,"x":-0.52,"y":-0.01},{"duration":3,"tweenEasing":0,"x":-0.65,"y":0.57},{"tweenEasing":0,"x":-0.57,"y":0.28},{"duration":3,"tweenEasing":0,"x":-0.57,"y":0.15},{"duration":17,"tweenEasing":0,"x":-0.63,"y":0.29},{"duration":3,"tweenEasing":0,"x":-0.63,"y":0.29},{"duration":4,"tweenEasing":0,"x":-0.22,"y":-0.26},{"duration":2,"tweenEasing":0},{"duration":2,"tweenEasing":0,"x":-0.08},{"duration":0}],"rotateFrame":[{"duration":2,"tweenEasing":0},{"duration":2,"tweenEasing":0,"rotate":-0.02},{"tweenEasing":0,"rotate":0.01},{"duration":3,"tweenEasing":0,"rotate":-0.04},{"tweenEasing":0,"rotate":-0.02},{"duration":3,"tweenEasing":0,"rotate":-0.02},{"duration":17,"tweenEasing":0,"rotate":-0.03},{"duration":3,"tweenEasing":0,"rotate":-0.03},{"duration":4,"tweenEasing":0,"rotate":-0.02},{"duration":4}]},{"name":"weapon","translateFrame":[{"duration":2,"tweenEasing":0},{"duration":2,"tweenEasing":0,"x":-0.07,"y":-0.03},{"tweenEasing":0,"x":-0.05,"y":-0.21},{"duration":3,"tweenEasing":0,"x":-0.41,"y":-0.26},{"tweenEasing":0,"x":-0.26,"y":-0.17},{"duration":3,"tweenEasing":0,"x":-0.17,"y":-0.3},{"duration":17,"tweenEasing":0,"x":-0.26,"y":-0.27},{"duration":3,"tweenEasing":0,"x":-0.26,"y":-0.27},{"duration":4,"tweenEasing":0,"x":-0.06,"y":-0.02},{"duration":2,"tweenEasing":0},{"duration":2,"tweenEasing":0,"x":-0.05,"y":0.03},{"duration":0}],"rotateFrame":[{"duration":2,"tweenEasing":0},{"duration":2,"tweenEasing":0,"rotate":-0.19},{"tweenEasing":0,"rotate":-0.04},{"duration":3,"tweenEasing":0,"rotate":-0.39},{"tweenEasing":0,"rotate":-0.18},{"duration":3,"tweenEasing":0,"rotate":-0.19},{"duration":17,"tweenEasing":0,"rotate":-0.16},{"duration":3,"tweenEasing":0,"rotate":-0.16},{"duration":4,"tweenEasing":0,"rotate":0.05},{"duration":4}]},{"name":"shouder_r","translateFrame":[{"duration":2,"tweenEasing":0},{"duration":2,"tweenEasing":0,"x":1.86,"y":11.89},{"tweenEasing":0,"x":5.3,"y":22.72},{"duration":2,"tweenEasing":0,"x":1.78,"y":21.47},{"tweenEasing":0,"x":-1.06,"y":17.52},{"tweenEasing":0,"x":-0.41,"y":17.51},{"duration":3,"tweenEasing":0,"x":0.77,"y":18.03},{"duration":17,"tweenEasing":0,"x":2.65,"y":19.83},{"duration":3,"tweenEasing":0,"x":2.65,"y":19.83},{"duration":4,"tweenEasing":0,"x":2,"y":12.4},{"duration":2,"tweenEasing":0},{"duration":2,"tweenEasing":0,"x":-0.09},{"duration":0}],"rotateFrame":[{"duration":2,"tweenEasing":0},{"duration":2,"tweenEasing":0,"rotate":-2.44},{"tweenEasing":0,"rotate":-8.8},{"duration":2,"tweenEasing":0,"rotate":-15.4},{"tweenEasing":0,"rotate":-26.79},{"tweenEasing":0,"rotate":-26.98},{"duration":3,"tweenEasing":0,"rotate":-26.49},{"duration":17,"tweenEasing":0,"rotate":-24.7},{"duration":3,"tweenEasing":0,"rotate":-24.7},{"duration":4,"tweenEasing":0,"rotate":-14.96},{"duration":4}],"scaleFrame":[{"duration":2,"tweenEasing":0},{"duration":2,"tweenEasing":0},{"tweenEasing":0,"x":0.99},{"duration":2,"tweenEasing":0,"x":0.99},{"duration":22,"tweenEasing":0,"x":0.98},{"duration":3,"tweenEasing":0,"x":0.98},{"duration":4,"tweenEasing":0,"x":0.99},{"duration":4}]}]},{"duration":100,"fadeInTime":0.01,"name":"aim","bone":[{"name":"pelvis","rotateFrame":[{"duration":100,"tweenEasing":0,"rotate":-30.59},{"duration":0,"rotate":30}]},{"name":"chest","rotateFrame":[{"duration":100,"tweenEasing":0,"rotate":-29.22},{"duration":0,"rotate":40.09}]},{"name":"weapon","rotateFrame":[{"duration":100,"tweenEasing":0,"rotate":-30.04},{"duration":0,"rotate":20.64}]}]}],"defaultActions":[{"gotoAndPlay":"idle"}]}]}