{
  "annotations": {
    "list": [
      {
        "builtIn": 1,
        "datasource": "-- Grafana --",
        "enable": true,
        "hide": true,
        "iconColor": "rgba(0, 211, 255, 1)",
        "name": "Annotations & Alerts",
        "type": "dashboard"
      }
    ]
  },
  "editable": true,
  "gnetId": null,
  "graphTooltip": 0,
  "id": 37,
  "iteration": 1679742399589,
  "links": [
    {
      "icon": "external link",
      "includeVars": true,
      "keepTime": true,
      "tags": [],
      "title": "Model Monitoring - Performance",
      "type": "link",
      "url": "/d/9CazA-UGz/model-monitoring-performance"
    },
    {
      "icon": "external link",
      "includeVars": true,
      "keepTime": true,
      "tags": [],
      "targetBlank": false,
      "title": "Model Monitoring - Details",
      "type": "link",
      "url": "d/AohIXhAMk/model-monitoring-details"
    }
  ],
  "panels": [
    {
      "datasource": "iguazio",
      "fieldConfig": {
        "defaults": {
          "custom": {},
          "mappings": [],
          "thresholds": {
            "mode": "absolute",
            "steps": [
              {
                "color": "green",
                "value": null
              },
              {
                "color": "red",
                "value": 80
              }
            ]
          }
        },
        "overrides": []
      },
      "gridPos": {
        "h": 3,
        "w": 5,
        "x": 0,
        "y": 0
      },
      "id": 6,
      "options": {
        "colorMode": "value",
        "graphMode": "none",
        "justifyMode": "center",
        "orientation": "auto",
        "reduceOptions": {
          "calcs": [
            "mean"
          ],
          "fields": "",
          "values": false
        },
        "textMode": "value"
      },
      "pluginVersion": "7.2.0",
      "targets": [
        {
          "rawQuery": true,
          "refId": "A",
          "target": "backend=kv;\ncontainer=users;\ntable=pipelines/$PROJECT/model-endpoints/endpoints;\nfields=uid;",
          "type": "table"
        }
      ],
      "timeFrom": null,
      "timeShift": null,
      "title": "Endpoints",
      "transformations": [
        {
          "id": "reduce",
          "options": {
            "reducers": [
              "count"
            ]
          }
        }
      ],
      "transparent": true,
      "type": "stat"
    },
    {
      "datasource": "model-monitoring",
      "fieldConfig": {
        "defaults": {
          "custom": {},
          "mappings": [],
          "thresholds": {
            "mode": "absolute",
            "steps": [
              {
                "color": "green",
                "value": null
              },
              {
                "color": "red",
                "value": 80
              }
            ]
          }
        },
        "overrides": []
      },
      "gridPos": {
        "h": 3,
        "w": 5,
        "x": 6,
        "y": 0
      },
      "id": 8,
      "options": {
        "colorMode": "value",
        "graphMode": "none",
        "justifyMode": "auto",
        "orientation": "auto",
        "reduceOptions": {
          "calcs": [
            "mean"
          ],
          "fields": "",
          "values": false
        },
        "textMode": "auto"
      },
      "pluginVersion": "7.2.0",
      "targets": [
        {
          "hide": false,
          "rawQuery": true,
          "refId": "A",
          "target": "project=$PROJECT;target_endpoint=list_endpoints;filter_router=True;",
          "type": "table"
        }
      ],
      "timeFrom": null,
      "timeShift": null,
      "title": "Predictions/s (5 Minute Average)",
      "transformations": [
        {
          "id": "organize",
          "options": {
            "excludeByName": {
              "accuracy": true,
              "drift_status": true,
              "endpoint_function": true,
              "endpoint_id": true,
              "endpoint_model": true,
              "endpoint_model_class": true,
              "error_count": true,
              "first_request": true,
              "last_request": true,
              "latency_avg_1h": true
            },
            "indexByName": {},
            "renameByName": {}
          }
        }
      ],
      "transparent": true,
      "type": "stat"
    },
    {
      "datasource": "model-monitoring",
      "fieldConfig": {
        "defaults": {
          "custom": {},
          "mappings": [],
          "thresholds": {
            "mode": "absolute",
            "steps": [
              {
                "color": "green",
                "value": null
              }
            ]
          },
          "unit": "µs"
        },
        "overrides": []
      },
      "gridPos": {
        "h": 3,
        "w": 5,
        "x": 12,
        "y": 0
      },
      "id": 25,
      "options": {
        "colorMode": "value",
        "graphMode": "none",
        "justifyMode": "auto",
        "orientation": "auto",
        "reduceOptions": {
          "calcs": [
            "mean"
          ],
          "fields": "",
          "values": false
        },
        "textMode": "auto"
      },
      "pluginVersion": "7.2.0",
      "targets": [
        {
          "hide": false,
          "rawQuery": true,
          "refId": "A",
          "target": "project=$PROJECT;target_endpoint=list_endpoints;filter_router=True;",
          "type": "table"
        }
      ],
      "timeFrom": null,
      "timeShift": null,
      "title": "Average Latency (Last Hour)",
      "transformations": [
        {
          "id": "organize",
          "options": {
            "excludeByName": {
              "accuracy": true,
              "drift_status": true,
              "endpoint_function": true,
              "endpoint_id": true,
              "endpoint_model": true,
              "endpoint_model_class": true,
              "error_count": true,
              "first_request": true,
              "last_request": true,
              "latency_avg_1h": false,
              "predictions_per_second": true
            },
            "indexByName": {},
            "renameByName": {
              "latency_avg_1h": "Average Latency (Last Hour)"
            }
          }
        }
      ],
      "transparent": true,
      "type": "stat"
    },
    {
      "datasource": "iguazio",
      "fieldConfig": {
        "defaults": {
          "custom": {},
          "mappings": [],
          "noValue": "0",
          "thresholds": {
            "mode": "absolute",
            "steps": [
              {
                "color": "green",
                "value": null
              },
              {
                "color": "red",
                "value": 80
              }
            ]
          }
        },
        "overrides": []
      },
      "gridPos": {
        "h": 3,
        "w": 6,
        "x": 18,
        "y": 0
      },
      "id": 12,
      "options": {
        "colorMode": "value",
        "graphMode": "none",
        "justifyMode": "auto",
        "orientation": "auto",
        "reduceOptions": {
          "calcs": [
            "mean"
          ],
          "fields": "",
          "values": false
        },
        "textMode": "auto"
      },
      "pluginVersion": "7.2.0",
      "targets": [
        {
          "rawQuery": true,
          "refId": "A",
          "target": "backend=kv;\ncontainer=users;\ntable=pipelines/$PROJECT/model-endpoints/endpoints;\nfields=error_count;",
          "type": "table"
        }
      ],
      "timeFrom": null,
      "timeShift": null,
      "title": "Errors",
      "transparent": true,
      "type": "stat"
    },
    {
      "datasource": "iguazio",
      "description": "",
      "fieldConfig": {
        "defaults": {
          "custom": {
            "align": "center",
            "displayMode": "auto",
            "filterable": true
          },
          "mappings": [
            {
              "from": "",
              "id": 0,
              "text": "",
              "to": "",
              "type": 1
            }
          ],
          "thresholds": {
            "mode": "absolute",
            "steps": [
              {
                "color": "green",
                "value": null
              },
              {
                "color": "red",
                "value": 80
              }
            ]
          }
        },
        "overrides": [
          {
            "matcher": {
              "id": "byName",
              "options": "First Request"
            },
            "properties": [
              {
                "id": "unit",
                "value": "dateTimeFromNow"
              },
              {
                "id": "custom.align",
                "value": "center"
              }
            ]
          },
          {
            "matcher": {
              "id": "byName",
              "options": "Last Request"
            },
            "properties": [
              {
                "id": "unit",
                "value": "dateTimeFromNow"
              },
              {
                "id": "custom.align",
                "value": "center"
              }
            ]
          },
          {
            "matcher": {
              "id": "byName",
              "options": "Endpoint ID"
            },
            "properties": [
              {
                "id": "links",
                "value": [
                  {
                    "title": "Endpoint ID Details",
                    "url": "/d/AohIXhAMk/model-monitoring-details?orgId=1&refresh=1m&var-PROJECT=$PROJECT&var-MODEL=﻿${__value.text}"
                  }
                ]
              }
            ]
          },
          {
            "matcher": {
              "id": "byName",
              "options": "Drift Status"
            },
            "properties": [
              {
                "id": "mappings",
                "value": [
                  {
                    "from": "",
                    "id": 0,
                    "text": "0",
                    "to": "",
                    "type": 1,
                    "value": "NO_DRIFT"
                  },
                  {
                    "from": "",
                    "id": 1,
                    "text": "1",
                    "to": "",
                    "type": 1,
                    "value": "POSSIBLE_DRIFT"
                  },
                  {
                    "from": "",
                    "id": 2,
                    "text": "2",
                    "to": "",
                    "type": 1,
                    "value": "DRIFT_DETECTED"
                  }
                ]
              }
            ]
          }
        ]
      },
      "gridPos": {
        "h": 13,
        "w": 24,
        "x": 0,
        "y": 3
      },
      "id": 24,
      "options": {
        "showHeader": true,
        "sortBy": [
          {
            "desc": false,
            "displayName": "Name"
          }
        ]
      },
      "pluginVersion": "7.2.0",
      "targets": [
        {
          "hide": false,
          "rawQuery": true,
          "refId": "A",
          "target": "backend=kv;\ncontainer=users;\ntable=pipelines/$PROJECT/model-endpoints/endpoints;\nfields=uid,function_uri,model,model_class,first_request,last_request,error_count,drift_status",
          "type": "table"
        }
      ],
      "timeFrom": null,
      "timeShift": null,
      "title": "Models",
      "transformations": [
        {
          "id": "organize",
          "options": {
            "excludeByName": {
              "model_hash": false
            },
            "indexByName": {
              "drift_status": 7,
              "error_count": 6,
              "first_request": 4,
              "function_uri": 1,
              "last_request": 5,
              "model": 2,
              "model_class": 3,
              "uid": 0
            },
            "renameByName": {
              "drift_status": "Drift Status",
              "endpoint_function": "Function",
              "endpoint_model": "Model",
              "endpoint_model_class": "Model Class",
              "endpoint_tag": "Tag",
              "error_count": "Error Count",
              "first_request": "First Request",
              "function": "Function",
              "function_uri": "Function",
              "last_request": "Last Request",
              "latency_avg_1s": "Average Latency",
              "model": "Model",
              "model_class": "Class",
              "predictions_per_second_count_1s": "Predictions/1s",
              "tag": "Tag",
              "uid": "Endpoint ID"
            }
          }
        }
      ],
      "type": "table"
    },
    {
      "cards": {
        "cardPadding": null,
        "cardRound": null
      },
      "color": {
        "cardColor": "#b4ff00",
        "colorScale": "sqrt",
        "colorScheme": "interpolatePlasma",
        "exponent": 0.5,
        "mode": "spectrum"
      },
      "dataFormat": "timeseries",
      "datasource": "iguazio",
      "fieldConfig": {
        "defaults": {
          "custom": {},
          "mappings": [],
          "thresholds": {
            "mode": "absolute",
            "steps": [
              {
                "color": "green",
                "value": null
              },
              {
                "color": "red",
                "value": 80
              }
            ]
          }
        },
        "overrides": []
      },
      "gridPos": {
        "h": 6,
        "w": 8,
        "x": 0,
        "y": 16
      },
      "heatmap": {},
      "hideZeroBuckets": false,
      "highlightCards": true,
      "id": 18,
      "legend": {
        "show": false
      },
      "pluginVersion": "7.2.0",
      "reverseYBuckets": false,
      "targets": [
        {
          "rawQuery": true,
          "refId": "A",
          "target": "backend=tsdb;\ncontainer=users;\ntable=pipelines/$PROJECT/model-endpoints/events;\nfields=predictions_per_second;filter=endpoint_type!='2';",
          "type": "timeserie"
        }
      ],
      "timeFrom": null,
      "timeShift": null,
      "title": "Predictions/s (5 Minute Average)",
      "tooltip": {
        "show": true,
        "showHistogram": false
      },
      "transparent": true,
      "type": "heatmap",
      "xAxis": {
        "show": true
      },
      "xBucketNumber": null,
      "xBucketSize": null,
      "yAxis": {
        "decimals": null,
        "format": "short",
        "logBase": 1,
        "max": null,
        "min": null,
        "show": true,
        "splitFactor": null
      },
      "yBucketBound": "auto",
      "yBucketNumber": null,
      "yBucketSize": null
    },
    {
      "cards": {
        "cardPadding": null,
        "cardRound": null
      },
      "color": {
        "cardColor": "#b4ff00",
        "colorScale": "sqrt",
        "colorScheme": "interpolatePlasma",
        "exponent": 0.5,
        "mode": "spectrum"
      },
      "dataFormat": "timeseries",
      "datasource": "iguazio",
      "fieldConfig": {
        "defaults": {
          "custom": {},
          "mappings": [],
          "thresholds": {
            "mode": "absolute",
            "steps": [
              {
                "color": "green",
                "value": null
              },
              {
                "color": "red",
                "value": 80
              }
            ]
          }
        },
        "overrides": [
          {
            "matcher": {
              "id": "byType",
              "options": "number"
            },
            "properties": [
              {
                "id": "unit",
                "value": "µs"
              }
            ]
          }
        ]
      },
      "gridPos": {
        "h": 6,
        "w": 8,
        "x": 8,
        "y": 16
      },
      "heatmap": {},
      "hideZeroBuckets": false,
      "highlightCards": true,
      "id": 19,
      "legend": {
        "show": false
      },
      "pluginVersion": "7.2.0",
      "reverseYBuckets": false,
      "targets": [
        {
          "rawQuery": true,
          "refId": "A",
          "target": "backend=tsdb;\ncontainer=users;\ntable=pipelines/$PROJECT/model-endpoints/events;\nfields=latency_avg_1h;filter=endpoint_type!='2';",
          "type": "timeserie"
        }
      ],
      "timeFrom": null,
      "timeShift": null,
      "title": "Average Latency (1 Hour)",
      "tooltip": {
        "show": true,
        "showHistogram": false
      },
      "transparent": true,
      "type": "heatmap",
      "xAxis": {
        "show": true
      },
      "xBucketNumber": null,
      "xBucketSize": null,
      "yAxis": {
        "decimals": null,
        "format": "short",
        "logBase": 1,
        "max": null,
        "min": null,
        "show": true,
        "splitFactor": null
      },
      "yBucketBound": "auto",
      "yBucketNumber": null,
      "yBucketSize": null
    },
    {
      "aliasColors": {},
      "bars": false,
      "dashLength": 10,
      "dashes": false,
      "datasource": "iguazio",
      "fieldConfig": {
        "defaults": {
          "custom": {}
        },
        "overrides": []
      },
      "fill": 1,
      "fillGradient": 0,
      "gridPos": {
        "h": 6,
        "w": 8,
        "x": 16,
        "y": 16
      },
      "hiddenSeries": false,
      "id": 20,
      "legend": {
        "avg": false,
        "current": false,
        "max": false,
        "min": false,
        "show": true,
        "total": false,
        "values": false
      },
      "lines": true,
      "linewidth": 1,
      "nullPointMode": "null",
      "options": {
        "alertThreshold": true
      },
      "percentage": false,
      "pluginVersion": "7.2.0",
      "pointradius": 2,
      "points": false,
      "renderer": "flot",
      "seriesOverrides": [],
      "spaceLength": 10,
      "stack": false,
      "steppedLine": false,
      "targets": [
        {
          "refId": "A",
          "target": "select metric",
          "type": "timeserie"
        }
      ],
      "thresholds": [],
      "timeFrom": null,
      "timeRegions": [],
      "timeShift": null,
      "title": "Errors",
      "tooltip": {
        "shared": true,
        "sort": 0,
        "value_type": "individual"
      },
      "transparent": true,
      "type": "graph",
      "xaxis": {
        "buckets": null,
        "mode": "time",
        "name": null,
        "show": true,
        "values": []
      },
      "yaxes": [
        {
          "format": "short",
          "label": null,
          "logBase": 1,
          "max": null,
          "min": null,
          "show": true
        },
        {
          "format": "short",
          "label": null,
          "logBase": 1,
          "max": null,
          "min": null,
          "show": true
        }
      ],
      "yaxis": {
        "align": false,
        "alignLevel": null
      }
    }
  ],
  "refresh": "30s",
  "schemaVersion": 26,
  "style": "dark",
  "tags": [],
  "templating": {
    "list": [
      {
        "allValue": null,
        "current": {},
        "datasource": "model-monitoring",
        "definition": "target_endpoint=list_projects",
        "hide": 0,
        "includeAll": false,
        "label": "Project",
        "multi": false,
        "name": "PROJECT",
        "options": [],
        "query": "target_endpoint=list_projects",
        "refresh": 1,
        "regex": "",
        "skipUrlSync": false,
        "sort": 0,
        "tagValuesQuery": "",
        "tags": [],
        "tagsQuery": "",
        "type": "query",
        "useTags": false
      }
    ]
  },
  "time": {
    "from": "now-3h",
    "to": "now"
  },
  "timepicker": {},
  "timezone": "",
  "title": "Model Monitoring - Overview",
  "uid": "g0M4uh0Mz",
  "version": 13
}