[
  {
    "title": "Understanding LLMs from Scratch Using Middle School Math",
    "date": "",
    "guests": [],
    "description": "",
    "youtubeUrl": "",
    "category": "dev",
    "hosts": [],
    "assignedTo": "",
    "status": "next up"
  },
  {
    "title": "New Episode",
    "date": "",
    "guests": [],
    "description": "",
    "youtubeUrl": "",
    "category": "dev",
    "hosts": [],
    "assignedTo": "",
    "status": "next up"
  },
  {
    "title": "Robotics and Embedded systems ",
    "date": "",
    "guests": [],
    "description": "",
    "youtubeUrl": "",
    "category": "dev",
    "hosts": [],
    "assignedTo": "",
    "status": "backlog"
  },
  {
    "title": "AI in sport ",
    "date": "2024-11-10",
    "guests": [],
    "description": "",
    "youtubeUrl": "",
    "category": "dev",
    "hosts": [],
    "assignedTo": "Mourad Mtouaa",
    "status": "scheduled"
  },
  {
    "title": "AMA & Tech News ",
    "date": "2024-11-24",
    "guests": [],
    "description": "",
    "youtubeUrl": "",
    "category": "dev",
    "hosts": [],
    "assignedTo": "",
    "status": "scheduled"
  },
  {
    "title": "AI for good",
    "date": "2024-11-17",
    "guests": [],
    "description": "",
    "youtubeUrl": "",
    "category": "ai",
    "hosts": [],
    "assignedTo": "Mohammed Daoudi",
    "status": "scheduled"
  },
  {
    "title": "Fintech in Morocco ",
    "date": "",
    "guests": [],
    "description": "",
    "youtubeUrl": "",
    "category": "dev",
    "hosts": [],
    "assignedTo": "",
    "status": "backlog"
  },
  {
    "title": "Startups in morocco",
    "date": "",
    "guests": [],
    "description": "",
    "youtubeUrl": "",
    "category": "dev",
    "hosts": [],
    "assignedTo": "",
    "status": "backlog"
  },
  {
    "title": "Golang",
    "date": "",
    "guests": [],
    "description": "",
    "youtubeUrl": "",
    "category": "dev",
    "hosts": [],
    "assignedTo": "",
    "status": "backlog"
  },
  {
    "title": "Women in Tech",
    "date": "",
    "guests": [],
    "description": "",
    "youtubeUrl": "",
    "category": "dev",
    "hosts": [],
    "assignedTo": "",
    "status": "backlog"
  },
  {
    "title": "وهم الإنتاجية وتحدي \n- `burnout`",
    "date": "2024-11-03T20:00:00.000+01:00",
    "guests": [],
    "description": "السلام 👋حلقة جديدة الأحد القادم 🚩\n\nالحلقة تهم الجميع فيها غادي نتحدثتوا على الهوس الحديث بالإنتاجية و الأخطار بحال الإرهاق و تدهور الصحية النفسية\n\nغادي ناقشو الحلول كذلك باش نتقدموا فمساراتنا المهنية بدون منهدموا صحاتنا النفسية ✅\n\nكونوا فالموعد و متنساوش أن حضوركم فالتعليقات فالبث المباشر كيساهم فإغناء الدرشة",
    "youtubeUrl": "https://www.youtube.com/watch?v=3JsNCcz1Hf0",
    "category": "career",
    "hosts": [],
    "assignedTo": "Abdelati EL ASRI",
    "status": "scheduled"
  },
  {
    "title": "New Episode based on twitter thread ",
    "date": "2023-10-01",
    "guests": [],
    "description": "",
    "youtubeUrl": "",
    "category": "dev",
    "hosts": [],
    "assignedTo": "",
    "status": "next up"
  },
  {
    "title": "Oracle Cloud Infrastructure: Deep Dive",
    "date": "",
    "guests": [],
    "description": "",
    "youtubeUrl": "",
    "category": "dev",
    "hosts": [],
    "assignedTo": "",
    "status": "backlog"
  },
  {
    "title": "Azure Cloud: Deep Dive",
    "date": "",
    "guests": [],
    "description": "",
    "youtubeUrl": "",
    "category": "dev",
    "hosts": [],
    "assignedTo": "",
    "status": "backlog"
  },
  {
    "title": "software in 2030",
    "date": "",
    "guests": [],
    "description": "",
    "youtubeUrl": "",
    "category": "dev",
    "hosts": [],
    "assignedTo": "",
    "status": "backlog"
  },
  {
    "title": "Quality Assurance ",
    "date": "",
    "guests": [],
    "description": "",
    "youtubeUrl": "",
    "category": "dev",
    "hosts": [],
    "assignedTo": "",
    "status": "backlog"
  },
  {
    "title": "MNCP episode ",
    "date": "2022-12-04",
    "guests": [],
    "description": "",
    "youtubeUrl": "",
    "category": "dev",
    "hosts": [],
    "assignedTo": "",
    "status": "backlog"
  },
  {
    "title": "Legal things for the programmer",
    "date": "",
    "guests": [],
    "description": "",
    "youtubeUrl": "",
    "category": "dev",
    "hosts": [],
    "assignedTo": "",
    "status": "backlog"
  },
  {
    "title": "Evolution of the web",
    "date": "",
    "guests": [],
    "description": "",
    "youtubeUrl": "",
    "category": "dev",
    "hosts": [],
    "assignedTo": "Otmane Fettal",
    "status": "backlog"
  },
  {
    "title": "Quality vs idea vs time managment ",
    "date": "",
    "guests": [],
    "description": "",
    "youtubeUrl": "",
    "category": "dev",
    "hosts": [],
    "assignedTo": "",
    "status": "backlog"
  },
  {
    "title": "212 founders for developers",
    "date": "",
    "guests": [],
    "description": "",
    "youtubeUrl": "",
    "category": "career",
    "hosts": [],
    "assignedTo": "",
    "status": "backlog"
  },
  {
    "title": "Book ?",
    "date": "2024-05-19",
    "guests": [],
    "description": "",
    "youtubeUrl": "",
    "category": "book",
    "hosts": [],
    "assignedTo": "Meriem Zaid",
    "status": "next up"
  }
]
