{
    "author": {
        "name": "nerds"
    },
    "name": "gcontacts",
    "description": "Google Contacts",
    "version": "0.0.8",
    "engines": {
        "node": ">=0.4.9"
    },
    "dependencies": {},
    "devDependencies": {},
    "title": "Google Contacts",
    "handle": "gcontacts",
    "update": "auto",
    "github": "https://github.com/LockerProject/Locker",
    "type": "connector",
    "static": "false",
    "oauthSize": {
        "width": 960,
        "height": 600
    },
    "url": "",
    "synclets": [
        {
            "name": "contacts",
            "frequency": 600
        }
    ],
    "provides": [
        "contact/gcontacts"
    ],
    "upserted": 1768097745336,
    "manifest": "Connectors/GoogleContacts/package.json",
    "srcdir": "Connectors/GoogleContacts",
    "provider": "gcontacts",
    "id": "gcontacts",
    "installed": 1768094646012,
    "uri": "http://localhost:8042/Me/gcontacts/",
    "externalUri": "http://localhost:40271/Me/gcontacts/",
    "loaded": 1768097745325
}