{
  "$schema": "http://json-schema.org/schema#",
  "definitions": {
    "BigQueryStatisticsDatasetFacet": {
      "allOf": [
        {
          "$ref": "https://raw.githubusercontent.com/OpenLineage/OpenLineage/main/spec/OpenLineage.json#/definitions/BaseFacet"
        },
        {
          "type": "object",
          "properties": {
            "rowCount": {
              "type": "int",
              "example": 20
            },
            "size": {
              "type": "int",
              "example": 321
            }
          },
          "required": ["rowCount", "size"]
        }
      ],
      "type": "object"
    }
  }
}
