{
  "migrations": [
    {
      "cli": "nx",
      "version": "18.0.0-beta.2",
      "description": "Updates nx.json to disabled adding plugins when generating projects in an existing Nx workspace",
      "implementation": "./src/migrations/update-18-0-0/disable-crystal-for-existing-workspaces",
      "x-repair-skip": true,
      "package": "nx",
      "name": "18.0.0-disable-adding-plugins-for-existing-workspaces"
    },
    {
      "version": "18.1.0-beta.3",
      "description": "Moves affected.defaultBase to defaultBase in `nx.json`",
      "implementation": "./src/migrations/update-17-2-0/move-default-base",
      "package": "nx",
      "name": "move-default-base-to-nx-json-root"
    },
    {
      "cli": "nx",
      "version": "18.0.0-beta.0",
      "description": "Add NX_MF_DEV_SERVER_STATIC_REMOTES to inputs for task hashing when '@nx/webpack:webpack' is used for Module Federation.",
      "factory": "./src/migrations/update-18-0-0/add-mf-env-var-to-target-defaults",
      "package": "@nx/react",
      "name": "add-module-federation-env-var-to-target-defaults"
    },
    {
      "cli": "nx",
      "version": "18.1.1-beta.0",
      "description": "Ensure targetDefaults inputs for task hashing when '@nx/webpack:webpack' is used are correct for Module Federation.",
      "factory": "./src/migrations/update-18-1-1/fix-target-defaults-inputs",
      "package": "@nx/react",
      "name": "fix-target-defaults-for-webpack"
    },
    {
      "cli": "nx",
      "version": "18.1.0-beta.3",
      "description": "Update to Cypress ^13.6.6 if the workspace is using Cypress v13 to ensure workspaces don't use v13.6.5 which has an issue when verifying Cypress.",
      "implementation": "./src/migrations/update-18-1-0/update-cypress-version-13-6-6",
      "package": "@nx/cypress",
      "name": "update-cypress-version-13-6-6"
    },
    {
      "cli": "nx",
      "version": "18.1.0-beta.3",
      "description": "Remove invalid baseUrl option from @nx/playwright:playwright targets in project.json.",
      "implementation": "./src/migrations/update-18-1-0/remove-baseUrl-from-project-json",
      "package": "@nx/playwright",
      "name": "18-1-0-remove-baseUrl-from-project-json"
    }
  ]
}
