{
  "$schema": "./node_modules/nx/schemas/nx-schema.json",
  "tasksRunnerOptions": {
    "default": {
      "runner": "nx-cloud",
      "options": {
        "accessToken": "NzM1Yjk0OWEtMDE4Ny00YWE2LTg4OGYtOWU4M2QzOWE1YjA5fHJlYWQtd3JpdGU=",
        "cacheableOperations": ["build-storybook"]
      }
    },
    "vercel": {
      "runner": "@vercel/remote-nx",
      "options": {
        "cacheableOperations": ["build", "test", "lint", "e2e"],
        "token": "<token>",
        "teamId": "<teamId>"
      }
    }
  },
  "nxCloudAccessToken": "NzM1Yjk0OWEtMDE4Ny00YWE2LTg4OGYtOWU4M2QzOWE1YjA5fHJlYWQtd3JpdGU=",
  "workspaceLayout": {
    "appsDir": "apps",
    "libsDir": "packages"
  },
  "plugins": [
    {
      "plugin": "@nx/next/plugin",
      "options": {
        "startTargetName": "start",
        "buildTargetName": "build",
        "devTargetName": "dev",
        "serveStaticTargetName": "serve-static"
      }
    },
    {
      "plugin": "@nx/eslint/plugin",
      "options": {
        "targetName": "eslint:lint",
        "extensions": ["ts", "tsx", "js", "jsx", "html", "vue"]
      }
    },
    {
      "plugin": "@nx/playwright/plugin",
      "options": {
        "targetName": "playwright:e2e"
      }
    },
    {
      "plugin": "@nx/rollup/plugin",
      "options": {
        "buildTargetName": "build"
      }
    }
  ],
  "pluginsConfig": {
    "@nx/js": {
      "analyzeSourceFiles": true
    }
  },
  "targetDefaults": {
    "build": {
      "dependsOn": ["^build"],
      "cache": true
    },
    "test": {
      "inputs": ["default", "^default", "{workspaceRoot}/jest.preset.js"],
      "cache": true
    },
    "lint": {
      "inputs": ["default", "{workspaceRoot}/.eslintrc.json"],
      "cache": true
    },
    "serve": {
      "cache": true
    },
    "@nx/jest:jest": {
      "inputs": ["default", "^default", "{workspaceRoot}/jest.preset.js"],
      "cache": true,
      "options": {
        "passWithNoTests": true
      },
      "configurations": {
        "ci": {
          "ci": true,
          "codeCoverage": true
        }
      }
    },
    "@nx/vite:test": {
      "inputs": ["default", "^default", "{workspaceRoot}/jest.preset.js"],
      "cache": true
    },
    "e2e": {
      "inputs": ["default", "^default"]
    },
    "build-storybook": {
      "cache": true,
      "inputs": [
        "default",
        "^default",
        "{projectRoot}/.storybook/**/*",
        "{projectRoot}/tsconfig.storybook.json"
      ]
    },
    "@nx/eslint:lint": {
      "inputs": ["default", "{workspaceRoot}/.eslintrc.json"],
      "cache": true
    },
    "@nx/js:tsc": {
      "cache": true,
      "dependsOn": ["^build"],
      "inputs": ["default", "^default"]
    },
    "@nx/esbuild:esbuild": {
      "cache": true,
      "dependsOn": ["^build"],
      "inputs": ["default", "^default"]
    },
    "@nx/vite:build": {
      "cache": true,
      "dependsOn": ["^build"],
      "inputs": ["default", "^default"]
    },
    "publish": {
      "options": {
        "access": "public"
      }
    },
    "nx-release-publish": {
      "options": {
        "packageRoot": "dist/packages/{projectName}"
      }
    }
  },
  "generators": {
    "@nx/react": {
      "application": {
        "style": "css",
        "linter": "eslint",
        "bundler": "webpack",
        "babel": true
      },
      "component": {
        "style": "css"
      },
      "library": {
        "style": "css",
        "linter": "eslint",
        "unitTestRunner": "jest"
      }
    },
    "@nx/web:application": {
      "style": "css",
      "linter": "eslint",
      "unitTestRunner": "jest",
      "e2eTestRunner": "cypress"
    },
    "@nx/next": {
      "application": {
        "style": "css",
        "linter": "eslint"
      }
    }
  },
  "defaultProject": "@magickml/server",
  "useInferencePlugins": true,
  "defaultBase": "main",
  "release": {
    "changelog": {
      "workspaceChangelog": {
        "createRelease": "github"
      }
    },
    "projects": [
      "packages/server/**/*",
      "plugins/*",
      "packages/embedder/**/*",
      "packages/shared/*",
      "!packages/shared/llm-service-types",
      "!packages/server/cloud-agent-manager",
      "!packages/server/cloud-agent-worker",
      "!packages/server/communication",
      "!packages/server/meter",
      "!packages/server/agents-v2",
      "!portal/cloud/packages/ideClient",
      "packages/server/agent-service"
    ],
    "version": {
      "preVersionCommand": "npm run build-release",
      "generatorOptions": {
        "packageRoot": "dist/packages/{projectName}",
        "currentVersionResolver": "registry"
      },
      "exclude": [
        "server-cloud-agent-manager",
        "server-cloud-agent-worker",
        "shared/llm-service-types",
        "server/communication",
        "server/agents-v2",
        "server/meter",
        "ideClient"
      ]
    }
  }
}
