{
	"version": "6",
	"dialect": "sqlite",
	"id": "fe0342f9-5cae-44a5-86d3-368c43bf7869",
	"prevId": "00000000-0000-0000-0000-000000000000",
	"tables": {
		"AnalyticsRefreshes": {
			"name": "AnalyticsRefreshes",
			"columns": {
				"id": {
					"name": "id",
					"type": "integer",
					"primaryKey": true,
					"notNull": true,
					"autoincrement": true
				},
				"created": {
					"name": "created",
					"type": "text",
					"primaryKey": false,
					"notNull": true,
					"autoincrement": false,
					"default": "CURRENT_TIMESTAMP"
				},
				"modified": {
					"name": "modified",
					"type": "text",
					"primaryKey": false,
					"notNull": true,
					"autoincrement": false,
					"default": "CURRENT_TIMESTAMP"
				},
				"deleted": {
					"name": "deleted",
					"type": "text",
					"primaryKey": false,
					"notNull": false,
					"autoincrement": false
				},
				"version": {
					"name": "version",
					"type": "text",
					"primaryKey": false,
					"notNull": true,
					"autoincrement": false
				}
			},
			"indexes": {},
			"foreignKeys": {},
			"compositePrimaryKeys": {},
			"uniqueConstraints": {}
		},
		"AnalyticsSimpleCallFeedback": {
			"name": "AnalyticsSimpleCallFeedback",
			"columns": {
				"id": {
					"name": "id",
					"type": "integer",
					"primaryKey": true,
					"notNull": true,
					"autoincrement": true
				},
				"created": {
					"name": "created",
					"type": "text",
					"primaryKey": false,
					"notNull": true,
					"autoincrement": false,
					"default": "CURRENT_TIMESTAMP"
				},
				"modified": {
					"name": "modified",
					"type": "text",
					"primaryKey": false,
					"notNull": true,
					"autoincrement": false,
					"default": "CURRENT_TIMESTAMP"
				},
				"deleted": {
					"name": "deleted",
					"type": "text",
					"primaryKey": false,
					"notNull": false,
					"autoincrement": false
				},
				"version": {
					"name": "version",
					"type": "text",
					"primaryKey": false,
					"notNull": true,
					"autoincrement": false
				},
				"experiencedIssues": {
					"name": "experiencedIssues",
					"type": "integer",
					"primaryKey": false,
					"notNull": true,
					"autoincrement": false
				}
			},
			"indexes": {},
			"foreignKeys": {},
			"compositePrimaryKeys": {},
			"uniqueConstraints": {}
		}
	},
	"enums": {},
	"_meta": {
		"schemas": {},
		"tables": {},
		"columns": {}
	},
	"internal": {
		"indexes": {}
	}
}
