{
	"version": "6",
	"dialect": "sqlite",
	"id": "09e3ebdf-2b4c-466e-9e47-679c8f22b42d",
	"prevId": "fe0342f9-5cae-44a5-86d3-368c43bf7869",
	"tables": {
		"AnalyticsRefreshes": {
			"name": "AnalyticsRefreshes",
			"columns": {
				"id": {
					"name": "id",
					"type": "integer",
					"primaryKey": true,
					"notNull": true,
					"autoincrement": true
				},
				"created": {
					"name": "created",
					"type": "text",
					"primaryKey": false,
					"notNull": true,
					"autoincrement": false,
					"default": "CURRENT_TIMESTAMP"
				},
				"modified": {
					"name": "modified",
					"type": "text",
					"primaryKey": false,
					"notNull": true,
					"autoincrement": false,
					"default": "CURRENT_TIMESTAMP"
				},
				"deleted": {
					"name": "deleted",
					"type": "text",
					"primaryKey": false,
					"notNull": false,
					"autoincrement": false
				},
				"version": {
					"name": "version",
					"type": "text",
					"primaryKey": false,
					"notNull": true,
					"autoincrement": false
				}
			},
			"indexes": {},
			"foreignKeys": {},
			"compositePrimaryKeys": {},
			"uniqueConstraints": {}
		},
		"AnalyticsSimpleCallFeedback": {
			"name": "AnalyticsSimpleCallFeedback",
			"columns": {
				"id": {
					"name": "id",
					"type": "integer",
					"primaryKey": true,
					"notNull": true,
					"autoincrement": true
				},
				"created": {
					"name": "created",
					"type": "text",
					"primaryKey": false,
					"notNull": true,
					"autoincrement": false,
					"default": "CURRENT_TIMESTAMP"
				},
				"modified": {
					"name": "modified",
					"type": "text",
					"primaryKey": false,
					"notNull": true,
					"autoincrement": false,
					"default": "CURRENT_TIMESTAMP"
				},
				"deleted": {
					"name": "deleted",
					"type": "text",
					"primaryKey": false,
					"notNull": false,
					"autoincrement": false
				},
				"version": {
					"name": "version",
					"type": "text",
					"primaryKey": false,
					"notNull": true,
					"autoincrement": false
				},
				"experiencedIssues": {
					"name": "experiencedIssues",
					"type": "integer",
					"primaryKey": false,
					"notNull": true,
					"autoincrement": false
				},
				"meetingId": {
					"name": "meetingId",
					"type": "text",
					"primaryKey": false,
					"notNull": false,
					"autoincrement": false
				}
			},
			"indexes": {},
			"foreignKeys": {
				"AnalyticsSimpleCallFeedback_meetingId_Meetings_id_fk": {
					"name": "AnalyticsSimpleCallFeedback_meetingId_Meetings_id_fk",
					"tableFrom": "AnalyticsSimpleCallFeedback",
					"tableTo": "Meetings",
					"columnsFrom": ["meetingId"],
					"columnsTo": ["id"],
					"onDelete": "no action",
					"onUpdate": "no action"
				}
			},
			"compositePrimaryKeys": {},
			"uniqueConstraints": {}
		},
		"Meetings": {
			"name": "Meetings",
			"columns": {
				"id": {
					"name": "id",
					"type": "text",
					"primaryKey": true,
					"notNull": true,
					"autoincrement": false
				},
				"created": {
					"name": "created",
					"type": "text",
					"primaryKey": false,
					"notNull": true,
					"autoincrement": false,
					"default": "CURRENT_TIMESTAMP"
				},
				"modified": {
					"name": "modified",
					"type": "text",
					"primaryKey": false,
					"notNull": true,
					"autoincrement": false,
					"default": "CURRENT_TIMESTAMP"
				},
				"deleted": {
					"name": "deleted",
					"type": "text",
					"primaryKey": false,
					"notNull": false,
					"autoincrement": false
				},
				"userCount": {
					"name": "userCount",
					"type": "integer",
					"primaryKey": false,
					"notNull": true,
					"autoincrement": false
				},
				"ended": {
					"name": "ended",
					"type": "text",
					"primaryKey": false,
					"notNull": false,
					"autoincrement": false
				}
			},
			"indexes": {},
			"foreignKeys": {},
			"compositePrimaryKeys": {},
			"uniqueConstraints": {}
		}
	},
	"enums": {},
	"_meta": {
		"schemas": {},
		"tables": {},
		"columns": {}
	},
	"internal": {
		"indexes": {}
	}
}
