<?xml version="1.0" encoding="UTF-8"?>
<!DOCTYPE mapper PUBLIC "-//mybatis.org//DTD Mapper 3.0//EN" "http://mybatis.org/dtd/mybatis-3-mapper.dtd">
<mapper namespace="com.lib.zgenerate.ClassificationMapper">
  <resultMap id="BaseResultMap" type="com.lib.zgenerate.Classification">
    <constructor>
      <idArg column="classification_id" javaType="java.lang.Long" jdbcType="BIGINT" />
      <arg column="classification_name" javaType="java.lang.String" jdbcType="VARCHAR" />
      <arg column="classification_picture" javaType="java.lang.String" jdbcType="VARCHAR" />
      <arg column="parent_id" javaType="java.lang.Long" jdbcType="BIGINT" />
      <arg column="parent_path" javaType="java.lang.String" jdbcType="VARCHAR" />
    </constructor>
  </resultMap>
  <resultMap id="ResultMapWithBLOBs" type="com.lib.zgenerate.Classification">
    <constructor>
      <idArg column="classification_id" javaType="java.lang.Long" jdbcType="BIGINT" />
      <arg column="classification_name" javaType="java.lang.String" jdbcType="VARCHAR" />
      <arg column="classification_picture" javaType="java.lang.String" jdbcType="VARCHAR" />
      <arg column="parent_id" javaType="java.lang.Long" jdbcType="BIGINT" />
      <arg column="parent_path" javaType="java.lang.String" jdbcType="VARCHAR" />
      <arg column="classification_brief" javaType="java.lang.String" jdbcType="LONGVARCHAR" />
    </constructor>
  </resultMap>
  <sql id="Base_Column_List">
    classification_id, classification_name, classification_picture, parent_id, parent_path
  </sql>
  <sql id="Blob_Column_List">
    classification_brief
  </sql>
  <select id="selectByPrimaryKey" parameterType="java.lang.Long" resultMap="ResultMapWithBLOBs">
    select 
    <include refid="Base_Column_List" />
    ,
    <include refid="Blob_Column_List" />
    from classification
    where classification_id = #{classificationId,jdbcType=BIGINT}
  </select>
  <delete id="deleteByPrimaryKey" parameterType="java.lang.Long">
    delete from classification
    where classification_id = #{classificationId,jdbcType=BIGINT}
  </delete>
  <insert id="insert" parameterType="com.lib.zgenerate.Classification">
    insert into classification (classification_id, classification_name, 
      classification_picture, parent_id, parent_path, 
      classification_brief)
    values (#{classificationId,jdbcType=BIGINT}, #{classificationName,jdbcType=VARCHAR}, 
      #{classificationPicture,jdbcType=VARCHAR}, #{parentId,jdbcType=BIGINT}, #{parentPath,jdbcType=VARCHAR}, 
      #{classificationBrief,jdbcType=LONGVARCHAR})
  </insert>
  <insert id="insertSelective" parameterType="com.lib.zgenerate.Classification">
    insert into classification
    <trim prefix="(" suffix=")" suffixOverrides=",">
      <if test="classificationId != null">
        classification_id,
      </if>
      <if test="classificationName != null">
        classification_name,
      </if>
      <if test="classificationPicture != null">
        classification_picture,
      </if>
      <if test="parentId != null">
        parent_id,
      </if>
      <if test="parentPath != null">
        parent_path,
      </if>
      <if test="classificationBrief != null">
        classification_brief,
      </if>
    </trim>
    <trim prefix="values (" suffix=")" suffixOverrides=",">
      <if test="classificationId != null">
        #{classificationId,jdbcType=BIGINT},
      </if>
      <if test="classificationName != null">
        #{classificationName,jdbcType=VARCHAR},
      </if>
      <if test="classificationPicture != null">
        #{classificationPicture,jdbcType=VARCHAR},
      </if>
      <if test="parentId != null">
        #{parentId,jdbcType=BIGINT},
      </if>
      <if test="parentPath != null">
        #{parentPath,jdbcType=VARCHAR},
      </if>
      <if test="classificationBrief != null">
        #{classificationBrief,jdbcType=LONGVARCHAR},
      </if>
    </trim>
  </insert>
  <update id="updateByPrimaryKeySelective" parameterType="com.lib.zgenerate.Classification">
    update classification
    <set>
      <if test="classificationName != null">
        classification_name = #{classificationName,jdbcType=VARCHAR},
      </if>
      <if test="classificationPicture != null">
        classification_picture = #{classificationPicture,jdbcType=VARCHAR},
      </if>
      <if test="parentId != null">
        parent_id = #{parentId,jdbcType=BIGINT},
      </if>
      <if test="parentPath != null">
        parent_path = #{parentPath,jdbcType=VARCHAR},
      </if>
      <if test="classificationBrief != null">
        classification_brief = #{classificationBrief,jdbcType=LONGVARCHAR},
      </if>
    </set>
    where classification_id = #{classificationId,jdbcType=BIGINT}
  </update>
  <update id="updateByPrimaryKeyWithBLOBs" parameterType="com.lib.zgenerate.Classification">
    update classification
    set classification_name = #{classificationName,jdbcType=VARCHAR},
      classification_picture = #{classificationPicture,jdbcType=VARCHAR},
      parent_id = #{parentId,jdbcType=BIGINT},
      parent_path = #{parentPath,jdbcType=VARCHAR},
      classification_brief = #{classificationBrief,jdbcType=LONGVARCHAR}
    where classification_id = #{classificationId,jdbcType=BIGINT}
  </update>
  <update id="updateByPrimaryKey" parameterType="com.lib.zgenerate.Classification">
    update classification
    set classification_name = #{classificationName,jdbcType=VARCHAR},
      classification_picture = #{classificationPicture,jdbcType=VARCHAR},
      parent_id = #{parentId,jdbcType=BIGINT},
      parent_path = #{parentPath,jdbcType=VARCHAR}
    where classification_id = #{classificationId,jdbcType=BIGINT}
  </update>
</mapper>