<?xml version="1.0" encoding="UTF-8"?>
<!DOCTYPE mapper PUBLIC "-//mybatis.org//DTD Mapper 3.0//EN" "http://mybatis.org/dtd/mybatis-3-mapper.dtd">
<mapper namespace="com.lib.zgenerate.UserInfoMapper">
  <resultMap id="BaseResultMap" type="com.lib.zgenerate.UserInfo">
    <constructor>
      <idArg column="user_id" javaType="java.lang.Long" jdbcType="BIGINT" />
      <arg column="user_name" javaType="java.lang.String" jdbcType="VARCHAR" />
      <arg column="user_password" javaType="java.lang.String" jdbcType="VARCHAR" />
      <arg column="user_type" javaType="java.lang.Integer" jdbcType="INTEGER" />
      <arg column="user_email" javaType="java.lang.String" jdbcType="VARCHAR" />
      <arg column="user_photo" javaType="java.lang.String" jdbcType="VARCHAR" />
    </constructor>
  </resultMap>
  <sql id="Base_Column_List">
    user_id, user_name, user_password, user_type, user_email, user_photo
  </sql>
  <select id="selectByPrimaryKey" parameterType="java.lang.Long" resultMap="BaseResultMap">
    select 
    <include refid="Base_Column_List" />
    from user_info
    where user_id = #{userId,jdbcType=BIGINT}
  </select>
  <delete id="deleteByPrimaryKey" parameterType="java.lang.Long">
    delete from user_info
    where user_id = #{userId,jdbcType=BIGINT}
  </delete>
  <insert id="insert" parameterType="com.lib.zgenerate.UserInfo">
    insert into user_info (user_id, user_name, user_password, 
      user_type, user_email, user_photo
      )
    values (#{userId,jdbcType=BIGINT}, #{userName,jdbcType=VARCHAR}, #{userPassword,jdbcType=VARCHAR}, 
      #{userType,jdbcType=INTEGER}, #{userEmail,jdbcType=VARCHAR}, #{userPhoto,jdbcType=VARCHAR}
      )
  </insert>
  <insert id="insertSelective" parameterType="com.lib.zgenerate.UserInfo">
    insert into user_info
    <trim prefix="(" suffix=")" suffixOverrides=",">
      <if test="userId != null">
        user_id,
      </if>
      <if test="userName != null">
        user_name,
      </if>
      <if test="userPassword != null">
        user_password,
      </if>
      <if test="userType != null">
        user_type,
      </if>
      <if test="userEmail != null">
        user_email,
      </if>
      <if test="userPhoto != null">
        user_photo,
      </if>
    </trim>
    <trim prefix="values (" suffix=")" suffixOverrides=",">
      <if test="userId != null">
        #{userId,jdbcType=BIGINT},
      </if>
      <if test="userName != null">
        #{userName,jdbcType=VARCHAR},
      </if>
      <if test="userPassword != null">
        #{userPassword,jdbcType=VARCHAR},
      </if>
      <if test="userType != null">
        #{userType,jdbcType=INTEGER},
      </if>
      <if test="userEmail != null">
        #{userEmail,jdbcType=VARCHAR},
      </if>
      <if test="userPhoto != null">
        #{userPhoto,jdbcType=VARCHAR},
      </if>
    </trim>
  </insert>
  <update id="updateByPrimaryKeySelective" parameterType="com.lib.zgenerate.UserInfo">
    update user_info
    <set>
      <if test="userName != null">
        user_name = #{userName,jdbcType=VARCHAR},
      </if>
      <if test="userPassword != null">
        user_password = #{userPassword,jdbcType=VARCHAR},
      </if>
      <if test="userType != null">
        user_type = #{userType,jdbcType=INTEGER},
      </if>
      <if test="userEmail != null">
        user_email = #{userEmail,jdbcType=VARCHAR},
      </if>
      <if test="userPhoto != null">
        user_photo = #{userPhoto,jdbcType=VARCHAR},
      </if>
    </set>
    where user_id = #{userId,jdbcType=BIGINT}
  </update>
  <update id="updateByPrimaryKey" parameterType="com.lib.zgenerate.UserInfo">
    update user_info
    set user_name = #{userName,jdbcType=VARCHAR},
      user_password = #{userPassword,jdbcType=VARCHAR},
      user_type = #{userType,jdbcType=INTEGER},
      user_email = #{userEmail,jdbcType=VARCHAR},
      user_photo = #{userPhoto,jdbcType=VARCHAR}
    where user_id = #{userId,jdbcType=BIGINT}
  </update>
</mapper>