{
	"base": "vs",
	"inherit": true,
	"rules": [
		{
			"background": "ff0000",
			"token": ""
		},
		{
			"foreground": "000000",
			"background": "f0f0f0",
			"token": "text"
		},
		{
			"background": "ff0000",
			"token": "source.ruby.rails.embedded.html"
		},
		{
			"foreground": "000000",
			"background": "e0e0e0",
			"token": "text.html.ruby"
		},
		{
			"foreground": "008000",
			"token": "constant.numeric.ruby"
		},
		{
			"foreground": "000000",
			"background": "ff0000",
			"token": "source"
		},
		{
			"foreground": "999999",
			"token": "comment"
		},
		{
			"foreground": "0000cc",
			"token": "constant"
		},
		{
			"foreground": "ff4500",
			"token": "keyword"
		},
		{
			"foreground": "008080",
			"token": "keyword.preprocessor"
		},
		{
			"foreground": "000000",
			"token": "keyword.preprocessor directive"
		},
		{
			"foreground": "cc9900",
			"token": "entity.name.function"
		},
		{
			"foreground": "cc9900",
			"token": "storage.type.function.js"
		},
		{
			"fontStyle": "italic",
			"token": "variable.parameter"
		},
		{
			"foreground": "999999",
			"background": "f0f0f0",
			"token": "source comment.block"
		},
		{
			"foreground": "000000",
			"token": "variable.other"
		},
		{
			"foreground": "008000",
			"token": "support.function.activerecord.rails"
		},
		{
			"foreground": "0000ff",
			"token": "string"
		},
		{
			"foreground": "aaaaaa",
			"token": "string constant.character.escape"
		},
		{
			"foreground": "000000",
			"background": "cccc33",
			"token": "string.interpolated"
		},
		{
			"foreground": "008080",
			"token": "string.regexp"
		},
		{
			"foreground": "cccc33",
			"token": "string.literal"
		},
		{
			"foreground": "555555",
			"token": "string.interpolated constant.character.escape"
		},
		{
			"fontStyle": "underline",
			"token": "entity.name.class"
		},
		{
			"fontStyle": "underline",
			"token": "support.class.js"
		},
		{
			"fontStyle": "italic underline",
			"token": "entity.other.inherited-class"
		},
		{
			"foreground": "ff4500",
			"token": "meta.tag.inline.any.html"
		},
		{
			"foreground": "ff4500",
			"token": "meta.tag.block.any.html"
		},
		{
			"foreground": "99cc99",
			"fontStyle": "italic",
			"token": "entity.other.attribute-name"
		},
		{
			"foreground": "cc9900",
			"token": "keyword.other"
		},
		{
			"foreground": "ff4500",
			"token": "meta.selector.css"
		},
		{
			"foreground": "ff4500",
			"token": "entity.other.attribute-name.pseudo-class.css"
		},
		{
			"foreground": "ff4500",
			"token": "entity.name.tag.wildcard.css"
		},
		{
			"foreground": "ff4500",
			"token": "entity.other.attribute-name.id.css"
		},
		{
			"foreground": "ff4500",
			"token": "entity.other.attribute-name.class.css"
		},
		{
			"foreground": "999966",
			"token": "support.type.property-name.css"
		},
		{
			"foreground": "000000",
			"token": "keyword.other.unit.css"
		},
		{
			"foreground": "000000",
			"token": "constant.other.rgb-value.css"
		},
		{
			"foreground": "000000",
			"token": "constant.numeric.css"
		},
		{
			"foreground": "000000",
			"token": "support.function.event-handler.js"
		},
		{
			"foreground": "000000",
			"token": "keyword.operator.js"
		},
		{
			"foreground": "cccc66",
			"token": "keyword.control.js"
		},
		{
			"foreground": "000000",
			"token": "support.class.prototype.js"
		},
		{
			"foreground": "ff4500",
			"token": "object.property.function.prototype.js"
		}
	],
	"colors": {
		"editor.foreground": "#000000",
		"editor.background": "#ffffff",
		"editor.selectionBackground": "#d9d9d9",
		"editor.lineHighlightBackground": "#f5f5f5",
		"editorCursor.foreground": "#000000",
		"editorWhitespace.foreground": "#404040"
	}
}
