{"width":1024,"SubTexture":[{"y":234,"frameWidth":112,"x":456,"frameHeight":210,"width":111,"frameY":0,"height":209,"name":"parts/tailTip","frameX":0},{"width":112,"y":234,"height":86,"name":"parts/armUpperL","x":340},{"width":48,"y":859,"height":80,"name":"parts/armL","x":373},{"width":96,"y":922,"height":78,"name":"parts/handL","x":1},{"y":677,"frameWidth":204,"x":238,"frameHeight":180,"width":203,"frameY":0,"height":180,"name":"parts/legL","frameX":0},{"y":397,"frameWidth":236,"x":1,"frameHeight":348,"width":235,"frameY":0,"height":347,"name":"parts/body","frameX":0},{"width":216,"y":397,"height":278,"name":"parts/tail","x":238},{"width":208,"y":746,"height":174,"name":"parts/clothes1","x":1},{"width":124,"y":677,"height":282,"name":"parts/hair","x":443},{"y":1,"frameWidth":338,"x":1,"frameHeight":394,"width":337,"frameY":0,"height":394,"name":"parts/head","frameX":0},{"width":28,"y":961,"height":46,"name":"parts/eyeL","x":459},{"y":961,"frameWidth":38,"x":420,"frameHeight":58,"width":37,"frameY":0,"height":58,"name":"parts/eyeR","frameX":0},{"y":1,"frameWidth":180,"x":340,"frameHeight":232,"width":180,"frameY":0,"height":231,"name":"parts/legR","frameX":0},{"width":160,"y":859,"height":94,"name":"parts/armUpperR","x":211},{"y":941,"frameWidth":46,"x":373,"frameHeight":78,"width":45,"frameY":0,"height":77,"name":"parts/armR","frameX":0},{"width":98,"y":322,"height":58,"name":"parts/handR","x":340},{"y":955,"frameWidth":120,"x":237,"frameHeight":36,"width":119,"frameY":0,"height":36,"name":"parts/beardL","frameX":0},{"width":136,"y":955,"height":36,"name":"parts/beardR","x":99}],"height":1024,"name":"Dragon","imagePath":"Dragon_tex.png"}