{"frameRate":24,"name":"Dragon","version":"5.5","compatibleVersion":"5.5","armature":[{"type":"Armature","frameRate":24,"name":"Dragon","aabb":{"x":-234.41,"y":-431.81,"width":693.28,"height":769.59},"bone":[{"name":"root"},{"length":150,"name":"body","parent":"root","transform":{"x":26.0941,"y":50.5419,"skX":-94.9653,"skY":-94.9653}},{"length":120,"name":"legR","parent":"body","transform":{"x":-95.6182,"y":46.9,"skX":-156.0107,"skY":-156.0107}},{"length":150,"name":"armUpperR","parent":"body","transform":{"x":80.5853,"y":31.3927,"skX":159.9921,"skY":159.9921}},{"length":150,"name":"legL","parent":"body","transform":{"x":-71.0496,"y":-60.2758,"skX":-154.3312,"skY":-154.3312}},{"length":150,"name":"head","parent":"body","transform":{"x":163.1145,"y":-5.8037,"skX":11.4957,"skY":11.4957}},{"length":70,"name":"armUpperL","parent":"body","transform":{"x":74.4813,"y":-93.6047,"skX":-171.7742,"skY":-171.7742}},{"length":250,"name":"tail","parent":"body","transform":{"x":-117.1092,"y":70.127,"skX":79.7425,"skY":79.7425}},{"length":80,"name":"clothes","parent":"body","transform":{"x":1.423,"y":-31.7416,"skX":-37.5342,"skY":-37.5342}},{"length":60,"name":"armL","parent":"armUpperL","transform":{"x":66.7632,"y":2.2256,"skX":30.7088,"skY":30.7088}},{"name":"eyeR","parent":"head","transform":{"x":140.2628,"y":-23.9957,"skX":80.4531,"skY":80.4531}},{"length":150,"name":"tailTip","parent":"tail","transform":{"x":257.8621,"y":-3.1008,"skX":-37.5192,"skY":-37.5192}},{"name":"eyeL","parent":"head","transform":{"x":133.7701,"y":-101.188,"skX":80.4531,"skY":80.4531}},{"length":80,"name":"beardL","parent":"head","transform":{"x":7.4588,"y":-133.6248,"skX":-105.5036,"skY":-105.5036}},{"length":50,"name":"armR","parent":"armUpperR","transform":{"x":138.7492,"y":0.5285,"skX":35.2088,"skY":35.2088}},{"length":80,"name":"beardR","parent":"head","transform":{"x":23.2753,"y":-35.857,"skX":80.4531,"skY":80.4531}},{"length":50,"name":"hair","parent":"head","transform":{"x":104.8249,"y":80.6309,"skX":86.9099,"skY":86.9099}},{"length":40,"name":"handR","parent":"armR","transform":{"x":43.3874,"y":1.1079,"skX":17.875,"skY":17.875}},{"length":80,"name":"handL","parent":"armL","transform":{"x":66.6309,"y":-0.4273,"skX":4.4133,"skY":4.4133}}],"slot":[{"name":"tailTip","parent":"tailTip"},{"name":"armUpperL","parent":"armUpperL"},{"name":"armL","parent":"armL"},{"name":"handL","parent":"handL"},{"name":"legL","parent":"legL"},{"name":"body","parent":"body"},{"name":"tail","parent":"tail"},{"name":"clothes","parent":"clothes"},{"name":"hair","parent":"hair"},{"name":"head","parent":"head"},{"name":"eyeL","parent":"eyeL"},{"name":"eyeR","parent":"eyeR"},{"name":"legR","parent":"legR"},{"name":"armUpperR","parent":"armUpperR"},{"name":"armR","parent":"armR"},{"name":"handR","parent":"handR"},{"name":"beardL","parent":"beardL"},{"name":"beardR","parent":"beardR"}],"skin":[{"slot":[{"name":"eyeR","display":[{"name":"parts/eyeR","transform":{"x":1.5,"y":-0.5}}]},{"name":"legL","display":[{"name":"parts/legL","transform":{"x":101.11,"y":-6.45,"skX":-146.91,"skY":-146.91}}]},{"name":"eyeL","display":[{"name":"parts/eyeL","transform":{"x":0.3,"y":0.4}}]},{"name":"beardL","display":[{"name":"parts/beardL","transform":{"x":49.98,"y":-4.35,"skX":-174.04,"skY":-174.04}}]},{"name":"head","display":[{"name":"parts/head","transform":{"x":122.95,"y":-10.54,"skX":80.45,"skY":80.45}}]},{"name":"armUpperR","display":[{"name":"parts/armUpperR","transform":{"x":56.52,"y":4.74,"skX":13.92,"skY":13.92}}]},{"name":"legR","display":[{"name":"parts/legR","transform":{"x":82.58,"y":-6.01,"skX":-94.02,"skY":-94.02}}]},{"name":"beardR","display":[{"name":"parts/beardR","transform":{"x":61.6,"y":0.2}}]},{"name":"armL","display":[{"name":"parts/armL","transform":{"x":26.69,"y":-2.88,"skX":98.3,"skY":98.3}}]},{"name":"clothes","display":[{"name":"parts/clothes1","transform":{"x":32.4,"y":16.05,"skX":132.5,"skY":132.5}}]},{"name":"armUpperL","display":[{"name":"parts/armUpperL","transform":{"x":27.9,"y":4.32,"skX":-148.26,"skY":-148.26}}]},{"name":"body","display":[{"name":"parts/body","transform":{"x":-0.96,"y":0.62,"skX":94.97,"skY":94.97}}]},{"name":"tailTip","display":[{"name":"parts/tailTip","transform":{"x":81.65,"y":-0.82,"skX":82.74,"skY":82.74}}]},{"name":"handL","display":[{"name":"parts/handL","transform":{"x":34.73,"y":-1.45,"skX":146.62,"skY":146.62}}]},{"name":"handR","display":[{"name":"parts/handR","transform":{"x":23.05,"y":5.06,"skX":-88.11,"skY":-88.11}}]},{"name":"hair","display":[{"name":"parts/hair","transform":{"x":0.04,"y":0.4,"skX":-4.91,"skY":-4.91}}]},{"name":"tail","display":[{"name":"parts/tail","transform":{"x":120.99,"y":-0.31,"skX":45.22,"skY":45.22}}]},{"name":"armR","display":[{"name":"parts/armR","transform":{"x":14.22,"y":2.79,"skX":-85.24,"skY":-85.24}}]}]}],"animation":[{"duration":30,"playTimes":0,"name":"stand","bone":[{"name":"tail","translateFrame":[{"duration":8,"tweenEasing":0},{"duration":22,"tweenEasing":0,"x":-4},{"duration":0}],"rotateFrame":[{"duration":8,"tweenEasing":0},{"duration":22,"tweenEasing":0,"rotate":4.95},{"duration":0}]},{"name":"clothes","translateFrame":[{"duration":12,"tweenEasing":0},{"duration":18,"tweenEasing":0,"x":-2,"y":-2},{"duration":0}]},{"name":"eyeR","translateFrame":[{"duration":8,"tweenEasing":0},{"duration":22,"tweenEasing":0,"y":-2},{"duration":0}]},{"name":"tailTip","translateFrame":[{"duration":8,"tweenEasing":0},{"duration":22,"tweenEasing":0,"x":5.13,"y":-8.06},{"duration":0}],"rotateFrame":[{"duration":8,"tweenEasing":0},{"duration":22,"tweenEasing":0,"rotate":-12.64},{"duration":0}]},{"name":"eyeL","translateFrame":[{"duration":8,"tweenEasing":0},{"duration":22,"tweenEasing":0,"y":-2},{"duration":0}]},{"name":"beardL","rotateFrame":[{"duration":15,"tweenEasing":0,"rotate":9.62},{"duration":15,"tweenEasing":0,"rotate":-1.48},{"duration":0,"rotate":9.62}]},{"name":"beardR","rotateFrame":[{"duration":15,"tweenEasing":0},{"duration":15,"tweenEasing":0,"rotate":5.44},{"duration":0}]},{"name":"hair","translateFrame":[{"duration":12,"tweenEasing":0},{"duration":18,"tweenEasing":0,"x":2,"y":-4},{"duration":0}]}]},{"duration":20,"playTimes":0,"name":"walk","bone":[{"name":"body","translateFrame":[{"duration":10,"tweenEasing":0,"y":-4},{"duration":10,"tweenEasing":0,"y":-2},{"duration":0,"y":-4}]},{"name":"legR","translateFrame":[{"duration":10,"tweenEasing":0,"x":-6,"y":-14},{"duration":10,"tweenEasing":0,"x":-3.9,"y":-2},{"duration":0,"x":-6,"y":-14}],"rotateFrame":[{"duration":10,"tweenEasing":0,"rotate":-30},{"duration":10,"tweenEasing":0,"rotate":30},{"duration":0,"rotate":-30}]},{"name":"armUpperR","translateFrame":[{"duration":10,"tweenEasing":0,"x":-6,"y":14},{"duration":10,"tweenEasing":0,"y":2},{"duration":0,"x":-6,"y":14}],"rotateFrame":[{"duration":10,"tweenEasing":0,"rotate":45.5},{"duration":10,"tweenEasing":0,"rotate":-22.15},{"duration":0,"rotate":45.5}]},{"name":"legL","translateFrame":[{"duration":10,"tweenEasing":0,"x":-40.34,"y":28.4},{"duration":10,"tweenEasing":0,"x":-22.52,"y":-8.93},{"duration":0,"x":-40.34,"y":28.4}],"rotateFrame":[{"duration":10,"tweenEasing":0,"rotate":49.67},{"duration":10,"tweenEasing":0,"rotate":-19.23},{"duration":0,"rotate":49.67}]},{"name":"head","translateFrame":[{"duration":10,"tweenEasing":0,"y":4},{"duration":10,"tweenEasing":0,"y":2},{"duration":0,"y":4}],"rotateFrame":[{"duration":10,"tweenEasing":0},{"duration":10,"tweenEasing":0,"rotate":2.95},{"duration":0}]},{"name":"armUpperL","translateFrame":[{"duration":10,"tweenEasing":0,"y":4},{"duration":10,"tweenEasing":0,"y":2},{"duration":0,"y":4}],"rotateFrame":[{"duration":10,"tweenEasing":0,"rotate":-21.2},{"duration":10,"tweenEasing":0,"rotate":30},{"duration":0,"rotate":-21.2}]},{"name":"tail","translateFrame":[{"duration":10,"tweenEasing":0,"x":-8},{"duration":10,"tweenEasing":0,"x":-12,"y":-6},{"duration":0,"x":-8}],"rotateFrame":[{"duration":10,"tweenEasing":0},{"duration":10,"tweenEasing":0,"rotate":-8.7},{"duration":0}]},{"name":"clothes","translateFrame":[{"duration":5,"tweenEasing":0},{"duration":5,"tweenEasing":0,"x":-2,"y":-2},{"duration":5,"tweenEasing":0},{"duration":5,"tweenEasing":0,"x":-2,"y":-2},{"duration":0}]},{"name":"armL","translateFrame":[{"duration":10,"tweenEasing":0,"x":-13.04,"y":-2.2},{"duration":10,"tweenEasing":0,"x":3.9,"y":-5.85},{"duration":0,"x":-13.04,"y":-2.2}],"rotateFrame":[{"duration":10,"tweenEasing":0,"rotate":-38.8},{"duration":10,"tweenEasing":0,"rotate":38.55},{"duration":0,"rotate":-38.8}]},{"name":"eyeR","translateFrame":[{"duration":10,"tweenEasing":0,"x":1.7,"y":0.5},{"duration":10,"tweenEasing":0,"x":-4.11,"y":-0.28},{"duration":0,"x":1.7,"y":0.5}],"rotateFrame":[{"duration":10,"tweenEasing":0},{"duration":10,"tweenEasing":0,"rotate":-2.95},{"duration":0}]},{"name":"tailTip","translateFrame":[{"duration":10,"tweenEasing":0,"x":8.93,"y":-0.54},{"duration":10,"tweenEasing":0,"x":-3,"y":10.08},{"duration":0,"x":8.93,"y":-0.54}],"rotateFrame":[{"duration":10,"tweenEasing":0},{"duration":10,"tweenEasing":0,"rotate":17.93},{"duration":0}]},{"name":"eyeL","translateFrame":[{"duration":10,"tweenEasing":0},{"duration":10,"tweenEasing":0,"x":-7.55,"y":4.19},{"duration":0}],"rotateFrame":[{"duration":10,"tweenEasing":0},{"duration":10,"tweenEasing":0,"rotate":-2.95},{"duration":0}]},{"name":"beardL","translateFrame":[{"duration":10,"tweenEasing":0},{"duration":10,"tweenEasing":0,"x":-3.52,"y":-5.52},{"duration":0}],"rotateFrame":[{"duration":10,"tweenEasing":0},{"duration":10,"tweenEasing":0,"rotate":6.04},{"duration":0}]},{"name":"armR","translateFrame":[{"duration":5,"tweenEasing":0,"x":-2.57,"y":9.96},{"duration":5,"tweenEasing":0,"x":-2.73,"y":5},{"duration":5,"tweenEasing":0,"x":-2.89,"y":0.04},{"duration":5,"tweenEasing":0,"x":-0.22,"y":-5.61},{"duration":0,"x":-2.57,"y":9.96}],"rotateFrame":[{"duration":5,"tweenEasing":0,"rotate":21.72},{"duration":5,"tweenEasing":0,"rotate":31.79},{"duration":5,"tweenEasing":0,"rotate":-15.63},{"duration":5,"tweenEasing":0,"rotate":-19.67},{"duration":0,"rotate":21.72}]},{"name":"beardR","translateFrame":[{"duration":10,"tweenEasing":0},{"duration":10,"tweenEasing":0,"x":-1.45,"y":1.66},{"duration":0}],"rotateFrame":[{"duration":10,"tweenEasing":0},{"duration":10,"tweenEasing":0,"rotate":-10.45},{"duration":0}]},{"name":"hair","translateFrame":[{"duration":10,"tweenEasing":0},{"duration":10,"tweenEasing":0,"x":1.13,"y":-7.17},{"duration":0}],"rotateFrame":[{"duration":10,"tweenEasing":0},{"duration":10,"tweenEasing":0,"rotate":-2.95},{"duration":0}]},{"name":"handR","translateFrame":[{"duration":10,"tweenEasing":0,"x":-16.27,"y":2.02},{"duration":10,"tweenEasing":0,"x":1.5,"y":2.17},{"duration":0,"x":-16.27,"y":2.02}],"rotateFrame":[{"duration":10,"tweenEasing":0,"rotate":-45.48},{"duration":10,"tweenEasing":0,"rotate":-0.48},{"duration":0,"rotate":-45.48}]},{"name":"handL","translateFrame":[{"duration":10,"tweenEasing":0,"x":-1.67,"y":0.9},{"duration":10,"tweenEasing":0,"x":-2.78,"y":3.4},{"duration":0,"x":-1.67,"y":0.9}],"rotateFrame":[{"duration":10,"tweenEasing":0,"rotate":15},{"duration":10,"tweenEasing":0,"rotate":6.45},{"duration":0,"rotate":15}]}]},{"duration":5,"playTimes":0,"name":"jump","bone":[{"name":"body","translateFrame":[{"duration":5,"y":-66}]},{"name":"legR","translateFrame":[{"duration":2,"tweenEasing":0,"x":1.18,"y":1.03},{"duration":3,"tweenEasing":0,"x":-3.12,"y":0.66},{"duration":0,"x":1.18,"y":1.03}],"rotateFrame":[{"duration":5,"rotate":-27.69}]},{"name":"armUpperR","translateFrame":[{"duration":2,"tweenEasing":0,"y":10},{"duration":3,"tweenEasing":0,"x":-2.87,"y":9.75},{"duration":0,"y":10}],"rotateFrame":[{"duration":2,"tweenEasing":0,"rotate":-24.65},{"duration":3,"tweenEasing":0,"rotate":-23.19},{"duration":0,"rotate":-24.65}]},{"name":"legL","translateFrame":[{"duration":2,"tweenEasing":0,"x":-20.62,"y":38.29},{"duration":3,"tweenEasing":0,"x":-26.35,"y":37.79},{"duration":0,"x":-20.62,"y":38.29}],"rotateFrame":[{"duration":5,"rotate":-15.3}]},{"name":"head","translateFrame":[{"duration":5,"x":3.6,"y":1.9}],"rotateFrame":[{"duration":5,"rotate":10}]},{"name":"armUpperL","translateFrame":[{"duration":2,"tweenEasing":0,"y":4},{"duration":3,"tweenEasing":0,"x":-4.3,"y":3.63},{"duration":0,"y":4}],"rotateFrame":[{"duration":5,"rotate":15}]},{"name":"tail","translateFrame":[{"duration":5,"x":-24,"y":-10}],"rotateFrame":[{"duration":2,"tweenEasing":0,"rotate":9.35},{"duration":3,"tweenEasing":0,"rotate":13.73},{"duration":0,"rotate":9.35}]},{"name":"clothes","translateFrame":[{"duration":2,"tweenEasing":0,"x":-4.77,"y":-4.51},{"duration":3,"tweenEasing":0,"x":-9.07,"y":-4.88},{"duration":0,"x":-4.77,"y":-4.51}]},{"name":"armL","translateFrame":[{"duration":5,"x":-0.6,"y":2.55}],"rotateFrame":[{"duration":5,"rotate":8.55}]},{"name":"eyeR","translateFrame":[{"duration":2,"tweenEasing":0,"x":8.88,"y":-8.7},{"duration":3,"tweenEasing":0,"x":8.12,"y":-9.06},{"duration":0,"x":9.01,"y":-7.73}],"rotateFrame":[{"duration":5,"rotate":-10}]},{"name":"tailTip","translateFrame":[{"duration":2,"tweenEasing":0,"x":2.17,"y":6.3},{"duration":3,"tweenEasing":0,"x":0.64,"y":-0.9},{"duration":0,"x":2.17,"y":6.3}],"rotateFrame":[{"duration":2,"tweenEasing":0,"rotate":2.89},{"duration":3,"tweenEasing":0,"rotate":8.91},{"duration":0,"rotate":2.89}]},{"name":"eyeL","translateFrame":[{"duration":2,"tweenEasing":0,"x":8.94,"y":-6.3},{"duration":3,"tweenEasing":0,"x":8.12,"y":-9.06},{"duration":0,"x":8.94,"y":-6.3}],"rotateFrame":[{"duration":5,"rotate":-10}]},{"name":"beardL","translateFrame":[{"duration":5,"x":-19.78,"y":19.23}],"rotateFrame":[{"duration":2,"tweenEasing":0,"rotate":-50.29},{"duration":3,"tweenEasing":0,"rotate":-58.56},{"duration":0,"rotate":-50.29}]},{"name":"armR","translateFrame":[{"duration":5,"x":-8.08,"y":1.16}],"rotateFrame":[{"duration":5,"rotate":-13.13}]},{"name":"beardR","translateFrame":[{"duration":2,"tweenEasing":0,"x":-8.15,"y":6.75},{"duration":3,"tweenEasing":0,"x":-8.03,"y":6.83},{"duration":0,"x":-8.15,"y":6.75}],"rotateFrame":[{"duration":2,"tweenEasing":0,"rotate":42.5},{"duration":3,"tweenEasing":0,"rotate":50.23},{"duration":0,"rotate":42.5}]},{"name":"hair","translateFrame":[{"duration":2,"tweenEasing":0,"x":-0.82,"y":-6.04},{"duration":3,"tweenEasing":0,"x":3.82,"y":-2.8},{"duration":0,"x":-0.82,"y":-6.04}],"rotateFrame":[{"duration":5,"rotate":-10}]},{"name":"handR","translateFrame":[{"duration":5,"x":1.5,"y":2.17}],"rotateFrame":[{"duration":5,"rotate":-0.48}]},{"name":"handL","translateFrame":[{"duration":5,"x":-14.11,"y":-3.85}],"rotateFrame":[{"duration":5,"rotate":-8.55}]}]},{"duration":5,"playTimes":0,"name":"fall","bone":[{"name":"body","translateFrame":[{"duration":5,"y":-66}]},{"name":"legR","translateFrame":[{"duration":2,"tweenEasing":0,"x":6.18,"y":8.96},{"duration":3,"tweenEasing":0,"x":1.71,"y":8.58},{"duration":0,"x":6.18,"y":8.96}],"rotateFrame":[{"duration":5,"rotate":27.76}]},{"name":"armUpperR","translateFrame":[{"duration":2,"tweenEasing":0,"y":10},{"duration":3,"tweenEasing":0,"x":-1.49,"y":9.87},{"duration":0,"y":10}],"rotateFrame":[{"duration":2,"tweenEasing":0,"rotate":-69.64},{"duration":3,"tweenEasing":0,"rotate":-66.68},{"duration":0,"rotate":-69.64}]},{"name":"legL","translateFrame":[{"duration":2,"tweenEasing":0,"x":22.6,"y":7.9},{"duration":3,"tweenEasing":0,"x":19.62,"y":7.64},{"duration":0,"x":22.6,"y":7.9}],"rotateFrame":[{"duration":5,"rotate":50.73}]},{"name":"head","translateFrame":[{"duration":5,"x":11,"y":-3.4}],"rotateFrame":[{"duration":5,"rotate":-8.73}]},{"name":"armUpperL","translateFrame":[{"duration":2,"tweenEasing":0,"y":4},{"duration":3,"tweenEasing":0,"x":2.98,"y":4.26},{"duration":0,"y":4}],"rotateFrame":[{"duration":2,"tweenEasing":0,"rotate":92.45},{"duration":3,"tweenEasing":0,"rotate":89.97},{"duration":0,"rotate":92.45}]},{"name":"tail","translateFrame":[{"duration":5,"x":-3.9,"y":-6.1}],"rotateFrame":[{"duration":2,"tweenEasing":0,"rotate":-18.47},{"duration":3,"tweenEasing":0,"rotate":-22.44},{"duration":0,"rotate":-18.47}]},{"name":"clothes","translateFrame":[{"duration":2,"tweenEasing":0,"x":-6.01,"y":-4.86},{"duration":3,"tweenEasing":0,"x":-1.54,"y":-4.47},{"duration":0,"x":-6.01,"y":-4.86}]},{"name":"armL","translateFrame":[{"duration":5,"x":4.35,"y":5.81}],"rotateFrame":[{"duration":5,"rotate":-53.9}]},{"name":"eyeR","translateFrame":[{"duration":2,"tweenEasing":0,"x":-17.76,"y":-4.61},{"duration":3,"tweenEasing":0,"x":-14.83,"y":-3.01},{"duration":0,"x":-17.76,"y":-4.61}],"rotateFrame":[{"duration":5,"rotate":8.73}]},{"name":"tailTip","translateFrame":[{"duration":2,"tweenEasing":0,"x":2.8,"y":-1.16},{"duration":3,"tweenEasing":0,"x":1.82,"y":1.79},{"duration":0,"x":2.8,"y":-1.16}],"rotateFrame":[{"duration":2,"tweenEasing":0,"rotate":0.14},{"duration":3,"tweenEasing":0,"rotate":-0.83},{"duration":0,"rotate":0.14}]},{"name":"eyeL","translateFrame":[{"duration":2,"tweenEasing":0,"x":-13,"y":-8.15},{"duration":3,"tweenEasing":0,"x":-13.22,"y":-5.94},{"duration":0,"x":-13,"y":-8.15}],"rotateFrame":[{"duration":5,"rotate":8.73}]},{"name":"beardL","translateFrame":[{"duration":5,"x":0.32,"y":7.78}],"rotateFrame":[{"duration":2,"tweenEasing":0,"rotate":-2.54},{"duration":3,"tweenEasing":0,"rotate":25.13},{"duration":0,"rotate":-2.54}]},{"name":"armR","translateFrame":[{"duration":5,"x":-11.21,"y":-3.2}],"rotateFrame":[{"duration":5,"rotate":-13.14}]},{"name":"beardR","translateFrame":[{"duration":5,"x":-7.87,"y":5.25}],"rotateFrame":[{"duration":2,"tweenEasing":0,"rotate":8.96},{"duration":3,"tweenEasing":0,"rotate":-6.04},{"duration":0,"rotate":8.96}]},{"name":"hair","translateFrame":[{"duration":2,"tweenEasing":0,"x":0.59,"y":7.24},{"duration":3,"tweenEasing":0,"x":-6.32,"y":0.21},{"duration":0,"x":0.59,"y":7.24}],"rotateFrame":[{"duration":2,"tweenEasing":0,"rotate":-6.27},{"duration":3,"tweenEasing":0,"rotate":-7.09},{"duration":0,"rotate":-6.27}]},{"name":"handR","translateFrame":[{"duration":5,"x":-3.94,"y":-1.37}],"rotateFrame":[{"duration":5,"rotate":29.52}]},{"name":"handL","translateFrame":[{"duration":5,"x":-3.6,"y":1.47}],"rotateFrame":[{"duration":5,"rotate":21.45}]}]}],"defaultActions":[{"gotoAndPlay":"stand"}]}]}