<?xml version="1.0" encoding="utf-8"?>
<!DOCTYPE log4j:configuration SYSTEM "http://toolkit.alibaba-inc.com/dtd/log4j/log4j.dtd">

<log4j:configuration xmlns:log4j="http://jakarta.apache.org/log4j/">

    <appender name="ERROR-APPENDER" class="org.apache.log4j.DailyRollingFileAppender">
        <param name="file" value="${logging.path}/lookout/common-error.log"/>
        <param name="append" value="true"/>
        <param name="encoding" value="${file.encoding}"/>
        <!-- only print error log -->
        <param name="threshold" value="warn"/>
        <layout class="org.apache.log4j.PatternLayout">
            <param name="ConversionPattern" value="%d %-5p %-32t - %m%n"/>
        </layout>
    </appender>

    <appender name="ROOT-APPENDER" class="org.apache.log4j.DailyRollingFileAppender">
        <param name="file" value="${logging.path}/lookout/common-default.log"/>
        <param name="append" value="true"/>
        <param name="encoding" value="${file.encoding}"/>
        <param name="threshold" value="${logging.level.com.alipay.lookout}"/>
        <layout class="org.apache.log4j.PatternLayout">
            <param name="ConversionPattern" value="%d %-5p %-32t - %m%n"/>
        </layout>
    </appender>

    <root>
        <level value="${logging.level.com.alipay.lookout}"/>
        <appender-ref ref="ROOT-APPENDER"/>
        <appender-ref ref="ERROR-APPENDER"/>
    </root>

</log4j:configuration>
