<?xml version="1.0" encoding="UTF-8"?>
<!--
  ~ Copyright © 2026 Apple Inc. and the ServiceTalk project authors
  ~
  ~ Licensed under the Apache License, Version 2.0 (the "License");
  ~ you may not use this file except in compliance with the License.
  ~ You may obtain a copy of the License at
  ~
  ~   http://www.apache.org/licenses/LICENSE-2.0
  ~
  ~ Unless required by applicable law or agreed to in writing, software
  ~ distributed under the License is distributed on an "AS IS" BASIS,
  ~ WITHOUT WARRANTIES OR CONDITIONS OF ANY KIND, either express or implied.
  ~ See the License for the specific language governing permissions and
  ~ limitations under the License.
  -->
<FindBugsFilter>
  <!-- Builder pattern classes are designed for single-threaded use, no thread safety needed -->
  <Match>
    <Or>
      <Class name="io.servicetalk.capacity.limiter.api.AimdCapacityLimiterBuilder"/>
      <Class name="io.servicetalk.capacity.limiter.api.FixedCapacityLimiterBuilder"/>
      <Class name="io.servicetalk.capacity.limiter.api.GradientCapacityLimiterBuilder"/>
    </Or>
    <Bug pattern="AT_STALE_THREAD_WRITE_OF_PRIMITIVE"/>
  </Match>
</FindBugsFilter>
