[
  { "Namespace" : "aws:elb:policies", "OptionName" : "Stickiness Policy", "Value" : "true" },

  { "Namespace" : "aws:autoscaling:launchconfiguration", "OptionName" : "InstanceType", "Value" : "t2.micro" },
  { "Namespace" : "aws:autoscaling:launchconfiguration", "OptionName" : "EC2KeyName", "Value" : "sample-key" },
  { "Namespace" : "aws:autoscaling:launchconfiguration", "OptionName" : "IamInstanceProfile", "Value" : "ec2-poweruser" },

  { "Namespace" : "aws:autoscaling:asg", "OptionName" : "MinSize", "Value" : "1" },
  { "Namespace" : "aws:autoscaling:asg", "OptionName" : "MaxSize", "Value" : "1" },

  { "Namespace" : "aws:elasticbeanstalk:application", "OptionName" : "Application Healthcheck URL", "Value" : "/health" },
  { "Namespace" : "aws:elasticbeanstalk:hostmanager", "OptionName" : "LogPublicationControl", "Value" : "false" }
]
