{
  "fqn": "gateway_widgets.config_form_latest",
  "name": "Gateway configuration (Single device)",
  "deprecated": false,
  "image": "tb-image;/api/images/system/gateway_configuration_single_device_system_widget_image.png",
  "description": "Allows to create or choose the gateway and edit its configuration.",
  "descriptor": {
    "type": "latest",
    "sizeX": 7.5,
    "sizeY": 9,
    "resources": [
      {
        "url": "tb-resource;/api/resource/js_module/system/gateway-management-extension.js",
        "isModule": true
      }
    ],
    "templateHtml": "<tb-gateway-form\n    [ctx]=\"ctx\"\n    [isStateForm]=\"true\">\n</tb-gateway-form>",
    "templateCss": "#container {\n    overflow: auto;\n}\n\n.tbDatasource-container {\n    margin: 5px;\n    padding: 8px;\n}\n\n.tbDatasource-title {\n    font-size: 1.200rem;\n    font-weight: 500;\n    padding-bottom: 10px;\n}\n\n.tbDatasource-table {\n    width: 100%;\n    box-shadow: 0 0 10px #ccc;\n    border-collapse: collapse;\n    white-space: nowrap;\n    font-size: 1.000rem;\n    color: #757575;\n}\n\n.tbDatasource-table td {\n    position: relative;\n    border-top: 1px solid rgba(0, 0, 0, 0.12);\n    border-bottom: 1px solid rgba(0, 0, 0, 0.12);\n    padding: 0px 18px;\n    box-sizing: border-box;\n}",
    "controllerScript": "self.onInit = function() {\n}\n\n\nself.onDestroy = function() {\n}\n\nself.typeParameters = function() {\n    return {\n        maxDatasources: 1,\t\t\t\n        dataKeysOptional: true,\n        singleEntity: true\n    };\n}\n\n",
    "dataKeySettingsSchema": "{}\n",
    "settingsDirective": "tb-gateway-config-single-device-widget-settings",
    "defaultConfig": "{\"datasources\":[{\"type\":\"function\",\"name\":\"function\",\"dataKeys\":[{\"name\":\"f(x)\",\"type\":\"function\",\"label\":\"Random\",\"color\":\"#2196f3\",\"settings\":{},\"_hash\":0.15479322438769105,\"funcBody\":\"var value = prevValue + Math.random() * 100 - 50;\\nvar multiplier = Math.pow(10, 2 || 0);\\nvar value = Math.round(value * multiplier) / multiplier;\\nif (value < -1000) {\\n\\tvalue = -1000;\\n} else if (value > 1000) {\\n\\tvalue = 1000;\\n}\\nreturn value;\"}]}],\"showTitle\":true,\"backgroundColor\":\"#fff\",\"color\":\"rgba(0, 0, 0, 0.87)\",\"padding\":\"8px\",\"settings\":{\"gatewayTitle\":\"Gateway configuration (Single device)\"},\"title\":\"Gateway configuration (Single device)\"}"
  },
  "externalId": null,
  "tags": [
    "router",
    "bridge",
    "hub",
    "access point",
    "relay",
    "opc ua",
    "opc-ua",
    "modbus",
    "bacnet",
    "odbc",
    "ftp",
    "snmp",
    "mqtt",
    "xmpp",
    "ocpp",
    "ble",
    "bluetooth"
  ]
}