<?xml version="1.0" encoding="UTF-8"?>
<project xmlns="http://maven.apache.org/POM/4.0.0"
	xmlns:xsi="http://www.w3.org/2001/XMLSchema-instance"
	xsi:schemaLocation="http://maven.apache.org/POM/4.0.0 https://maven.apache.org/xsd/maven-4.0.0.xsd">
	<modelVersion>4.0.0</modelVersion>

	<groupId>org.dhorse</groupId>
	<artifactId>app-node</artifactId>
	<packaging>pom</packaging>
	<version>1.6.0</version>
	
	<build>
		<plugins>
			<plugin>
				<groupId>com.github.eirslett</groupId>
				<artifactId>frontend-maven-plugin</artifactId>
				<version>1.13.4</version>
				<executions>
					<execution>
						<id>install node and npm</id>
						<goals>
							<goal>install-node-and-npm</goal>
						</goals>
						<phase>generate-resources</phase>
					</execution>
					<execution>
						<id>npm cache verify</id>
						<goals>
							<goal>npm</goal>
						</goals>
						<phase>generate-resources</phase>
						<configuration>
							<arguments>cache verify</arguments>
						</configuration>
					</execution>
					<execution>
						<id>npm install</id>
						<goals>
							<goal>npm</goal>
						</goals>
						<phase>generate-resources</phase>
						<configuration>
							<!-- legacy-peer-deps参数的作用是忽略版本问题 -->
							<arguments>install --legacy-peer-deps --registry=https://registry.npmmirror.com</arguments>
						</configuration>
					</execution>
					<execution>
						<id>npm run build</id>
						<goals>
							<goal>npm</goal>
						</goals>
						<phase>compile</phase>
						<configuration>
							<arguments>run build${env}</arguments>
						</configuration>
					</execution>
				</executions>
				<configuration>
					<nodeVersion>${nodeVersion}</nodeVersion>
					<installDirectory>${installDirectory}</installDirectory>
					<nodeDownloadRoot>https://npm.taobao.org/mirrors/node/</nodeDownloadRoot>
					<npmDownloadRoot>https://registry.npm.taobao.org/npm/-/</npmDownloadRoot>
				</configuration>
			</plugin>
		</plugins>
	</build>
</project>