<?xml version="1.0" encoding="UTF-8"?>
<project xmlns="http://maven.apache.org/POM/4.0.0"
	xmlns:xsi="http://www.w3.org/2001/XMLSchema-instance"
	xsi:schemaLocation="http://maven.apache.org/POM/4.0.0 https://maven.apache.org/xsd/maven-4.0.0.xsd">
	<modelVersion>4.0.0</modelVersion>

	<groupId>org.dhorse</groupId>
	<artifactId>app-node-yarn</artifactId>
	<packaging>pom</packaging>
	<version>1.6.0</version>
	
	<build>
		<plugins>
			<plugin>
				<groupId>com.github.eirslett</groupId>
				<artifactId>frontend-maven-plugin</artifactId>
				<version>1.13.4</version>
				<executions>
					<execution>
						<id>install node and yarn</id>
						<goals>
							<goal>install-node-and-yarn</goal>
						</goals>
						<phase>generate-resources</phase>
					</execution>
					<execution>
						<id>yarn install</id>
						<goals>
							<goal>yarn</goal>
						</goals>
						<phase>generate-resources</phase>
						<configuration>
							<arguments>install --registry=https://registry.npmmirror.com</arguments>
						</configuration>
					</execution>
					<execution>
						<id>yarn build</id>
						<goals>
							<goal>yarn</goal>
						</goals>
						<phase>compile</phase>
						<configuration>
							<arguments>build${env}</arguments>
						</configuration>
					</execution>
				</executions>
				<configuration>
					<nodeVersion>${nodeVersion}</nodeVersion>
					<yarnVersion>${yarnVersion}</yarnVersion>
					<installDirectory>${installDirectory}</installDirectory>
					<nodeDownloadRoot>https://npm.taobao.org/mirrors/node/</nodeDownloadRoot>
					<yarnDownloadRoot>https://ghproxy.com/https://github.com/yarnpkg/yarn/releases/download/</yarnDownloadRoot>
				</configuration>
			</plugin>
		</plugins>
	</build>
</project>