{
  "last_node_id": 6,
  "last_link_id": 3,
  "nodes": [
    {
      "id": 1,
      "type": "Ruyi_LoadModel",
      "pos": {
        "0": 210,
        "1": 162
      },
      "size": {
        "0": 315,
        "1": 82
      },
      "flags": {},
      "order": 0,
      "mode": 0,
      "inputs": [],
      "outputs": [
        {
          "name": "ruyi_model",
          "type": "RUYI_MODEL",
          "links": [
            1
          ],
          "slot_index": 0
        }
      ],
      "properties": {
        "Node name for S&R": "Ruyi_LoadModel"
      },
      "widgets_values": [
        "Ruyi-Mini-7B",
        "yes",
        "yes"
      ]
    },
    {
      "id": 4,
      "type": "VHS_VideoCombine",
      "pos": {
        "0": 1045,
        "1": 133
      },
      "size": [
        404.73553466796875,
        601.8645528157551
      ],
      "flags": {},
      "order": 3,
      "mode": 0,
      "inputs": [
        {
          "name": "images",
          "type": "IMAGE",
          "link": 3
        },
        {
          "name": "audio",
          "type": "AUDIO",
          "link": null,
          "shape": 7
        },
        {
          "name": "meta_batch",
          "type": "VHS_BatchManager",
          "link": null,
          "shape": 7
        },
        {
          "name": "vae",
          "type": "VAE",
          "link": null,
          "shape": 7
        }
      ],
      "outputs": [
        {
          "name": "Filenames",
          "type": "VHS_FILENAMES",
          "links": null
        }
      ],
      "properties": {
        "Node name for S&R": "VHS_VideoCombine"
      },
      "widgets_values": {
        "frame_rate": 24,
        "loop_count": 0,
        "filename_prefix": "Ruyi-I2V-StartFrame",
        "format": "video/h264-mp4",
        "pix_fmt": "yuv420p",
        "crf": 19,
        "save_metadata": true,
        "pingpong": false,
        "save_output": true,
        "videopreview": {
          "hidden": false,
          "paused": false,
          "params": {
            "filename": "Ruyi-I2V-StartFrame_00001.mp4",
            "subfolder": "",
            "type": "output",
            "format": "video/h264-mp4",
            "frame_rate": 24
          },
          "muted": false
        }
      }
    },
    {
      "id": 3,
      "type": "LoadImage",
      "pos": {
        "0": 200,
        "1": 439
      },
      "size": {
        "0": 315,
        "1": 314
      },
      "flags": {},
      "order": 1,
      "mode": 0,
      "inputs": [],
      "outputs": [
        {
          "name": "IMAGE",
          "type": "IMAGE",
          "links": [
            2
          ],
          "slot_index": 0
        },
        {
          "name": "MASK",
          "type": "MASK",
          "links": null
        }
      ],
      "properties": {
        "Node name for S&R": "LoadImage"
      },
      "widgets_values": [
        "example_03.jpg",
        "image"
      ]
    },
    {
      "id": 2,
      "type": "Ruyi_I2VSampler",
      "pos": {
        "0": 628,
        "1": 284
      },
      "size": {
        "0": 327.5999755859375,
        "1": 338
      },
      "flags": {},
      "order": 2,
      "mode": 0,
      "inputs": [
        {
          "name": "ruyi_model",
          "type": "RUYI_MODEL",
          "link": 1
        },
        {
          "name": "start_img",
          "type": "IMAGE",
          "link": 2
        },
        {
          "name": "end_img",
          "type": "IMAGE",
          "link": null,
          "shape": 7
        }
      ],
      "outputs": [
        {
          "name": "images",
          "type": "IMAGE",
          "links": [
            3
          ],
          "slot_index": 0
        }
      ],
      "properties": {
        "Node name for S&R": "Ruyi_I2VSampler"
      },
      "widgets_values": [
        120,
        512,
        925247271358454,
        "randomize",
        25,
        7,
        "DDIM",
        "2",
        "static",
        "normal_mode",
        "5"
      ]
    }
  ],
  "links": [
    [
      1,
      1,
      0,
      2,
      0,
      "RUYI_MODEL"
    ],
    [
      2,
      3,
      0,
      2,
      1,
      "IMAGE"
    ],
    [
      3,
      2,
      0,
      4,
      0,
      "IMAGE"
    ]
  ],
  "groups": [],
  "config": {},
  "extra": {
    "ds": {
      "scale": 1,
      "offset": [
        0,
        0
      ]
    }
  },
  "version": 0.4
}
