{
  "last_node_id": 5,
  "last_link_id": 4,
  "nodes": [
    {
      "id": 1,
      "type": "Ruyi_LoadModel",
      "pos": {
        "0": 295,
        "1": 238
      },
      "size": {
        "0": 315,
        "1": 82
      },
      "flags": {},
      "order": 0,
      "mode": 0,
      "inputs": [],
      "outputs": [
        {
          "name": "ruyi_model",
          "type": "RUYI_MODEL",
          "links": [
            2
          ],
          "slot_index": 0
        }
      ],
      "properties": {
        "Node name for S&R": "Ruyi_LoadModel"
      },
      "widgets_values": [
        "Ruyi-Mini-7B",
        "yes",
        "yes"
      ]
    },
    {
      "id": 2,
      "type": "Ruyi_I2VSampler",
      "pos": {
        "0": 753,
        "1": 326
      },
      "size": {
        "0": 327.5999755859375,
        "1": 338
      },
      "flags": {},
      "order": 3,
      "mode": 0,
      "inputs": [
        {
          "name": "ruyi_model",
          "type": "RUYI_MODEL",
          "link": 2
        },
        {
          "name": "start_img",
          "type": "IMAGE",
          "link": 3
        },
        {
          "name": "end_img",
          "type": "IMAGE",
          "link": 4,
          "shape": 7
        }
      ],
      "outputs": [
        {
          "name": "images",
          "type": "IMAGE",
          "links": [
            1
          ],
          "slot_index": 0
        }
      ],
      "properties": {
        "Node name for S&R": "Ruyi_I2VSampler"
      },
      "widgets_values": [
        120,
        512,
        112876945129710,
        "randomize",
        25,
        7,
        "DDIM",
        "auto",
        "auto",
        "normal_mode",
        "0"
      ]
    },
    {
      "id": 5,
      "type": "VHS_VideoCombine",
      "pos": {
        "0": 1183,
        "1": 89
      },
      "size": [
        317,
        758.0769230769231
      ],
      "flags": {},
      "order": 4,
      "mode": 0,
      "inputs": [
        {
          "name": "images",
          "type": "IMAGE",
          "link": 1
        },
        {
          "name": "audio",
          "type": "AUDIO",
          "link": null,
          "shape": 7
        },
        {
          "name": "meta_batch",
          "type": "VHS_BatchManager",
          "link": null,
          "shape": 7
        },
        {
          "name": "vae",
          "type": "VAE",
          "link": null,
          "shape": 7
        }
      ],
      "outputs": [
        {
          "name": "Filenames",
          "type": "VHS_FILENAMES",
          "links": null
        }
      ],
      "properties": {
        "Node name for S&R": "VHS_VideoCombine"
      },
      "widgets_values": {
        "frame_rate": 24,
        "loop_count": 0,
        "filename_prefix": "Ruyi-I2V-StartEndFrames",
        "format": "video/h264-mp4",
        "pix_fmt": "yuv420p",
        "crf": 19,
        "save_metadata": true,
        "pingpong": false,
        "save_output": true,
        "videopreview": {
          "hidden": false,
          "paused": false,
          "params": {
            "filename": "Ruyi-I2V-StartEndFrames_00001.mp4",
            "subfolder": "",
            "type": "output",
            "format": "video/h264-mp4",
            "frame_rate": 24
          },
          "muted": false
        }
      }
    },
    {
      "id": 3,
      "type": "LoadImage",
      "pos": {
        "0": 180,
        "1": 398
      },
      "size": {
        "0": 240.88999938964844,
        "1": 419.6499938964844
      },
      "flags": {},
      "order": 1,
      "mode": 0,
      "inputs": [],
      "outputs": [
        {
          "name": "IMAGE",
          "type": "IMAGE",
          "links": [
            3
          ],
          "slot_index": 0
        },
        {
          "name": "MASK",
          "type": "MASK",
          "links": null
        }
      ],
      "properties": {
        "Node name for S&R": "LoadImage"
      },
      "widgets_values": [
        "girl_01.jpg",
        "image"
      ]
    },
    {
      "id": 4,
      "type": "LoadImage",
      "pos": {
        "0": 453,
        "1": 398
      },
      "size": [
        242.0999999999999,
        421.6500000000001
      ],
      "flags": {},
      "order": 2,
      "mode": 0,
      "inputs": [],
      "outputs": [
        {
          "name": "IMAGE",
          "type": "IMAGE",
          "links": [
            4
          ],
          "slot_index": 0
        },
        {
          "name": "MASK",
          "type": "MASK",
          "links": null
        }
      ],
      "properties": {
        "Node name for S&R": "LoadImage"
      },
      "widgets_values": [
        "girl_02.jpg",
        "image"
      ]
    }
  ],
  "links": [
    [
      1,
      2,
      0,
      5,
      0,
      "IMAGE"
    ],
    [
      2,
      1,
      0,
      2,
      0,
      "RUYI_MODEL"
    ],
    [
      3,
      3,
      0,
      2,
      1,
      "IMAGE"
    ],
    [
      4,
      4,
      0,
      2,
      2,
      "IMAGE"
    ]
  ],
  "groups": [],
  "config": {},
  "extra": {
    "ds": {
      "scale": 1,
      "offset": [
        -43.00999999999996,
        33.75000000000006
      ]
    }
  },
  "version": 0.4
}