{
    "name": "TimeTagger App",
    "short_name": "TimeTagger",
    "description": "Tag your time, get the insight. An open source time tracker for individuals.",
    "categories": ["productivity"],
    "lang": "en-US",
    "start_url": "./",
    "scope": "./",
    "display": "standalone",
    "theme_color": "#F4F4F4",
    "background_color": "#E6E7E5",
    "icons": [
        {
            "src": "timetagger192_sf.png",
            "sizes": "192x192",
            "type": "image/png",
            "purpose": "any"
        },
        {
            "src": "timetagger512_sf.png",
            "sizes": "512x512",
            "type": "image/png",
            "purpose": "any"
        },
        {
            "src": "timetagger192_sm.png",
            "sizes": "192x192",
            "type": "image/png",
            "purpose": "maskable"
        },
        {
            "src": "timetagger512_sm.png",
            "sizes": "512x512",
            "type": "image/png",
            "purpose": "maskable"
        }
    ],
    "screenshots": [
    ]
}
