{
    "datasources":{
        "world":{
            "database":"hello_world",
            "dbdriver":"PostgreSQL",
            "host":"tfb-database",
            "password":"benchmarkdbpass",
            "port":"5432",
            "username":"benchmarkdbuser",
            "requestExclusive":true
        }
    },
    "inspectTemplate":"never",
    "maxCFThreads":"512",
    "maxTemplateRequests":"512",
    "adminPassword":"password",
    "loggers" : {
        "scheduler":{
            "appender":"resource",
            "appenderArguments":{
                "path":"{lucee-config}/logs/scheduler.log"
            },
            "level":"fatal",
            "layout":"classic"
        },
        "application":{
            "appender":"resource",
            "appenderArguments":{
                "path":"{lucee-config}/logs/application.log"
            },
            "level":"fatal",
            "layout":"classic"
        },
        "requesttimeout":{
            "appender":"resource",
            "appenderArguments":{
                "path":"{lucee-config}/logs/requesttimeout.log"
            },
            "level":"fatal",
            "layout":"classic"
        },
        "exception":{
            "appender":"resource",
            "appenderArguments":{
                "path":"{lucee-config}/logs/exception.log"
            },
            "level":"fatal",
            "layout":"classic"
        },
        "mapping":{
            "appender":"resource",
            "appenderArguments":{
                "path":"{lucee-config}/logs/mapping.log"
            },
            "level":"fatal",
            "layout":"classic"
        },
        "orm":{
            "appender":"resource",
            "appenderArguments":{
                "path":"{lucee-config}/logs/orm.log"
            },
            "level":"fatal",
            "layout":"classic"
        },
        "deploy":{
            "appender":"resource",
            "appenderArguments":{
                "path":"{lucee-config}/logs/deploy.log"
            },
            "level":"fatal",
            "layout":"classic"
        },
        "trace":{
            "appender":"resource",
            "appenderArguments":{
                "path":"{lucee-config}/logs/trace.log"
            },
            "level":"fatal",
            "layout":"classic"
        },
        "memory":{
            "appender":"resource",
            "appenderArguments":{
                "path":"{lucee-config}/logs/memory.log"
            },
            "level":"fatal",
            "layout":"classic"
        },
        "gateway":{
            "appender":"resource",
            "appenderArguments":{
                "path":"{lucee-config}/logs/gateway.log"
            },
            "level":"fatal",
            "layout":"classic"
        },
        "search":{
            "appender":"resource",
            "appenderArguments":{
                "path":"{lucee-config}/logs/search.log"
            },
            "level":"fatal",
            "layout":"classic"
        },
        "rest":{
            "appender":"resource",
            "appenderArguments":{
                "path":"{lucee-config}/logs/rest.log"
            },
            "level":"fatal",
            "layout":"classic"
        },
        "thread":{
            "appender":"resource",
            "appenderArguments":{
                "path":"{lucee-config}/logs/thread.log"
            },
            "level":"fatal",
            "layout":"classic"
        },
        "scope":{
            "appender":"resource",
            "appenderArguments":{
                "path":"{lucee-config}/logs/scope.log"
            },
            "level":"fatal",
            "layout":"classic"
        },
        "datasource":{
            "appender":"resource",
            "appenderArguments":{
                "path":"{lucee-config}/logs/datasource.log"
            },
            "level":"fatal",
            "layout":"classic"
        },
        "remoteclient":{
            "appender":"resource",
            "appenderArguments":{
                "path":"{lucee-config}/logs/remoteclient.log"
            },
            "level":"fatal",
            "layout":"classic"
        },
        "mail":{
            "appender":"resource",
            "appenderArguments":{
                "path":"{lucee-config}/logs/mail.log"
            },
            "level":"fatal",
            "layout":"classic"
        }
    }
}