{
    "author": {
        "name": "nerds"
    },
    "name": "github",
    "description": "GitHub Connector",
    "version": "0.0.12",
    "engines": {
        "node": ">=0.4.9"
    },
    "dependencies": {},
    "devDependencies": {},
    "title": "GitHub",
    "handle": "github",
    "update": "auto",
    "github": "https://github.com/LockerProject/Locker",
    "type": "connector",
    "static": "false",
    "oauthSize": {
        "width": 1000,
        "height": 1000
    },
    "profileIds": [
        "login"
    ],
    "url": "",
    "synclets": [
        {
            "frequency": 3600,
            "name": "profile"
        },
        {
            "frequency": 3600,
            "name": "users"
        },
        {
            "frequency": 3600,
            "name": "repos"
        },
        {
            "frequency": 3600,
            "name": "userEvents"
        },
        {
            "frequency": 3600,
            "name": "events"
        }
    ],
    "provides": [
        "contact/github",
        "repo/github",
        "event/github",
        "userEvent/github",
        "view/github"
    ],
    "upserted": 1768097745335,
    "manifest": "Connectors/GitHub/package.json",
    "srcdir": "Connectors/GitHub",
    "provider": "github",
    "id": "github",
    "installed": 1768094646012,
    "uri": "http://localhost:8042/Me/github/",
    "externalUri": "http://localhost:40271/Me/github/",
    "loaded": 1768097745325
}