{"width":512,"SubTexture":[{"width":137,"y":421,"height":123,"name":"jiguang","x":1},{"width":20,"y":333,"height":20,"name":"meigui","x":442},{"y":408,"frameWidth":75,"x":292,"frameHeight":75,"width":71,"frameY":-2,"height":71,"name":"zheng","frameX":-2},{"y":280,"frameWidth":75,"x":442,"frameHeight":75,"width":51,"frameY":-12,"height":51,"name":"zheng2","frameX":-12},{"y":1,"frameWidth":180,"x":340,"frameHeight":160,"width":158,"frameY":-22,"height":137,"name":"1 (6)","frameX":-7},{"y":146,"frameWidth":180,"x":168,"frameHeight":160,"width":154,"frameY":-27,"height":127,"name":"1 (3)","frameX":-8},{"y":293,"frameWidth":180,"x":1,"frameHeight":160,"width":145,"frameY":-30,"height":126,"name":"1 (9)","frameX":-7},{"y":1,"frameWidth":180,"x":1,"frameHeight":160,"width":165,"frameY":-4,"height":155,"name":"1 (2)","frameX":-6},{"y":140,"frameWidth":180,"x":340,"frameHeight":160,"width":151,"frameY":-17,"height":138,"name":"1 (1)","frameX":-6},{"y":407,"frameWidth":180,"x":148,"frameHeight":160,"width":142,"frameY":-28,"height":128,"name":"1 (4)","frameX":-8},{"y":280,"frameWidth":180,"x":295,"frameHeight":160,"width":145,"frameY":-33,"height":126,"name":"1 (10)","frameX":-6},{"y":158,"frameWidth":180,"x":1,"frameHeight":160,"width":145,"frameY":-23,"height":133,"name":"1 (8)","frameX":-8},{"y":1,"frameWidth":180,"x":168,"frameHeight":160,"width":170,"frameY":-12,"height":143,"name":"1 (7)","frameX":-7},{"y":275,"frameWidth":180,"x":148,"frameHeight":160,"width":145,"frameY":-27,"height":130,"name":"1 (5)","frameX":-7}],"height":1024,"name":"effect","imagePath":"effect_tex.png"}