{"frameRate":30,"name":"effect","version":"5.5","compatibleVersion":"5.5","armature":[{"type":"Armature","frameRate":30,"name":"flower","aabb":{"x":-316.56,"y":-256.95,"width":505.88,"height":310.08},"bone":[{"name":"root","transform":{"y":-89.1136}},{"name":"hua","parent":"root","transform":{"x":-1.2207,"y":95.86095}},{"name":"roo2","parent":"root","transform":{"x":-122.72615,"y":99.615}},{"name":"JG","parent":"roo2","transform":{"x":48.5738}},{"name":"MG","parent":"roo2","transform":{"x":11.66245,"y":0.09285,"skX":-5.93,"skY":-5.93}},{"name":"zhen","parent":"roo2","transform":{"x":120.51,"y":-6.995,"skX":-0.06,"skY":-0.06,"scX":6.875,"scY":2.385}},{"name":"zheng3","parent":"roo2","transform":{"x":123.96,"y":-30.985,"scY":0.4}},{"name":"jiguang4","parent":"JG","transform":{"x":-64.595,"y":-205.955,"scX":0.663,"scY":0.461}},{"name":"jiguang3","parent":"JG","transform":{"x":38.125,"y":-181.45,"scX":0.83,"scY":0.458}},{"name":"jiguang","parent":"JG","transform":{"x":194.98,"y":-113.8,"scX":0.799,"scY":0.632}},{"name":"jiguang2","parent":"JG","transform":{"x":53.045,"y":-137.18,"scX":1.013,"scY":1.097}},{"name":"jiguang8","parent":"JG","transform":{"x":-3.45,"y":-103.625,"scX":0.335,"scY":0.363}},{"name":"jiguang9","parent":"JG","transform":{"x":76.46,"y":-97.71,"scX":0.429,"scY":0.288}},{"name":"jiguang10","parent":"JG","transform":{"x":140.585,"y":-85.875,"scX":0.448,"scY":0.245}},{"name":"jiguang11","parent":"JG","transform":{"x":180.375,"y":-95.47,"scX":0.47,"scY":0.209}},{"name":"jiguang7","parent":"JG","transform":{"x":186.32,"y":-176.64,"scX":0.737,"scY":0.562}},{"name":"jiguang5","parent":"JG","transform":{"x":74.91,"y":-126.865,"scX":1.021,"scY":0.438}},{"name":"jiguang6","parent":"JG","transform":{"x":-54.655,"y":-131.37,"scX":0.737,"scY":0.562}},{"name":"jiguang12","parent":"JG","transform":{"x":-173.905,"y":-189.055,"scX":0.598,"scY":0.531}},{"name":"meigui4","parent":"MG","transform":{"x":76.075,"y":-172.265,"skX":-9.41,"skY":-9.41,"scX":0.77,"scY":0.77}},{"name":"meigui5","parent":"MG","transform":{"x":10.4,"y":-173.51,"skX":-9.41,"skY":-9.41,"scX":0.77,"scY":0.77}},{"name":"meigui6","parent":"MG","transform":{"x":148.425,"y":-166.045,"skX":-9.41,"skY":-9.41,"scX":0.77,"scY":0.77}},{"name":"meigui7","parent":"MG","transform":{"x":222.04,"y":-146.435,"skX":-9.41,"skY":-9.41,"scX":0.77,"scY":0.77}},{"name":"meigui8","parent":"MG","transform":{"x":114.085,"y":-161.615,"skX":-9.41,"skY":-9.41,"scX":0.77,"scY":0.77}},{"name":"meigui9","parent":"MG","transform":{"x":98.955,"y":-174.72,"skX":-9.41,"skY":-9.41,"scX":1.146,"scY":1.146}},{"name":"meigui10","parent":"MG","transform":{"x":172.865,"y":-145.485,"skX":-9.41,"skY":-9.41,"scX":0.529,"scY":0.529}},{"name":"meigui11","parent":"MG","transform":{"x":30.535,"y":-161.18,"skX":-9.41,"skY":-9.41,"scX":0.462,"scY":0.462}},{"name":"meigui12","parent":"MG","transform":{"x":30.535,"y":-161.18,"skX":-9.41,"skY":-9.41,"scX":0.462,"scY":0.462}},{"name":"meigui13","parent":"MG","transform":{"x":30.535,"y":-161.18,"skX":-9.41,"skY":-9.41,"scX":0.462,"scY":0.462}},{"name":"meigui14","parent":"MG","transform":{"x":30.535,"y":-161.18,"skX":-9.41,"skY":-9.41,"scX":0.462,"scY":0.462}},{"name":"meigui","parent":"MG","transform":{"x":53.23,"y":-163.915,"scX":1.111,"scY":1.111}},{"name":"zhen1","parent":"zhen"},{"name":"zhen2","parent":"zhen"},{"name":"meigui2","parent":"MG","transform":{"x":128.11,"y":-172.61,"skX":-57.56,"skY":-57.56,"scX":1.151,"scY":1.151}},{"name":"zzz","parent":"zheng3","transform":{"x":-1.2334}},{"name":"meigui3","parent":"MG","transform":{"x":184.74,"y":-156.28,"skX":-9.41,"skY":-9.41,"scX":1.103,"scY":1.103}}],"slot":[{"blendMode":"add","name":"jiguang12","parent":"jiguang11","color":{"aM":72,"rM":66,"gM":0}},{"blendMode":"add","name":"jiguang9","parent":"jiguang8","color":{"rM":66,"gM":0}},{"blendMode":"add","name":"jiguang10","parent":"jiguang9","color":{"aM":81,"rM":66,"gM":0}},{"blendMode":"add","name":"jiguang11","parent":"jiguang10","color":{"aM":40,"rM":66,"gM":0}},{"blendMode":"add","name":"jiguang2","parent":"jiguang2","color":{"rM":25,"gM":20}},{"blendMode":"add","name":"jiguang6","parent":"jiguang6","color":{"rM":66,"gM":0}},{"blendMode":"add","name":"jiguang","parent":"jiguang"},{"blendMode":"add","name":"jiguang13","parent":"jiguang12","color":{"rM":66,"gM":0}},{"blendMode":"add","name":"jiguang7","parent":"jiguang4","color":{"rM":74,"gM":0}},{"blendMode":"add","name":"jiguang5","parent":"jiguang5"},{"blendMode":"add","name":"jiguang3","parent":"jiguang3"},{"blendMode":"add","name":"jiguang8","parent":"jiguang7","color":{"rM":66,"gM":0}},{"blendMode":"add","name":"meigui","parent":"meigui"},{"blendMode":"add","name":"meigui12","parent":"meigui"},{"blendMode":"add","name":"meigui2","parent":"meigui2"},{"blendMode":"add","displayIndex":-1,"name":"meigui3","parent":"meigui3"},{"blendMode":"add","displayIndex":-1,"name":"meigui4","parent":"meigui4"},{"blendMode":"add","displayIndex":-1,"name":"meigui5","parent":"meigui5"},{"blendMode":"add","displayIndex":-1,"name":"meigui13","parent":"meigui5"},{"blendMode":"add","name":"meigui6","parent":"meigui6"},{"blendMode":"add","name":"meigui7","parent":"meigui7"},{"blendMode":"add","displayIndex":-1,"name":"meigui8","parent":"meigui8"},{"blendMode":"add","name":"meigui9","parent":"meigui9"},{"blendMode":"add","displayIndex":-1,"name":"meigui10","parent":"meigui10"},{"blendMode":"add","displayIndex":-1,"name":"meigui11","parent":"meigui11"},{"blendMode":"add","displayIndex":-1,"name":"meigui14","parent":"meigui12"},{"blendMode":"add","displayIndex":-1,"name":"meigui15","parent":"meigui13"},{"blendMode":"add","displayIndex":-1,"name":"meigui16","parent":"meigui14"},{"blendMode":"add","displayIndex":-1,"name":"zheng","parent":"zhen1"},{"blendMode":"add","displayIndex":-1,"name":"zheng2","parent":"zhen2"},{"blendMode":"add","displayIndex":-1,"name":"zheng3","parent":"zzz"},{"name":"sprite","parent":"hua"}],"skin":[{"slot":[{"name":"meigui12","display":[{"type":"mesh","name":"meigui","width":19,"height":20,"vertices":[5.17,6.83,-4.77,4.79,-6.14,-4.77,5.17,-4.77,-3.65,-2.54,2.82,4.8,-0.86,1.2],"uvs":[1,1,0,1,0,0,1,0,0.22016,0.1924,0.79263,0.82497,0.46693,0.51428],"triangles":[5,1,0,2,4,3,6,5,3,4,6,3,5,0,3,6,1,5,4,1,6,2,1,4],"edges":[1,0,0,3,3,2,2,1],"userEdges":[4,6,6,5,4,2,5,0]}]},{"name":"jiguang","display":[{"type":"mesh","name":"jiguang","width":137,"height":123,"vertices":[-112.33,33.09,130.41,35.44,130.41,-210.84,-112.33,-213.19],"uvs":[1,1,0,1,0,0,1,0],"triangles":[1,0,3,2,1,3],"edges":[1,0,0,3,3,2,2,1],"userEdges":[]}]},{"name":"meigui16","display":[{"type":"mesh","name":"meigui","width":19,"height":20,"vertices":[5.17,6.83,-4.77,4.79,-6.14,-4.77,5.17,-4.77,-3.65,-2.54,2.82,4.8,-0.86,1.2],"uvs":[1,1,0,1,0,0,1,0,0.22016,0.1924,0.79263,0.82497,0.46693,0.51428],"triangles":[5,1,0,2,4,3,6,5,3,4,6,3,5,0,3,6,1,5,4,1,6,2,1,4],"edges":[1,0,0,3,3,2,2,1],"userEdges":[4,6,6,5,4,2,5,0]}]},{"name":"meigui7","display":[{"type":"mesh","name":"meigui","width":19,"height":20,"vertices":[5.17,6.83,-4.77,4.79,-6.14,-4.77,5.17,-4.77,-3.65,-2.54,2.82,4.8,-0.86,1.2],"uvs":[1,1,0,1,0,0,1,0,0.22016,0.1924,0.79263,0.82497,0.46693,0.51428],"triangles":[5,1,0,2,4,3,6,5,3,4,6,3,5,0,3,6,1,5,4,1,6,2,1,4],"edges":[1,0,0,3,3,2,2,1],"userEdges":[4,6,6,5,4,2,5,0]}]},{"name":"meigui5","display":[{"type":"mesh","name":"meigui","width":19,"height":20,"vertices":[-91.11,-46.78,-97.64,-51.68,-95.37,-59.1,-87.14,-55.23,-94.33,-56.63,-92.13,-49.06,-93.57,-52.95],"uvs":[1,1,0,1,0,0,1,0,0.22016,0.1924,0.79263,0.82497,0.46693,0.51428],"triangles":[5,1,0,2,4,3,6,5,3,4,6,3,5,0,3,6,1,5,4,1,6,2,1,4],"edges":[1,0,0,3,3,2,2,1],"userEdges":[4,6,6,5,4,2,5,0]}]},{"name":"jiguang3","display":[{"type":"mesh","name":"jiguang","width":137,"height":123,"vertices":[140.19,48.86,-117.8,48.86,-117.8,-182.14,140.2,-182.14],"uvs":[1,1,0,1,0,0,1,0],"triangles":[1,0,3,2,1,3],"edges":[1,0,0,3,3,2,2,1],"userEdges":[]}]},{"name":"jiguang10","display":[{"type":"mesh","name":"jiguang","width":137,"height":123,"vertices":[140.19,48.86,-117.8,48.86,-117.8,-182.14,140.2,-182.14],"uvs":[1,1,0,1,0,0,1,0],"triangles":[1,0,3,2,1,3],"edges":[1,0,0,3,3,2,2,1],"userEdges":[]}]},{"name":"sprite","display":[{"type":"armature","name":"sprite","transform":{"x":9.52,"y":-33.63},"path":"sprite"}]},{"name":"meigui11","display":[{"type":"mesh","name":"meigui","width":19,"height":20,"vertices":[5.17,6.83,-4.77,4.79,-6.14,-4.77,5.17,-4.77,-3.65,-2.54,2.82,4.8,-0.86,1.2],"uvs":[1,1,0,1,0,0,1,0,0.22016,0.1924,0.79263,0.82497,0.46693,0.51428],"triangles":[5,1,0,2,4,3,6,5,3,4,6,3,5,0,3,6,1,5,4,1,6,2,1,4],"edges":[1,0,0,3,3,2,2,1],"userEdges":[4,6,6,5,4,2,5,0]}]},{"name":"meigui2","display":[{"type":"mesh","name":"meigui","width":19,"height":20,"vertices":[5.17,6.83,-4.77,4.79,-6.14,-4.77,5.17,-4.77,-3.65,-2.54,2.82,4.8,-0.86,1.2],"uvs":[1,1,0,1,0,0,1,0,0.22016,0.1924,0.79263,0.82497,0.46693,0.51428],"triangles":[5,1,0,2,4,3,6,5,3,4,6,3,5,0,3,6,1,5,4,1,6,2,1,4],"edges":[1,0,0,3,3,2,2,1],"userEdges":[4,6,6,5,4,2,5,0]}]},{"name":"jiguang11","display":[{"type":"mesh","name":"jiguang","width":137,"height":123,"vertices":[140.19,48.86,-117.8,48.86,-117.8,-182.14,140.2,-182.14],"uvs":[1,1,0,1,0,0,1,0],"triangles":[1,0,3,2,1,3],"edges":[1,0,0,3,3,2,2,1],"userEdges":[]}]},{"name":"zheng","display":[{"name":"zheng"}]},{"name":"meigui8","display":[{"type":"mesh","name":"meigui","width":19,"height":20,"vertices":[5.17,6.83,-4.77,4.79,-6.14,-4.77,5.17,-4.77,-3.65,-2.54,2.82,4.8,-0.86,1.2],"uvs":[1,1,0,1,0,0,1,0,0.22016,0.1924,0.79263,0.82497,0.46693,0.51428],"triangles":[5,1,0,2,4,3,6,5,3,4,6,3,5,0,3,6,1,5,4,1,6,2,1,4],"edges":[1,0,0,3,3,2,2,1],"userEdges":[4,6,6,5,4,2,5,0]}]},{"name":"meigui13","display":[{"type":"mesh","name":"meigui","width":19,"height":20,"vertices":[5.17,6.83,-4.77,4.79,-6.14,-4.77,5.17,-4.77,-3.65,-2.54,2.82,4.8,-0.86,1.2],"uvs":[1,1,0,1,0,0,1,0,0.22016,0.1924,0.79263,0.82497,0.46693,0.51428],"triangles":[5,1,0,2,4,3,6,5,3,4,6,3,5,0,3,6,1,5,4,1,6,2,1,4],"edges":[1,0,0,3,3,2,2,1],"userEdges":[4,6,6,5,4,2,5,0]}]},{"name":"jiguang8","display":[{"type":"mesh","name":"jiguang","width":137,"height":123,"vertices":[140.19,48.86,-117.8,48.86,-117.8,-182.14,140.2,-182.14],"uvs":[1,1,0,1,0,0,1,0],"triangles":[1,0,3,2,1,3],"edges":[1,0,0,3,3,2,2,1],"userEdges":[]}]},{"name":"jiguang2","display":[{"type":"mesh","name":"jiguang","width":137,"height":123,"vertices":[209.72,50.23,-180.44,50.23,-180.44,-156.77,209.72,-156.77],"uvs":[1,1,0,1,0,0,1,0],"triangles":[1,0,3,2,1,3],"edges":[1,0,0,3,3,2,2,1],"userEdges":[]}]},{"name":"meigui14","display":[{"type":"mesh","name":"meigui","width":19,"height":20,"vertices":[5.17,6.83,-4.77,4.79,-6.14,-4.77,5.17,-4.77,-3.65,-2.54,2.82,4.8,-0.86,1.2],"uvs":[1,1,0,1,0,0,1,0,0.22016,0.1924,0.79263,0.82497,0.46693,0.51428],"triangles":[5,1,0,2,4,3,6,5,3,4,6,3,5,0,3,6,1,5,4,1,6,2,1,4],"edges":[1,0,0,3,3,2,2,1],"userEdges":[4,6,6,5,4,2,5,0]}]},{"name":"meigui3","display":[{"type":"mesh","name":"meigui","width":19,"height":20,"vertices":[5.17,6.83,-4.77,4.79,-6.14,-4.77,5.17,-4.77,-3.65,-2.54,2.82,4.8,-0.86,1.2],"uvs":[1,1,0,1,0,0,1,0,0.22016,0.1924,0.79263,0.82497,0.46693,0.51428],"triangles":[5,1,0,2,4,3,6,5,3,4,6,3,5,0,3,6,1,5,4,1,6,2,1,4],"edges":[1,0,0,3,3,2,2,1],"userEdges":[4,6,6,5,4,2,5,0]}]},{"name":"jiguang13","display":[{"type":"mesh","name":"jiguang","width":137,"height":123,"vertices":[205.06,63.9,-52.94,63.9,-52.94,-167.1,205.06,-167.1],"uvs":[1,1,0,1,0,0,1,0],"triangles":[1,0,3,2,1,3],"edges":[1,0,0,3,3,2,2,1],"userEdges":[]}]},{"name":"jiguang7","display":[{"type":"mesh","name":"jiguang","width":137,"height":123,"vertices":[140.19,48.86,-117.8,48.86,-117.8,-182.14,140.2,-182.14],"uvs":[1,1,0,1,0,0,1,0],"triangles":[1,0,3,2,1,3],"edges":[1,0,0,3,3,2,2,1],"userEdges":[]}]},{"name":"jiguang12","display":[{"type":"mesh","name":"jiguang","width":137,"height":123,"vertices":[140.19,48.86,-117.8,48.86,-117.8,-182.14,140.2,-182.14],"uvs":[1,1,0,1,0,0,1,0],"triangles":[1,0,3,2,1,3],"edges":[1,0,0,3,3,2,2,1],"userEdges":[]}]},{"name":"zheng2","display":[{"name":"zheng"}]},{"name":"meigui9","display":[{"type":"mesh","name":"meigui","width":19,"height":20,"vertices":[5.17,6.83,-4.77,4.79,-6.14,-4.77,5.17,-4.77,-3.65,-2.54,2.82,4.8,-0.86,1.2],"uvs":[1,1,0,1,0,0,1,0,0.22016,0.1924,0.79263,0.82497,0.46693,0.51428],"triangles":[5,1,0,2,4,3,6,5,3,4,6,3,5,0,3,6,1,5,4,1,6,2,1,4],"edges":[1,0,0,3,3,2,2,1],"userEdges":[4,6,6,5,4,2,5,0]}]},{"name":"meigui6","display":[{"type":"mesh","name":"meigui","width":19,"height":20,"vertices":[5.17,6.83,-4.77,4.79,-6.14,-4.77,5.17,-4.77,-3.65,-2.54,2.82,4.8,-0.86,1.2],"uvs":[1,1,0,1,0,0,1,0,0.22016,0.1924,0.79263,0.82497,0.46693,0.51428],"triangles":[5,1,0,2,4,3,6,5,3,4,6,3,5,0,3,6,1,5,4,1,6,2,1,4],"edges":[1,0,0,3,3,2,2,1],"userEdges":[4,6,6,5,4,2,5,0]}]},{"name":"meigui","display":[{"type":"mesh","name":"meigui","width":19,"height":20,"vertices":[100.17,22.33,95.16,21.3,94.47,16.48,100.17,16.48,95.72,17.61,98.98,21.31,97.13,19.5],"uvs":[1,1,0,1,0,0,1,0,0.22016,0.1924,0.79263,0.82497,0.46693,0.51428],"triangles":[5,1,0,2,4,3,6,5,3,4,6,3,5,0,3,6,1,5,4,1,6,2,1,4],"edges":[1,0,0,3,3,2,2,1],"userEdges":[4,6,6,5,4,2,5,0]}]},{"name":"jiguang6","display":[{"type":"mesh","name":"jiguang","width":137,"height":123,"vertices":[140.19,48.86,-117.8,48.86,-117.8,-182.14,140.2,-182.14],"uvs":[1,1,0,1,0,0,1,0],"triangles":[1,0,3,2,1,3],"edges":[1,0,0,3,3,2,2,1],"userEdges":[]}]},{"name":"meigui15","display":[{"type":"mesh","name":"meigui","width":19,"height":20,"vertices":[5.17,6.83,-4.77,4.79,-6.14,-4.77,5.17,-4.77,-3.65,-2.54,2.82,4.8,-0.86,1.2],"uvs":[1,1,0,1,0,0,1,0,0.22016,0.1924,0.79263,0.82497,0.46693,0.51428],"triangles":[5,1,0,2,4,3,6,5,3,4,6,3,5,0,3,6,1,5,4,1,6,2,1,4],"edges":[1,0,0,3,3,2,2,1],"userEdges":[4,6,6,5,4,2,5,0]}]},{"name":"meigui4","display":[{"type":"mesh","name":"meigui","width":19,"height":20,"vertices":[5.17,6.83,-4.77,4.79,-6.14,-4.77,5.17,-4.77,-3.65,-2.54,2.82,4.8,-0.86,1.2],"uvs":[1,1,0,1,0,0,1,0,0.22016,0.1924,0.79263,0.82497,0.46693,0.51428],"triangles":[5,1,0,2,4,3,6,5,3,4,6,3,5,0,3,6,1,5,4,1,6,2,1,4],"edges":[1,0,0,3,3,2,2,1],"userEdges":[4,6,6,5,4,2,5,0]}]},{"name":"jiguang5","display":[{"type":"mesh","name":"jiguang","width":137,"height":123,"vertices":[148.01,35.84,-109.98,35.84,-109.98,-195.16,148.02,-195.16],"uvs":[1,1,0,1,0,0,1,0],"triangles":[1,0,3,2,1,3],"edges":[1,0,0,3,3,2,2,1],"userEdges":[]}]},{"name":"jiguang9","display":[{"type":"mesh","name":"jiguang","width":137,"height":123,"vertices":[140.19,48.86,-117.8,48.86,-117.8,-182.14,140.2,-182.14],"uvs":[1,1,0,1,0,0,1,0],"triangles":[1,0,3,2,1,3],"edges":[1,0,0,3,3,2,2,1],"userEdges":[]}]},{"name":"zheng3","display":[{"name":"zheng2"}]},{"name":"meigui10","display":[{"type":"mesh","name":"meigui","width":19,"height":20,"vertices":[5.17,6.83,-4.77,4.79,-6.14,-4.77,5.17,-4.77,-3.65,-2.54,2.82,4.8,-0.86,1.2],"uvs":[1,1,0,1,0,0,1,0,0.22016,0.1924,0.79263,0.82497,0.46693,0.51428],"triangles":[5,1,0,2,4,3,6,5,3,4,6,3,5,0,3,6,1,5,4,1,6,2,1,4],"edges":[1,0,0,3,3,2,2,1],"userEdges":[4,6,6,5,4,2,5,0]}]}]}],"animation":[{"duration":110,"name":"skill","frame":[{"duration":0,"events":[{"name":"playse"}]}],"bone":[{"name":"jiguang","translateFrame":[{"duration":3,"tweenEasing":0},{"duration":50,"curve":[0.611,0.33,0.75,1],"y":-28.8},{"duration":26,"tweenEasing":0},{"duration":16,"tweenEasing":0,"y":94.69},{"duration":15,"y":114.63}],"scaleFrame":[{"duration":3,"tweenEasing":0},{"duration":50,"curve":[0.611,0.33,0.75,1],"y":0.56},{"duration":26,"tweenEasing":0},{"duration":16,"tweenEasing":0,"y":2.81},{"duration":15,"y":2.17}]},{"name":"jiguang2","translateFrame":[{"duration":3,"tweenEasing":0},{"duration":50,"curve":[0.611,0.33,0.75,1],"y":-36.83},{"duration":26,"tweenEasing":0},{"duration":14,"tweenEasing":0,"y":54.82},{"duration":17,"y":76.35}],"scaleFrame":[{"duration":3,"tweenEasing":0},{"duration":50,"curve":[0.611,0.33,0.75,1],"y":0.56},{"duration":26,"tweenEasing":0},{"duration":14,"tweenEasing":0,"y":2.81},{"duration":17,"y":2.17}]},{"name":"jiguang3","translateFrame":[{"duration":39,"tweenEasing":0,"y":-14.01},{"duration":25,"tweenEasing":0},{"duration":26,"tweenEasing":0,"y":177.79},{"duration":20,"y":213.84}],"scaleFrame":[{"duration":39,"tweenEasing":0,"y":0.4},{"duration":25,"tweenEasing":0,"y":1.54},{"duration":26,"tweenEasing":0,"y":3.55},{"duration":20,"y":1.9}]},{"name":"jiguang4","translateFrame":[{"duration":39,"tweenEasing":0,"y":5.39},{"duration":25,"tweenEasing":0,"y":26.44},{"duration":21,"tweenEasing":0,"y":146.04},{"duration":25,"y":184.43}],"scaleFrame":[{"duration":39,"tweenEasing":0,"y":0.27},{"duration":25,"tweenEasing":0},{"duration":21,"tweenEasing":0,"x":1.2,"y":5.46},{"duration":25,"y":2.49}]},{"name":"jiguang5","translateFrame":[{"duration":3,"tweenEasing":0},{"duration":50,"curve":[0.611,0.33,0.75,1],"y":-25.44},{"duration":13,"tweenEasing":0},{"duration":39,"tweenEasing":0,"y":50.35},{"duration":5,"y":114.63}],"scaleFrame":[{"duration":3,"tweenEasing":0},{"duration":50,"curve":[0.611,0.33,0.75,1],"y":0.56},{"duration":13,"tweenEasing":0},{"duration":39,"tweenEasing":0,"y":4.76},{"duration":5,"y":2.18}]},{"name":"jiguang6","translateFrame":[{"duration":3,"tweenEasing":0},{"duration":50,"curve":[0.611,0.33,0.75,1],"y":-27.58},{"duration":26,"tweenEasing":0},{"duration":14,"tweenEasing":0,"y":94.69},{"duration":17,"y":114.63}],"scaleFrame":[{"duration":3,"tweenEasing":0},{"duration":50,"curve":[0.611,0.33,0.75,1],"y":0.56},{"duration":26,"tweenEasing":0},{"duration":14,"tweenEasing":0,"y":2.81},{"duration":17,"y":2.17}]},{"name":"jiguang7","translateFrame":[{"duration":39,"tweenEasing":0,"y":-33.84},{"duration":25,"tweenEasing":0},{"duration":36,"tweenEasing":0,"y":139.54},{"duration":10,"y":184.43}],"scaleFrame":[{"duration":39,"tweenEasing":0},{"duration":25,"tweenEasing":0,"y":3.51},{"duration":36,"tweenEasing":0,"y":3.55},{"duration":10,"y":2.49}]},{"name":"jiguang8","translateFrame":[{"duration":13,"tweenEasing":0},{"duration":50,"tweenEasing":0,"y":-91.06},{"duration":15,"tweenEasing":0,"y":-61.98},{"duration":15,"tweenEasing":0,"y":9.89},{"duration":17,"y":48.34}],"scaleFrame":[{"duration":13,"tweenEasing":0},{"duration":50,"tweenEasing":0,"y":0.51},{"duration":15,"tweenEasing":0,"y":1.86},{"duration":15,"tweenEasing":0,"y":3.68},{"duration":17,"y":1.83}]},{"name":"jiguang9","translateFrame":[{"duration":13,"tweenEasing":0},{"duration":50,"tweenEasing":0,"y":-91.06},{"duration":15,"tweenEasing":0,"y":-61.98},{"duration":32,"tweenEasing":0,"y":9.89},{"duration":0,"y":48.34}],"scaleFrame":[{"duration":13,"tweenEasing":0},{"duration":50,"tweenEasing":0,"y":0.53},{"duration":15,"tweenEasing":0,"y":1.86},{"duration":32,"tweenEasing":0,"y":3.7},{"duration":0,"y":1.84}]},{"name":"jiguang10","translateFrame":[{"duration":13,"tweenEasing":0},{"duration":50,"tweenEasing":0,"y":-91.06},{"duration":17,"tweenEasing":0,"y":-61.98},{"duration":25,"tweenEasing":0,"y":9.89},{"duration":5,"y":48.34}],"scaleFrame":[{"duration":13,"tweenEasing":0},{"duration":50,"tweenEasing":0,"y":0.51},{"duration":17,"tweenEasing":0,"y":1.86},{"duration":25,"tweenEasing":0,"y":3.7},{"duration":5,"y":1.84}]},{"name":"jiguang11","translateFrame":[{"duration":13,"tweenEasing":0},{"duration":50,"tweenEasing":0,"y":-91.06},{"duration":15,"tweenEasing":0,"y":-61.98},{"duration":15,"tweenEasing":0,"y":9.89},{"duration":17,"y":48.34}],"scaleFrame":[{"duration":13,"tweenEasing":0},{"duration":50,"tweenEasing":0,"y":0.54},{"duration":15,"tweenEasing":0,"y":1.86},{"duration":15,"tweenEasing":0,"y":3.7},{"duration":17,"y":1.84}]},{"name":"jiguang12","translateFrame":[{"duration":40,"tweenEasing":0,"y":-10.34},{"duration":24,"tweenEasing":0},{"duration":21,"tweenEasing":0,"y":139.54},{"duration":25,"y":184.43}],"scaleFrame":[{"duration":40,"tweenEasing":0,"y":0.25},{"duration":24,"tweenEasing":0},{"duration":21,"tweenEasing":0,"y":3.55},{"duration":25,"y":2.49}]},{"name":"meigui","translateFrame":[{"duration":5,"tweenEasing":0},{"duration":82,"tweenEasing":0,"x":-22,"y":-82.62},{"duration":23,"x":73.47,"y":190.1}],"rotateFrame":[{"duration":5,"tweenEasing":0},{"duration":82,"tweenEasing":0},{"duration":23,"rotate":-71.26}],"scaleFrame":[{"duration":5,"tweenEasing":0},{"duration":82,"tweenEasing":0},{"duration":23,"x":0.29}]},{"name":"meigui2","translateFrame":[{"duration":23,"tweenEasing":0},{"duration":72,"tweenEasing":0,"x":-158.4,"y":-48.2},{"duration":15,"x":-88.77,"y":151.79}],"rotateFrame":[{"duration":23,"tweenEasing":0},{"duration":72,"tweenEasing":0,"rotate":134.69},{"duration":15,"rotate":34.01}]},{"name":"meigui3","translateFrame":[{"duration":40,"tweenEasing":0},{"duration":70,"tweenEasing":0,"x":-80.15,"y":-60.77},{"duration":0,"x":18.74,"y":134.04}],"rotateFrame":[{"duration":40,"tweenEasing":0},{"duration":70,"tweenEasing":0,"rotate":-19.05},{"duration":0,"rotate":-52.29}],"scaleFrame":[{"duration":40,"tweenEasing":0},{"duration":70,"tweenEasing":0},{"duration":0,"x":0.54,"y":1.23}]},{"name":"meigui4","translateFrame":[{"duration":45,"tweenEasing":0},{"duration":55,"tweenEasing":0,"x":-77.82,"y":-37.37},{"duration":10,"x":17.57,"y":106}],"rotateFrame":[{"duration":45,"tweenEasing":0},{"duration":55,"tweenEasing":0},{"duration":10,"rotate":-25.04}]},{"name":"meigui5","translateFrame":[{"duration":42,"tweenEasing":0},{"duration":54,"tweenEasing":0,"x":42.56,"y":22.81},{"duration":14,"x":138.97,"y":149.95}],"rotateFrame":[{"duration":42,"tweenEasing":0},{"duration":54,"tweenEasing":0,"rotate":1.39},{"duration":14,"rotate":-43.42}]},{"name":"meigui6","translateFrame":[{"duration":41,"tweenEasing":0,"x":-185,"y":-40.92},{"duration":11,"tweenEasing":0,"x":-116.91,"y":86.74},{"duration":45,"tweenEasing":0,"x":-225.07,"y":-68.34},{"duration":13,"x":-166.09,"y":78.05}],"rotateFrame":[{"duration":110,"rotate":-29.87}]},{"name":"meigui7","translateFrame":[{"duration":13,"tweenEasing":0},{"duration":71,"tweenEasing":0,"x":-230.82,"y":-98.22},{"duration":26,"x":110.11,"y":172.15}],"rotateFrame":[{"duration":13,"tweenEasing":0},{"duration":71,"tweenEasing":0},{"duration":26,"rotate":-57.52}],"scaleFrame":[{"duration":13,"tweenEasing":0},{"duration":71,"tweenEasing":0,"x":2.01,"y":2.01},{"duration":26,"x":0.89,"y":0.89}]},{"name":"meigui8","translateFrame":[{"duration":60,"tweenEasing":0},{"duration":24,"tweenEasing":0,"x":15.4,"y":-64.94},{"duration":23,"tweenEasing":0,"x":15.4,"y":-64.94},{"duration":3,"x":95.14,"y":57.8}],"rotateFrame":[{"duration":84,"tweenEasing":0},{"duration":23,"tweenEasing":0},{"duration":3,"rotate":-87.86}],"scaleFrame":[{"duration":60,"tweenEasing":0},{"duration":24,"tweenEasing":0},{"duration":23,"tweenEasing":0,"x":0.54},{"duration":3}]},{"name":"meigui9","translateFrame":[{"duration":14,"tweenEasing":0},{"duration":66,"tweenEasing":0,"x":-63.98,"y":-75.86},{"duration":30,"x":10.98,"y":54.38}],"rotateFrame":[{"duration":14,"tweenEasing":0},{"duration":66,"tweenEasing":0},{"duration":30,"rotate":-37.05}],"scaleFrame":[{"duration":14,"tweenEasing":0},{"duration":66,"tweenEasing":0,"x":0.5,"y":0.5},{"duration":30,"x":0.44,"y":0.44}]},{"name":"meigui10","translateFrame":[{"duration":41,"tweenEasing":0},{"duration":32,"tweenEasing":0,"x":-105.16,"y":-77.08},{"duration":36,"tweenEasing":0,"x":-105.16,"y":-77.08},{"x":60.47,"y":195.9}],"rotateFrame":[{"duration":41,"tweenEasing":0},{"duration":32,"tweenEasing":0},{"duration":36,"tweenEasing":0,"rotate":-49.87},{"rotate":-133.85}],"scaleFrame":[{"duration":41,"tweenEasing":0},{"duration":32,"tweenEasing":0},{"duration":36,"tweenEasing":0,"x":0.5,"y":1.82},{"x":1.56,"y":1.82}]},{"name":"meigui11","translateFrame":[{"duration":61,"tweenEasing":0},{"duration":49,"tweenEasing":0,"x":-41.54,"y":-52.83},{"duration":0,"x":107.18,"y":100.08}],"rotateFrame":[{"duration":61,"tweenEasing":0},{"duration":49,"tweenEasing":0},{"duration":0,"rotate":-48.84}],"scaleFrame":[{"duration":61,"tweenEasing":0},{"duration":49,"tweenEasing":0,"x":0.78,"y":2.37},{"duration":0,"x":2.33,"y":2.37}]},{"name":"zhen1","translateFrame":[{"duration":43,"tweenEasing":0},{"duration":67,"y":0.97}],"rotateFrame":[{"duration":43,"tweenEasing":0},{"duration":57,"tweenEasing":0},{"duration":10,"rotate":54.95}],"scaleFrame":[{"duration":43,"tweenEasing":0},{"duration":57,"tweenEasing":0,"x":0.89,"y":0.89},{"duration":10,"x":1.22,"y":1.22}]},{"name":"zhen2","translateFrame":[{"duration":43,"tweenEasing":0},{"duration":67,"y":0.97}],"rotateFrame":[{"duration":43,"tweenEasing":0},{"duration":22,"tweenEasing":0},{"duration":30,"tweenEasing":0,"rotate":23.13},{"duration":15,"rotate":54.95}],"scaleFrame":[{"duration":43,"tweenEasing":0},{"duration":22,"tweenEasing":0,"x":0.89,"y":0.89},{"duration":30,"tweenEasing":0,"x":1.03,"y":1.03},{"duration":15,"x":1.53,"y":1.53}]},{"name":"meigui12","translateFrame":[{"duration":75,"tweenEasing":0},{"duration":35,"tweenEasing":0,"x":-55.5,"y":-67.15},{"duration":0,"x":-7.89,"y":-9.12}],"scaleFrame":[{"duration":75,"tweenEasing":0},{"duration":35,"tweenEasing":0},{"duration":0,"x":2.13,"y":2.13}]},{"name":"meigui13","translateFrame":[{"duration":66,"tweenEasing":0},{"duration":34,"tweenEasing":0,"x":43.72,"y":-53.51},{"duration":10,"x":94.5,"y":-10.07}],"rotateFrame":[{"duration":66,"tweenEasing":0},{"duration":34,"tweenEasing":0},{"duration":10,"rotate":-19.75}],"scaleFrame":[{"duration":66,"tweenEasing":0},{"duration":34,"tweenEasing":0,"x":1.98,"y":1.98},{"duration":10,"x":0.96,"y":0.96}]},{"name":"meigui14","translateFrame":[{"duration":77,"tweenEasing":0},{"duration":33,"tweenEasing":0,"x":132.75,"y":-44.2},{"duration":0,"x":188.19,"y":12.82}],"rotateFrame":[{"duration":77,"tweenEasing":0},{"duration":33,"tweenEasing":0,"rotate":28.72},{"duration":0,"rotate":-53.72}],"scaleFrame":[{"duration":77,"tweenEasing":0},{"duration":33,"x":1.54,"y":1.54}]},{"name":"zheng3","translateFrame":[{"duration":110,"x":2.08,"y":22.52}],"scaleFrame":[{"duration":110,"x":7.47,"y":5.65}]},{"name":"zzz","rotateFrame":[{"duration":20,"tweenEasing":0},{"duration":20,"tweenEasing":0,"rotate":82.31},{"duration":10,"curve":[0.2295,0.375,0.6765,0.825]},{"duration":55,"curve":[0.283,0.49,0.761,1],"rotate":-35.64},{"duration":5,"rotate":-124.39}],"scaleFrame":[{"duration":20,"tweenEasing":0},{"duration":30,"tweenEasing":0,"x":0.34,"y":0.34},{"duration":55,"curve":[0.283,0.49,0.761,1],"x":0.85,"y":0.85},{"duration":5,"x":1.5,"y":1.5}]},{"name":"hua","scaleFrame":[{"duration":20},{"duration":30,"tweenEasing":0,"x":0.25,"y":0.25},{"duration":60,"tweenEasing":0,"x":1.1,"y":1.1},{"duration":0,"x":2,"y":1.7}]}],"slot":[{"name":"jiguang","displayFrame":[{"duration":3,"value":-1},{"duration":107}],"colorFrame":[{"duration":3,"tweenEasing":0},{"duration":50,"curve":[0.3055,0.165,0.875,1],"value":{"aM":0}},{"duration":26},{"duration":16,"tweenEasing":0},{"duration":15,"value":{"aM":0}}]},{"name":"jiguang2","displayFrame":[{"duration":3,"value":-1},{"duration":107}],"colorFrame":[{"duration":3,"tweenEasing":0},{"duration":50,"curve":[0.3055,0.165,0.875,1],"value":{"aM":0,"rM":25,"gM":19}},{"duration":26,"value":{"rM":25,"gM":19}},{"duration":14,"tweenEasing":0,"value":{"rM":25,"gM":19}},{"duration":17,"value":{"aM":0,"rM":25,"gM":19}}]},{"name":"jiguang3","colorFrame":[{"duration":39,"tweenEasing":0,"value":{"aM":0}},{"duration":25},{"duration":26,"tweenEasing":0},{"duration":20,"value":{"aM":0}}]},{"name":"jiguang5","displayFrame":[{"duration":3,"value":-1},{"duration":107}],"colorFrame":[{"duration":3,"tweenEasing":0},{"duration":50,"curve":[0.3055,0.165,0.875,1],"value":{"aM":0}},{"duration":13},{"duration":39,"tweenEasing":0},{"duration":5,"value":{"aM":0}}]},{"name":"jiguang6","displayFrame":[{"duration":3,"value":-1},{"duration":107}],"colorFrame":[{"duration":3,"tweenEasing":0},{"duration":50,"curve":[0.3055,0.165,0.875,1],"value":{"aM":0,"rM":65,"gM":0}},{"duration":26,"value":{"rM":65,"gM":0}},{"duration":14,"tweenEasing":0,"value":{"rM":65,"gM":0}},{"duration":17,"value":{"aM":0,"rM":65,"gM":0}}]},{"name":"jiguang7","colorFrame":[{"duration":39,"tweenEasing":0,"value":{"aM":0,"rM":74,"gM":0}},{"duration":25,"value":{"rM":74,"gM":0}},{"duration":21,"tweenEasing":0,"value":{"rM":74,"gM":0}},{"duration":25,"value":{"aM":0,"rM":74,"gM":0}}]},{"name":"jiguang8","colorFrame":[{"duration":39,"tweenEasing":0,"value":{"aM":0,"rM":65,"gM":0}},{"duration":25,"value":{"rM":65,"gM":0}},{"duration":36,"tweenEasing":0,"value":{"rM":65,"gM":0}},{"duration":10,"value":{"aM":0,"rM":65,"gM":0}}]},{"name":"jiguang9","displayFrame":[{"duration":13,"value":-1},{"duration":97}],"colorFrame":[{"duration":13,"tweenEasing":0},{"duration":50,"tweenEasing":0,"value":{"aM":0,"rM":65,"gM":0}},{"duration":15,"value":{"rM":65,"gM":0}},{"duration":15,"tweenEasing":0,"value":{"rM":65,"gM":0}},{"duration":17,"value":{"aM":0,"rM":65,"gM":0}}]},{"name":"jiguang10","displayFrame":[{"duration":13,"value":-1},{"duration":97}],"colorFrame":[{"duration":13,"tweenEasing":0},{"duration":50,"tweenEasing":0,"value":{"aM":0,"rM":65,"gM":0}},{"duration":15,"tweenEasing":0,"value":{"aM":80,"rM":65,"gM":0}},{"duration":32,"tweenEasing":0,"value":{"rM":65,"gM":0}},{"duration":0,"value":{"aM":0,"rM":65,"gM":0}}]},{"name":"jiguang11","displayFrame":[{"duration":13,"value":-1},{"duration":97}],"colorFrame":[{"duration":13,"tweenEasing":0},{"duration":50,"tweenEasing":0,"value":{"aM":0,"rM":65,"gM":0}},{"duration":17,"value":{"rM":65,"gM":0}},{"duration":25,"tweenEasing":0,"value":{"rM":65,"gM":0}},{"duration":5,"value":{"aM":0,"rM":65,"gM":0}}]},{"name":"jiguang12","displayFrame":[{"duration":13,"value":-1},{"duration":97}],"colorFrame":[{"duration":13,"tweenEasing":0},{"duration":50,"tweenEasing":0,"value":{"aM":0,"rM":65,"gM":0}},{"duration":15,"value":{"aM":72,"rM":65,"gM":0}},{"duration":15,"tweenEasing":0,"value":{"aM":72,"rM":65,"gM":0}},{"duration":17,"value":{"aM":0,"rM":65,"gM":0}}]},{"name":"jiguang13","colorFrame":[{"duration":40,"tweenEasing":0,"value":{"aM":0,"rM":65,"gM":0}},{"duration":27,"tweenEasing":0,"value":{"rM":65,"gM":0}},{"duration":43,"value":{"aM":0,"rM":65,"gM":0}}]},{"name":"meigui","displayFrame":[{"duration":5,"value":-1},{"duration":105}],"colorFrame":[{"duration":5,"tweenEasing":0},{"duration":34,"tweenEasing":0,"value":{"aM":0}},{"duration":16},{"duration":32,"tweenEasing":0},{"duration":23,"value":{"aM":0}}]},{"name":"meigui2","displayFrame":[{"duration":23,"value":-1},{"duration":87}],"colorFrame":[{"duration":23,"tweenEasing":0},{"duration":27,"tweenEasing":0,"value":{"aM":0}},{"duration":25},{"duration":20,"tweenEasing":0},{"duration":15,"value":{"aM":0}}]},{"name":"meigui3","displayFrame":[{"duration":40,"value":-1},{"duration":70}],"colorFrame":[{"duration":40,"tweenEasing":0},{"duration":28,"tweenEasing":0,"value":{"aM":0}},{"duration":22},{"duration":20,"tweenEasing":0},{"duration":0,"value":{"aM":0}}]},{"name":"meigui4","displayFrame":[{"duration":45,"value":-1},{"duration":65}],"colorFrame":[{"duration":45,"tweenEasing":0},{"duration":30,"tweenEasing":0,"value":{"aM":0}},{"duration":25,"tweenEasing":0},{"duration":10,"value":{"aM":0}}]},{"name":"meigui5","displayFrame":[{"duration":42,"value":-1},{"duration":68}],"colorFrame":[{"duration":42,"tweenEasing":0},{"duration":27,"tweenEasing":0,"value":{"aM":0}},{"duration":27,"tweenEasing":0},{"duration":14,"value":{"aM":0}}]},{"name":"meigui6","colorFrame":[{"duration":22,"tweenEasing":0,"value":{"aM":0}},{"duration":19,"tweenEasing":0},{"duration":11,"value":{"aM":0}},{"duration":22,"tweenEasing":0,"value":{"aM":0}},{"duration":23,"tweenEasing":0},{"duration":13,"value":{"aM":0}}]},{"name":"meigui7","displayFrame":[{"duration":13,"value":-1},{"duration":97}],"colorFrame":[{"duration":13,"tweenEasing":0},{"duration":38,"tweenEasing":0,"value":{"aM":0}},{"duration":33,"tweenEasing":0},{"duration":26,"value":{"aM":0}}]},{"name":"meigui8","displayFrame":[{"duration":60,"value":-1},{"duration":50}],"colorFrame":[{"duration":60,"tweenEasing":0},{"duration":24,"tweenEasing":0,"value":{"aM":0}},{"duration":23,"tweenEasing":0},{"duration":3,"value":{"aM":0}}]},{"name":"meigui9","displayFrame":[{"duration":14,"value":-1},{"duration":96}],"colorFrame":[{"duration":14,"tweenEasing":0},{"duration":25,"tweenEasing":0,"value":{"aM":0}},{"duration":41,"tweenEasing":0},{"duration":30,"value":{"aM":0}}]},{"name":"meigui10","displayFrame":[{"duration":41,"value":-1},{"duration":69}],"colorFrame":[{"duration":41,"tweenEasing":0},{"duration":24,"tweenEasing":0,"value":{"aM":0}},{"duration":25},{"duration":19,"tweenEasing":0},{"value":{"aM":0}}]},{"name":"meigui11","displayFrame":[{"duration":61,"value":-1},{"duration":49}],"colorFrame":[{"duration":61,"tweenEasing":0},{"duration":26,"tweenEasing":0,"value":{"aM":0}},{"duration":23,"tweenEasing":0},{"duration":0,"value":{"aM":0}}]},{"name":"meigui12","displayFrame":[{"duration":5,"value":-1},{"duration":105}],"colorFrame":[{"duration":5,"tweenEasing":0},{"duration":34,"tweenEasing":0,"value":{"aM":0}},{"duration":16},{"duration":32,"tweenEasing":0},{"duration":23,"value":{"aM":0}}]},{"name":"meigui13","colorFrame":[{"duration":42,"tweenEasing":0},{"duration":27,"tweenEasing":0,"value":{"aM":0}},{"duration":27,"tweenEasing":0},{"duration":14,"value":{"aM":0}}]},{"name":"meigui14","displayFrame":[{"duration":75,"value":-1},{"duration":35}],"colorFrame":[{"duration":76,"tweenEasing":0},{"duration":34,"tweenEasing":0},{"duration":0,"value":{"aM":0}}]},{"name":"meigui15","displayFrame":[{"duration":66,"value":-1},{"duration":44}],"colorFrame":[{"duration":68,"tweenEasing":0},{"duration":32,"tweenEasing":0},{"duration":10,"value":{"aM":0}}]},{"name":"meigui16","displayFrame":[{"duration":77,"value":-1},{"duration":33}],"colorFrame":[{"duration":83,"tweenEasing":0},{"duration":27,"tweenEasing":0},{"duration":0,"value":{"aM":0}}]},{"name":"zheng","displayFrame":[{"duration":43,"value":-1},{"duration":67}],"colorFrame":[{"duration":43,"tweenEasing":0},{"duration":22,"tweenEasing":0,"value":{"aM":0}},{"duration":35,"tweenEasing":0,"value":{"aM":47,"rM":94,"bM":94}},{"duration":10,"value":{"aM":0}}]},{"name":"zheng2","displayFrame":[{"duration":55,"value":-1},{"duration":55}],"colorFrame":[{"duration":55,"tweenEasing":0},{"duration":10,"tweenEasing":0,"value":{"aM":0}},{"duration":30,"tweenEasing":0,"value":{"aM":56}},{"duration":15,"value":{"aM":0}}]},{"name":"zheng3","displayFrame":[{"duration":20,"value":-1},{"duration":90}],"colorFrame":[{"duration":20,"tweenEasing":0},{"duration":30,"tweenEasing":0,"value":{"aM":0}},{"duration":20,"tweenEasing":0,"value":{"aM":22}},{"duration":35,"tweenEasing":0,"value":{"aM":80}},{"duration":5,"value":{"aM":0}}]},{"name":"sprite","displayFrame":[{"duration":20,"value":-1},{"duration":90,"actions":[{"gotoAndPlay":"sprite"}]}],"colorFrame":[{"duration":20},{"duration":30,"tweenEasing":0,"value":{"aM":0}},{"duration":30,"tweenEasing":0},{"duration":30,"tweenEasing":0},{"duration":0,"value":{"aM":0}}]}],"ffd":[{"name":"jiguang","slot":"jiguang","frame":[{"duration":79},{"duration":16,"tweenEasing":0},{"duration":15,"offset":5,"vertices":[141.47,0,141.47]}]},{"name":"jiguang","slot":"jiguang3","frame":[{"duration":64},{"duration":26,"tweenEasing":0},{"duration":20,"offset":5,"vertices":[169.85,0,169.85]}]},{"name":"jiguang","slot":"jiguang7","frame":[{"duration":64},{"duration":21,"tweenEasing":0},{"duration":25,"offset":5,"vertices":[122.89,0,122.89]}]},{"name":"jiguang","slot":"jiguang8","frame":[{"duration":64},{"duration":36,"tweenEasing":0},{"duration":10,"offset":5,"vertices":[127.94,0,127.94]}]},{"name":"meigui","slot":"meigui2","frame":[{"duration":23,"tweenEasing":0},{"duration":87,"vertices":[-1.93,-2.42,1.8,-1.65,2.33,1.95,-1.93,1.95,1.39,1.11,-1.05,-1.65,0.34,-0.29]}]},{"name":"meigui","slot":"meigui5","frame":[{"duration":42,"tweenEasing":0},{"duration":68,"vertices":[225.34,29.98,225.34,29.98,225.34,29.98,225.34,29.98,225.34,29.98,225.34,29.98,225.34,29.98]}]},{"name":"meigui","slot":"meigui6","frame":[{"duration":41,"tweenEasing":0},{"duration":11,"tweenEasing":0,"vertices":[2.77,-4.16,3.42,1.98,-1.86,4.53,-3.95,-2.02,-1.02,2.68,2.03,-2.42,0.62,0.37]},{"duration":45,"tweenEasing":0},{"duration":13,"vertices":[2.77,-4.16,3.42,1.98,-1.86,4.53,-3.95,-2.02,-1.02,2.68,2.03,-2.42,0.62,0.37]}]},{"name":"meigui","slot":"meigui13","frame":[{"duration":42},{"duration":53,"tweenEasing":0,"vertices":[112.61,-72.01,112.69,-72.31,111.03,-65.67,110.53,-63.65,111.33,-66.83,112.35,-70.97,111.86,-69.03]},{"duration":15,"vertices":[225.34,29.98,225.34,29.98,225.34,29.98,225.34,29.98,225.34,29.98,225.34,29.98,225.34,29.98]}]}]}],"defaultActions":[{"gotoAndPlay":"skill"}]},{"type":"Sheet","frameRate":10,"name":"sprite","aabb":{"x":-90,"y":-80,"width":180,"height":160},"bone":[{"name":"root"}],"slot":[{"name":"sheetSlot","parent":"root"}],"skin":[{"slot":[{"name":"sheetSlot","display":[{"name":"1 (1)"},{"name":"1 (2)"},{"name":"1 (3)"},{"name":"1 (4)"},{"name":"1 (5)"},{"name":"1 (6)"},{"name":"1 (7)"},{"name":"1 (8)"},{"name":"1 (9)"},{"name":"1 (10)"}]}]}],"animation":[{"duration":10,"playTimes":0,"name":"sprite","slot":[{"name":"sheetSlot","displayFrame":[{},{"value":1},{"value":2},{"value":3},{"value":4},{"value":5},{"value":6},{"value":7},{"value":8},{"value":9}]}]}],"defaultActions":[{"gotoAndPlay":"sprite"}]}]}