{"width":256,"SubTexture":[{"width":69,"y":207,"height":62,"name":"jiguang","x":74},{"width":10,"y":142,"height":10,"name":"meigui","x":224},{"y":271,"frameWidth":38,"x":74,"frameHeight":38,"width":36,"frameY":-1,"height":36,"name":"zheng","frameX":-1},{"y":271,"frameWidth":38,"x":112,"frameHeight":38,"width":26,"frameY":-6,"height":26,"name":"zheng2","frameX":-6},{"y":1,"frameWidth":90,"x":173,"frameHeight":80,"width":79,"frameY":-11,"height":68,"name":"1 (6)","frameX":-4},{"y":74,"frameWidth":90,"x":86,"frameHeight":80,"width":77,"frameY":-14,"height":64,"name":"1 (3)","frameX":-4},{"y":142,"frameWidth":90,"x":150,"frameHeight":80,"width":72,"frameY":-15,"height":63,"name":"1 (9)","frameX":-3},{"y":1,"frameWidth":90,"x":1,"frameHeight":80,"width":83,"frameY":-2,"height":77,"name":"1 (2)","frameX":-3},{"y":71,"frameWidth":90,"x":173,"frameHeight":80,"width":75,"frameY":-9,"height":69,"name":"1 (1)","frameX":-3},{"y":148,"frameWidth":90,"x":1,"frameHeight":80,"width":71,"frameY":-14,"height":64,"name":"1 (4)","frameX":-4},{"y":207,"frameWidth":90,"x":150,"frameHeight":80,"width":72,"frameY":-16,"height":63,"name":"1 (10)","frameX":-3},{"y":80,"frameWidth":90,"x":1,"frameHeight":80,"width":72,"frameY":-11,"height":66,"name":"1 (8)","frameX":-4},{"y":1,"frameWidth":90,"x":86,"frameHeight":80,"width":85,"frameY":-6,"height":71,"name":"1 (7)","frameX":-4},{"y":140,"frameWidth":90,"x":75,"frameHeight":80,"width":73,"frameY":-14,"height":65,"name":"1 (5)","frameX":-4}],"height":512,"name":"effect_sd","imagePath":"effect_sd_tex.png"}