{
    "author": {
        "name": "nerds"
    },
    "name": "links",
    "description": "Links Collection",
    "version": "0.0.5",
    "engines": {
        "node": ">=0.4.9"
    },
    "dependencies": {},
    "devDependencies": {},
    "title": "Links",
    "run": "node links.js",
    "update": "auto",
    "github": "https://github.com/LockerProject/Locker",
    "type": "collection",
    "handle": "links",
    "provides": [
        "link"
    ],
    "mongoCollections": [
        "link",
        "encounter",
        "queue"
    ],
    "events": [
        [
            "post/facebook",
            "/events",
            true
        ],
        [
            "dashboard/tumblr",
            "/events",
            true
        ],
        [
            "tweet/twitter",
            "/events",
            true
        ]
    ],
    "url": "",
    "upserted": 1768097745338,
    "manifest": "Collections/Links/package.json",
    "srcdir": "Collections/Links",
    "provider": "links",
    "id": "links",
    "installed": 1768094646014,
    "uri": "http://localhost:8042/Me/links/",
    "externalUri": "http://localhost:40271/Me/links/",
    "loaded": 1768097745327
}