{
  "job": {
    "setting": {
      "speed": {
        "channel": 5,
        "bytes": -1
      }
    },
    "content": {
      "reader": {
        "name": "streamreader",
        "parameter": {
          "column": [
            {
              "value": "name",
              "type": "string"
            },
            {
              "value": "false",
              "type": "bool"
            },
            {
              "value": "1988-08-08 08:08:08",
              "type": "date"
            },
            {
              "value": "addr",
              "type": "bytes"
            },
            {
              "value": 1.234,
              "type": "double"
            },
            {
              "value": 12345678,
              "type": "long"
            },
            {
              "value": 2.345,
              "type": "double"
            },
            {
              "value": 3456789,
              "type": "long"
            },
            {
              "value": "4a0ef8c0-4d97-11d0-db82-ebecdb03ffa5",
              "type": "string"
            },
            {
              "value": "value",
              "type": "bytes"
            },
            {
              "value": "-838383838,37377373,-383883838,27272772,393993939,-38383883,83883838,-1350403181,817650816,1630642337,251398784,-622020148",
              "type": "string"
            }
          ],
          "sliceRecordCount": 10000000
        }
      },
      "writer": {
        "name": "cassandrawriter",
        "parameter": {
          "host": "localhost",
          "port": 9042,
          "useSSL": false,
          "keyspace": "stresscql",
          "table": "dst",
          "batchSize": 10,
          "column": [
            "name",
            "choice",
            "date",
            "address",
            "dbl",
            "lval",
            "fval",
            "ival",
            "uid",
            "value",
            "listval"
          ]
        }
      }
    }
  }
}
