{
  "job": {
    "setting": {
      "speed": {
        "channel": 2
      }
    },
    "content": {
      "reader": {
        "name": "streamreader",
        "parameter": {
          "column": [
            {
              "random": "1,500",
              "type": "long"
            },
            {
              "random": "1,127",
              "type": "long"
            },
            {
              "value": "this is a text",
              "type": "string"
            },
            {
              "random": "5,200",
              "type": "long"
            }
          ],
          "sliceRecordCount": 100
        }
      },
      "writer": {
        "name": "doriswriter",
        "parameter": {
          "loadUrl": [
            "127.0.0.1:8030"
          ],
          "username": "test",
          "password": "123456",
          "batchSize": 1024,
          "column": [
            "siteid",
            "citycode",
            "username",
            "pv"
          ],
          "connection": {
            "table": "table1",
            "database": "example_db",
            "jdbcUrl": "jdbc:mysql://localhost:9030/example_db"
          },
          "loadProps": {
            "format": "json",
            "strip_outer_array": true
          }
        }
      }
    }
  }
}
