{
  "job": {
    "setting": {
      "speed": {
        "byte": -1,
        "channel": 1
      }
    },
    "content": {
      "reader": {
        "name": "elasticsearchreader",
        "parameter": {
          "endpoint": "http://127.0.0.1:9200",
          "accessId": "",
          "accesskey": "",
          "index": "test-1",
          "type": "default",
          "searchType": "dfs_query_then_fetch",
          "headers": {},
          "scroll": "3m",
          "search": [
            {
              "query": {
                "match": {
                  "col_ip": "1.1.1.1"
                }
              },
              "aggregations": {
                "top_10_states": {
                  "terms": {
                    "field": "col_date",
                    "size": 10
                  }
                }
              }
            }
          ],
          "column": [
            "col_ip",
            "col_double",
            "col_long",
            "col_integer",
            "col_keyword",
            "col_text",
            "col_geo_point",
            "col_date"
          ]
        }
      },
      "writer": {
        "name": "streamwriter",
        "parameter": {
          "print": true,
          "encoding": "UTF-8"
        }
      }
    }
  }
}
