{
  "job": {
    "setting": {
      "speed": {
        "byte": -1,
        "channel": 1
      }
    },
    "content": {
      "reader": {
        "name": "streamreader",
        "parameter": {
          "column": [
            {
              "value": "DataX",
              "type": "string"
            },
            {
              "value": 19890604,
              "type": "long"
            },
            {
              "value": "1989-06-04 11:22:33",
              "type": "date"
            },
            {
              "value": true,
              "type": "bool"
            },
            {
              "value": "test",
              "type": "bytes"
            }
          ],
          "sliceRecordCount": 1000
        }
      },
      "writer": {
        "name": "excelwriter",
        "parameter": {
          "path": "/tmp/out",
          "fileName": "test",
          "header": [
            "str",
            "长度",
            "日期",
            "是否为真",
            "字节类型"
          ]
        }
      }
    }
  }
}
