{
  "job": {
    "setting": {
      "speed": {
        "channel": 2,
        "bytes": -1
      }
    },
    "content": {
      "reader": {
        "name": "ftpreader",
        "parameter": {
          "protocol": "sftp",
          "host": "127.0.0.1",
          "port": 22,
          "username": "xx",
          "password": "xxx",
          "path": [
            "/var/ftp/test.txt",
            "/var/tmp/*.txt",
            "/public/ftp",
            "/public/a??.txt"
          ],
          "column": [
            {
              "index": 0,
              "type": "long"
            },
            {
              "index": 1,
              "type": "boolean"
            },
            {
              "index": 2,
              "type": "double"
            },
            {
              "index": 3,
              "type": "string"
            },
            {
              "index": 4,
              "type": "date",
              "format": "yyyy.MM.dd"
            }
          ],
          "encoding": "UTF-8",
          "fieldDelimiter": ","
        }
      },
      "writer": {
        "name": "ftpWriter",
        "parameter": {
          "path": "/var/ftp/FtpWriter/result",
          "fileName": "shihf",
          "writeMode": "truncate",
          "format": "yyyy-MM-dd"
        }
      }
    }
  }
}
