{
  "job": {
    "content": {
      "reader": {
        "name": "txtfilereader",
        "parameter": {
          "path": "/tmp/normal.txt",
          "charset": "UTF-8",
          "column": [
            {
              "index": 0,
              "type": "String"
            },
            {
              "index": 1,
              "type": "string"
            },
            {
              "index": 2,
              "type": "string"
            },
            {
              "index": 3,
              "type": "string"
            }
          ],
          "fieldDelimiter": ","
        }
      },
      "writer": {
        "name": "hbase20xsqlwriter",
        "parameter": {
          "batchSize": "100",
          "column": [
            "UID",
            "TS",
            "EVENTID",
            "CONTENT"
          ],
          "queryServerAddress": "http://127.0.0.1:8765",
          "nullMode": "skip",
          "table": "TEST_TBL"
        }
      }
    },
    "setting": {
      "speed": {
        "channel": 5,
        "bytes": -1
      }
    }
  }
}
