{
  "job": {
    "setting": {
      "speed": {
        "channel": 2,
        "bytes": -1
      }
    },
    "content": {
      "reader": {
        "name": "streamreader",
        "parameter": {
          "column": [
            {
              "value": "Addax",
              "type": "string"
            },
            {
              "value": 19890604,
              "type": "long"
            },
            {
              "value": "1989-06-04 00:00:00",
              "type": "date"
            },
            {
              "value": true,
              "type": "bool"
            },
            {
              "value": "test",
              "type": "bytes"
            },
            {
              "value": "['tag1', 'tag2', 'tag3']",
              "type": "string"
            },
            {
              "value": "{'loc':'HZ','num':'12'}",
              "type": "string"
            }
          ],
          "sliceRecordCount": 1000
        },
        "writer": {
          "name": "hdfswriter",
          "parameter": {
            "defaultFS": "hdfs://xxx:port",
            "fileType": "orc",
            "path": "/user/hive/warehouse/writerorc.db/orcfull",
            "fileName": "xxxx",
            "column": [
              {
                "name": "col1",
                "type": "string"
              },
              {
                "name": "col2",
                "type": "int"
              },
              {
                "name": "col3",
                "type": "string"
              },
              {
                "name": "col4",
                "type": "boolean"
              },
              {
                "name": "col5",
                "type": "string"
              },
              {
                "name": "col6",
                "type": "array<string>"
              },
              {
                "name": "col7",
                "type": "map<string,string>"
              }
            ],
            "writeMode": "overwrite",
            "fieldDelimiter": "\u0001",
            "compress": "SNAPPY"
          }
        }
      }
    }
  }
}
