{
  "job": {
    "setting": {
      "speed": {
        "byte": -1,
        "channel": 1
      },
      "errorLimit": {
        "record": 0,
        "percentage": 0
      }
    },
    "content": {
      "reader": {
        "name": "hivereader",
        "parameter": {
          "column": [
            "*"
          ],
          "username": "hive",
          "password": "",
          "connection": {
            "jdbcUrl": "jdbc:hive2://localhost:10000/default;principal=hive/_HOST@EXAMPLE.COM",
            "table": [
              "hive_reader"
            ]
          },
          "where": "logdate='20211013'",
          "haveKerberos": true,
          "kerberosKeytabFilePath": "/etc/security/keytabs/hive.headless.keytab",
          "kerberosPrincipal": "hive@EXAMPLE.COM"
        }
      },
      "writer": {
        "name": "streamwriter",
        "parameter": {
          "print": true
        }
      }
    }
  }
}
