{
  "job": {
    "content": {
      "reader": {
        "name": "influxdbreader",
        "parameter": {
          "column": [
            "*"
          ],
          "where": "1=1",
          "connection": {
            "endpoint": "http://localhost:8086",
            "database": "NOAA_water_database",
            "table": "h2o_feet"
          },
          "connTimeout": 15,
          "readTimeout": 20,
          "writeTimeout": 20,
          "username": "influx",
          "password": "influx123"
        }
      },
      "writer": {
        "name": "streamwriter",
        "parameter": {
          "print": "true"
        }
      }
    },
    "setting": {
      "speed": {
        "bytes": -1,
        "channel": 1
      }
    }
  }
}
