{
  "job": {
    "setting": {
      "speed": {
        "channel": 1,
        "bytes": -1
      }
    },
    "content": {
      "writer": {
        "name": "streamwriter",
        "parameter": {
          "print": "true"
        }
      },
      "reader": {
        "name": "jsonfilereader",
        "parameter": {
          "path": [
            "/tmp/test*.json"
          ],
          "column": [
            {
              "index": "$.id",
              "type": "long"
            },
            {
              "index": "$.name",
              "type": "string"
            },
            {
              "index": "$.age",
              "type": "long"
            },
            {
              "index": "$.score.math",
              "type": "double"
            },
            {
              "index": "$.score.english",
              "type": "double"
            },
            {
              "index": "$.pubdate",
              "type": "date"
            },
            {
              "type": "string",
              "value": "constant string"
            }
          ]
        }
      }
    }
  }
}
