{
  "job": {
    "setting": {
      "speed": {
        "channel": 1
      }
    },
    "content": [
      {
        "writer": {
          "name": "streamwriter",
          "parameter": {
            "print": true
          }
        },
        "reader": {
          "name": "kafkareader",
          "parameter": {
            "brokerList": "wgzhao-laptop:9092",
            "topic": "test-1",
            "column": [
              "col1",
              "col3",
              "col0",
              "col9"
            ],
            "missingKeyValue": "\\N",
            "properties": {
              "auto.offset.reset": "earliest"
            }
          }
        }
      }
    ]
  }
}
