{
  "job": {
    "setting": {
      "speed": {
        "channel": 1,
        "bytes": -1
      }
    },
    "content": {
      "reader": {
        "name": "mongodbreader",
        "parameter": {
          "username": "",
          "password": "",
          "column": [
            "unique_id",
            "sid",
            "user_id",
            "auction_id",
            "content_type",
            "pool_type",
            "frontcat_id",
            "catagoryid",
            "gmt_create",
            "taglist",
            "property",
            "scorea",
            "scoreb",
            "scorec"
          ],
          "connection": {
            "address": [
              "127.0.0.1:27017"
            ],
            "database": "tag_per_data",
            "collection": "tag_data",
            "authDb": "admin"
          }
        }
      },
      "writer": {
        "name": "streamwriter",
        "parameter": {
          "print": "true"
        }
      }
    }
  }
}
