{
  "job": {
    "setting": {
      "speed": {
        "channel": 1,
        "bytes": -1
      }
    },
    "content": {
      "reader": {
        "name": "streamreader",
        "parameter": {
          "column": [
            {
              "value": "unique_id",
              "type": "string"
            },
            {
              "value": "sid",
              "type": "string"
            },
            {
              "value": "user_id",
              "type": "string"
            },
            {
              "value": "auction_id",
              "type": "string"
            },
            {
              "value": "content_type",
              "type": "string"
            },
            {
              "value": "pool_type",
              "type": "string"
            },
            {
              "value": "a1 a2 a3",
              "type": "string"
            },
            {
              "value": "c1 c2 c3",
              "type": "string"
            },
            {
              "value": "2020-09-06",
              "type": "string"
            },
            {
              "value": "tag1 tag2 tag3",
              "type": "string"
            },
            {
              "value": "property",
              "type": "string"
            },
            {
              "value": 1984,
              "type": "long"
            },
            {
              "value": 1900,
              "type": "long"
            },
            {
              "value": 75,
              "type": "long"
            }
          ],
          "sliceRecordCount": 10
        }
      },
      "writer": {
        "name": "mongodbwriter",
        "parameter": {
          "username": "my_user",
          "password": "password123",
          "column": [
            {
              "name": "unique_id",
              "type": "string"
            },
            {
              "name": "sid",
              "type": "string"
            },
            {
              "name": "user_id",
              "type": "string"
            },
            {
              "name": "auction_id",
              "type": "string"
            },
            {
              "name": "content_type",
              "type": "string"
            },
            {
              "name": "pool_type",
              "type": "string"
            },
            {
              "name": "frontcat_id",
              "type": "Array",
              "splitter": " "
            },
            {
              "name": "categoryid",
              "type": "Array",
              "splitter": " "
            },
            {
              "name": "gmt_create",
              "type": "string"
            },
            {
              "name": "taglist",
              "type": "Array",
              "splitter": " "
            },
            {
              "name": "property",
              "type": "string"
            },
            {
              "name": "scorea",
              "type": "int"
            },
            {
              "name": "scoreb",
              "type": "int"
            },
            {
              "name": "scorec",
              "type": "int"
            }
          ],
          "writeMode": "insert",
          "connection": {
            "address": [
              "127.0.0.1:27017"
            ],
            "database": "my_database",
            "collection": "addax_writer",
            "authDb": "my_database"
          }
        }
      }
    }
  }
}
