{
  "job": {
    "setting": {
      "speed": {
        "channel": 3,
        "bytes": -1
      }
    },
    "content": {
      "reader": {
        "name": "mysqlreader",
        "parameter": {
          "username": "root",
          "password": "root",
          "column": [
            "*"
          ],
          "connection": {
            "table": [
              "addax_reader"
            ],
            "jdbcUrl": "jdbc:mysql://127.0.0.1:3306/test"
          }
        }
      },
      "writer": {
        "name": "streamwriter",
        "parameter": {
          "print": true
        }
      }
    }
  }
}
