{
  "job": {
    "setting": {
      "speed": {
        "byte": 1048576,
        "channel": 1
      }
    },
    "content": {
      "reader": {
        "name": "oraclereader",
        "parameter": {
          "username": "oracle",
          "password": "password",
          "column": [
            "id",
            "name"
          ],
          "splitPk": "db_id",
          "connection": {
            "table": [
              "table"
            ],
            "jdbcUrl": "jdbc:oracle:thin:@127.0.0.1:5432/orcl"
          }
        }
      },
      "writer": {
        "name": "streamwriter",
        "parameter": {
          "print": true
        }
      }
    }
  }
}
