{
  "job": {
    "setting": {
      "speed": {
        "channel": 3
      },
      "errorLimit": {
        "record": 0,
        "percentage": 0
      }
    },
    "content": [
      {
        "reader": {
          "name": "rdbmsreader",
          "parameter": {
            "username": "root",
            "password": "root",
            "column": [
              "*"
            ],
            "connection": [
              {
                "querySql": [
                  "select 1+0 id ,'test1' as name"
                ],
                "jdbcUrl": ["jdbc:mysql://localhost:3306/ruoyi_vue_camunda?allowPublicKeyRetrieval=true",]
              }
            ],
            "fetchSize": 1024
          }
        },
        "writer": {
          "name": "paimonwriter",
          "parameter": {
            "dbName": "test",
            "tableName": "test2",
            "writeMode": "truncate",
            "paimonConfig": {
              "warehouse": "file:///g:/paimon",
              "metastore": "filesystem"
            }
          }
        }
      }
    ]
  }
}