{
  "job": {
    "setting": {
      "speed": {
        "channel": 1,
        "bytes": -1
      }
    },
    "content": {
      "reader": {
        "name": "streamreader",
        "parameter": {
          "column": [
            {
              "value": "Addax",
              "type": "string"
            },
            {
              "value": 19880808,
              "type": "long"
            },
            {
              "value": "1988-08-08 08:08:08",
              "type": "date"
            },
            {
              "value": true,
              "type": "bool"
            },
            {
              "value": "test",
              "type": "bytes"
            }
          ],
          "sliceRecordCount": 1000
        }
      },
      "writer": {
        "name": "rdbmswriter",
        "parameter": {
          "username": "username",
          "password": "password",
          "driver": "dm.jdbc.driver.DmDriver",
          "column": [
            "*"
          ],
          "preSql": [
            "delete from XXX;"
          ],
          "connection": {
            "jdbcUrl": "jdbc:dm://ip:port/database",
            "table": [
              "table"
            ]
          }
        }
      }
    }
  }
}
