{
  "job": {
    "setting": {
      "speed": {
        "channel": 1,
        "bytes": -1
      }
    },
    "content": {
      "reader": {
        "name": "redisreader",
        "parameter": {
          "connection": [
            {
              "uri": "tcp://127.0.0.1:7003"
            }
          ]
        }
      },
      "writer": {
        "name": "rediswriter",
        "parameter": {
          "connection": {
            "uri": "tcp://127.0.0.1:6379",
            "auth": "123456"
          },
          "redisCluster": false,
          "flushDB": false
        }
      }
    }
  }
}
