{
  "job": {
    "setting": {
      "speed": {
        "channel": 1,
        "bytes": -1
      },
      "errorLimit": {
        "record": 0,
        "percentage": 0.02
      }
    },
    "content": {
      "reader": {
        "name": "s3reader",
        "parameter": {
          "endpoint": "https://s3.amazonaws.com",
          "accessId": "xxxxxxxxxxxx",
          "accessKey": "xxxxxxxxxxxxxxxxxxxxxxx",
          "bucket": "test",
          "object": [
            "1.csv",
            "aa.csv",
            "upload_*.csv",
            "bb_??.csv"
          ],
          "column": [
            "*"
          ],
          "region": "ap-northeast-1",
          "fileFormat": "csv",
          "fieldDelimiter": ","
        }
      },
      "writer": {
        "name": "streamwriter",
        "parameter": {
          "print": true
        }
      }
    }
  }
}
