{
  "job": {
    "setting": {
        "speed": {
            "channel": 1
        }
    },
    "content": [
      {
        "reader": {
            "name": "streamreader",
            "parameter": {
              "column": [
                    {"random": "10,1000", "type": "long"},
                    {"value": "1.1.1.1", "type": "string"},
                    {"value": 19890604.0, "type": "double"},
                    {"value": 19890604, "type": "long"},
                    {"value": 19890604, "type": "long"},
                    {"value": "hello world", "type": "string"},
                    {"value": "long text", "type": "string"},
                    {"value": "41.12,-71.34", "type": "string"},
                    {"value": "2017-05-25 11:22:33", "type": "string"}
                    ],
            "sliceRecordCount": 100
            }
        },
        "writer": {
          "name": "kafkawriter",
          "parameter": {
            "brokerList": "localhost:9092",
            "topic": "test-1",
            "partitions": 0,
            "batchSize": 1000,
            "column": ["col1", "col2","col3","col4","col5", "col6", "col7", "col8", "col9"]
          }
        }
      }
    ]
  }
}
