{
  "job": {
    "setting": {
      "speed": {
        "bytes": -1,
        "channel": 1
      }
    },
    "content": {
      "reader": {
        "name": "streamreader",
        "parameter": {
          "column": [
            {
              "random": "100,1000",
              "type": "long"
            },
            {
              "random": "10,100",
              "type": "string"
            },
            {
              "random": "10,1000",
              "type": "double"
            },
            {
              "incr": "2022-01-01 13:00:00,2,d",
              "type": "date"
            },
            {
              "incr": "2023-01-01 13:00:00,2,d",
              "type": "date"
            }
          ],
          "sliceRecordCount": 100
        }
      },
      "writer": {
        "name": "sybasewriter",
        "parameter": {
          "username": "sa",
          "password": "password",
          "column": [
            "id",
            "name",
            "salary",
            "created_at",
            "updated_at"
          ],
          "connection": {
            "jdbcUrl": "jdbc:sybase:Tds:127.0.0.1:5000/master",
            "table": [
              "dbo.addax_writer"
            ]
          }
        }
      }
    }
  }
}
