{
  "job": {
    "setting": {
      "speed": {
        "channel": 2,
        "bytes": -1
      }
    },
    "content": {
      "reader": {
        "name": "txtfilereader",
        "parameter": {
          "path": [
            "/tmp/data"
          ],
          "encoding": "UTF-8",
          "column": [
            {
              "index": 0,
              "type": "long"
            },
            {
              "index": 1,
              "type": "boolean"
            },
            {
              "index": 2,
              "type": "double"
            },
            {
              "index": 3,
              "type": "string"
            },
            {
              "index": 4,
              "type": "date",
              "format": "yyyy.MM.dd"
            }
          ],
          "fieldDelimiter": ","
        }
      },
      "writer": {
        "name": "txtfilewriter",
        "parameter": {
          "path": "/tmp/result",
          "fileName": "txt_",
          "writeMode": "truncate",
          "format": "yyyy-MM-dd"
        }
      }
    }
  }
}
