{
  "env_vars": {
    "FRAPPE_DB_TYPE": "mariadb",
    "FRAPPE_DB_HOST": "127.0.0.1",
    "FRAPPE_DB_PORT": "3306",
    "FRAPPE_DB_SOCKET": "",
    "FRAPPE_DB_PASSWORD": "",
    "FRAPPE_REDIS_QUEUE": "redis://127.0.0.1:11311",
    "FRAPPE_REDIS_CACHE": "redis://127.0.0.1:13311",
    "FRAPPE_BENCH_ROOT": "",
    "FRAPPE_SITE": "",
    "SITES_PATH": ".",
    "FRAPPE_SENTRY_DSN": "",
    "ENABLE_SENTRY_DB_MONITORING": "",
    "SENTRY_TRACING_SAMPLE_RATE": "",
    "SENTRY_PROFILING_SAMPLE_RATE": "",
    "DEV_SERVER": "false",
    "FRAPPE_TUNE_GC": "true",
    "FRAPPE_STREAM_LOGGING": "",
    "LIVE_RELOAD": "",
    "USE_PROFILER": "",
    "USE_PROXY": "",
    "NO_STATICS": "",
    "RQ_ADMIN_PASSWORD": "",
    "MYSQL_UNIX_PORT": ""
  },
  "config_files": [
    ".env.example",
    "sites/common_site_config.json",
    "sites/TEMPLATE_site_config.json",
    "sites/site_config.template.json"
  ],
  "supports_account_creation": true,
  "account_creation_script_path": "create_users.py"
}