{
    "sequential_data_path": "../data/beauty/sequential_data.txt",
    "candidate_data_path": "../data/beauty/negative_samples_pop.txt",
    "meta_data_path": "../data/beauty/metadata.json",
    "topk": 200,
    "max_his_len": 50,
    "template": [
        "You are a beauty product recommender system now.\n",
        "Here is the purchasing history of a user in the past in order:\n",
        "{sequential_title}",
        "Now there are 20 candidate products that this user can purchase next:\n",
        "{candidate_title}",
        "Please rank the 20 candidate products by measuring the possibilities that this user would like to purchase next most, according to the provided purchasing history. Please think step by step.\n",
        "Your output is only allowed to be a rerank of the candidate list. Do not add products out of the candidate list.\n",
        "Please give the results as JSON array (from highest to lowest priority, product names only): "
    ]
}