<archetype-descriptor
  xmlns="https://maven.apache.org/plugins/maven-archetype-plugin/archetype-descriptor/1.1.0"
  xmlns:xsi="https://www.w3.org/2001/XMLSchema-instance"
  xsi:schemaLocation="https://maven.apache.org/plugins/maven-archetype-plugin/archetype-descriptor/1.1.0 https://maven.apache.org/xsd/archetype-descriptor-1.1.0.xsd"
  name="custom-maven-archetype">
  <fileSets>
    <fileSet filtered="true" packaged="true" encoding="UTF-8">
      <directory>src/main/java</directory>
    </fileSet>
    <fileSet filtered="true" packaged="true" encoding="UTF-8">
      <directory>src/test/java</directory>
    </fileSet>
    <fileSet filtered="true" encoding="UTF-8">
      <directory>src/main/resources</directory>
    </fileSet>
    <fileSet filtered="true" encoding="UTF-8">
      <directory>src/main/webapp</directory>
    </fileSet>
    <fileSet filtered="true" encoding="UTF-8">
      <directory></directory>
      <includes>
        <include>.gitignore</include>
        <include>README.md</include>
        <include>Dockerfile</include>
        <include>server.xml</include>
        <include>myScript.sh</include>
      </includes>
    </fileSet>
  </fileSets>
</archetype-descriptor>
