{"game_date_est": "GAME_DATE_EST", "game_id": "GAME_ID", "home_team_id": "HOME_TEAM_ID", "visitor_team_id": "VISITOR_TEAM_ID", "season": "SEASON", "pts_home": "PTS_home", "fg_pct_home": "FG_PCT_home", "ft_pct_home": "FT_PCT_home", "fg3_pct_home": "FG3_PCT_home", "ast_home": "AST_home", "reb_home": "REB_home", "pts_away": "PTS_away", "fg_pct_away": "FG_PCT_away", "ft_pct_away": "FT_PCT_away", "fg3_pct_away": "FG3_PCT_away", "ast_away": "AST_away", "reb_away": "REB_away", "home_team_wins": "HOME_TEAM_WINS", "target": "TARGET", "month": "MONTH", "home_team_win_streak": "HOME_TEAM_WIN_STREAK", "home_team_wins_avg_last_3_home": "HOME_TEAM_WINS_AVG_LAST_3_HOME", "home_team_wins_avg_last_7_home": "HOME_TEAM_WINS_AVG_LAST_7_HOME", "home_team_wins_avg_last_10_home": "HOME_TEAM_WINS_AVG_LAST_10_HOME", "home_pts_home_avg_last_3_home": "HOME_PTS_home_AVG_LAST_3_HOME", "home_pts_home_avg_last_7_home": "HOME_PTS_home_AVG_LAST_7_HOME", "home_pts_home_avg_last_10_home": "HOME_PTS_home_AVG_LAST_10_HOME", "home_fg_pct_home_avg_last_3_home": "HOME_FG_PCT_home_AVG_LAST_3_HOME", "home_fg_pct_home_avg_last_7_home": "HOME_FG_PCT_home_AVG_LAST_7_HOME", "home_fg_pct_home_avg_last_10_home": "HOME_FG_PCT_home_AVG_LAST_10_HOME", "home_ft_pct_home_avg_last_3_home": "HOME_FT_PCT_home_AVG_LAST_3_HOME", "home_ft_pct_home_avg_last_7_home": "HOME_FT_PCT_home_AVG_LAST_7_HOME", "home_ft_pct_home_avg_last_10_home": "HOME_FT_PCT_home_AVG_LAST_10_HOME", "home_fg3_pct_home_avg_last_3_home": "HOME_FG3_PCT_home_AVG_LAST_3_HOME", "home_fg3_pct_home_avg_last_7_home": "HOME_FG3_PCT_home_AVG_LAST_7_HOME", "home_fg3_pct_home_avg_last_10_home": "HOME_FG3_PCT_home_AVG_LAST_10_HOME", "home_ast_home_avg_last_3_home": "HOME_AST_home_AVG_LAST_3_HOME", "home_ast_home_avg_last_7_home": "HOME_AST_home_AVG_LAST_7_HOME", "home_ast_home_avg_last_10_home": "HOME_AST_home_AVG_LAST_10_HOME", "home_reb_home_avg_last_3_home": "HOME_REB_home_AVG_LAST_3_HOME", "home_reb_home_avg_last_7_home": "HOME_REB_home_AVG_LAST_7_HOME", "home_reb_home_avg_last_10_home": "HOME_REB_home_AVG_LAST_10_HOME", "home_pts_home_avg_last_3_home_minus_league_avg": "HOME_PTS_home_AVG_LAST_3_HOME_MINUS_LEAGUE_AVG", "home_pts_home_avg_last_7_home_minus_league_avg": "HOME_PTS_home_AVG_LAST_7_HOME_MINUS_LEAGUE_AVG", "home_pts_home_avg_last_10_home_minus_league_avg": "HOME_PTS_home_AVG_LAST_10_HOME_MINUS_LEAGUE_AVG", "home_fg_pct_home_avg_last_3_home_minus_league_avg": "HOME_FG_PCT_home_AVG_LAST_3_HOME_MINUS_LEAGUE_AVG", "home_fg_pct_home_avg_last_7_home_minus_league_avg": "HOME_FG_PCT_home_AVG_LAST_7_HOME_MINUS_LEAGUE_AVG", "home_fg_pct_home_avg_last_10_home_minus_league_avg": "HOME_FG_PCT_home_AVG_LAST_10_HOME_MINUS_LEAGUE_AVG", "home_ft_pct_home_avg_last_3_home_minus_league_avg": "HOME_FT_PCT_home_AVG_LAST_3_HOME_MINUS_LEAGUE_AVG", "home_ft_pct_home_avg_last_7_home_minus_league_avg": "HOME_FT_PCT_home_AVG_LAST_7_HOME_MINUS_LEAGUE_AVG", "home_ft_pct_home_avg_last_10_home_minus_league_avg": "HOME_FT_PCT_home_AVG_LAST_10_HOME_MINUS_LEAGUE_AVG", "home_fg3_pct_home_avg_last_3_home_minus_league_avg": "HOME_FG3_PCT_home_AVG_LAST_3_HOME_MINUS_LEAGUE_AVG", "home_fg3_pct_home_avg_last_7_home_minus_league_avg": "HOME_FG3_PCT_home_AVG_LAST_7_HOME_MINUS_LEAGUE_AVG", "home_fg3_pct_home_avg_last_10_home_minus_league_avg": "HOME_FG3_PCT_home_AVG_LAST_10_HOME_MINUS_LEAGUE_AVG", "home_ast_home_avg_last_3_home_minus_league_avg": "HOME_AST_home_AVG_LAST_3_HOME_MINUS_LEAGUE_AVG", "home_ast_home_avg_last_7_home_minus_league_avg": "HOME_AST_home_AVG_LAST_7_HOME_MINUS_LEAGUE_AVG", "home_ast_home_avg_last_10_home_minus_league_avg": "HOME_AST_home_AVG_LAST_10_HOME_MINUS_LEAGUE_AVG", "home_reb_home_avg_last_3_home_minus_league_avg": "HOME_REB_home_AVG_LAST_3_HOME_MINUS_LEAGUE_AVG", "home_reb_home_avg_last_7_home_minus_league_avg": "HOME_REB_home_AVG_LAST_7_HOME_MINUS_LEAGUE_AVG", "home_reb_home_avg_last_10_home_minus_league_avg": "HOME_REB_home_AVG_LAST_10_HOME_MINUS_LEAGUE_AVG", "visitor_team_win_streak": "VISITOR_TEAM_WIN_STREAK", "visitor_team_wins_avg_last_3_visitor": "VISITOR_TEAM_WINS_AVG_LAST_3_VISITOR", "visitor_team_wins_avg_last_7_visitor": "VISITOR_TEAM_WINS_AVG_LAST_7_VISITOR", "visitor_team_wins_avg_last_10_visitor": "VISITOR_TEAM_WINS_AVG_LAST_10_VISITOR", "visitor_pts_away_avg_last_3_visitor": "VISITOR_PTS_away_AVG_LAST_3_VISITOR", "visitor_pts_away_avg_last_7_visitor": "VISITOR_PTS_away_AVG_LAST_7_VISITOR", "visitor_pts_away_avg_last_10_visitor": "VISITOR_PTS_away_AVG_LAST_10_VISITOR", "visitor_fg_pct_away_avg_last_3_visitor": "VISITOR_FG_PCT_away_AVG_LAST_3_VISITOR", "visitor_fg_pct_away_avg_last_7_visitor": "VISITOR_FG_PCT_away_AVG_LAST_7_VISITOR", "visitor_fg_pct_away_avg_last_10_visitor": "VISITOR_FG_PCT_away_AVG_LAST_10_VISITOR", "visitor_ft_pct_away_avg_last_3_visitor": "VISITOR_FT_PCT_away_AVG_LAST_3_VISITOR", "visitor_ft_pct_away_avg_last_7_visitor": "VISITOR_FT_PCT_away_AVG_LAST_7_VISITOR", "visitor_ft_pct_away_avg_last_10_visitor": "VISITOR_FT_PCT_away_AVG_LAST_10_VISITOR", "visitor_fg3_pct_away_avg_last_3_visitor": "VISITOR_FG3_PCT_away_AVG_LAST_3_VISITOR", "visitor_fg3_pct_away_avg_last_7_visitor": "VISITOR_FG3_PCT_away_AVG_LAST_7_VISITOR", "visitor_fg3_pct_away_avg_last_10_visitor": "VISITOR_FG3_PCT_away_AVG_LAST_10_VISITOR", "visitor_ast_away_avg_last_3_visitor": "VISITOR_AST_away_AVG_LAST_3_VISITOR", "visitor_ast_away_avg_last_7_visitor": "VISITOR_AST_away_AVG_LAST_7_VISITOR", "visitor_ast_away_avg_last_10_visitor": "VISITOR_AST_away_AVG_LAST_10_VISITOR", "visitor_reb_away_avg_last_3_visitor": "VISITOR_REB_away_AVG_LAST_3_VISITOR", "visitor_reb_away_avg_last_7_visitor": "VISITOR_REB_away_AVG_LAST_7_VISITOR", "visitor_reb_away_avg_last_10_visitor": "VISITOR_REB_away_AVG_LAST_10_VISITOR", "visitor_team_wins_avg_last_3_visitor_minus_league_avg": "VISITOR_TEAM_WINS_AVG_LAST_3_VISITOR_MINUS_LEAGUE_AVG", "visitor_team_wins_avg_last_7_visitor_minus_league_avg": "VISITOR_TEAM_WINS_AVG_LAST_7_VISITOR_MINUS_LEAGUE_AVG", "visitor_team_wins_avg_last_10_visitor_minus_league_avg": "VISITOR_TEAM_WINS_AVG_LAST_10_VISITOR_MINUS_LEAGUE_AVG", "visitor_pts_away_avg_last_3_visitor_minus_league_avg": "VISITOR_PTS_away_AVG_LAST_3_VISITOR_MINUS_LEAGUE_AVG", "visitor_pts_away_avg_last_7_visitor_minus_league_avg": "VISITOR_PTS_away_AVG_LAST_7_VISITOR_MINUS_LEAGUE_AVG", "visitor_pts_away_avg_last_10_visitor_minus_league_avg": "VISITOR_PTS_away_AVG_LAST_10_VISITOR_MINUS_LEAGUE_AVG", "visitor_fg_pct_away_avg_last_3_visitor_minus_league_avg": "VISITOR_FG_PCT_away_AVG_LAST_3_VISITOR_MINUS_LEAGUE_AVG", "visitor_fg_pct_away_avg_last_7_visitor_minus_league_avg": "VISITOR_FG_PCT_away_AVG_LAST_7_VISITOR_MINUS_LEAGUE_AVG", "visitor_fg_pct_away_avg_last_10_visitor_minus_league_avg": "VISITOR_FG_PCT_away_AVG_LAST_10_VISITOR_MINUS_LEAGUE_AVG", "visitor_ft_pct_away_avg_last_3_visitor_minus_league_avg": "VISITOR_FT_PCT_away_AVG_LAST_3_VISITOR_MINUS_LEAGUE_AVG", "visitor_ft_pct_away_avg_last_7_visitor_minus_league_avg": "VISITOR_FT_PCT_away_AVG_LAST_7_VISITOR_MINUS_LEAGUE_AVG", "visitor_ft_pct_away_avg_last_10_visitor_minus_league_avg": "VISITOR_FT_PCT_away_AVG_LAST_10_VISITOR_MINUS_LEAGUE_AVG", "visitor_fg3_pct_away_avg_last_3_visitor_minus_league_avg": "VISITOR_FG3_PCT_away_AVG_LAST_3_VISITOR_MINUS_LEAGUE_AVG", "visitor_fg3_pct_away_avg_last_7_visitor_minus_league_avg": "VISITOR_FG3_PCT_away_AVG_LAST_7_VISITOR_MINUS_LEAGUE_AVG", "visitor_fg3_pct_away_avg_last_10_visitor_minus_league_avg": "VISITOR_FG3_PCT_away_AVG_LAST_10_VISITOR_MINUS_LEAGUE_AVG", "visitor_ast_away_avg_last_3_visitor_minus_league_avg": "VISITOR_AST_away_AVG_LAST_3_VISITOR_MINUS_LEAGUE_AVG", "visitor_ast_away_avg_last_7_visitor_minus_league_avg": "VISITOR_AST_away_AVG_LAST_7_VISITOR_MINUS_LEAGUE_AVG", "visitor_ast_away_avg_last_10_visitor_minus_league_avg": "VISITOR_AST_away_AVG_LAST_10_VISITOR_MINUS_LEAGUE_AVG", "visitor_reb_away_avg_last_3_visitor_minus_league_avg": "VISITOR_REB_away_AVG_LAST_3_VISITOR_MINUS_LEAGUE_AVG", "visitor_reb_away_avg_last_7_visitor_minus_league_avg": "VISITOR_REB_away_AVG_LAST_7_VISITOR_MINUS_LEAGUE_AVG", "visitor_reb_away_avg_last_10_visitor_minus_league_avg": "VISITOR_REB_away_AVG_LAST_10_VISITOR_MINUS_LEAGUE_AVG", "matchup_winpct_3_x": "MATCHUP_WINPCT_3_x", "matchup_winpct_7_x": "MATCHUP_WINPCT_7_x", "matchup_winpct_10_x": "MATCHUP_WINPCT_10_x", "matchup_win_streak_x": "MATCHUP_WIN_STREAK_x", "win_streak_x": "WIN_STREAK_x", "home_away_streak_x": "HOME_AWAY_STREAK_x", "team1_win_avg_last_3_all_x": "TEAM1_win_AVG_LAST_3_ALL_x", "team1_win_avg_last_7_all_x": "TEAM1_win_AVG_LAST_7_ALL_x", "team1_win_avg_last_10_all_x": "TEAM1_win_AVG_LAST_10_ALL_x", "team1_win_avg_last_15_all_x": "TEAM1_win_AVG_LAST_15_ALL_x", "pts_avg_last_3_all_x": "PTS_AVG_LAST_3_ALL_x", "pts_avg_last_7_all_x": "PTS_AVG_LAST_7_ALL_x", "pts_avg_last_10_all_x": "PTS_AVG_LAST_10_ALL_x", "pts_avg_last_15_all_x": "PTS_AVG_LAST_15_ALL_x", "fg_pct_avg_last_3_all_x": "FG_PCT_AVG_LAST_3_ALL_x", "fg_pct_avg_last_7_all_x": "FG_PCT_AVG_LAST_7_ALL_x", "fg_pct_avg_last_10_all_x": "FG_PCT_AVG_LAST_10_ALL_x", "fg_pct_avg_last_15_all_x": "FG_PCT_AVG_LAST_15_ALL_x", "ft_pct_avg_last_3_all_x": "FT_PCT_AVG_LAST_3_ALL_x", "ft_pct_avg_last_7_all_x": "FT_PCT_AVG_LAST_7_ALL_x", "ft_pct_avg_last_10_all_x": "FT_PCT_AVG_LAST_10_ALL_x", "ft_pct_avg_last_15_all_x": "FT_PCT_AVG_LAST_15_ALL_x", "fg3_pct_avg_last_3_all_x": "FG3_PCT_AVG_LAST_3_ALL_x", "fg3_pct_avg_last_7_all_x": "FG3_PCT_AVG_LAST_7_ALL_x", "fg3_pct_avg_last_10_all_x": "FG3_PCT_AVG_LAST_10_ALL_x", "fg3_pct_avg_last_15_all_x": "FG3_PCT_AVG_LAST_15_ALL_x", "ast_avg_last_3_all_x": "AST_AVG_LAST_3_ALL_x", "ast_avg_last_7_all_x": "AST_AVG_LAST_7_ALL_x", "ast_avg_last_10_all_x": "AST_AVG_LAST_10_ALL_x", "ast_avg_last_15_all_x": "AST_AVG_LAST_15_ALL_x", "reb_avg_last_3_all_x": "REB_AVG_LAST_3_ALL_x", "reb_avg_last_7_all_x": "REB_AVG_LAST_7_ALL_x", "reb_avg_last_10_all_x": "REB_AVG_LAST_10_ALL_x", "reb_avg_last_15_all_x": "REB_AVG_LAST_15_ALL_x", "pts_avg_last_3_all_minus_league_avg_x": "PTS_AVG_LAST_3_ALL_MINUS_LEAGUE_AVG_x", "pts_avg_last_7_all_minus_league_avg_x": "PTS_AVG_LAST_7_ALL_MINUS_LEAGUE_AVG_x", "pts_avg_last_10_all_minus_league_avg_x": "PTS_AVG_LAST_10_ALL_MINUS_LEAGUE_AVG_x", "pts_avg_last_15_all_minus_league_avg_x": "PTS_AVG_LAST_15_ALL_MINUS_LEAGUE_AVG_x", "fg_pct_avg_last_3_all_minus_league_avg_x": "FG_PCT_AVG_LAST_3_ALL_MINUS_LEAGUE_AVG_x", "fg_pct_avg_last_7_all_minus_league_avg_x": "FG_PCT_AVG_LAST_7_ALL_MINUS_LEAGUE_AVG_x", "fg_pct_avg_last_10_all_minus_league_avg_x": "FG_PCT_AVG_LAST_10_ALL_MINUS_LEAGUE_AVG_x", "fg_pct_avg_last_15_all_minus_league_avg_x": "FG_PCT_AVG_LAST_15_ALL_MINUS_LEAGUE_AVG_x", "ft_pct_avg_last_3_all_minus_league_avg_x": "FT_PCT_AVG_LAST_3_ALL_MINUS_LEAGUE_AVG_x", "ft_pct_avg_last_7_all_minus_league_avg_x": "FT_PCT_AVG_LAST_7_ALL_MINUS_LEAGUE_AVG_x", "ft_pct_avg_last_10_all_minus_league_avg_x": "FT_PCT_AVG_LAST_10_ALL_MINUS_LEAGUE_AVG_x", "ft_pct_avg_last_15_all_minus_league_avg_x": "FT_PCT_AVG_LAST_15_ALL_MINUS_LEAGUE_AVG_x", "fg3_pct_avg_last_3_all_minus_league_avg_x": "FG3_PCT_AVG_LAST_3_ALL_MINUS_LEAGUE_AVG_x", "fg3_pct_avg_last_7_all_minus_league_avg_x": "FG3_PCT_AVG_LAST_7_ALL_MINUS_LEAGUE_AVG_x", "fg3_pct_avg_last_10_all_minus_league_avg_x": "FG3_PCT_AVG_LAST_10_ALL_MINUS_LEAGUE_AVG_x", "fg3_pct_avg_last_15_all_minus_league_avg_x": "FG3_PCT_AVG_LAST_15_ALL_MINUS_LEAGUE_AVG_x", "ast_avg_last_3_all_minus_league_avg_x": "AST_AVG_LAST_3_ALL_MINUS_LEAGUE_AVG_x", "ast_avg_last_7_all_minus_league_avg_x": "AST_AVG_LAST_7_ALL_MINUS_LEAGUE_AVG_x", "ast_avg_last_10_all_minus_league_avg_x": "AST_AVG_LAST_10_ALL_MINUS_LEAGUE_AVG_x", "ast_avg_last_15_all_minus_league_avg_x": "AST_AVG_LAST_15_ALL_MINUS_LEAGUE_AVG_x", "reb_avg_last_3_all_minus_league_avg_x": "REB_AVG_LAST_3_ALL_MINUS_LEAGUE_AVG_x", "reb_avg_last_7_all_minus_league_avg_x": "REB_AVG_LAST_7_ALL_MINUS_LEAGUE_AVG_x", "reb_avg_last_10_all_minus_league_avg_x": "REB_AVG_LAST_10_ALL_MINUS_LEAGUE_AVG_x", "reb_avg_last_15_all_minus_league_avg_x": "REB_AVG_LAST_15_ALL_MINUS_LEAGUE_AVG_x", "win_streak_y": "WIN_STREAK_y", "home_away_streak_y": "HOME_AWAY_STREAK_y", "team1_win_avg_last_3_all_y": "TEAM1_win_AVG_LAST_3_ALL_y", "team1_win_avg_last_7_all_y": "TEAM1_win_AVG_LAST_7_ALL_y", "team1_win_avg_last_10_all_y": "TEAM1_win_AVG_LAST_10_ALL_y", "team1_win_avg_last_15_all_y": "TEAM1_win_AVG_LAST_15_ALL_y", "pts_avg_last_3_all_y": "PTS_AVG_LAST_3_ALL_y", "pts_avg_last_7_all_y": "PTS_AVG_LAST_7_ALL_y", "pts_avg_last_10_all_y": "PTS_AVG_LAST_10_ALL_y", "pts_avg_last_15_all_y": "PTS_AVG_LAST_15_ALL_y", "fg_pct_avg_last_3_all_y": "FG_PCT_AVG_LAST_3_ALL_y", "fg_pct_avg_last_7_all_y": "FG_PCT_AVG_LAST_7_ALL_y", "fg_pct_avg_last_10_all_y": "FG_PCT_AVG_LAST_10_ALL_y", "fg_pct_avg_last_15_all_y": "FG_PCT_AVG_LAST_15_ALL_y", "ft_pct_avg_last_3_all_y": "FT_PCT_AVG_LAST_3_ALL_y", "ft_pct_avg_last_7_all_y": "FT_PCT_AVG_LAST_7_ALL_y", "ft_pct_avg_last_10_all_y": "FT_PCT_AVG_LAST_10_ALL_y", "ft_pct_avg_last_15_all_y": "FT_PCT_AVG_LAST_15_ALL_y", "fg3_pct_avg_last_3_all_y": "FG3_PCT_AVG_LAST_3_ALL_y", "fg3_pct_avg_last_7_all_y": "FG3_PCT_AVG_LAST_7_ALL_y", "fg3_pct_avg_last_10_all_y": "FG3_PCT_AVG_LAST_10_ALL_y", "fg3_pct_avg_last_15_all_y": "FG3_PCT_AVG_LAST_15_ALL_y", "ast_avg_last_3_all_y": "AST_AVG_LAST_3_ALL_y", "ast_avg_last_7_all_y": "AST_AVG_LAST_7_ALL_y", "ast_avg_last_10_all_y": "AST_AVG_LAST_10_ALL_y", "ast_avg_last_15_all_y": "AST_AVG_LAST_15_ALL_y", "reb_avg_last_3_all_y": "REB_AVG_LAST_3_ALL_y", "reb_avg_last_7_all_y": "REB_AVG_LAST_7_ALL_y", "reb_avg_last_10_all_y": "REB_AVG_LAST_10_ALL_y", "reb_avg_last_15_all_y": "REB_AVG_LAST_15_ALL_y", "pts_avg_last_3_all_minus_league_avg_y": "PTS_AVG_LAST_3_ALL_MINUS_LEAGUE_AVG_y", "pts_avg_last_7_all_minus_league_avg_y": "PTS_AVG_LAST_7_ALL_MINUS_LEAGUE_AVG_y", "pts_avg_last_10_all_minus_league_avg_y": "PTS_AVG_LAST_10_ALL_MINUS_LEAGUE_AVG_y", "pts_avg_last_15_all_minus_league_avg_y": "PTS_AVG_LAST_15_ALL_MINUS_LEAGUE_AVG_y", "fg_pct_avg_last_3_all_minus_league_avg_y": "FG_PCT_AVG_LAST_3_ALL_MINUS_LEAGUE_AVG_y", "fg_pct_avg_last_7_all_minus_league_avg_y": "FG_PCT_AVG_LAST_7_ALL_MINUS_LEAGUE_AVG_y", "fg_pct_avg_last_10_all_minus_league_avg_y": "FG_PCT_AVG_LAST_10_ALL_MINUS_LEAGUE_AVG_y", "fg_pct_avg_last_15_all_minus_league_avg_y": "FG_PCT_AVG_LAST_15_ALL_MINUS_LEAGUE_AVG_y", "ft_pct_avg_last_3_all_minus_league_avg_y": "FT_PCT_AVG_LAST_3_ALL_MINUS_LEAGUE_AVG_y", "ft_pct_avg_last_7_all_minus_league_avg_y": "FT_PCT_AVG_LAST_7_ALL_MINUS_LEAGUE_AVG_y", "ft_pct_avg_last_10_all_minus_league_avg_y": "FT_PCT_AVG_LAST_10_ALL_MINUS_LEAGUE_AVG_y", "ft_pct_avg_last_15_all_minus_league_avg_y": "FT_PCT_AVG_LAST_15_ALL_MINUS_LEAGUE_AVG_y", "fg3_pct_avg_last_3_all_minus_league_avg_y": "FG3_PCT_AVG_LAST_3_ALL_MINUS_LEAGUE_AVG_y", "fg3_pct_avg_last_7_all_minus_league_avg_y": "FG3_PCT_AVG_LAST_7_ALL_MINUS_LEAGUE_AVG_y", "fg3_pct_avg_last_10_all_minus_league_avg_y": "FG3_PCT_AVG_LAST_10_ALL_MINUS_LEAGUE_AVG_y", "fg3_pct_avg_last_15_all_minus_league_avg_y": "FG3_PCT_AVG_LAST_15_ALL_MINUS_LEAGUE_AVG_y", "ast_avg_last_3_all_minus_league_avg_y": "AST_AVG_LAST_3_ALL_MINUS_LEAGUE_AVG_y", "ast_avg_last_7_all_minus_league_avg_y": "AST_AVG_LAST_7_ALL_MINUS_LEAGUE_AVG_y", "ast_avg_last_10_all_minus_league_avg_y": "AST_AVG_LAST_10_ALL_MINUS_LEAGUE_AVG_y", "ast_avg_last_15_all_minus_league_avg_y": "AST_AVG_LAST_15_ALL_MINUS_LEAGUE_AVG_y", "reb_avg_last_3_all_minus_league_avg_y": "REB_AVG_LAST_3_ALL_MINUS_LEAGUE_AVG_y", "reb_avg_last_7_all_minus_league_avg_y": "REB_AVG_LAST_7_ALL_MINUS_LEAGUE_AVG_y", "reb_avg_last_10_all_minus_league_avg_y": "REB_AVG_LAST_10_ALL_MINUS_LEAGUE_AVG_y", "reb_avg_last_15_all_minus_league_avg_y": "REB_AVG_LAST_15_ALL_MINUS_LEAGUE_AVG_y", "win_streak_x_minus_y": "WIN_STREAK_x_minus_y", "home_away_streak_x_minus_y": "HOME_AWAY_STREAK_x_minus_y", "team1_win_avg_last_3_all_x_minus_y": "TEAM1_win_AVG_LAST_3_ALL_x_minus_y", "team1_win_avg_last_7_all_x_minus_y": "TEAM1_win_AVG_LAST_7_ALL_x_minus_y", "team1_win_avg_last_10_all_x_minus_y": "TEAM1_win_AVG_LAST_10_ALL_x_minus_y", "team1_win_avg_last_15_all_x_minus_y": "TEAM1_win_AVG_LAST_15_ALL_x_minus_y", "pts_avg_last_3_all_x_minus_y": "PTS_AVG_LAST_3_ALL_x_minus_y", "pts_avg_last_7_all_x_minus_y": "PTS_AVG_LAST_7_ALL_x_minus_y", "pts_avg_last_10_all_x_minus_y": "PTS_AVG_LAST_10_ALL_x_minus_y", "pts_avg_last_15_all_x_minus_y": "PTS_AVG_LAST_15_ALL_x_minus_y", "fg_pct_avg_last_3_all_x_minus_y": "FG_PCT_AVG_LAST_3_ALL_x_minus_y", "fg_pct_avg_last_7_all_x_minus_y": "FG_PCT_AVG_LAST_7_ALL_x_minus_y", "fg_pct_avg_last_10_all_x_minus_y": "FG_PCT_AVG_LAST_10_ALL_x_minus_y", "fg_pct_avg_last_15_all_x_minus_y": "FG_PCT_AVG_LAST_15_ALL_x_minus_y", "ft_pct_avg_last_3_all_x_minus_y": "FT_PCT_AVG_LAST_3_ALL_x_minus_y", "ft_pct_avg_last_7_all_x_minus_y": "FT_PCT_AVG_LAST_7_ALL_x_minus_y", "ft_pct_avg_last_10_all_x_minus_y": "FT_PCT_AVG_LAST_10_ALL_x_minus_y", "ft_pct_avg_last_15_all_x_minus_y": "FT_PCT_AVG_LAST_15_ALL_x_minus_y", "fg3_pct_avg_last_3_all_x_minus_y": "FG3_PCT_AVG_LAST_3_ALL_x_minus_y", "fg3_pct_avg_last_7_all_x_minus_y": "FG3_PCT_AVG_LAST_7_ALL_x_minus_y", "fg3_pct_avg_last_10_all_x_minus_y": "FG3_PCT_AVG_LAST_10_ALL_x_minus_y", "fg3_pct_avg_last_15_all_x_minus_y": "FG3_PCT_AVG_LAST_15_ALL_x_minus_y", "ast_avg_last_3_all_x_minus_y": "AST_AVG_LAST_3_ALL_x_minus_y", "ast_avg_last_7_all_x_minus_y": "AST_AVG_LAST_7_ALL_x_minus_y", "ast_avg_last_10_all_x_minus_y": "AST_AVG_LAST_10_ALL_x_minus_y", "ast_avg_last_15_all_x_minus_y": "AST_AVG_LAST_15_ALL_x_minus_y", "reb_avg_last_3_all_x_minus_y": "REB_AVG_LAST_3_ALL_x_minus_y", "reb_avg_last_7_all_x_minus_y": "REB_AVG_LAST_7_ALL_x_minus_y", "reb_avg_last_10_all_x_minus_y": "REB_AVG_LAST_10_ALL_x_minus_y", "reb_avg_last_15_all_x_minus_y": "REB_AVG_LAST_15_ALL_x_minus_y"}