<?xml version="1.0" encoding="UTF-8"?>
<project xmlns="http://maven.apache.org/POM/4.0.0" xmlns:xsi="http://www.w3.org/2001/XMLSchema-instance" xsi:schemaLocation="http://maven.apache.org/POM/4.0.0 http://maven.apache.org/maven-v4_0_0.xsd">
  <modelVersion>4.0.0</modelVersion>

  <!-- Change this groupId to your own organization groupId -->
  <groupId>org.sonar.samples</groupId>

  <!-- Change this artifactId to your own organization artifactId -->
  <artifactId>java-custom-rules-example</artifactId>

  <version>1.0.0-SNAPSHOT</version>

  <packaging>sonar-plugin</packaging>

  <!--  Change the name of the plugin here -->
  <name>SonarQube Java :: Documentation :: Custom Rules Example</name>

  <!--  Change the description of the plugin here -->
  <description>Java Custom Rules Example for SonarQube</description>

  <properties>
    <!-- TODO: Next time bump it up to the LTS version. -->
    <sonar.plugin.api.version>10.7.0.2191</sonar.plugin.api.version>
    <sonarjava.version>8.0.1.36337</sonarjava.version>
    <!-- Don't forget to update this version of JaCoCo -->
    <jacoco.version>0.8.13</jacoco.version>
    <!-- Use UTF-8 for all resources -->
    <project.build.sourceEncoding>UTF-8</project.build.sourceEncoding>
    <!-- Make sure to be compatible with java 8 -->
    <maven.compiler.release>8</maven.compiler.release>
  </properties>

  <dependencies>
    <!-- MAIN sources dependencies -->
    <dependency>
      <groupId>org.sonarsource.api.plugin</groupId>
      <artifactId>sonar-plugin-api</artifactId>
      <version>${sonar.plugin.api.version}</version>
      <scope>provided</scope>
    </dependency>

    <dependency>
      <groupId>org.slf4j</groupId>
      <artifactId>slf4j-api</artifactId>
      <version>1.7.30</version>
      <scope>provided</scope>
    </dependency>

    <dependency>
      <groupId>org.sonarsource.java</groupId>
      <artifactId>sonar-java-plugin</artifactId>
      <type>sonar-plugin</type>
      <version>${sonarjava.version}</version>
      <scope>provided</scope>
    </dependency>

    <dependency>
      <groupId>org.sonarsource.analyzer-commons</groupId>
      <artifactId>sonar-analyzer-commons</artifactId>
      <version>1.24.0.965</version>
    </dependency>

    <!-- TEST sources dependencies -->
    <dependency>
      <groupId>org.sonarsource.java</groupId>
      <artifactId>java-checks-testkit</artifactId>
      <version>${sonarjava.version}</version>
      <scope>test</scope>
    </dependency>

    <dependency>
      <groupId>org.sonarsource.api.plugin</groupId>
      <artifactId>sonar-plugin-api-test-fixtures</artifactId>
      <version>${sonar.plugin.api.version}</version>
      <scope>test</scope>
    </dependency>

    <!-- version to be specified manually -->
    <dependency>
      <groupId>org.junit.jupiter</groupId>
      <artifactId>junit-jupiter</artifactId>
      <version>5.7.0</version>
      <scope>test</scope>
    </dependency>

    <!-- version to be specified manually -->
    <dependency>
      <groupId>org.junit.jupiter</groupId>
      <artifactId>junit-jupiter-migrationsupport</artifactId>
      <version>5.7.0</version>
      <scope>test</scope>
    </dependency>

    <!-- version to be specified manually -->
    <dependency>
      <groupId>org.assertj</groupId>
      <artifactId>assertj-core</artifactId>
      <version>3.23.1</version>
      <scope>test</scope>
    </dependency>
  </dependencies>

  <build>
    <plugins>
      <plugin>
        <groupId>org.sonarsource.sonar-packaging-maven-plugin</groupId>
        <artifactId>sonar-packaging-maven-plugin</artifactId>
        <extensions>true</extensions>
        <configuration>
          <pluginKey>java-custom</pluginKey>
          <pluginName>Java Custom Rules</pluginName>
          <pluginClass>org.sonar.samples.java.MyJavaRulesPlugin</pluginClass>
          <sonarLintSupported>true</sonarLintSupported>
          <skipDependenciesPackaging>true</skipDependenciesPackaging>
          <pluginApiMinVersion>9.14.0.375</pluginApiMinVersion>
          <requirePlugins>java:${sonarjava.version}</requirePlugins>
          <requiredForLanguages>java</requiredForLanguages>
        </configuration>
      </plugin>

      <plugin>
        <groupId>org.apache.maven.plugins</groupId>
        <artifactId>maven-shade-plugin</artifactId>
        <version>3.2.4</version>
        <configuration>
        </configuration>
        <executions>
          <execution>
            <phase>package</phase>
            <goals>
              <goal>shade</goal>
            </goals>
          </execution>
        </executions>
      </plugin>

      <plugin>
        <groupId>org.apache.maven.plugins</groupId>
        <artifactId>maven-compiler-plugin</artifactId>
        <version>3.8.0</version>
        <configuration>
          <source>1.8</source>
          <target>1.8</target>
        </configuration>
      </plugin>

      <plugin>
        <groupId>org.jacoco</groupId>
        <artifactId>jacoco-maven-plugin</artifactId>
        <version>${jacoco.version}</version>
        <executions>
          <execution>
            <id>prepare-agent</id>
            <goals>
              <goal>prepare-agent</goal>
            </goals>
          </execution>
          <execution>
            <id>report</id>
            <goals>
              <goal>report</goal>
            </goals>
          </execution>
        </executions>
      </plugin>

      <!-- only required to run UT - these are UT dependencies -->
      <plugin>
        <groupId>org.apache.maven.plugins</groupId>
        <artifactId>maven-dependency-plugin</artifactId>
        <executions>
          <execution>
            <id>copy</id>
            <phase>test-compile</phase>
            <goals>
              <goal>copy</goal>
            </goals>
            <configuration>
              <artifactItems>
                <artifactItem>
                  <groupId>org.slf4j</groupId>
                  <artifactId>slf4j-api</artifactId>
                  <version>1.7.30</version>
                  <type>jar</type>
                </artifactItem>
                <artifactItem>
                  <groupId>org.apache.commons</groupId>
                  <artifactId>commons-collections4</artifactId>
                  <version>4.0</version>
                  <type>jar</type>
                </artifactItem>
                <artifactItem>
                  <groupId>javax</groupId>
                  <artifactId>javaee-api</artifactId>
                  <version>6.0</version>
                  <type>jar</type>
                </artifactItem>
                <artifactItem>
                  <groupId>org.springframework</groupId>
                  <artifactId>spring-webmvc</artifactId>
                  <version>4.3.3.RELEASE</version>
                  <type>jar</type>
                </artifactItem>
                <artifactItem>
                  <groupId>org.springframework</groupId>
                  <artifactId>spring-web</artifactId>
                  <version>4.3.3.RELEASE</version>
                  <type>jar</type>
                </artifactItem>
                <artifactItem>
                  <groupId>org.springframework</groupId>
                  <artifactId>spring-context</artifactId>
                  <version>4.3.3.RELEASE</version>
                  <type>jar</type>
                </artifactItem>
                <artifactItem>
                  <groupId>junit</groupId>
                  <artifactId>junit</artifactId>
                  <version>4.13.2</version>
                  <type>jar</type>
                </artifactItem>
              </artifactItems>
              <outputDirectory>${project.build.directory}/test-jars</outputDirectory>
            </configuration>
          </execution>
        </executions>
      </plugin>
    </plugins>
  </build>

</project>
