[
   {
      "type":"Bulb",
      "name":"Tuer",
      "id":"",
      "ip":"192.168.178.1",
      "key":"",
      "version":"3.4"
   },
   {
      "type":"Bulb",
      "name":"PC",
      "id":"",
      "ip":"192.168.178.2",
      "key":"",
      "version":"3.4"
   },
   {
      "type":"Bulb",
      "name":"WintergartenOben",
      "id":"",
      "ip":"192.168.178.3",
      "key":"",
      "version":"3.4"
   },
   {
      "type":"Bulb",
      "name":"WintergartenUnten",
      "id":"",
      "ip":"192.168.178.4",
      "key":"",
      "version":"3.4"
   },
   {
      "type":"Bulb",
      "name":"CouchOben",
      "id":"",
      "ip":"192.168.178.5",
      "key":"",
      "version":"3.4"
   },
   {
      "type":"Bulb",
      "name":"CouchUnten",
      "id":"",
      "ip":"192.168.178.6",
      "key":"",
      "version":"3.4"
   },
   {
      "type":"Bulb",
      "name":"Altar",
      "id":"",
      "ip":"192.168.178.7",
      "key":"",
      "version":"3.4"
   },
   {
      "type":"Outlet",
      "name":"Duftlampe",
      "id":"",
      "ip":"192.168.178.8",
      "key":"",
      "version":"3.3"
   },
   {
      "type":"Outlet",
      "name":"Kaffeemaschine",
      "id":"",
      "ip":"192.168.178.9",
      "key":"",
      "version":"3.3"
   },
   {
      "type":"Outlet",
      "name":"Ventilator",
      "id":"",
      "ip":"192.168.178.10",
      "key":"",
      "version":"3.3"
   },   
   {
      "type":"Outlet",
      "name":"Frischluft",
      "id":"",
      "ip":"192.168.178.11",
      "key":"",
      "version":"3.3"
   }   
]