<!--
  ~ LanguageTool, a natural language style checker
  ~ Copyright (C) 2021 Stefan Viol (https://stevio.de)
  ~
  ~ This library is free software; you can redistribute it and/or
  ~ modify it under the terms of the GNU Lesser General Public
  ~ License as published by the Free Software Foundation; either
  ~ version 2.1 of the License, or (at your option) any later version.
  ~
  ~ This library is distributed in the hope that it will be useful,
  ~ but WITHOUT ANY WARRANTY; without even the implied warranty of
  ~ MERCHANTABILITY or FITNESS FOR A PARTICULAR PURPOSE.  See the GNU
  ~ Lesser General Public License for more details.
  ~
  ~ You should have received a copy of the GNU Lesser General Public
  ~ License along with this library; if not, write to the Free Software
  ~ Foundation, Inc., 51 Franklin St, Fifth Floor, Boston, MA  02110-1301
  ~ USA
  -->

<settings xmlns="http://maven.apache.org/SETTINGS/1.0.0" xmlns:xsi="http://www.w3.org/2001/XMLSchema-instance" xsi:schemaLocation="http://maven.apache.org/SETTINGS/1.0.0 http://maven.apache.org/xsd/settings-1.0.0.xsd">
  <servers>
    <server>
      <id>repo.languagetool.org</id>
      <username>${env.ARTIFACTORY_USERNAME}</username>
      <password>${env.ARTIFACTORY_API_TOKEN}</password>
    </server>
    <server>
      <id>nvdApiServerId</id>
      <password>${env.nvdApiKey}</password>
    </server>
  </servers>
</settings>
