<?xml version="1.0" encoding="UTF-8"?>
<FindBugsFilter
    xmlns="https://github.com/spotbugs/filter/3.0.0"
    xmlns:xsi="http://www.w3.org/2001/XMLSchema-instance"
    xsi:schemaLocation="https://github.com/spotbugs/filter/3.0.0 https://raw.githubusercontent.com/spotbugs/spotbugs/3.1.0/spotbugs/etc/findbugsfilter.xsd">
    <!-- Ignore any groovy files as they generate Java classes that we don't control -->
    <Match>
        <Source name="~.*\.groovy"/>
    </Match>

    <!-- Generated by Hibernate for JPA queries so ignore -->
    <Match>
        <Class name="~.*_"/>
    </Match>

    <!-- Generated Protobuf/gRPC, ignore -->
    <Match>
        <Package name="~com.netflix.genie.proto.*"/>
    </Match>
</FindBugsFilter>
