<?xml version="1.0" encoding="UTF-8"?>
<!-- tag::caches[] -->
<project>
	<build>
		<plugins>
			<plugin>
				<groupId>org.springframework.boot</groupId>
				<artifactId>spring-boot-maven-plugin</artifactId>
				<configuration>
					<image>
						<buildWorkspace>
							<bind>
								<source>/tmp/cache-${project.artifactId}.work</source>
							</bind>
						</buildWorkspace>
						<buildCache>
							<bind>
								<source>/tmp/cache-${project.artifactId}.build</source>
							</bind>
						</buildCache>
						<launchCache>
							<bind>
								<source>/tmp/cache-${project.artifactId}.launch</source>
							</bind>
						</launchCache>
					</image>
				</configuration>
			</plugin>
		</plugins>
	</build>
</project>
<!-- end::caches[] -->