<?xml version="1.0" encoding="UTF-8"?>
<!-- tag::buildpacks[] -->
<project>
	<build>
		<plugins>
			<plugin>
				<groupId>org.springframework.boot</groupId>
				<artifactId>spring-boot-maven-plugin</artifactId>
				<configuration>
					<image>
						<buildpacks>
							<buildpack>file:///path/to/example-buildpack.tgz</buildpack>
							<buildpack>urn:cnb:builder:paketo-buildpacks/java</buildpack>
						</buildpacks>
					</image>
				</configuration>
			</plugin>
		</plugins>
	</build>
</project>
<!-- end::buildpacks[] -->

