<?xml version="1.0" encoding="UTF-8"?>
<!-- tag::docker-registry-authentication[] -->
<project>
	<build>
		<plugins>
			<plugin>
				<groupId>org.springframework.boot</groupId>
				<artifactId>spring-boot-maven-plugin</artifactId>
				<configuration>
					<docker>
						<builderRegistry>
							<username>user</username>
							<password>secret</password>
							<url>https://docker.example.com/v1/</url>
							<email>user@example.com</email>
						</builderRegistry>
					</docker>
				</configuration>
			</plugin>
		</plugins>
	</build>
</project>
<!-- end::docker-registry-authentication[] -->

