<?xml version="1.0" encoding="UTF-8"?>
<!-- tag::docker[] -->
<project>
	<build>
		<plugins>
			<plugin>
				<groupId>org.springframework.boot</groupId>
				<artifactId>spring-boot-maven-plugin</artifactId>
				<configuration>
					<image>
						<name>docker.example.com/library/${project.artifactId}</name>
						<publish>true</publish>
					</image>
					<docker>
						<publishRegistry>
							<username>user</username>
							<password>secret</password>
						</publishRegistry>
					</docker>
				</configuration>
			</plugin>
		</plugins>
	</build>
</project>
<!-- end::docker[] -->

