<?xml version="1.0" encoding="UTF-8"?>
<!-- tag::docker[] -->
<project>
	<build>
		<plugins>
			<plugin>
				<groupId>org.springframework.boot</groupId>
				<artifactId>spring-boot-maven-plugin</artifactId>
				<configuration>
					<docker>
						<publishRegistry>
							<url>${docker.publishRegistry.url}</url>
							<username>${docker.publishRegistry.username}</username>
							<password>${docker.publishRegistry.password}</password>
						</publishRegistry>
					</docker>
				</configuration>
			</plugin>
		</plugins>
	</build>
</project>
<!-- end::docker[] -->