<?xml version="1.0" encoding="UTF-8"?>
<!-- tag::runtime-jvm-configuration[] -->
<project>
	<build>
		<plugins>
			<plugin>
				<groupId>org.springframework.boot</groupId>
				<artifactId>spring-boot-maven-plugin</artifactId>
				<configuration>
					<image>
						<env>
							<BPE_DELIM_JAVA_TOOL_OPTIONS xml:space="preserve"> </BPE_DELIM_JAVA_TOOL_OPTIONS>
							<BPE_APPEND_JAVA_TOOL_OPTIONS>-XX:+HeapDumpOnOutOfMemoryError</BPE_APPEND_JAVA_TOOL_OPTIONS>
						</env>
					</image>
				</configuration>
			</plugin>
		</plugins>
	</build>
</project>
<!-- end::runtime-jvm-configuration[] -->

