{
  "$schema": "./node_modules/@biomejs/biome/configuration_schema.json",
  "assist": {
    "actions": {
      "source": {
        "organizeImports": "on"
      }
    }
  },
  "vcs": {
    "enabled": true,
    "defaultBranch": "main",
    "clientKind": "git",
    "useIgnoreFile": true
  },
  "files": {
    "ignoreUnknown": true
  },
  "formatter": {
    "includes": [
      "**",
      "!**/*.vue",
      "!**/.rslib/**/*",
      "!tests/e2e/react-component/public/umd/**/*",
      "!tests/integration/preserve-jsx/default/src/Component2.tsx"
    ],
    "indentStyle": "space"
  },
  "javascript": {
    "formatter": {
      "quoteStyle": "single"
    },
    "jsxRuntime": "reactClassic"
  },
  "json": {
    "formatter": {
      "enabled": false
    }
  },
  "css": {
    "formatter": {
      "enabled": false
    }
  },
  "linter": {
    "enabled": true,
    "includes": [
      "**",
      "!**/*.vue",
      "!**/dist/**",
      "!**/.rslib/**/*",
      "!tests/integration/**/*/src/**/*",
      "!tests/e2e/react-component/public/umd/**/*"
    ],
    "rules": {
      "recommended": true,
      "style": {
        "noNonNullAssertion": "off",
        "useFilenamingConvention": {
          "level": "error",
          "options": {
            "filenameCases": ["camelCase", "PascalCase", "export"]
          }
        },
        "noParameterAssign": "error",
        "useAsConstAssertion": "error",
        "useDefaultParameterLast": "error",
        "useEnumInitializers": "error",
        "useSelfClosingElements": "error",
        "useSingleVarDeclarator": "error",
        "noUnusedTemplateLiteral": "error",
        "useNumberNamespace": "error",
        "noInferrableTypes": "error",
        "noUselessElse": "error"
      },
      "suspicious": {
        "noExplicitAny": "off",
        "noConfusingVoidType": "off",
        "noNonNullAssertedOptionalChain": "off"
      },
      "performance": {
        "noDelete": "off"
      },
      "correctness": {
        "useHookAtTopLevel": "off",
        "useUniqueElementIds": "off"
      }
    }
  }
}
