{
  "$schema": "./node_modules/nx/schemas/nx-schema.json",
  "namedInputs": {
    "default": ["{projectRoot}/src/**/*"],
    "build": [
      "default",
      "!{projectRoot}/**/*.{md,mdx}",
      "{projectRoot}/tsconfig.json",
      "{projectRoot}/package.json",
      "{projectRoot}/rslib.config.*",
      "{projectRoot}/scripts/**/*"
    ],
    "prebundle": [
      "{projectRoot}/package.json",
      "{projectRoot}/prebundle.config.mjs"
    ]
  },
  "targetDefaults": {
    "build": {
      "cache": true,
      "dependsOn": ["^build", "prebundle"],
      "inputs": ["build", "^build"],
      "outputs": ["{projectRoot}/dist", "{projectRoot}/dist-types"]
    },
    "prebundle": {
      "cache": true,
      "inputs": ["prebundle"],
      "outputs": ["{projectRoot}/compiled"]
    }
  },
  "defaultBase": "main"
}
