<?xml version="1.0" encoding="UTF-8"?>
<beans xmlns="http://www.springframework.org/schema/beans"
    xmlns:xsi="http://www.w3.org/2001/XMLSchema-instance" 
    xmlns:context="http://www.springframework.org/schema/context"
    xmlns:rdb="http://www.dangdang.com/schema/ddframe/rdb" 
    xsi:schemaLocation="http://www.springframework.org/schema/beans 
                        http://www.springframework.org/schema/beans/spring-beans.xsd
                        http://www.springframework.org/schema/context 
                        http://www.springframework.org/schema/context/spring-context.xsd 
                        http://www.dangdang.com/schema/ddframe/rdb 
                        http://www.dangdang.com/schema/ddframe/rdb/rdb.xsd 
                        ">
    
    <!-- 主数据 -->
    <bean id="ds_0" class="com.alibaba.druid.pool.DruidDataSource" destroy-method="close" primary="true">
        <property name="driverClassName" value="com.mysql.jdbc.Driver" />
        <property name="url" value="jdbc:mysql://localhost:3306/ds_0?characterEncoding=utf-8&amp;useInformationSchema=true" />
        <property name="username" value="root" />
        <property name="password" value="" />
    </bean>
    
    <!-- 从数据 -->
    <bean id="ds_1" class="com.alibaba.druid.pool.DruidDataSource" destroy-method="close">
        <property name="driverClassName" value="com.mysql.jdbc.Driver" />
        <property name="url" value="jdbc:mysql://localhost:3306/ds_1?characterEncoding=utf-8" />
        <property name="username" value="root" />
        <property name="password" value="" />
    </bean>
    
    <!-- 读写分离数据源 -->
    <rdb:master-slave-data-source id="dataSource" master-data-source-ref="ds_0" slave-data-sources-ref="ds_1"/>
     
    <!-- 增强版JdbcTemplate -->
    <bean id="cxytiandiJdbcTemplate" class="com.cxytiandi.jdbc.CxytiandiJdbcTemplate">
    	<property name="dataSource" ref="dataSource"/>
    	<constructor-arg>
    		<value>com.fangjia.sjdbc.po</value>
    	</constructor-arg>
    </bean>
    
</beans>