{
    "generator-jhipster": {
        "applicationType": "monolith",
        "authenticationType": "jwt",
        "baseName": "sampleCouchbaseNoCache",
        "buildTool": "gradle",
        "cacheProvider": "no",
        "clientFramework": "angular",
        "clientPackageManager": "npm",
        "creationTimestamp": 1596513172471,
        "databaseType": "couchbase",
        "devDatabaseType": "couchbase",
        "enableHibernateCache": false,
        "enableSwaggerCodegen": false,
        "enableTranslation": true,
        "jhiPrefix": "jhi",
        "jwtSecretKey": "ZjY4MTM4YjI5YzMwZjhjYjI2OTNkNTRjMWQ5Y2Q0Y2YwOWNmZTE2NzRmYzU3NTMwM2NjOTE3MTllOTM3MWRkMzcyYTljMjVmNmQ0Y2MxOTUzODc0MDhhMTlkMDIxMzI2YzQzZDM2ZDE3MmQ3NjVkODk3OTVmYzljYTQyZDNmMTQ=",
        "languages": ["en", "fr"],
        "messageBroker": "no",
        "nativeLanguage": "en",
        "packageFolder": "tech/jhipster/sample",
        "packageName": "tech.jhipster.sample",
        "prodDatabaseType": "couchbase",
        "searchEngine": "couchbase",
        "serverPort": "8080",
        "serviceDiscoveryType": "no",
        "testFrameworks": ["gatling", "cypress"],
        "websocket": "no"
    }
}
