{"frameRate":25,"name":"weapon_1004_show","version":"5.5","compatibleVersion":"5.5","armature":[{"type":"Armature","frameRate":24,"name":"weapon","aabb":{"x":-183.55,"y":-334.14,"width":542,"height":203},"bone":[{"name":"root"},{"name":"weapon_r","parent":"root"}],"slot":[{"displayIndex":5,"name":"weapon_r","parent":"weapon_r"}],"skin":[{"name":"","slot":[{"name":"weapon_r","display":[{"name":"weapon_1004c_r","transform":{"x":172.72,"y":-27.35}},{"name":"weapon_1004b_r","transform":{"x":160.88,"y":-28.07}},{"name":"weapon_1004e_r","transform":{"x":195.79,"y":-19.82}},{"type":"mesh","name":"weapon_1004d_r","width":446,"height":129,"vertices":[430.36,92.29,442.16,22.44,400.06,-47.21,376.46,-87.41,334.31,-129.11,298.16,-152.61,249.66,-159.81,268.66,-120.96,251.16,-95.31,214.81,-110.56,81.11,-62.16,45.41,-89.36,-44.74,-89.36,-44.74,39.69,133.91,39.69,127.96,17.49,218.71,26.24,260.76,20.34,265.51,79.19,329.36,58.94,355.01,59.04,380.76,64.34],"uvs":[1,1,0.97814,0.74651,0.95146,0.52209,0.90303,0.28527,0.83464,0.1124,0.77455,0.00853,0.69608,-0.00039,0.69428,0.12946,0.65942,0.21628,0.60583,0.11822,0.28217,0.21047,0.20213,-0.00039,0,-0.00039,0,1,0.40056,1,0.38722,0.82791,0.60258,0.82791,0.67108,0.74109,0.70437,0.89651,0.78105,0.91434,0.85448,0.93721,0.92635,0.97209],"triangles":[1,21,0,2,21,1,20,21,2,3,20,2,19,20,3,4,19,3,5,7,4,17,19,4,7,17,4,8,17,7,17,18,19,6,7,5,8,16,17,9,16,8,15,16,9,10,15,9,15,13,14,10,13,15,11,13,10,12,13,11],"edges":[0,1,1,2,2,3,3,4,4,5,5,6,6,7,7,8,8,9,9,10,10,11,11,12,12,13,13,14,14,15,15,16,16,17,17,18,18,19,19,20,20,21,21,0]},{"name":"weapon_1004_r","transform":{"x":121.72,"y":-21.86}},{"type":"armature","name":"weapon_1004s_r","transform":{"x":87.45,"y":-232.64}}]}]}],"animation":[{"duration":5,"playTimes":0,"name":"newAnimation","bone":[{"name":"weapon_r","translateFrame":[{"x":-5.02,"y":0.28},{"x":-0.33,"y":-0.25},{"x":0.69,"y":1.51},{"x":-3.58,"y":-1.02},{"y":-4.28},{"duration":0,"x":-11.97,"y":-33.1}]}],"slot":[{"name":"weapon_r","displayFrame":[{},{"value":1},{"value":2},{"value":3},{"value":4},{"duration":0,"value":5}]}]}],"defaultActions":[{"gotoAndPlay":"newAnimation"}]},{"type":"Armature","frameRate":24,"name":"weapon_1004s_r","aabb":{"x":-196,"y":-96.5,"width":542,"height":203},"bone":[{"name":"root"}],"slot":[{"name":"weapon_1004e_r","parent":"root"}],"skin":[{"name":"","slot":[{"name":"weapon_1004e_r","display":[{"name":"weapon_1004e_r","transform":{"x":75,"y":5}}]}]}],"animation":[{"duration":0,"playTimes":0,"name":"newAnimation"}],"defaultActions":[{"gotoAndPlay":"newAnimation"}]}]}