{
  "name": "onnx_model",
  "platform": "onnxruntime_onnx",
  "backend": "onnxruntime",
  "version_policy": {
    "latest": {
      "num_versions": 1
    }
  },
  "max_batch_size": 1,
  "input": [
    {
      "name": "text",
      "data_type": "TYPE_STRING",
      "dims": [
        1
      ],
      "is_shape_tensor": false,
      "allow_ragged_batch": false,
      "optional": false
    },
    {
      "name": "attention_mask",
      "data_type": "TYPE_UINT8",
      "format": "FORMAT_NONE",
      "dims": [
        -1
      ],
      "is_shape_tensor": false,
      "allow_ragged_batch": false,
      "optional": false
    },
    {
      "name": "input_ids",
      "data_type": "TYPE_INT64",
      "format": "FORMAT_NONE",
      "dims": [
        -1
      ],
      "is_shape_tensor": false,
      "allow_ragged_batch": false,
      "optional": false
    }
  ],
  "output": [
    {
      "name": "logits",
      "data_type": "TYPE_INT64",
      "dims": [
        -1
      ],
      "label_filename": "",
      "is_shape_tensor": false
    }
  ],
  "batch_input": [],
  "batch_output": [],
  "optimization": {
    "priority": "PRIORITY_DEFAULT",
    "input_pinned_memory": {
      "enable": true
    },
    "output_pinned_memory": {
      "enable": true
    },
    "gather_kernel_buffer_threshold": 0,
    "eager_batching": false
  },
  "instance_group": [
    {
      "name": "onnx_model",
      "kind": "KIND_CPU",
      "count": 1,
      "gpus": [],
      "secondary_devices": [],
      "profile": [],
      "passive": false,
      "host_policy": ""
    }
  ],
  "default_model_filename": "model.onnx",
  "cc_model_filenames": {},
  "metric_tags": {},
  "parameters": {},
  "model_warmup": []
}