{
  "use-raw-files": true,
  "raw-js": {
    "pyret-base/js/codePoint": "build/phaseA/js/codePoint.js",
    "pyret-base/js/exn-stack-parser": "build/phaseA/js/exn-stack-parser.js",
    "pyret-base/js/js-numbers": "build/phaseA/js/js-numbers.js",
    "pyret-base/js/namespace": "build/phaseA/js/namespace.js",
    "pyret-base/js/pyret-parser": "build/phaseA/js/pyret-parser.js",
    "pyret-base/js/pyret-tokenizer": "build/phaseA/js/pyret-tokenizer.js",
    "pyret-base/js/runtime.js": "build/phaseA/js/runtime.js",
    "pyret-base/js/runtime-util": "build/phaseA/js/runtime-util.js",
    "pyret-base/js/type-util": "build/phaseA/js/type-util.js",
    "pyret-base/js/secure-loader": "build/phaseA/js/secure-loader.js",
    "pyret-base/js/post-load-hooks": "build/phaseA/js/post-load-hooks.js",

    "jglr/jglr": "lib/jglr/jglr.js",
    "jglr/rnglr": "lib/jglr/rnglr.js",
    "jglr/cyclicJSON": "lib/jglr/cyclicJSON.js"
  },
  "baseUrl": "./build/phaseA",
  "optimize": "none",
  "paths": {
      "jglr": "../../lib/jglr",
      "pyret-base": "./",
      "crypto": "empty:",
      "sha.js": "empty:",
      "js-sha256": "empty:",
      "fs": "empty:",
      "http": "empty:",
      "lockfile": "empty:",
      "path": "empty:",
      "q": "empty:",
      "requirejs": "empty:",
      "s-expression": "empty:",
      "seedrandom": "empty:",
      "ws": "empty:",
      "source-map": "empty:"
    }
}
