{
    "api_list": [
        {
            "name": "Hot Products",
            "schema": {
                "app_sale_price": "str",
                "commission_rate": "str",
                "discount": "str",
                "evaluate_rate": "str",
                "first_level_category_name": "str",
                "hot_product_commission_rate": "str",
                "lastest_volume": "str",
                "original_price": "str",
                "product_detail_url": "str",
                "product_id": "str",
                "product_main_image_url": "str",
                "product_title": "str",
                "promotion_link": "str",
                "relevant_market_commission_rate": "str",
                "sale_price": "str",
                "second_level_category_name": "str",
                "shop_url": "str",
                "target_app_sale_price": "str",
                "target_original_price": "str",
                "target_sale_price": "str"
            }
        },
        {
            "name": "Product by ID",
            "schema": {
                "app_sale_price": "str",
                "app_sale_price_currency": "str",
                "discount": "str",
                "first_level_category_id": "str",
                "first_level_category_name": "str",
                "lastest_volume": "str",
                "original_price": "str",
                "original_price_currency": "str",
                "product_detail_url": "str",
                "product_id": "str",
                "product_main_image_url": "str",
                "product_title": "str",
                "sale_price": "str",
                "sale_price_currency": "str",
                "second_level_category_id": "str",
                "second_level_category_name": "str",
                "shop_id": "str",
                "shop_url": "str"
            }
        }
    ]
}