{
    "version": 5,
    "configurePresets": [{
            "name": "x86-Debug",
            "displayName": "Windows x86 Debug",
            "architecture": {
                "value": "Win32",
                "strategy": "set"
            },
            "cacheVariables": {
                "CMAKE_BUILD_TYPE": "Debug"
            },
            "vendor": {
                "microsoft.com/VisualStudioSettings/CMake/1.0": {
                    "hostOS": ["Windows"]
                }
            }
        },
        {
            "name": "x64-Debug",
            "displayName": "Windows x64 Debug",
            "architecture": {
                "value": "x64",
                "strategy": "set"
            },
            "cacheVariables": {
                "CMAKE_BUILD_TYPE": "Debug"
            },
            "vendor": {
                "microsoft.com/VisualStudioSettings/CMake/1.0": {
                    "hostOS": ["Windows"]
                }
            }
        },
        {
            "name": "x86-Release",
            "displayName": "Windows x86 Release",
            "architecture": {
                "value": "Win32",
                "strategy": "set"
            },
            "cacheVariables": {
                "CMAKE_BUILD_TYPE": "Release"
            },
            "vendor": {
                "microsoft.com/VisualStudioSettings/CMake/1.0": {
                    "hostOS": ["Windows"]
                }
            }
        },
        {
            "name": "x64-Release",
            "displayName": "Windows x64 Release",
            "architecture": {
                "value": "x64",
                "strategy": "set"
            },
            "cacheVariables": {
                "CMAKE_BUILD_TYPE": "Release"
            },
            "vendor": {
                "microsoft.com/VisualStudioSettings/CMake/1.0": {
                    "hostOS": ["Windows"]
                }
            }
        }
    ]
}
