{
    "name": "SN27 PoW 256",
    "description": "The validator's reward model for SN27, designed to batch a single round of weight updates (256 changes per proof).",
    "author": "Inference Labs",
    "version": "0.0.9",
    "proof_system": "EZKL",
    "netuid": 27,
    "weights_version": 160,
    "type": "proof_of_weights",
    "external_files": {
        "pk.key": "https://sn2-storage.inferencelabs.com/1876cfa9fb3c418b2559f3f7074db20565b5ca7237efdd43b907d9d697a452c4/pk.key"
    },
    "benchmark_choice_weight": 0.2
}
