[
{
    "pk": 1,
    "model": "catalogue.productclass",
    "fields": {
        "track_stock": true,
        "options": [],
        "requires_shipping": true,
        "name": "T-shirt",
        "slug": "t-shirt"
    }
},
{
    "pk": 1,
    "model": "catalogue.category",
    "fields": {
        "description": "",
        "long_description": "",
        "numchild": 0,
        "slug": "clothing",
        "depth": 1,
        "path": "0001",
        "image": "",
        "name": "Clothing"
    }
},
{
    "pk": 1,
    "model": "catalogue.productcategory",
    "fields": {
        "category": 1,
        "product": 1
    }
},
{
    "pk": 2,
    "model": "catalogue.productcategory",
    "fields": {
        "category": 1,
        "product": 5
    }
},
{
    "pk": 3,
    "model": "catalogue.productcategory",
    "fields": {
        "category": 1,
        "product": 8
    }
},
{
    "pk": 1,
    "model": "catalogue.product",
    "fields": {
        "rating": null,
        "description": "",
        "parent": null,
        "title": "Oscar T-shirt",
        "date_updated": "2013-12-12T16:33:57.426Z",
        "upc": "",
        "is_discountable": true,
        "date_created": "2013-12-12T16:33:57.426Z",
        "product_options": [],
        "slug": "oscar-t-shirt",
        "product_class": 1,
        "structure": "parent"
    }
},
{
    "pk": 2,
    "model": "catalogue.product",
    "fields": {
        "rating": null,
        "description": "",
        "parent": 1,
        "title": "",
        "date_updated": "2013-12-12T16:34:14.023Z",
        "upc": "",
        "is_discountable": true,
        "date_created": "2013-12-12T16:34:14.023Z",
        "product_options": [],
        "slug": "oscar-t-shirt",
        "product_class": null,
        "structure": "child"
    }
},
{
    "pk": 3,
    "model": "catalogue.product",
    "fields": {
        "rating": null,
        "description": "",
        "parent": 1,
        "title": "",
        "date_updated": "2013-12-12T16:34:32.170Z",
        "upc": "",
        "is_discountable": true,
        "date_created": "2013-12-12T16:34:32.170Z",
        "product_options": [],
        "slug": "oscar-t-shirt",
        "product_class": null,
        "structure": "child"
    }
},
{
    "pk": 4,
    "model": "catalogue.product",
    "fields": {
        "rating": null,
        "description": "",
        "parent": 1,
        "title": "",
        "date_updated": "2013-12-12T17:32:15.016Z",
        "upc": "",
        "is_discountable": true,
        "date_created": "2013-12-12T17:32:15.016Z",
        "product_options": [],
        "slug": "oscar-t-shirt",
        "product_class": null,
        "structure": "child"
    }
},
{
    "pk": 5,
    "model": "catalogue.product",
    "fields": {
        "rating": null,
        "description": "",
        "parent": null,
        "title": "commandlinefu T-shirt",
        "date_updated": "2013-12-13T11:34:21.810Z",
        "upc": "",
        "is_discountable": true,
        "date_created": "2013-12-13T11:34:21.810Z",
        "product_options": [],
        "slug": "commandlinefu-t-shirt",
        "product_class": 1,
        "structure": "parent"
    }
},
{
    "pk": 6,
    "model": "catalogue.product",
    "fields": {
        "rating": null,
        "description": "",
        "parent": 5,
        "title": "",
        "date_updated": "2013-12-13T11:37:08.138Z",
        "upc": "",
        "is_discountable": true,
        "date_created": "2013-12-13T11:37:08.138Z",
        "product_options": [],
        "slug": "commandlinefu-t-shirt",
        "product_class": null,
        "structure": "child"
    }
},
{
    "pk": 7,
    "model": "catalogue.product",
    "fields": {
        "rating": null,
        "description": "",
        "parent": 5,
        "title": "",
        "date_updated": "2013-12-13T11:37:45.834Z",
        "upc": "",
        "is_discountable": true,
        "date_created": "2013-12-13T11:37:45.834Z",
        "product_options": [],
        "slug": "commandlinefu-t-shirt",
        "product_class": null,
        "structure": "child"
    }
},
{
    "pk": 8,
    "model": "catalogue.product",
    "fields": {
        "rating": null,
        "description": "",
        "parent": null,
        "title": "Django T-shirt",
        "date_updated": "2013-12-13T11:38:15.107Z",
        "upc": "",
        "is_discountable": true,
        "date_created": "2013-12-13T11:38:15.107Z",
        "product_options": [],
        "slug": "django-t-shirt",
        "product_class": 1,
        "structure": "parent"
    }
},
{
    "pk": 9,
    "model": "catalogue.product",
    "fields": {
        "rating": null,
        "description": "",
        "parent": 8,
        "title": "",
        "date_updated": "2013-12-13T11:38:49.769Z",
        "upc": "",
        "is_discountable": true,
        "date_created": "2013-12-13T11:38:49.769Z",
        "product_options": [],
        "slug": "django-t-shirt",
        "product_class": null,
        "structure": "child"
    }
},
{
    "pk": 10,
    "model": "catalogue.product",
    "fields": {
        "rating": null,
        "description": "",
        "parent": 8,
        "title": "",
        "date_updated": "2013-12-13T11:39:12.859Z",
        "upc": "",
        "is_discountable": true,
        "date_created": "2013-12-13T11:39:12.859Z",
        "product_options": [],
        "slug": "django-t-shirt",
        "product_class": null,
        "structure": "child"
    }
},
{
    "pk": 11,
    "model": "catalogue.product",
    "fields": {
        "rating": null,
        "description": "",
        "parent": 8,
        "title": "",
        "date_updated": "2013-12-13T11:39:53.073Z",
        "upc": "",
        "is_discountable": true,
        "date_created": "2013-12-13T11:39:53.073Z",
        "product_options": [],
        "slug": "django-t-shirt",
        "product_class": null,
        "structure": "child"
    }
},
{
    "pk": 1,
    "model": "catalogue.productattribute",
    "fields": {
        "required": true,
        "product_class": 1,
        "option_group": 1,
        "code": "size",
        "type": "option",
        "name": "Size"
    }
},
{
    "pk": 1,
    "model": "catalogue.productattributevalue",
    "fields": {
        "value_date": null,
        "value_integer": null,
        "product": 2,
        "value_float": null,
        "entity_content_type": null,
        "value_text": null,
        "attribute": 1,
        "value_richtext": null,
        "entity_object_id": null,
        "value_image": "",
        "value_option": 1,
        "value_boolean": null,
        "value_file": ""
    }
},
{
    "pk": 2,
    "model": "catalogue.productattributevalue",
    "fields": {
        "value_date": null,
        "value_integer": null,
        "product": 3,
        "value_float": null,
        "entity_content_type": null,
        "value_text": null,
        "attribute": 1,
        "value_richtext": null,
        "entity_object_id": null,
        "value_image": "",
        "value_option": 2,
        "value_boolean": null,
        "value_file": ""
    }
},
{
    "pk": 3,
    "model": "catalogue.productattributevalue",
    "fields": {
        "value_date": null,
        "value_integer": null,
        "product": 4,
        "value_float": null,
        "entity_content_type": null,
        "value_text": null,
        "attribute": 1,
        "value_richtext": null,
        "entity_object_id": null,
        "value_image": "",
        "value_option": 3,
        "value_boolean": null,
        "value_file": ""
    }
},
{
    "pk": 4,
    "model": "catalogue.productattributevalue",
    "fields": {
        "value_date": null,
        "value_integer": null,
        "product": 6,
        "value_float": null,
        "entity_content_type": null,
        "value_text": null,
        "attribute": 1,
        "value_richtext": null,
        "entity_object_id": null,
        "value_image": "",
        "value_option": 1,
        "value_boolean": null,
        "value_file": ""
    }
},
{
    "pk": 5,
    "model": "catalogue.productattributevalue",
    "fields": {
        "value_date": null,
        "value_integer": null,
        "product": 7,
        "value_float": null,
        "entity_content_type": null,
        "value_text": null,
        "attribute": 1,
        "value_richtext": null,
        "entity_object_id": null,
        "value_image": "",
        "value_option": 2,
        "value_boolean": null,
        "value_file": ""
    }
},
{
    "pk": 6,
    "model": "catalogue.productattributevalue",
    "fields": {
        "value_date": null,
        "value_integer": null,
        "product": 9,
        "value_float": null,
        "entity_content_type": null,
        "value_text": null,
        "attribute": 1,
        "value_richtext": null,
        "entity_object_id": null,
        "value_image": "",
        "value_option": 1,
        "value_boolean": null,
        "value_file": ""
    }
},
{
    "pk": 7,
    "model": "catalogue.productattributevalue",
    "fields": {
        "value_date": null,
        "value_integer": null,
        "product": 10,
        "value_float": null,
        "entity_content_type": null,
        "value_text": null,
        "attribute": 1,
        "value_richtext": null,
        "entity_object_id": null,
        "value_image": "",
        "value_option": 2,
        "value_boolean": null,
        "value_file": ""
    }
},
{
    "pk": 8,
    "model": "catalogue.productattributevalue",
    "fields": {
        "value_date": null,
        "value_integer": null,
        "product": 11,
        "value_float": null,
        "entity_content_type": null,
        "value_text": null,
        "attribute": 1,
        "value_richtext": null,
        "entity_object_id": null,
        "value_image": "",
        "value_option": 3,
        "value_boolean": null,
        "value_file": ""
    }
},
{
    "pk": 1,
    "model": "catalogue.attributeoptiongroup",
    "fields": {
        "name": "Sizes"
    }
},
{
    "pk": 1,
    "model": "catalogue.attributeoption",
    "fields": {
        "group": 1,
        "option": "Small"
    }
},
{
    "pk": 2,
    "model": "catalogue.attributeoption",
    "fields": {
        "group": 1,
        "option": "Medium"
    }
},
{
    "pk": 3,
    "model": "catalogue.attributeoption",
    "fields": {
        "group": 1,
        "option": "Large"
    }
},
{
    "pk": 2,
    "model": "partner.partner",
    "fields": {
        "code": "clothing-partner",
        "name": "Clothing partner",
        "users": []
    }
},
{
    "pk": 1,
    "model": "partner.stockrecord",
    "fields": {
        "price_currency": "GBP",
        "product": 6,
        "partner_sku": "clf-large",
        "date_updated": "2013-12-13T11:37:08.232Z",
        "num_in_stock": 0,
        "num_allocated": null,
        "low_stock_threshold": null,
        "date_created": "2013-12-13T11:37:08.232Z",
        "partner": 2,
        "price": "10"
    }
},
{
    "pk": 2,
    "model": "partner.stockrecord",
    "fields": {
        "price_currency": "GBP",
        "product": 7,
        "partner_sku": "clf-med",
        "date_updated": "2013-12-13T11:37:45.928Z",
        "num_in_stock": 0,
        "num_allocated": null,
        "low_stock_threshold": null,
        "date_created": "2013-12-13T11:37:45.928Z",
        "partner": 2,
        "price": "10"
    }
},
{
    "pk": 3,
    "model": "partner.stockrecord",
    "fields": {
        "price_currency": "GBP",
        "product": 9,
        "partner_sku": "tng-small",
        "date_updated": "2013-12-13T11:38:49.858Z",
        "num_in_stock": 100,
        "num_allocated": null,
        "low_stock_threshold": null,
        "date_created": "2013-12-13T11:38:49.858Z",
        "partner": 2,
        "price": "15"
    }
},
{
    "pk": 4,
    "model": "partner.stockrecord",
    "fields": {
        "price_currency": "GBP",
        "product": 10,
        "partner_sku": "tng-med",
        "date_updated": "2013-12-13T11:39:12.947Z",
        "num_in_stock": 200,
        "num_allocated": null,
        "low_stock_threshold": null,
        "date_created": "2013-12-13T11:39:12.947Z",
        "partner": 2,
        "price": "15"
    }
},
{
    "pk": 5,
    "model": "partner.stockrecord",
    "fields": {
        "price_currency": "GBP",
        "product": 11,
        "partner_sku": "tng-large",
        "date_updated": "2013-12-13T11:39:53.162Z",
        "num_in_stock": 0,
        "num_allocated": null,
        "low_stock_threshold": null,
        "date_created": "2013-12-13T11:39:53.162Z",
        "partner": 2,
        "price": "15"
    }
}
]
