{
  "rasa_nlu_data": {
    "common_examples": [
      {
        "text": "你好",
        "intent": "greet",
        "entities": []
      },
      {
        "text": "你好啊",
        "intent": "greet",
        "entities": []
      },
      {
        "text": "你好吗",
        "intent": "greet",
        "entities": []
      },
      {
        "text": "hello",
        "intent": "greet",
        "entities": []
      },
      {
        "text": "hi",
        "intent": "greet",
        "entities": []
      },
      {
        "text": "早上好",
        "intent": "greet",
        "entities": []
      },
      {
        "text": "晚上好",
        "intent": "greet",
        "entities": []
      },
      {
        "text": "嗨",
        "intent": "greet",
        "entities": []
      },
      {
        "text": "是的",
        "intent": "affirm",
        "entities": []
      },
      {
        "text": "是",
        "intent": "affirm",
        "entities": []
      },
      {
        "text": "对的",
        "intent": "affirm",
        "entities": []
      },
      {
        "text": "确实",
        "intent": "affirm",
        "entities": []
      },
      {
        "text": "好",
        "intent": "affirm",
        "entities": []
      },
      {
        "text": "ok",
        "intent": "affirm",
        "entities": []
      },
      {
        "text": "好的",
        "intent": "affirm",
        "entities": []
      },
      {
        "text": "好的，谢谢你",
        "intent": "affirm",
        "entities": []
      },
      {
        "text": "对的",
        "intent": "affirm",
        "entities": []
      },
      {
        "text": "好滴",
        "intent": "affirm",
        "entities": []
      },
      {
        "text": "好啊",
        "intent": "affirm",
        "entities": []
      },
      
      {
        "text": "bye",
        "intent": "goodbye",
        "entities": []
      },
      {
        "text": "再见",
        "intent": "goodbye",
        "entities": []
      },
      {
        "text": "886",
        "intent": "goodbye",
        "entities": []
      },
      {
        "text": "拜拜",
        "intent": "goodbye",
        "entities": []
      },
      {
        "text": "下次见",
        "intent": "goodbye",
        "entities": []
      },
      {
        "text": "感冒了该吃什么药",
        "intent": "medicine",
        "entities": [
          {
            "start": 0,
            "end": 2,
            "value": "感冒",
            "entity": "disease"
          }
        ]
      },
      {
        "text": "我便秘了，该吃什么药",
        "intent": "medicine",
        "entities": [
          {
            "start": 1,
            "end": 3,
            "value": "便秘",
            "entity": "disease"
          }
        ]
      },
      {
        "text": "我胃痛，该吃什么药",
        "intent": "medicine",
        "entities": [
          {
            "start": 1,
            "end": 3,
            "value": "胃痛",
            "entity": "disease"
          }
        ]
      },
      {
        "text": "一直打喷嚏吃什么药好",
        "intent": "medicine",
        "entities": [
          {
            "start": 2,
            "end": 5,
            "value": "打喷嚏",
            "entity": "disease"
          }
        ]
      },
      {
        "text": "父母都有高血压，我应该推荐他们吃什么药好呢",
        "intent": "medicine",
        "entities": [
          {
            "start": 4,
            "end": 7,
            "value": "高血压",
            "entity": "disease"
          }
        ]
      },
      {
        "text": "我生病了，不知道吃什么药",
        "intent": "medicine",
        "entities": []
      },
      {
        "text": "头上烫烫的，感觉发烧了，该吃什么药好",
        "intent": "medicine",
        "entities": [
          {
            "start": 8,
            "end": 10,
            "value": "发烧",
            "entity": "disease"
          }
        ]
      },
      {
        "text": "头疼该吃什么药",
        "intent": "medicine",
        "entities": [
            {
            "start": 0,
            "end": 2,
            "value": "头疼",
            "entity": "disease"
          }
        ]
      },
      {
        "text": "减肥有什么好的药品推荐吗？",
        "intent": "medicine",
        "entities": []
      },
      {
        "text": "平常应该吃什么药才能预防生病呢",
        "intent": "medicine",
        "entities": []
      },
            {
        "text": "感冒了该吃去哪个科室看病",
        "intent": "medical_department",
        "entities": [
          {
            "start": 0,
            "end": 2,
            "value": "感冒",
            "entity": "disease"
          }
        ]
      },
      {
        "text": "我便秘了，该去挂哪个科室的号",
        "intent": "medical_department",
        "entities": [
          {
            "start": 1,
            "end": 3,
            "value": "便秘",
            "entity": "disease"
          }
        ]
      },
      {
        "text": "我胃痛，该去医院看哪个门诊啊",
        "intent": "medical_department",
        "entities": [
          {
            "start": 1,
            "end": 3,
            "value": "胃痛",
            "entity": "disease"
          }
        ]
      },
      {
        "text": "一直打喷嚏挂哪一个科室的号啊",
        "intent": "medical_department",
        "entities": [
          {
            "start": 2,
            "end": 5,
            "value": "打喷嚏",
            "entity": "disease"
          }
        ]
      },
      {
        "text": "父母都有高血压，我应该推荐他们去哪家医院好呢",
        "intent": "medical_department",
        "entities": [
          {
            "start": 4,
            "end": 7,
            "value": "高血压",
            "entity": "disease"
          }
        ]
      },
      {
        "text": "我生病了，不知道去哪里看病",
        "intent": "medical_department",
        "entities": []
      },
      {
        "text": "头上烫烫的，感觉发烧了，该去看哪个诊所哪个科室好呢",
        "intent": "medical_department",
        "entities": [
          {
            "start": 8,
            "end": 10,
            "value": "发烧",
            "entity": "disease"
          }
        ]
      },
      {
        "text": "头疼该挂哪科",
        "intent": "medical_department",
        "entities": [
            {
            "start": 0,
            "end": 2,
            "value": "头疼",
            "entity": "disease"
          }
        ]
      },
      {
        "text": "减肥有什么好的医院或者健康中心推荐吗？",
        "intent": "medical_department",
        "entities": []
      },
      {
        "text": "想做个体检，有哪家医院或者哪里的诊所或者健康中心比较实惠啊？",
        "intent": "medical_department",
        "entities": []
      }
    ]
  }
}