{
  "rasa_nlu_data": {
    "common_examples": [
      {
        "text": "我想看变形金刚",
        "intent": "movie.search",
        "entities": [
          {
            "start": 3,
            "end": 7,
            "value": "变形金刚",
            "entity": "movie_name"
          }
        ]
      },
      {
        "text": "人民的名义有么",
        "intent": "movie.search",
        "entities": [
          {
            "start": 0,
            "end": 5,
            "value": "人民的名义",
            "entity": "movie_name"
          }
        ]
      },
      {
        "text": "评分8分以上的电影",
        "intent": "movie.search",
        "entities": [
          {
            "start": 2,
            "end": 3,
            "value": "8",
            "entity": "score"
          },
          {
            "start": 7,
            "end": 9,
            "value": "电影",
            "entity": "type"
          }
        ]
      },
      {
        "text": "2015年的影片",
        "intent": "movie.search",
        "entities": [
          {
            "start": 0,
            "end": 4,
            "value": "2015",
            "entity": "year"
          },
          {
            "start": 6,
            "end": 8,
            "value": "影片",
            "entity": "type"
          }
        ]
      },
      {
        "text": "我要看美国的电影",
        "intent": "movie.search",
        "entities": [
          {
            "start": 3,
            "end": 5,
            "value": "美国",
            "entity": "area"
          },
          {
            "start": 6,
            "end": 8,
            "value": "电影",
            "entity": "type"
          }
        ]
      },
      {
        "text": "有没有成龙的电影",
        "intent": "movie.search",
        "entities": [
          {
            "start": 3,
            "end": 5,
            "value": "成龙",
            "entity": "actor"
          },
          {
            "start": 6,
            "end": 8,
            "value": "电影",
            "entity": "type"
          }
        ]
      },
      {
        "text": "有没有林俊杰的电影",
        "intent": "movie.search",
        "entities": [
          {
            "start": 3,
            "end": 6,
            "value": "林俊杰",
            "entity": "actor"
          },
          {
            "start": 7,
            "end": 9,
            "value": "电影",
            "entity": "type"
          }
        ]
      },
      {
        "text": "不要美国的",
        "intent": "movie.filter",
        "entities": [
          {
            "start": 2,
            "end": 4,
            "value": "美国",
            "entity": "DENY_area"
          }
        ]
      },
      {
        "text": "去掉美国的",
        "intent": "movie.filter",
        "entities": [
          {
            "start": 2,
            "end": 4,
            "value": "美国",
            "entity": "DENY_area"
          }
        ]
      },
      {
        "text": "只要美国的",
        "intent": "movie.filter",
        "entities": [
          {
            "start": 2,
            "end": 4,
            "value": "美国",
            "entity": "area"
          }
        ]
      },
      {
        "text": "8分以上的美国电影",
        "intent": "movie.search",
        "entities": [
          {
            "start": 0,
            "end": 1,
            "value": "8",
            "entity": "score"
          },
          {
            "start": 5,
            "end": 7,
            "value": "美国",
            "entity": "area"
          },
          {
            "start": 7,
            "end": 9,
            "value": "电影",
            "entity": "type"
          }
        ]
      },
      {
        "text": "来点音乐吧",
        "intent": "other",
        "entities": []
      },
      {
        "text": "我想买礼物",
        "intent": "other",
        "entities": []
      },
      {
        "text": "北京的天气怎么样",
        "intent": "weather",
        "entities": [
          {
            "start": 0,
            "end": 2,
            "value": "北京",
            "entity": "location"
          }
        ]
      },
      {
        "text": "今天天津的天气如何啊",
        "intent": "weather",
        "entities": [
          {
            "start": 0,
            "end": 2,
            "value": "今天",
            "entity": "date_relative"
          },
          {
            "start": 2,
            "end": 4,
            "value": "天津",
            "entity": "location"
          }
        ]
      },
      {
        "text": "昨天上海的天气",
        "intent": "weather",
        "entities": [
          {
            "start": 0,
            "end": 2,
            "value": "昨天",
            "entity": "date_relative"
          },
          {
            "start": 2,
            "end": 4,
            "value": "上海",
            "entity": "location"
          }
        ]
      },
      {
        "text": "2016年日本的电影",
        "intent": "movie.search",
        "entities": [
          {
            "start": 0,
            "end": 4,
            "value": "2016",
            "entity": "year"
          },
          {
            "start": 5,
            "end": 7,
            "value": "日本",
            "entity": "area"
          },
          {
            "start": 8,
            "end": 10,
            "value": "电影",
            "entity": "type"
          }
        ]
      },
      {
        "text": "来点周润发的电影",
        "intent": "movie.search",
        "entities": [
          {
            "start": 2,
            "end": 5,
            "value": "周润发",
            "entity": "actor"
          },
          {
            "start": 6,
            "end": 8,
            "value": "电影",
            "entity": "type"
          }
        ]
      },
      {
        "text": "推荐个好看的电影",
        "intent": "movie.recommend",
        "entities": [
          {
            "start": 6,
            "end": 8,
            "value": "电影",
            "entity": "type"
          }
        ]
      },
      {
        "text": "最近有什么好看的电影",
        "intent": "movie.recommend",
        "entities": [
          {
            "start": 8,
            "end": 10,
            "value": "电影",
            "entity": "type"
          }
        ]
      },
      {
        "text": "我要看乘风波浪",
        "intent": "movie.search",
        "entities": [
          {
            "start": 3,
            "end": 7,
            "value": "乘风波浪",
            "entity": "movie_name"
          }
        ]
      },
      {
        "text": "我想看恐怖片",
        "intent": "movie.search",
        "entities": [
          {
            "start": 3,
            "end": 6,
            "value": "恐怖片",
            "entity": "categoty"
          }
        ]
      },
      {
        "text": "来一些文艺片",
        "intent": "movie.search",
        "entities": [
          {
            "start": 3,
            "end": 6,
            "value": "文艺片",
            "entity": "categoty"
          }
        ]
      },
      {
        "text": "搜一下国产连续剧",
        "intent": "movie.search",
        "entities": [
          {
            "start": 3,
            "end": 5,
            "value": "国产",
            "entity": "area"
          },
          {
            "start": 5,
            "end": 8,
            "value": "连续剧",
            "entity": "type"
          }
        ]
      },
      {
        "text": "有没有免费的电影",
        "intent": "movie.search",
        "entities": [
          {
            "start": 3,
            "end": 5,
            "value": "免费",
            "entity": "price"
          },
          {
            "start": 6,
            "end": 8,
            "value": "电影",
            "entity": "type"
          }
        ]
      },
      {
        "text": "我想看vip影片",
        "intent": "movie.search",
        "entities": [
          {
            "start": 3,
            "end": 6,
            "value": "vip",
            "entity": "price"
          },
          {
            "start": 6,
            "end": 8,
            "value": "影片",
            "entity": "type"
          }
        ]
      },
      {
        "text": "好评如潮的电视剧",
        "intent": "movie.search",
        "entities": [
          {
            "start": 0,
            "end": 2,
            "value": "好评",
            "entity": "score"
          },
          {
            "start": 5,
            "end": 8,
            "value": "电视剧",
            "entity": "type"
          }
        ]
      },
      {
        "text": "刘诗诗演的电视剧",
        "intent": "movie.search",
        "entities": [
          {
            "start": 0,
            "end": 3,
            "value": "刘诗诗",
            "entity": "actor"
          },
          {
            "start": 5,
            "end": 8,
            "value": "电视剧",
            "entity": "type"
          }
        ]
      },
      {
        "text": "我想看成龙和刘德华一起演的电影",
        "intent": "movie.search",
        "entities": [
          {
            "start": 3,
            "end": 5,
            "value": "成龙",
            "entity": "actor"
          },
          {
            "start": 6,
            "end": 9,
            "value": "刘德华",
            "entity": "actor"
          },
          {
            "start": 13,
            "end": 15,
            "value": "电影",
            "entity": "type"
          }
        ]
      },
      {
        "text": "赵丽颖和林更新演的电视剧",
        "intent": "movie.search",
        "entities": [
          {
            "start": 0,
            "end": 3,
            "value": "赵丽颖",
            "entity": "actor"
          },
          {
            "start": 4,
            "end": 7,
            "value": "林更新",
            "entity": "actor"
          },
          {
            "start": 9,
            "end": 12,
            "value": "电视剧",
            "entity": "type"
          }
        ]
      },
      {
        "text": "帮我找点适合小孩看的动画片",
        "intent": "movie.search",
        "entities": [
          {
            "start": 6,
            "end": 8,
            "value": "小孩",
            "entity": "tag"
          },
          {
            "start": 10,
            "end": 13,
            "value": "动画片",
            "entity": "categoty"
          }
        ]
      },
      {
        "text": "适合情侣一起看的电影",
        "intent": "movie.search",
        "entities": [
          {
            "start": 2,
            "end": 4,
            "value": "情侣",
            "entity": "tag"
          },
          {
            "start": 8,
            "end": 10,
            "value": "电影",
            "entity": "type"
          }
        ]
      },
      {
        "text": "人民的名义第5集",
        "intent": "movie.search",
        "entities": [
          {
            "start": 0,
            "end": 5,
            "value": "人民的名义",
            "entity": "movie_name"
          },
          {
            "start": 6,
            "end": 7,
            "value": "5",
            "entity": "n_episode"
          }
        ]
      },
      {
        "text": "我们结婚吧第1季第5集",
        "intent": "movie.search",
        "entities": [
          {
            "start": 0,
            "end": 5,
            "value": "我们结婚吧",
            "entity": "movie_name"
          },
          {
            "start": 6,
            "end": 7,
            "value": "1",
            "entity": "n_seathon"
          },
          {
            "start": 9,
            "end": 10,
            "value": "5",
            "entity": "n_episode"
          }
        ]
      },
      {
        "text": "暗黑者第3季",
        "intent": "movie.search",
        "entities": [
          {
            "start": 0,
            "end": 3,
            "value": "暗黑者",
            "entity": "movie_name"
          },
          {
            "start": 4,
            "end": 5,
            "value": "3",
            "entity": "n_seathon"
          }
        ]
      }
    ]
  }
}