{
    "generator-jhipster": {
        "applicationType": "monolith",
        "authenticationType": "session",
        "baseName": "sampleReactCassandraSessionRedis",
        "blueprints": [],
        "buildTool": "maven",
        "cacheProvider": "redis",
        "clientFramework": "react",
        "clientPackageManager": "npm",
        "clientTheme": "none",
        "clientThemeVariant": "",
        "creationTimestamp": 1596513172471,
        "databaseType": "cassandra",
        "devDatabaseType": "cassandra",
        "dtoSuffix": "DTO",
        "embeddableLaunchScript": false,
        "enableHibernateCache": false,
        "enableSwaggerCodegen": false,
        "enableTranslation": true,
        "entitySuffix": "",
        "jhiPrefix": "jhi",
        "languages": ["en", "fr"],
        "messageBroker": "no",
        "nativeLanguage": "en",
        "otherModules": [],
        "packageFolder": "tech/jhipster/sample",
        "packageName": "tech.jhipster.sample",
        "prodDatabaseType": "cassandra",
        "rememberMeKey": "a5e93fdeb16e2ee2dc4a629b5dbdabb30f968e418dfc0483c53afdc695cfac96d06cf5c581cbefb93e3aaa241880857fcafe",
        "searchEngine": "no",
        "serverPort": "8080",
        "serviceDiscoveryType": "no",
        "testFrameworks": ["gatling", "cypress"],
        "websocket": "no"
    }
}
