[
  {
    "extension": "revapi.java",
    "id": "java",
    "configuration": {
      "reportUsesFor": "all-differences",
      "missing-classes": {
        "behavior": "ignore",
        "ignoreMissingAnnotations": true
      },
      "matchOverloads": false
    }
  },
  {
    "extension": "revapi.versions",
    "id": "version",
    "configuration": {
      "enabled": true,
      "passThroughDifferences": [
        "java.class.nonPublicPartOfAPI"
      ],
      "versionIncreaseAllows": {
        "major": {
          "severity": "BREAKING"
        },
        "minor": {
          "classification": {
            "BINARY": "NON_BREAKING",
            "SOURCE": "BREAKING",
            "SEMANTIC": "BREAKING",
            "OTHER": "BREAKING"
          }
        },
        "patch": {
          "classification": {
            "BINARY": "NON_BREAKING",
            "SOURCE": "BREAKING",
            "SEMANTIC": "BREAKING",
            "OTHER": "BREAKING"
          }
        }
      },
      "onAllowed": {
        "classification": {
          "BINARY": "EQUIVALENT",
          "SOURCE": "EQUIVALENT",
          "SEMANTIC": "EQUIVALENT",
          "OTHER": "EQUIVALENT"
        },
        "justification": "Allowed due to semantic versioning rules"
      }
    }
  },
  {
    "extension": "revapi.differences",
    "id": "differences",
    "configuration": {
      "ignore": true
    }
  },
  {
    "extension": "revapi.filter",
    "id": "filter",
    "configuration": {}
  }
]
