<?xml version="1.0" encoding="UTF-8"?>
<!--
  ~ Licensed to the Apache Software Foundation (ASF) under one
  ~ or more contributor license agreements.  See the NOTICE file
  ~ distributed with this work for additional information
  ~ regarding copyright ownership.  The ASF licenses this file
  ~ to you under the Apache License, Version 2.0 (the
  ~ "License"); you may not use this file except in compliance
  ~ with the License.  You may obtain a copy of the License at
  ~
  ~   http://www.apache.org/licenses/LICENSE-2.0
  ~
  ~ Unless required by applicable law or agreed to in writing,
  ~ software distributed under the License is distributed on an
  ~ "AS IS" BASIS, WITHOUT WARRANTIES OR CONDITIONS OF ANY
  ~ KIND, either express or implied.  See the License for the
  ~ specific language governing permissions and limitations
  ~ under the License.
  -->

<configuration>
    <property name="log.dir" value="${addax.log}/" />
    <!-- Suppress all internal status messages -->
    <statusListener class="ch.qos.logback.core.status.NopStatusListener" />

    <!-- Console appender configuration -->
    <if condition='!isDefined("console.enabled") || "${console.enabled}" == "true"' >
        <then>
            <appender name="STDOUT" class="ch.qos.logback.core.ConsoleAppender">
                <withJansi>true</withJansi>
                <!-- force use System.out to cooperate with other outputs -->
                <target>System.out</target>
                <!-- add sync to avoid jumbled output in multi-thread environment -->
                <immediateFlush>true</immediateFlush>
                <encoder class="ch.qos.logback.classic.encoder.PatternLayoutEncoder">
                    <pattern>
                        %cyan(%d{yyyy-MM-dd HH:mm:ss.SSS}) %green([%12thread]) %highlight(%-5level) %magenta(%-20logger{0}) - %msg%n
                    </pattern>
                </encoder>
            </appender>
            <root level="${logLevel:-INFO}">
                <appender-ref ref="STDOUT" />
            </root>
        </then>
    </if>

    <!-- File appender configuration -->
    <appender name="FILE" class="ch.qos.logback.core.FileAppender">
        <file>${log.dir}/${log.file.name}</file>
        <append>false</append>
        <!-- 确保文件输出独立于控制台输出 -->
        <immediateFlush>true</immediateFlush>
        <encoder class="ch.qos.logback.classic.encoder.PatternLayoutEncoder">
            <pattern>%d{yyyy-MM-dd HH:mm:ss.SSS} [%12thread] %-5level %-20logger{0} - %msg%n
            </pattern>
        </encoder>
    </appender>

    <!-- disable mongodb driver monitor mass log -->
    <logger name="org.mongodb.driver" level="WARN"> </logger>
    <!-- disable hadoop aws metrics info -->
    <Logger name="org.apache.hadoop.metrics2.impl.MetricsSystemImpl" level="WARN" />

    <root level="${loglevel:-INFO}">
        <appender-ref ref="FILE" />
    </root>
</configuration>