{
    "sequential_data_path": "../data/ml1m/sequential_data.txt",
    "candidate_data_path": "../data/ml1m/negative_samples_pop.txt",
    "meta_data_path": "../data/ml1m/metadata.json",
    "cf_data_path": "../data/ml1m/MF_CF_candidate_pop.json",
    "topk": 200,
    "max_his_len": 50,
    "template": [
        "You are a movie recommender system now.\n",
        "Here is the watching history of a user in the past in order:\n",
        "{sequential_title}",
        "Now there are 20 candidate movies that this user can watch next:\n",
        "{candidate_title}",
        
        "To help you generate better recommendation, I will provide you with some collaborative filtering information related to this user's historical watched movies on this platform. For each historical watched movie, I will give you its most frequently co-watched movies in the candidate list by all users.\n",
        "{CF_text}",

        "Please rank the 20 candidate movies by measuring the possibilities that this user would like to watch next most, according to the provided watching history and the CF information. Please think step by step.\n",
        "Your output is only allowed to be a rerank of the candidate list. Do not add movies out of the candidate list.\n",
        "Please give the results as JSON array (from highest to lowest priority, movie names only): "
    ]
}