{
    "sequential_data_path": "../data/ml1m/sequential_data.txt",
    "candidate_data_path": "../data/ml1m/negative_samples_pop.txt",
    "meta_data_path": "../data/ml1m/metadata.json",
    "u2i_data_path": "../data/ml1m/SASRec_U2I_candidate_pop.json",
    "topk": 200,
    "max_his_len": 50,
    "template": [
        "I've watched the following movies in the past in order:\n",
        "{sequential_title}",
        "Now there are 20 candidate movies that I can watch next:\n",
        "{candidate_title}",
        
        "In order for you to make better recommendations, I will give you some movies that I may be interested in in the candidate list according to my history, and ranked in descending order. They are:",
        "{U2I_text}",

        "Please rank the 20 candidate movies by measuring the possibilities that I would like to watch next most, according to my watching history and the interested movies. Please think step by step.\n",
        "Note that my most recently watched movie is ",
        "{last_title}",
        "Your output is only allowed to be a rerank of the candidate list. Do not add movies out of the candidate list.\n",
        "Please give the results as JSON array (from highest to lowest priority, movie names only): "
    ]
}