{
    "author": {
        "name": "nerds"
    },
    "name": "twitter",
    "description": "Twitter Connector",
    "version": "0.0.14",
    "engines": {
        "node": ">=0.4.9"
    },
    "dependencies": {},
    "devDependencies": {},
    "title": "Twitter",
    "handle": "twitter",
    "update": "auto",
    "github": "https://github.com/LockerProject/Locker",
    "type": "connector",
    "static": "false",
    "oauthSize": {
        "width": 630,
        "height": 500
    },
    "url": "",
    "synclets": [
        {
            "name": "self",
            "frequency": 7200
        },
        {
            "name": "friends",
            "frequency": 3600
        },
        {
            "name": "tweets",
            "frequency": 600
        },
        {
            "name": "timeline",
            "frequency": 120
        },
        {
            "name": "mentions",
            "frequency": 600
        },
        {
            "name": "related",
            "frequency": 3600
        },
        {
            "name": "tweet"
        }
    ],
    "provides": [
        "contact/twitter",
        "mentions/twitter",
        "related/twitter",
        "timeline/twitter",
        "tweets/twitter"
    ],
    "mongoId": {
        "timeline": "id_str",
        "tweets": "id_str",
        "mentions": "id_str"
    },
    "types": {
        "timeline": "tweet",
        "tweets": "tweet",
        "self": "contact",
        "mentions": "tweet"
    },
    "profileIds": [
        "id_str",
        "screen_name"
    ],
    "strip": {
        "contact": [
            "status"
        ]
    },
    "vm": true,
    "upserted": 1768097745337,
    "manifest": "Connectors/Twitter/package.json",
    "srcdir": "Connectors/Twitter",
    "provider": "twitter",
    "id": "twitter",
    "installed": 1768094646013,
    "uri": "http://localhost:8042/Me/twitter/",
    "externalUri": "http://localhost:40271/Me/twitter/",
    "loaded": 1768097745329
}