[
  {
    "type": "file",
    "name": "index",
    "label": "API Overview",
    "context": "api-overview"
  },
  {
    "type": "dir",
    "name": "config",
    "label": "Config",
    "context": "config"
  },
  {
    "type": "dir",
    "name": "client-api",
    "label": "Client API",
    "context": "client-api"
  },
  {
    "type": "custom-link",
    "label": "Rspack Official Docsite",
    "link": "https://rspack.rs/",
    "context": "rspack-official-docsite-custom-link"
  },
  {
    "type": "dir",
    "name": "link",
    "label": "Link"
  },
  "commands",
  "single-page",
  {
    "type": "section-header",
    "label": "Section Header"
  },
  {
    "type": "dir-section-header",
    "name": "section-header",
    "label": "Dir Section Header"
  }
]
