{
  "name": "",
  "css_prefix_text": "icon-",
  "css_use_suffix": false,
  "hinting": true,
  "units_per_em": 1000,
  "ascent": 850,
  "glyphs": [
    {
      "uid": "72109d2fb3088d0e66ea6a9204297651",
      "css": "spin1",
      "code": 59458,
      "src": "fontelico"
    },
    {
      "uid": "f0c301ac841dafc38d8eb1b933fc73e5",
      "css": "spin2",
      "code": 59493,
      "src": "fontelico"
    },
    {
      "uid": "2a6740fc2f9d0edea54205963f662594",
      "css": "spin3",
      "code": 59498,
      "src": "fontelico"
    },
    {
      "uid": "9bd60140934a1eb9236fd7a8ab1ff6ba",
      "css": "spin4",
      "code": 59499,
      "src": "fontelico"
    },
    {
      "uid": "5d2d07f112b8de19f2c0dbfec3e42c05",
      "css": "spin5",
      "code": 59503,
      "src": "fontelico"
    },
    {
      "uid": "9bc2902722abb366a213a052ade360bc",
      "css": "spin6",
      "code": 59504,
      "src": "fontelico"
    },
    {
      "uid": "9ea0a737ccc45d6c510dcbae56058849",
      "css": "music",
      "code": 59438,
      "src": "fontawesome"
    },
    {
      "uid": "9dd9e835aebe1060ba7190ad2b2ed951",
      "css": "search",
      "code": 59751,
      "src": "fontawesome"
    },
    {
      "uid": "bf882b30900da12fca090d9796bc3030",
      "css": "mail",
      "code": 59392,
      "src": "fontawesome"
    },
    {
      "uid": "ccc2329632396dc096bb638d4b46fb98",
      "css": "mail-alt",
      "code": 59750,
      "src": "fontawesome"
    },
    {
      "uid": "d73eceadda1f594cec0536087539afbf",
      "css": "heart",
      "code": 59749,
      "src": "fontawesome"
    },
    {
      "uid": "f3dc2d6d8fe9cf9ebff84dc260888cdf",
      "css": "heart-empty",
      "code": 59748,
      "src": "fontawesome"
    },
    {
      "uid": "474656633f79ea2f1dad59ff63f6bf07",
      "css": "star",
      "code": 59393,
      "src": "fontawesome"
    },
    {
      "uid": "d17030afaecc1e1c22349b99f3c4992a",
      "css": "star-empty",
      "code": 59394,
      "src": "fontawesome"
    },
    {
      "uid": "8f8278fbe5a2a0ea836be3c408b005d2",
      "css": "star-half",
      "code": 59395,
      "src": "fontawesome"
    },
    {
      "uid": "84cf1fcc3fec556e7eaeb19679ca2dc9",
      "css": "star-half-alt",
      "code": 59396,
      "src": "fontawesome"
    },
    {
      "uid": "8b80d36d4ef43889db10bc1f0dc9a862",
      "css": "user",
      "code": 59397,
      "src": "fontawesome"
    },
    {
      "uid": "31972e4e9d080eaa796290349ae6c1fd",
      "css": "users",
      "code": 59688,
      "src": "fontawesome"
    },
    {
      "uid": "ca2d64f8a3ea7cbf6af45898b2dcf35e",
      "css": "male",
      "code": 59689,
      "src": "fontawesome"
    },
    {
      "uid": "9bf7e14698cccdca37a6f1a02cf7d79e",
      "css": "female",
      "code": 59690,
      "src": "fontawesome"
    },
    {
      "uid": "872d9516df93eb6b776cc4d94bd97dac",
      "css": "video",
      "code": 59691,
      "src": "fontawesome"
    },
    {
      "uid": "0f99ab40ab0b4d64a74f2d0deeb03e42",
      "css": "videocam",
      "code": 59692,
      "src": "fontawesome"
    },
    {
      "uid": "381da2c2f7fd51f8de877c044d7f439d",
      "css": "picture",
      "code": 59693,
      "src": "fontawesome"
    },
    {
      "uid": "dc3f1d5b1d006f7f7b3b6295eccab9da",
      "css": "camera",
      "code": 59694,
      "src": "fontawesome"
    },
    {
      "uid": "9d3d9d6ce1ec63eaa26281e6162853c9",
      "css": "camera-alt",
      "code": 59695,
      "src": "fontawesome"
    },
    {
      "uid": "dd492243d64e21dfe16a92452f7861cb",
      "css": "th-large",
      "code": 59409,
      "src": "fontawesome"
    },
    {
      "uid": "b1887b423d2fd15c345e090320c91ca0",
      "css": "th",
      "code": 59410,
      "src": "fontawesome"
    },
    {
      "uid": "f805bb95d40c7ef2bc51b3d50d4f2e5c",
      "css": "th-list",
      "code": 59411,
      "src": "fontawesome"
    },
    {
      "uid": "12f4ece88e46abd864e40b35e05b11cd",
      "css": "ok",
      "code": 59412,
      "src": "fontawesome"
    },
    {
      "uid": "43ab845088317bd348dee1d975700c48",
      "css": "ok-circled",
      "code": 59413,
      "src": "fontawesome"
    },
    {
      "uid": "ad33e708f4d2e25c5056c931da1528d6",
      "css": "ok-circled2",
      "code": 59414,
      "src": "fontawesome"
    },
    {
      "uid": "1400d5103edd2fa6d2d61688fee79a5a",
      "css": "ok-squared",
      "code": 59415,
      "src": "fontawesome"
    },
    {
      "uid": "5211af474d3a9848f67f945e2ccaf143",
      "css": "cancel",
      "code": 59696,
      "src": "fontawesome"
    },
    {
      "uid": "0f4cae16f34ae243a6144c18a003f2d8",
      "css": "cancel-circled",
      "code": 59697,
      "src": "fontawesome"
    },
    {
      "uid": "2e2dba0307a502a8507c1729084c7ab5",
      "css": "cancel-circled2",
      "code": 59698,
      "src": "fontawesome"
    },
    {
      "uid": "44e04715aecbca7f266a17d5a7863c68",
      "css": "plus",
      "code": 59699,
      "src": "fontawesome"
    },
    {
      "uid": "4ba33d2607902cf690dd45df09774cb0",
      "css": "plus-circled",
      "code": 59700,
      "src": "fontawesome"
    },
    {
      "uid": "1a5cfa186647e8c929c2b17b9fc4dac1",
      "css": "plus-squared",
      "code": 59701,
      "src": "fontawesome"
    },
    {
      "uid": "861ab06e455e2de3232ebef67d60d708",
      "css": "minus",
      "code": 59703,
      "src": "fontawesome"
    },
    {
      "uid": "eeadb020bb75d089b25d8424aabe19e0",
      "css": "minus-circled",
      "code": 59704,
      "src": "fontawesome"
    },
    {
      "uid": "f755a58fb985eeb70bd47d9b31892a34",
      "css": "minus-squared",
      "code": 59705,
      "src": "fontawesome"
    },
    {
      "uid": "18ef25350258541e8e54148ed79845c0",
      "css": "minus-squared-alt",
      "code": 59706,
      "src": "fontawesome"
    },
    {
      "uid": "ce3cf091d6ebd004dd0b52d24074e6e3",
      "css": "help",
      "code": 59708,
      "src": "fontawesome"
    },
    {
      "uid": "17ebadd1e3f274ff0205601eef7b9cc4",
      "css": "help-circled",
      "code": 59416,
      "src": "fontawesome"
    },
    {
      "uid": "e82cedfa1d5f15b00c5a81c9bd731ea2",
      "css": "info-circled",
      "code": 59417,
      "src": "fontawesome"
    },
    {
      "uid": "3d4ea8a78dc34efe891f3a0f3d961274",
      "css": "info",
      "code": 59418,
      "src": "fontawesome"
    },
    {
      "uid": "d7271d490b71df4311e32cdacae8b331",
      "css": "home",
      "code": 59419,
      "src": "fontawesome"
    },
    {
      "uid": "0ddd3e8201ccc7d41f7b7c9d27eca6c1",
      "css": "link",
      "code": 59420,
      "src": "fontawesome"
    },
    {
      "uid": "1dcd2b2148b7f086a4eb47f6a746bdee",
      "css": "unlink",
      "code": 59421,
      "src": "fontawesome"
    },
    {
      "uid": "e15f0d620a7897e2035c18c80142f6d9",
      "css": "link-ext",
      "code": 59422,
      "src": "fontawesome"
    },
    {
      "uid": "e35de5ea31cd56970498e33efbcb8e36",
      "css": "link-ext-alt",
      "code": 59709,
      "src": "fontawesome"
    },
    {
      "uid": "0d6ab6194c0eddda2b8c9cedf2ab248e",
      "css": "attach",
      "code": 59710,
      "src": "fontawesome"
    },
    {
      "uid": "5b0772e9484a1a11646793a82edd622a",
      "css": "pin",
      "code": 59714,
      "src": "fontawesome"
    },
    {
      "uid": "c5fd349cbd3d23e4ade333789c29c729",
      "css": "eye",
      "code": 59715,
      "src": "fontawesome"
    },
    {
      "uid": "7fd683b2c518ceb9e5fa6757f2276faa",
      "css": "eye-off",
      "code": 59716,
      "src": "fontawesome"
    },
    {
      "uid": "3db5347bd219f3bce6025780f5d9ef45",
      "css": "tag",
      "code": 59717,
      "src": "fontawesome"
    },
    {
      "uid": "a3f89e106175a5c5c4e9738870b12e55",
      "css": "tags",
      "code": 59718,
      "src": "fontawesome"
    },
    {
      "uid": "f04a5d24e9e659145b966739c4fde82a",
      "css": "bookmark",
      "code": 59719,
      "src": "fontawesome"
    },
    {
      "uid": "2f5ef6f6b7aaebc56458ab4e865beff5",
      "css": "bookmark-empty",
      "code": 59720,
      "src": "fontawesome"
    },
    {
      "uid": "57a0ac800df728aad61a7cf9e12f5fef",
      "css": "flag",
      "code": 59721,
      "src": "fontawesome"
    },
    {
      "uid": "6c83092421441296f5c4e8074b0cf32c",
      "css": "flag-empty",
      "code": 59423,
      "src": "fontawesome"
    },
    {
      "uid": "d7a614bd701f6712e8e3b2be124899e1",
      "css": "flag-checkered",
      "code": 59424,
      "src": "fontawesome"
    },
    {
      "uid": "acf41aa4018e58d49525665469e35665",
      "css": "thumbs-up",
      "code": 59425,
      "src": "fontawesome"
    },
    {
      "uid": "7533e68038fc6d520ede7a7ffa0a2f64",
      "css": "thumbs-down",
      "code": 59426,
      "src": "fontawesome"
    },
    {
      "uid": "5e2ab018e3044337bcef5f7e94098ea1",
      "css": "thumbs-up-alt",
      "code": 59427,
      "src": "fontawesome"
    },
    {
      "uid": "ddcd918b502642705838815d40aea9e3",
      "css": "thumbs-down-alt",
      "code": 59428,
      "src": "fontawesome"
    },
    {
      "uid": "9a76bc135eac17d2c8b8ad4a5774fc87",
      "css": "download",
      "code": 59429,
      "src": "fontawesome"
    },
    {
      "uid": "eeec3208c90b7b48e804919d0d2d4a41",
      "css": "upload",
      "code": 59722,
      "src": "fontawesome"
    },
    {
      "uid": "f5999a012fc3752386635ec02a858447",
      "css": "download-cloud",
      "code": 59723,
      "src": "fontawesome"
    },
    {
      "uid": "de2fc7a5c986ab8c622f63455d7cf814",
      "css": "upload-cloud",
      "code": 59724,
      "src": "fontawesome"
    },
    {
      "uid": "c6be5a58ee4e63a5ec399c2b0d15cf2c",
      "css": "reply",
      "code": 59725,
      "src": "fontawesome"
    },
    {
      "uid": "1b5597a3bacaeca6600e88ae36d02e0a",
      "css": "reply-all",
      "code": 59726,
      "src": "fontawesome"
    },
    {
      "uid": "3d39c828009c04ddb6764c0b04cd2439",
      "css": "forward",
      "code": 59727,
      "src": "fontawesome"
    },
    {
      "uid": "ab95e1351ebaec5850101097cbf7097f",
      "css": "quote-left",
      "code": 59728,
      "src": "fontawesome"
    },
    {
      "uid": "d745d7c05b94e609decabade2cae12cb",
      "css": "quote-right",
      "code": 59729,
      "src": "fontawesome"
    },
    {
      "uid": "7034e4d22866af82bef811f52fb1ba46",
      "css": "code",
      "code": 59730,
      "src": "fontawesome"
    },
    {
      "uid": "895405dfac8a3b7b2f23b183c6608ee6",
      "css": "export",
      "code": 59731,
      "src": "fontawesome"
    },
    {
      "uid": "13b9eebfea581ad8e756ee7a18a7cba8",
      "css": "export-alt",
      "code": 59732,
      "src": "fontawesome"
    },
    {
      "uid": "d35a1d35efeb784d1dc9ac18b9b6c2b6",
      "css": "pencil",
      "code": 59733,
      "src": "fontawesome"
    },
    {
      "uid": "44fae3bfdd54754dc68ec50d37efea37",
      "css": "pencil-squared",
      "code": 59734,
      "src": "fontawesome"
    },
    {
      "uid": "41087bc74d4b20b55059c60a33bf4008",
      "css": "edit",
      "code": 59430,
      "src": "fontawesome"
    },
    {
      "uid": "7277ded7695b2a307a5f9d50097bb64c",
      "css": "print",
      "code": 59431,
      "src": "fontawesome"
    },
    {
      "uid": "09feb4465d9bd1364f4e301c9ddbaa92",
      "css": "retweet",
      "code": 59432,
      "src": "fontawesome"
    },
    {
      "uid": "ecb97add13804c190456025e43ec003b",
      "css": "keyboard",
      "code": 59433,
      "src": "fontawesome"
    },
    {
      "uid": "0133387f2069a1b3168942b84d81dd3a",
      "css": "gamepad",
      "code": 59434,
      "src": "fontawesome"
    },
    {
      "uid": "85528017f1e6053b2253785c31047f44",
      "css": "comment",
      "code": 59435,
      "src": "fontawesome"
    },
    {
      "uid": "dcedf50ab1ede3283d7a6c70e2fe32f3",
      "css": "chat",
      "code": 59436,
      "src": "fontawesome"
    },
    {
      "uid": "9c1376672bb4f1ed616fdd78a23667e9",
      "css": "comment-empty",
      "code": 59735,
      "src": "fontawesome"
    },
    {
      "uid": "31951fbb9820ed0690f675b3d495c8da",
      "css": "chat-empty",
      "code": 59736,
      "src": "fontawesome"
    },
    {
      "uid": "cd21cbfb28ad4d903cede582157f65dc",
      "css": "bell",
      "code": 59737,
      "src": "fontawesome"
    },
    {
      "uid": "671f29fa10dda08074a4c6a341bb4f39",
      "css": "bell-alt",
      "code": 59738,
      "src": "fontawesome"
    },
    {
      "uid": "00391fac5d419345ffcccd95b6f76263",
      "css": "attention-alt",
      "code": 59739,
      "src": "fontawesome"
    },
    {
      "uid": "c76b7947c957c9b78b11741173c8349b",
      "css": "attention",
      "code": 59740,
      "src": "fontawesome"
    },
    {
      "uid": "b035c28eba2b35c6ffe92aee8b0df507",
      "css": "attention-circled",
      "code": 59741,
      "src": "fontawesome"
    },
    {
      "uid": "0d08dbb1dd648a43bdea81b7e6c9e036",
      "css": "location",
      "code": 59742,
      "src": "fontawesome"
    },
    {
      "uid": "921e3974e54ff9e8b7cd906a3dc74636",
      "css": "direction",
      "code": 59743,
      "src": "fontawesome"
    },
    {
      "uid": "e5d624264734620fa9f98d59e6dc941f",
      "css": "compass",
      "code": 59744,
      "src": "fontawesome"
    },
    {
      "uid": "f48ae54adfb27d8ada53d0fd9e34ee10",
      "css": "trash",
      "code": 59745,
      "src": "fontawesome"
    },
    {
      "uid": "1b5a5d7b7e3c71437f5a26befdd045ed",
      "css": "doc",
      "code": 59746,
      "src": "fontawesome"
    },
    {
      "uid": "c8585e1e5b0467f28b70bce765d5840c",
      "css": "docs",
      "code": 59747,
      "src": "fontawesome"
    },
    {
      "uid": "5408be43f7c42bccee419c6be53fdef5",
      "css": "doc-text",
      "code": 59653,
      "src": "fontawesome"
    },
    {
      "uid": "178053298e3e5b03551d754d4b9acd8b",
      "css": "doc-inv",
      "code": 59654,
      "src": "fontawesome"
    },
    {
      "uid": "c08a1cde48d96cba21d8c05fa7d7feb1",
      "css": "doc-text-inv",
      "code": 59655,
      "src": "fontawesome"
    },
    {
      "uid": "f8aa663c489bcbd6e68ec8147dca841e",
      "css": "folder",
      "code": 59656,
      "src": "fontawesome"
    },
    {
      "uid": "c95735c17a10af81448c7fed98a04546",
      "css": "folder-open",
      "code": 59669,
      "src": "fontawesome"
    },
    {
      "uid": "b091a8bd0fdade174951f17d936f51e4",
      "css": "folder-empty",
      "code": 59670,
      "src": "fontawesome"
    },
    {
      "uid": "6533bdc16ab201eb3f3b27ce989cab33",
      "css": "folder-open-empty",
      "code": 59673,
      "src": "fontawesome"
    },
    {
      "uid": "04ff8d6592fe548b332b27ed87ce397a",
      "css": "box",
      "code": 59674,
      "src": "fontawesome"
    },
    {
      "uid": "72b1277834cba5b7944b0a6cac7ddb0d",
      "css": "rss",
      "code": 59675,
      "src": "fontawesome"
    },
    {
      "uid": "de5f0a564ccf8816325330e292e11533",
      "css": "rss-squared",
      "code": 59676,
      "src": "fontawesome"
    },
    {
      "uid": "9f7e588c66cfd6891f6f507cf6f6596b",
      "css": "phone",
      "code": 59677,
      "src": "fontawesome"
    },
    {
      "uid": "ec488dfd1f548948c09671ca5a60ec92",
      "css": "phone-squared",
      "code": 59678,
      "src": "fontawesome"
    },
    {
      "uid": "559647a6f430b3aeadbecd67194451dd",
      "css": "menu",
      "code": 59679,
      "src": "fontawesome"
    },
    {
      "uid": "e99461abfef3923546da8d745372c995",
      "css": "cog",
      "code": 59680,
      "src": "fontawesome"
    },
    {
      "uid": "98687378abd1faf8f6af97c254eb6cd6",
      "css": "cog-alt",
      "code": 59681,
      "src": "fontawesome"
    },
    {
      "uid": "5bb103cd29de77e0e06a52638527b575",
      "css": "wrench",
      "code": 59682,
      "src": "fontawesome"
    },
    {
      "uid": "9affc98d652b86628d650ee58dbf0357",
      "css": "basket",
      "code": 59683,
      "src": "fontawesome"
    },
    {
      "uid": "531bc468eecbb8867d822f1c11f1e039",
      "css": "calendar",
      "code": 59684,
      "src": "fontawesome"
    },
    {
      "uid": "ead4c82d04d7758db0f076584893a8c1",
      "css": "calendar-empty",
      "code": 59685,
      "src": "fontawesome"
    },
    {
      "uid": "3a00327e61b997b58518bd43ed83c3df",
      "css": "login",
      "code": 59686,
      "src": "fontawesome"
    },
    {
      "uid": "0d20938846444af8deb1920dc85a29fb",
      "css": "logout",
      "code": 59657,
      "src": "fontawesome"
    },
    {
      "uid": "19c50c52858a81de58f9db488aba77bc",
      "css": "mic",
      "code": 59658,
      "src": "fontawesome"
    },
    {
      "uid": "43c629249e2cca7e73cd4ef410c9551f",
      "css": "mute",
      "code": 59659,
      "src": "fontawesome"
    },
    {
      "uid": "e44601720c64e6bb6a2d5cba6b0c588c",
      "css": "volume-off",
      "code": 59660,
      "src": "fontawesome"
    },
    {
      "uid": "fee6e00f36e8ca8ef3e4a62caa213bf6",
      "css": "volume-down",
      "code": 59671,
      "src": "fontawesome"
    },
    {
      "uid": "76857a03fbaa6857fe063b6c25aa98ed",
      "css": "volume-up",
      "code": 59672,
      "src": "fontawesome"
    },
    {
      "uid": "f27bba41a700af51a4dd23cf4edea61d",
      "css": "headphones",
      "code": 59559,
      "src": "fontawesome"
    },
    {
      "uid": "598a5f2bcf3521d1615de8e1881ccd17",
      "css": "clock",
      "code": 59560,
      "src": "fontawesome"
    },
    {
      "uid": "5278ef7773e948d56c4d442c8c8c98cf",
      "css": "lightbulb",
      "code": 59561,
      "src": "fontawesome"
    },
    {
      "uid": "98d9c83c1ee7c2c25af784b518c522c5",
      "css": "block",
      "code": 59562,
      "src": "fontawesome"
    },
    {
      "uid": "e594fc6e5870b4ab7e49f52571d52577",
      "css": "resize-full",
      "code": 59563,
      "src": "fontawesome"
    },
    {
      "uid": "b013f6403e5ab0326614e68d1850fd6b",
      "css": "resize-full-alt",
      "code": 59564,
      "src": "fontawesome"
    },
    {
      "uid": "3c24ee33c9487bbf18796ca6dffa1905",
      "css": "resize-small",
      "code": 59565,
      "src": "fontawesome"
    },
    {
      "uid": "d3b3f17bc3eb7cd809a07bbd4d178bee",
      "css": "resize-vertical",
      "code": 59566,
      "src": "fontawesome"
    },
    {
      "uid": "3c73d058e4589b65a8d959c0fc8f153d",
      "css": "resize-horizontal",
      "code": 59567,
      "src": "fontawesome"
    },
    {
      "uid": "6605ee6441bf499ffa3c63d3c7409471",
      "css": "move",
      "code": 59687,
      "src": "fontawesome"
    },
    {
      "uid": "0b2b66e526028a6972d51a6f10281b4b",
      "css": "zoom-in",
      "code": 59398,
      "src": "fontawesome"
    },
    {
      "uid": "d25d10efa900f529ad1d275657cfd30e",
      "css": "zoom-out",
      "code": 59568,
      "src": "fontawesome"
    },
    {
      "uid": "c53068fe21c8410b0a098b4c52c3d37e",
      "css": "down-circled2",
      "code": 59569,
      "src": "fontawesome"
    },
    {
      "uid": "128d63150a41800e0beff55235269542",
      "css": "up-circled2",
      "code": 59570,
      "src": "fontawesome"
    },
    {
      "uid": "2d6150442079cbda7df64522dc24f482",
      "css": "down-dir",
      "code": 59661,
      "src": "fontawesome"
    },
    {
      "uid": "80cd1022bd9ea151d554bec1fa05f2de",
      "css": "up-dir",
      "code": 59662,
      "src": "fontawesome"
    },
    {
      "uid": "9dc654095085167524602c9acc0c5570",
      "css": "left-dir",
      "code": 59663,
      "src": "fontawesome"
    },
    {
      "uid": "fb1c799ffe5bf8fb7f8bcb647c8fe9e6",
      "css": "right-dir",
      "code": 59664,
      "src": "fontawesome"
    },
    {
      "uid": "ccddff8e8670dcd130e3cb55fdfc2fd0",
      "css": "down-open",
      "code": 59402,
      "src": "fontawesome"
    },
    {
      "uid": "d870630ff8f81e6de3958ecaeac532f2",
      "css": "left-open",
      "code": 59403,
      "src": "fontawesome"
    },
    {
      "uid": "399ef63b1e23ab1b761dfbb5591fa4da",
      "css": "right-open",
      "code": 59630,
      "src": "fontawesome"
    },
    {
      "uid": "fe6697b391355dec12f3d86d6d490397",
      "css": "up-open",
      "code": 59631,
      "src": "fontawesome"
    },
    {
      "uid": "f3f90c8c89795da30f7444634476ea4f",
      "css": "angle-left",
      "code": 59632,
      "src": "fontawesome"
    },
    {
      "uid": "7bf14281af5633a597f85b061ef1cfb9",
      "css": "angle-right",
      "code": 59633,
      "src": "fontawesome"
    },
    {
      "uid": "5de9370846a26947e03f63142a3f1c07",
      "css": "angle-up",
      "code": 59634,
      "src": "fontawesome"
    },
    {
      "uid": "e4dde1992f787163e2e2b534b8c8067d",
      "css": "angle-down",
      "code": 59404,
      "src": "fontawesome"
    },
    {
      "uid": "8933c2579166c2ee56ae40dc6a0b4dc6",
      "css": "angle-circled-left",
      "code": 59405,
      "src": "fontawesome"
    },
    {
      "uid": "94089b37297572e936b0943bcfa041d3",
      "css": "angle-circled-right",
      "code": 59406,
      "src": "fontawesome"
    },
    {
      "uid": "8cbd5bcfb00043b8094fd7ac21ae5e06",
      "css": "angle-circled-up",
      "code": 59407,
      "src": "fontawesome"
    },
    {
      "uid": "c35e0796f6f806945a44b1655ce7bbe7",
      "css": "angle-circled-down",
      "code": 59408,
      "src": "fontawesome"
    },
    {
      "uid": "745f12abe1472d14f8f658de7e5aba66",
      "css": "angle-double-left",
      "code": 59571,
      "src": "fontawesome"
    },
    {
      "uid": "fdfbd1fcbd4cb229716a810801a5f207",
      "css": "angle-double-right",
      "code": 59572,
      "src": "fontawesome"
    },
    {
      "uid": "63b3012c8cbe3654ba5bea598235aa3a",
      "css": "angle-double-up",
      "code": 59573,
      "src": "fontawesome"
    },
    {
      "uid": "dfec4ffa849d8594c2e4b86f6320b8a6",
      "css": "angle-double-down",
      "code": 59574,
      "src": "fontawesome"
    },
    {
      "uid": "f06941dfcb90dc24b987d810898c4310",
      "css": "down",
      "code": 59665,
      "src": "fontawesome"
    },
    {
      "uid": "f6d72aa5ef8e8f0e553012af9a29a87e",
      "css": "left",
      "code": 59666,
      "src": "fontawesome"
    },
    {
      "uid": "fb94e23ae1e7660aa63cc5f351ec7560",
      "css": "right",
      "code": 59667,
      "src": "fontawesome"
    },
    {
      "uid": "720f98e7580b7987c8dc542513d1d440",
      "css": "up",
      "code": 59668,
      "src": "fontawesome"
    },
    {
      "uid": "1c4068ed75209e21af36017df8871802",
      "css": "down-big",
      "code": 59399,
      "src": "fontawesome"
    },
    {
      "uid": "555ef8c86832e686fef85f7af2eb7cde",
      "css": "left-big",
      "code": 59400,
      "src": "fontawesome"
    },
    {
      "uid": "ad6b3fbb5324abe71a9c0b6609cbb9f1",
      "css": "right-big",
      "code": 59629,
      "src": "fontawesome"
    },
    {
      "uid": "95376bf082bfec6ce06ea1cda7bd7ead",
      "css": "up-big",
      "code": 59401,
      "src": "fontawesome"
    },
    {
      "uid": "aa0d9175a3919a260a4012d560e9f01e",
      "css": "right-hand",
      "code": 59575,
      "src": "fontawesome"
    },
    {
      "uid": "3d99d345645f43e31e9e0fd48be37e9c",
      "css": "left-hand",
      "code": 59576,
      "src": "fontawesome"
    },
    {
      "uid": "034e645aa3bad56ce68389a816547c87",
      "css": "up-hand",
      "code": 59577,
      "src": "fontawesome"
    },
    {
      "uid": "beb43b8df442eac4b8d35f528d5ed5af",
      "css": "down-hand",
      "code": 59578,
      "src": "fontawesome"
    },
    {
      "uid": "6855131631509e8795730ce062045ea1",
      "css": "left-circled",
      "code": 59579,
      "src": "fontawesome"
    },
    {
      "uid": "19b04848ae7332d2c0ea2a9e19064037",
      "css": "right-circled",
      "code": 59580,
      "src": "fontawesome"
    },
    {
      "uid": "2b8e9b027181aafd210bf29c5486d4a0",
      "css": "up-circled",
      "code": 59581,
      "src": "fontawesome"
    },
    {
      "uid": "55ae6ea25cd707fe34af5b52b2001cdc",
      "css": "down-circled",
      "code": 59582,
      "src": "fontawesome"
    },
    {
      "uid": "bc71f4c6e53394d5ba46b063040014f1",
      "css": "cw",
      "code": 59583,
      "src": "fontawesome"
    },
    {
      "uid": "f9c3205df26e7778abac86183aefdc99",
      "css": "ccw",
      "code": 59584,
      "src": "fontawesome"
    },
    {
      "uid": "a73c5deb486c8d66249811642e5d719a",
      "css": "arrows-cw",
      "code": 59585,
      "src": "fontawesome"
    },
    {
      "uid": "dea706a9bd3144316ce37406ec10f469",
      "css": "level-up",
      "code": 59586,
      "src": "fontawesome"
    },
    {
      "uid": "4684e690bad65fb618329dfe52017475",
      "css": "level-down",
      "code": 59635,
      "src": "fontawesome"
    },
    {
      "uid": "37c5ab63f10d7ad0b84d0978dcd0c7a8",
      "css": "shuffle",
      "code": 59636,
      "src": "fontawesome"
    },
    {
      "uid": "6020aff067fc3c119cdd75daa5249220",
      "css": "exchange",
      "code": 59637,
      "src": "fontawesome"
    },
    {
      "uid": "84bb9695b8662fa4783242f84c9e4682",
      "css": "collapse",
      "code": 59638,
      "src": "fontawesome"
    },
    {
      "uid": "7960517a504e42aea0641f15bc55fbed",
      "css": "collapse-top",
      "code": 59639,
      "src": "fontawesome"
    },
    {
      "uid": "ed5a38704f0329e610ee1c92bec3ad3d",
      "css": "expand",
      "code": 59640,
      "src": "fontawesome"
    },
    {
      "uid": "ce06b5805120d0c2f8d60cd3f1a4fdb5",
      "css": "play",
      "code": 59587,
      "src": "fontawesome"
    },
    {
      "uid": "5717236f6134afe2d2a278a5c9b3927a",
      "css": "play-circled",
      "code": 59588,
      "src": "fontawesome"
    },
    {
      "uid": "e835d9d0f2ee39ae01b01cc6a6fa24ab",
      "css": "play-circled2",
      "code": 59589,
      "src": "fontawesome"
    },
    {
      "uid": "b624a1e512819d410ddbee84e6918b9d",
      "css": "stop",
      "code": 59590,
      "src": "fontawesome"
    },
    {
      "uid": "0b28050bac9d3facf2f0226db643ece0",
      "css": "pause",
      "code": 59591,
      "src": "fontawesome"
    },
    {
      "uid": "c47efa0e3e74f6ba4c2562c1258fff1f",
      "css": "to-end",
      "code": 59592,
      "src": "fontawesome"
    },
    {
      "uid": "7ea35a8fc7e676c78e99cab2d4bc8653",
      "css": "to-end-alt",
      "code": 59593,
      "src": "fontawesome"
    },
    {
      "uid": "12052b30d23a1a70d6b32962d5464cae",
      "css": "to-start",
      "code": 59594,
      "src": "fontawesome"
    },
    {
      "uid": "6b5450145d620234f07ffcbfbb671074",
      "css": "to-start-alt",
      "code": 59595,
      "src": "fontawesome"
    },
    {
      "uid": "4e511190b60f329d08301eb6869c5130",
      "css": "fast-fw",
      "code": 59596,
      "src": "fontawesome"
    },
    {
      "uid": "b3d902fcead809e3a64c7ddcda497a6c",
      "css": "fast-bw",
      "code": 59597,
      "src": "fontawesome"
    },
    {
      "uid": "91b141af48402743aa3503d0a7007132",
      "css": "eject",
      "code": 59598,
      "src": "fontawesome"
    },
    {
      "uid": "e75c54c282c0bf22186c5c7ec4b03eac",
      "css": "target",
      "code": 59599,
      "src": "fontawesome"
    },
    {
      "uid": "d407a4707f719b042ed2ad28d2619d7e",
      "css": "signal",
      "code": 59600,
      "src": "fontawesome"
    },
    {
      "uid": "ab656e280958018a7859eba9a1eabbc7",
      "css": "award",
      "code": 59641,
      "src": "fontawesome"
    },
    {
      "uid": "757afacc32d82967975cbb3b45cfb41b",
      "css": "desktop",
      "code": 59642,
      "src": "fontawesome"
    },
    {
      "uid": "500fc1f109021e4b1de4deda2f7ed399",
      "css": "laptop",
      "code": 59643,
      "src": "fontawesome"
    },
    {
      "uid": "f001fc3d4daa7da078e8c971e4f36977",
      "css": "tablet",
      "code": 59644,
      "src": "fontawesome"
    },
    {
      "uid": "0357f7abbc0babf43509669f332e41e6",
      "css": "mobile",
      "code": 59645,
      "src": "fontawesome"
    },
    {
      "uid": "c7a75a25880928fe76981a53eca4f926",
      "css": "inbox",
      "code": 59646,
      "src": "fontawesome"
    },
    {
      "uid": "197375a3cea8cb90b02d06e4ddf1433d",
      "css": "globe",
      "code": 59601,
      "src": "fontawesome"
    },
    {
      "uid": "aa035df0908c4665c269b7b09a5596f3",
      "css": "sun",
      "code": 59602,
      "src": "fontawesome"
    },
    {
      "uid": "2c413e78faf1d6631fd7b094d14c2253",
      "css": "cloud",
      "code": 59603,
      "src": "fontawesome"
    },
    {
      "uid": "3212f42c65d41ed91cb435d0490e29ed",
      "css": "flash",
      "code": 59604,
      "src": "fontawesome"
    },
    {
      "uid": "567e3e257f2cc8fba2c12bf691c9f2d8",
      "css": "moon",
      "code": 59605,
      "src": "fontawesome"
    },
    {
      "uid": "24ca41ab002c09de6e89b28f9d599508",
      "css": "umbrella",
      "code": 59606,
      "src": "fontawesome"
    },
    {
      "uid": "297fe6c2ef08198b03d706ba52f51b7f",
      "css": "flight",
      "code": 59607,
      "src": "fontawesome"
    },
    {
      "uid": "19e7b342a5e6bd0cd86de6d6208486a4",
      "css": "leaf",
      "code": 59609,
      "src": "fontawesome"
    },
    {
      "uid": "f9cbf7508cd04145ade2800169959eef",
      "css": "font",
      "code": 59610,
      "src": "fontawesome"
    },
    {
      "uid": "02cca871bb69da75e8ee286b7055832c",
      "css": "bold",
      "code": 59611,
      "src": "fontawesome"
    },
    {
      "uid": "a8cb1c217f02b073db3670c061cc54d2",
      "css": "italic",
      "code": 59612,
      "src": "fontawesome"
    },
    {
      "uid": "c009d417f87d6a27bb5a1cefd30b6cbd",
      "css": "text-height",
      "code": 59613,
      "src": "fontawesome"
    },
    {
      "uid": "13a971bcccd2dda26d4d4eccd8593f8a",
      "css": "text-width",
      "code": 59614,
      "src": "fontawesome"
    },
    {
      "uid": "f4f0e849b805be1f6d76b65581cb3b8b",
      "css": "align-left",
      "code": 59647,
      "src": "fontawesome"
    },
    {
      "uid": "ae6336c46d73af999fe7460c089abb4d",
      "css": "align-center",
      "code": 59648,
      "src": "fontawesome"
    },
    {
      "uid": "e1e7306b47c3c5e6faecce9d32571381",
      "css": "align-right",
      "code": 59649,
      "src": "fontawesome"
    },
    {
      "uid": "25a81737628d1e654a30ad412d7d6dd7",
      "css": "align-justify",
      "code": 59650,
      "src": "fontawesome"
    },
    {
      "uid": "48b87105bd38c20315f1b705b8c7b38c",
      "css": "list",
      "code": 59651,
      "src": "fontawesome"
    },
    {
      "uid": "594e9271c08ff732c04b3bf3117b9040",
      "css": "indent-left",
      "code": 59652,
      "src": "fontawesome"
    },
    {
      "uid": "4d2dfc45d8176b1f26aed973fa84a91e",
      "css": "indent-right",
      "code": 59615,
      "src": "fontawesome"
    },
    {
      "uid": "a2a74f5e7b7d9ba054897d8c795a326a",
      "css": "list-bullet",
      "code": 59616,
      "src": "fontawesome"
    },
    {
      "uid": "f6766a8b042c2453a4e153af03294383",
      "css": "list-numbered",
      "code": 59617,
      "src": "fontawesome"
    },
    {
      "uid": "61c242c9e2134d5864d7fdd57b3c9289",
      "css": "strike",
      "code": 59618,
      "src": "fontawesome"
    },
    {
      "uid": "d4a4a38a40b728f46dad1de4ac950231",
      "css": "underline",
      "code": 59619,
      "src": "fontawesome"
    },
    {
      "uid": "4e88371fb8857dacc1f66afe6314e426",
      "css": "superscript",
      "code": 59620,
      "src": "fontawesome"
    },
    {
      "uid": "3d1c929dbc966992185ce749548c1b2c",
      "css": "subscript",
      "code": 59621,
      "src": "fontawesome"
    },
    {
      "uid": "8fb55fd696d9a0f58f3b27c1d8633750",
      "css": "table",
      "code": 59622,
      "src": "fontawesome"
    },
    {
      "uid": "53dd31a6cc6438192b2d7b09b1c1dd45",
      "css": "columns",
      "code": 59623,
      "src": "fontawesome"
    },
    {
      "uid": "09bdae120f85e79f2db16145a9e1f6d8",
      "css": "crop",
      "code": 59624,
      "src": "fontawesome"
    },
    {
      "uid": "8772331a9fec983cdb5d72902a6f9e0e",
      "css": "scissors",
      "code": 59625,
      "src": "fontawesome"
    },
    {
      "uid": "b429436ec5a518c78479d44ef18dbd60",
      "css": "paste",
      "code": 59626,
      "src": "fontawesome"
    },
    {
      "uid": "053b757d97042e1c94276200c7b64b91",
      "css": "briefcase",
      "code": 59627,
      "src": "fontawesome"
    },
    {
      "uid": "5ccf1ed249fd9d723ec1ce8629a9f507",
      "css": "suitcase",
      "code": 59628,
      "src": "fontawesome"
    },
    {
      "uid": "107ce08c7231097c7447d8f4d059b55f",
      "css": "ellipsis",
      "code": 59505,
      "src": "fontawesome"
    },
    {
      "uid": "750058837a91edae64b03d60fc7e81a7",
      "css": "ellipsis-vert",
      "code": 59506,
      "src": "fontawesome"
    },
    {
      "uid": "8b9e6a8dd8f67f7c003ed8e7e5ee0857",
      "css": "off",
      "code": 59507,
      "src": "fontawesome"
    },
    {
      "uid": "ecede48deb16179e5ef9a3f8ffae62f4",
      "css": "road",
      "code": 59508,
      "src": "fontawesome"
    },
    {
      "uid": "c819c6225685bae2eed1b8da13e629fa",
      "css": "list-alt",
      "code": 59509,
      "src": "fontawesome"
    },
    {
      "uid": "fd45bb961d08f9f2092f0df3fba29fe9",
      "css": "qrcode",
      "code": 59510,
      "src": "fontawesome"
    },
    {
      "uid": "aa991e8e66ac54b33f0a4b0555597b08",
      "css": "barcode",
      "code": 59511,
      "src": "fontawesome"
    },
    {
      "uid": "9755f76110ae4d12ac5f9466c9152031",
      "css": "book",
      "code": 59512,
      "src": "fontawesome"
    },
    {
      "uid": "ca90da02d2c6a3183f2458e4dc416285",
      "css": "ajust",
      "code": 59513,
      "src": "fontawesome"
    },
    {
      "uid": "83458acd9f38d03ec0226ce82a83c0f4",
      "css": "tint",
      "code": 59439,
      "src": "fontawesome"
    },
    {
      "uid": "dd6c6b221a1088ff8a9b9cd32d0b3dd5",
      "css": "check",
      "code": 59440,
      "src": "fontawesome"
    },
    {
      "uid": "4b900d04e8ab8c82f080c1cfbac5772c",
      "css": "check-empty",
      "code": 59441,
      "src": "fontawesome"
    },
    {
      "uid": "130380e481a7defc690dfb24123a1f0c",
      "css": "circle",
      "code": 59442,
      "src": "fontawesome"
    },
    {
      "uid": "422e07e5afb80258a9c4ed1706498f8a",
      "css": "circle-empty",
      "code": 59443,
      "src": "fontawesome"
    },
    {
      "uid": "823a9e02e643318116fea40a00190e4e",
      "css": "asterisk",
      "code": 59444,
      "src": "fontawesome"
    },
    {
      "uid": "28f308aa0a07a67433f54c089c400d82",
      "css": "gift",
      "code": 59445,
      "src": "fontawesome"
    },
    {
      "uid": "254077e7c0a9e6d303b32f9c35b96a40",
      "css": "fire",
      "code": 59446,
      "src": "fontawesome"
    },
    {
      "uid": "d20912c814d0ff9a7fd27ed1f54813cc",
      "css": "magnet",
      "code": 59447,
      "src": "fontawesome"
    },
    {
      "uid": "266d5d9adf15a61800477a5acf9a4462",
      "css": "chart-bar",
      "code": 59448,
      "src": "fontawesome"
    },
    {
      "uid": "d6fcb9886485b0bdb41b94521e7a3311",
      "css": "ticket",
      "code": 59449,
      "src": "fontawesome"
    },
    {
      "uid": "3d8cc269fdad8a4cda55a20542a84e5c",
      "css": "credit-card",
      "code": 59514,
      "src": "fontawesome"
    },
    {
      "uid": "f4445feb55521283572ee88bc304f928",
      "css": "floppy",
      "code": 59515,
      "src": "fontawesome"
    },
    {
      "uid": "3e674995cacc2b09692c096ea7eb6165",
      "css": "megaphone",
      "code": 59516,
      "src": "fontawesome"
    },
    {
      "uid": "795efd07cd5205b589c883916a76cff0",
      "css": "hdd",
      "code": 59517,
      "src": "fontawesome"
    },
    {
      "uid": "bc4b94dd7a9a1dd2e02f9e4648062596",
      "css": "fork",
      "code": 59519,
      "src": "fontawesome"
    },
    {
      "uid": "8aa99bc60f3553bb3e31b73dd6e744c8",
      "css": "rocket",
      "code": 59520,
      "src": "fontawesome"
    },
    {
      "uid": "7432077e6a2d6aa19984ca821bb6bbda",
      "css": "bug",
      "code": 59521,
      "src": "fontawesome"
    },
    {
      "uid": "d61be837c725a299b432dcbee2ecdae6",
      "css": "certificate",
      "code": 59522,
      "src": "fontawesome"
    },
    {
      "uid": "9396b2d8849e0213a0f11c5fd7fcc522",
      "css": "tasks",
      "code": 59450,
      "src": "fontawesome"
    },
    {
      "uid": "4109c474ff99cad28fd5a2c38af2ec6f",
      "css": "filter",
      "code": 59451,
      "src": "fontawesome"
    },
    {
      "uid": "0f444c61b0d2c9966016d7ddb12f5837",
      "css": "beaker",
      "code": 59452,
      "src": "fontawesome"
    },
    {
      "uid": "ff70f7b3228702e0d590e60ed3b90bea",
      "css": "magic",
      "code": 59453,
      "src": "fontawesome"
    },
    {
      "uid": "7f3d8ff1d5f6ee019f0c00ed7a86caec",
      "css": "truck",
      "code": 59454,
      "src": "fontawesome"
    },
    {
      "uid": "f279f25007794fa6837ff78fe94b216e",
      "css": "money",
      "code": 59455,
      "src": "fontawesome"
    },
    {
      "uid": "486b835e9eebf54eee78ed12b4291b86",
      "css": "euro",
      "code": 59456,
      "src": "fontawesome"
    },
    {
      "uid": "9854f7f091bd4fdf9b8735ed66667b9d",
      "css": "pound",
      "code": 59457,
      "src": "fontawesome"
    },
    {
      "uid": "62e4fa2c664818d20ce4740cadbf9aeb",
      "css": "rupee",
      "code": 59459,
      "src": "fontawesome"
    },
    {
      "uid": "5f61f8a682b77d2529296a8061bf9597",
      "css": "yen",
      "code": 59460,
      "src": "fontawesome"
    },
    {
      "uid": "243424d56528e83e4fe9ef6e6347a2ef",
      "css": "renminbi",
      "code": 59523,
      "src": "fontawesome"
    },
    {
      "uid": "82f0dc5149d842219e45000bebd683fb",
      "css": "won",
      "code": 59524,
      "src": "fontawesome"
    },
    {
      "uid": "2cb15eb2b295ee3c33fab1530e18a924",
      "css": "bitcoin",
      "code": 59525,
      "src": "fontawesome"
    },
    {
      "uid": "56a21935a5d4d79b2e91ec00f760b369",
      "css": "sort",
      "code": 59526,
      "src": "fontawesome"
    },
    {
      "uid": "94103e1b3f1e8cf514178ec5912b4469",
      "css": "sort-down",
      "code": 59527,
      "src": "fontawesome"
    },
    {
      "uid": "65b3ce930627cabfb6ac81ac60ec5ae4",
      "css": "sort-up",
      "code": 59528,
      "src": "fontawesome"
    },
    {
      "uid": "0cd2582b8c93719d066ee0affd02ac78",
      "css": "sort-alt-up",
      "code": 59529,
      "src": "fontawesome"
    },
    {
      "uid": "27b13eff5eb0ca15e01a6e65ffe6eeec",
      "css": "sort-alt-down",
      "code": 59530,
      "src": "fontawesome"
    },
    {
      "uid": "3ed68ae14e9cde775121954242a412b2",
      "css": "sort-name-up",
      "code": 59531,
      "src": "fontawesome"
    },
    {
      "uid": "6586267200a42008a9fc0a1bf7ac06c7",
      "css": "sort-name-down",
      "code": 59461,
      "src": "fontawesome"
    },
    {
      "uid": "3a7b6876c1817ce3b801b86c04a9d0af",
      "css": "sort-number-up",
      "code": 59462,
      "src": "fontawesome"
    },
    {
      "uid": "b04fc30546f597a7e0a14715e6fc81ff",
      "css": "sort-number-down",
      "code": 59463,
      "src": "fontawesome"
    },
    {
      "uid": "dec0ce0476433f7e49e096526cf89465",
      "css": "hammer",
      "code": 59464,
      "src": "fontawesome"
    },
    {
      "uid": "0bda4bc779d4c32623dec2e43bd67ee8",
      "css": "gauge",
      "code": 59465,
      "src": "fontawesome"
    },
    {
      "uid": "6fe95ffc3c807e62647d4f814a96e0d7",
      "css": "sitemap",
      "code": 59466,
      "src": "fontawesome"
    },
    {
      "uid": "cda0cdcfd38f5f1d9255e722dad42012",
      "css": "spinner",
      "code": 59467,
      "src": "fontawesome"
    },
    {
      "uid": "3a26448b711645ba1abfc86c1a6e2f30",
      "css": "coffee",
      "code": 59468,
      "src": "fontawesome"
    },
    {
      "uid": "30b79160618d99ce798e4bd11cafe3fe",
      "css": "food",
      "code": 59469,
      "src": "fontawesome"
    },
    {
      "uid": "890bcc8897cce868f6ee65cadadde036",
      "css": "beer",
      "code": 59470,
      "src": "fontawesome"
    },
    {
      "uid": "9e8430ce95f56720ae8e7afba291df88",
      "css": "user-md",
      "code": 59471,
      "src": "fontawesome"
    },
    {
      "uid": "5590d2f643b64d2d0757ae660f9c24cb",
      "css": "stethoscope",
      "code": 59532,
      "src": "fontawesome"
    },
    {
      "uid": "6dbf07228006788a96eb6244b3591970",
      "css": "ambulance",
      "code": 59533,
      "src": "fontawesome"
    },
    {
      "uid": "46120eb259799eab0dac0691137e5706",
      "css": "medkit",
      "code": 59534,
      "src": "fontawesome"
    },
    {
      "uid": "6f41d9b99564a01f1fde503b7f03bf1a",
      "css": "h-sigh",
      "code": 59535,
      "src": "fontawesome"
    },
    {
      "uid": "c4adaacece4c6341a9ae1816f5ea500c",
      "css": "hospital",
      "code": 59536,
      "src": "fontawesome"
    },
    {
      "uid": "3d1e04316a48ace4e2b81be58343a41c",
      "css": "building",
      "code": 59537,
      "src": "fontawesome"
    },
    {
      "uid": "d862a10e1448589215be19702f98f2c1",
      "css": "smile",
      "code": 59538,
      "src": "fontawesome"
    },
    {
      "uid": "06ddc67d609c477cd5524a7238d7850d",
      "css": "frown",
      "code": 59539,
      "src": "fontawesome"
    },
    {
      "uid": "2c5055a9c9723725f49f0593a08535af",
      "css": "meh",
      "code": 59540,
      "src": "fontawesome"
    },
    {
      "uid": "7a9d73c640892d4b917c706ad95d6fec",
      "css": "anchor",
      "code": 59472,
      "src": "fontawesome"
    },
    {
      "uid": "fa10777b2d88cc64cd6e4f26ef0e5264",
      "css": "terminal",
      "code": 59473,
      "src": "fontawesome"
    },
    {
      "uid": "ebc57fa8400e4ede049ac5dc665210e1",
      "css": "eraser",
      "code": 59474,
      "src": "fontawesome"
    },
    {
      "uid": "5f0f183e241d15cbe486bff88b188dff",
      "css": "puzzle",
      "code": 59475,
      "src": "fontawesome"
    },
    {
      "uid": "44a0e2660ac966cdfaa04deb6aac51df",
      "css": "shield",
      "code": 59476,
      "src": "fontawesome"
    },
    {
      "uid": "1e7648f03fbdc28114a00b33b059b499",
      "css": "extinguisher",
      "code": 59477,
      "src": "fontawesome"
    },
    {
      "uid": "c92ad3028acce9d51bae0ac82f5de8a2",
      "css": "bullseye",
      "code": 59478,
      "src": "fontawesome"
    },
    {
      "uid": "ef98b489bfb943225e6761cfa9999e9b",
      "css": "adn",
      "code": 59479,
      "src": "fontawesome"
    },
    {
      "uid": "809f2374b759f5b9278ac6307e690ba4",
      "css": "android",
      "code": 59480,
      "src": "fontawesome"
    },
    {
      "uid": "e9fa538fd5913046497ac148e27cd8ea",
      "css": "apple",
      "code": 59481,
      "src": "fontawesome"
    },
    {
      "uid": "169f51b7e405de8c03cf85a6e8c740ab",
      "css": "bitbucket",
      "code": 59482,
      "src": "fontawesome"
    },
    {
      "uid": "01c946ce2ed5500e0a918f2b3a7d1923",
      "css": "css3",
      "code": 59542,
      "src": "fontawesome"
    },
    {
      "uid": "9e34a047fee949eae9b6e613d790d6cf",
      "css": "dropbox",
      "code": 59544,
      "src": "fontawesome"
    },
    {
      "uid": "8e04c98c8f5ca0a035776e3001ad2638",
      "css": "facebook",
      "code": 59545,
      "src": "fontawesome"
    },
    {
      "uid": "649004fb1ed50395a33c3780236ba8aa",
      "css": "flickr",
      "code": 59547,
      "src": "fontawesome"
    },
    {
      "uid": "0f6a2573a7b6df911ed199bb63717e27",
      "css": "github-circled",
      "code": 59484,
      "src": "fontawesome"
    },
    {
      "uid": "b8d0c7d76e87b94882329a88e8e43d3d",
      "css": "gplus",
      "code": 59487,
      "src": "fontawesome"
    },
    {
      "uid": "ff44f01f60948555026580eedf1e39bb",
      "css": "html5",
      "code": 59488,
      "src": "fontawesome"
    },
    {
      "uid": "4c1ef492f1d2c39a2250ae457cee2a6e",
      "css": "instagramm",
      "code": 59489,
      "src": "fontawesome"
    },
    {
      "uid": "47a35af762c8e06f3d152750134c8750",
      "css": "linux",
      "code": 59491,
      "src": "fontawesome"
    },
    {
      "uid": "e9107949dd6c9e8ab2b29ae07156e38c",
      "css": "linkedin",
      "code": 59490,
      "src": "fontawesome"
    },
    {
      "uid": "da851b7c1f84ee83f93b29ae613558dc",
      "css": "pinterest-circled",
      "code": 59492,
      "src": "fontawesome"
    },
    {
      "uid": "58a16628dcbd6456c61218f3d27591be",
      "css": "skype",
      "code": 59553,
      "src": "fontawesome"
    },
    {
      "uid": "b6d6b3561d705330c7ad2155e8ee94ba",
      "css": "stackexchange",
      "code": 59483,
      "src": "fontawesome"
    },
    {
      "uid": "e1597911f34fea0a188ae51fe4a2d9a9",
      "css": "stackoverflow",
      "code": 59554,
      "src": "fontawesome"
    },
    {
      "uid": "b846892636bd74112998bb159bdddf27",
      "css": "trello",
      "code": 59555,
      "src": "fontawesome"
    },
    {
      "uid": "43fcf807461234935e65261328e1dff6",
      "css": "tumblr",
      "code": 59556,
      "src": "fontawesome"
    },
    {
      "uid": "5b79895d979c408282b4e92fa7db8e82",
      "css": "tumblr-squared",
      "code": 59557,
      "src": "fontawesome"
    },
    {
      "uid": "906348dc798a0d42715cc97c875e3ac6",
      "css": "twitter-squared",
      "code": 59558,
      "src": "fontawesome"
    },
    {
      "uid": "627abcdb627cb1789e009c08e2678ef9",
      "css": "twitter",
      "code": 59494,
      "src": "fontawesome"
    },
    {
      "uid": "f3d95e13eb43f3f6b8efe1eb424a1e3b",
      "css": "vkontakte",
      "code": 59495,
      "src": "fontawesome"
    },
    {
      "uid": "8aff323697468c4a63993cde00386ec6",
      "css": "windows",
      "code": 59497,
      "src": "fontawesome"
    },
    {
      "uid": "a9862b9d5197886c1ad693ecd7120b31",
      "css": "youtube",
      "code": 59500,
      "src": "fontawesome"
    },
    {
      "uid": "47a1f80457068fbeab69fdb83d7d0817",
      "css": "youtube-play",
      "code": 59502,
      "src": "fontawesome"
    },
    {
      "uid": "9bf421d05c985b569e86fa7c502bd879",
      "css": "picture-1",
      "code": 59761,
      "src": "iconic"
    },
    {
      "uid": "dd6df3b754e8d0dbf09d9b24088f0442",
      "css": "box-1",
      "code": 59759,
      "src": "iconic"
    },
    {
      "uid": "afdef1656447e2558662b393d6b4bb75",
      "css": "share",
      "code": 59501,
      "src": "iconic"
    },
    {
      "uid": "9597c5a31b6bdd94f4936fcc71d30613",
      "css": "book-1",
      "code": 59752,
      "src": "iconic"
    },
    {
      "uid": "d7059fc5329e1a7fcab80ba87831c957",
      "css": "book-alt",
      "code": 59753,
      "src": "iconic"
    },
    {
      "uid": "b3a9e2dab4d19ea3b2f628242c926bfe",
      "css": "brush",
      "code": 59496,
      "src": "iconic"
    },
    {
      "uid": "d2c499942f8a7c037d5a94f123eeb478",
      "css": "layers",
      "code": 59760,
      "src": "iconic"
    },
    {
      "uid": "ff1cd67dfb30d12965d950e8a609c31f",
      "css": "chart-pie",
      "code": 59754,
      "src": "iconic"
    },
    {
      "uid": "8aa58289df2cc42b260897d7e61aa2c2",
      "css": "chart-pie-alt",
      "code": 59755,
      "src": "iconic"
    },
    {
      "uid": "76fa76eb3472394c9937f7c7734f77b2",
      "css": "key-1",
      "code": 59757,
      "src": "iconic"
    },
    {
      "uid": "c6ecc52b6db2a649a08ff54e5ea62886",
      "css": "key-inv",
      "code": 59758,
      "src": "iconic"
    },
    {
      "uid": "7997220c4eb58edae98e04de570089c2",
      "css": "lock",
      "code": 59437,
      "src": "mfglabs"
    },
    {
      "uid": "e67bcab050d99eb04d44027139ae05f5",
      "css": "lock-open",
      "code": 59485,
      "src": "mfglabs"
    },
    {
      "uid": "8ce732688587909ad0a9d8323eaca8ad",
      "css": "marquee",
      "code": 59486,
      "src": "fontelico"
    },
    {
      "uid": "26613a2e6bc41593c54bead46f8c8ee3",
      "css": "file-code",
      "code": 59518,
      "src": "fontawesome"
    },
    {
      "uid": "4aad6bb50b02c18508aae9cbe14e784e",
      "css": "share-1",
      "code": 59541,
      "src": "fontawesome"
    },
    {
      "uid": "4c1f3c0b331d5f72c6a38d7bb7632675",
      "css": "share-squared",
      "code": 59543,
      "src": "fontawesome"
    },
    {
      "uid": "8a074400a056c59d389f2d0517281bd5",
      "css": "bell-off-empty",
      "code": 59546,
      "src": "fontawesome"
    },
    {
      "uid": "563683020e0bf9f22f3f055a69b5c57a",
      "css": "bell-off",
      "code": 59548,
      "src": "fontawesome"
    },
    {
      "uid": "9daa1fdf0838118518a7e22715e83abc",
      "css": "file-pdf",
      "code": 59549,
      "src": "fontawesome"
    },
    {
      "uid": "310ffd629da85142bc8669f010556f2d",
      "css": "file-word",
      "code": 59550,
      "src": "fontawesome"
    },
    {
      "uid": "f761c3bbe16ba2d332914ecb28e7a042",
      "css": "file-excel",
      "code": 59551,
      "src": "fontawesome"
    },
    {
      "uid": "3c961c1a8d874815856fc6637dc5a13c",
      "css": "file-image",
      "code": 59552,
      "src": "fontawesome"
    },
    {
      "uid": "e80ae555c1413a4ec18b33fb348b4049",
      "css": "file-archive",
      "code": 59608,
      "src": "fontawesome"
    },
    {
      "uid": "81db033e704eb7c586a365559d7c0f36",
      "css": "file-audio",
      "code": 59702,
      "src": "fontawesome"
    },
    {
      "uid": "dd69d9aa589ea7bc0a82a3fe67039f4b",
      "css": "file-video",
      "code": 59707,
      "src": "fontawesome"
    },
    {
      "uid": "21b42d3c3e6be44c3cc3d73042faa216",
      "css": "sliders",
      "code": 59711,
      "src": "fontawesome"
    },
    {
      "uid": "edcd4022de8d8df266ef7c42d2658ca5",
      "css": "file-powerpoint",
      "code": 59712,
      "src": "fontawesome"
    },
    {
      "uid": "cddbeffea9d90c5db93d5d3e77b8893e",
      "css": "cart-plus",
      "code": 59713,
      "src": "fontawesome"
    },
    {
      "uid": "93c35534e6b079466c4676cdedcdb7c1",
      "css": "cart-arrow-down",
      "code": 59756,
      "src": "fontawesome"
    },
    {
      "uid": "2d3be3e856fc1e4ac067590d2ded1b07",
      "css": "plus-squared-alt",
      "code": 59762,
      "src": "fontawesome"
    },
    {
      "uid": "f9c8ea86275ca16128235c6452b67b8e",
      "css": "user-secret",
      "code": 59763,
      "src": "fontawesome"
    },
    {
      "uid": "a65ca48f3fe7d6e5c60edbd943f4fdb6",
      "css": "left-circled2",
      "code": 59764,
      "src": "fontawesome"
    },
    {
      "uid": "d0673ef38e1c458a6de52aad2a2f800d",
      "css": "right-circled2",
      "code": 59765,
      "src": "fontawesome"
    },
    {
      "uid": "c5845105a87df2ee1999826d90622f6a",
      "css": "paragraph",
      "code": 59766,
      "src": "fontawesome"
    },
    {
      "uid": "81bb68665e8e595505272a746db07c7a",
      "css": "dot-circled",
      "code": 59767,
      "src": "fontawesome"
    },
    {
      "uid": "7d1ca956f4181a023de4b9efbed92524",
      "css": "chart-area",
      "code": 59768,
      "src": "fontawesome"
    },
    {
      "uid": "554ee96588a6c9ee632624cd051fe6fc",
      "css": "chart-pie-1",
      "code": 59769,
      "src": "fontawesome"
    },
    {
      "uid": "ea2d9a8c51ca42b38ef0d2a07f16d9a7",
      "css": "chart-line",
      "code": 59770,
      "src": "fontawesome"
    },
    {
      "uid": "fbede3c5584282a0e9b131926dff71da",
      "css": "cube",
      "code": 59771,
      "src": "fontawesome"
    },
    {
      "uid": "af95ef0ddda80a78828c62d386506433",
      "css": "cubes",
      "code": 59772,
      "src": "fontawesome"
    },
    {
      "uid": "288f930b765216bc04e475740331bdf5",
      "css": "recycle",
      "code": 59773,
      "src": "fontawesome"
    },
    {
      "uid": "347c38a8b96a509270fdcabc951e7571",
      "css": "database",
      "code": 59774,
      "src": "fontawesome"
    },
    {
      "uid": "d59ff824282fc6edaeca991deab522aa",
      "css": "server",
      "code": 59775,
      "src": "fontawesome"
    },
    {
      "uid": "9d3e9faf68fd4e12def853f0d4e1173b",
      "css": "whatsapp",
      "code": 59776,
      "src": "fontawesome"
    },
    {
      "uid": "87276033a77d0b9b890125c3639e4f87",
      "css": "slack",
      "code": 59777,
      "src": "fontawesome"
    },
    {
      "uid": "5e0a374728ffa8d0ae1f331a8f648231",
      "css": "github",
      "code": 59778,
      "src": "fontawesome"
    },
    {
      "uid": "76675011e906d50af404186b489fc76f",
      "css": "codeopen",
      "code": 59779,
      "src": "fontawesome"
    },
    {
      "uid": "aa4ded7a2d22e21c3cfe775efe267120",
      "css": "connectdevelop",
      "code": 59780,
      "src": "fontawesome"
    },
    {
      "uid": "e1fe00b0dea8d5e6cfe324ca801e0305",
      "css": "microsoft",
      "code": 59781,
      "src": "custom_icons",
      "selected": true,
      "svg": {
        "path": "M0 62.5H419.1V481.6H0V62.5ZM455.9 62.5H875V481.6H455.9V62.5ZM0 518.4H419.1V937.5H0V518.4ZM455.9 518.4H875V937.5H455.9V518.4Z",
        "width": 875
      },
      "search": [
        "microsoft"
      ]
    },
    {
      "uid": "29c9f1d40c2d9ed1177c8b808574f4f0",
      "css": "google",
      "code": 59782,
      "src": "custom_icons",
      "selected": true,
      "svg": {
        "path": "M953.1 511.3C953.1 787.7 763.9 984.4 484.4 984.4 216.4 984.4 0 768 0 500S216.4 15.6 484.4 15.6C614.8 15.6 724.6 63.5 809.2 142.4L677.3 269.1C504.9 102.7 184.2 227.7 184.2 500 184.2 668.9 319.1 805.9 484.4 805.9 676.2 805.9 748 668.4 759.4 597.1H484.4V430.5H945.5C950 455.3 953.1 479.1 953.1 511.3Z",
        "width": 953
      },
      "search": [
        "google"
      ]
    },
    {
      "uid": "443344911446865e5ecb110d11eb887c",
      "css": "draw-polygon",
      "code": 59783,
      "src": "custom_icons",
      "selected": true,
      "svg": {
        "path": "M750.6 687.5C819.3 687.9 875 743.6 875 812.5 875 881.4 818.9 937.5 750 937.5 703.7 937.5 663.3 912.3 641.8 875H233.2C211.7 912.3 171.3 937.5 125 937.5 56 937.5 0 881.4 0 812.5 0 766.2 25.1 725.8 62.5 704.3V295.7C25.1 274.2 0 233.8 0 187.5 0 118.5 56 62.5 125 62.5 171.3 62.5 211.7 87.6 233.2 125H641.8C663.3 87.6 703.7 62.5 750 62.5 818.9 62.5 875 118.5 875 187.5 875 256.4 819.3 312.1 750.6 310.7L674.8 445.1C683 461.7 687.5 480.3 687.5 500 687.5 519.7 683 538.3 674.8 554.9L750.6 687.5ZM187.5 704.3C206.4 715.2 222.3 731.1 233.2 750H641.8C641.8 749.8 642 749.6 642 749.4L570.7 624.8C568 623.2 565.2 625 562.5 625 493.6 625 437.5 568.9 437.5 500 437.5 431.1 493.6 375 562.5 375 565.2 375 568 375 570.7 375.2L642 250.6 641.8 250H233.2C222.3 268.9 206.4 284.8 187.5 295.7L187.5 704.3Z",
        "width": 875
      },
      "search": [
        "draw-polygon"
      ]
    },
    {
      "uid": "82baef1a0cf7bc2c48fd6e055c7dbe3d",
      "css": "box-brand",
      "code": 59784,
      "src": "custom_icons",
      "selected": true,
      "svg": {
        "path": "M535.6 365.4C462.1 365.4 398.3 406.7 366 467.4 333.8 406.7 270 365.4 196.4 365.4 153.2 365.4 113.4 379.7 81.3 403.8L81.3 242 81.3 242C80.8 221.2 63.8 204.4 42.9 204.4 21.9 204.4 4.9 221.2 4.5 242.1L4.4 242.1 4.4 560.6 4.5 560.6C6.2 665.1 91.5 749.4 196.4 749.4 269.9 749.4 333.8 708 366 647.4 398.3 708 462.1 749.4 535.6 749.4 641.7 749.4 727.6 663.4 727.6 557.4 727.6 451.4 641.7 365.4 535.6 365.4ZM196.4 672.6C132.8 672.6 81.3 621 81.3 557.4 81.3 493.8 132.8 442.2 196.4 442.2 260 442.2 311.6 493.8 311.6 557.4 311.6 621 260 672.6 196.4 672.6ZM535.6 672.6C472 672.6 420.5 621 420.5 557.4 420.5 493.8 472 442.2 535.6 442.2 599.2 442.2 650.8 493.8 650.8 557.4 650.8 621 599.2 672.6 535.6 672.6ZM985.9 689L887.6 557.5 985.9 426.1 985.9 426.1C998 409.2 994.5 385.5 977.8 373 961 360.4 937.3 363.6 924.5 380L924.5 380 839.6 493.4 754.7 380 754.7 380C741.8 363.6 718.2 360.4 701.4 373 684.7 385.5 681.2 409.2 693.3 426.1L693.3 426.1 791.6 557.5 693.3 689 693.3 689C681.2 705.9 684.7 729.5 701.4 742.1 718.2 754.7 741.8 751.5 754.7 735.1L754.7 735.1 839.6 621.7 924.5 735.1 924.5 735.1C937.4 751.5 961 754.7 977.8 742.1 994.5 729.5 998 705.9 985.9 689L985.9 689Z",
        "width": 1000
      },
      "search": [
        "box-brand"
      ]
    },
    {
      "uid": "7c44ac8cfcf6634d1860502cadc32118",
      "css": "paint-roller",
      "code": 59785,
      "src": "custom_icons",
      "selected": true,
      "svg": {
        "path": "M66.7 16.7H866.7C879.9 16.7 892.6 21.9 902 31.3 911.4 40.7 916.7 53.4 916.7 66.7V316.7C916.7 329.9 911.4 342.6 902 352 892.6 361.4 879.9 366.7 866.7 366.7H66.7C53.4 366.7 40.7 361.4 31.3 352 21.9 342.6 16.7 329.9 16.7 316.7V66.7C16.7 53.4 21.9 40.7 31.3 31.3 40.7 21.9 53.4 16.7 66.7 16.7ZM166.7 466.7H466.7C479.9 466.7 492.6 471.9 502 481.3 511.4 490.7 516.7 503.4 516.7 516.7V666.7H566.7V966.7H366.7V666.7H416.7V566.7H116.7C103.4 566.7 90.7 561.4 81.3 552 71.9 542.6 66.7 529.9 66.7 516.7V416.7H166.7V466.7ZM753.3 553.3L841.7 464.9 930.1 553.3C947.5 570.7 959.4 593 964.3 617.3 969.1 641.5 966.6 666.6 957.1 689.5 947.7 712.3 931.7 731.8 911.1 745.6 890.6 759.3 866.4 766.6 841.7 766.6 816.9 766.6 792.8 759.3 772.2 745.6 751.7 731.8 735.6 712.3 726.2 689.5 716.7 666.6 714.2 641.5 719.1 617.3 723.9 593 735.8 570.7 753.3 553.3Z",
        "width": 1000
      },
      "search": [
        "vector"
      ]
    },
    {
      "uid": "69ed7eb4532a03beb8749e7aeba580b0",
      "css": "merge-rows",
      "code": 59786,
      "src": "custom_icons",
      "selected": true,
      "svg": {
        "path": "M541.7 770.8V687.5H604.9C612.3 687.5 616 678.5 610.8 673.3L505.9 568.4C502.6 565.1 497.4 565.1 494.1 568.4L389.2 673.3C384 678.5 387.7 687.5 395.1 687.5H458.3V770.8H541.7ZM541.7 229.2V319.4H604.9C612.3 319.4 616 328.4 610.8 333.7L505.9 438.5C502.6 441.8 497.4 441.8 494.1 438.5L389.2 333.7C384 328.4 387.7 319.4 395.1 319.4H458.3V229.2H541.7ZM875 833.3C875 856.3 856.3 875 833.3 875H166.7C143.7 875 125 856.3 125 833.3V166.7C125 143.7 143.7 125 166.7 125H833.3C856.3 125 875 143.7 875 166.7V833.3ZM791.7 208.3H208.3V791.7H791.7V208.3ZM727.8 546.2C732.4 546.2 736.1 542.4 736.1 537.8V471.2C736.1 466.6 732.4 462.8 727.8 462.8H272.2C267.6 462.8 263.9 466.6 263.9 471.2V537.8C263.9 542.4 267.6 546.2 272.2 546.2H727.8Z",
        "width": 1000
      },
      "search": [
        "merge-rows"
      ]
    },
    {
      "uid": "10a27ae1fed7346e04e89904da541514",
      "css": "cilogon",
      "code": 59787,
      "src": "custom_icons",
      "selected": true,
      "svg": {
        "path": "M453.1 20.8L458.3 78.1C306.9 107.5 120 167.9 46.8 317.7 16.7 379.2 20.8 438.5 20.8 505.2 20.8 561.3 8.8 633.4 24.2 687.5 71.6 854.7 282 943 437.5 965 487.6 972.1 547.4 992.2 598.3 977.5 636.3 966.5 619.5 854.5 619.8 822.9 619.9 807.7 622.4 787.2 607.7 777.7 573.5 755.5 503.4 770.8 463.5 763.9 351 744.4 235.1 700.6 145.8 627 119.6 605.4 71.3 563.7 73.1 525.2 75.1 482.6 141.1 430.3 171.9 406.9 206.5 380.7 245.6 357.2 286.5 342.2 338.4 323 399.2 299.5 453.1 291.7L458.3 349C504.3 327.4 542.3 267.5 575.1 229.2 587.1 215.2 609.2 196.8 610.3 177.1 611.2 159.4 592.6 142.4 581.8 130.2 551.2 95.5 500.1 28.1 453.1 20.8M796.9 36.5C743.6 89.7 642 138.7 619.8 213.5L703.1 213.5 703.1 770.8 703.1 916.7 708.5 970.8 755.2 979.6 895.8 979.2 901 213.5 979.2 213.5C972.4 180.3 946.4 165.9 921.9 145.1 880.3 109.9 840.7 68.3 796.9 36.5Z",
        "width": 1000
      },
      "search": [
        "cilogon"
      ]
    }
  ]
}