{
  "type": "excalidraw",
  "version": 2,
  "source": "https://excalidraw.com",
  "elements": [
    {
      "type": "rectangle",
      "version": 98,
      "versionNonce": 693092356,
      "isDeleted": false,
      "id": "l-y4P87G53U5Zf7Y4kf6p",
      "fillStyle": "hachure",
      "strokeWidth": 1,
      "strokeStyle": "solid",
      "roughness": 1,
      "opacity": 100,
      "angle": 0,
      "x": 661.4993299383547,
      "y": 232.07853122487302,
      "strokeColor": "#000000",
      "backgroundColor": "transparent",
      "width": 260.9756097560976,
      "height": 139.02439024390242,
      "seed": 303515956,
      "groupIds": [],
      "strokeSharpness": "sharp",
      "boundElementIds": []
    },
    {
      "type": "text",
      "version": 55,
      "versionNonce": 613364284,
      "isDeleted": false,
      "id": "Skm4TzM2FxQhK2QBWq4BX",
      "fillStyle": "hachure",
      "strokeWidth": 1,
      "strokeStyle": "solid",
      "roughness": 1,
      "opacity": 100,
      "angle": 0,
      "x": 746.8651835968911,
      "y": 281.11511659072664,
      "strokeColor": "#000000",
      "backgroundColor": "transparent",
      "width": 88,
      "height": 78,
      "seed": 144543284,
      "groupIds": [],
      "strokeSharpness": "sharp",
      "boundElementIds": [],
      "fontSize": 20,
      "fontFamily": 1,
      "text": "Patterns\n(Level 3)\n",
      "baseline": 70,
      "textAlign": "left",
      "verticalAlign": "top"
    },
    {
      "type": "rectangle",
      "version": 105,
      "versionNonce": 350297988,
      "isDeleted": false,
      "id": "doCn6otyC6cjdI6UP9KwT",
      "fillStyle": "hachure",
      "strokeWidth": 1,
      "strokeStyle": "solid",
      "roughness": 1,
      "opacity": 100,
      "angle": 0,
      "x": 662.7188421334764,
      "y": 399.1517019565802,
      "strokeColor": "#000000",
      "backgroundColor": "transparent",
      "width": 260.9756097560976,
      "height": 139.02439024390242,
      "seed": 2017794612,
      "groupIds": [],
      "strokeSharpness": "sharp",
      "boundElementIds": []
    },
    {
      "type": "text",
      "version": 41,
      "versionNonce": 2095418044,
      "isDeleted": false,
      "id": "tv2DJlJ0ezLGeL-YLv9zc",
      "fillStyle": "hachure",
      "strokeWidth": 1,
      "strokeStyle": "solid",
      "roughness": 1,
      "opacity": 100,
      "angle": 0,
      "x": 742.6090860359154,
      "y": 447.12731171267774,
      "strokeColor": "#000000",
      "backgroundColor": "transparent",
      "width": 89,
      "height": 52,
      "seed": 65468812,
      "groupIds": [],
      "strokeSharpness": "sharp",
      "boundElementIds": [],
      "fontSize": 20,
      "fontFamily": 1,
      "text": "Curated\n(Level 2)",
      "baseline": 44,
      "textAlign": "center",
      "verticalAlign": "top"
    },
    {
      "type": "rectangle",
      "version": 167,
      "versionNonce": 1444581124,
      "isDeleted": false,
      "id": "J26OD8IL1JApsnYwm2m3u",
      "fillStyle": "hachure",
      "strokeWidth": 1,
      "strokeStyle": "solid",
      "roughness": 1,
      "opacity": 100,
      "angle": 0,
      "x": 663.9383543285984,
      "y": 557.688287322434,
      "strokeColor": "#000000",
      "backgroundColor": "transparent",
      "width": 260.9756097560976,
      "height": 139.02439024390242,
      "seed": 948930828,
      "groupIds": [],
      "strokeSharpness": "sharp",
      "boundElementIds": []
    },
    {
      "type": "text",
      "version": 82,
      "versionNonce": 433902396,
      "isDeleted": false,
      "id": "hJejAox2pQk3RYcwhkHrh",
      "fillStyle": "hachure",
      "strokeWidth": 1,
      "strokeStyle": "solid",
      "roughness": 1,
      "opacity": 100,
      "angle": 0,
      "x": 719.7066470115252,
      "y": 598.7614580541414,
      "strokeColor": "#000000",
      "backgroundColor": "transparent",
      "width": 147,
      "height": 52,
      "seed": 2116977076,
      "groupIds": [],
      "strokeSharpness": "sharp",
      "boundElementIds": [],
      "fontSize": 20,
      "fontFamily": 1,
      "text": "CloudFormation\n(Level 1)",
      "baseline": 44,
      "textAlign": "center",
      "verticalAlign": "top"
    },
    {
      "type": "text",
      "version": 197,
      "versionNonce": 334185020,
      "isDeleted": false,
      "id": "XKb1EOMTL7U2x_AHDKDln",
      "fillStyle": "hachure",
      "strokeWidth": 1,
      "strokeStyle": "solid",
      "roughness": 1,
      "opacity": 100,
      "angle": 0,
      "x": 964.2826871836921,
      "y": 569.075661784414,
      "strokeColor": "#000000",
      "backgroundColor": "transparent",
      "width": 636,
      "height": 108,
      "seed": 1416381364,
      "groupIds": [],
      "strokeSharpness": "sharp",
      "boundElementIds": [],
      "fontSize": 28,
      "fontFamily": 1,
      "text": "- low-level constructs\n- directly represent CloudFormation resources\n- e.g. CfnQueue or CfnBucket",
      "baseline": 97,
      "textAlign": "left",
      "verticalAlign": "top"
    },
    {
      "type": "text",
      "version": 305,
      "versionNonce": 1921372676,
      "isDeleted": false,
      "id": "2zcHg4S-q2pRnbX5dFSLP",
      "fillStyle": "hachure",
      "strokeWidth": 1,
      "strokeStyle": "solid",
      "roughness": 1,
      "opacity": 100,
      "angle": 0,
      "x": 960.2970343859874,
      "y": 412.64381099531784,
      "strokeColor": "#000000",
      "backgroundColor": "transparent",
      "width": 657,
      "height": 108,
      "seed": 2033396364,
      "groupIds": [],
      "strokeSharpness": "sharp",
      "boundElementIds": [],
      "fontSize": 28,
      "fontFamily": 1,
      "text": "- high-level constructs with convenient defaults \n- address specific use cases\n- e.g. Bucket from aws-s3",
      "baseline": 97,
      "textAlign": "left",
      "verticalAlign": "top"
    },
    {
      "type": "text",
      "version": 440,
      "versionNonce": 1410870660,
      "isDeleted": false,
      "id": "taxZHgODQbue71D-nwVWF",
      "fillStyle": "hachure",
      "strokeWidth": 1,
      "strokeStyle": "solid",
      "roughness": 1,
      "opacity": 100,
      "angle": 0,
      "x": 960.1309280453806,
      "y": 214.6063797869408,
      "strokeColor": "#000000",
      "backgroundColor": "transparent",
      "width": 791,
      "height": 144,
      "seed": 2138150156,
      "groupIds": [],
      "strokeSharpness": "sharp",
      "boundElementIds": [],
      "fontSize": 28,
      "fontFamily": 1,
      "text": "\n- entire opinionated AWS architectures\n- \"patterns\" CDK module postfix (e.g. aws-ecs-patterns)\n- e.g. ApplicationLoadBalancedFargateService",
      "baseline": 133,
      "textAlign": "left",
      "verticalAlign": "top"
    },
    {
      "type": "text",
      "version": 94,
      "versionNonce": 1478194820,
      "isDeleted": false,
      "id": "iy3KjZN1XRdU1kJU5Efgm",
      "fillStyle": "hachure",
      "strokeWidth": 1,
      "strokeStyle": "solid",
      "roughness": 1,
      "opacity": 100,
      "angle": 0,
      "x": 894.2066470115252,
      "y": 122.0175556151169,
      "strokeColor": "#000000",
      "backgroundColor": "transparent",
      "width": 567,
      "height": 46,
      "seed": 1915078196,
      "groupIds": [],
      "strokeSharpness": "sharp",
      "boundElementIds": [],
      "fontSize": 36,
      "fontFamily": 1,
      "text": "AWS CDK Constructs Overview",
      "baseline": 32,
      "textAlign": "left",
      "verticalAlign": "top"
    }
  ],
  "appState": {
    "gridSize": null,
    "viewBackgroundColor": "#ffffff"
  }
}