<?xml version="1.0" encoding="UTF-8"?>
<beans xmlns="http://www.springframework.org/schema/beans"
       xmlns:xsi="http://www.w3.org/2001/XMLSchema-instance"
       xsi:schemaLocation="http://www.springframework.org/schema/beans
        http://www.springframework.org/schema/beans/spring-beans.xsd">

    <bean id="mockBeforeAdvice" class="com.myimooc.spring.simple.aop.api.MockBeforeAdvice"/>

    <bean id="mockAfterReturningAdvice"
          class="com.myimooc.spring.simple.aop.api.MockAfterReturningAdvice"/>

    <bean id="mockMethodInterceptor"
          class="com.myimooc.spring.simple.aop.api.MockMethodInterceptor"/>

    <bean id="mockThrowsAdvice" class="com.myimooc.spring.simple.aop.api.MockThrowsAdvice"/>

    <bean id="bizLogicImplTarget" class="com.myimooc.spring.simple.aop.api.BizLogicImpl"/>

    <!--    <bean id="pointcutBean" class="org.springframework.aop.support.NameMatchMethodPointcut">-->
    <!--        <property name="mappedNames">-->
    <!--            <list>-->
    <!--                <value>sa*</value>-->
    <!--            </list>-->
    <!--        </property>-->
    <!--    </bean>-->

    <!--    <bean id="defaultAdvisor" class="org.springframework.aop.support.DefaultPointcutAdvisor">-->
    <!--        <property name="advice" ref="mockBeforeAdvice"/>-->
    <!--        <property name="pointcut" ref="pointcutBean"/>-->
    <!--    </bean>-->

    <!--    <bean id="bizLogicImpl" class="org.springframework.aop.framework.ProxyFactoryBean">-->
    <!--        <property name="target" ref="bizLogicImplTarget"/>-->
    <!--        <property name="interceptorNames">-->
    <!--            <list>-->
    <!--                <value>defaultAdvisor</value>-->
    <!--                <value>mockAfterReturningAdvice</value>-->
    <!--                <value>mockMethodInterceptor</value>-->
    <!--                <value>mockThrowsAdvice</value>-->
    <!--            </list>-->
    <!--        </property>-->
    <!--    </bean>-->

    <!--    <bean id="bizLogicImplTarget" class="com.myimooc.spring.simple.aop.api.BizLogicImpl"/>-->

    <!--    <bean id="bizLogicImpl" class="org.springframework.aop.framework.ProxyFactoryBean">-->
    <!--        <property name="proxyInterfaces" value="com.myimooc.spring.simple.aop.api.BizLogic"/>-->
    <!--        <property name="target" ref="bizLogicImplTarget"/>-->
    <!--        <property name="interceptorNames">-->
    <!--            <list>-->
    <!--                <value>mockBeforeAdvice</value>-->
    <!--                <value>mockAfterReturningAdvice</value>-->
    <!--                <value>mockMethodInterceptor</value>-->
    <!--                <value>mockThrowsAdvice</value>-->
    <!--                <value>mock*</value>-->
    <!--            </list>-->
    <!--        </property>-->
    <!--    </bean>-->

    <bean id="baseProxyBean" class="org.springframework.aop.framework.ProxyFactoryBean"
          lazy-init="true" abstract="true"/>

    <bean id="bizLogicImpl" parent="baseProxyBean">
        <property name="target">
            <bean class="com.myimooc.spring.simple.aop.api.BizLogicImpl"/>
        </property>
        <property name="proxyInterfaces" value="com.myimooc.spring.simple.aop.api.BizLogic"/>
        <property name="interceptorNames">
            <list>
                <value>mockBeforeAdvice</value>
                <value>mockAfterReturningAdvice</value>
                <value>mockMethodInterceptor</value>
                <value>mockThrowsAdvice</value>
            </list>
        </property>
    </bean>

</beans>
