<?xml version="1.0" encoding="ISO-8859-1"?>
<project name="GitHub API for Java">
  <bannerLeft>
    <name>GitHub API for Java</name>
    <href>https://hub4j.github.io/github-api/</href>
  </bannerLeft>
  <skin>
    <groupId>org.kohsuke</groupId>
    <artifactId>maven-skin</artifactId>
    <version>1.2</version>
  </skin>

  <body>
    <menu name="Git Hub API for Java">
      <item name="Introduction" href="/index.html"/>
      <item name="Download" href="https://mvnrepository.com/artifact/${project.groupId}/${project.artifactId}"/>
      <item name="Source code" href="https://github.com/hub4j/${project.artifactId}"/>
      <item name="Mailing List" href="https://groups.google.com/forum/#!forum/github-api"/>
    </menu>

    <menu name="Guides">
      <item name="GitHub App Auth Flow" href="/githubappflow.html">
        <item name="JWT Authentication" href="/githubappjwtauth.html"/>
        <item name="App Installation Token " href="/githubappappinsttokenauth.html"/>
      </item>
      <item name="Working with organizations" href="/createorglevelresources.html"/>
    </menu>

    <menu name="References">
      <item name="Javadoc" href="apidocs/index.html"/>
    </menu>

    <menu ref="reports"/>
  </body>
</project>

