{
  "framework": "octane",
  "tests": [{
    "default": {
      "plaintext_url": "/plaintext",
      "json_url": "/json",
      "port": 8000,
      "approach": "Stripped",
      "classification": "Platform",
      "database": "None",
      "framework": "None",
      "language": "C",
      "flavor": "None",
      "orm": "Raw",
      "platform": "None",
      "webserver": "None",
      "os": "Linux",
      "database_os": "Linux",
      "notes": "",
      "versus": "octane",
      "tags": ["broken"]
    }
  }]
}
