<?xml version="1.0" encoding="UTF-8"?>

<!-- ===================================================================== -->
<!--                                                                       -->
<!--  JBoss Server Configuration                                           -->
<!--                                                                       -->
<!-- ===================================================================== -->

<!-- $Id: mysql-ds.xml,v 1.1 2002/07/22 22:57:24 d_jencks Exp $ -->
<!-- ==================================================================== -->
<!--  Datasource config for MySQL using 2.0.11 driver                     -->
<!-- ==================================================================== -->


<datasources>
  <local-tx-datasource>
    <jndi-name>TestDS</jndi-name>
    <connection-url>jdbc:mysql://localhost:3306/test?useUnicode=true&amp;characterEncoding=UTF-8</connection-url>
    <driver-class>com.mysql.jdbc.Driver</driver-class>
    <user-name>root</user-name>
    <password></password>
  </local-tx-datasource>


</datasources>
