{
  "template": "${{CHANGELOG}}\n\n<details>\n<summary>Uncategorized</summary>\n\n${{UNCATEGORIZED}}\n</details>",
  "pr_template": "- ${{TITLE}} #${{NUMBER}}",
  "empty_template": "- no changes",
  "categories": [
    {
      "title": "## 🚀 Features",
      "labels": ["feature"]
    },
    {
      "title": "## 🐛 Fixes",
      "labels": ["fix", "bug"]
    },
    {
      "title": "## 🔧 Enhancements",
      "labels": ["enhancement"]
    }
  ],
  "ignore_labels": ["ignore"],
  "tag_resolver": {
    "method": "semver"
  }
}
