<?xml version="1.0" encoding="UTF-8"?>
<!--
  ~ Copyright © 2019  camunda services GmbH (info@camunda.com)
  ~
  ~  Licensed under the Apache License, Version 2.0 (the "License");
  ~  you may not use this file except in compliance with the License.
  ~  You may obtain a copy of the License at
  ~
  ~        http://www.apache.org/licenses/LICENSE-2.0
  ~
  ~  Unless required by applicable law or agreed to in writing, software
  ~  distributed under the License is distributed on an "AS IS" BASIS,
  ~  WITHOUT WARRANTIES OR CONDITIONS OF ANY KIND, either express or implied.
  ~  See the License for the specific language governing permissions and
  ~  limitations under the License.
  ~
  -->

<FindBugsFilter
  xmlns="https://github.com/spotbugs/filter/3.0.0"
  xmlns:xsi="http://www.w3.org/2001/XMLSchema-instance"
  xsi:schemaLocation="https://github.com/spotbugs/filter/3.0.0 https://raw.githubusercontent.com/spotbugs/spotbugs/3.1.0/spotbugs/etc/findbugsfilter.xsd">

  <Match>
    <Or>
      <Annotation name="javax.annotation.processing.Generated"/>
      <Annotation name="jakarta.annotation.Generated"/>
    </Or>
  </Match>

  <Bug code="RCN"/>
  <Bug pattern="AT_NONATOMIC_64BIT_PRIMITIVE"/>
  <Bug pattern="HSM_HIDING_METHOD" />
</FindBugsFilter>
