<?xml version="1.0" encoding="UTF-8"?>
<configuration scan="true" scanPeriod="60 seconds" debug="false">
    <property name="APP_NAME" value="newblog"/>

    <if condition='"${spring.profiles.active}".contains("dev")'>
        <then>
            <property name="LOG_PATH" value="./logs"/>
        </then>
        <else>
            <property name="LOG_PATH" value="/data/logs/${APP_NAME}"/>
        </else>
    </if>

    <include resource="org/springframework/boot/logging/logback/defaults.xml"/>

    <appender name="STDOUT" class="ch.qos.logback.core.ConsoleAppender">
        <encoder>
            <pattern>${CONSOLE_LOG_PATTERN}</pattern>
            <charset>utf8</charset>
        </encoder>
    </appender>
    <appender name="INFO" class="ch.qos.logback.core.rolling.RollingFileAppender">
        <file>${LOG_PATH}/info.log</file>
        <rollingPolicy class="ch.qos.logback.core.rolling.TimeBasedRollingPolicy">
            <!--日志文件输出的文件名-->
            <FileNamePattern>${LOG_PATH}/info.%d{yyyy-MM-dd}.%i.log</FileNamePattern>
            <!--日志文件保留天数-->
            <maxHistory>3</maxHistory>
            <totalSizeCap>1GB</totalSizeCap>
            <timeBasedFileNamingAndTriggeringPolicy class="ch.qos.logback.core.rolling.SizeAndTimeBasedFNATP">
                <!--文件达到 最大128MB时会被压缩和切割 -->
                <maxFileSize>128MB</maxFileSize>
            </timeBasedFileNamingAndTriggeringPolicy>
        </rollingPolicy>
        <encoder>
            <pattern>${FILE_LOG_PATTERN}</pattern>
            <charset>utf8</charset>
        </encoder>
    </appender>
    <appender name="WARN" class="ch.qos.logback.core.rolling.RollingFileAppender">
        <file>${LOG_PATH}/warn.log</file>
        <rollingPolicy class="ch.qos.logback.core.rolling.TimeBasedRollingPolicy">
            <!--日志文件输出的文件名-->
            <FileNamePattern>${LOG_PATH}/warn.%d{yyyy-MM-dd}.%i.log</FileNamePattern>
            <!--日志文件保留天数-->
            <maxHistory>3</maxHistory>
            <totalSizeCap>1GB</totalSizeCap>
            <timeBasedFileNamingAndTriggeringPolicy class="ch.qos.logback.core.rolling.SizeAndTimeBasedFNATP">
                <!--文件达到 最大128MB时会被压缩和切割 -->
                <maxFileSize>128MB</maxFileSize>
            </timeBasedFileNamingAndTriggeringPolicy>
        </rollingPolicy>
        <encoder>
            <pattern>${FILE_LOG_PATTERN}</pattern>
            <charset>utf8</charset>
        </encoder>
        <filter class="ch.qos.logback.classic.filter.LevelFilter">
            <level>WARN</level>
            <onMatch>ACCEPT</onMatch>
            <onMismatch>DENY</onMismatch>
        </filter>
    </appender>
    <appender name="ERROR" class="ch.qos.logback.core.rolling.RollingFileAppender">
        <file>${LOG_PATH}/error.log</file>
        <rollingPolicy class="ch.qos.logback.core.rolling.TimeBasedRollingPolicy">
            <!--日志文件输出的文件名-->
            <FileNamePattern>${LOG_PATH}/error.%d{yyyy-MM-dd}.%i.log</FileNamePattern>
            <!--日志文件保留天数-->
            <maxHistory>60</maxHistory>
            <totalSizeCap>5GB</totalSizeCap>
            <timeBasedFileNamingAndTriggeringPolicy class="ch.qos.logback.core.rolling.SizeAndTimeBasedFNATP">
                <!--文件达到 最大128MB时会被压缩和切割 -->
                <maxFileSize>128MB</maxFileSize>
            </timeBasedFileNamingAndTriggeringPolicy>
        </rollingPolicy>
        <encoder>
            <pattern>${FILE_LOG_PATTERN}</pattern>
            <charset>utf8</charset>
        </encoder>
        <filter class="ch.qos.logback.classic.filter.LevelFilter">
            <level>ERROR</level>
            <onMatch>ACCEPT</onMatch>
            <onMismatch>DENY</onMismatch>
        </filter>
    </appender>
    <appender name="asyncFileAppender" class="ch.qos.logback.classic.AsyncAppender">
        <discardingThreshold>0</discardingThreshold>
        <queueSize>512</queueSize>
        <appender-ref ref="INFO"/>
    </appender>


    <!-- 开发环境 -->
    <springProfile name="dev">
        <root level="INFO">
            <appender-ref ref="STDOUT"/>
        </root>
    </springProfile>

    <!-- 生产环境 -->
    <springProfile name="prod">
        <root level="INFO">
            <appender-ref ref="STDOUT"/>
            <appender-ref ref="INFO"/>
            <appender-ref ref="WARN"/>
            <appender-ref ref="ERROR"/>
        </root>
    </springProfile>


</configuration>