{
  "typeLabels": [
    {
      "title": "⚡️ Breaking Changes",
      "types": ["breaking"]
    },
    {
      "title": "🚀 New Features",
      "types": ["feat"]
    },
    {
      "title": "💊 Bugfixes",
      "types": ["fix", "revert"]
    },
    {
      "title": "🧹 Chore",
      "types": ["chore", "ci", "build", "test", "refactor", "style", "docs"]
    }
  ],
  "bumpLabels": [
    {
      "title": "major",
      "types": ["breaking"]
    },
    {
      "title": "minor",
      "types": ["feat"]
    },
    {
      "title": "patch",
      "types": []
    }
  ],
  "issuesUrl": "",
  "sortOrder": "desc",
  "emptyMessage": "No changes"
}
