<?xml version="1.0" encoding="UTF-8"?>
<configuration>

    <conversionRule conversionWord="mm" converterClass="io.github.smart.cloud.starter.logback.pattern.MaskMessageConverter"/>

    <springProperty scope="context" name="app_name" source="spring.application.name" defaultValue="app"/>
    <springProperty scope="context" name="log_path" source="logging.base-dir" defaultValue="/data/logs"/>

    <property name="log_format" value="%d{yyyy-MM-dd HH:mm:ss.SSS} %level [%X{traceId}|%X{spanId}] %thread [%logger{36} %method %line] %mm%n"/>

    <!-- 开发环境使用 打印在控制台-->
    <appender name="console" class="ch.qos.logback.core.ConsoleAppender">
        <encoder>
            <pattern>${log_format}</pattern>
        </encoder>
    </appender>

    <appender name="local_disk_file" class="ch.qos.logback.core.rolling.RollingFileAppender">
        <file>${log_path}/${app_name}.log</file>
        <rollingPolicy class="ch.qos.logback.core.rolling.TimeBasedRollingPolicy">
            <fileNamePattern>${log_path}/${app_name}.%d{yyyyMMddHH}.%i.gz</fileNamePattern>
            <timeBasedFileNamingAndTriggeringPolicy class="ch.qos.logback.core.rolling.SizeAndTimeBasedFNATP">
                <maxFileSize>512MB</maxFileSize>
            </timeBasedFileNamingAndTriggeringPolicy>
            <maxHistory>120</maxHistory>
            <totalSizeCap>20GB</totalSizeCap>
        </rollingPolicy>
        <append>true</append>
        <!-- 日志文件的格式 -->
        <encoder>
            <pattern>${log_format}</pattern>
        </encoder>
    </appender>

    <appender name="elk_file" class="ch.qos.logback.core.rolling.RollingFileAppender">
        <file>${log_path}/elk/${app_name}.log</file>
        <rollingPolicy class="ch.qos.logback.core.rolling.TimeBasedRollingPolicy">
            <fileNamePattern>${log_path}/elk/${app_name}.%d{yyyyMMddHH}.%i.gz</fileNamePattern>
            <timeBasedFileNamingAndTriggeringPolicy class="ch.qos.logback.core.rolling.SizeAndTimeBasedFNATP">
                <maxFileSize>512MB</maxFileSize>
            </timeBasedFileNamingAndTriggeringPolicy>
            <maxHistory>120</maxHistory>
            <totalSizeCap>20GB</totalSizeCap>
        </rollingPolicy>
        <append>true</append>
        <!-- 日志文件的格式 -->
        <encoder class="net.logstash.logback.encoder.LoggingEventCompositeJsonEncoder">
            <providers class="net.logstash.logback.composite.loggingevent.LoggingEventJsonProviders">
                <timestamp>
                    <timeZone>UTC</timeZone>
                </timestamp>
                <pattern>
                    <pattern>
                        {
                            "timestamp": "%date{yyyy-MM-dd'T'HH:mm:ss.SSS}",
                            "level": "%level",
                            "appName": "${app_name}",
                            "msg": "[%X{X-B3-SpanId} | %X{X-B3-ParentSpanId} | %X{X-B3-TraceId}] %thread [%logger{36} %method %line] %mm",
                            "stacktrace": "%exception"
                        }
                    </pattern>
                </pattern>
            </providers>
        </encoder>
    </appender>

    <root>
        <level value="INFO"/>
        <appender-ref ref="console"/>
        <appender-ref ref="local_disk_file"/>
        <appender-ref ref="elk_file"/>
    </root>

</configuration>
