{
	"homeInfo": {
		"title": "欢迎页",
		"href": "page/welcome.html"
	},
	"logoInfo": {
		"title": "DHorse",
		"image": "images/logo.png",
		"href": ""
	},
	"menuInfo": [
		{
			"title": "系统配置",
			"href": "",
			"icon": "fa fa-cogs",
			"target": "_self",
			"child": [
				{
					"title": "LDAP登录",
					"href": "page/sys_config/ldap.html",
					"icon": "fa fa-cog",
					"target": "_self"
				},
				{
					"title": "企业微信",
					"href": "page/sys_config/wechat.html",
					"icon": "fa fa-cog",
					"target": "_self"
				},
				{
					"title": "钉钉登录",
					"href": "page/sys_config/dingding.html",
					"icon": "fa fa-cog",
					"target": "_self"
				},
				{
					"title": "飞书登录",
					"href": "page/sys_config/feishu.html",
					"icon": "fa fa-cog",
					"target": "_self"
				},
				{
					"title": "自义定菜单",
					"href": "page/sys_config/customized_menu/list.html",
					"icon": "fa fa-cog",
					"target": "_self"
				}
			]
		},
		{
			"title": "用户管理",
			"href": "page/sys_user/list.html",
			"icon": "fa fa-users",
			"target": "_self"
		},
		{
			"title": "集群管理",
			"href": "page/cluster/list.html",
			"icon": "fa fa-server",
			"target": "_self"
		},
		{
			"title": "公共配置",
			"href": "",
			"icon": "fa fa-cogs",
			"target": "_self",
			"child": [
				{
					"title": "代码仓库",
					"href": "page/common_config/code_repo.html",
					"icon": "fa fa-cog",
					"target": "_self"
				},
				{
					"title": "镜像仓库",
					"href": "page/common_config/image_repo.html",
					"icon": "fa fa-cog",
					"target": "_self"
				},
				{
					"title": "环境模板",
					"href": "page/common_config/env_template/list.html",
					"icon": "fa fa-cog",
					"target": "_self"
				},
				{
					"title": "链路追踪模板",
					"href": "page/common_config/trace_template/list.html",
					"icon": "fa fa-cog",
					"target": "_self"
				},
				{
					"title": "更多配置",
					"href": "page/common_config/more.html",
					"icon": "fa fa-cog",
					"target": "_self"
				}
			]
		},
		{
			"title": "应用管理",
			"href": "",
			"icon": "fa fa-file-code-o",
			"target": "_self",
			"child": [
				{
					"title": "应用详情",
					"href": "page/app/detail.html",
					"icon": "fa fa-file-text-o",
					"target": "_self"
				},
				{
					"title": "应用成员",
					"href": "page/app/member/list.html",
					"icon": "fa fa-user",
					"target": "_self"
				},
				{
					"title": "添加应用",
					"href": "page/app/add.html",
					"icon": "fa fa-plus-square",
					"target": "_self"
				}
			]
		},
		{
			"title": "发布管理",
			"href": "",
			"icon": "fa fa-rocket",
			"target": "_self",
			"child": [
				{
					"title": "分支管理",
					"href": "page/branch/list.html",
					"icon": "fa fa-share-alt",
					"target": "_self"
				},
				{
					"title": "标签管理",
					"href": "page/tag/list.html",
					"icon": "fa fa-tag",
					"target": "_self"
				},
				{
					"title": "版本列表",
					"href": "page/deployment_version/list.html",
					"icon": "fa fa-th",
					"target": "_self"
				},
				{
					"title": "环境管理",
					"href": "page/env/list.html",
					"icon": "fa fa-laptop",
					"target": "_self"
				},
				{
					"title": "部署历史",
					"href": "page/deployment_detail/list.html",
					"icon": "fa fa-history",
					"target": "_self"
				}
			]
		},
		{
			"title": "副本管理",
			"href": "page/replica/list.html",
			"icon": "fa fa-list",
			"target": "_self"
		}
	]
}