{
	"homeInfo": {
		"title": "欢迎页",
		"href": "page/welcome.html"
	},
	"logoInfo": {
		"title": "DHorse",
		"image": "images/logo.png",
		"href": ""
	},
	"menuInfo": [
		{
			"title": "应用管理",
			"href": "",
			"icon": "fa fa-file-code-o",
			"target": "_self",
			"child": [
				{
					"title": "应用详情",
					"href": "page/app/detail.html",
					"icon": "fa fa-file-text-o",
					"target": "_self"
				},
				{
					"title": "应用成员",
					"href": "page/app/member/list.html",
					"icon": "fa fa-user",
					"target": "_self"
				},
				{
					"title": "添加应用",
					"href": "page/app/add.html",
					"icon": "fa fa-plus-square",
					"target": "_self"
				}
			]
		},
		{
			"title": "发布管理",
			"href": "",
			"icon": "fa fa-rocket",
			"target": "_self",
			"child": [
				{
					"title": "分支管理",
					"href": "page/branch/list.html",
					"icon": "fa fa-share-alt",
					"target": "_self"
				},
				{
					"title": "标签管理",
					"href": "page/tag/list.html",
					"icon": "fa fa-tag",
					"target": "_self"
				},
				{
					"title": "版本列表",
					"href": "page/deployment_version/list.html",
					"icon": "fa fa-th",
					"target": "_self"
				},
				{
					"title": "环境管理",
					"href": "page/env/list.html",
					"icon": "fa fa-laptop",
					"target": "_self"
				},
				{
					"title": "部署历史",
					"href": "page/deployment_detail/list.html",
					"icon": "fa fa-history",
					"target": "_self"
				}
			]
		},
		{
			"title": "副本管理",
			"href": "page/replica/list.html",
			"icon": "fa fa-list",
			"target": "_self"
		}
	]
}