<component name="ProjectRunConfigurationManager">
  <configuration default="false" name="ConsoleMe Docker - Force Build" type="docker-deploy" factoryName="docker-compose.yml" server-name="Docker">
    <deployment type="docker-compose.yml">
      <settings>
        <option name="removeVolumesOnComposeDown" value="true" />
        <option name="commandLineOptions" value="--build" />
        <option name="secondarySourceFiles">
          <list>
            <option value="docker-compose.yaml" />
          </list>
        </option>
        <option name="services">
          <list>
            <option value="consoleme" />
          </list>
        </option>
        <option name="sourceFilePath" value="docker-compose-dependencies.yaml" />
      </settings>
    </deployment>
    <method v="2" />
  </configuration>
</component>