<component name="ProjectRunConfigurationManager">
  <configuration default="false" name="Consoleme OSS - Local Celery Beat and Worker" type="PythonConfigurationType" factoryName="Python">
    <module name="consoleme" />
    <option name="INTERPRETER_OPTIONS" value="" />
    <option name="PARENT_ENVS" value="true" />
    <envs>
      <env name="PYTHONUNBUFFERED" value="1" />
      <env name="PYTHONASYNCIODEBUG" value="1" />
      <env name="CONSOLEME_CONFIG_ENTRYPOINT" value="default_config" />
    </envs>
    <option name="SDK_HOME" value="" />
    <option name="WORKING_DIRECTORY" value="$PROJECT_DIR$/" />
    <option name="IS_MODULE_SDK" value="true" />
    <option name="ADD_CONTENT_ROOTS" value="true" />
    <option name="ADD_SOURCE_ROOTS" value="true" />
    <EXTENSION ID="PythonCoverageRunConfigurationExtension" runner="coverage.py" />
    <EXTENSION ID="net.ashald.envfile">
      <option name="IS_ENABLED" value="false" />
      <option name="IS_SUBST" value="false" />
      <option name="IS_PATH_MACRO_SUPPORTED" value="false" />
      <option name="IS_IGNORE_MISSING_FILES" value="false" />
      <option name="IS_ENABLE_EXPERIMENTAL_INTEGRATIONS" value="false" />
      <ENTRIES>
        <ENTRY IS_ENABLED="false" PARSER="env" PATH="$PROJECT_DIR$/environment.env" />
        <ENTRY IS_ENABLED="true" PARSER="runconfig" />
      </ENTRIES>
    </EXTENSION>
    <option name="SCRIPT_NAME" value="celery" />
    <option name="PARAMETERS" value="-A consoleme.celery_tasks.celery_tasks worker -l DEBUG -B -E --concurrency=8" />
    <option name="SHOW_COMMAND_LINE" value="false" />
    <option name="EMULATE_TERMINAL" value="true" />
    <option name="MODULE_MODE" value="true" />
    <option name="REDIRECT_INPUT" value="false" />
    <option name="INPUT_FILE" value="" />
    <method v="2" />
  </configuration>
</component>