{"frameRate":30,"name":"20703020","version":"5.5","compatibleVersion":"5.5","armature":[{"type":"Armature","frameRate":30,"name":"20703020","aabb":{"x":-125.5,"y":-136.87,"width":283.58,"height":203.42},"bone":[{"name":"root"},{"name":"bone_ikTarget","parent":"root","transform":{"x":123.7088,"y":-121.9447}},{"name":"nv","parent":"root"},{"name":"ik_foot_l","parent":"nv","transform":{"x":-58.79,"y":-68.24,"skX":100.64,"skY":100.64}},{"name":"pelvis","parent":"nv","transform":{"x":-107.18,"y":-913}},{"length":407,"name":"thigh_l","parent":"pelvis","transform":{"x":-39.11,"y":33.29,"skX":85.04,"skY":85.04}},{"length":393,"name":"thigh_r","parent":"pelvis","transform":{"x":77.79,"y":26.43,"skX":93.63,"skY":93.63}},{"length":408,"name":"calf_l","parent":"thigh_l","transform":{"x":407.97,"y":-1.43,"skX":-2.7,"skY":-2.7}},{"length":410,"name":"calf_r","parent":"thigh_r","transform":{"x":395.5,"y":-1.18,"skX":-29.2,"skY":-29.2}},{"inheritRotation":false,"length":108,"name":"foot_l","parent":"calf_l","transform":{"x":411.64,"y":0.23,"skX":103.24,"skY":103.24}},{"inheritRotation":false,"length":97,"name":"foot_r","parent":"calf_r","transform":{"x":410.23,"y":-1.14,"skX":87.83,"skY":87.83}}],"slot":[{"name":"1023","parent":"root"},{"name":"1022","parent":"root"}],"ik":[{"bendPositive":false,"chain":1,"name":"ik_foot_l","bone":"calf_l","target":"ik_foot_l"},{"bendPositive":false,"chain":1,"name":"bone_ik","bone":"calf_r","target":"bone_ikTarget"}],"skin":[{"slot":[{"name":"1022","display":[{"type":"mesh","name":"shoe/20703020_1","width":79,"height":132,"vertices":[161.99,-102.35,161.7,2.59,82.7,2.38,82.85,-47.95,92.74,-98.64,92.8,-122.73,155.24,-129.42],"uvs":[1,0.20492,1,1,0,1,0,0.61874,0.12347,0.23448,0.12337,0.05203,0.91356,0.00001],"triangles":[3,2,1,6,4,0,3,1,0,4,3,0,5,4,6],"weights":[2,10,0.936,8,0.06398,1,10,1,1,10,1,1,10,1,2,10,0.92,8,0.07999,2,10,0.512,8,0.48799,2,10,0.53599,8,0.464],"slotPose":[1,0,0,1,0,0],"bonePose":[10,0.03769,0.999289,-0.999289,0.03769,124.83646,-122.229299,8,0.431613,0.902059,-0.902059,0.431613,-53.252689,-491.788776],"edges":[2,1,1,0,0,6,6,5,5,4,4,3,3,2],"userEdges":[4,0]}]},{"name":"1023","display":[{"type":"mesh","name":"shoe/20703020","width":92,"height":138,"vertices":[-27.01,-40.69,-26.64,78.07,-118.63,78.35,-118.81,21.66,-96.29,0.4,-89.6,-38.22,-88.9,-59.73,-27.07,-59.93],"uvs":[1,0.1394,1,1,0,1,0,0.58922,0.2455,0.43562,0.31956,0.15586,0.32778,0,1,0],"triangles":[6,5,0,5,4,0,4,3,1,3,2,1,0,4,1,6,0,7],"weights":[2,7,0.104,9,0.89599,1,9,1,1,9,1,1,9,1,1,9,1,2,7,0.08,9,0.91999,2,7,0.45599,9,0.544,2,7,0.44799,9,0.552],"slotPose":[1,0,0,1,0,0],"bonePose":[7,0.133294,0.991076,-0.991076,0.133294,-109.592168,-473.391363,9,-0.202787,0.979223,-0.979223,-0.202787,-54.950844,-65.393975],"edges":[2,1,1,0,0,7,7,6,6,5,5,4,4,3,3,2],"userEdges":[5,0]}]}]}],"animation":[{"duration":0,"playTimes":0,"name":"newAnimation"}],"defaultActions":[{"gotoAndPlay":"newAnimation"}]}]}