<?xml version="1.0" encoding="UTF-8"?>

<!--
  Licensed to the Apache Software Foundation (ASF) under one or more
  contributor license agreements.  See the NOTICE file distributed with
  this work for additional information regarding copyright ownership.
  The ASF licenses this file to You under the Apache License, Version 2.0
  (the "License"); you may not use this file except in compliance with
  the License.  You may obtain a copy of the License at

       http://www.apache.org/licenses/LICENSE-2.0

  Unless required by applicable law or agreed to in writing, software
  distributed under the License is distributed on an "AS IS" BASIS,
  WITHOUT WARRANTIES OR CONDITIONS OF ANY KIND, either express or implied.
  See the License for the specific language governing permissions and
  limitations under the License.
-->

<!--
    Command line (default) ignite configuration.
-->
<beans xmlns="http://www.springframework.org/schema/beans"
       xmlns:xsi="http://www.w3.org/2001/XMLSchema-instance"
       xmlns:util="http://www.springframework.org/schema/util"
       xsi:schemaLocation="
        http://www.springframework.org/schema/beans http://www.springframework.org/schema/beans/spring-beans.xsd
        http://www.springframework.org/schema/util http://www.springframework.org/schema/util/spring-util.xsd">
    <description>Main Spring file for ignite configuration.</description>

    <!-- Example of bean definition with given configuration. -->
    <bean id="mySpringBean" class="org.apache.ignite.IgniteSpringBean">
        <property name="configuration">
            <bean id="ignite.cfg" class="org.apache.ignite.configuration.IgniteConfiguration">
                <!-- Set to true to enable ignite-aware class loading for examples, default is false. -->
                <property name="peerClassLoadingEnabled" value="true"/>

                <!-- Enable task execution events for examples. -->
                <property name="includeEventTypes">
                    <util:constant static-field="org.apache.ignite.events.EventType.EVTS_TASK_EXECUTION"/>
                </property>

                <!-- Explicitly configure TCP discovery SPI to provide list of initial nodes. -->
                <property name="discoverySpi">
                    <bean class="org.apache.ignite.spi.discovery.tcp.TcpDiscoverySpi">
                        <property name="ipFinder">
                            <!-- Uncomment static IP finder to enable static-based discovery of initial nodes. -->
                            <!--<bean class="org.apache.ignite.spi.discovery.tcp.ipfinder.vm.TcpDiscoveryVmIpFinder">-->
                            <bean class="org.apache.ignite.spi.discovery.tcp.ipfinder.multicast.TcpDiscoveryMulticastIpFinder">
                                <property name="addresses">
                                    <list>
                                        <!-- In distributed environment, replace with actual host IP address. -->
                                        <value>127.0.0.1:47500..47509</value>
                                    </list>
                                </property>
                            </bean>
                        </property>
                    </bean>
                </property>
            </bean>
        </property>
    </bean>
</beans>
