{
  "framework": "oatpp",
  "tests": [{
    "default": {
      "json_url": "/json",
      "port": 8000,
      "approach": "Realistic",
      "classification": "Micro",
      "database": "None",
      "framework": "oatpp",
      "language": "C++",
      "flavor": "None",
      "orm": "Raw",
      "platform": "None",
      "webserver": "None",
      "os": "Linux",
      "database_os": "Linux",
      "display_name": "oatpp",
      "notes": "Test of Oat++ Simple API.",
      "versus": "None"
    },
    "no-mp": {
      "json_url": "/json",
      "port": 8000,
      "approach": "Realistic",
      "classification": "Micro",
      "database": "None",
      "framework": "oatpp",
      "language": "C++",
      "flavor": "None",
      "orm": "Raw",
      "platform": "None",
      "webserver": "None",
      "os": "Linux",
      "database_os": "Linux",
      "display_name": "oatpp-no-mp",
      "notes": "Test of Oat++ Simple API. No memory pool.",
      "versus": "None"
    },
    "async": {
      "json_url": "/json",
      "plaintext_url": "/plaintext",
      "port": 8000,
      "approach": "Realistic",
      "classification": "Micro",
      "database": "None",
      "framework": "oatpp",
      "language": "C++",
      "flavor": "None",
      "orm": "Raw",
      "platform": "None",
      "webserver": "None",
      "os": "Linux",
      "database_os": "Linux",
      "display_name": "oatpp-async",
      "notes": "Test of Oat++ Async API.",
      "versus": "None"
    },
    "async-no-mp": {
      "json_url": "/json",
      "plaintext_url": "/plaintext",
      "port": 8000,
      "approach": "Realistic",
      "classification": "Micro",
      "database": "None",
      "framework": "oatpp",
      "language": "C++",
      "flavor": "None",
      "orm": "Raw",
      "platform": "None",
      "webserver": "None",
      "os": "Linux",
      "database_os": "Linux",
      "display_name": "oatpp-async-no-mp",
      "notes": "Test of Oat++ Async API. No memory pool.",
      "versus": "None"
    }
  }]
}
