[
{
  "name":"android.os.Build$VERSION"
},
{
  "name":"ch.qos.logback.classic.encoder.PatternLayoutEncoder",
  "queryAllPublicMethods":true,
  "methods":[{"name":"<init>","parameterTypes":[] }]
},
{
  "name":"ch.qos.logback.classic.joran.SerializedModelConfigurator",
  "methods":[{"name":"<init>","parameterTypes":[] }]
},
{
  "name":"ch.qos.logback.classic.pattern.DateConverter",
  "methods":[{"name":"<init>","parameterTypes":[] }]
},
{
  "name":"ch.qos.logback.classic.pattern.LevelConverter",
  "methods":[{"name":"<init>","parameterTypes":[] }]
},
{
  "name":"ch.qos.logback.classic.pattern.LineSeparatorConverter",
  "methods":[{"name":"<init>","parameterTypes":[] }]
},
{
  "name":"ch.qos.logback.classic.pattern.LoggerConverter",
  "methods":[{"name":"<init>","parameterTypes":[] }]
},
{
  "name":"ch.qos.logback.classic.pattern.MessageConverter",
  "methods":[{"name":"<init>","parameterTypes":[] }]
},
{
  "name":"ch.qos.logback.classic.pattern.ThreadConverter",
  "methods":[{"name":"<init>","parameterTypes":[] }]
},
{
  "name":"ch.qos.logback.classic.spi.LogbackServiceProvider"
},
{
  "name":"ch.qos.logback.classic.util.DefaultJoranConfigurator",
  "methods":[{"name":"<init>","parameterTypes":[] }]
},
{
  "name":"ch.qos.logback.core.ConsoleAppender",
  "queryAllPublicMethods":true,
  "methods":[{"name":"<init>","parameterTypes":[] }]
},
{
  "name":"ch.qos.logback.core.OutputStreamAppender",
  "methods":[{"name":"setEncoder","parameterTypes":["ch.qos.logback.core.encoder.Encoder"] }]
},
{
  "name":"ch.qos.logback.core.encoder.Encoder",
  "methods":[{"name":"valueOf","parameterTypes":["java.lang.String"] }]
},
{
  "name":"ch.qos.logback.core.encoder.LayoutWrappingEncoder",
  "methods":[{"name":"setParent","parameterTypes":["ch.qos.logback.core.spi.ContextAware"] }]
},
{
  "name":"ch.qos.logback.core.pattern.PatternLayoutEncoderBase",
  "methods":[{"name":"setPattern","parameterTypes":["java.lang.String"] }]
},
{
  "name":"ch.qos.logback.core.spi.ContextAware",
  "methods":[{"name":"valueOf","parameterTypes":["java.lang.String"] }]
},
{
  "name":"com.sun.org.apache.xerces.internal.jaxp.SAXParserFactoryImpl",
  "methods":[{"name":"<init>","parameterTypes":[] }]
},
{
  "name":"example.com.ApplicationKt",
  "queryAllPublicMethods":true,
  "methods":[{"name":"module","parameterTypes":["io.ktor.server.application.Application"] }]
},
{
  "name":"io.ktor.http.HttpStatusCode"
},
{
  "name":"io.ktor.http.content.TextContent"
},
{
  "name":"io.ktor.serialization.kotlinx.json.KotlinxSerializationJsonExtensionProvider"
},
{
  "name":"io.ktor.server.application.Application"
},
{
  "name":"io.ktor.server.config.HoconConfigLoader"
},
{
  "name":"io.ktor.server.config.yaml.YamlConfigLoader"
},
{
  "name":"io.ktor.server.netty.NettyApplicationCall",
  "fields":[{"name":"messageReleased"}]
},
{
  "name":"io.ktor.server.netty.NettyApplicationCallHandler",
  "methods":[{"name":"channelRead","parameterTypes":["io.netty.channel.ChannelHandlerContext","java.lang.Object"] }, {"name":"exceptionCaught","parameterTypes":["io.netty.channel.ChannelHandlerContext","java.lang.Throwable"] }]
},
{
  "name":"io.ktor.server.netty.NettyChannelInitializer"
},
{
  "name":"io.ktor.server.netty.NettyHttpHandlerState",
  "fields":[{"name":"activeRequests$internal"}, {"name":"isChannelReadCompleted$internal"}, {"name":"isCurrentRequestFullyRead$internal"}, {"name":"skippedRead$internal"}]
},
{
  "name":"io.ktor.server.netty.cio.NettyHttpResponsePipeline",
  "fields":[{"name":"isDataNotFlushed"}]
},
{
  "name":"io.ktor.server.netty.cio.RequestBodyHandler",
  "fields":[{"name":"buffersInProcessingCount"}],
  "methods":[{"name":"channelRead","parameterTypes":["io.netty.channel.ChannelHandlerContext","java.lang.Object"] }, {"name":"exceptionCaught","parameterTypes":["io.netty.channel.ChannelHandlerContext","java.lang.Throwable"] }]
},
{
  "name":"io.ktor.server.netty.http1.NettyHttp1Handler",
  "methods":[{"name":"channelActive","parameterTypes":["io.netty.channel.ChannelHandlerContext"] }, {"name":"channelInactive","parameterTypes":["io.netty.channel.ChannelHandlerContext"] }, {"name":"channelRead","parameterTypes":["io.netty.channel.ChannelHandlerContext","java.lang.Object"] }, {"name":"channelReadComplete","parameterTypes":["io.netty.channel.ChannelHandlerContext"] }, {"name":"exceptionCaught","parameterTypes":["io.netty.channel.ChannelHandlerContext","java.lang.Throwable"] }]
},
{
  "name":"io.ktor.util.collections.CopyOnWriteHashMap",
  "fields":[{"name":"current"}]
},
{
  "name":"io.ktor.util.internal.LockFreeLinkedListNode",
  "fields":[{"name":"_next"}, {"name":"_prev"}, {"name":"_removedRef"}]
},
{
  "name":"io.netty.bootstrap.ServerBootstrap$1"
},
{
  "name":"io.netty.bootstrap.ServerBootstrap$ServerBootstrapAcceptor",
  "methods":[{"name":"channelRead","parameterTypes":["io.netty.channel.ChannelHandlerContext","java.lang.Object"] }, {"name":"exceptionCaught","parameterTypes":["io.netty.channel.ChannelHandlerContext","java.lang.Throwable"] }]
},
{
  "name":"io.netty.buffer.AbstractByteBufAllocator",
  "queryAllDeclaredMethods":true
},
{
  "name":"io.netty.buffer.AbstractReferenceCountedByteBuf",
  "fields":[{"name":"refCnt"}]
},
{
  "name":"io.netty.channel.AbstractChannelHandlerContext",
  "fields":[{"name":"handlerState"}]
},
{
  "name":"io.netty.channel.ChannelHandlerAdapter",
  "methods":[{"name":"exceptionCaught","parameterTypes":["io.netty.channel.ChannelHandlerContext","java.lang.Throwable"] }]
},
{
  "name":"io.netty.channel.ChannelInboundHandlerAdapter",
  "methods":[{"name":"channelActive","parameterTypes":["io.netty.channel.ChannelHandlerContext"] }, {"name":"channelInactive","parameterTypes":["io.netty.channel.ChannelHandlerContext"] }, {"name":"channelRead","parameterTypes":["io.netty.channel.ChannelHandlerContext","java.lang.Object"] }, {"name":"channelReadComplete","parameterTypes":["io.netty.channel.ChannelHandlerContext"] }, {"name":"channelRegistered","parameterTypes":["io.netty.channel.ChannelHandlerContext"] }, {"name":"channelUnregistered","parameterTypes":["io.netty.channel.ChannelHandlerContext"] }, {"name":"channelWritabilityChanged","parameterTypes":["io.netty.channel.ChannelHandlerContext"] }, {"name":"exceptionCaught","parameterTypes":["io.netty.channel.ChannelHandlerContext","java.lang.Throwable"] }, {"name":"userEventTriggered","parameterTypes":["io.netty.channel.ChannelHandlerContext","java.lang.Object"] }]
},
{
  "name":"io.netty.channel.ChannelInitializer",
  "methods":[{"name":"channelRegistered","parameterTypes":["io.netty.channel.ChannelHandlerContext"] }, {"name":"exceptionCaught","parameterTypes":["io.netty.channel.ChannelHandlerContext","java.lang.Throwable"] }]
},
{
  "name":"io.netty.channel.ChannelOutboundBuffer",
  "fields":[{"name":"totalPendingSize"}, {"name":"unwritable"}]
},
{
  "name":"io.netty.channel.ChannelOutboundHandlerAdapter",
  "methods":[{"name":"bind","parameterTypes":["io.netty.channel.ChannelHandlerContext","java.net.SocketAddress","io.netty.channel.ChannelPromise"] }, {"name":"close","parameterTypes":["io.netty.channel.ChannelHandlerContext","io.netty.channel.ChannelPromise"] }, {"name":"connect","parameterTypes":["io.netty.channel.ChannelHandlerContext","java.net.SocketAddress","java.net.SocketAddress","io.netty.channel.ChannelPromise"] }, {"name":"deregister","parameterTypes":["io.netty.channel.ChannelHandlerContext","io.netty.channel.ChannelPromise"] }, {"name":"disconnect","parameterTypes":["io.netty.channel.ChannelHandlerContext","io.netty.channel.ChannelPromise"] }, {"name":"flush","parameterTypes":["io.netty.channel.ChannelHandlerContext"] }, {"name":"read","parameterTypes":["io.netty.channel.ChannelHandlerContext"] }]
},
{
  "name":"io.netty.channel.CombinedChannelDuplexHandler",
  "methods":[{"name":"bind","parameterTypes":["io.netty.channel.ChannelHandlerContext","java.net.SocketAddress","io.netty.channel.ChannelPromise"] }, {"name":"channelActive","parameterTypes":["io.netty.channel.ChannelHandlerContext"] }, {"name":"channelInactive","parameterTypes":["io.netty.channel.ChannelHandlerContext"] }, {"name":"channelRead","parameterTypes":["io.netty.channel.ChannelHandlerContext","java.lang.Object"] }, {"name":"channelReadComplete","parameterTypes":["io.netty.channel.ChannelHandlerContext"] }, {"name":"channelRegistered","parameterTypes":["io.netty.channel.ChannelHandlerContext"] }, {"name":"channelUnregistered","parameterTypes":["io.netty.channel.ChannelHandlerContext"] }, {"name":"channelWritabilityChanged","parameterTypes":["io.netty.channel.ChannelHandlerContext"] }, {"name":"close","parameterTypes":["io.netty.channel.ChannelHandlerContext","io.netty.channel.ChannelPromise"] }, {"name":"connect","parameterTypes":["io.netty.channel.ChannelHandlerContext","java.net.SocketAddress","java.net.SocketAddress","io.netty.channel.ChannelPromise"] }, {"name":"deregister","parameterTypes":["io.netty.channel.ChannelHandlerContext","io.netty.channel.ChannelPromise"] }, {"name":"disconnect","parameterTypes":["io.netty.channel.ChannelHandlerContext","io.netty.channel.ChannelPromise"] }, {"name":"exceptionCaught","parameterTypes":["io.netty.channel.ChannelHandlerContext","java.lang.Throwable"] }, {"name":"flush","parameterTypes":["io.netty.channel.ChannelHandlerContext"] }, {"name":"read","parameterTypes":["io.netty.channel.ChannelHandlerContext"] }, {"name":"userEventTriggered","parameterTypes":["io.netty.channel.ChannelHandlerContext","java.lang.Object"] }, {"name":"write","parameterTypes":["io.netty.channel.ChannelHandlerContext","java.lang.Object","io.netty.channel.ChannelPromise"] }]
},
{
  "name":"io.netty.channel.DefaultChannelConfig",
  "fields":[{"name":"autoRead"}, {"name":"writeBufferWaterMark"}]
},
{
  "name":"io.netty.channel.DefaultChannelPipeline",
  "fields":[{"name":"estimatorHandle"}]
},
{
  "name":"io.netty.channel.DefaultChannelPipeline$HeadContext",
  "methods":[{"name":"bind","parameterTypes":["io.netty.channel.ChannelHandlerContext","java.net.SocketAddress","io.netty.channel.ChannelPromise"] }, {"name":"channelActive","parameterTypes":["io.netty.channel.ChannelHandlerContext"] }, {"name":"channelInactive","parameterTypes":["io.netty.channel.ChannelHandlerContext"] }, {"name":"channelRead","parameterTypes":["io.netty.channel.ChannelHandlerContext","java.lang.Object"] }, {"name":"channelReadComplete","parameterTypes":["io.netty.channel.ChannelHandlerContext"] }, {"name":"channelRegistered","parameterTypes":["io.netty.channel.ChannelHandlerContext"] }, {"name":"channelUnregistered","parameterTypes":["io.netty.channel.ChannelHandlerContext"] }, {"name":"channelWritabilityChanged","parameterTypes":["io.netty.channel.ChannelHandlerContext"] }, {"name":"close","parameterTypes":["io.netty.channel.ChannelHandlerContext","io.netty.channel.ChannelPromise"] }, {"name":"connect","parameterTypes":["io.netty.channel.ChannelHandlerContext","java.net.SocketAddress","java.net.SocketAddress","io.netty.channel.ChannelPromise"] }, {"name":"deregister","parameterTypes":["io.netty.channel.ChannelHandlerContext","io.netty.channel.ChannelPromise"] }, {"name":"disconnect","parameterTypes":["io.netty.channel.ChannelHandlerContext","io.netty.channel.ChannelPromise"] }, {"name":"exceptionCaught","parameterTypes":["io.netty.channel.ChannelHandlerContext","java.lang.Throwable"] }, {"name":"flush","parameterTypes":["io.netty.channel.ChannelHandlerContext"] }, {"name":"read","parameterTypes":["io.netty.channel.ChannelHandlerContext"] }, {"name":"userEventTriggered","parameterTypes":["io.netty.channel.ChannelHandlerContext","java.lang.Object"] }, {"name":"write","parameterTypes":["io.netty.channel.ChannelHandlerContext","java.lang.Object","io.netty.channel.ChannelPromise"] }]
},
{
  "name":"io.netty.channel.DefaultChannelPipeline$TailContext",
  "methods":[{"name":"channelActive","parameterTypes":["io.netty.channel.ChannelHandlerContext"] }, {"name":"channelInactive","parameterTypes":["io.netty.channel.ChannelHandlerContext"] }, {"name":"channelRead","parameterTypes":["io.netty.channel.ChannelHandlerContext","java.lang.Object"] }, {"name":"channelReadComplete","parameterTypes":["io.netty.channel.ChannelHandlerContext"] }, {"name":"channelRegistered","parameterTypes":["io.netty.channel.ChannelHandlerContext"] }, {"name":"channelUnregistered","parameterTypes":["io.netty.channel.ChannelHandlerContext"] }, {"name":"channelWritabilityChanged","parameterTypes":["io.netty.channel.ChannelHandlerContext"] }, {"name":"exceptionCaught","parameterTypes":["io.netty.channel.ChannelHandlerContext","java.lang.Throwable"] }, {"name":"userEventTriggered","parameterTypes":["io.netty.channel.ChannelHandlerContext","java.lang.Object"] }]
},
{
  "name":"io.netty.channel.DefaultFileRegion"
},
{
  "name":"io.netty.channel.epoll.NativeDatagramPacketArray$NativeDatagramPacket"
},
{
  "name":"io.netty.channel.socket.nio.NioServerSocketChannel",
  "methods":[{"name":"<init>","parameterTypes":[] }]
},
{
  "name":"io.netty.channel.unix.PeerCredentials"
},
{
  "name":"io.netty.handler.codec.http.HttpServerCodec"
},
{
  "name":"io.netty.handler.codec.http.HttpServerExpectContinueHandler",
  "methods":[{"name":"channelRead","parameterTypes":["io.netty.channel.ChannelHandlerContext","java.lang.Object"] }]
},
{
  "name":"io.netty.handler.timeout.WriteTimeoutHandler",
  "methods":[{"name":"write","parameterTypes":["io.netty.channel.ChannelHandlerContext","java.lang.Object","io.netty.channel.ChannelPromise"] }]
},
{
  "name":"io.netty.util.AbstractReferenceCounted",
  "fields":[{"name":"refCnt"}]
},
{
  "name":"io.netty.util.DefaultAttributeMap",
  "fields":[{"name":"attributes"}]
},
{
  "name":"io.netty.util.Recycler$DefaultHandle",
  "fields":[{"name":"state"}]
},
{
  "name":"io.netty.util.ReferenceCountUtil",
  "queryAllDeclaredMethods":true
},
{
  "name":"io.netty.util.concurrent.DefaultPromise",
  "fields":[{"name":"result"}]
},
{
  "name":"io.netty.util.concurrent.SingleThreadEventExecutor",
  "fields":[{"name":"state"}, {"name":"threadProperties"}]
},
{
  "name":"io.netty.util.internal.NativeLibraryUtil",
  "methods":[{"name":"loadLibrary","parameterTypes":["java.lang.String","boolean"] }]
},
{
  "name":"io.netty.util.internal.shaded.org.jctools.queues.BaseMpscLinkedArrayQueueColdProducerFields",
  "fields":[{"name":"producerLimit"}]
},
{
  "name":"io.netty.util.internal.shaded.org.jctools.queues.BaseMpscLinkedArrayQueueConsumerFields",
  "fields":[{"name":"consumerIndex"}]
},
{
  "name":"io.netty.util.internal.shaded.org.jctools.queues.BaseMpscLinkedArrayQueueProducerFields",
  "fields":[{"name":"producerIndex"}]
},
{
  "name":"io.netty.util.internal.shaded.org.jctools.queues.MpscArrayQueueConsumerIndexField",
  "fields":[{"name":"consumerIndex"}]
},
{
  "name":"io.netty.util.internal.shaded.org.jctools.queues.MpscArrayQueueProducerIndexField",
  "fields":[{"name":"producerIndex"}]
},
{
  "name":"io.netty.util.internal.shaded.org.jctools.queues.MpscArrayQueueProducerLimitField",
  "fields":[{"name":"producerLimit"}]
},
{
  "name":"java.io.FileDescriptor"
},
{
  "name":"java.io.FilePermission"
},
{
  "name":"java.lang.ClassValue"
},
{
  "name":"java.lang.ProcessHandle",
  "methods":[{"name":"current","parameterTypes":[] }, {"name":"pid","parameterTypes":[] }]
},
{
  "name":"java.lang.RuntimePermission"
},
{
  "name":"java.lang.String",
  "allDeclaredClasses":true,
  "fields":[{"name":"Companion"}]
},
{
  "name":"java.lang.Thread",
  "fields":[{"name":"threadLocalRandomProbe"}]
},
{
  "name":"java.lang.management.ManagementFactory",
  "methods":[{"name":"getRuntimeMXBean","parameterTypes":[] }]
},
{
  "name":"java.lang.management.RuntimeMXBean",
  "methods":[{"name":"getInputArguments","parameterTypes":[] }]
},
{
  "name":"java.net.NetPermission"
},
{
  "name":"java.net.SocketPermission"
},
{
  "name":"java.net.URLPermission",
  "methods":[{"name":"<init>","parameterTypes":["java.lang.String","java.lang.String"] }]
},
{
  "name":"java.nio.Bits",
  "methods":[{"name":"unaligned","parameterTypes":[] }]
},
{
  "name":"java.nio.Buffer",
  "fields":[{"name":"address"}]
},
{
  "name":"java.nio.ByteBuffer",
  "methods":[{"name":"alignedSlice","parameterTypes":["int"] }]
},
{
  "name":"java.nio.DirectByteBuffer",
  "methods":[{"name":"<init>","parameterTypes":["long","long"] }]
},
{
  "name":"java.nio.channels.FileChannel"
},
{
  "name":"java.nio.channels.spi.SelectorProvider",
  "methods":[{"name":"openServerSocketChannel","parameterTypes":["java.net.ProtocolFamily"] }, {"name":"openSocketChannel","parameterTypes":["java.net.ProtocolFamily"] }]
},
{
  "name":"java.security.AllPermission"
},
{
  "name":"java.security.SecurityPermission"
},
{
  "name":"java.util.Map"
},
{
  "name":"java.util.PropertyPermission"
},
{
  "name":"java.util.concurrent.ScheduledThreadPoolExecutor",
  "methods":[{"name":"setRemoveOnCancelPolicy","parameterTypes":["boolean"] }]
},
{
  "name":"java.util.concurrent.atomic.AtomicBoolean",
  "fields":[{"name":"value"}]
},
{
  "name":"java.util.concurrent.atomic.AtomicReference",
  "fields":[{"name":"value"}]
},
{
  "name":"java.util.concurrent.atomic.Striped64",
  "fields":[{"name":"base"}, {"name":"cellsBusy"}]
},
{
  "name":"java.util.concurrent.atomic.Striped64$Cell",
  "fields":[{"name":"value"}]
},
{
  "name":"javax.smartcardio.CardPermission"
},
{
  "name":"jdk.internal.misc.Unsafe",
  "methods":[{"name":"getUnsafe","parameterTypes":[] }]
},
{
  "name":"kotlin.Array"
},
{
  "name":"kotlin.Metadata",
  "queryAllDeclaredMethods":true,
  "methods":[{"name":"bv","parameterTypes":[] }, {"name":"d1","parameterTypes":[] }, {"name":"d2","parameterTypes":[] }, {"name":"k","parameterTypes":[] }, {"name":"mv","parameterTypes":[] }, {"name":"pn","parameterTypes":[] }, {"name":"xi","parameterTypes":[] }, {"name":"xs","parameterTypes":[] }]
},
{
  "name":"kotlin.SafePublicationLazyImpl",
  "fields":[{"name":"_value"}]
},
{
  "name":"kotlin.String"
},
{
  "name":"kotlin.Unit"
},
{
  "name":"kotlin.collections.Map"
},
{
  "name":"kotlin.jvm.internal.DefaultConstructorMarker"
},
{
  "name":"kotlin.reflect.jvm.internal.ReflectionFactoryImpl",
  "methods":[{"name":"<init>","parameterTypes":[] }]
},
{
  "name":"kotlin.reflect.jvm.internal.impl.load.java.ErasedOverridabilityCondition"
},
{
  "name":"kotlin.reflect.jvm.internal.impl.load.java.FieldOverridabilityCondition"
},
{
  "name":"kotlin.reflect.jvm.internal.impl.load.java.JavaIncompatibilityRulesOverridabilityCondition"
},
{
  "name":"kotlin.reflect.jvm.internal.impl.resolve.scopes.DescriptorKindFilter",
  "allPublicFields":true
},
{
  "name":"kotlinx.coroutines.CancellableContinuationImpl",
  "fields":[{"name":"_decisionAndIndex$volatile"}, {"name":"_parentHandle$volatile"}, {"name":"_state$volatile"}]
},
{
  "name":"kotlinx.coroutines.CompletedExceptionally",
  "fields":[{"name":"_handled$volatile"}]
},
{
  "name":"kotlinx.coroutines.EventLoopImplBase",
  "fields":[{"name":"_delayed$volatile"}, {"name":"_isCompleted$volatile"}, {"name":"_queue$volatile"}]
},
{
  "name":"kotlinx.coroutines.JobSupport",
  "fields":[{"name":"_parentHandle$volatile"}, {"name":"_state$volatile"}]
},
{
  "name":"kotlinx.coroutines.JobSupport$Finishing",
  "fields":[{"name":"_exceptionsHolder$volatile"}, {"name":"_isCompleting$volatile"}, {"name":"_rootCause$volatile"}]
},
{
  "name":"kotlinx.coroutines.channels.BufferedChannel",
  "fields":[{"name":"_closeCause$volatile"}, {"name":"bufferEnd$volatile"}, {"name":"bufferEndSegment$volatile"}, {"name":"closeHandler$volatile"}, {"name":"completedExpandBuffersAndPauseFlag$volatile"}, {"name":"receiveSegment$volatile"}, {"name":"receivers$volatile"}, {"name":"sendSegment$volatile"}, {"name":"sendersAndCloseStatus$volatile"}]
},
{
  "name":"kotlinx.coroutines.internal.ConcurrentLinkedListNode",
  "fields":[{"name":"_next$volatile"}, {"name":"_prev$volatile"}]
},
{
  "name":"kotlinx.coroutines.internal.DispatchedContinuation",
  "fields":[{"name":"_reusableCancellableContinuation$volatile"}]
},
{
  "name":"kotlinx.coroutines.internal.LimitedDispatcher",
  "fields":[{"name":"runningWorkers$volatile"}]
},
{
  "name":"kotlinx.coroutines.internal.LockFreeLinkedListNode",
  "fields":[{"name":"_next$volatile"}, {"name":"_prev$volatile"}, {"name":"_removedRef$volatile"}]
},
{
  "name":"kotlinx.coroutines.internal.LockFreeTaskQueue",
  "fields":[{"name":"_cur$volatile"}]
},
{
  "name":"kotlinx.coroutines.internal.LockFreeTaskQueueCore",
  "fields":[{"name":"_next$volatile"}, {"name":"_state$volatile"}]
},
{
  "name":"kotlinx.coroutines.internal.Segment",
  "fields":[{"name":"cleanedAndPointers$volatile"}]
},
{
  "name":"kotlinx.coroutines.scheduling.CoroutineScheduler",
  "fields":[{"name":"_isTerminated$volatile"}, {"name":"controlState$volatile"}, {"name":"parkedWorkersStack$volatile"}]
},
{
  "name":"kotlinx.coroutines.scheduling.CoroutineScheduler$Worker",
  "fields":[{"name":"workerCtl$volatile"}]
},
{
  "name":"kotlinx.coroutines.scheduling.WorkQueue",
  "fields":[{"name":"blockingTasksInBuffer$volatile"}, {"name":"consumerIndex$volatile"}, {"name":"lastScheduledTask$volatile"}, {"name":"producerIndex$volatile"}]
},
{
  "name":"sun.misc.Unsafe",
  "fields":[{"name":"theUnsafe"}],
  "methods":[{"name":"addressSize","parameterTypes":[] }, {"name":"allocateMemory","parameterTypes":["long"] }, {"name":"arrayBaseOffset","parameterTypes":["java.lang.Class"] }, {"name":"arrayIndexScale","parameterTypes":["java.lang.Class"] }, {"name":"copyMemory","parameterTypes":["java.lang.Object","long","java.lang.Object","long","long"] }, {"name":"freeMemory","parameterTypes":["long"] }, {"name":"getAndAddLong","parameterTypes":["java.lang.Object","long","long"] }, {"name":"getAndSetObject","parameterTypes":["java.lang.Object","long","java.lang.Object"] }, {"name":"getBoolean","parameterTypes":["java.lang.Object","long"] }, {"name":"getByte","parameterTypes":["long"] }, {"name":"getByte","parameterTypes":["java.lang.Object","long"] }, {"name":"getInt","parameterTypes":["long"] }, {"name":"getInt","parameterTypes":["java.lang.Object","long"] }, {"name":"getLong","parameterTypes":["long"] }, {"name":"getLong","parameterTypes":["java.lang.Object","long"] }, {"name":"invokeCleaner","parameterTypes":["java.nio.ByteBuffer"] }, {"name":"objectFieldOffset","parameterTypes":["java.lang.reflect.Field"] }, {"name":"putByte","parameterTypes":["long","byte"] }, {"name":"putByte","parameterTypes":["java.lang.Object","long","byte"] }, {"name":"putInt","parameterTypes":["long","int"] }, {"name":"putInt","parameterTypes":["java.lang.Object","long","int"] }, {"name":"putLong","parameterTypes":["long","long"] }, {"name":"putLong","parameterTypes":["java.lang.Object","long","long"] }, {"name":"reallocateMemory","parameterTypes":["long","long"] }, {"name":"setMemory","parameterTypes":["long","long","byte"] }, {"name":"setMemory","parameterTypes":["java.lang.Object","long","long","byte"] }, {"name":"staticFieldBase","parameterTypes":["java.lang.reflect.Field"] }, {"name":"staticFieldOffset","parameterTypes":["java.lang.reflect.Field"] }, {"name":"storeFence","parameterTypes":[] }]
},
{
  "name":"sun.misc.VM"
},
{
  "name":"sun.nio.ch.SelectorImpl",
  "fields":[{"name":"publicSelectedKeys"}, {"name":"selectedKeys"}]
}
]
