{
  "resources":{
  "includes":[{
    "pattern":"\\QMETA-INF/native/libnetty_transport_native_kqueue.dylib\\E"
  }, {
    "pattern":"\\QMETA-INF/native/libnetty_transport_native_kqueue.jnilib\\E"
  }, {
    "pattern":"\\QMETA-INF/native/libnetty_transport_native_kqueue_aarch_64.dylib\\E"
  }, {
    "pattern":"\\QMETA-INF/native/libnetty_transport_native_kqueue_aarch_64.jnilib\\E"
  }, {
    "pattern":"\\QMETA-INF/services/ch.qos.logback.classic.spi.Configurator\\E"
  }, {
    "pattern":"\\QMETA-INF/services/io.ktor.serialization.kotlinx.KotlinxSerializationExtensionProvider\\E"
  }, {
    "pattern":"\\QMETA-INF/services/io.ktor.server.config.ConfigLoader\\E"
  }, {
    "pattern":"\\QMETA-INF/services/java.lang.System$LoggerFinder\\E"
  }, {
    "pattern":"\\QMETA-INF/services/java.nio.channels.spi.SelectorProvider\\E"
  }, {
    "pattern":"\\QMETA-INF/services/java.time.zone.ZoneRulesProvider\\E"
  }, {
    "pattern":"\\QMETA-INF/services/javax.xml.parsers.SAXParserFactory\\E"
  }, {
    "pattern":"\\QMETA-INF/services/kotlin.reflect.jvm.internal.impl.resolve.ExternalOverridabilityCondition\\E"
  }, {
    "pattern":"\\QMETA-INF/services/kotlin.reflect.jvm.internal.impl.util.ModuleVisibilityHelper\\E"
  }, {
    "pattern":"\\QMETA-INF/services/org.slf4j.spi.SLF4JServiceProvider\\E"
  }, {
    "pattern":"\\Qapplication.yaml\\E"
  }, {
    "pattern":"\\Qkotlin/collections/collections.kotlin_builtins\\E"
  }, {
    "pattern":"\\Qkotlin/kotlin.kotlin_builtins\\E"
  }, {
    "pattern":"\\Qlogback-test.scmo\\E"
  }, {
    "pattern":"\\Qlogback-test.xml\\E"
  }, {
    "pattern":"\\Qlogback.scmo\\E"
  }, {
    "pattern":"\\Qlogback.xml\\E"
  }, {
    "pattern":"java.xml:\\Qjdk/xml/internal/jdkcatalog/JDKCatalog.xml\\E"
  }]},
  "bundles":[{
    "name":"sun.util.resources.cldr.CalendarData",
    "locales":["und"]
  }]
}
