{
  "customEvents": [
    {
      "name": "myCustomEvent",
      "id": "0"
    }
  ],
  "nodes": [
    {
      "type": "lifecycle/onTick",
      "id": "0",
      "flows": {
        "flow": {
          "nodeId": "1",
          "socket": "flow"
        }
      }
    },
    {
      "type": "customEvent/trigger",
      "configuration": {
        "customEventId": 0
      },
      "id": "1"
    },
    {
      "type": "customEvent/onTriggered",
      "configuration": {
        "customEventId": 0
      },
      "id": "2",
      "flows": {
        "flow": {
          "nodeId": "3",
          "socket": "flow"
        }
      }
    },
    {
      "type": "debug/log",
      "id": "3",
      "parameters": {
        "text": {
          "value": "myCustomEvent Fired!"
        }
      }
    }
  ]
}
