{
    "generator-jhipster": {
        "applicationType": "monolith",
        "authenticationType": "oauth2",
        "baseName": "jhipster",
        "blueprints": [],
        "buildTool": "maven",
        "cacheProvider": "ehcache",
        "clientFramework": "vue",
        "clientPackageManager": "npm",
        "clientTheme": "none",
        "clientThemeVariant": "primary",
        "creationTimestamp": 1594540443899,
        "databaseType": "sql",
        "devDatabaseType": "h2Disk",
        "dtoSuffix": "DTO",
        "enableHibernateCache": true,
        "enableSwaggerCodegen": false,
        "enableTranslation": false,
        "entitySuffix": "",
        "jhiPrefix": "",
        "jhipsterVersion": "6.10.0",
        "jwtSecretKey": "YWQzOWQ1NDg4MTczMTQxMmQxM2FjY2M4NmI4NmE5Mjg3NzYwNGQwMGE4NjAxYTkzOTIxZDgzZDU0N2FlYTY2ODM0NDg0OGZkMjY5ODc2ZGQzYjVlYThlYzAxNzdiMmMzMGRlMzA1NGM4ZmVlMTNlZWEyMjAxNmEzYmMyYTg1Y2M=",
        "languages": [],
        "messageBroker": "no",
        "nativeLanguage": "en",
        "otherModules": [],
        "packageFolder": "tech/jhipster/sample",
        "packageName": "tech.jhipster.sample",
        "prodDatabaseType": "postgresql",
        "reactive": false,
        "searchEngine": "no",
        "serverPort": "8080",
        "serverSideOptions": [],
        "serviceDiscoveryType": "no",
        "skipCheckLengthOfIdentifier": false,
        "skipClient": false,
        "skipFakeData": false,
        "skipServer": false,
        "skipUserManagement": false,
        "testFrameworks": ["gatling", "cypress"],
        "websocket": "spring-websocket"
    }
}
