<?xml version="1.0" encoding="UTF-8"?>
<!DOCTYPE mapper PUBLIC "-//mybatis.org//DTD Mapper 3.0//EN" "http://mybatis.org/dtd/mybatis-3-mapper.dtd">
<mapper namespace="cn.iocoder.springboot.lab12.mybatis.mapper.UserMapper">

    <sql id="FIELDS">
        id, username, password, create_time
    </sql>

    <select id="selectByIds" resultType="UserDO">
        SELECT
            <include refid="FIELDS" />
        FROM users
        WHERE id IN
            <foreach item="id" collection="ids" separator="," open="(" close=")" index="">
                #{id}
            </foreach>
    </select>

    <select id="selectListA" resultType="cn.iocoder.springboot.lab12.mybatis.vo.UserDetailVO">
        SELECT
            u.id, u.username, u.password, u.create_time, p.gender
        FROM users u
        JOIN user_profile p
        ON u.id = p.user_id
    </select>

    <select id="selectListB" resultType="cn.iocoder.springboot.lab12.mybatis.vo.UserDetailVO">
        SELECT
            u.id, u.username, u.password, u.create_time, p.gender
        FROM users u, user_profile p
        WHERE u.id = p.user_id
    </select>

</mapper>
