<?xml version="1.0" encoding="UTF-8"?>
<!--

    Copyright (c) 2021, 2024 Oracle and/or its affiliates.

    Licensed under the Apache License, Version 2.0 (the "License");
    you may not use this file except in compliance with the License.
    You may obtain a copy of the License at

        http://www.apache.org/licenses/LICENSE-2.0

    Unless required by applicable law or agreed to in writing, software
    distributed under the License is distributed on an "AS IS" BASIS,
    WITHOUT WARRANTIES OR CONDITIONS OF ANY KIND, either express or implied.
    See the License for the specific language governing permissions and
    limitations under the License.

-->
<archetype-script xmlns="https://helidon.io/archetype/2.0"
                  xmlns:xsi="http://www.w3.org/2001/XMLSchema-instance"
                  xsi:schemaLocation="https://helidon.io/archetype/2.0 https://helidon.io/xsd/archetype-2.0.xsd">

    <exec src="multi-module.xml"/>
    <output>
        <transformation id="mustache">
            <replace regex="\.mustache$" replacement=""/>
        </transformation>
        <transformation id="packaged">
            <replace regex="__pkg__" replacement="${package/\./\/}"/>
        </transformation>
        <transformation id="json-mustache">
            <replace regex="\.json.mustache$" replacement=""/>
        </transformation>
        <transformation id="jsonp-mustache">
            <replace regex="\.jsonp.mustache$" replacement=""/>
        </transformation>
        <transformation id="multipart-mustache">
            <replace regex="\.multipart.mustache$" replacement=""/>
        </transformation>
        <transformation id="native-image">
            <replace regex="groupid" replacement="${groupId/\./\/}"/>
            <replace regex="artifactid" replacement="${artifactId/\./\/}"/>
        </transformation>
        <templates engine="mustache" transformations="mustache,packaged">
            <directory>files</directory>
            <includes>
                <include>.helidon.mustache</include>
                <include>README.md.mustache</include>
                <include>.gitignore.mustache</include>
                <include if="${flavor} == 'se'">src/main/java/**/Main.java.mustache</include>
            </includes>
        </templates>
        <model>
            <value key="dot-helidon-schema-version">1.1.0</value>
            <list key="dependencies">
                <map>
                    <value key="groupId">io.helidon.logging</value>
                    <value key="artifactId">helidon-logging-jul</value>
                    <value key="scope">runtime</value>
                </map>
            </list>
        </model>
    </output>
</archetype-script>
