<?xml version="1.0" encoding="UTF-8"?>
<!--

    Copyright (c) 2021, 2023 Oracle and/or its affiliates.

    Licensed under the Apache License, Version 2.0 (the "License");
    you may not use this file except in compliance with the License.
    You may obtain a copy of the License at

        http://www.apache.org/licenses/LICENSE-2.0

    Unless required by applicable law or agreed to in writing, software
    distributed under the License is distributed on an "AS IS" BASIS,
    WITHOUT WARRANTIES OR CONDITIONS OF ANY KIND, either express or implied.
    See the License for the specific language governing permissions and
    limitations under the License.

-->
<archetype-script xmlns="https://helidon.io/archetype/2.0"
                  xmlns:xsi="http://www.w3.org/2001/XMLSchema-instance"
                  xsi:schemaLocation="https://helidon.io/archetype/2.0 https://helidon.io/xsd/archetype-2.0.xsd">

    <step name="Customize Project" optional="true">
        <inputs>
            <enum id="build-system" name="Select a Build System" default="maven" optional="true">
                <option value="maven" name="Apache Maven">
                    <output>
                        <templates engine="mustache" transformations="mustache,module-dir">
                            <directory>files</directory>
                            <includes>
                                <include>pom.xml.mustache</include>
                            </includes>
                        </templates>
                    </output>
                </option>
            </enum>
            <text id="groupId" name="Project groupId" optional="true" default="com.examples"/>
            <text id="artifactId" name="Project artifactId" optional="true" default="myproject"/>
            <text id="version" name="Project version" optional="true" default="1.0-SNAPSHOT"/>
            <text id="package" name="Java package name" optional="true" default="com.example.myproject"/>
        </inputs>
        <output>
            <model>
                <value key="parent-groupId" if="!${multi-module}">io.helidon.applications</value>
                <value key="parent-version" if="!${multi-module}">${helidon-version}</value>
                <value key="remote-parent-pom" if="!${multi-module}">true</value>
                <value key="artifactId" if="!${multi-module}">${artifactId}</value>
                <value key="groupId">${groupId}</value>
                <value key="project-version">${version}</value>
                <value key="package">${package}</value>
            </model>
        </output>
    </step>
</archetype-script>
