<?xml version="1.0" encoding="UTF-8"?>
<!--

    Copyright (c) 2022, 2025 Oracle and/or its affiliates.

    Licensed under the Apache License, Version 2.0 (the "License");
    you may not use this file except in compliance with the License.
    You may obtain a copy of the License at

        http://www.apache.org/licenses/LICENSE-2.0

    Unless required by applicable law or agreed to in writing, software
    distributed under the License is distributed on an "AS IS" BASIS,
    WITHOUT WARRANTIES OR CONDITIONS OF ANY KIND, either express or implied.
    See the License for the specific language governing permissions and
    limitations under the License.

-->
<archetype-script xmlns="https://helidon.io/archetype/2.0"
                  xmlns:xsi="http://www.w3.org/2001/XMLSchema-instance"
                  xsi:schemaLocation="https://helidon.io/archetype/2.0 https://helidon.io/xsd/archetype-2.0.xsd">

    <step name="Extra" optional="true">
        <inputs>
            <list id="extra" name="Select Additional Components" optional="true">
                <option value="webclient" name="WebClient" description="HTTP client" if="${flavor} == 'se'">
                    <output>
                        <model>
                            <list key="dependencies">
                                <map>
                                    <value key="groupId">io.helidon.webclient</value>
                                    <value key="artifactId">helidon-webclient</value>
                                </map>
                            </list>
                            <list key="module-requires">
                                <value>io.helidon.webclient</value>
                            </list>
                            <list key="Abstract-tests">
                                <value><![CDATA[
    @Test
    public void testPerformGetMethod() {
        String greeting = WebClientMain.performGetMethod(client);
        assertThat(greeting, containsString("Hello World!"));
    }
]]></value>
                            </list>
                            <list key="MainTest-static-imports">
                                <value if="${flavor} == 'se'">org.hamcrest.CoreMatchers.containsString</value>
                            </list>
                            <list key="readme-sections" if="${flavor} == 'se'">
                                <value template="mustache"><![CDATA[
## Exercise Webclient

First, start the server:

```
java -jar target/{{artifactId}}.jar
```

Note the port number that it displays. For example:

```
WEB server is up! http://localhost:8080/simple-greet
```

Then run the client, passing the port number. It will connect
to the server:

```
java -cp "target/classes:target/libs/*" {{package}}.WebClientMain PORT
```

]]></value>
                            </list>
                        </model>
                    </output>
                </option>
                <option value="fault-tolerance" name="Fault Tolerance" description="System for building resilient applications">
                    <output>
                        <model>
                            <list key="dependencies" if="${flavor} == 'mp'">
                                <map>
                                    <value key="groupId">io.helidon.microprofile</value>
                                    <value key="artifactId">helidon-microprofile-fault-tolerance</value>
                                </map>
                            </list>
                            <list key="module-requires">
                                <value if="${flavor} == 'mp'">io.helidon.microprofile.faulttolerance</value>
                            </list>
                            <list key="maven-plugins" if="${flavor} == 'mp'">
                                <value><![CDATA[            <plugin>
                <groupId>org.apache.maven.plugins</groupId>
                <artifactId>maven-surefire-plugin</artifactId>
                <configuration>
                    <systemPropertyVariables>
                        <sun.net.http.allowRestrictedHeaders>true</sun.net.http.allowRestrictedHeaders>
                    </systemPropertyVariables>
                </configuration>
            </plugin>]]>
                                </value>
                            </list>
                        </model>
                    </output>
                </option>
                <option value="cors" name="CORS" description="Cross-Origin Resource Sharing utilities">
                    <output>
                        <model>
                            <list key="dependencies">
                                <map if="${flavor} == 'mp'">
                                    <value key="groupId">io.helidon.microprofile</value>
                                    <value key="artifactId">helidon-microprofile-cors</value>
                                </map>
                                <map if="${flavor} == 'se'">
                                    <value key="groupId">io.helidon.webserver</value>
                                    <value key="artifactId">helidon-webserver-cors</value>
                                </map>
                                <map if="${flavor} == 'se'">
                                    <value key="groupId">io.helidon.cors</value>
                                    <value key="artifactId">helidon-cors</value>
                                </map>
                            </list>
                            <list key="SimpleGreetService-imports" if="${flavor} == 'mp'">
                                <value>io.helidon.microprofile.cors.CrossOrigin</value>
                                <value>jakarta.ws.rs.OPTIONS</value>
                                <value>jakarta.ws.rs.PUT</value>
                                <value>jakarta.ws.rs.core.Response</value>
                                <value>jakarta.ws.rs.HttpMethod</value>
                            </list>
                            <list key="module-requires">
                                <value if="${flavor} == 'mp'">io.helidon.microprofile.cors</value>
                                <value if="${flavor} == 'se'">io.helidon.webserver.cors</value>
                                <value if="${flavor} == 'se'">io.helidon.cors</value>
                                <value if="${flavor} == 'se'">java.logging</value>
                            </list>
                            <list key="FileServiceTest-annotations" if="${media} contains 'multipart'">
                                <value if="${flavor} == 'mp'">@AddExtension(CorsCdiExtension.class)</value>
                            </list>
                            <list key="FileServiceTest-helidon-imports" if="${media} contains 'multipart'">
                                <value if="${flavor} == 'mp'">io.helidon.microprofile.cors.CorsCdiExtension</value>
                            </list>
                            <list key="SimpleGreetService-methods" if="${flavor} == 'mp'">
                                <value><![CDATA[    @PUT
    public Response getCustomMessage(String greeting) {
        String msg = String.format("%s %s!", greeting, "World");
        return Response.ok(msg).build();
    }

    /**
     * CORS set-up for getCustomMessage.
     */
    @OPTIONS
    @CrossOrigin(value = {"http://foo.com", "http://there.com"},
            allowMethods = {HttpMethod.PUT})
    public void optionsForGetCustomMessage() {
    }
]]>
                                </value>
                            </list>
                            <list key="readme-sections" if="${flavor} == 'mp'">
                                <value><![CDATA[
## Using CORS

### Sending "simple" CORS requests

The following requests illustrate the CORS protocol with the example app.

By setting `Origin` and `Host` headers that do not indicate the same system we trigger CORS processing in the
 server:

```bash
# Follow the CORS protocol for GET
curl -i -X GET -H "Origin: http://foo.com" -H "Host: here.com" http://localhost:8080/cors

HTTP/1.1 200 OK
Access-Control-Allow-Origin: *
Content-Type: application/json
Date: Thu, 30 Apr 2020 17:25:51 -0500
Vary: Origin
connection: keep-alive
content-length: 27

{"greeting":"Hello World!"}
```
Note the new headers `Access-Control-Allow-Origin` and `Vary` in the response.

These are what CORS calls "simple" requests; the CORS protocol for these adds headers to the request and response which
the client and server exchange anyway.

### "Non-simple" CORS requests

The CORS protocol requires the client to send a _pre-flight_ request before sending a request
that changes state on the server, such as `PUT` or `DELETE`, and to check the returned status
and headers to make sure the server is willing to accept the actual request. CORS refers to such `PUT` and `DELETE`
requests as "non-simple" ones.

This command sends a pre-flight `OPTIONS` request to see if the server will accept a subsequent `PUT` request from the
specified origin to change the greeting:
```bash
curl -i -X OPTIONS \
    -H "Access-Control-Request-Method: PUT" \
    -H "Origin: http://foo.com" \
    -H "Host: here.com" \
    http://localhost:8080/cors/greeting

HTTP/1.1 200 OK
Access-Control-Allow-Methods: PUT
Access-Control-Allow-Origin: http://foo.com
Date: Thu, 30 Apr 2020 17:30:59 -0500
transfer-encoding: chunked
connection: keep-alive
```
The successful status and the returned `Access-Control-Allow-xxx` headers indicate that the
 server accepted the pre-flight request. That means it is OK for us to send `PUT` request to perform the actual change
 of greeting. (See below for how the server rejects a pre-flight request.)
```bash
curl -i -X PUT \
    -H "Origin: http://foo.com" \
    -H "Host: here.com" \
    -H "Access-Control-Allow-Methods: PUT" \
    -H "Access-Control-Allow-Origin: http://foo.com" \
    http://localhost:8080/greet/Hola

HTTP/1.1 200 OK
Access-Control-Allow-Origin: http://foo.com
Date: Thu, 30 Apr 2020 17:32:55 -0500
Vary: Origin
connection: keep-alive

Hola World!
```

Note that the tests in the example `MainTest` class follow these same steps.
]]></value>
                            </list>
                            <list key="Main-helidon-imports" if="${flavor} == 'se'">
                                <value>io.helidon.cors.CrossOriginConfig</value>
                                <value>io.helidon.webserver.cors.CorsSupport</value>
                            </list>
                            <list key="Main-java-imports" if="${flavor} == 'se'">
                                <value>java.util.logging.Logger</value>
                            </list>
                            <list key="application-yaml-entries" if="${flavor} == 'se'">
                                <value><![CDATA[
restrictive-cors:
  allow-origins: ["http://foo.com", "http://there.com"]
  allow-methods: ["PUT", "DELETE"]

# The example app uses the following for overriding other settings.
#cors:
#  paths:
#    - path-pattern: /greeting
#      allow-origins: ["http://foo.com", "http://there.com", "http://other.com"]
#      allow-methods: ["PUT", "DELETE"]
]]>
                                </value>
                            </list>
                            <list key="Main-routing-builder" if="${flavor} == 'se'">
                                <value><![CDATA[        .register("/cors-greet", corsSupportForGreeting(), new GreetService())
]]>
                                </value>
                            </list>
                            <list key="main-class-content" if="${flavor} == 'se'">
                                <value><![CDATA[
    private static CorsSupport corsSupportForGreeting() {
        Config restrictiveConfig = Config.global().get("restrictive-cors");
        if (!restrictiveConfig.exists()) {
            Logger.getLogger(Main.class.getName())
                    .warning("Missing restrictive config; continuing with default CORS support");
        }

        CorsSupport.Builder corsBuilder = CorsSupport.builder();

        Config.global().get("cors")
                .ifExists(c -> {
                    Logger.getLogger(Main.class.getName()).info("Using the override configuration");
                    corsBuilder.mappedConfig(c);
                });
        corsBuilder
                .config(restrictiveConfig) // restricted sharing for PUT, DELETE
                .addCrossOrigin(CrossOriginConfig.create()) // open sharing for other methods
                .build();

        return corsBuilder.build();
    }
]]>
                                </value>
                            </list>
                            <list key="MainTest-java-imports" if="${flavor} == 'se'">
                                <value>java.util.Optional</value>
                            </list>
                            <list key="MainTest-helidon-imports" if="${flavor} == 'se'">
                                <value>io.helidon.http.Headers</value>
                                <value>io.helidon.cors.CrossOriginConfig</value>
                            </list>
                            <list key="MainTest-static-imports" if="${flavor} == 'se'">
                                <value>io.helidon.http.HeaderNames.ACCESS_CONTROL_ALLOW_ORIGIN</value>
                                <value>io.helidon.http.HeaderNames.HOST</value>
                                <value>io.helidon.http.HeaderNames.ORIGIN</value>
                                <value>org.hamcrest.CoreMatchers.containsString</value>
                            </list>
                            <list key="Abstract-tests" if="${flavor} == 'se'">
                                <value><![CDATA[
    @Test
    void testAnonymousGreetWithCors() {
        try (Http1ClientResponse response = client.get()
                .path("/cors-greet")
                .headers(it -> it
                        .set(ORIGIN, "http://foo.com")
                        .set(HOST, "here.com"))
                .request()) {

            assertThat(response.status().code(), is(200));
            String payload = response.entity().as(String.class);
            assertThat(payload, containsString("Hello World"));
            Headers responseHeaders = response.headers();
            Optional<String> allowOrigin = responseHeaders.value(ACCESS_CONTROL_ALLOW_ORIGIN);
            assertThat("Expected CORS header " + CrossOriginConfig.ACCESS_CONTROL_ALLOW_ORIGIN + " is absent",
                    allowOrigin.isPresent(), is(true));
            assertThat(allowOrigin.get(), is("*"));
        }
    }
]]>
                                </value>
                            </list>
                            <list key="readme-sections" if="${flavor} == 'se'">
                                <value><![CDATA[
## Using CORS

The following requests illustrate the CORS protocol with the example app.

By setting `Origin` and `Host` headers that do not indicate the same system we trigger CORS processing in the
 server:

```bash
# Follow the CORS protocol for GET
curl -i -X GET -H "Origin: http://foo.com" -H "Host: here.com" http://localhost:8080/cors-greet

HTTP/1.1 200 OK
Access-Control-Allow-Origin: *
Content-Type: application/json
Date: Thu, 30 Apr 2020 17:25:51 -0500
Vary: Origin
connection: keep-alive
content-length: 27

Hello World
```
]]>
                                </value>
                            </list>
                        </model>
                    </output>
                </option>
                <option value="coherence" name="Coherence" description="Cache data with coherence">
                    <output>
                        <model>
                            <list key="readme-exercise-the-application">
                                <value file="files/README.coherence.exercise.app.md"/>
                            </list>
                        </model>
                    </output>
                </option>
            </list>
        </inputs>
        <output>
            <model>
                <value key="webclient" if="${extra} contains 'webclient'">true</value>
                <value key="fault-tolerance" if="${extra} contains 'fault-tolerance'">true</value>
                <value key="cors" if="${extra} contains 'cors'">true</value>
                <value key="coherence" if="${extra} contains 'coherence'">true</value>
            </model>
        </output>
    </step>
</archetype-script>
