<?xml version="1.0" encoding="UTF-8"?>
<!--

    Copyright (c) 2022, 2023 Oracle and/or its affiliates.

    Licensed under the Apache License, Version 2.0 (the "License");
    you may not use this file except in compliance with the License.
    You may obtain a copy of the License at

        http://www.apache.org/licenses/LICENSE-2.0

    Unless required by applicable law or agreed to in writing, software
    distributed under the License is distributed on an "AS IS" BASIS,
    WITHOUT WARRANTIES OR CONDITIONS OF ANY KIND, either express or implied.
    See the License for the specific language governing permissions and
    limitations under the License.

-->
<archetype-script xmlns="https://helidon.io/archetype/2.0"
                  xmlns:xsi="http://www.w3.org/2001/XMLSchema-instance"
                  xsi:schemaLocation="https://helidon.io/archetype/2.0 https://helidon.io/xsd/archetype-2.0.xsd">

    <step name="Security" optional="true">
        <inputs>
            <boolean id="security"
                     name="Secure Application"
                     description="Authentication and authorization"
                     default="false"
                     optional="true">
                <inputs>
                    <list id="atn" name="Select Authentication Providers" optional="true">
                        <option value="oidc" name="OIDC" description="OpenID Connect"/>
                        <option value="jwt" name="JWT" description="JSON Web Token">
                            <output>
                                <model>
                                    <list key="module-requires">
                                        <value>io.helidon.webserver.context</value>
                                    </list>
                                </model>
                            </output>
                        </option>
                        <option value="google" name="Google Login" description="Google identity">
                            <output>
                                <model>
                                    <list key="dependencies">
                                        <map>
                                            <value key="groupId">io.helidon.security.providers</value>
                                            <value key="artifactId">helidon-security-providers-google-login</value>
                                        </map>
                                    </list>
                                    <list key="module-requires">
                                        <value>io.helidon.webserver.context</value>
                                        <value>io.helidon.webserver.staticcontent</value>
                                        <value>io.helidon.security.providers.google.login</value>
                                    </list>
                                </model>
                            </output>
                        </option>
                        <option value="http-signature" name="HTTP Signature" description="Service to service authentication">
                            <output>
                                <files>
                                    <directory>files</directory>
                                    <includes>
                                        <include>src/main/resources/keystore.p12</include>
                                    </includes>
                                </files>
                                <model>
                                    <list key="dependencies">
                                        <map>
                                            <value key="groupId">io.helidon.security.providers</value>
                                            <value key="artifactId">helidon-security-providers-http-sign</value>
                                        </map>
                                    </list>
                                </model>
                            </output>
                        </option>
                    </list>
                    <list id="atz" name="Select Authorization Providers" optional="true">
                        <option value="abac" name="ABAC" description="Attribute Based Access Control">
                            <output>
                                <model>
                                    <list key="dependencies">
                                        <map>
                                            <value key="groupId">io.helidon.security.providers</value>
                                            <value key="artifactId">helidon-security-providers-abac</value>
                                        </map>
                                    </list>
                                    <list key="paths-config-entries">
                                        <value order="90" if="!(${security.atn} contains 'oidc')"><![CDATA[         roles-allowed: ["user"]]]></value>
                                    </list>
                                </model>
                            </output>
                        </option>
                    </list>
                </inputs>
                <output>
                    <model>
                        <value key="security">true</value>
                        <value key="features">true</value>
                        <list key="server-features">
                            <value template="mustache"><![CDATA[security:
      defaults:
        authenticate: true
      web-server:
        # protected paths on the web server - do not include paths served by Jersey, as those are protected directly
        paths:
{{#paths-config-entries}}
{{.}}
{{/paths-config-entries}}
]]>
                            </value>
                        </list>
                    </model>
                </output>
            </boolean>
        </inputs>
        <variables>
            <boolean path="application-yaml" if="${security}">true</boolean>
        </variables>
    </step>
</archetype-script>
