{
	"speaker" : "chess",

	"enc_conv_num_layers" : 3,
	"enc_conv_kernel_size" : [5,3,3],
	"enc_conv_channels" : 32,
	"encoder_lstm_units" : 256,
    "enc_conv_num_blocks" : 4,
    "num_init_filters" : 32,

	"prenet_layers" : [256, 256],
	"decoder_layers" : 2,
	"decoder_lstm_units" : 1024,

    "tacotron_teacher_forcing_start_decay" : 75000,
    "tacotron_teacher_forcing_decay_steps" : 200000,

    "T" : 90,
    "overlap" : 15,
    "mel_overlap" : 40,
    "mel_step_size" : 240,
    "img_size" : 48,
    "fps" : 30
}