{
  "entityDefs": [
    {
      "name": "Table",
      "serviceType": "amundsen",
      "superTypes": [
        "DataSet"
      ],
      "attributeDefs": [
        {
          "name": "popularityScore",
          "typeName": "float",
          "isOptional": true,
          "cardinality": "SINGLE",
          "isUnique": false,
          "isIndexable": false,
          "defaultValue": "0.0"
        },
        {
          "name": "readers",
          "typeName": "array<Reader>",
          "isOptional": true,
          "cardinality": "LIST",
          "isUnique": false,
          "isIndexable": true,
          "includeInNotification": false
        },
        {
          "name": "tableType",
          "typeName": "string",
          "isOptional": true,
          "cardinality": "SINGLE",
          "valuesMinCount": 0,
          "valuesMaxCount": 1,
          "isUnique": false,
          "isIndexable": false,
          "includeInNotification": false,
          "searchWeight": -1
        },
        {
          "name": "parameters",
          "typeName": "map<string,string>",
          "isOptional": true,
          "cardinality": "SINGLE",
          "valuesMinCount": 0,
          "valuesMaxCount": 1,
          "isUnique": false,
          "isIndexable": false,
          "includeInNotification": false,
          "searchWeight": -1
        }
      ]
    }
  ]
}