{
  "entityDefs": [
    {
      "superTypes": [
        "Referenceable"
      ],
      "name": "User",
      "serviceType": "amundsen",
      "typeVersion": "2.0",
      "description": "The User Entity. Used to make relationship between users and entities.",
      "attributeDefs": [
        {
          "name": "email",
          "isOptional": true,
          "isUnique": false,
          "isIndexable": true,
          "typeName": "string",
          "cardinality": "SINGLE",
          "valuesMinCount": 0,
          "valuesMaxCount": 1
        },
        {
          "name": "first_name",
          "isOptional": true,
          "isUnique": false,
          "isIndexable": true,
          "typeName": "string",
          "cardinality": "SINGLE",
          "valuesMinCount": 0,
          "valuesMaxCount": 1
        },
        {
          "name": "last_name",
          "isOptional": true,
          "isUnique": false,
          "isIndexable": true,
          "typeName": "string",
          "cardinality": "SINGLE",
          "valuesMinCount": 0,
          "valuesMaxCount": 1
        },
        {
          "name": "full_name",
          "isOptional": true,
          "isUnique": false,
          "isIndexable": true,
          "typeName": "string",
          "cardinality": "SINGLE",
          "valuesMinCount": 0,
          "valuesMaxCount": 1
        },
        {
          "name": "github_username",
          "isOptional": true,
          "isUnique": false,
          "isIndexable": true,
          "typeName": "string",
          "cardinality": "SINGLE",
          "valuesMinCount": 0,
          "valuesMaxCount": 1
        },
        {
          "name": "team_name",
          "isOptional": true,
          "isUnique": false,
          "isIndexable": true,
          "typeName": "string",
          "cardinality": "SINGLE",
          "valuesMinCount": 0,
          "valuesMaxCount": 1
        },
        {
          "name": "employee_type",
          "isOptional": true,
          "isUnique": false,
          "isIndexable": true,
          "typeName": "string",
          "cardinality": "SINGLE",
          "valuesMinCount": 0,
          "valuesMaxCount": 1
        },
        {
          "name": "manager_email",
          "isOptional": true,
          "isUnique": false,
          "isIndexable": true,
          "typeName": "string",
          "cardinality": "SINGLE",
          "valuesMinCount": 0,
          "valuesMaxCount": 1
        },
        {
          "name": "slack_id",
          "isOptional": true,
          "isUnique": false,
          "isIndexable": true,
          "typeName": "string",
          "cardinality": "SINGLE",
          "valuesMinCount": 0,
          "valuesMaxCount": 1
        },
        {
          "name": "is_active",
          "isOptional": true,
          "isUnique": false,
          "isIndexable": true,
          "typeName": "string",
          "cardinality": "SINGLE",
          "valuesMinCount": 0,
          "valuesMaxCount": 1
        },
        {
          "name": "profile_url",
          "isOptional": true,
          "isUnique": false,
          "isIndexable": true,
          "typeName": "string",
          "cardinality": "SINGLE",
          "valuesMinCount": 0,
          "valuesMaxCount": 1
        },
        {
          "name": "updated_at",
          "isOptional": true,
          "isUnique": false,
          "isIndexable": true,
          "typeName": "string",
          "cardinality": "SINGLE",
          "valuesMinCount": 0,
          "valuesMaxCount": 1
        },
        {
          "name": "role_name",
          "isOptional": true,
          "isUnique": false,
          "isIndexable": true,
          "typeName": "string",
          "cardinality": "SINGLE",
          "valuesMinCount": 0,
          "valuesMaxCount": 1
        }
      ]
    }
  ]
}
