{
  "entityDefs": [
    {
      "name": "TablePartition",
      "superTypes": [
        "DataSet"
      ],
      "serviceType": "amundsen",
      "attributeDefs": [
        {
          "name": "key",
          "isOptional": true,
          "isUnique": false,
          "isIndexable": true,
          "typeName": "string",
          "cardinality": "SINGLE",
          "valuesMinCount": 0
        },
        {
          "name": "create_time ",
          "isOptional": true,
          "isUnique": false,
          "isIndexable": true,
          "typeName": "int",
          "cardinality": "SINGLE",
          "valuesMinCount": 0,
          "defaultValue": 0
        }
      ]
    }
  ],
  "relationshipDefs": [
    {
      "name": "Table__TablePartition",
      "typeVersion": "2.0",
      "relationshipCategory": "COMPOSITION",
      "relationshipLabel": "_Table.TablePartition",
      "endDef1": {
        "type": "Table",
        "name": "partitions",
        "isContainer": true,
        "cardinality": "SET",
        "isLegacyAttribute": true
      },
      "endDef2": {
        "type": "TablePartition",
        "name": "table",
        "isContainer": false,
        "cardinality": "SINGLE",
        "isLegacyAttribute": true
      },
      "propagateTags": "NONE"
    }
  ]
}