{
  "framework": "cpoll_cppsp",
  "tests": [{
    "default": {
      "json_url": "/json",
      "plaintext_url": "/plaintext",
      "port": 16969,
      "approach": "Realistic",
      "classification": "Platform",
      "database": "None",
      "framework": "cpoll-cppsp",
      "language": "C++",
      "flavor": "None",
      "orm": "Raw",
      "platform": "None",
      "webserver": "None",
      "os": "Linux",
      "database_os": "Linux",
      "display_name": "cpoll-cppsp",
      "notes": "",
      "versus": "cpoll_cppsp"
    },
    "raw": {
      "db_url": "/db",
      "fortune_url": "/fortune",
      "update_url": "/update?queries=",
      "port": 16969,
      "approach": "Realistic",
      "classification": "Platform",
      "database": "MySQL",
      "framework": "cpoll-cppsp",
      "language": "C++",
      "flavor": "None",
      "orm": "Raw",
      "platform": "None",
      "webserver": "None",
      "os": "Linux",
      "database_os": "Linux",
      "display_name": "cpoll-cppsp-raw",
      "notes": "",
      "versus": "cpoll_cppsp",
      "tags": ["broken"]
    },
    "postgres-raw": {
      "db_url": "/db_pg_async",
      "port": 16969,
      "approach": "Realistic",
      "classification": "Platform",
      "database": "Postgres",
      "framework": "cpoll-cppsp",
      "language": "C++",
      "flavor": "None",
      "orm": "Raw",
      "platform": "None",
      "webserver": "None",
      "os": "Linux",
      "database_os": "Linux",
      "display_name": "cpoll-cppsp-raw",
      "notes": "",
      "versus": "cpoll_cppsp"
    },
    "postgres-raw-threadpool": {
      "db_url": "/db_pg_threadpool",
      "port": 16969,
      "approach": "Realistic",
      "classification": "Platform",
      "database": "Postgres",
      "framework": "cpoll-cppsp",
      "language": "C++",
      "flavor": "None",
      "orm": "Raw",
      "platform": "None",
      "webserver": "None",
      "os": "Linux",
      "database_os": "Linux",
      "display_name": "cpoll-pool",
      "notes": "Threadpool",
      "versus": "cpoll_cppsp",
      "tags": ["broken"]
    }
  }]
}
