{
  "framework": "just-boost",
  "tests": [
    {
      "default": {
        "json_url": "/json",
        "plaintext_url": "/plaintext",
        "db_url": "/db",
        "query_url": "/queries/",
        "port": 8000,
        "approach": "Realistic",
        "classification": "Micro",
        "database": "Postgres",
        "framework": "Boost",
        "language": "C++",
        "orm": "Raw",
        "platform": "None",
        "webserver": "None",
        "os": "Linux",
        "database_os": "Linux",
        "display_name": "just-boost",
        "notes": "",
        "versus": ""
      }
    }
  ]
}
