{
    "generator-jhipster": {
        "applicationType": "monolith",
        "authenticationType": "jwt",
        "baseName": "jhipster",
        "blueprints": [],
        "buildTool": "maven",
        "cacheProvider": "ehcache",
        "clientFramework": "vue",
        "clientPackageManager": "npm",
        "clientTheme": "none",
        "clientThemeVariant": "primary",
        "creationTimestamp": 1594459281773,
        "databaseType": "sql",
        "devDatabaseType": "mysql",
        "dtoSuffix": "DTO",
        "enableHibernateCache": true,
        "enableSwaggerCodegen": false,
        "enableTranslation": true,
        "entitySuffix": "",
        "jhiPrefix": "",
        "jwtSecretKey": "ZjY4MTM4YjI5YzMwZjhjYjI2OTNkNTRjMWQ5Y2Q0Y2YwOWNmZTE2NzRmYzU3NTMwM2NjOTE3MTllOTM3MWRkMzcyYTljMjVmNmQ0Y2MxOTUzODc0MDhhMTlkMDIxMzI2YzQzZDM2ZDE3MmQ3NjVkODk3OTVmYzljYTQyZDNmMTQ=",
        "languages": [
            "en",
            "al",
            "ar-ly",
            "hy",
            "by",
            "bn",
            "bg",
            "ca",
            "zh-cn",
            "zh-tw",
            "cs",
            "da",
            "nl",
            "et",
            "fa",
            "fi",
            "fr",
            "gl",
            "de",
            "el",
            "hi",
            "hr",
            "hu",
            "id",
            "it",
            "ja",
            "ko",
            "mr",
            "my",
            "pl",
            "pt-br",
            "pt-pt",
            "ro",
            "ru",
            "sk",
            "sr",
            "si",
            "es",
            "sv",
            "tr",
            "ta",
            "te",
            "th",
            "ua",
            "uz-Cyrl-uz",
            "uz-Latn-uz",
            "vi",
            "az-Latn-az"
        ],
        "messageBroker": "no",
        "nativeLanguage": "en",
        "otherModules": [],
        "packageFolder": "tech/jhipster/sample",
        "packageName": "tech.jhipster.sample",
        "prodDatabaseType": "mysql",
        "reactive": false,
        "searchEngine": "elasticsearch",
        "serverPort": "8080",
        "serverSideOptions": ["searchEngine:elasticsearch"],
        "serviceDiscoveryType": "no",
        "skipCheckLengthOfIdentifier": false,
        "skipClient": false,
        "skipFakeData": false,
        "skipServer": false,
        "skipUserManagement": false,
        "testFrameworks": ["gatling", "cypress"],
        "websocket": "no"
    }
}
