{"frameRate":24,"isGlobal":0,"armature":[{"aabb":{"width":693.2805749826739,"y":-702.3605101048755,"height":769.5863484320666,"x":-240.9677870990554},"type":"Armature","ik":[],"defaultActions":[{"gotoAndPlay":"stand"}],"skin":[{"name":"","slot":[{"display":[{"path":"parts/tail","type":"image","name":"parts/tail","transform":{"skX":45.2229,"y":-0.0768,"skY":45.2229,"x":30.247025}}],"name":"tail"},{"display":[{"path":"parts/armUpperR","type":"image","name":"parts/armUpperR","transform":{"skX":13.9232,"y":1.1848,"skY":13.9232,"x":14.130075}}],"name":"armUpperR"},{"display":[{"path":"parts/beardL","type":"image","name":"parts/beardL","transform":{"skX":-174.0434,"y":-1.088575,"skY":-174.0434,"x":12.496175}}],"name":"beardL"},{"display":[{"path":"parts/eyeL","type":"image","name":"parts/eyeL","transform":{"y":0.1,"x":0.075}}],"name":"eyeL"},{"display":[{"path":"parts/armL","type":"image","name":"parts/armL","transform":{"skX":98.2989,"y":-0.719275,"skY":98.2989,"x":6.6737}}],"name":"armL"},{"display":[{"path":"parts/body","type":"image","name":"parts/body","transform":{"skX":94.9653,"y":0.154875,"skY":94.9653,"x":-0.2393}}],"name":"body"},{"display":[{"path":"parts/armR","type":"image","name":"parts/armR","transform":{"skX":-85.2356,"y":0.697625,"skY":-85.2356,"x":3.554325}}],"name":"armR"},{"display":[{"path":"parts/clothes1","type":"image","name":"parts/clothes1","transform":{"skX":132.4995,"y":4.012475,"skY":132.4995,"x":8.099525}}],"name":"clothes"},{"display":[{"path":"parts/legR","type":"image","name":"parts/legR","transform":{"skX":-94.0239,"y":-1.50245,"skY":-94.0239,"x":20.645475}}],"name":"legR"},{"display":[{"path":"parts/handL","type":"image","name":"parts/handL","transform":{"skX":146.6156,"y":-0.362775,"skY":146.6156,"x":8.683125}}],"name":"handL"},{"display":[{"path":"parts/tailTip","type":"image","name":"parts/tailTip","transform":{"skX":82.7421,"y":-0.205475,"skY":82.7421,"x":20.4126}}],"name":"tailTip"},{"display":[{"path":"parts/hair","type":"image","name":"parts/hair","transform":{"skX":-4.9086,"y":0.099375,"skY":-4.9086,"x":0.01125}}],"name":"hair"},{"display":[{"path":"parts/eyeR","type":"image","name":"parts/eyeR","transform":{"y":-0.125,"x":0.375}}],"name":"eyeR"},{"display":[{"path":"parts/legL","type":"image","name":"parts/legL","transform":{"skX":-146.9135,"y":-1.6115,"skY":-146.9135,"x":25.27875}}],"name":"legL"},{"display":[{"path":"parts/handR","type":"image","name":"parts/handR","transform":{"skX":-88.1106,"y":1.26565,"skY":-88.1106,"x":5.7614}}],"name":"handR"},{"display":[{"path":"parts/head","type":"image","name":"parts/head","transform":{"skX":80.4531,"y":-2.634675,"skY":80.4531,"x":30.73875}}],"name":"head"},{"display":[{"path":"parts/armUpperL","type":"image","name":"parts/armUpperL","transform":{"skX":-148.2623,"y":1.080425,"skY":-148.2623,"x":6.9746}}],"name":"armUpperL"},{"display":[{"path":"parts/beardR","type":"image","name":"parts/beardR","transform":{"y":0.05,"x":15.4}}],"name":"beardR"}]}],"bone":[{"name":"root","transform":{"y":-67.63665,"x":-1.639675}},{"length":37.5,"transform":{"skX":-94.9653,"y":12.635475,"skY":-94.9653,"x":6.523525},"parent":"root","name":"body"},{"length":30,"transform":{"skX":-156.0107,"y":11.725,"skY":-156.0107,"x":-23.90455},"parent":"body","name":"legR"},{"length":37.5,"transform":{"skX":159.9921,"y":7.848175,"skY":159.9921,"x":20.146325},"parent":"body","name":"armUpperR"},{"length":37.5,"transform":{"skX":-154.3312,"y":-15.06895,"skY":-154.3312,"x":-17.7624},"parent":"body","name":"legL"},{"length":37.5,"transform":{"skX":11.4957,"y":-1.450925,"skY":11.4957,"x":40.778625},"parent":"body","name":"head"},{"length":17.5,"transform":{"skX":-171.7742,"y":-23.401175,"skY":-171.7742,"x":18.620325},"parent":"body","name":"armUpperL"},{"length":62.5,"transform":{"skX":79.7425,"y":17.53175,"skY":79.7425,"x":-29.2773},"parent":"body","name":"tail"},{"length":20,"transform":{"skX":-37.5342,"y":-7.9354,"skY":-37.5342,"x":0.35575},"parent":"body","name":"clothes"},{"length":15,"transform":{"skX":30.7088,"y":0.5564,"skY":30.7088,"x":16.6908},"parent":"armUpperL","name":"armL"},{"transform":{"skX":80.4531,"y":-5.998925,"skY":80.4531,"x":35.0657},"name":"eyeR","parent":"head"},{"length":37.5,"transform":{"skX":-37.5192,"y":-0.7752,"skY":-37.5192,"x":64.465525},"parent":"tail","name":"tailTip"},{"transform":{"skX":80.4531,"y":-25.297,"skY":80.4531,"x":33.442525},"name":"eyeL","parent":"head"},{"length":20,"transform":{"skX":-105.5036,"y":-33.4062,"skY":-105.5036,"x":1.8647},"parent":"head","name":"beardL"},{"length":12.5,"transform":{"skX":35.2088,"y":0.132125,"skY":35.2088,"x":34.6873},"parent":"armUpperR","name":"armR"},{"length":20,"transform":{"skX":80.4531,"y":-8.96425,"skY":80.4531,"x":5.818825},"parent":"head","name":"beardR"},{"length":12.5,"transform":{"skX":86.9099,"y":20.157725,"skY":86.9099,"x":26.206225},"parent":"head","name":"hair"},{"length":10,"transform":{"skX":17.875,"y":0.276975,"skY":17.875,"x":10.84685},"parent":"armR","name":"handR"},{"length":20,"transform":{"skX":4.4133,"y":-0.106825,"skY":4.4133,"x":16.657725},"parent":"armL","name":"handL"}],"slot":[{"name":"tailTip","parent":"tailTip","color":{}},{"z":1,"name":"armUpperL","parent":"armUpperL","color":{}},{"z":2,"name":"armL","parent":"armL","color":{}},{"z":3,"name":"handL","parent":"handL","color":{}},{"z":4,"name":"legL","parent":"legL","color":{}},{"z":5,"name":"body","parent":"body","color":{}},{"z":6,"name":"tail","parent":"tail","color":{}},{"z":7,"name":"clothes","parent":"clothes","color":{}},{"z":8,"name":"hair","parent":"hair","color":{}},{"z":9,"name":"head","parent":"head","color":{}},{"z":10,"name":"eyeL","parent":"eyeL","color":{}},{"z":11,"name":"eyeR","parent":"eyeR","color":{}},{"z":12,"name":"legR","parent":"legR","color":{}},{"z":13,"name":"armUpperR","parent":"armUpperR","color":{}},{"z":14,"name":"armR","parent":"armR","color":{}},{"z":15,"name":"handR","parent":"handR","color":{}},{"z":16,"name":"beardL","parent":"beardL","color":{}},{"z":17,"name":"beardR","parent":"beardR","color":{}}],"animation":[{"playTimes":0,"frame":[],"duration":30,"bone":[{"frame":[{"transform":{},"tweenEasing":null,"duration":30}],"name":"root"},{"frame":[{"transform":{},"tweenEasing":0,"duration":30},{"transform":{},"tweenEasing":null,"duration":0}],"name":"body"},{"frame":[{"transform":{},"tweenEasing":0,"duration":30},{"transform":{},"tweenEasing":null,"duration":0}],"name":"legR"},{"frame":[{"transform":{},"tweenEasing":0,"duration":30},{"transform":{},"tweenEasing":null,"duration":0}],"name":"armUpperR"},{"frame":[{"transform":{},"tweenEasing":0,"duration":30},{"transform":{},"tweenEasing":null,"duration":0}],"name":"legL"},{"frame":[{"transform":{},"tweenEasing":0,"duration":30},{"transform":{},"tweenEasing":null,"duration":0}],"name":"head"},{"frame":[{"transform":{},"tweenEasing":0,"duration":30},{"transform":{},"tweenEasing":null,"duration":0}],"name":"armUpperL"},{"frame":[{"transform":{},"tweenEasing":0,"duration":8},{"transform":{"skX":4.95,"skY":4.95,"x":-1},"tweenEasing":0,"duration":22},{"transform":{},"tweenEasing":null,"duration":0}],"name":"tail"},{"frame":[{"transform":{},"tweenEasing":0,"duration":12},{"transform":{"y":-0.5,"x":-0.5},"tweenEasing":0,"duration":18},{"transform":{},"tweenEasing":null,"duration":0}],"name":"clothes"},{"frame":[{"transform":{},"tweenEasing":0,"duration":30},{"transform":{},"tweenEasing":null,"duration":0}],"name":"armL"},{"frame":[{"transform":{},"tweenEasing":0,"duration":8},{"transform":{"y":-0.5},"tweenEasing":0,"duration":22},{"transform":{},"tweenEasing":null,"duration":0}],"name":"eyeR"},{"frame":[{"transform":{},"tweenEasing":0,"duration":8},{"transform":{"skX":-12.64,"y":-2.01435,"skY":-12.64,"x":1.2837},"tweenEasing":0,"duration":22},{"transform":{},"tweenEasing":null,"duration":0}],"name":"tailTip"},{"frame":[{"transform":{},"tweenEasing":0,"duration":8},{"transform":{"y":-0.5},"tweenEasing":0,"duration":22},{"transform":{},"tweenEasing":null,"duration":0}],"name":"eyeL"},{"frame":[{"transform":{"skX":9.6205,"skY":9.6205},"tweenEasing":0,"duration":15},{"transform":{"skX":-1.4848,"skY":-1.4848},"tweenEasing":0,"duration":15},{"transform":{"skX":9.6205,"skY":9.6205},"tweenEasing":null,"duration":0}],"name":"beardL"},{"frame":[{"transform":{},"tweenEasing":0,"duration":30},{"transform":{},"tweenEasing":null,"duration":0}],"name":"armR"},{"frame":[{"transform":{},"tweenEasing":0,"duration":15},{"transform":{"skX":5.44,"skY":5.44},"tweenEasing":0,"duration":15},{"transform":{},"tweenEasing":null,"duration":0}],"name":"beardR"},{"frame":[{"transform":{},"tweenEasing":0,"duration":12},{"transform":{"y":-1,"x":0.5},"tweenEasing":0,"duration":18},{"transform":{},"tweenEasing":null,"duration":0}],"name":"hair"},{"frame":[{"transform":{},"tweenEasing":0,"duration":30},{"transform":{},"tweenEasing":null,"duration":0}],"name":"handR"},{"frame":[{"transform":{},"tweenEasing":0,"duration":30},{"transform":{},"tweenEasing":null,"duration":0}],"name":"handL"}],"slot":[{"frame":[{"tweenEasing":0,"duration":30},{"tweenEasing":null,"duration":0}],"name":"armUpperL"},{"frame":[{"tweenEasing":0,"duration":30},{"tweenEasing":null,"duration":0}],"name":"handL"},{"frame":[{"tweenEasing":0,"duration":30},{"tweenEasing":null,"duration":0}],"name":"legL"},{"frame":[{"tweenEasing":0,"duration":8},{"tweenEasing":0,"duration":12},{"tweenEasing":0,"duration":8},{"tweenEasing":null,"duration":2},{"tweenEasing":null,"duration":0}],"name":"body"},{"frame":[{"tweenEasing":0,"duration":12},{"tweenEasing":0,"duration":17},{"tweenEasing":null,"duration":1},{"tweenEasing":null,"duration":0}],"name":"clothes"},{"frame":[{"tweenEasing":0,"duration":12},{"tweenEasing":0,"duration":8},{"tweenEasing":0,"duration":8},{"tweenEasing":null,"duration":2},{"tweenEasing":null,"duration":0}],"name":"hair"},{"frame":[{"tweenEasing":0,"duration":30},{"tweenEasing":null,"duration":0}],"name":"head"},{"frame":[{"tweenEasing":0,"duration":8},{"tweenEasing":0,"duration":12},{"tweenEasing":0,"duration":8},{"tweenEasing":null,"duration":2},{"tweenEasing":null,"duration":0}],"name":"eyeL"},{"frame":[{"tweenEasing":0,"duration":30},{"tweenEasing":null,"duration":0}],"name":"legR"},{"frame":[{"tweenEasing":0,"duration":30},{"tweenEasing":null,"duration":0}],"name":"armUpperR"},{"frame":[{"tweenEasing":0,"duration":30},{"tweenEasing":null,"duration":0}],"name":"armR"},{"frame":[{"tweenEasing":0,"duration":30},{"tweenEasing":null,"duration":0}],"name":"handR"},{"frame":[{"tweenEasing":0,"duration":7},{"tweenEasing":0,"duration":8},{"tweenEasing":0,"duration":12},{"tweenEasing":0,"duration":1},{"tweenEasing":null,"duration":2},{"tweenEasing":null,"duration":0}],"name":"beardL"},{"frame":[{"tweenEasing":0,"duration":7},{"tweenEasing":0,"duration":8},{"tweenEasing":0,"duration":12},{"tweenEasing":0,"duration":1},{"tweenEasing":null,"duration":2},{"tweenEasing":null,"duration":0}],"name":"beardR"}],"ffd":[],"name":"stand"},{"playTimes":0,"frame":[],"duration":20,"bone":[{"frame":[{"transform":{},"tweenEasing":null,"duration":20},{"transform":{},"tweenEasing":null,"duration":0}],"name":"root"},{"frame":[{"transform":{"y":-1},"tweenEasing":0,"duration":10},{"transform":{"y":-0.5},"tweenEasing":0,"duration":10},{"transform":{"y":-1},"tweenEasing":null,"duration":0}],"name":"body"},{"frame":[{"transform":{"skX":-30,"y":-3.5,"skY":-30,"x":-1.5},"tweenEasing":0,"duration":10},{"transform":{"skX":30,"y":-0.5,"skY":30,"x":-0.975},"tweenEasing":0,"duration":10},{"transform":{"skX":-30,"y":-3.5,"skY":-30,"x":-1.5},"tweenEasing":null,"duration":0}],"name":"legR"},{"frame":[{"transform":{"skX":45.5,"y":3.5,"skY":45.5,"x":-1.5},"tweenEasing":0,"duration":10},{"transform":{"skX":-22.15,"y":0.5,"skY":-22.15},"tweenEasing":0,"duration":10},{"transform":{"skX":45.5,"y":3.5,"skY":45.5,"x":-1.5},"tweenEasing":null,"duration":0}],"name":"armUpperR"},{"frame":[{"transform":{"skX":49.67,"y":7.100275,"skY":49.67,"x":-10.08605},"tweenEasing":0,"duration":10},{"transform":{"skX":-19.23,"y":-2.23195,"skY":-19.23,"x":-5.63015},"tweenEasing":0,"duration":10},{"transform":{"skX":49.67,"y":7.100275,"skY":49.67,"x":-10.08605},"tweenEasing":null,"duration":0}],"name":"legL"},{"frame":[{"transform":{"y":1},"tweenEasing":0,"duration":10},{"transform":{"skX":2.95,"y":0.5,"skY":2.95},"tweenEasing":0,"duration":10},{"transform":{"y":1},"tweenEasing":null,"duration":0}],"name":"head"},{"frame":[{"transform":{"skX":-21.2,"y":1,"skY":-21.2},"tweenEasing":0,"duration":10},{"transform":{"skX":30,"y":0.5,"skY":30},"tweenEasing":0,"duration":10},{"transform":{"skX":-21.2,"y":1,"skY":-21.2},"tweenEasing":null,"duration":0}],"name":"armUpperL"},{"frame":[{"transform":{"x":-2},"tweenEasing":0,"duration":10},{"transform":{"skX":-8.7,"y":-1.5,"skY":-8.7,"x":-3},"tweenEasing":0,"duration":10},{"transform":{"x":-2},"tweenEasing":null,"duration":0}],"name":"tail"},{"frame":[{"transform":{},"tweenEasing":0,"duration":5},{"transform":{"y":-0.5,"x":-0.5},"tweenEasing":0,"duration":5},{"transform":{},"tweenEasing":0,"duration":5},{"transform":{"y":-0.5,"x":-0.5},"tweenEasing":0,"duration":5},{"transform":{},"tweenEasing":null,"duration":0}],"name":"clothes"},{"frame":[{"transform":{"skX":-38.8,"y":-0.5503,"skY":-38.8,"x":-3.259675},"tweenEasing":0,"duration":10},{"transform":{"skX":38.55,"y":-1.461275,"skY":38.55,"x":0.976075},"tweenEasing":0,"duration":10},{"transform":{"skX":-38.8,"y":-0.5503,"skY":-38.8,"x":-3.259675},"tweenEasing":null,"duration":0}],"name":"armL"},{"frame":[{"transform":{"y":0.125,"x":0.425},"tweenEasing":0,"duration":10},{"transform":{"skX":-2.95,"y":-0.069325,"skY":-2.95,"x":-1.0284},"tweenEasing":0,"duration":10},{"transform":{"y":0.125,"x":0.425},"tweenEasing":null,"duration":0}],"name":"eyeR"},{"frame":[{"transform":{"y":-0.133975,"x":2.23205},"tweenEasing":0,"duration":10},{"transform":{"skX":17.93,"y":2.519025,"skY":17.93,"x":-0.749225},"tweenEasing":0,"duration":10},{"transform":{"y":-0.133975,"x":2.23205},"tweenEasing":null,"duration":0}],"name":"tailTip"},{"frame":[{"transform":{},"tweenEasing":0,"duration":10},{"transform":{"skX":-2.95,"y":1.047675,"skY":-2.95,"x":-1.887475},"tweenEasing":0,"duration":10},{"transform":{},"tweenEasing":null,"duration":0}],"name":"eyeL"},{"frame":[{"transform":{},"tweenEasing":0,"duration":10},{"transform":{"skX":6.04,"y":-1.37935,"skY":6.04,"x":-0.879675},"tweenEasing":0,"duration":10},{"transform":{},"tweenEasing":null,"duration":0}],"name":"beardL"},{"frame":[{"transform":{"skX":21.72,"y":2.488875,"skY":21.72,"x":-0.64355},"tweenEasing":0,"duration":5},{"transform":{"skX":31.7897,"y":1.249725,"skY":31.7897,"x":-0.683125},"tweenEasing":0,"duration":5},{"transform":{"skX":-15.63,"y":0.0106,"skY":-15.63,"x":-0.722675},"tweenEasing":0,"duration":5},{"transform":{"skX":-19.6672,"y":-1.40275,"skY":-19.6672,"x":-0.056175},"tweenEasing":0,"duration":5},{"transform":{"skX":21.72,"y":2.488875,"skY":21.72,"x":-0.64355},"tweenEasing":null,"duration":0}],"name":"armR"},{"frame":[{"transform":{},"tweenEasing":0,"duration":10},{"transform":{"skX":-10.45,"y":0.41485,"skY":-10.45,"x":-0.3614},"tweenEasing":0,"duration":10},{"transform":{},"tweenEasing":null,"duration":0}],"name":"beardR"},{"frame":[{"transform":{},"tweenEasing":0,"duration":10},{"transform":{"skX":-2.95,"y":-1.79345,"skY":-2.95,"x":0.282225},"tweenEasing":0,"duration":10},{"transform":{},"tweenEasing":null,"duration":0}],"name":"hair"},{"frame":[{"transform":{"skX":-45.48,"y":0.506125,"skY":-45.48,"x":-4.066475},"tweenEasing":0,"duration":10},{"transform":{"skX":-0.48,"y":0.541625,"skY":-0.48,"x":0.374075},"tweenEasing":0,"duration":10},{"transform":{"skX":-45.48,"y":0.506125,"skY":-45.48,"x":-4.066475},"tweenEasing":null,"duration":0}],"name":"handR"},{"frame":[{"transform":{"skX":15,"y":0.225675,"skY":15,"x":-0.416425},"tweenEasing":0,"duration":10},{"transform":{"skX":6.45,"y":0.8498,"skY":6.45,"x":-0.69405},"tweenEasing":0,"duration":10},{"transform":{"skX":15,"y":0.225675,"skY":15,"x":-0.416425},"tweenEasing":null,"duration":0}],"name":"handL"}],"slot":[{"frame":[{"tweenEasing":0,"duration":10},{"tweenEasing":0,"duration":10},{"tweenEasing":null,"duration":0}],"name":"tailTip"},{"frame":[{"tweenEasing":0,"duration":10},{"tweenEasing":0,"duration":10},{"tweenEasing":null,"duration":0}],"name":"armUpperL"},{"frame":[{"tweenEasing":0,"duration":10},{"tweenEasing":0,"duration":10},{"tweenEasing":null,"duration":0}],"name":"armL"},{"frame":[{"tweenEasing":0,"duration":10},{"tweenEasing":0,"duration":10},{"tweenEasing":null,"duration":0}],"name":"handL"},{"frame":[{"tweenEasing":0,"duration":10},{"tweenEasing":0,"duration":10},{"tweenEasing":null,"duration":0}],"name":"legL"},{"frame":[{"tweenEasing":0,"duration":10},{"tweenEasing":0,"duration":10},{"tweenEasing":null,"duration":0}],"name":"body"},{"frame":[{"tweenEasing":0,"duration":10},{"tweenEasing":0,"duration":10},{"tweenEasing":null,"duration":0}],"name":"tail"},{"frame":[{"tweenEasing":0,"duration":5},{"tweenEasing":0,"duration":5},{"tweenEasing":0,"duration":5},{"tweenEasing":0,"duration":5},{"tweenEasing":null,"duration":0}],"name":"clothes"},{"frame":[{"tweenEasing":0,"duration":10},{"tweenEasing":0,"duration":10},{"tweenEasing":null,"duration":0}],"name":"hair"},{"frame":[{"tweenEasing":0,"duration":10},{"tweenEasing":0,"duration":10},{"tweenEasing":null,"duration":0}],"name":"head"},{"frame":[{"tweenEasing":0,"duration":10},{"tweenEasing":0,"duration":10},{"tweenEasing":null,"duration":0}],"name":"eyeL"},{"frame":[{"tweenEasing":0,"duration":10},{"tweenEasing":0,"duration":10},{"tweenEasing":null,"duration":0}],"name":"eyeR"},{"frame":[{"tweenEasing":0,"duration":10},{"tweenEasing":0,"duration":10},{"tweenEasing":null,"duration":0}],"name":"legR"},{"frame":[{"tweenEasing":0,"duration":10},{"tweenEasing":0,"duration":10},{"tweenEasing":null,"duration":0}],"name":"armUpperR"},{"frame":[{"tweenEasing":0,"duration":10},{"tweenEasing":0,"duration":10},{"tweenEasing":null,"duration":0}],"name":"armR"},{"frame":[{"tweenEasing":0,"duration":10},{"tweenEasing":0,"duration":10},{"tweenEasing":null,"duration":0}],"name":"handR"},{"frame":[{"tweenEasing":0,"duration":10},{"tweenEasing":0,"duration":10},{"tweenEasing":null,"duration":0}],"name":"beardL"},{"frame":[{"tweenEasing":0,"duration":10},{"tweenEasing":0,"duration":10},{"tweenEasing":null,"duration":0}],"name":"beardR"}],"ffd":[],"name":"walk"},{"playTimes":0,"frame":[],"duration":5,"bone":[{"frame":[{"transform":{},"tweenEasing":null,"duration":5}],"name":"root"},{"frame":[{"transform":{"y":-16.5},"tweenEasing":0,"duration":5},{"transform":{"y":-16.5},"tweenEasing":null,"duration":0}],"name":"body"},{"frame":[{"transform":{"skX":-27.69,"y":0.2582,"skY":-27.69,"x":0.293925},"tweenEasing":0,"duration":2},{"transform":{"skX":-27.69,"y":0.16485,"skY":-27.69,"x":-0.7805},"tweenEasing":0,"duration":3},{"transform":{"skX":-27.69,"y":0.2582,"skY":-27.69,"x":0.293925},"tweenEasing":null,"duration":0}],"name":"legR"},{"frame":[{"transform":{"skX":-24.65,"y":2.5,"skY":-24.65},"tweenEasing":0,"duration":2},{"transform":{"skX":-23.1904,"y":2.437775,"skY":-23.1904,"x":-0.716275},"tweenEasing":0,"duration":3},{"transform":{"skX":-24.65,"y":2.5,"skY":-24.65},"tweenEasing":null,"duration":0}],"name":"armUpperR"},{"frame":[{"transform":{"skX":-15.2954,"y":9.571825,"skY":-15.2954,"x":-5.1551},"tweenEasing":0,"duration":2},{"transform":{"skX":-15.2954,"y":9.44735,"skY":-15.2954,"x":-6.587675},"tweenEasing":0,"duration":3},{"transform":{"skX":-15.2954,"y":9.571825,"skY":-15.2954,"x":-5.1551},"tweenEasing":null,"duration":0}],"name":"legL"},{"frame":[{"transform":{"skX":10,"y":0.475,"skY":10,"x":0.9},"tweenEasing":0,"duration":5},{"transform":{"skX":10,"y":0.475,"skY":10,"x":0.9},"tweenEasing":null,"duration":0}],"name":"head"},{"frame":[{"transform":{"skX":15,"y":1,"skY":15},"tweenEasing":0,"duration":2},{"transform":{"skX":15,"y":0.90665,"skY":15,"x":-1.074425},"tweenEasing":0,"duration":3},{"transform":{"skX":15,"y":1,"skY":15},"tweenEasing":null,"duration":0}],"name":"armUpperL"},{"frame":[{"transform":{"skX":9.3457,"y":-2.5,"skY":9.3457,"x":-6},"tweenEasing":0,"duration":2},{"transform":{"skX":13.7283,"y":-2.5,"skY":13.7283,"x":-6},"tweenEasing":0,"duration":3},{"transform":{"skX":9.3457,"y":-2.5,"skY":9.3457,"x":-6},"tweenEasing":null,"duration":0}],"name":"tail"},{"frame":[{"transform":{"y":-1.1277,"x":-1.19205},"tweenEasing":0,"duration":2},{"transform":{"y":-1.22105,"x":-2.266475},"tweenEasing":0,"duration":3},{"transform":{"y":-1.1277,"x":-1.19205},"tweenEasing":null,"duration":0}],"name":"clothes"},{"frame":[{"transform":{"skX":8.55,"y":0.6382,"skY":8.55,"x":-0.149475},"tweenEasing":0,"duration":5},{"transform":{"skX":8.55,"y":0.6382,"skY":8.55,"x":-0.149475},"tweenEasing":null,"duration":0}],"name":"armL"},{"frame":[{"transform":{"skX":-10,"y":-2.1757,"skY":-10,"x":2.220375},"tweenEasing":0,"duration":2},{"transform":{"skX":-10,"y":-2.264625,"skY":-10,"x":2.0302},"tweenEasing":0,"duration":3},{"transform":{"skX":-10,"y":-1.931525,"skY":-10,"x":2.25325},"tweenEasing":null,"duration":0}],"name":"eyeR"},{"frame":[{"transform":{"skX":2.89,"y":1.575025,"skY":2.89,"x":0.54245},"tweenEasing":0,"duration":2},{"transform":{"skX":8.91,"y":-0.224,"skY":8.91,"x":0.159375},"tweenEasing":0,"duration":3},{"transform":{"skX":2.89,"y":1.575025,"skY":2.89,"x":0.54245},"tweenEasing":null,"duration":0}],"name":"tailTip"},{"frame":[{"transform":{"skX":-10,"y":-1.57535,"skY":-10,"x":2.234775},"tweenEasing":0,"duration":2},{"transform":{"skX":-10,"y":-2.264625,"skY":-10,"x":2.0302},"tweenEasing":0,"duration":3},{"transform":{"skX":-10,"y":-1.57535,"skY":-10,"x":2.234775},"tweenEasing":null,"duration":0}],"name":"eyeL"},{"frame":[{"transform":{"skX":-50.29,"y":4.806675,"skY":-50.29,"x":-4.944425},"tweenEasing":0,"duration":2},{"transform":{"skX":-58.5649,"y":4.806675,"skY":-58.5649,"x":-4.944425},"tweenEasing":0,"duration":3},{"transform":{"skX":-50.29,"y":4.806675,"skY":-50.29,"x":-4.944425},"tweenEasing":null,"duration":0}],"name":"beardL"},{"frame":[{"transform":{"skX":-13.13,"y":0.289775,"skY":-13.13,"x":-2.020225},"tweenEasing":0,"duration":5},{"transform":{"skX":-13.13,"y":0.289775,"skY":-13.13,"x":-2.020225},"tweenEasing":null,"duration":0}],"name":"armR"},{"frame":[{"transform":{"skX":42.5,"y":1.6871,"skY":42.5,"x":-2.037225},"tweenEasing":0,"duration":2},{"transform":{"skX":50.23,"y":1.707375,"skY":50.23,"x":-2.008275},"tweenEasing":0,"duration":3},{"transform":{"skX":42.5,"y":1.6871,"skY":42.5,"x":-2.037225},"tweenEasing":null,"duration":0}],"name":"beardR"},{"frame":[{"transform":{"skX":-10,"y":-1.5109,"skY":-10,"x":-0.204525},"tweenEasing":0,"duration":2},{"transform":{"skX":-10,"y":-0.699725,"skY":-10,"x":0.953925},"tweenEasing":0,"duration":3},{"transform":{"skX":-10,"y":-1.5109,"skY":-10,"x":-0.204525},"tweenEasing":null,"duration":0}],"name":"hair"},{"frame":[{"transform":{"skX":-0.48,"y":0.541625,"skY":-0.48,"x":0.374075},"tweenEasing":0,"duration":5},{"transform":{"skX":-0.48,"y":0.541625,"skY":-0.48,"x":0.374075},"tweenEasing":null,"duration":0}],"name":"handR"},{"frame":[{"transform":{"skX":-8.55,"y":-0.962825,"skY":-8.55,"x":-3.527325},"tweenEasing":0,"duration":5},{"transform":{"skX":-8.55,"y":-0.962825,"skY":-8.55,"x":-3.527325},"tweenEasing":null,"duration":0}],"name":"handL"}],"slot":[{"frame":[{"tweenEasing":0,"duration":2},{"tweenEasing":0,"duration":3},{"tweenEasing":null,"duration":0}],"name":"tailTip"},{"frame":[{"tweenEasing":0,"duration":2},{"tweenEasing":0,"duration":3},{"tweenEasing":null,"duration":0}],"name":"armUpperL"},{"frame":[{"tweenEasing":0,"duration":5},{"tweenEasing":null,"duration":0}],"name":"armL"},{"frame":[{"tweenEasing":0,"duration":5},{"tweenEasing":null,"duration":0}],"name":"handL"},{"frame":[{"tweenEasing":0,"duration":2},{"tweenEasing":0,"duration":3},{"tweenEasing":null,"duration":0}],"name":"legL"},{"frame":[{"tweenEasing":0,"duration":5},{"tweenEasing":null,"duration":0}],"name":"body"},{"frame":[{"tweenEasing":0,"duration":2},{"tweenEasing":0,"duration":3},{"tweenEasing":null,"duration":0}],"name":"tail"},{"frame":[{"tweenEasing":0,"duration":2},{"tweenEasing":0,"duration":3},{"tweenEasing":null,"duration":0}],"name":"clothes"},{"frame":[{"tweenEasing":0,"duration":2},{"tweenEasing":0,"duration":3},{"tweenEasing":null,"duration":0}],"name":"hair"},{"frame":[{"tweenEasing":0,"duration":5},{"tweenEasing":null,"duration":0}],"name":"head"},{"frame":[{"tweenEasing":0,"duration":2},{"tweenEasing":0,"duration":3},{"tweenEasing":null,"duration":0}],"name":"eyeL"},{"frame":[{"tweenEasing":0,"duration":2},{"tweenEasing":0,"duration":3},{"tweenEasing":null,"duration":0}],"name":"eyeR"},{"frame":[{"tweenEasing":0,"duration":2},{"tweenEasing":0,"duration":3},{"tweenEasing":null,"duration":0}],"name":"legR"},{"frame":[{"tweenEasing":0,"duration":2},{"tweenEasing":0,"duration":3},{"tweenEasing":null,"duration":0}],"name":"armUpperR"},{"frame":[{"tweenEasing":0,"duration":5},{"tweenEasing":null,"duration":0}],"name":"armR"},{"frame":[{"tweenEasing":0,"duration":5},{"tweenEasing":null,"duration":0}],"name":"handR"},{"frame":[{"tweenEasing":0,"duration":2},{"tweenEasing":0,"duration":3},{"tweenEasing":null,"duration":0}],"name":"beardL"},{"frame":[{"tweenEasing":0,"duration":2},{"tweenEasing":0,"duration":3},{"tweenEasing":null,"duration":0}],"name":"beardR"}],"ffd":[],"name":"jump"},{"playTimes":0,"frame":[],"duration":5,"bone":[{"frame":[{"transform":{},"tweenEasing":null,"duration":5}],"name":"root"},{"frame":[{"transform":{"y":-16.5},"tweenEasing":0,"duration":5},{"transform":{"y":-16.5},"tweenEasing":null,"duration":0}],"name":"body"},{"frame":[{"transform":{"skX":27.76,"y":2.2411,"skY":27.76,"x":1.544925},"tweenEasing":0,"duration":2},{"transform":{"skX":27.76,"y":2.144,"skY":27.76,"x":0.427375},"tweenEasing":0,"duration":3},{"transform":{"skX":27.76,"y":2.2411,"skY":27.76,"x":1.544925},"tweenEasing":null,"duration":0}],"name":"legR"},{"frame":[{"transform":{"skX":-69.64,"y":2.5,"skY":-69.64},"tweenEasing":0,"duration":2},{"transform":{"skX":-66.683,"y":2.467625,"skY":-66.683,"x":-0.3725},"tweenEasing":0,"duration":3},{"transform":{"skX":-69.64,"y":2.5,"skY":-69.64},"tweenEasing":null,"duration":0}],"name":"armUpperR"},{"frame":[{"transform":{"skX":50.73,"y":1.975,"skY":50.73,"x":5.65},"tweenEasing":0,"duration":2},{"transform":{"skX":50.73,"y":1.910275,"skY":50.73,"x":4.904975},"tweenEasing":0,"duration":3},{"transform":{"skX":50.73,"y":1.975,"skY":50.73,"x":5.65},"tweenEasing":null,"duration":0}],"name":"legL"},{"frame":[{"transform":{"skX":-8.73,"y":-0.85,"skY":-8.73,"x":2.75},"tweenEasing":0,"duration":5},{"transform":{"skX":-8.73,"y":-0.85,"skY":-8.73,"x":2.75},"tweenEasing":null,"duration":0}],"name":"head"},{"frame":[{"transform":{"skX":92.45,"y":1,"skY":92.45},"tweenEasing":0,"duration":2},{"transform":{"skX":89.9735,"y":1.064725,"skY":89.9735,"x":0.745025},"tweenEasing":0,"duration":3},{"transform":{"skX":92.45,"y":1,"skY":92.45},"tweenEasing":null,"duration":0}],"name":"armUpperL"},{"frame":[{"transform":{"skX":-18.47,"y":-1.525,"skY":-18.47,"x":-0.975},"tweenEasing":0,"duration":2},{"transform":{"skX":-22.44,"y":-1.525,"skY":-22.44,"x":-0.975},"tweenEasing":0,"duration":3},{"transform":{"skX":-18.47,"y":-1.525,"skY":-18.47,"x":-0.975},"tweenEasing":null,"duration":0}],"name":"tail"},{"frame":[{"transform":{"y":-1.215525,"x":-1.50165},"tweenEasing":0,"duration":2},{"transform":{"y":-1.118425,"x":-0.384125},"tweenEasing":0,"duration":3},{"transform":{"y":-1.215525,"x":-1.50165},"tweenEasing":null,"duration":0}],"name":"clothes"},{"frame":[{"transform":{"skX":-53.9,"y":1.45345,"skY":-53.9,"x":1.087275},"tweenEasing":0,"duration":5},{"transform":{"skX":-53.9,"y":1.45345,"skY":-53.9,"x":1.087275},"tweenEasing":null,"duration":0}],"name":"armL"},{"frame":[{"transform":{"skX":8.73,"y":-1.153625,"skY":8.73,"x":-4.44015},"tweenEasing":0,"duration":2},{"transform":{"skX":8.73,"y":-0.7513,"skY":8.73,"x":-3.707225},"tweenEasing":0,"duration":3},{"transform":{"skX":8.73,"y":-1.153625,"skY":8.73,"x":-4.44015},"tweenEasing":null,"duration":0}],"name":"eyeR"},{"frame":[{"transform":{"skX":0.14,"y":-0.289,"skY":0.14,"x":0.699575},"tweenEasing":0,"duration":2},{"transform":{"skX":-0.83,"y":0.44715,"skY":-0.83,"x":0.45425},"tweenEasing":0,"duration":3},{"transform":{"skX":0.14,"y":-0.289,"skY":0.14,"x":0.699575},"tweenEasing":null,"duration":0}],"name":"tailTip"},{"frame":[{"transform":{"skX":8.73,"y":-2.0383,"skY":8.73,"x":-3.25035},"tweenEasing":0,"duration":2},{"transform":{"skX":8.73,"y":-1.484225,"skY":8.73,"x":-3.304875},"tweenEasing":0,"duration":3},{"transform":{"skX":8.73,"y":-2.0383,"skY":8.73,"x":-3.25035},"tweenEasing":null,"duration":0}],"name":"eyeL"},{"frame":[{"transform":{"skX":-2.54,"y":1.945425,"skY":-2.54,"x":0.081175},"tweenEasing":0,"duration":2},{"transform":{"skX":25.1339,"y":1.945425,"skY":25.1339,"x":0.081175},"tweenEasing":0,"duration":3},{"transform":{"skX":-2.54,"y":1.945425,"skY":-2.54,"x":0.081175},"tweenEasing":null,"duration":0}],"name":"beardL"},{"frame":[{"transform":{"skX":-13.14,"y":-0.799125,"skY":-13.14,"x":-2.801725},"tweenEasing":0,"duration":5},{"transform":{"skX":-13.14,"y":-0.799125,"skY":-13.14,"x":-2.801725},"tweenEasing":null,"duration":0}],"name":"armR"},{"frame":[{"transform":{"skX":8.96,"y":1.31275,"skY":8.96,"x":-1.966675},"tweenEasing":0,"duration":2},{"transform":{"skX":-6.04,"y":1.31275,"skY":-6.04,"x":-1.966675},"tweenEasing":0,"duration":3},{"transform":{"skX":8.96,"y":1.31275,"skY":8.96,"x":-1.966675},"tweenEasing":null,"duration":0}],"name":"beardR"},{"frame":[{"transform":{"skX":-6.27,"y":1.80955,"skY":-6.27,"x":0.147725},"tweenEasing":0,"duration":2},{"transform":{"skX":-7.09,"y":0.051875,"skY":-7.09,"x":-1.580525},"tweenEasing":0,"duration":3},{"transform":{"skX":-6.27,"y":1.80955,"skY":-6.27,"x":0.147725},"tweenEasing":null,"duration":0}],"name":"hair"},{"frame":[{"transform":{"skX":29.52,"y":-0.3423,"skY":29.52,"x":-0.984675},"tweenEasing":0,"duration":5},{"transform":{"skX":29.52,"y":-0.3423,"skY":29.52,"x":-0.984675},"tweenEasing":null,"duration":0}],"name":"handR"},{"frame":[{"transform":{"skX":21.45,"y":0.367025,"skY":21.45,"x":-0.899625},"tweenEasing":0,"duration":5},{"transform":{"skX":21.45,"y":0.367025,"skY":21.45,"x":-0.899625},"tweenEasing":null,"duration":0}],"name":"handL"}],"slot":[{"frame":[{"tweenEasing":0,"duration":2},{"tweenEasing":0,"duration":3},{"tweenEasing":null,"duration":0}],"name":"tailTip"},{"frame":[{"tweenEasing":0,"duration":2},{"tweenEasing":0,"duration":3},{"tweenEasing":null,"duration":0}],"name":"armUpperL"},{"frame":[{"tweenEasing":0,"duration":5},{"tweenEasing":null,"duration":0}],"name":"armL"},{"frame":[{"tweenEasing":0,"duration":5},{"tweenEasing":null,"duration":0}],"name":"handL"},{"frame":[{"tweenEasing":0,"duration":2},{"tweenEasing":0,"duration":3},{"tweenEasing":null,"duration":0}],"name":"legL"},{"frame":[{"tweenEasing":0,"duration":5},{"tweenEasing":null,"duration":0}],"name":"body"},{"frame":[{"tweenEasing":0,"duration":2},{"tweenEasing":0,"duration":3},{"tweenEasing":null,"duration":0}],"name":"tail"},{"frame":[{"tweenEasing":0,"duration":2},{"tweenEasing":0,"duration":3},{"tweenEasing":null,"duration":0}],"name":"clothes"},{"frame":[{"tweenEasing":0,"duration":2},{"tweenEasing":0,"duration":3},{"tweenEasing":null,"duration":0}],"name":"hair"},{"frame":[{"tweenEasing":0,"duration":5},{"tweenEasing":null,"duration":0}],"name":"head"},{"frame":[{"tweenEasing":0,"duration":2},{"tweenEasing":0,"duration":3},{"tweenEasing":null,"duration":0}],"name":"eyeL"},{"frame":[{"tweenEasing":0,"duration":2},{"tweenEasing":0,"duration":3},{"tweenEasing":null,"duration":0}],"name":"eyeR"},{"frame":[{"tweenEasing":0,"duration":2},{"tweenEasing":0,"duration":3},{"tweenEasing":null,"duration":0}],"name":"legR"},{"frame":[{"tweenEasing":0,"duration":2},{"tweenEasing":0,"duration":3},{"tweenEasing":null,"duration":0}],"name":"armUpperR"},{"frame":[{"tweenEasing":0,"duration":5},{"tweenEasing":null,"duration":0}],"name":"armR"},{"frame":[{"tweenEasing":0,"duration":5},{"tweenEasing":null,"duration":0}],"name":"handR"},{"frame":[{"tweenEasing":0,"duration":2},{"tweenEasing":0,"duration":3},{"tweenEasing":null,"duration":0}],"name":"beardL"},{"frame":[{"tweenEasing":0,"duration":2},{"tweenEasing":0,"duration":3},{"tweenEasing":null,"duration":0}],"name":"beardR"}],"ffd":[],"name":"fall"}],"frameRate":24,"name":"DragonBoy"}],"name":"Dragon_1","version":"5.0"}