{"imagePath":"dragon_boy_tex.png","width":256,"SubTexture":[{"frameX":0,"y":174,"frameY":0,"frameWidth":28,"width":28,"frameHeight":53,"height":52,"name":"parts/tailTip","x":196},{"width":28,"y":174,"height":22,"name":"parts/armUpperL","x":226},{"width":12,"y":234,"height":20,"name":"parts/armL","x":90},{"width":24,"y":198,"height":20,"name":"parts/handL","x":226},{"frameX":0,"y":191,"frameY":0,"frameWidth":51,"width":51,"frameHeight":45,"height":45,"name":"parts/legL","x":1},{"frameX":0,"y":102,"frameY":0,"frameWidth":59,"width":59,"frameHeight":87,"height":87,"name":"parts/body","x":1},{"width":54,"y":102,"height":70,"name":"parts/tail","x":62},{"width":52,"y":174,"height":44,"name":"parts/clothes1","x":109},{"width":31,"y":174,"height":71,"name":"parts/hair","x":163},{"frameX":0,"y":1,"frameY":0,"frameWidth":85,"width":84,"frameHeight":99,"height":99,"name":"parts/head","x":1},{"width":7,"y":241,"height":12,"name":"parts/eyeL","x":238},{"frameX":0,"y":220,"frameY":0,"frameWidth":10,"width":9,"frameHeight":15,"height":15,"name":"parts/eyeR","x":136},{"frameX":0,"y":174,"frameY":0,"frameWidth":45,"width":45,"frameHeight":58,"height":58,"name":"parts/legR","x":62},{"width":40,"y":228,"height":24,"name":"parts/armUpperR","x":196},{"frameX":0,"y":220,"frameY":0,"frameWidth":12,"width":11,"frameHeight":20,"height":19,"name":"parts/armR","x":238},{"width":25,"y":220,"height":15,"name":"parts/handR","x":109},{"frameX":0,"y":245,"frameY":0,"frameWidth":30,"width":30,"frameHeight":9,"height":9,"name":"parts/beardL","x":54},{"width":34,"y":234,"height":9,"name":"parts/beardR","x":54}],"height":256,"name":"Dragon_1"}