{"frameRate":60,"isGlobal":0,"armature":[{"bone":[{"name":"root","transform":{}},{"length":100,"transform":{},"parent":"root","inheritScale":false,"name":"effect"}],"aabb":{"width":275,"y":-50,"height":100,"x":-247.5},"type":"Armature","frameRate":24,"skin":[{"name":"","slot":[{"display":[{"path":"effectdaoguang0001","type":"image","name":"effectdaoguang0001","transform":{"x":-110}},{"path":"effectdaoguang0002","type":"image","name":"effectdaoguang0002","transform":{"x":-110}},{"path":"effectdaoguang0003","type":"image","name":"effectdaoguang0003","transform":{"x":-110}},{"path":"effectdaoguang0004","type":"image","name":"effectdaoguang0004","transform":{"x":-110}},{"path":"effectdaoguang0005","type":"image","name":"effectdaoguang0005","transform":{"x":-110}}],"name":"effect"}]}],"defaultActions":[{"gotoAndPlay":"idle"}],"ik":[],"name":"effect","slot":[{"displayIndex":4,"name":"effect","parent":"effect","color":{}}],"animation":[{"duration":19,"frame":[],"bone":[{"translateFrame":[],"rotateFrame":[],"scaleFrame":[],"name":"root"},{"translateFrame":[{"curve":[0,0,0.5,1],"duration":19},{"duration":0,"x":100}],"rotateFrame":[],"scaleFrame":[{"curve":[0,0,0.5,1],"duration":3,"y":0.1,"x":0.1},{"curve":[0,0,0.5,1],"duration":12,"y":0.8,"x":0.8},{"curve":[0,0,0.5,1],"duration":4},{"duration":0,"y":0.8,"x":0.8}],"name":"effect"}],"ffd":[],"playTimes":0,"name":"idle","slot":[{"colorFrame":[{"curve":[0,0,0.5,1],"duration":3,"color":{"aM":0}},{"curve":[0,0,0.5,1],"duration":12},{"curve":[0,0,0.5,1],"duration":4},{"duration":0,"color":{"aM":0}}],"name":"effect","displayFrame":[{"duration":4},{"value":1,"duration":5},{"value":2,"duration":4},{"value":3,"duration":3},{"value":4,"duration":3}]}]}]}],"name":"effect","version":"5.5"}