{"width":512,"SubTexture":[{"frameWidth":275,"y":1,"frameHeight":100,"frameY":-1,"width":217,"frameX":-58,"height":86,"name":"effectdaoguang0002","x":247},{"frameWidth":275,"y":97,"frameHeight":100,"frameY":-16,"width":270,"frameX":-2,"height":81,"name":"effectdaoguang0005","x":1},{"frameWidth":275,"y":1,"frameHeight":100,"frameY":-5,"width":244,"frameX":-28,"height":94,"name":"effectdaoguang0004","x":1},{"frameWidth":275,"y":89,"frameHeight":100,"frameY":-1,"width":226,"frameX":-47,"height":82,"name":"effectdaoguang0001","x":273},{"frameWidth":275,"y":173,"frameHeight":100,"frameY":-4,"width":217,"frameX":-58,"height":83,"name":"effectdaoguang0003","x":273}],"height":512,"name":"effect","imagePath":"effect_tex.png"}