{
  "t": "Analytics System Architecture",
  "i": [
    ["Analytics System", "monitor", "Metrics collection hub"],
    ["Data Collection", "function", "Event aggregation"],
    ["Sync Statistics", "storage", "Success/failure rates"],
    ["Provider Metrics", "cache", "Source performance"],
    ["API Metrics", "api", "Request tracking"],
    ["Performance Data", "function", "Processing times"],
    ["Dashboard Display", "web", "Visual analytics"],
    ["Historical Trends", "storage", "Time-series data"]
  ],
  "v": [
    [
      [[0, -8, -6], [1, 0, -6], [2, -8, 0], [3, -4, 0], [4, 0, 0], [5, 4, 0], [6, 8, -6], [7, 8, 0]],
      [[0, 1], [1, 2], [1, 3], [1, 4], [1, 5], [2, 6], [3, 6], [4, 6], [5, 6], [6, 7]]
    ]
  ],
  "_": { "f": "compact", "v": "1.0" }
}

