{
  "t": "Configuration and Authentication",
  "i": [
    ["Get Credentials", "function", "Start config load"],
    ["Env Variables?", "security", "Check environment"],
    ["Load from ENV", "cache", "Docker/container config"],
    ["Encrypted Config?", "security", "Check local file"],
    ["Load from File", "storage", "Decrypt local config"],
    ["Prompt User Input", "user", "Interactive setup"],
    ["Validate API", "api", "Test Overseerr connection"],
    ["Connection OK?", "security", "Validation gate"],
    ["Set Requester User", "user", "Configure API user"],
    ["Ready to Sync", "server", "Configuration complete"],
    ["Error: Invalid", "security", "Configuration failed"]
  ],
  "v": [
    [
      [[0, -16, -4], [1, -10, -4], [2, -4, -8], [3, -4, 0], [4, 2, -4], [5, 2, 4], [6, 8, -4], [7, 14, -4], [8, 14, 2], [9, 20, 2], [10, 20, -8]],
      [[0, 1], [1, 2], [1, 3], [3, 4], [3, 5], [2, 6], [4, 6], [5, 6], [6, 7], [7, 8], [7, 10], [8, 9]]
    ]
  ],
  "_": { "f": "compact", "v": "1.0" }
}

