{
  "t": "Provider System Architecture",
  "i": [
    ["Provider Interface", "api", "Common provider contract"],
    ["IMDb Provider", "cloud", "IMDb list scraper"],
    ["Trakt Provider", "cloud", "Trakt API integration"],
    ["Letterboxd Provider", "cloud", "Letterboxd page parser"],
    ["MDBList Provider", "cloud", "MDBList collection fetcher"],
    ["Steven Lu Provider", "api", "JSON movie API client"],
    ["Selenium Engine", "monitor", "Web automation driver"],
    ["HTTP Client", "network", "REST API requests"],
    ["Media Normalizer", "function", "Standardize output format"]
  ],
  "v": [
    [
      [[0, 0, -8], [1, -10, -2], [2, -5, -2], [3, 0, -2], [4, 5, -2], [5, 10, -2], [6, -5, 6], [7, 5, 6], [8, 0, 10]],
      [[0, 1], [0, 2], [0, 3], [0, 4], [0, 5], [1, 6], [2, 6], [3, 6], [4, 6], [5, 7], [1, 8], [2, 8], [3, 8], [4, 8], [5, 8]]
    ]
  ],
  "_": { "f": "compact", "v": "1.0" }
}

