{
  "t": "Security Architecture",
  "i": [
    ["External Request", "user", "Incoming API call"],
    ["API Gateway", "api", "Request entry point"],
    ["CORS Middleware", "security", "Cross-origin validation"],
    ["API Key Auth", "security", "Key-based authentication"],
    ["Input Validation", "function", "Pydantic schema check"],
    ["Rate Limiter", "security", "Request throttling"],
    ["Encrypted Storage", "storage", "AES-256 credential store"],
    ["Secure Env Vars", "cache", "Docker secrets"],
    ["Sandboxed Chrome", "monitor", "Isolated browser session"]
  ],
  "v": [
    [
      [[0, -14, 0], [1, -6, 0], [2, 0, -4], [3, 0, 0], [4, 0, 4], [5, 6, 0], [6, 12, -4], [7, 12, 0], [8, 12, 4]],
      [[0, 1], [1, 2], [1, 3], [1, 4], [2, 5], [3, 5], [4, 5], [5, 6], [5, 7], [5, 8]]
    ]
  ],
  "_": { "f": "compact", "v": "1.0" }
}

