{
  "t": "ListSync System Architecture",
  "i": [
    ["Core Sync Service", "server", "Python sync orchestration engine"],
    ["FastAPI Backend", "api", "REST API on port 4222"],
    ["Nuxt 3 Frontend", "web", "Vue 3 dashboard on port 3222"],
    ["SQLite Database", "storage", "Local data persistence"],
    ["Discord Notifier", "email", "Webhook notifications"],
    ["Chrome WebDriver", "monitor", "Selenium browser automation"],
    ["IMDb", "cloud", "Movie/TV lists source"],
    ["Trakt", "cloud", "Watchlist platform"],
    ["Letterboxd", "cloud", "Film community lists"],
    ["MDBList", "cloud", "Curated collections"],
    ["Steven Lu", "cloud", "Popular movies API"],
    ["Overseerr", "queue", "Media request manager"],
    ["Discord Webhook", "network", "External notification endpoint"]
  ],
  "v": [
    [
      [[0, -4, 0], [1, 0, 4], [2, -8, 4], [3, 4, 4], [4, 4, 0], [5, -8, 0], [6, -16, -6], [7, -12, -6], [8, -8, -6], [9, -4, -6], [10, 0, -6], [11, 8, 0], [12, 8, 4]],
      [[0, 3], [0, 5], [1, 3], [1, 0], [2, 1], [0, 4], [5, 6], [5, 7], [5, 8], [5, 9], [0, 10], [0, 11], [4, 12]]
    ]
  ],
  "_": { "f": "compact", "v": "1.0" }
}

