<?xml version="1.0" encoding="UTF-8"?>
<!--
  ~ Copyright © 2019 Apple Inc. and the ServiceTalk project authors
  ~
  ~ Licensed under the Apache License, Version 2.0 (the "License");
  ~ you may not use this file except in compliance with the License.
  ~ You may obtain a copy of the License at
  ~
  ~   http://www.apache.org/licenses/LICENSE-2.0
  ~
  ~ Unless required by applicable law or agreed to in writing, software
  ~ distributed under the License is distributed on an "AS IS" BASIS,
  ~ WITHOUT WARRANTIES OR CONDITIONS OF ANY KIND, either express or implied.
  ~ See the License for the specific language governing permissions and
  ~ limitations under the License.
  -->
<FindBugsFilter>
  <!-- Fields are usually initialized in @Before method instead of constructors for test rules -->
  <Match>
    <Class name="io.servicetalk.concurrent.api.ExecutorRule"/>
    <Field name="executor"/>
    <Bug pattern="NP_NONNULL_FIELD_NOT_INITIALIZED_IN_CONSTRUCTOR"/>
  </Match>
  <Match>
    <Class name="io.servicetalk.concurrent.api.TestIterableToBlockingIterable$TestIteratorToBlockingIterator"/>
    <Method name="close"/>
    <Bug pattern="THROWS_METHOD_THROWS_CLAUSE_BASIC_EXCEPTION"/>
  </Match>

  <!-- False positive: the state is updated before invoking wakeupWaiters() -->
  <Match>
    <Class name="io.servicetalk.concurrent.api.TestCancellable"/>
    <Method name="wakeupWaiters"/>
    <Bug pattern="NN_NAKED_NOTIFY"/>
  </Match>
</FindBugsFilter>
