<?xml version="1.0" encoding="UTF-8"?>
<!--

    Licensed to the Apache Software Foundation (ASF) under one or more
    contributor license agreements.  See the NOTICE file distributed with
    this work for additional information regarding copyright ownership.
    The ASF licenses this file to You under the Apache License, Version 2.0
    (the "License"); you may not use this file except in compliance with
    the License.  You may obtain a copy of the License at

         http://www.apache.org/licenses/LICENSE-2.0

    Unless required by applicable law or agreed to in writing, software
    distributed under the License is distributed on an "AS IS" BASIS,
    WITHOUT WARRANTIES OR CONDITIONS OF ANY KIND, either express or implied.
    See the License for the specific language governing permissions and
    limitations under the License.

-->
<supplementalDataModels>
  <supplement>
    <project>
      <groupId>com.sun.xml.bind</groupId>
      <artifactId>jaxb-impl</artifactId>
      <name>Sun JAXB Reference Implementation Runtime</name>
      <organization>
        <name>Sun Microsystems</name>
        <url>http://www.sun.com/</url>
      </organization>
      <licenses>
        <license>
          <name>COMMON DEVELOPMENT AND DISTRIBUTION LICENSE (CDDL) Version 1.0</name>
          <url>http://www.sun.com/cddl/cddl.html</url>
        </license>
      </licenses>
    </project>
  </supplement>
  <supplement>
    <project>
      <groupId>com.sun.xml.bind</groupId>
      <artifactId>jaxb-jxc</artifactId>
      <name>Sun JAXB Reference Implementation Tools</name>
      <organization>
        <name>Sun Microsystems</name>
        <url>http://www.sun.com/</url>
      </organization>
      <licenses>
        <license>
          <name>COMMON DEVELOPMENT AND DISTRIBUTION LICENSE (CDDL) Version 1.0</name>
          <url>http://www.sun.com/cddl/cddl.html</url>
        </license>
      </licenses>
    </project>
  </supplement>
  <supplement>
    <project>
      <groupId>com.sun.xml.fastinfoset</groupId>
      <artifactId>FastInfoset</artifactId>
      <name>Sun FastInfoset Implementation</name>
      <organization>
        <name>Sun Microsystems</name>
        <url>http://www.sun.com/</url>
      </organization>
      <licenses>
        <license>
            <name>The Apache Software License, Version 2.0</name>
            <url>http://www.apache.org/licenses/LICENSE-2.0.txt</url>
        </license>
      </licenses>
    </project>
  </supplement>
  <supplement>
    <project>
      <groupId>com.sun.xml.messaging.saaj</groupId>
      <artifactId>saaj-impl</artifactId>
      <name>Sun SAAJ Reference Implementation</name>
      <organization>
        <name>Sun Microsystems</name>
        <url>http://www.sun.com/</url>
      </organization>
      <licenses>
        <license>
          <name>COMMON DEVELOPMENT AND DISTRIBUTION LICENSE (CDDL) Version 1.0</name>
          <url>http://www.sun.com/cddl/cddl.html</url>
        </license>
      </licenses>
    </project>
  </supplement>
  <supplement>
    <project>
      <groupId>javax.xml.soap</groupId>
      <artifactId>saaj-api</artifactId>
      <name>Sun SAAJ API</name>
      <organization>
        <name>Sun Microsystems</name>
        <url>http://www.sun.com/</url>
      </organization>
      <licenses>
        <license>
          <name>COMMON DEVELOPMENT AND DISTRIBUTION LICENSE (CDDL) Version 1.0</name>
          <url>http://www.sun.com/cddl/cddl.html</url>
        </license>
      </licenses>
    </project>
  </supplement>
  <supplement>
    <project>
      <groupId>org.apache.ws.security</groupId>
      <artifactId>wss4j</artifactId>
      <name>Apache WSS4J</name>
      <organization>
        <name>The Apache Software Foundation</name>
        <url>http://www.apache.org/</url>
      </organization>
      <licenses>
        <license>
          <name>The Apache Software License, Version 2.0</name>
          <url>http://www.apache.org/licenses/LICENSE-2.0.txt</url>
        </license>
      </licenses>
    </project>
  </supplement>
  <supplement>
    <project>
      <groupId>javax.xml.bind</groupId>
      <artifactId>jaxb-api</artifactId>
      <name>Java Architecture for XML Binding (JAXB API)</name>
      <organization>
        <name>Sun Microsystems</name>
        <url>http://www.sun.com/</url>
      </organization>
      <licenses>
        <license>
          <name>COMMON DEVELOPMENT AND DISTRIBUTION LICENSE (CDDL) Version 1.0</name>
          <url>http://www.sun.com/cddl/cddl.html</url>
        </license>
      </licenses>
    </project>
  </supplement>
  <supplement>
    <project>
      <groupId>net.java.dev.stax-utils</groupId>
      <artifactId>stax-utils</artifactId>
      <name>StAX Utilities</name>
    </project>
  </supplement>
  <supplement>
    <project>
      <groupId>jdom</groupId>
      <artifactId>jdom</artifactId>
      <name>JDOM</name>
      <organization>
        <name>jdom.org</name>
        <url>http://www.jdom.org</url>
      </organization>
      <licenses>
        <license>
          <name>Modified Apache Software License</name>
          <url>licenses/jdom.txt</url>
        </license>
      </licenses>
    </project>
  </supplement>
  <supplement>
    <project>
      <groupId>xml-security</groupId>
      <artifactId>xmlsec</artifactId>
      <name>XML Security</name>
      <organization>
        <name>The Apache Software Foundation</name>
        <url>http://www.apache.org</url>
      </organization>
      <licenses>
        <license>
          <name>The Apache Software License, Version 2.0</name>
          <url>http://www.apache.org/licenses/LICENSE-2.0.txt</url>
        </license>
      </licenses>
    </project>
  </supplement>
  <supplement>
    <project>
      <groupId>org.codehaus.jettison</groupId>
      <artifactId>jettison</artifactId>
      <name>Jettison</name>
      <organization>
        <name>Envoi Solutions LLC</name>
        <url>http://www.envoisolutions.com</url>
      </organization>
      <licenses>
        <license>
          <name>The Apache Software License, Version 2.0</name>
          <url>http://jettison.codehaus.org/License</url>
        </license>
      </licenses>
    </project>
  </supplement>
</supplementalDataModels>
