{
  "menu": "example",
  "children": [
    {
      "path": "performance",
      "title": {
        "zh": "performance",
        "en": "performance"
      },
      "children": [
        {
          "path": "100W",
          "title": {
            "zh": "100W条数据性能展示",
            "en": "100W data performance display"
          },
          "meta": {
            "title": "100W data performance display",
            "keywords": "",
            "category": "demo",
            "group": "Performace",
            "cover": "https://lf9-dp-fe-cms-tos.byteorg.com/obj/bit-cloud/VTable/preview/performance.gif",
            "link": "",
            "option": ""
          }
        },
        {
          "path": "async-data",
          "title": {
            "zh": "异步懒加载数据源",
            "en": "async lazy load data"
          }
        }
      ]
    },
    {
      "path": "table-type",
      "title": {
        "zh": "基本表格",
        "en": "list-table"
      },
      "children": [
        {
          "path": "list-table",
          "title": {
            "zh": "基本表格",
            "en": "List Table"
          },
          "meta": {
            "title": "List Table",
            "keywords": "",
            "category": "demo",
            "group": "table-type",
            "cover": "https://lf9-dp-fe-cms-tos.byteorg.com/obj/bit-cloud/VTable/preview/list-table.png",
            "link": "'../../guide/table_type/List_table/list_table_define_and_generate'",
            "option": ""
          }
        },
        {
          "path": "list-table-tree",
          "title": {
            "zh": "基本表格树形展示",
            "en": "List Table Tree"
          },
          "meta": {
            "title": "List Table Tree",
            "keywords": "",
            "category": "demo",
            "group": "table-type",
            "cover": "https://lf9-dp-fe-cms-tos.byteorg.com/obj/bit-cloud/VTable/preview/list-tree.png",
            "link": "'../../guide/table_type/List_table/tree_list'",
            "option": ""
          }
        },
        {
          "path": "list-table-tree-lazy-load",
          "title": {
            "zh": "基本表格树形展示(懒加载)",
            "en": "List Table Tree(lazy load)"
          }
        },
        {
          "path": "list-table-group",
          "title": {
            "zh": "基本表格分组展示",
            "en": "List Table Group"
          }
        },
        {
          "path": "list-table-group-checkbox",
          "title": {
            "zh": "基本表格分组复选框",
            "en": "List Table Group Checkbox"
          }
        },
        {
          "path": "list-table-master-detail-table",
          "title": {
            "zh": "主从表功能展示",
            "en": "Master Detail Table"
          }
        },
        {
          "path": "transpose-table",
          "title": {
            "zh": "转置表格",
            "en": "Transpose Table"
          },
          "meta": {
            "title": "Transpose Table",
            "keywords": "",
            "category": "demo",
            "group": "table-type",
            "cover": "https://lf9-dp-fe-cms-tos.byteorg.com/obj/bit-cloud/VTable/preview/transpose.png",
            "link": "'../../guide/table_type/List_table/list_table_transpose'",
            "option": ""
          }
        }
      ]
    },
    {
      "path": "table-type",
      "title": {
        "zh": "透视表",
        "en": "pivot-table"
      },
      "children": [
        {
          "path": "pivot-analysis-table",
          "title": {
            "zh": "透视分析表格",
            "en": "Pivot Analysis Table"
          },
          "meta": {
            "title": "Pivot Analysis Table",
            "keywords": "",
            "category": "demo",
            "group": "table-type",
            "cover": "https://lf9-dp-fe-cms-tos.byteorg.com/obj/bit-cloud/VTable/preview/pivot-table.png",
            "link": "'../../guide/table_type/Pivot_table/pivot_table_useage'",
            "option": ""
          }
        },
        {
          "path": "pivot-analysis-table-tree",
          "title": {
            "zh": "透视表行头树形展示",
            "en": "Pivot Table Row Header Tree Mode"
          }
        },
        {
          "path": "pivot-analysis-table-grid-tree",
          "title": {
            "zh": "透视表平铺树形展示",
            "en": "Pivot Table Grid Tree Mode"
          }
        },
        {
          "path": "pivot-analysis-table-indicator-row",
          "title": {
            "zh": "透视分析表格指标在行",
            "en": "Pivot Analysis Table with indicator row"
          }
        },
        {
          "path": "pivot-table",
          "title": {
            "zh": "透视表格（自定义表头结构）",
            "en": "Pivot Table(custom header tree)"
          },
          "meta": {
            "title": "Pivot Table",
            "keywords": "",
            "category": "demo",
            "group": "table-type",
            "cover": "https://lf9-dp-fe-cms-tos.byteorg.com/obj/bit-cloud/VTable/preview/pivot-table.png",
            "link": "'../../guide/table_type/Pivot_table/pivot_table_useage'",
            "option": ""
          }
        },
        {
          "path": "pivot-table-tree",
          "title": {
            "zh": "透视表树形展示（自定义表头结构）",
            "en": "Pivot Table Tree"
          },
          "meta": {
            "title": "Pivot Table Tree",
            "keywords": "",
            "category": "demo",
            "group": "table-type",
            "cover": "https://lf9-dp-fe-cms-tos.byteorg.com/obj/bit-cloud/VTable/preview/pivot-tree.png",
            "link": "'../../guide/table_type/Pivot_table/pivot_table_tree'",
            "option": ""
          }
        },
        {
          "path": "pivot-table-tree-lazy-load",
          "title": {
            "zh": "透视表树形懒加载子节点（自定义表头结构）",
            "en": "Pivot Table Tree Lazy Load"
          }
        },
        {
          "path": "pivot-table-virtual-header",
          "title": {
            "zh": "透视表自定义表头（虚拟节点）",
            "en": "Pivot Table Virtual Header"
          }
        },
        {
          "path": "pivot-table-multi-tree",
          "title": {
            "zh": "透视表多列树形展示",
            "en": "Pivot Table Multi-Tree"
          },
          "meta": {
            "title": "Pivot Table Multi-Tree",
            "keywords": "",
            "category": "demo",
            "group": "table-type",
            "cover": "https://lf9-dp-fe-cms-tos.byteorg.com/obj/bit-cloud/VTable/preview/pivot-multi-tree.png",
            "link": "'../../guide/table_type/Pivot_table/pivot_table_tree'",
            "option": ""
          }
        }
      ]
    },
    {
      "path": "table-type",
      "title": {
        "zh": "透视图",
        "en": "pivot-chart"
      },
      "children": [
        {
          "path": "pivot-chart",
          "title": {
            "zh": "透视组合图",
            "en": "Pivot Chart"
          }
        },
        {
          "path": "pivot-chart-pie",
          "title": {
            "zh": "透视组合图（饼图）",
            "en": "Pivot Chart Pie"
          }
        },
        {
          "path": "pivot-chart-radar",
          "title": {
            "zh": "透视组合图（雷达图）",
            "en": "Pivot Chart Radar"
          }
        },
        {
          "path": "pivot-chart-scatter",
          "title": {
            "zh": "透视组合图（散点图）",
            "en": "Pivot Chart Scatter"
          }
        },
        {
          "path": "pivot-chart-heatmap",
          "title": {
            "zh": "透视组合图（热力图）",
            "en": "Pivot Chart Heatmap"
          }
        },
        {
          "path": "pivot-chart-wordCloud",
          "title": {
            "zh": "透视组合图（词云图）",
            "en": "Pivot Chart Word Cloud"
          }
        },
        {
          "path": "pivot-chart-linkage",
          "title": {
            "zh": "透视组合图（联动）",
            "en": "Pivot Chart Linkage"
          }
        }
      ]
    },
    {
      "path": "vtable-sheet",
      "title": {
        "zh": "电子表格",
        "en": "Sheet"
      },
      "children": [
        {
          "path": "sheet",
          "title": {
            "zh": "电子表格",
            "en": "VTable-Sheet"
          }
        }
      ]
    },
    {
      "path": "gantt",
      "title": {
        "zh": "甘特图",
        "en": "gantt"
      },
      "children": [
        {
          "path": "gantt-basic",
          "title": {
            "zh": "甘特图基础用法",
            "en": "Gantt Basic"
          }
        },
        {
          "path": "gantt-customLayout",
          "title": {
            "zh": "甘特图自定义渲染",
            "en": "Gantt Custom Layout"
          }
        },
        {
          "path": "gantt-edit",
          "title": {
            "zh": "甘特图编辑数据",
            "en": "Gantt Edit"
          }
        },
        {
          "path": "gantt-milestone",
          "title": {
            "zh": "甘特图里程碑",
            "en": "Gantt Milestone"
          }
        },
        {
          "path": "gantt-dependency-link-line",
          "title": {
            "zh": "甘特图依赖线（关联线）",
            "en": "Gantt Dependency Link Line"
          }
        },
        {
          "path": "gantt-dependency-link-create",
          "title": {
            "zh": "创建依赖线（关联线）",
            "en": "Create Dependency Link Line"
          }
        },
        {
          "path": "gantt-interaction-drag-table-width",
          "title": {
            "zh": "甘特图交互——拖拽表格宽度",
            "en": "Gantt Interaction —— Drag Table Width"
          }
        },
        {
          "path": "gantt-interaction-drag-taskBar",
          "title": {
            "zh": "甘特图交互——拖拽任务条",
            "en": "Gantt Interaction —— Drag TaskBar"
          }
        },
        {
          "path": "gantt-interaction-creation-button",
          "title": {
            "zh": "甘特图交互——创建排期",
            "en": "Gantt Interaction —— Create Schedule"
          }
        },
        {
          "path": "gantt-interaction-create-mark-line",
          "title": {
            "zh": "甘特图交互——创建markLine",
            "en": "Gantt Interaction —— Create markLine"
          }
        },
        {
          "path": "gantt-progress-adjust",
          "title": {
            "zh": "甘特图交互——任务条进度调整",
            "en": "Gantt Interaction —— Task Bar Progress Adjust"
          }
        },
        {
          "path": "gantt-taskShowMode",
          "title": {
            "zh": "甘特图任务显示模式",
            "en": "Gantt Task Show Mode"
          }
        },
        {
          "path": "gantt-project-taskShowMode",
          "title": {
            "zh": "甘特图项目任务显示模式",
            "en": "Gantt Project Task Show Mode"
          }
        },
        {
          "path": "gantt-table-mergeCell",
          "title": {
            "zh": "任务名称单元格合并",
            "en": "Gantt Task Merge Cell"
          }
        },
        {
          "path": "gantt-hour",
          "title": {
            "zh": "以小时为单元的任务甘特图",
            "en": "Gantt Task Hour Unit"
          }
        },
        {
          "path": "gantt-hide-hour-scale",
          "title": {
            "zh": "隐藏底部时间刻度",
            "en": "Gantt Hide Hour Scale"
          }
        },
        {
          "path": "gantt-orient",
          "title": {
            "zh": "甘特图样式-文字不隐藏",
            "en": "Gantt Style —— Text Not Hidden"
          }
        },
        {
          "path": "gantt-zoom",
          "title": {
            "zh": "甘特图缩放",
            "en": "Gantt Zoom"
          }
        },
        {
          "path": "gantt-datazoom",
          "title": {
            "zh": "甘特图缩放滚动条",
            "en": "Gantt DataZoomAxis Scrollbar"
          }
        }
      ]
    },
    {
      "path": "calendar",
      "title": {
        "zh": "日历图",
        "en": "calendar"
      },
      "children": [
        {
          "path": "calendar-basic",
          "title": {
            "zh": "日历图基础用法",
            "en": "Calendar Basic"
          }
        },
        {
          "path": "calendar-custom-event",
          "title": {
            "zh": "日历图自定义日程",
            "en": "Calendar Custom Event"
          }
        },
        {
          "path": "calendar-custom-layout",
          "title": {
            "zh": "日历图自定义单元格",
            "en": "Calendar Custom Layout"
          }
        }
      ]
    },
    {
      "path": "cell-type",
      "title": {
        "zh": "单元格类型",
        "en": "cell-type"
      },
      "children": [
        {
          "path": "multi-type",
          "title": {
            "zh": "单元格内容类型",
            "en": "Cell Content Type"
          },
          "meta": {
            "title": "Cell Content Type",
            "keywords": "",
            "category": "demo",
            "group": "Cell Type",
            "cover": "https://lf9-dp-fe-cms-tos.byteorg.com/obj/bit-cloud/VTable/preview/multi-type.png",
            "link": "'../../guide/column_type/cellType'",
            "option": ""
          }
        },
        {
          "path": "progressbar",
          "title": {
            "zh": "数据条类型",
            "en": "Progressba Type"
          },
          "meta": {
            "title": "Progressba Type",
            "keywords": "",
            "category": "demo",
            "group": "Cell Type",
            "cover": "https://lf9-dp-fe-cms-tos.byteorg.com/obj/bit-cloud/VTable/preview/progressbar.png",
            "link": "'../../guide/column_type/progressbar'",
            "option": ""
          }
        },
        {
          "path": "checkbox",
          "title": {
            "zh": "复选框类型",
            "en": "Checkbox Type"
          },
          "meta": {
            "title": "Checkbox Type",
            "keywords": "",
            "category": "demo",
            "group": "Cell Type",
            "cover": "https://lf9-dp-fe-cms-tos.byteorg.com/obj/bit-cloud/VTable/preview/checkbox.png",
            "link": "'../../guide/column_type/checkbox'",
            "option": ""
          }
        },
        {
          "path": "radio",
          "title": {
            "zh": "单选框类型",
            "en": "Radio Type"
          },
          "meta": {
            "title": "Radio Type",
            "keywords": "",
            "category": "demo",
            "group": "Cell Type",
            "cover": "https://lf9-dp-fe-cms-tos.byteorg.com/obj/bit-cloud/VTable/preview/radio.png",
            "link": "'../../guide/column_type/radio'",
            "option": ""
          }
        },
        {
          "path": "switch",
          "title": {
            "zh": "开关类型",
            "en": "Switch Type"
          }
        },
        {
          "path": "button",
          "title": {
            "zh": "按钮类型",
            "en": "Button Type"
          }
        },
        {
          "path": "list-chart",
          "title": {
            "zh": "基本表格集成图表",
            "en": "Chart Type In ListTable"
          }
        },
        {
          "path": "list-table-chart",
          "title": {
            "zh": "基本表格集成图表 2",
            "en": "Chart Type In ListTable 2"
          }
        },
        {
          "path": "chart",
          "title": {
            "zh": "透视表图表展示",
            "en": "Chart Type In PivotTable"
          }
        },
        {
          "path": "pivot-sparkline",
          "title": {
            "zh": "透视表迷你图展示",
            "en": "Sparkline In PivotTable"
          }
        },
        {
          "path": "composite-cellType",
          "title": {
            "zh": "单元格类型混用",
            "en": "composite CellType"
          },
          "meta": {
            "title": "Composite CellType with define function",
            "keywords": "",
            "category": "demo",
            "group": "Cell Type",
            "cover": "https://lf9-dp-fe-cms-tos.byteorg.com/obj/bit-cloud/VTable/preview/multi-type.png",
            "link": "'../../guide/column_type/cellType'",
            "option": ""
          }
        }
      ]
    },
    {
      "path": "basic-functionality",
      "title": {
        "zh": "基础功能",
        "en": "basic-functionality"
      },
      "children": [
        {
          "path": "list-table-header-group",
          "title": {
            "zh": "基本表格表头分组",
            "en": "List Table - Header Group"
          }
        },
        {
          "path": "list-table-header-group-collapse",
          "title": {
            "zh": "基本表格表头分组与折叠",
            "en": "List Table - Header Group Collapse"
          }
        },
        {
          "path": "auto-wrap-text",
          "title": {
            "zh": "自动换行",
            "en": "Line Wrapping"
          },
          "meta": {
            "title": "Line Wrapping",
            "keywords": "",
            "category": "demo",
            "group": "Basic Features",
            "cover": "https://lf9-dp-fe-cms-tos.byteorg.com/obj/bit-cloud/VTable/preview/auto-wrap-text.gif",
            "link": "'../../guide/basic_function/auto_wrap_text'",
            "option": ""
          }
        },
        {
          "path": "frozen-col",
          "title": {
            "zh": "冻结列",
            "en": "frozen column"
          },
          "meta": {
            "title": "frozen column",
            "keywords": "",
            "category": "demo",
            "group": "Basic Features",
            "cover": "https://lf9-dp-fe-cms-tos.byteorg.com/obj/bit-cloud/VTable/preview/frozen-col.gif",
            "link": "'../../guide/basic_function/frozen_column_row'",
            "option": ""
          }
        },
        {
          "path": "frozen-row",
          "title": {
            "zh": "冻结行",
            "en": "frozen row"
          },
          "meta": {
            "title": "frozen row",
            "keywords": "",
            "category": "demo",
            "group": "Basic Features",
            "cover": "https://lf9-dp-fe-cms-tos.byteorg.com/obj/bit-cloud/VTable/preview/frozen-row.gif",
            "link": "'../../guide/basic_function/frozen_column_row'",
            "option": ""
          }
        },
        {
          "path": "sort",
          "title": {
            "zh": "排序",
            "en": "Sort"
          }
        },
        {
          "path": "pre-sort",
          "title": {
            "zh": "预排序",
            "en": "Pre Sort"
          }
        },
        {
          "path": "merge",
          "title": {
            "zh": "合并单元格",
            "en": "Merge Cells"
          }
        },
        {
          "path": "custom-merge",
          "title": {
            "zh": "自定义合并单元格",
            "en": "Custom Merge Cells"
          }
        },
        {
          "path": "height-mode-autoHeight",
          "title": {
            "zh": "适应容器高度",
            "en": "Row Height Mode - Adapt to Content"
          }
        },
        {
          "path": "width-mode-adaptive",
          "title": {
            "zh": "适应容器宽度",
            "en": "Column Width Mode - Fits Container Width"
          },
          "meta": {
            "title": "Column Width Mode - Fits Container Width",
            "keywords": "",
            "category": "demo",
            "group": "Basic Features",
            "cover": "https://lf9-dp-fe-cms-tos.byteorg.com/obj/bit-cloud/VTable/preview/width-mode-adaptive.png",
            "link": "'../../guide/basic_function/row_height_column_width'",
            "option": ""
          }
        },
        {
          "path": "width-mode-autoWidth",
          "title": {
            "zh": "列宽适应内容",
            "en": "Column Width Mode - Adapt to Content"
          },
          "meta": {
            "title": "Column Width Mode - Adapt to Content",
            "keywords": "",
            "category": "demo",
            "group": "Basic Features",
            "cover": "https://lf9-dp-fe-cms-tos.byteorg.com/obj/bit-cloud/VTable/preview/width-mode-autoWidth.png",
            "link": "'../../guide/basic_function/row_height_column_width'",
            "option": ""
          }
        },
        {
          "path": "container-fit",
          "title": {
            "zh": "容器适配 - 表格框架适应容器大小",
            "en": "Container Fit - Adapt Table Frame to Container"
          },
          "meta": {
            "title": "Container Fit - Adapt Table Frame to Container",
            "keywords": "",
            "category": "demo",
            "group": "Basic Features",
            "cover": "https://lf9-dp-fe-cms-tos.byteorg.com/obj/bit-cloud/VTable/preview/width-mode-adaptive.png",
            "link": "'../../guide/basic_function/container_fit'",
            "option": "ListTable#containerFit"
          }
        },
        {
          "path": "export-image",
          "title": {
            "zh": "导出图片",
            "en": "export image"
          },
          "meta": {
            "title": "",
            "keywords": "",
            "category": "demo",
            "group": "Basic Features",
            "cover": "https://lf9-dp-fe-cms-tos.byteorg.com/obj/bit-cloud/VTable/preview/width-mode-autoWidth.png",
            "link": "'../../guide/basic_function/row_height_column_width'",
            "option": ""
          }
        },
        {
          "path": "row-series-number",
          "title": {
            "zh": "行序号",
            "en": "row series number"
          }
        },
        {
          "path": "pagination",
          "title": {
            "zh": "分页（翻页）",
            "en": "pagination"
          }
        },
        {
          "path": "pivot-table-corner-title",
          "title": {
            "zh": "透视表角头显示维度名",
            "en": "Pivot Table corner title"
          }
        }
      ]
    },
    {
      "path": "interaction",
      "title": {
        "zh": "交互能力",
        "en": "interaction"
      },
      "children": [
        {
          "path": "select",
          "title": {
            "zh": "选择单元格",
            "en": "Select cell"
          },
          "meta": {
            "title": "Select cell",
            "keywords": "",
            "category": "demo",
            "group": "Interaction",
            "cover": "https://lf9-dp-fe-cms-tos.byteorg.com/obj/bit-cloud/VTable/preview/select.png",
            "link": "'../../guide/interaction_and_event/select'",
            "option": ""
          }
        },
        {
          "path": "select-highlight",
          "title": {
            "zh": "选中整行高亮",
            "en": "Select Highlight"
          }
        },
        {
          "path": "hover-inline-cross",
          "title": {
            "zh": "hover行列十字高亮",
            "en": "Hover the Line Cross Highlight"
          },
          "meta": {
            "title": "Hover the Line Cross Highlight",
            "keywords": "",
            "category": "demo",
            "group": "Interaction",
            "cover": "https://lf9-dp-fe-cms-tos.byteorg.com/obj/bit-cloud/VTable/preview/hover-cross.png",
            "link": "'../../guide/interaction_and_event/hover_cell'",
            "option": ""
          }
        },
        {
          "path": "hover-inline-row",
          "title": {
            "zh": "hover高亮整行",
            "en": "Hover to highlight the entire line"
          },
          "meta": {
            "title": "Hover to highlight the entire line",
            "keywords": "",
            "category": "demo",
            "group": "Interaction",
            "cover": "https://lf9-dp-fe-cms-tos.byteorg.com/obj/bit-cloud/VTable/preview/hover-row.png",
            "link": "'../../guide/interaction_and_event/hover_cell'",
            "option": ""
          }
        },
        {
          "path": "copy-paste-cell-value",
          "title": {
            "zh": "复制粘贴",
            "en": "copy paste cell value"
          }
        },
        {
          "path": "context-menu",
          "title": {
            "zh": "右键菜单(复制/粘贴/删除)",
            "en": "Right click menu(copy/paste/delete)"
          }
        },
        {
          "path": "resize-col-width",
          "title": {
            "zh": "调整列宽",
            "en": "Adjust column width"
          }
        },
        {
          "path": "resize-row-height",
          "title": {
            "zh": "调整行高",
            "en": "Adjust row height"
          }
        },
        {
          "path": "dblclick-resize-col-width",
          "title": {
            "zh": "双击列宽自动适应内容",
            "en": "dblclick resize column width"
          }
        },
        {
          "path": "move-header-position",
          "title": {
            "zh": "移动表头位置",
            "en": "Move header position"
          }
        },
        {
          "path": "move-row-position",
          "title": {
            "zh": "移动行",
            "en": "Move row position"
          }
        },
        {
          "path": "scroll",
          "title": {
            "zh": "滚动",
            "en": "scroll"
          }
        },
        {
          "path": "arrowkeys-move-select",
          "title": {
            "zh": "方向键切换选中单元格",
            "en": "arrowkeys move select"
          }
        },
        {
          "path": "head-highlight",
          "title": {
            "zh": "高亮表头",
            "en": "head highlight"
          }
        },
        {
          "path": "invert-highlight",
          "title": {
            "zh": "反选高亮",
            "en": "invert highlight"
          }
        }
      ]
    },
    {
      "path": "style",
      "title": {
        "zh": "style",
        "en": "style"
      },
      "children": [
        {
          "path": "style",
          "title": {
            "zh": "样式",
            "en": "Style"
          },
          "meta": {
            "title": "Style",
            "keywords": "",
            "category": "demo",
            "group": "Style",
            "cover": "https://lf9-dp-fe-cms-tos.byteorg.com/obj/bit-cloud/VTable/preview/style.png",
            "link": "'../../guide/theme_and_style/style'",
            "option": ""
          }
        }
      ]
    },
    {
      "path": "theme",
      "title": {
        "zh": "theme",
        "en": "theme"
      },
      "children": [
        {
          "path": "arco",
          "title": {
            "zh": "表格主题-ARCO",
            "en": "Theme - ARCO"
          },
          "meta": {
            "title": "Theme - ARCO",
            "keywords": "",
            "category": "demo",
            "group": "Theme",
            "cover": "https://lf9-dp-fe-cms-tos.byteorg.com/obj/bit-cloud/VTable/preview/arco.png",
            "link": "'../../guide/theme_and_style/theme'",
            "option": ""
          }
        },
        {
          "path": "bright",
          "title": {
            "zh": "表格主题-BIGTHT",
            "en": "Theme - BIGTHT"
          },
          "meta": {
            "title": "Theme - BIGTHT",
            "keywords": "",
            "category": "demo",
            "group": "Theme",
            "cover": "https://lf9-dp-fe-cms-tos.byteorg.com/obj/bit-cloud/VTable/preview/bright.png",
            "link": "'../../guide/theme_and_style/theme'",
            "option": ""
          }
        },
        {
          "path": "custom",
          "title": {
            "zh": "表格主题-custom",
            "en": "Theme - custom"
          },
          "meta": {
            "title": "Theme - custom",
            "keywords": "",
            "category": "demo",
            "group": "Theme",
            "cover": "https://lf9-dp-fe-cms-tos.byteorg.com/obj/bit-cloud/VTable/preview/custom.png",
            "link": "'../../guide/theme_and_style/theme'",
            "option": ""
          }
        },
        {
          "path": "dark",
          "title": {
            "zh": "表格主题-DARK",
            "en": "Theme - DARK"
          },
          "meta": {
            "title": "Theme - DARK",
            "keywords": "",
            "category": "demo",
            "group": "Theme",
            "cover": "https://lf9-dp-fe-cms-tos.byteorg.com/obj/bit-cloud/VTable/preview/dark.png",
            "link": "'../../guide/theme_and_style/theme'",
            "option": ""
          }
        },
        {
          "path": "default",
          "title": {
            "zh": "表格主题-DEFAULT",
            "en": "Theme - DEFAULT"
          },
          "meta": {
            "title": "Theme - DEFAULT",
            "keywords": "",
            "category": "demo",
            "group": "Theme",
            "cover": "https://lf9-dp-fe-cms-tos.byteorg.com/obj/bit-cloud/VTable/preview/default.png",
            "link": "'../../guide/theme_and_style/theme'",
            "option": ""
          }
        },
        {
          "path": "extend",
          "title": {
            "zh": "表格主题-extends",
            "en": "Theme -extends"
          },
          "meta": {
            "title": "Theme -extends",
            "keywords": "",
            "category": "demo",
            "group": "Theme",
            "cover": "https://lf9-dp-fe-cms-tos.byteorg.com/obj/bit-cloud/VTable/preview/extend.png",
            "link": "'../../guide/theme_and_style/theme'",
            "option": ""
          }
        },
        {
          "path": "register",
          "title": {
            "zh": "表格主题-register",
            "en": "Theme -register"
          },
          "meta": {
            "title": "Theme -register",
            "keywords": "",
            "category": "demo",
            "group": "Theme",
            "cover": "https://lf9-dp-fe-cms-tos.byteorg.com/obj/bit-cloud/VTable/preview/register.png",
            "link": "'../../guide/theme_and_style/theme'",
            "option": ""
          }
        },
        {
          "path": "simplify",
          "title": {
            "zh": "表格主题-SIMPLIFY",
            "en": "Theme - SIMPLIFY"
          },
          "meta": {
            "title": "Theme - SIMPLIFY",
            "keywords": "",
            "category": "demo",
            "group": "Theme",
            "cover": "https://lf9-dp-fe-cms-tos.byteorg.com/obj/bit-cloud/VTable/preview/simplify.png",
            "link": "'../../guide/theme_and_style/theme'",
            "option": ""
          }
        }
      ]
    },
    {
      "path": "animation",
      "title": {
        "zh": "动画",
        "en": "animation"
      },
      "children": [
        {
          "path": "appear-animation",
          "title": {
            "zh": "入场动画",
            "en": "Appear Animation"
          },
          "meta": {
            "title": "Appear Animation",
            "keywords": "",
            "category": "demo",
            "group": "Animation",
            "cover": "https://lf9-dp-fe-cms-tos.byteorg.com/obj/bit-cloud/VTable/preview/appear-animation.gif",
            "link": "'../../guide/custom_define/custom_icon'",
            "option": ""
          }
        },
        {
          "path": "scroll-animation",
          "title": {
            "zh": "滚动动画",
            "en": "Scroll Animation"
          },
          "meta": {
            "title": "Scroll Animation",
            "keywords": "",
            "category": "demo",
            "group": "Animation",
            "cover": "https://lf9-dp-fe-cms-tos.byteorg.com/obj/bit-cloud/VTable/preview/scroll-animation.gif",
            "link": "'../../guide/custom_define/custom_icon'",
            "option": ""
          }
        },
        {
          "path": "carousel-animation",
          "title": {
            "zh": "轮播动画",
            "en": "Carousel Animation"
          },
          "meta": {
            "title": "Carousel Animation",
            "keywords": "",
            "category": "demo",
            "group": "Animation",
            "cover": "https://lf9-dp-fe-cms-tos.byteorg.com/obj/bit-cloud/VTable/preview/scroll-animation.gif",
            "link": "'../../guide/custom_define/custom_icon'",
            "option": ""
          }
        }
      ]
    },
    {
      "path": "custom-render",
      "title": {
        "zh": "自定义能力",
        "en": "custom-render"
      },
      "children": [
        {
          "path": "custom-icon",
          "title": {
            "zh": "自定义图标",
            "en": "Custom Icon"
          },
          "meta": {
            "title": "Custom Icon",
            "keywords": "",
            "category": "demo",
            "group": "Custom",
            "cover": "https://lf9-dp-fe-cms-tos.byteorg.com/obj/bit-cloud/VTable/preview/custom-icon.png",
            "link": "'../../guide/custom_define/custom_icon'",
            "option": ""
          }
        },
        {
          "path": "custom-cell-layout",
          "title": {
            "zh": "单元格自定义布局",
            "en": "Cell custom layout"
          },
          "meta": {
            "title": "Cell custom layout",
            "keywords": "",
            "category": "demo",
            "group": "Custom",
            "cover": "https://lf9-dp-fe-cms-tos.byteorg.com/obj/bit-cloud/VTable/preview/custom-cell-layout.png",
            "link": "'../../guide/custom_define/custom_layout'",
            "option": ""
          }
        },
        {
          "path": "custom-cell-layout-jsx",
          "title": {
            "zh": "单元格自定义布局(JSX)",
            "en": "Cell custom layout(JSX)"
          },
          "meta": {
            "title": "Cell custom layout",
            "keywords": "",
            "category": "demo",
            "group": "Custom",
            "cover": "https://lf9-dp-fe-cms-tos.byteorg.com/obj/bit-cloud/VTable/preview/custom-cell-layout-jsx.png",
            "link": "'../../guide/custom_define/custom_layout'",
            "option": ""
          }
        },
        {
          "path": "custom-render-global",
          "title": {
            "zh": "全局单元格自定义内容",
            "en": "Global cell custom content"
          },
          "meta": {
            "title": "Global cell custom content",
            "keywords": "",
            "category": "demo",
            "group": "Custom",
            "cover": "https://lf9-dp-fe-cms-tos.byteorg.com/obj/bit-cloud/VTable/preview/custom-render-global.png",
            "link": "'../../guide/custom_define/custom_render'",
            "option": ""
          }
        },
        {
          "path": "custom-render",
          "title": {
            "zh": "单元格自定义内容",
            "en": "Cell custom content"
          },
          "meta": {
            "title": "Cell custom content",
            "keywords": "",
            "category": "demo",
            "group": "Custom",
            "cover": "https://lf9-dp-fe-cms-tos.byteorg.com/obj/bit-cloud/VTable/preview/custom-render.png",
            "link": "'../../guide/custom_define/custom_render'",
            "option": ""
          }
        },
        {
          "path": "custom-merge-layout",
          "title": {
            "zh": "单元格自定义合并",
            "en": "Cell custom merge"
          },
          "meta": {
            "title": "Cell custom merge",
            "keywords": "",
            "category": "demo",
            "group": "Custom",
            "cover": "https://lf9-dp-fe-cms-tos.byteorg.com/obj/bit-cloud/VTable/preview/custom-cell-layout-jsx.png",
            "link": "'../../guide/custom_define/custom_merge'",
            "option": ""
          }
        },
        {
          "path": "custom-style",
          "title": {
            "zh": "单元格自定义样式",
            "en": "Cell custom style"
          },
          "meta": {
            "title": "Cell custom style",
            "keywords": "",
            "category": "demo",
            "group": "Custom",
            "cover": "https://lf9-dp-fe-cms-tos.byteorg.com/obj/bit-cloud/VTable/preview/custom-style.png",
            "link": "'../../guide/custom_define/custom_style'",
            "option": ""
          }
        },
        {
          "path": "complex-corner",
          "title": {
            "zh": "自定义角头单元格",
            "en": "Custom Corner Cell"
          }
        },
        {
          "path": "cell-custom-reactive-layout",
          "title": {
            "zh": "单元格自定义响应式布局",
            "en": "cell custom reactive layout"
          }
        }
      ]
    },
    {
      "path": "edit",
      "title": {
        "zh": "编辑数据",
        "en": "edit data"
      },
      "children": [
        {
          "path": "edit-cell",
          "title": {
            "zh": "编辑单元格",
            "en": "editCell"
          }
        },
        {
          "path": "custom-editor",
          "title": {
            "zh": "自定义编辑器",
            "en": "custom date editor"
          }
        },
        {
          "path": "pivot-table-editor",
          "title": {
            "zh": "透视表编辑数据",
            "en": "PivotTable edit data"
          }
        },
        {
          "path": "add-delete-records",
          "title": {
            "zh": "动态新增删除数据",
            "en": "Dynamically adjust data"
          }
        },
        {
          "path": "fill-handle",
          "title": {
            "zh": "填充柄效果",
            "en": "fill handle effect"
          }
        }
      ]
    },
    {
      "path": "data-analysis",
      "title": {
        "zh": "透视表数据分析",
        "en": "Pivot Table Data Analysis"
      },
      "children": [
        {
          "path": "pivot-analysis-total",
          "title": {
            "zh": "透视维度小计总计",
            "en": "Pivot Analysis Total"
          }
        },
        {
          "path": "pivot-analysis-custom-total",
          "title": {
            "zh": "自定义小计总计",
            "en": "Custom Total"
          }
        },
        {
          "path": "pivot-analysis-sort-dimension",
          "title": {
            "zh": "维度值排序",
            "en": "Sort Dimension"
          }
        },
        {
          "path": "pivot-analysis-sort-indicator",
          "title": {
            "zh": "指标值排序",
            "en": "Sort Indicator"
          }
        },
        {
          "path": "pivot-analysis-sort-func",
          "title": {
            "zh": "自定义排序",
            "en": "Sort Function"
          }
        },
        {
          "path": "pivot-analysis-filter",
          "title": {
            "zh": "数据过滤",
            "en": "Data Filter"
          }
        },
        {
          "path": "pivot-analysis-derivedField",
          "title": {
            "zh": "派生字段",
            "en": "Derived Field"
          }
        },
        {
          "path": "pivot-analysis-aggregation",
          "title": {
            "zh": "指标聚合方式",
            "en": "Indicator Aggregation Type"
          }
        },
        {
          "path": "pivot-analysis-calculatedField",
          "title": {
            "zh": "计算字段",
            "en": "Calculate Field"
          }
        },
        {
          "path": "pivot-analysis-customAggregator",
          "title": {
            "zh": "自定义聚合类型",
            "en": "Custom Aggregation Type"
          }
        },
        {
          "path": "pivot-analysis-table-drill",
          "title": {
            "zh": "透视表上钻下钻",
            "en": "Pivot Table Drill"
          }
        },
        {
          "path": "pivot-analysis-updateTotalData",
          "title": {
            "zh": "透视维度小计总计动态更新",
            "en": "Pivot Analysis Update Subtotal Total Using Editor"
          },
          "meta": {
            "title": "Pivot Analysis Update Subtotal Total Using Editor",
            "keywords": "pivot table, edit, aggregation, total, subtotal, updateAggregationOnEditCell",
            "category": "demo",
            "group": "Data Analysis",
            "cover": "https://lf9-dp-fe-cms-tos.byteorg.com/obj/bit-cloud/VTable/preview/pivot-analysis-total.png",
            "link": "data_analysis/pivot_table_dataAnalysis",
            "option": "PivotTable#dataConfig.updateAggregationOnEditCell"
          }
        }
      ]
    },
    {
      "path": "list-table-data-analysis",
      "title": {
        "zh": "基本表数据分析",
        "en": "List Table Data Analysis"
      },
      "children": [
        {
          "path": "list-table-data-filter",
          "title": {
            "zh": "数据过滤",
            "en": "Data Filter"
          }
        },
        {
          "path": "list-table-aggregation",
          "title": {
            "zh": "数据聚合分析",
            "en": "Data Aggregation"
          }
        },
        {
          "path": "list-table-aggregation-multiple",
          "title": {
            "zh": "多种数据聚合",
            "en": "Multiple Data Aggregation"
          }
        }
      ]
    },
    {
      "path": "component",
      "title": {
        "zh": "组件",
        "en": "component"
      },
      "children": [
        {
          "path": "dropdown",
          "title": {
            "zh": "下拉菜单",
            "en": "Drop Down Menu"
          },
          "meta": {
            "title": "Drop Down Menu",
            "keywords": "",
            "category": "demo",
            "group": "Component",
            "cover": "https://lf9-dp-fe-cms-tos.byteorg.com/obj/bit-cloud/VTable/preview/dropdown.png",
            "link": "",
            "option": ""
          }
        },
        {
          "path": "tooltip",
          "title": {
            "zh": "tooltip",
            "en": "tooltip"
          },
          "meta": {
            "title": "tooltip",
            "keywords": "",
            "category": "demo",
            "group": "Component",
            "cover": "https://lf9-dp-fe-cms-tos.byteorg.com/obj/bit-cloud/VTable/preview/tooltip.png",
            "link": "",
            "option": ""
          }
        },
        {
          "path": "tooltip_custom_content",
          "title": {
            "zh": "tooltip custom content",
            "en": "tooltip custom content"
          },
          "meta": {
            "title": "tooltip custom content",
            "keywords": "",
            "category": "demo",
            "group": "Component",
            "cover": "https://lf9-dp-fe-cms-tos.byteorg.com/obj/bit-cloud/VTable/preview/tooltip-custom-content.png",
            "link": "",
            "option": ""
          }
        },
        {
          "path": "scrollbar",
          "title": {
            "zh": "滚动条",
            "en": "Scrollbar"
          },
          "meta": {
            "title": "Scrollbar",
            "keywords": "",
            "category": "demo",
            "group": "Component",
            "cover": "https://lf9-dp-fe-cms-tos.byteorg.com/obj/bit-cloud/VTable/preview/scrollbar.png",
            "link": "'../../guide/interaction_and_event/scroll'",
            "option": ""
          }
        },
        {
          "path": "title",
          "title": {
            "zh": "title",
            "en": "title"
          },
          "meta": {
            "title": "title",
            "keywords": "",
            "category": "demo",
            "group": "Component",
            "cover": "https://lf9-dp-fe-cms-tos.byteorg.com/obj/bit-cloud/VTable/preview/title.png",
            "link": "",
            "option": ""
          }
        },
        {
          "path": "legend",
          "title": {
            "zh": "legend",
            "en": "legend"
          },
          "meta": {
            "title": "legend",
            "keywords": "",
            "category": "demo",
            "group": "Component",
            "cover": "https://lf9-dp-fe-cms-tos.byteorg.com/obj/bit-cloud/VTable/preview/legend.png",
            "link": "",
            "option": ""
          }
        },
        {
          "path": "legend-color",
          "title": {
            "zh": "颜色图例",
            "en": "legend-color"
          },
          "meta": {
            "title": "color legend",
            "keywords": "",
            "category": "demo",
            "group": "Component",
            "cover": "https://lf9-dp-fe-cms-tos.byteorg.com/obj/bit-cloud/VTable/preview/color-legend.png",
            "link": "",
            "option": ""
          }
        },
        {
          "path": "legend-size",
          "title": {
            "zh": "尺寸图例",
            "en": "legend-size"
          },
          "meta": {
            "title": "size legend",
            "keywords": "",
            "category": "demo",
            "group": "Component",
            "cover": "https://lf9-dp-fe-cms-tos.byteorg.com/obj/bit-cloud/VTable/preview/size-legend.png",
            "link": "",
            "option": ""
          }
        },
        {
          "path": "empty-tip",
          "title": {
            "zh": "空数据提示",
            "en": "empty tip"
          }
        }
      ]
    },
    {
      "path": "plugin",
      "title": {
        "zh": "插件库",
        "en": "plugin library"
      },
      "children": [
        {
          "path": "excel-online-editing",
          "title": {
            "zh": "类Excel在线编辑",
            "en": "Excel online editing"
          }
        },
        {
          "path": "master-detail",
          "title": {
            "zh": "主从表功能",
            "en": "Master Detail"
          }
        }
      ]
    },
    {
      "path": "export",
      "title": {
        "zh": "表格导出",
        "en": "table export"
      },
      "children": [
        {
          "path": "table-export",
          "title": {
            "zh": "表格导出",
            "en": "table export"
          },
          "meta": {
            "title": "table export",
            "keywords": "",
            "category": "demo",
            "group": "Export",
            "cover": "https://lf9-dp-fe-cms-tos.byteorg.com/obj/bit-cloud/VTable/preview/pivot-table.png",
            "link": "'../../guide/export/excel'",
            "option": ""
          }
        },
        {
          "path": "table-export-ignore-icon",
          "title": {
            "zh": "表格导出（忽略图标）",
            "en": "table export(ignore-icon)"
          }
        },
        {
          "path": "table-export-format",
          "title": {
            "zh": "表格导出（格式化）",
            "en": "table export(format)"
          }
        }
      ]
    },
    {
      "path": "search",
      "title": {
        "zh": "搜索",
        "en": "search"
      },
      "children": [
        {
          "path": "search-component",
          "title": {
            "zh": "搜索组件",
            "en": "search-component"
          },
          "meta": {
            "title": "search component",
            "keywords": "",
            "category": "demo",
            "group": "Component",
            "cover": "https://lf9-dp-fe-cms-tos.byteorg.com/obj/bit-cloud/VTable/preview/list-table.png",
            "link": "",
            "option": ""
          }
        }
      ]
    },
    {
      "path": "business",
      "title": {
        "zh": "业务场景",
        "en": "business"
      },
      "children": [
        {
          "path": "color-level",
          "title": {
            "zh": "销售热图",
            "en": "Sales heat map"
          },
          "meta": {
            "title": "Sales heat map",
            "keywords": "",
            "category": "demo",
            "group": "Business",
            "cover": "https://lf9-dp-fe-cms-tos.byteorg.com/obj/bit-cloud/VTable/preview/color-level.png",
            "link": "",
            "option": ""
          }
        },
        {
          "path": "project-schedule",
          "title": {
            "zh": "项目进度表",
            "en": "Project schedule"
          },
          "meta": {
            "title": "Project schedule",
            "keywords": "",
            "category": "demo",
            "group": "Business",
            "cover": "https://lf9-dp-fe-cms-tos.byteorg.com/obj/bit-cloud/VTable/preview/project-schedule.png",
            "link": "",
            "option": ""
          }
        },
        {
          "path": "ranking",
          "title": {
            "zh": "2018年QSChina大学数学专业排名Mathematics",
            "en": "2018 QSChina University Mathematics Major Rankings Mathematics"
          },
          "meta": {
            "title": "2018 QSChina University Mathematics Major Rankings Mathematics",
            "keywords": "",
            "category": "demo",
            "group": "Business",
            "cover": "https://lf9-dp-fe-cms-tos.byteorg.com/obj/bit-cloud/VTable/preview/ranking.png",
            "link": "",
            "option": ""
          }
        },
        {
          "path": "roadmap",
          "title": {
            "zh": "产品路线图",
            "en": "Roadmap"
          },
          "meta": {
            "title": "Roadmap",
            "keywords": "",
            "category": "demo",
            "group": "Business",
            "cover": "https://lf9-dp-fe-cms-tos.byteorg.com/obj/bit-cloud/VTable/preview/roadmap.png",
            "link": "",
            "option": ""
          }
        },
        {
          "path": "temperature-trend",
          "title": {
            "zh": "各地年气温趋势",
            "en": "Annual temperature trends by region"
          },
          "meta": {
            "title": "Annual temperature trends by region",
            "keywords": "",
            "category": "demo",
            "group": "Business",
            "cover": "https://lf9-dp-fe-cms-tos.byteorg.com/obj/bit-cloud/VTable/preview/temperature-trend.png",
            "link": "",
            "option": ""
          }
        },
        {
          "path": "trend",
          "title": {
            "zh": "趋势表",
            "en": "Trend table"
          },
          "meta": {
            "title": "Trend table",
            "keywords": "",
            "category": "demo",
            "group": "Business",
            "cover": "https://lf9-dp-fe-cms-tos.byteorg.com/obj/bit-cloud/VTable/preview/trend.png",
            "link": "",
            "option": ""
          }
        },
        {
          "path": "information",
          "title": {
            "zh": "信息查询系统",
            "en": "Information preview"
          }
        },
        {
          "path": "population-pyramid",
          "title": {
            "zh": "2023中国人口金字塔",
            "en": "2023 China Population Pyramid"
          }
        },
        {
          "path": "sales-bubble",
          "title": {
            "zh": "销售数据气泡图",
            "en": "Sales Bubble"
          }
        },
        {
          "path": "music-play",
          "title": {
            "zh": "歌曲播放排行榜",
            "en": "Song Play Ranking"
          }
        },
        {
          "path": "product-compare",
          "title": {
            "zh": "产品对比表",
            "en": "Product Compare Table"
          }
        }
      ]
    }
  ]
}