{
    "framework": "akazawayun.pro",
    "tests": [
        {
            "default": {
                "display_name": "akazawayun.pro [webapi]",
                "framework": "akazawayun.pro",
                "webserver": "akazawayun.pro",
                "plaintext_url": "/plaintext",
                "json_url": "/json",
                "db_url": "/db",
                "query_url": "/queries?queries=",
                "update_url": "/updates?queries=",
                "port": 8080,
                "classification": "Micro",
                "approach": "Realistic",
                "platform": ".NET",
                "language": "C#",
                "flavor": "CoreCLR",
                "os": "Linux",
                "database_os": "Linux",
                "database": "MySQL",
                "orm": "Micro",
                "notes": ""
            },
            "platform": {
                "display_name": "akazawayun.pro [platform]",
                "framework": "akazawayun.pro",
                "webserver": "akazawayun.pro",
                "plaintext_url": "/plaintext",
                "json_url": "/json",
                "port": 8080,
                "classification": "Platform",
                "approach": "Realistic",
                "platform": ".NET",
                "language": "C#",
                "flavor": "CoreCLR",
                "os": "Linux",
                "database_os": "Linux",
                "notes": ""
            }
        }
    ]
}
