<?xml version='1.0' encoding='utf-8'?>
<!DOCTYPE LIGO_LW SYSTEM "http://ldas-sw.ligo.caltech.edu/doc/ligolwAPI/html/ligolw_dtd.txt">
<LIGO_LW>
	<Table Name="process:table">
		<Column Type="lstring" Name="process:comment"/>
		<Column Type="lstring" Name="process:node"/>
		<Column Type="lstring" Name="process:domain"/>
		<Column Type="int_4s" Name="process:unix_procid"/>
		<Column Type="int_4s" Name="process:start_time"/>
		<Column Type="ilwd:char" Name="process:process_id"/>
		<Column Type="int_4s" Name="process:is_online"/>
		<Column Type="lstring" Name="process:ifos"/>
		<Column Type="int_4s" Name="process:jobid"/>
		<Column Type="lstring" Name="process:username"/>
		<Column Type="lstring" Name="process:program"/>
		<Column Type="int_4s" Name="process:end_time"/>
		<Column Type="lstring" Name="process:version"/>
		<Column Type="lstring" Name="process:cvs_repository"/>
		<Column Type="int_4s" Name="process:cvs_entry_time"/>
		<Stream Name="process:table" Type="Local" Delimiter=",">
			,"sugar.phy.syr.edu",,24751,1022130347,"process:process_id:0",0,"G1",0,"ahnitz","/home/ahnitz/src/qm/test/banksim/split_table.py",1022130347,"49fad0d316bde082202ca24465c41a8a94e7a13a","None",1010869894
		</Stream>
	</Table>
	<Table Name="process_params:table">
		<Column Type="ilwd:char" Name="process_params:process_id"/>
		<Column Type="lstring" Name="process_params:program"/>
		<Column Type="lstring" Name="process_params:type"/>
		<Column Type="lstring" Name="process_params:value"/>
		<Column Type="lstring" Name="process_params:param"/>
		<Stream Name="process_params:table" Type="Local" Delimiter=",">
			"process:process_id:0","/home/ahnitz/src/qm/test/banksim/split_table.py","lstring","injection","--named",
			"process:process_id:0","/home/ahnitz/src/qm/test/banksim/split_table.py","int_8s","100","--num",
			"process:process_id:0","/home/ahnitz/src/qm/test/banksim/split_table.py",,,"--verbose",
			"process:process_id:0","/home/ahnitz/src/qm/test/banksim/split_table.py","lstring","../HL-INJECTIONS_123123_BBHalign-949497393-100000.xml","--tmplt-bank"
		</Stream>
	</Table>
	<Table Name="sim_inspiral:table">
		<Column Type="ilwd:char" Name="sim_inspiral:process_id"/>
		<Column Type="lstring" Name="sim_inspiral:waveform"/>
		<Column Type="int_4s" Name="sim_inspiral:geocent_end_time"/>
		<Column Type="int_4s" Name="sim_inspiral:geocent_end_time_ns"/>
		<Column Type="int_4s" Name="sim_inspiral:h_end_time"/>
		<Column Type="int_4s" Name="sim_inspiral:h_end_time_ns"/>
		<Column Type="int_4s" Name="sim_inspiral:l_end_time"/>
		<Column Type="int_4s" Name="sim_inspiral:l_end_time_ns"/>
		<Column Type="int_4s" Name="sim_inspiral:g_end_time"/>
		<Column Type="int_4s" Name="sim_inspiral:g_end_time_ns"/>
		<Column Type="int_4s" Name="sim_inspiral:t_end_time"/>
		<Column Type="int_4s" Name="sim_inspiral:t_end_time_ns"/>
		<Column Type="int_4s" Name="sim_inspiral:v_end_time"/>
		<Column Type="int_4s" Name="sim_inspiral:v_end_time_ns"/>
		<Column Type="real_8" Name="sim_inspiral:end_time_gmst"/>
		<Column Type="lstring" Name="sim_inspiral:source"/>
		<Column Type="real_4" Name="sim_inspiral:mass1"/>
		<Column Type="real_4" Name="sim_inspiral:mass2"/>
		<Column Type="real_4" Name="sim_inspiral:mchirp"/>
		<Column Type="real_4" Name="sim_inspiral:eta"/>
		<Column Type="real_4" Name="sim_inspiral:distance"/>
		<Column Type="real_4" Name="sim_inspiral:longitude"/>
		<Column Type="real_4" Name="sim_inspiral:latitude"/>
		<Column Type="real_4" Name="sim_inspiral:inclination"/>
		<Column Type="real_4" Name="sim_inspiral:coa_phase"/>
		<Column Type="real_4" Name="sim_inspiral:polarization"/>
		<Column Type="real_4" Name="sim_inspiral:psi0"/>
		<Column Type="real_4" Name="sim_inspiral:psi3"/>
		<Column Type="real_4" Name="sim_inspiral:alpha"/>
		<Column Type="real_4" Name="sim_inspiral:alpha1"/>
		<Column Type="real_4" Name="sim_inspiral:alpha2"/>
		<Column Type="real_4" Name="sim_inspiral:alpha3"/>
		<Column Type="real_4" Name="sim_inspiral:alpha4"/>
		<Column Type="real_4" Name="sim_inspiral:alpha5"/>
		<Column Type="real_4" Name="sim_inspiral:alpha6"/>
		<Column Type="real_4" Name="sim_inspiral:beta"/>
		<Column Type="real_4" Name="sim_inspiral:spin1x"/>
		<Column Type="real_4" Name="sim_inspiral:spin1y"/>
		<Column Type="real_4" Name="sim_inspiral:spin1z"/>
		<Column Type="real_4" Name="sim_inspiral:spin2x"/>
		<Column Type="real_4" Name="sim_inspiral:spin2y"/>
		<Column Type="real_4" Name="sim_inspiral:spin2z"/>
		<Column Type="real_4" Name="sim_inspiral:theta0"/>
		<Column Type="real_4" Name="sim_inspiral:phi0"/>
		<Column Type="real_4" Name="sim_inspiral:f_lower"/>
		<Column Type="real_4" Name="sim_inspiral:f_final"/>
		<Column Type="real_4" Name="sim_inspiral:eff_dist_h"/>
		<Column Type="real_4" Name="sim_inspiral:eff_dist_l"/>
		<Column Type="real_4" Name="sim_inspiral:eff_dist_g"/>
		<Column Type="real_4" Name="sim_inspiral:eff_dist_t"/>
		<Column Type="real_4" Name="sim_inspiral:eff_dist_v"/>
		<Column Type="int_4s" Name="sim_inspiral:numrel_mode_min"/>
		<Column Type="int_4s" Name="sim_inspiral:numrel_mode_max"/>
		<Column Type="lstring" Name="sim_inspiral:numrel_data"/>
		<Column Type="int_4s" Name="sim_inspiral:amp_order"/>
		<Column Type="lstring" Name="sim_inspiral:taper"/>
		<Column Type="int_4s" Name="sim_inspiral:bandpass"/>
		<Column Type="ilwd:char" Name="sim_inspiral:simulation_id"/>
		<Stream Name="sim_inspiral:table" Type="Local" Delimiter=",">
			"process:process_id:0","SpinTaylorT4",949597392,0,949597391,995520190,949597391,986852097,949597391,991836592,949597392,16782108,949597391,990700351,23254.65253443659,"",14.77145,6.33964,8.279242,0.2101195,1,6.083819,0.03706386,1.990469,6.060199,1.309935,0,0,0,0,0,0,0,0,0,0,-0.3982922,-0.07463857,0.156076,-0.7854159,0.1478746,0.3927138,0,0,14,0,8.729362,2.889544,4.23761,2.293478,4.026753,0,0,"",-1,"TAPER_NONE",0,"sim_inspiral:simulation_id:99999",
			"process:process_id:0","SpinTaylorT4",949597391,0,949597390,997089605,949597390,996247273,949597391,18784035,949597391,3994424,949597391,19419430,23254.6524615129,"",15.95732,3.941043,6.597497,0.1588314,1,4.395224,-0.5825216,0.911975,6.227651,3.686405,0,0,0,0,0,0,0,0,0,0,0.1537831,-0.102764,0.7414951,0.0615635,-0.4185207,0.3486149,0,0,14,0,6.96259,5.50906,1.775301,5.787898,1.669345,0,0,"",-1,"TAPER_NONE",0,"sim_inspiral:simulation_id:99998",
			"process:process_id:0","SpinTaylorT4",949597390,0,949597389,999466029,949597390,2456749,949597390,19554761,949597389,996232186,949597390,20580256,23254.65238859213,"",11.56594,7.55286,8.099969,0.2389853,1,3.886164,-0.5086203,0.5553475,5.688443,6.005668,0,0,0,0,0,0,0,0,0,0,0.01038448,-0.002275756,0.009158087,-0.3412856,0.1548236,0.3246354,0,0,14,0,2.534981,2.517619,1.280825,6.481915,1.199447,0,0,"",-1,"TAPER_NONE",0,"sim_inspiral:simulation_id:99997",
			"process:process_id:0","SpinTaylorT4",949597302,0,949597301,998950003,949597301,990784914,949597302,8909374,949597302,18047194,949597302,7866736,23254.64597152978,"",16.50201,6.143851,8.562265,0.1976969,1,5.479098,-0.5753543,1.820585,1.802723,1.388406,0,0,0,0,0,0,0,0,0,0,0.1287743,0.2344016,-0.1890147,-0.6767495,-0.1495723,-0.1036399,0,0,14,0,4.305321,3.272347,5.966387,3.695519,5.836503,0,0,"",-1,"TAPER_NONE",0,"sim_inspiral:simulation_id:99909",
			"process:process_id:0","SpinTaylorT4",949597301,0,949597301,18856932,949597301,19851522,949597300,999417988,949597300,998700353,949597300,997407220,23254.64589860901,"",3.767129,16.52864,6.53232,0.1511599,1,1.784893,-0.3455342,1.403687,5.993318,2.751696,0,0,0,0,0,0,0,0,0,0,-0.2410934,0.1736708,-0.120764,-0.02879753,0.05239043,0.2333199,0,0,14,0,5.158464,6.014428,8.136539,7.284105,5.775273,0,0,"",-1,"TAPER_NONE",0,"sim_inspiral:simulation_id:99908",
			"process:process_id:0","SpinTaylorT4",949597300,0,949597299,997036823,949597299,996597878,949597299,979060167,949597299,998133925,949597299,978832574,23254.64582568825,"",14.23105,5.766844,7.732292,0.2052138,1,0.8753642,0.7660677,2.369007,5.615797,1.011006,0,0,0,0,0,0,0,0,0,0,-0.3752295,-0.06386615,-0.2437006,-0.07962038,0.1169828,-0.04175843,0,0,14,0,3.721286,4.249515,1.359853,8.530126,1.389909,0,0,"",-1,"TAPER_NONE",0,"sim_inspiral:simulation_id:99907",
			"process:process_id:0","SpinTaylorT4",949597299,0,949597299,14844140,949597299,17183237,949597298,993260366,949597298,994949234,949597298,991791073,23254.64575276749,"",8.766632,8.466768,7.49991,0.2499243,1,1.750524,-0.01706999,1.253757,0.3203356,2.875431,0,0,0,0,0,0,0,0,0,0,-0.4942075,0.03008832,0.1080383,0.3360083,0.504706,0.2707056,0,0,14,0,4.464916,3.812469,6.230815,4.120767,4.528354,0,0,"",-1,"TAPER_NONE",0,"sim_inspiral:simulation_id:99906",
			"process:process_id:0","SpinTaylorT4",949597299,0,949597299,14844140,949597299,17183237,949597298,993260366,949597298,994949234,949597298,991791073,23254.64575276749,"",8.766632,8.466768,7.49991,0.2499243,1,1.750524,-0.01706999,1.253757,0.3203356,2.875431,0,0,0,0,0,0,0,0,0,0,-0.4942075,0.03008832,0.1080383,0.3360083,0.504706,0.2707056,0,0,14,0,4.464916,3.812469,6.230815,4.120767,4.528354,0,0,"",-1,"TAPER_NONE",0,"sim_inspiral:simulation_id:99906",
			"process:process_id:0","SpinTaylorT4",949597299,0,949597299,14844140,949597299,17183237,949597298,993260366,949597298,994949234,949597298,991791073,23254.64575276749,"",8.766632,8.466768,7.49991,0.2499243,1,1.750524,-0.01706999,1.253757,0.3203356,2.875431,0,0,0,0,0,0,0,0,0,0,-0.4942075,0.03008832,0.1080383,0.3360083,0.504706,0.2707056,0,0,14,0,4.464916,3.812469,6.230815,4.120767,4.528354,0,0,"",-1,"TAPER_NONE",0,"sim_inspiral:simulation_id:99906",
			"process:process_id:0","SpinTaylorT4",949597299,0,949597299,14844140,949597299,17183237,949597298,993260366,949597298,994949234,949597298,991791073,23254.64575276749,"",8.766632,8.466768,7.49991,0.2499243,1,1.750524,-0.01706999,1.253757,0.3203356,2.875431,0,0,0,0,0,0,0,0,0,0,-0.4942075,0.03008832,0.1080383,0.3360083,0.504706,0.2707056,0,0,14,0,4.464916,3.812469,6.230815,4.120767,4.528354,0,0,"",-1,"TAPER_NONE",0,"sim_inspiral:simulation_id:99906",
			"process:process_id:0","SpinTaylorT4",949597299,0,949597299,14844140,949597299,17183237,949597298,993260366,949597298,994949234,949597298,991791073,23254.64575276749,"",8.766632,8.466768,7.49991,0.2499243,1,1.750524,-0.01706999,1.253757,0.3203356,2.875431,0,0,0,0,0,0,0,0,0,0,-0.4942075,0.03008832,0.1080383,0.3360083,0.504706,0.2707056,0,0,14,0,4.464916,3.812469,6.230815,4.120767,4.528354,0,0,"",-1,"TAPER_NONE",0,"sim_inspiral:simulation_id:99906",
			"process:process_id:0","SpinTaylorT4",949597299,0,949597299,14844140,949597299,17183237,949597298,993260366,949597298,994949234,949597298,991791073,23254.64575276749,"",8.766632,8.466768,7.49991,0.2499243,1,1.750524,-0.01706999,1.253757,0.3203356,2.875431,0,0,0,0,0,0,0,0,0,0,-0.4942075,0.03008832,0.1080383,0.3360083,0.504706,0.2707056,0,0,14,0,4.464916,3.812469,6.230815,4.120767,4.528354,0,0,"",-1,"TAPER_NONE",0,"sim_inspiral:simulation_id:99906",
			"process:process_id:0","SpinTaylorT4",949597299,0,949597299,14844140,949597299,17183237,949597298,993260366,949597298,994949234,949597298,991791073,23254.64575276749,"",8.766632,8.466768,7.49991,0.2499243,1,1.750524,-0.01706999,1.253757,0.3203356,2.875431,0,0,0,0,0,0,0,0,0,0,-0.4942075,0.03008832,0.1080383,0.3360083,0.504706,0.2707056,0,0,14,0,4.464916,3.812469,6.230815,4.120767,4.528354,0,0,"",-1,"TAPER_NONE",0,"sim_inspiral:simulation_id:99906",
			"process:process_id:0","SpinTaylorT4",949597299,0,949597299,14844140,949597299,17183237,949597298,993260366,949597298,994949234,949597298,991791073,23254.64575276749,"",8.766632,8.466768,7.49991,0.2499243,1,1.750524,-0.01706999,1.253757,0.3203356,2.875431,0,0,0,0,0,0,0,0,0,0,-0.4942075,0.03008832,0.1080383,0.3360083,0.504706,0.2707056,0,0,14,0,4.464916,3.812469,6.230815,4.120767,4.528354,0,0,"",-1,"TAPER_NONE",0,"sim_inspiral:simulation_id:99906",
			"process:process_id:0","SpinTaylorT4",949597299,0,949597299,14844140,949597299,17183237,949597298,993260366,949597298,994949234,949597298,991791073,23254.64575276749,"",8.766632,8.466768,7.49991,0.2499243,1,1.750524,-0.01706999,1.253757,0.3203356,2.875431,0,0,0,0,0,0,0,0,0,0,-0.4942075,0.03008832,0.1080383,0.3360083,0.504706,0.2707056,0,0,14,0,4.464916,3.812469,6.230815,4.120767,4.528354,0,0,"",-1,"TAPER_NONE",0,"sim_inspiral:simulation_id:99906",
			"process:process_id:0","SpinTaylorT4",949597299,0,949597299,14844140,949597299,17183237,949597298,993260366,949597298,994949234,949597298,991791073,23254.64575276749,"",8.766632,8.466768,7.49991,0.2499243,1,1.750524,-0.01706999,1.253757,0.3203356,2.875431,0,0,0,0,0,0,0,0,0,0,-0.4942075,0.03008832,0.1080383,0.3360083,0.504706,0.2707056,0,0,14,0,4.464916,3.812469,6.230815,4.120767,4.528354,0,0,"",-1,"TAPER_NONE",0,"sim_inspiral:simulation_id:99906",
			"process:process_id:0","SpinTaylorT4",949597299,0,949597299,14844140,949597299,17183237,949597298,993260366,949597298,994949234,949597298,991791073,23254.64575276749,"",8.766632,8.466768,7.49991,0.2499243,1,1.750524,-0.01706999,1.253757,0.3203356,2.875431,0,0,0,0,0,0,0,0,0,0,-0.4942075,0.03008832,0.1080383,0.3360083,0.504706,0.2707056,0,0,14,0,4.464916,3.812469,6.230815,4.120767,4.528354,0,0,"",-1,"TAPER_NONE",0,"sim_inspiral:simulation_id:99906",
			"process:process_id:0","SpinTaylorT4",949597299,0,949597299,14844140,949597299,17183237,949597298,993260366,949597298,994949234,949597298,991791073,23254.64575276749,"",8.766632,8.466768,7.49991,0.2499243,1,1.750524,-0.01706999,1.253757,0.3203356,2.875431,0,0,0,0,0,0,0,0,0,0,-0.4942075,0.03008832,0.1080383,0.3360083,0.504706,0.2707056,0,0,14,0,4.464916,3.812469,6.230815,4.120767,4.528354,0,0,"",-1,"TAPER_NONE",0,"sim_inspiral:simulation_id:99906",
			"process:process_id:0","SpinTaylorT4",949597299,0,949597299,14844140,949597299,17183237,949597298,993260366,949597298,994949234,949597298,991791073,23254.64575276749,"",8.766632,8.466768,7.49991,0.2499243,1,1.750524,-0.01706999,1.253757,0.3203356,2.875431,0,0,0,0,0,0,0,0,0,0,-0.4942075,0.03008832,0.1080383,0.3360083,0.504706,0.2707056,0,0,14,0,4.464916,3.812469,6.230815,4.120767,4.528354,0,0,"",-1,"TAPER_NONE",0,"sim_inspiral:simulation_id:99906",
			"process:process_id:0","SpinTaylorT4",949597299,0,949597299,14844140,949597299,17183237,949597298,993260366,949597298,994949234,949597298,991791073,23254.64575276749,"",8.766632,8.466768,7.49991,0.2499243,1,1.750524,-0.01706999,1.253757,0.3203356,2.875431,0,0,0,0,0,0,0,0,0,0,-0.4942075,0.03008832,0.1080383,0.3360083,0.504706,0.2707056,0,0,14,0,4.464916,3.812469,6.230815,4.120767,4.528354,0,0,"",-1,"TAPER_NONE",0,"sim_inspiral:simulation_id:99906",
			"process:process_id:0","SpinTaylorT4",949597299,0,949597299,14844140,949597299,17183237,949597298,993260366,949597298,994949234,949597298,991791073,23254.64575276749,"",8.766632,8.466768,7.49991,0.2499243,1,1.750524,-0.01706999,1.253757,0.3203356,2.875431,0,0,0,0,0,0,0,0,0,0,-0.4942075,0.03008832,0.1080383,0.3360083,0.504706,0.2707056,0,0,14,0,4.464916,3.812469,6.230815,4.120767,4.528354,0,0,"",-1,"TAPER_NONE",0,"sim_inspiral:simulation_id:99906",
			"process:process_id:0","SpinTaylorT4",949597299,0,949597299,14844140,949597299,17183237,949597298,993260366,949597298,994949234,949597298,991791073,23254.64575276749,"",8.766632,8.466768,7.49991,0.2499243,1,1.750524,-0.01706999,1.253757,0.3203356,2.875431,0,0,0,0,0,0,0,0,0,0,-0.4942075,0.03008832,0.1080383,0.3360083,0.504706,0.2707056,0,0,14,0,4.464916,3.812469,6.230815,4.120767,4.528354,0,0,"",-1,"TAPER_NONE",0,"sim_inspiral:simulation_id:99906",
			"process:process_id:0","SpinTaylorT4",949597298,0,949597298,15133236,949597298,17162246,949597297,993245525,949597297,995604653,949597297,991690548,23254.64567984673,"",7.899324,6.235638,6.101316,0.2465367,1,1.723337,-0.033662,1.084291,0.259261,0.3682807,0,0,0,0,0,0,0,0,0,0,-0.08087119,-0.06015219,-0.1877603,-0.4655132,-0.5668777,0.2736336,0,0,14,0,2.352424,2.030341,5.388401,4.250526,3.288441,0,0,"",-1,"TAPER_NONE",0,"sim_inspiral:simulation_id:99905",
			"process:process_id:0","SpinTaylorT4",949597297,0,949597296,996052556,949597296,988824902,949597297,9442251,949597297,16037226,949597297,8902405,23254.64560692597,"",17.27976,6.83084,9.263294,0.2030467,1,5.31928,-0.4858972,2.249222,5.473792,4.851172,0,0,0,0,0,0,0,0,0,0,0.05867036,0.05529642,0.1578469,0.006546784,-0.002487929,-0.01755475,0,0,14,0,3.132918,2.477454,2.765335,1.893501,3.298154,0,0,"",-1,"TAPER_NONE",0,"sim_inspiral:simulation_id:99904",
			"process:process_id:0","SpinTaylorT4",949597296,0,949597295,979053014,949597295,982750758,949597295,992241879,949597295,990401229,949597295,995085032,23254.6455340052,"",4.721002,4.600782,4.057137,0.2499584,1,4.617931,0.9389676,0.4026332,2.596448,3.919031,0,0,0,0,0,0,0,0,0,0,-0.2668726,-0.2444772,-0.00320482,0.1385976,0.687324,0.1012195,0,0,14,0,1.097536,1.316794,1.916471,2.379296,4.583191,0,0,"",-1,"TAPER_NONE",0,"sim_inspiral:simulation_id:99903",
			"process:process_id:0","SpinTaylorT4",949597296,0,949597295,979053014,949597295,982750758,949597295,992241879,949597295,990401229,949597295,995085032,23254.6455340052,"",4.721002,4.600782,4.057137,0.2499584,1,4.617931,0.9389676,0.4026332,2.596448,3.919031,0,0,0,0,0,0,0,0,0,0,-0.2668726,-0.2444772,-0.00320482,0.1385976,0.687324,0.1012195,0,0,14,0,1.097536,1.316794,1.916471,2.379296,4.583191,0,0,"",-1,"TAPER_NONE",0,"sim_inspiral:simulation_id:99903",
			"process:process_id:0","SpinTaylorT4",949597296,0,949597295,979053014,949597295,982750758,949597295,992241879,949597295,990401229,949597295,995085032,23254.6455340052,"",4.721002,4.600782,4.057137,0.2499584,1,4.617931,0.9389676,0.4026332,2.596448,3.919031,0,0,0,0,0,0,0,0,0,0,-0.2668726,-0.2444772,-0.00320482,0.1385976,0.687324,0.1012195,0,0,14,0,1.097536,1.316794,1.916471,2.379296,4.583191,0,0,"",-1,"TAPER_NONE",0,"sim_inspiral:simulation_id:99903",
			"process:process_id:0","SpinTaylorT4",949597296,0,949597295,979053014,949597295,982750758,949597295,992241879,949597295,990401229,949597295,995085032,23254.6455340052,"",4.721002,4.600782,4.057137,0.2499584,1,4.617931,0.9389676,0.4026332,2.596448,3.919031,0,0,0,0,0,0,0,0,0,0,-0.2668726,-0.2444772,-0.00320482,0.1385976,0.687324,0.1012195,0,0,14,0,1.097536,1.316794,1.916471,2.379296,4.583191,0,0,"",-1,"TAPER_NONE",0,"sim_inspiral:simulation_id:99903",
			"process:process_id:0","SpinTaylorT4",949597296,0,949597295,979053014,949597295,982750758,949597295,992241879,949597295,990401229,949597295,995085032,23254.6455340052,"",4.721002,4.600782,4.057137,0.2499584,1,4.617931,0.9389676,0.4026332,2.596448,3.919031,0,0,0,0,0,0,0,0,0,0,-0.2668726,-0.2444772,-0.00320482,0.1385976,0.687324,0.1012195,0,0,14,0,1.097536,1.316794,1.916471,2.379296,4.583191,0,0,"",-1,"TAPER_NONE",0,"sim_inspiral:simulation_id:99903",
			"process:process_id:0","SpinTaylorT4",949597296,0,949597295,979053014,949597295,982750758,949597295,992241879,949597295,990401229,949597295,995085032,23254.6455340052,"",4.721002,4.600782,4.057137,0.2499584,1,4.617931,0.9389676,0.4026332,2.596448,3.919031,0,0,0,0,0,0,0,0,0,0,-0.2668726,-0.2444772,-0.00320482,0.1385976,0.687324,0.1012195,0,0,14,0,1.097536,1.316794,1.916471,2.379296,4.583191,0,0,"",-1,"TAPER_NONE",0,"sim_inspiral:simulation_id:99903",
			"process:process_id:0","SpinTaylorT4",949597296,0,949597295,979053014,949597295,982750758,949597295,992241879,949597295,990401229,949597295,995085032,23254.6455340052,"",4.721002,4.600782,4.057137,0.2499584,1,4.617931,0.9389676,0.4026332,2.596448,3.919031,0,0,0,0,0,0,0,0,0,0,-0.2668726,-0.2444772,-0.00320482,0.1385976,0.687324,0.1012195,0,0,14,0,1.097536,1.316794,1.916471,2.379296,4.583191,0,0,"",-1,"TAPER_NONE",0,"sim_inspiral:simulation_id:99903",
			"process:process_id:0","SpinTaylorT4",949597296,0,949597295,979053014,949597295,982750758,949597295,992241879,949597295,990401229,949597295,995085032,23254.6455340052,"",4.721002,4.600782,4.057137,0.2499584,1,4.617931,0.9389676,0.4026332,2.596448,3.919031,0,0,0,0,0,0,0,0,0,0,-0.2668726,-0.2444772,-0.00320482,0.1385976,0.687324,0.1012195,0,0,14,0,1.097536,1.316794,1.916471,2.379296,4.583191,0,0,"",-1,"TAPER_NONE",0,"sim_inspiral:simulation_id:99903",
			"process:process_id:0","SpinTaylorT4",949597295,0,949597295,5227417,949597295,13643996,949597295,8951145,949597294,983873450,949597295,9977856,23254.64546108151,"",13.11063,11.28784,10.58445,0.2486046,1,2.934455,-0.08600726,1.171601,5.56501,5.465075,0,0,0,0,0,0,0,0,0,0,-0.4711874,-0.05101366,-0.1994309,-0.5015571,0.2604853,-0.14759,0,0,14,0,10.42625,3.950115,3.101947,3.276684,5.151683,0,0,"",-1,"TAPER_NONE",0,"sim_inspiral:simulation_id:99902",
			"process:process_id:0","SpinTaylorT4",949597294,0,949597293,981890724,949597293,980728522,949597294,2303366,949597294,1898829,949597294,4240729,23254.64538816074,"",18.79663,3.942648,7.088681,0.1433226,1,4.896823,0.2671432,2.372494,2.189201,0.5328369,0,0,0,0,0,0,0,0,0,0,0.1354482,0.5393732,-0.2142429,0.2853438,0.1850221,0.6266483,0,0,14,0,1.595955,1.516319,5.305741,3.703102,2.892018,0,0,"",-1,"TAPER_NONE",0,"sim_inspiral:simulation_id:99901",
			"process:process_id:0","SpinTaylorT4",949597293,0,949597293,1649191,949597293,10147021,949597292,992895894,949597292,981516173,949597292,993968300,23254.64531523998,"",6.384334,8.11422,6.256803,0.246441,1,2.411775,0.5094616,1.475333,1.665735,5.266584,0,0,0,0,0,0,0,0,0,0,-0.005759645,0.4948484,0.4315591,-0.536455,-0.6105289,-0.3437749,0,0,14,0,3.972213,3.691919,4.300235,8.369058,21.12007,0,0,"",-1,"TAPER_NONE",0,"sim_inspiral:simulation_id:99900"
		</Stream>
	</Table>
</LIGO_LW>
