{
  "name": "startup_insecure-bank",
  "setup": "bash -c \"mkdir -p ${OUTPUT_DIR}/${VARIANT}\"",
  "service": "bash -c \"${UTILS_DIR}/run-on-server-ready.sh http://localhost:8080/login 'pkill java'\"",
  "run": "bash -c \"java -javaagent:${TRACER} -Ddd.benchmark.enabled=true -Ddd.benchmark.output.dir=${OUTPUT_DIR}/${VARIANT} ${JAVA_OPTS} -jar ${INSECURE_BANK} &> ${OUTPUT_DIR}/${VARIANT}/insecure-bank.log\"",
  "iterations": 10,
  "timeout": 60,
  "variants": {
    "tracing": {
      "env": {
        "VARIANT": "tracing",
        "JAVA_OPTS": ""
      }
    },
    "iast": {
      "env": {
        "VARIANT": "iast",
        "JAVA_OPTS": "-Ddd.iast.enabled=true"
      }
    }
  }
}
