<?xml version="1.0" encoding="UTF-8" standalone="no"?>
<!--
~ ***** BEGIN LICENSE BLOCK *****
  ~ Version: MPL 1.1/GPL 2.0/LGPL 2.1
  ~
  ~ The contents of this file are subject to the Mozilla Public License Version
  ~ 1.1 (the "License"); you may not use this file except in compliance with
  ~ the License. You may obtain a copy of the License at
  ~ http://www.mozilla.org/MPL/
  ~
  ~ Software distributed under the License is distributed on an "AS IS" basis,
  ~ WITHOUT WARRANTY OF ANY KIND, either express or implied. See the License
  ~ for the specific language governing rights and limitations under the
  ~ License.
  ~
  ~ The Original Code is part of dcm4che, an implementation of DICOM(TM) in
  ~ Java(TM), hosted at https://github.com/dcm4che.
  ~
  ~ The Initial Developer of the Original Code is
  ~ J4Care.
  ~ Portions created by the Initial Developer are Copyright (C) 2015-2019
  ~ the Initial Developer. All Rights Reserved.
  ~
  ~ Contributor(s):
  ~ See @authors listed below
  ~
  ~ Alternatively, the contents of this file may be used under the terms of
  ~ either the GNU General Public License Version 2 or later (the "GPL"), or
  ~ the GNU Lesser General Public License Version 2.1 or later (the "LGPL"),
  ~ in which case the provisions of the GPL or the LGPL are applicable instead
  ~ of those above. If you wish to allow use of your version of this file only
  ~ under the terms of either the GPL or the LGPL, and not to allow others to
  ~ use your version of this file under the terms of the MPL, indicate your
  ~ decision by deleting the provisions above and replace them with the notice
  ~ and other provisions required by the GPL or the LGPL. If you do not delete
  ~ the provisions above, a recipient may use your version of this file under
  ~ the terms of any one of the MPL, the GPL or the LGPL.
  ~
  ~ ***** END LICENSE BLOCK *****
  ~
--><elements>
  <el keyword="WindowInvert" tag="3109xx10" vm="1" vr="CS">Window Invert</el>
  <el keyword="WindowCenter" tag="3109xx20" vm="1" vr="IS">Window Center</el>
  <el keyword="WindowWidth" tag="3109xx30" vm="1" vr="IS">Window Width</el>
  <el keyword="PixelAspectRatioSwap" tag="3109xx40" vm="1" vr="CS">Pixel Aspect Ratio Swap</el>
  <el keyword="EnableAveraging" tag="3109xx50" vm="1" vr="CS">Enable Averaging</el>
  <el keyword="Quality" tag="3109xx60" vm="1" vr="CS">Quality</el>
  <el keyword="ViewportAnnotationLevel" tag="3109xx70" vm="1" vr="CS">Viewport Annotation Level</el>
  <el keyword="ShowImageAnnotation" tag="3109xx80" vm="1" vr="CS">Show Image Annotation</el>
  <el keyword="ShowImageOverlay" tag="3109xx90" vm="1" vr="CS">Show Image Overlay</el>
</elements>
