<?xml version="1.0" encoding="UTF-8" standalone="no"?>
<!--
~ ***** BEGIN LICENSE BLOCK *****
  ~ Version: MPL 1.1/GPL 2.0/LGPL 2.1
  ~
  ~ The contents of this file are subject to the Mozilla Public License Version
  ~ 1.1 (the "License"); you may not use this file except in compliance with
  ~ the License. You may obtain a copy of the License at
  ~ http://www.mozilla.org/MPL/
  ~
  ~ Software distributed under the License is distributed on an "AS IS" basis,
  ~ WITHOUT WARRANTY OF ANY KIND, either express or implied. See the License
  ~ for the specific language governing rights and limitations under the
  ~ License.
  ~
  ~ The Original Code is part of dcm4che, an implementation of DICOM(TM) in
  ~ Java(TM), hosted at https://github.com/dcm4che.
  ~
  ~ The Initial Developer of the Original Code is
  ~ J4Care.
  ~ Portions created by the Initial Developer are Copyright (C) 2015-2019
  ~ the Initial Developer. All Rights Reserved.
  ~
  ~ Contributor(s):
  ~ See @authors listed below
  ~
  ~ Alternatively, the contents of this file may be used under the terms of
  ~ either the GNU General Public License Version 2 or later (the "GPL"), or
  ~ the GNU Lesser General Public License Version 2.1 or later (the "LGPL"),
  ~ in which case the provisions of the GPL or the LGPL are applicable instead
  ~ of those above. If you wish to allow use of your version of this file only
  ~ under the terms of either the GPL or the LGPL, and not to allow others to
  ~ use your version of this file under the terms of the MPL, indicate your
  ~ decision by deleting the provisions above and replace them with the notice
  ~ and other provisions required by the GPL or the LGPL. If you do not delete
  ~ the provisions above, a recipient may use your version of this file under
  ~ the terms of any one of the MPL, the GPL or the LGPL.
  ~
  ~ ***** END LICENSE BLOCK *****
  ~
--><elements>
  <el keyword="AnnotationSequence" tag="3103xx10" vm="1" vr="CS">Annotation Sequence</el>
  <el keyword="AnnotationUID" tag="3103xx20" vm="1" vr="UI">Annotation UID</el>
  <el keyword="AnnotationColor" tag="3103xx30" vm="1" vr="US">Annotation Color</el>
  <el keyword="AnnotationLineStyle" tag="3103xx50" vm="1" vr="CS">Annotation Line Style</el>
  <el keyword="AnnotationElements" tag="3103xx60" vm="1" vr="SQ">Annotation Elements</el>
  <el keyword="AnnotationLabel" tag="3103xx70" vm="1" vr="SH">Annotation Label</el>
  <el keyword="AnnotationCreator" tag="3103xx80" vm="1" vr="PN">Annotation Creator</el>
  <el keyword="AnnotationModifiers" tag="3103xx90" vm="1" vr="PN">Annotation Modifiers</el>
  <el keyword="AnnotationCreationDate" tag="3103xxA0" vm="1" vr="DA">Annotation Creation Date</el>
  <el keyword="AnnotationCreationTime" tag="3103xxB0" vm="1" vr="TM">Annotation Creation Time</el>
  <el keyword="AnnotationModificationDates" tag="3103xxC0" vm="1" vr="DA">Annotation Modification Dates</el>
  <el keyword="AnnotationModificationTimes" tag="3103xxD0" vm="1" vr="TM">Annotation Modification Times</el>
  <el keyword="AnnotationFrameNumber" tag="3103xxE0" vm="1" vr="US">Annotation Frame Number</el>
</elements>
