<?xml version="1.0" encoding="UTF-8" standalone="no"?>
<!--
~ ***** BEGIN LICENSE BLOCK *****
  ~ Version: MPL 1.1/GPL 2.0/LGPL 2.1
  ~
  ~ The contents of this file are subject to the Mozilla Public License Version
  ~ 1.1 (the "License"); you may not use this file except in compliance with
  ~ the License. You may obtain a copy of the License at
  ~ http://www.mozilla.org/MPL/
  ~
  ~ Software distributed under the License is distributed on an "AS IS" basis,
  ~ WITHOUT WARRANTY OF ANY KIND, either express or implied. See the License
  ~ for the specific language governing rights and limitations under the
  ~ License.
  ~
  ~ The Original Code is part of dcm4che, an implementation of DICOM(TM) in
  ~ Java(TM), hosted at https://github.com/dcm4che.
  ~
  ~ The Initial Developer of the Original Code is
  ~ J4Care.
  ~ Portions created by the Initial Developer are Copyright (C) 2015-2019
  ~ the Initial Developer. All Rights Reserved.
  ~
  ~ Contributor(s):
  ~ See @authors listed below
  ~
  ~ Alternatively, the contents of this file may be used under the terms of
  ~ either the GNU General Public License Version 2 or later (the "GPL"), or
  ~ the GNU Lesser General Public License Version 2.1 or later (the "LGPL"),
  ~ in which case the provisions of the GPL or the LGPL are applicable instead
  ~ of those above. If you wish to allow use of your version of this file only
  ~ under the terms of either the GPL or the LGPL, and not to allow others to
  ~ use your version of this file under the terms of the MPL, indicate your
  ~ decision by deleting the provisions above and replace them with the notice
  ~ and other provisions required by the GPL or the LGPL. If you do not delete
  ~ the provisions above, a recipient may use your version of this file under
  ~ the terms of any one of the MPL, the GPL or the LGPL.
  ~
  ~ ***** END LICENSE BLOCK *****
  ~
--><elements>
  <el keyword="NonExistentTags" tag="4103xx01" vm="1-n" vr="AT">Non-existent tags</el>
  <el keyword="NonExistentObjects" tag="4103xx02" vm="1-n" vr="UI">Non-existent objects</el>
  <el keyword="AnnotationType" tag="4105xx01" vm="1" vr="CS">Annotation Type</el>
  <el keyword="AnnotationValue" tag="4105xx02" vm="1" vr="LO">Annotation Value</el>
  <el keyword="CutlineImageUID" tag="4105xx03" vm="1" vr="UI">Cutline Image UID</el>
  <el keyword="CutlineSetUID" tag="4105xx04" vm="1" vr="UI">Cutline Set UID</el>
  <el keyword="AnnotationColor" tag="4105xx05" vm="3" vr="US">Annotation Color (RGB)</el>
  <el keyword="AnnotationLineStyle" tag="4105xx06" vm="1" vr="CS">Annotation Line Style</el>
  <el keyword="AnnotationLabel" tag="4105xx07" vm="1" vr="SH">Annotation Label</el>
  <el keyword="AnnotationCreator" tag="4105xx08" vm="1" vr="PN">Annotation Creator</el>
  <el keyword="AnnotationCreationDate" tag="4105xx09" vm="1" vr="DA">Annotation Creation Date</el>
  <el keyword="AnnotationCreationTime" tag="4105xx0A" vm="1" vr="TM">Annotation Creation Time</el>
  <el keyword="AnnotationModificationSequence" tag="4105xx0B" vm="1" vr="SQ">Annotation Modification Sequence</el>
  <el keyword="AnnotationModifier" tag="4105xx0C" vm="1" vr="PN">Annotation Modifier</el>
  <el keyword="AnnotationModificationDate" tag="4105xx0D" vm="1" vr="DA">Annotation Modification Date</el>
  <el keyword="AnnotationModificationTime" tag="4105xx0E" vm="1" vr="TM">Annotation Modification Time</el>
  <el keyword="_4105_xx10_" tag="4105xx10" vm="1" vr="US">?</el>
  <el keyword="_4105_xx11_" tag="4105xx11" vm="1" vr="ST">?</el>
  <el keyword="RequestedPaletteColorLUT" tag="4107xx01" vm="1" vr="SQ">Requested Palette Color LUT</el>
</elements>
