<?xml version="1.0" encoding="UTF-8" standalone="no"?>
<!--
~ ***** BEGIN LICENSE BLOCK *****
  ~ Version: MPL 1.1/GPL 2.0/LGPL 2.1
  ~
  ~ The contents of this file are subject to the Mozilla Public License Version
  ~ 1.1 (the "License"); you may not use this file except in compliance with
  ~ the License. You may obtain a copy of the License at
  ~ http://www.mozilla.org/MPL/
  ~
  ~ Software distributed under the License is distributed on an "AS IS" basis,
  ~ WITHOUT WARRANTY OF ANY KIND, either express or implied. See the License
  ~ for the specific language governing rights and limitations under the
  ~ License.
  ~
  ~ The Original Code is part of dcm4che, an implementation of DICOM(TM) in
  ~ Java(TM), hosted at https://github.com/dcm4che.
  ~
  ~ The Initial Developer of the Original Code is
  ~ J4Care.
  ~ Portions created by the Initial Developer are Copyright (C) 2015-2019
  ~ the Initial Developer. All Rights Reserved.
  ~
  ~ Contributor(s):
  ~ See @authors listed below
  ~
  ~ Alternatively, the contents of this file may be used under the terms of
  ~ either the GNU General Public License Version 2 or later (the "GPL"), or
  ~ the GNU Lesser General Public License Version 2.1 or later (the "LGPL"),
  ~ in which case the provisions of the GPL or the LGPL are applicable instead
  ~ of those above. If you wish to allow use of your version of this file only
  ~ under the terms of either the GPL or the LGPL, and not to allow others to
  ~ use your version of this file under the terms of the MPL, indicate your
  ~ decision by deleting the provisions above and replace them with the notice
  ~ and other provisions required by the GPL or the LGPL. If you do not delete
  ~ the provisions above, a recipient may use your version of this file under
  ~ the terms of any one of the MPL, the GPL or the LGPL.
  ~
  ~ ***** END LICENSE BLOCK *****
  ~
--><elements>
  <el keyword="FileLocation" tag="0009xx00" vm="1" vr="UL">File Location</el>
  <el keyword="FileSize" tag="0009xx01" vm="1" vr="UL">File Size</el>
  <el keyword="AlternateImageSequence" tag="0009xx40" vm="1" vr="SQ">Alternate Image Sequence</el>
  <el keyword="ImageBlankingShape" tag="0019xx00" vm="1" vr="CS">Image Blanking Shape</el>
  <el keyword="ImageBlankingLeftVerticalEdge" tag="0019xx02" vm="1" vr="IS">Image Blanking Left Vertical Edge</el>
  <el keyword="ImageBlankingRightVerticalEdge" tag="0019xx04" vm="1" vr="IS">Image Blanking Right Vertical Edge</el>
  <el keyword="ImageBlankingUpperHorizontalEdge" tag="0019xx06" vm="1" vr="IS">Image Blanking Upper Horizontal Edge</el>
  <el keyword="ImageBlankingLowerHorizontalEdge" tag="0019xx08" vm="1" vr="IS">Image Blanking Lower Horizontal Edge</el>
  <el keyword="CenterOfCircularImageBlanking" tag="0019xx10" vm="1" vr="IS">Center of Circular Image Blanking</el>
  <el keyword="RadiusOfCircularImageBlanking" tag="0019xx12" vm="1" vr="IS">Radius of Circular Image Blanking</el>
  <el keyword="MaximumImageFrameSize" tag="0019xx30" vm="1" vr="UL">Maximum Image Frame Size</el>
  <el keyword="ImageSequenceNumber" tag="0021xx13" vm="1" vr="IS">Image Sequence Number</el>
  <el keyword="EdgeEnhancementSequence" tag="0029xx00" vm="1" vr="SQ">Edge Enhancement Sequence</el>
  <el keyword="ConvolutionKernelSize" tag="0029xx01" vm="2" vr="US">Convolution Kernel Size</el>
  <el keyword="ConvolutionKernelCoefficients" tag="0029xx02" vm="1-n" vr="US">Convolution Kernel Coefficients</el>
  <el keyword="EdgeEnhancementGain" tag="0029xx03" vm="1" vr="FL">Edge Enhancement Gain</el>
</elements>
