<?xml version="1.0" encoding="UTF-8" standalone="no"?>
<!--
~ ***** BEGIN LICENSE BLOCK *****
  ~ Version: MPL 1.1/GPL 2.0/LGPL 2.1
  ~
  ~ The contents of this file are subject to the Mozilla Public License Version
  ~ 1.1 (the "License"); you may not use this file except in compliance with
  ~ the License. You may obtain a copy of the License at
  ~ http://www.mozilla.org/MPL/
  ~
  ~ Software distributed under the License is distributed on an "AS IS" basis,
  ~ WITHOUT WARRANTY OF ANY KIND, either express or implied. See the License
  ~ for the specific language governing rights and limitations under the
  ~ License.
  ~
  ~ The Original Code is part of dcm4che, an implementation of DICOM(TM) in
  ~ Java(TM), hosted at https://github.com/dcm4che.
  ~
  ~ The Initial Developer of the Original Code is
  ~ J4Care.
  ~ Portions created by the Initial Developer are Copyright (C) 2015-2019
  ~ the Initial Developer. All Rights Reserved.
  ~
  ~ Contributor(s):
  ~ See @authors listed below
  ~
  ~ Alternatively, the contents of this file may be used under the terms of
  ~ either the GNU General Public License Version 2 or later (the "GPL"), or
  ~ the GNU Lesser General Public License Version 2.1 or later (the "LGPL"),
  ~ in which case the provisions of the GPL or the LGPL are applicable instead
  ~ of those above. If you wish to allow use of your version of this file only
  ~ under the terms of either the GPL or the LGPL, and not to allow others to
  ~ use your version of this file under the terms of the MPL, indicate your
  ~ decision by deleting the provisions above and replace them with the notice
  ~ and other provisions required by the GPL or the LGPL. If you do not delete
  ~ the provisions above, a recipient may use your version of this file under
  ~ the terms of any one of the MPL, the GPL or the LGPL.
  ~
  ~ ***** END LICENSE BLOCK *****
  ~
--><elements>
  <el keyword="AxialType" tag="0019xx39" vm="1" vr="SS">Axial Type</el>
  <el keyword="SwapPhaseFrequency" tag="0019xx8F" vm="1" vr="SS">Swap Phase Frequency</el>
  <el keyword="PulseSequenceName" tag="0019xx9C" vm="1" vr="SS">Pulse Sequence Name</el>
  <el keyword="CoilType" tag="0019xx9F" vm="1" vr="SS">Coil Type</el>
  <el keyword="SATFatWaterBone" tag="0019xxA4" vm="1" vr="SS">SAT Fat Water Bone</el>
  <el keyword="BitmapOfSATSelections" tag="0019xxC0" vm="1" vr="SS">Bitmap Of SAT Selections</el>
  <el keyword="SurfaceCoilIntensityCorrectionFlag" tag="0019xxC1" vm="1" vr="SS">Surface Coil Intensity Correction Flag</el>
  <el keyword="PhaseContrastFlowAxis" tag="0019xxCB" vm="1" vr="SS">Phase Contrast Flow Axis</el>
  <el keyword="PhaseContrastVelocityEncoding" tag="0019xxCC" vm="1" vr="SS">Phase Contrast Velocity Encoding</el>
  <el keyword="FractionalEcho" tag="0019xxD5" vm="1" vr="SS">Fractional Echo</el>
  <el keyword="VariableEchoFlag" tag="0019xxD8" vm="1" vr="SS">Variable Echo Flag</el>
  <el keyword="ConcatenatedSat" tag="0019xxD9" vm="1" vr="DS">Concatenated Sat</el>
  <el keyword="NumberOfPhases" tag="0019xxF2" vm="1" vr="SS">Number Of Phases</el>
  <el keyword="DeltaStartTime" tag="0043xx1E" vm="1" vr="DS">Delta Start Time</el>
  <el keyword="ScanPitchRatio" tag="0043xx27" vm="1" vr="SH">Scan Pitch Ratio</el>
</elements>
