<?xml version="1.0" encoding="UTF-8" standalone="no"?>
<!--
~ ***** BEGIN LICENSE BLOCK *****
  ~ Version: MPL 1.1/GPL 2.0/LGPL 2.1
  ~
  ~ The contents of this file are subject to the Mozilla Public License Version
  ~ 1.1 (the "License"); you may not use this file except in compliance with
  ~ the License. You may obtain a copy of the License at
  ~ http://www.mozilla.org/MPL/
  ~
  ~ Software distributed under the License is distributed on an "AS IS" basis,
  ~ WITHOUT WARRANTY OF ANY KIND, either express or implied. See the License
  ~ for the specific language governing rights and limitations under the
  ~ License.
  ~
  ~ The Original Code is part of dcm4che, an implementation of DICOM(TM) in
  ~ Java(TM), hosted at https://github.com/dcm4che.
  ~
  ~ The Initial Developer of the Original Code is
  ~ J4Care.
  ~ Portions created by the Initial Developer are Copyright (C) 2015-2019
  ~ the Initial Developer. All Rights Reserved.
  ~
  ~ Contributor(s):
  ~ See @authors listed below
  ~
  ~ Alternatively, the contents of this file may be used under the terms of
  ~ either the GNU General Public License Version 2 or later (the "GPL"), or
  ~ the GNU Lesser General Public License Version 2.1 or later (the "LGPL"),
  ~ in which case the provisions of the GPL or the LGPL are applicable instead
  ~ of those above. If you wish to allow use of your version of this file only
  ~ under the terms of either the GPL or the LGPL, and not to allow others to
  ~ use your version of this file under the terms of the MPL, indicate your
  ~ decision by deleting the provisions above and replace them with the notice
  ~ and other provisions required by the GPL or the LGPL. If you do not delete
  ~ the provisions above, a recipient may use your version of this file under
  ~ the terms of any one of the MPL, the GPL or the LGPL.
  ~
  ~ ***** END LICENSE BLOCK *****
  ~
--><elements>
  <el keyword="ShuttleFlag" tag="0053xx20" vm="1" vr="IS">Shuttle Flag</el>
  <el keyword="IterativeReconAnnotation" tag="0053xx40" vm="1" vr="SH">Iterative Recon Annotation</el>
  <el keyword="IterativeReconMode" tag="0053xx41" vm="1" vr="SH">Iterative Recon Mode</el>
  <el keyword="IterativeReconConfiguration" tag="0053xx42" vm="1" vr="LO">Iterative Recon Configuration</el>
  <el keyword="IterativeReconLevel" tag="0053xx43" vm="1" vr="SH">Iterative Recon Level</el>
  <el keyword="ReconFlipRotateAnno" tag="0053xx60" vm="1" vr="SH">Recon Flip Rotate Anno</el>
  <el keyword="HighResolutionFlag" tag="0053xx61" vm="1" vr="SH">High Resolution Flag</el>
  <el keyword="RespiratoryFlag" tag="0053xx62" vm="1" vr="SH">Respiratory Flag</el>
  <el keyword="ShutterMode" tag="0053xx64" vm="1" vr="IS">Shutter Mode</el>
  <el keyword="ShutterModePercent" tag="0053xx65" vm="1" vr="IS">Shutter Mode Percent</el>
  <el keyword="ImageBrowserAnnotation" tag="0053xx66" vm="1" vr="LO">Image Browser Annotation</el>
  <el keyword="OverlappedReconFlag" tag="0053xx67" vm="1" vr="IS">Overlapped Recon Flag</el>
  <el keyword="RowNumberAnotationFlag" tag="0053xx68" vm="1" vr="IS">Row Number Anotation Flag</el>
  <el keyword="ODMFlag" tag="0053xx6A" vm="1" vr="IS">ODM Flag</el>
  <el keyword="ODMReductionPercent" tag="0053xx6B" vm="1" vr="IS">ODM Reduction Percent</el>
  <el keyword="SubOptimalIQString" tag="0053xx7D" vm="1" vr="LO">SubOptimal IQ String</el>
  <el keyword="MARsAnnotation" tag="0053xx9D" vm="1" vr="LO">MARs Annotation</el>
</elements>
