<?xml version="1.0" encoding="UTF-8" standalone="no"?>
<!--
~ ***** BEGIN LICENSE BLOCK *****
  ~ Version: MPL 1.1/GPL 2.0/LGPL 2.1
  ~
  ~ The contents of this file are subject to the Mozilla Public License Version
  ~ 1.1 (the "License"); you may not use this file except in compliance with
  ~ the License. You may obtain a copy of the License at
  ~ http://www.mozilla.org/MPL/
  ~
  ~ Software distributed under the License is distributed on an "AS IS" basis,
  ~ WITHOUT WARRANTY OF ANY KIND, either express or implied. See the License
  ~ for the specific language governing rights and limitations under the
  ~ License.
  ~
  ~ The Original Code is part of dcm4che, an implementation of DICOM(TM) in
  ~ Java(TM), hosted at https://github.com/dcm4che.
  ~
  ~ The Initial Developer of the Original Code is
  ~ J4Care.
  ~ Portions created by the Initial Developer are Copyright (C) 2015-2019
  ~ the Initial Developer. All Rights Reserved.
  ~
  ~ Contributor(s):
  ~ See @authors listed below
  ~
  ~ Alternatively, the contents of this file may be used under the terms of
  ~ either the GNU General Public License Version 2 or later (the "GPL"), or
  ~ the GNU Lesser General Public License Version 2.1 or later (the "LGPL"),
  ~ in which case the provisions of the GPL or the LGPL are applicable instead
  ~ of those above. If you wish to allow use of your version of this file only
  ~ under the terms of either the GPL or the LGPL, and not to allow others to
  ~ use your version of this file under the terms of the MPL, indicate your
  ~ decision by deleting the provisions above and replace them with the notice
  ~ and other provisions required by the GPL or the LGPL. If you do not delete
  ~ the provisions above, a recipient may use your version of this file under
  ~ the terms of any one of the MPL, the GPL or the LGPL.
  ~
  ~ ***** END LICENSE BLOCK *****
  ~
--><elements>
  <el keyword="_004B_xx13_" tag="004Bxx13" vm="1" vr="IS">?</el>
  <el keyword="_004B_xx15_" tag="004Bxx15" vm="1" vr="LT">?</el>
  <el keyword="GEPrivateImageThumbnailSequence" tag="0009xx10" vm="1" vr="SQ">GE Private Image Thumbnail Sequence</el>
  <el keyword="_0009_xx12_" tag="0009xx12" vm="1" vr="IS">?</el>
  <el keyword="ShiftCount" tag="0029xx10" vm="1" vr="UL">Shift Count</el>
  <el keyword="Offset" tag="0029xx12" vm="1" vr="UL">Offset</el>
  <el keyword="ActualFrameNumber" tag="0029xx14" vm="1" vr="UL">Actual Frame Number</el>
  <el keyword="AssigningAuthorityForPatientID" tag="0905xx30" vm="1" vr="LO">Assigning Authority For Patient ID</el>
  <el keyword="OriginalStudyInstanceUID" tag="0907xx10" vm="1" vr="UI">Original Study Instance UID</el>
  <el keyword="OriginalSeriesInstanceUID" tag="0907xx20" vm="1" vr="UI">Original Series Instance UID</el>
  <el keyword="OriginalSOPInstanceUID" tag="0907xx30" vm="1" vr="UI">Original SOP Instance UID</el>
  <el keyword="CompressionType" tag="7FD1xx10" vm="1" vr="UL">Compression Type</el>
  <el keyword="MultiframeOffsets" tag="7FD1xx20" vm="1-n" vr="UL">Multiframe Offsets</el>
  <el keyword="MultiResolutionLevels" tag="7FD1xx30" vm="1" vr="UL">Multi-Resolution Levels</el>
  <el keyword="SubbandRows" tag="7FD1xx40" vm="1-n" vr="UL">Subband Rows</el>
  <el keyword="SubbandColumns" tag="7FD1xx50" vm="1-n" vr="UL">Subband Columns</el>
  <el keyword="SubbandBytecounts" tag="7FD1xx60" vm="1-n" vr="UL">Subband Bytecounts</el>
</elements>
