<?xml version="1.0" encoding="UTF-8" standalone="no"?>
<!--
~ ***** BEGIN LICENSE BLOCK *****
  ~ Version: MPL 1.1/GPL 2.0/LGPL 2.1
  ~
  ~ The contents of this file are subject to the Mozilla Public License Version
  ~ 1.1 (the "License"); you may not use this file except in compliance with
  ~ the License. You may obtain a copy of the License at
  ~ http://www.mozilla.org/MPL/
  ~
  ~ Software distributed under the License is distributed on an "AS IS" basis,
  ~ WITHOUT WARRANTY OF ANY KIND, either express or implied. See the License
  ~ for the specific language governing rights and limitations under the
  ~ License.
  ~
  ~ The Original Code is part of dcm4che, an implementation of DICOM(TM) in
  ~ Java(TM), hosted at https://github.com/dcm4che.
  ~
  ~ The Initial Developer of the Original Code is
  ~ J4Care.
  ~ Portions created by the Initial Developer are Copyright (C) 2015-2019
  ~ the Initial Developer. All Rights Reserved.
  ~
  ~ Contributor(s):
  ~ See @authors listed below
  ~
  ~ Alternatively, the contents of this file may be used under the terms of
  ~ either the GNU General Public License Version 2 or later (the "GPL"), or
  ~ the GNU Lesser General Public License Version 2.1 or later (the "LGPL"),
  ~ in which case the provisions of the GPL or the LGPL are applicable instead
  ~ of those above. If you wish to allow use of your version of this file only
  ~ under the terms of either the GPL or the LGPL, and not to allow others to
  ~ use your version of this file under the terms of the MPL, indicate your
  ~ decision by deleting the provisions above and replace them with the notice
  ~ and other provisions required by the GPL or the LGPL. If you do not delete
  ~ the provisions above, a recipient may use your version of this file under
  ~ the terms of any one of the MPL, the GPL or the LGPL.
  ~
  ~ ***** END LICENSE BLOCK *****
  ~
--><elements>
  <el keyword="FullFidelity" tag="0009xx01" vm="1" vr="LO">Full Fidelity</el>
  <el keyword="SuiteId" tag="0009xx02" vm="1" vr="SH">Suite Id</el>
  <el keyword="ProductId" tag="0009xx04" vm="1" vr="SH">Product Id</el>
  <el keyword="_0009_xx17_" tag="0009xx17" vm="1" vr="LT">?</el>
  <el keyword="_0009_xx1A_" tag="0009xx1A" vm="1" vr="US">?</el>
  <el keyword="_0009_xx20_" tag="0009xx20" vm="1" vr="US">?</el>
  <el keyword="ImageActualDate" tag="0009xx27" vm="1" vr="SL">Image Actual Date</el>
  <el keyword="_0009_xx2F_" tag="0009xx2F" vm="1" vr="SH">?</el>
  <el keyword="ServiceId" tag="0009xx30" vm="1" vr="SH">Service Id</el>
  <el keyword="MobileLocationNumber" tag="0009xx31" vm="1" vr="SH">Mobile Location Number</el>
  <el keyword="_0009_xxE2_" tag="0009xxE2" vm="1" vr="LT">?</el>
  <el keyword="EquipmentUID" tag="0009xxE3" vm="1" vr="UI">Equipment UID</el>
  <el keyword="GenesisVersionNow" tag="0009xxE6" vm="1" vr="SH">Genesis Version Now</el>
  <el keyword="ExamRecordChecksum" tag="0009xxE7" vm="1" vr="UL">Exam Record Checksum</el>
  <el keyword="SeriesSuiteID" tag="0009xxE8" vm="1" vr="UL">Series Suite ID</el>
  <el keyword="ActualSeriesDataTimeStamp" tag="0009xxE9" vm="1" vr="SL">Actual Series Data Time Stamp</el>
</elements>
