<?xml version="1.0" encoding="UTF-8" standalone="no"?>
<!--
~ ***** BEGIN LICENSE BLOCK *****
  ~ Version: MPL 1.1/GPL 2.0/LGPL 2.1
  ~
  ~ The contents of this file are subject to the Mozilla Public License Version
  ~ 1.1 (the "License"); you may not use this file except in compliance with
  ~ the License. You may obtain a copy of the License at
  ~ http://www.mozilla.org/MPL/
  ~
  ~ Software distributed under the License is distributed on an "AS IS" basis,
  ~ WITHOUT WARRANTY OF ANY KIND, either express or implied. See the License
  ~ for the specific language governing rights and limitations under the
  ~ License.
  ~
  ~ The Original Code is part of dcm4che, an implementation of DICOM(TM) in
  ~ Java(TM), hosted at https://github.com/dcm4che.
  ~
  ~ The Initial Developer of the Original Code is
  ~ J4Care.
  ~ Portions created by the Initial Developer are Copyright (C) 2015-2019
  ~ the Initial Developer. All Rights Reserved.
  ~
  ~ Contributor(s):
  ~ See @authors listed below
  ~
  ~ Alternatively, the contents of this file may be used under the terms of
  ~ either the GNU General Public License Version 2 or later (the "GPL"), or
  ~ the GNU Lesser General Public License Version 2.1 or later (the "LGPL"),
  ~ in which case the provisions of the GPL or the LGPL are applicable instead
  ~ of those above. If you wish to allow use of your version of this file only
  ~ under the terms of either the GPL or the LGPL, and not to allow others to
  ~ use your version of this file under the terms of the MPL, indicate your
  ~ decision by deleting the provisions above and replace them with the notice
  ~ and other provisions required by the GPL or the LGPL. If you do not delete
  ~ the provisions above, a recipient may use your version of this file under
  ~ the terms of any one of the MPL, the GPL or the LGPL.
  ~
  ~ ***** END LICENSE BLOCK *****
  ~
--><elements>
  <el keyword="XRayMarkerSequence" tag="0023xx01" vm="1" vr="SQ">X-Ray Marker Sequence</el>
  <el keyword="MarkerID" tag="0023xx02" vm="1" vr="SH">Marker ID</el>
  <el keyword="MarkerType" tag="0023xx03" vm="1" vr="CS">Marker Type</el>
  <el keyword="MarkerSize" tag="0023xx04" vm="1" vr="FL">Marker Size</el>
  <el keyword="MarkerColorCIELabValue" tag="0023xx05" vm="3" vr="US">Marker Color CIELab Value</el>
  <el keyword="MarkerLabel" tag="0023xx06" vm="1" vr="LO">Marker Label</el>
  <el keyword="MarkerVisibleState" tag="0023xx07" vm="1" vr="CS">Marker Visible State</el>
  <el keyword="MarkerDescription" tag="0023xx08" vm="1" vr="LO">Marker Description</el>
  <el keyword="MarkerPointsSequence" tag="0023xx10" vm="1" vr="SQ">Marker Points Sequence</el>
  <el keyword="MarkerPointID" tag="0023xx11" vm="1" vr="SH">Marker Point ID</el>
  <el keyword="MarkerPointPosition" tag="0023xx12" vm="3" vr="FL">Marker Point Position</el>
  <el keyword="MarkerPointSize" tag="0023xx13" vm="1" vr="FL">Marker Point Size</el>
  <el keyword="MarkerPointColorCIELabValue" tag="0023xx14" vm="3" vr="US">Marker Point Color CIELab Value</el>
  <el keyword="MarkerPointVisibleState" tag="0023xx16" vm="1" vr="CS">Marker Point Visible State</el>
  <el keyword="MarkerPointOrder" tag="0023xx17" vm="1" vr="IS">Marker Point Order</el>
  <el keyword="VolumeManualRegistration" tag="0023xx18" vm="3" vr="FL">Volume Manual Registration</el>
  <el keyword="VolumesThreshold" tag="0023xx20" vm="1-n" vr="IS">Volumes Threshold</el>
  <el keyword="CutPlaneActivationFlag" tag="0023xx25" vm="1" vr="CS">Cut Plane Activation Flag</el>
  <el keyword="CutPlanePositionValue" tag="0023xx26" vm="1" vr="IS">Cut Plane Position Value</el>
  <el keyword="CutPlaneNormalValue" tag="0023xx27" vm="3" vr="FL">Cut Plane Normal Value</el>
  <el keyword="VolumeScalingFactor" tag="0023xx28" vm="1" vr="FL">Volume Scaling Factor</el>
  <el keyword="ROIToTableTopDistance" tag="0023xx29" vm="1" vr="FL">ROI to Table Top Distance</el>
  <el keyword="DRRThreshold" tag="0023xx30" vm="1-n" vr="IS">DRR Threshold</el>
  <el keyword="VolumeTablePosition" tag="0023xx31" vm="3" vr="FL">Volume Table Position</el>
  <el keyword="RenderingMode" tag="0023xx32" vm="1" vr="IS">Rendering Mode</el>
  <el keyword="ThreeDObjectOpacity" tag="0023xx33" vm="1" vr="IS">3D Object Opacity</el>
  <el keyword="InvertImage" tag="0023xx34" vm="1" vr="IS">Invert Image</el>
  <el keyword="EnhanceFull" tag="0023xx35" vm="1" vr="IS">Enhance Full</el>
  <el keyword="Zoom" tag="0023xx36" vm="1" vr="FL">Zoom</el>
  <el keyword="Roam" tag="0023xx37" vm="2" vr="IS">Roam</el>
  <el keyword="WindowLevel" tag="0023xx38" vm="1" vr="IS">Window Level</el>
  <el keyword="WindowWidth" tag="0023xx39" vm="1" vr="IS">Window Width</el>
  <el keyword="BMCSetting" tag="0023xx40" vm="1" vr="CS">BMC Setting</el>
  <el keyword="BackViewSetting" tag="0023xx41" vm="1" vr="CS">Back View Setting</el>
  <el keyword="SubVolumeVisibility" tag="0023xx42" vm="1-n" vr="CS">Sub Volume Visibility</el>
  <el keyword="ThreeDLandmarksVisibility" tag="0023xx43" vm="1" vr="CS">3D Landmarks Visibility</el>
  <el keyword="AblationPointVisibility" tag="0023xx44" vm="1" vr="CS">Ablation Point Visibility</el>
</elements>
