<?xml version="1.0" encoding="UTF-8" standalone="no"?>
<!--
~ ***** BEGIN LICENSE BLOCK *****
  ~ Version: MPL 1.1/GPL 2.0/LGPL 2.1
  ~
  ~ The contents of this file are subject to the Mozilla Public License Version
  ~ 1.1 (the "License"); you may not use this file except in compliance with
  ~ the License. You may obtain a copy of the License at
  ~ http://www.mozilla.org/MPL/
  ~
  ~ Software distributed under the License is distributed on an "AS IS" basis,
  ~ WITHOUT WARRANTY OF ANY KIND, either express or implied. See the License
  ~ for the specific language governing rights and limitations under the
  ~ License.
  ~
  ~ The Original Code is part of dcm4che, an implementation of DICOM(TM) in
  ~ Java(TM), hosted at https://github.com/dcm4che.
  ~
  ~ The Initial Developer of the Original Code is
  ~ J4Care.
  ~ Portions created by the Initial Developer are Copyright (C) 2015-2019
  ~ the Initial Developer. All Rights Reserved.
  ~
  ~ Contributor(s):
  ~ See @authors listed below
  ~
  ~ Alternatively, the contents of this file may be used under the terms of
  ~ either the GNU General Public License Version 2 or later (the "GPL"), or
  ~ the GNU Lesser General Public License Version 2.1 or later (the "LGPL"),
  ~ in which case the provisions of the GPL or the LGPL are applicable instead
  ~ of those above. If you wish to allow use of your version of this file only
  ~ under the terms of either the GPL or the LGPL, and not to allow others to
  ~ use your version of this file under the terms of the MPL, indicate your
  ~ decision by deleting the provisions above and replace them with the notice
  ~ and other provisions required by the GPL or the LGPL. If you do not delete
  ~ the provisions above, a recipient may use your version of this file under
  ~ the terms of any one of the MPL, the GPL or the LGPL.
  ~
  ~ ***** END LICENSE BLOCK *****
  ~
--><elements>
  <el keyword="StudyDose" tag="0015xx80" vm="1" vr="DS">Study Dose</el>
  <el keyword="StudyTotalDap" tag="0015xx81" vm="1" vr="DS">Study Total Dap</el>
  <el keyword="FluoroDoseAreaProduct" tag="0015xx82" vm="1" vr="DS">Fluoro Dose Area Product</el>
  <el keyword="StudyFluoroTime" tag="0015xx83" vm="1" vr="IS">Study Fluoro Time</el>
  <el keyword="CineDoseAreaProduct" tag="0015xx84" vm="1" vr="DS">Cine Dose Area Product</el>
  <el keyword="StudyRecordTime" tag="0015xx85" vm="1" vr="IS">Study Record Time</el>
  <el keyword="LastXANumber" tag="0015xx86" vm="1" vr="IS">Last XA Number</el>
  <el keyword="DefOperatorName" tag="0015xx88" vm="1-n" vr="PN">Def Operator Name</el>
  <el keyword="DefPerformingPhysicianName" tag="0015xx89" vm="1-n" vr="PN">Def Performing Physician Name</el>
  <el keyword="DefPatientOrientation" tag="0015xx8A" vm="2" vr="CS">Def Patient Orientation</el>
  <el keyword="LastScNumber" tag="0015xx8B" vm="1" vr="IS">Last Sc Number</el>
  <el keyword="CommonSeriesInstanceUID" tag="0015xx8E" vm="1" vr="UI">Common Series Instance UID</el>
  <el keyword="StudyNumber" tag="0015xx8F" vm="1" vr="IS">Study Number</el>
  <el keyword="_0015_xx92_" tag="0015xx92" vm="1" vr="FL">?</el>
  <el keyword="_0015_xx93_" tag="0015xx93" vm="1" vr="FL">?</el>
  <el keyword="_0015_xx94_" tag="0015xx94" vm="1" vr="FL">?</el>
  <el keyword="_0015_xx95_" tag="0015xx95" vm="1" vr="IS">?</el>
  <el keyword="_0015_xx96_" tag="0015xx96" vm="1" vr="FL">?</el>
  <el keyword="_0015_xx97_" tag="0015xx97" vm="1" vr="IS">?</el>
  <el keyword="_0015_xx98_" tag="0015xx98" vm="1" vr="FL">?</el>
  <el keyword="_0015_xx99_" tag="0015xx99" vm="1" vr="FL">?</el>
  <el keyword="_0015_xx9A_" tag="0015xx9A" vm="1" vr="FL">?</el>
  <el keyword="_0015_xx9B_" tag="0015xx9B" vm="1" vr="IS">?</el>
  <el keyword="_0015_xx9C_" tag="0015xx9C" vm="1" vr="FL">?</el>
  <el keyword="_0015_xx9D_" tag="0015xx9D" vm="1" vr="IS">?</el>
</elements>
