<?xml version="1.0" encoding="UTF-8" standalone="no"?>
<!--
~ ***** BEGIN LICENSE BLOCK *****
  ~ Version: MPL 1.1/GPL 2.0/LGPL 2.1
  ~
  ~ The contents of this file are subject to the Mozilla Public License Version
  ~ 1.1 (the "License"); you may not use this file except in compliance with
  ~ the License. You may obtain a copy of the License at
  ~ http://www.mozilla.org/MPL/
  ~
  ~ Software distributed under the License is distributed on an "AS IS" basis,
  ~ WITHOUT WARRANTY OF ANY KIND, either express or implied. See the License
  ~ for the specific language governing rights and limitations under the
  ~ License.
  ~
  ~ The Original Code is part of dcm4che, an implementation of DICOM(TM) in
  ~ Java(TM), hosted at https://github.com/dcm4che.
  ~
  ~ The Initial Developer of the Original Code is
  ~ J4Care.
  ~ Portions created by the Initial Developer are Copyright (C) 2015-2019
  ~ the Initial Developer. All Rights Reserved.
  ~
  ~ Contributor(s):
  ~ See @authors listed below
  ~
  ~ Alternatively, the contents of this file may be used under the terms of
  ~ either the GNU General Public License Version 2 or later (the "GPL"), or
  ~ the GNU Lesser General Public License Version 2.1 or later (the "LGPL"),
  ~ in which case the provisions of the GPL or the LGPL are applicable instead
  ~ of those above. If you wish to allow use of your version of this file only
  ~ under the terms of either the GPL or the LGPL, and not to allow others to
  ~ use your version of this file under the terms of the MPL, indicate your
  ~ decision by deleting the provisions above and replace them with the notice
  ~ and other provisions required by the GPL or the LGPL. If you do not delete
  ~ the provisions above, a recipient may use your version of this file under
  ~ the terms of any one of the MPL, the GPL or the LGPL.
  ~
  ~ ***** END LICENSE BLOCK *****
  ~
--><elements>
  <el keyword="CRExposureMenuCode" tag="0023xx00" vm="1" vr="LO">CR Exposure Menu Code</el>
  <el keyword="CRExposureMenuString" tag="0023xx10" vm="1" vr="LO">CR Exposure Menu String</el>
  <el keyword="CREDRMode" tag="0023xx20" vm="1" vr="LO">CR EDR Mode</el>
  <el keyword="CRLatitude" tag="0023xx30" vm="1" vr="LO">CR Latitude</el>
  <el keyword="CRGroupNumber" tag="0023xx40" vm="1" vr="LO">CR Group Number</el>
  <el keyword="CRImageSerialNumber" tag="0023xx50" vm="1" vr="US">CR Image Serial Number</el>
  <el keyword="CRBarCodeNumber" tag="0023xx60" vm="1" vr="LO">CR Bar Code Number</el>
  <el keyword="CRFilmOutputExposure" tag="0023xx70" vm="1" vr="LO">CR Film Output Exposure</el>
  <el keyword="CRFilmFormat" tag="0023xx80" vm="1" vr="LO">CR Film Format</el>
  <el keyword="CRSShiftString" tag="0023xx90" vm="1" vr="LO">CR S Shift String</el>
</elements>
