<?xml version="1.0" encoding="UTF-8" standalone="no"?>
<!--
~ ***** BEGIN LICENSE BLOCK *****
  ~ Version: MPL 1.1/GPL 2.0/LGPL 2.1
  ~
  ~ The contents of this file are subject to the Mozilla Public License Version
  ~ 1.1 (the "License"); you may not use this file except in compliance with
  ~ the License. You may obtain a copy of the License at
  ~ http://www.mozilla.org/MPL/
  ~
  ~ Software distributed under the License is distributed on an "AS IS" basis,
  ~ WITHOUT WARRANTY OF ANY KIND, either express or implied. See the License
  ~ for the specific language governing rights and limitations under the
  ~ License.
  ~
  ~ The Original Code is part of dcm4che, an implementation of DICOM(TM) in
  ~ Java(TM), hosted at https://github.com/dcm4che.
  ~
  ~ The Initial Developer of the Original Code is
  ~ J4Care.
  ~ Portions created by the Initial Developer are Copyright (C) 2015-2019
  ~ the Initial Developer. All Rights Reserved.
  ~
  ~ Contributor(s):
  ~ See @authors listed below
  ~
  ~ Alternatively, the contents of this file may be used under the terms of
  ~ either the GNU General Public License Version 2 or later (the "GPL"), or
  ~ the GNU Lesser General Public License Version 2.1 or later (the "LGPL"),
  ~ in which case the provisions of the GPL or the LGPL are applicable instead
  ~ of those above. If you wish to allow use of your version of this file only
  ~ under the terms of either the GPL or the LGPL, and not to allow others to
  ~ use your version of this file under the terms of the MPL, indicate your
  ~ decision by deleting the provisions above and replace them with the notice
  ~ and other provisions required by the GPL or the LGPL. If you do not delete
  ~ the provisions above, a recipient may use your version of this file under
  ~ the terms of any one of the MPL, the GPL or the LGPL.
  ~
  ~ ***** END LICENSE BLOCK *****
  ~
--><elements>
  <el keyword="SeriesFromWhichPrescribed" tag="0021xx03" vm="1" vr="SS">Series From Which Prescribed</el>
  <el keyword="GenesisVersionNow" tag="0021xx05" vm="1" vr="SH">Genesis Version Now</el>
  <el keyword="SeriesRecordChecksum" tag="0021xx07" vm="1" vr="UL">Series Record Checksum</el>
  <el keyword="_0021_xx15_" tag="0021xx15" vm="1" vr="US">?</el>
  <el keyword="_0021_xx16_" tag="0021xx16" vm="1" vr="SS">?</el>
  <el keyword="AcqReconRecordChecksum" tag="0021xx19" vm="1" vr="UL">Acq Recon Record Checksum</el>
  <el keyword="TableStartLocation" tag="0021xx20" vm="1" vr="DS">Table Start Location</el>
  <el keyword="ImageFromWhichPrescribed" tag="0021xx36" vm="1" vr="SS">Image From Which Prescribed</el>
  <el keyword="ScreenFormat" tag="0021xx37" vm="1" vr="SS">Screen Format</el>
  <el keyword="AnatomicalReferenceForScout" tag="0021xx4A" vm="1" vr="LO">Anatomical Reference For Scout</el>
  <el keyword="_0021_xx4E_" tag="0021xx4E" vm="1" vr="US">?</el>
  <el keyword="LocationsInAcquisition" tag="0021xx4F" vm="1" vr="SS">Locations In Acquisition</el>
  <el keyword="GraphicallyPrescribed" tag="0021xx50" vm="1" vr="SS">Graphically Prescribed</el>
  <el keyword="RotationFromSourceXRot" tag="0021xx51" vm="1" vr="DS">Rotation From Source X Rot</el>
  <el keyword="RotationFromSourceYRot" tag="0021xx52" vm="1" vr="DS">Rotation From Source Y Rot</el>
  <el keyword="RotationFromSourceZRot" tag="0021xx53" vm="1" vr="DS">Rotation From Source Z Rot</el>
  <el keyword="ImagePosition" tag="0021xx54" vm="3" vr="SH">Image Position</el>
  <el keyword="ImageOrientation" tag="0021xx55" vm="6" vr="SH">Image Orientation</el>
  <el keyword="Num3DSlabs" tag="0021xx56" vm="1" vr="SL">Num 3D slabs</el>
  <el keyword="LocsPer3DSlab" tag="0021xx57" vm="1" vr="SL">Locs per 3D slab</el>
  <el keyword="Overlaps" tag="0021xx58" vm="1" vr="SL">Overlaps</el>
  <el keyword="ImageFiltering" tag="0021xx59" vm="1" vr="SL">Image Filtering 0.5/0.2T</el>
  <el keyword="DiffusionDirection" tag="0021xx5A" vm="1" vr="SL">Diffusion direction</el>
  <el keyword="TaggingFlipAngle" tag="0021xx5B" vm="1" vr="DS">Tagging Flip Angle</el>
  <el keyword="TaggingOrientation" tag="0021xx5C" vm="1" vr="DS">Tagging Orientation</el>
  <el keyword="TagSpacing" tag="0021xx5D" vm="1" vr="DS">Tag Spacing</el>
  <el keyword="RTIATimer" tag="0021xx5E" vm="1" vr="DS">RTIA_timer</el>
  <el keyword="Fps" tag="0021xx5F" vm="1" vr="DS">Fps</el>
  <el keyword="_0021_xx70_" tag="0021xx70" vm="1" vr="LT">?</el>
  <el keyword="_0021_xx71_" tag="0021xx71" vm="1" vr="LT">?</el>
  <el keyword="AutoWindowLevelAlpha" tag="0021xx81" vm="1" vr="DS">Auto Window Level Alpha</el>
  <el keyword="AutoWindowLevelBeta" tag="0021xx82" vm="1" vr="DS">Auto Window Level Beta</el>
  <el keyword="AutoWindowLevelWindow" tag="0021xx83" vm="1" vr="DS">Auto Window Level Window</el>
  <el keyword="AutoWindowLevelLevel" tag="0021xx84" vm="1" vr="DS">Auto Window Level Level</el>
  <el keyword="TubeFocalSpotPosition" tag="0021xx90" vm="1" vr="SS">Tube Focal Spot Position</el>
  <el keyword="BiopsyPosition" tag="0021xx91" vm="1" vr="SS">Biopsy Position</el>
  <el keyword="BiopsyTLocation" tag="0021xx92" vm="1" vr="FL">Biopsy T Location</el>
  <el keyword="BiopsyRefLocation" tag="0021xx93" vm="1" vr="FL">Biopsy Ref Location</el>
</elements>
