<?xml version="1.0" encoding="UTF-8" standalone="no"?>
<!--
~ ***** BEGIN LICENSE BLOCK *****
  ~ Version: MPL 1.1/GPL 2.0/LGPL 2.1
  ~
  ~ The contents of this file are subject to the Mozilla Public License Version
  ~ 1.1 (the "License"); you may not use this file except in compliance with
  ~ the License. You may obtain a copy of the License at
  ~ http://www.mozilla.org/MPL/
  ~
  ~ Software distributed under the License is distributed on an "AS IS" basis,
  ~ WITHOUT WARRANTY OF ANY KIND, either express or implied. See the License
  ~ for the specific language governing rights and limitations under the
  ~ License.
  ~
  ~ The Original Code is part of dcm4che, an implementation of DICOM(TM) in
  ~ Java(TM), hosted at https://github.com/dcm4che.
  ~
  ~ The Initial Developer of the Original Code is
  ~ J4Care.
  ~ Portions created by the Initial Developer are Copyright (C) 2015-2019
  ~ the Initial Developer. All Rights Reserved.
  ~
  ~ Contributor(s):
  ~ See @authors listed below
  ~
  ~ Alternatively, the contents of this file may be used under the terms of
  ~ either the GNU General Public License Version 2 or later (the "GPL"), or
  ~ the GNU Lesser General Public License Version 2.1 or later (the "LGPL"),
  ~ in which case the provisions of the GPL or the LGPL are applicable instead
  ~ of those above. If you wish to allow use of your version of this file only
  ~ under the terms of either the GPL or the LGPL, and not to allow others to
  ~ use your version of this file under the terms of the MPL, indicate your
  ~ decision by deleting the provisions above and replace them with the notice
  ~ and other provisions required by the GPL or the LGPL. If you do not delete
  ~ the provisions above, a recipient may use your version of this file under
  ~ the terms of any one of the MPL, the GPL or the LGPL.
  ~
  ~ ***** END LICENSE BLOCK *****
  ~
--><elements>
  <el keyword="_0033_xx08_" tag="0033xx08" vm="1" vr="CS">?</el>
  <el keyword="_0033_xx10_" tag="0033xx10" vm="1" vr="SL">?</el>
  <el keyword="_0033_xx11_" tag="0033xx11" vm="1" vr="LO">?</el>
  <el keyword="_0033_xx16_" tag="0033xx16" vm="1" vr="UI">?</el>
  <el keyword="_0033_xx17_" tag="0033xx17" vm="1" vr="DA">?</el>
  <el keyword="_0033_xx18_" tag="0033xx18" vm="1" vr="TM">?</el>
  <el keyword="_0033_xx19_" tag="0033xx19" vm="1" vr="UL">?</el>
  <el keyword="_0033_xx1A_" tag="0033xx1A" vm="1" vr="LO">?</el>
  <el keyword="_0033_xx1B_" tag="0033xx1B" vm="1" vr="LO">?</el>
  <el keyword="_0033_xx1C_" tag="0033xx1C" vm="1" vr="OB">?</el>
  <el keyword="_0033_xx1D_" tag="0033xx1D" vm="1" vr="UL">?</el>
  <el keyword="_0033_xx1E_" tag="0033xx1E" vm="1" vr="FD">?</el>
  <el keyword="_0033_xx1F_" tag="0033xx1F" vm="1" vr="OB">?</el>
  <el keyword="_0033_xx20_" tag="0033xx20" vm="1" vr="OB">?</el>
  <el keyword="_0033_xx21_" tag="0033xx21" vm="1" vr="OB">?</el>
  <el keyword="_0033_xx22_" tag="0033xx22" vm="1" vr="OB">?</el>
  <el keyword="_0033_xx23_" tag="0033xx23" vm="1" vr="OB">?</el>
  <el keyword="_0033_xx24_" tag="0033xx24" vm="1" vr="LT">?</el>
  <el keyword="_0033_xx70_" tag="0033xx70" vm="1" vr="SQ">?</el>
  <el keyword="_0033_xx71_" tag="0033xx71" vm="1" vr="UI">?</el>
  <el keyword="_0033_xx72_" tag="0033xx72" vm="1" vr="UI">?</el>
</elements>
