<?xml version="1.0" encoding="UTF-8" standalone="no"?>
<!--
~ ***** BEGIN LICENSE BLOCK *****
  ~ Version: MPL 1.1/GPL 2.0/LGPL 2.1
  ~
  ~ The contents of this file are subject to the Mozilla Public License Version
  ~ 1.1 (the "License"); you may not use this file except in compliance with
  ~ the License. You may obtain a copy of the License at
  ~ http://www.mozilla.org/MPL/
  ~
  ~ Software distributed under the License is distributed on an "AS IS" basis,
  ~ WITHOUT WARRANTY OF ANY KIND, either express or implied. See the License
  ~ for the specific language governing rights and limitations under the
  ~ License.
  ~
  ~ The Original Code is part of dcm4che, an implementation of DICOM(TM) in
  ~ Java(TM), hosted at https://github.com/dcm4che.
  ~
  ~ The Initial Developer of the Original Code is
  ~ J4Care.
  ~ Portions created by the Initial Developer are Copyright (C) 2015-2019
  ~ the Initial Developer. All Rights Reserved.
  ~
  ~ Contributor(s):
  ~ See @authors listed below
  ~
  ~ Alternatively, the contents of this file may be used under the terms of
  ~ either the GNU General Public License Version 2 or later (the "GPL"), or
  ~ the GNU Lesser General Public License Version 2.1 or later (the "LGPL"),
  ~ in which case the provisions of the GPL or the LGPL are applicable instead
  ~ of those above. If you wish to allow use of your version of this file only
  ~ under the terms of either the GPL or the LGPL, and not to allow others to
  ~ use your version of this file under the terms of the MPL, indicate your
  ~ decision by deleting the provisions above and replace them with the notice
  ~ and other provisions required by the GPL or the LGPL. If you do not delete
  ~ the provisions above, a recipient may use your version of this file under
  ~ the terms of any one of the MPL, the GPL or the LGPL.
  ~
  ~ ***** END LICENSE BLOCK *****
  ~
--><elements>
  <el keyword="LowerRangeOfPixels" tag="0029xx04" vm="1" vr="SL">Lower Range Of Pixels</el>
  <el keyword="LowerRangeOfPixels1" tag="0029xx15" vm="1" vr="SL">Lower Range Of Pixels1</el>
  <el keyword="UpperRangeOfPixels1" tag="0029xx16" vm="1" vr="SL">Upper Range Of Pixels1</el>
  <el keyword="LowerRangeOfPixels2" tag="0029xx17" vm="1" vr="SL">Lower Range Of Pixels2</el>
  <el keyword="UpperRangeOfPixels2" tag="0029xx18" vm="1" vr="SL">Upper Range Of Pixels2</el>
  <el keyword="LengthOfTotalHeaderInBytes" tag="0029xx1A" vm="1" vr="SL">Length Of Total Header In Bytes</el>
  <el keyword="VersionOfHeaderStructure" tag="0029xx26" vm="1" vr="SS">Version Of Header Structure</el>
  <el keyword="AdvantageCompOverflow" tag="0029xx34" vm="1" vr="SL">Advantage Comp Overflow</el>
  <el keyword="AdvantageCompUnderflow" tag="0029xx35" vm="1" vr="SL">Advantage Comp Underflow</el>
</elements>
