<?xml version="1.0" encoding="UTF-8" standalone="no"?>
<!--
~ ***** BEGIN LICENSE BLOCK *****
  ~ Version: MPL 1.1/GPL 2.0/LGPL 2.1
  ~
  ~ The contents of this file are subject to the Mozilla Public License Version
  ~ 1.1 (the "License"); you may not use this file except in compliance with
  ~ the License. You may obtain a copy of the License at
  ~ http://www.mozilla.org/MPL/
  ~
  ~ Software distributed under the License is distributed on an "AS IS" basis,
  ~ WITHOUT WARRANTY OF ANY KIND, either express or implied. See the License
  ~ for the specific language governing rights and limitations under the
  ~ License.
  ~
  ~ The Original Code is part of dcm4che, an implementation of DICOM(TM) in
  ~ Java(TM), hosted at https://github.com/dcm4che.
  ~
  ~ The Initial Developer of the Original Code is
  ~ J4Care.
  ~ Portions created by the Initial Developer are Copyright (C) 2015-2019
  ~ the Initial Developer. All Rights Reserved.
  ~
  ~ Contributor(s):
  ~ See @authors listed below
  ~
  ~ Alternatively, the contents of this file may be used under the terms of
  ~ either the GNU General Public License Version 2 or later (the "GPL"), or
  ~ the GNU Lesser General Public License Version 2.1 or later (the "LGPL"),
  ~ in which case the provisions of the GPL or the LGPL are applicable instead
  ~ of those above. If you wish to allow use of your version of this file only
  ~ under the terms of either the GPL or the LGPL, and not to allow others to
  ~ use your version of this file under the terms of the MPL, indicate your
  ~ decision by deleting the provisions above and replace them with the notice
  ~ and other provisions required by the GPL or the LGPL. If you do not delete
  ~ the provisions above, a recipient may use your version of this file under
  ~ the terms of any one of the MPL, the GPL or the LGPL.
  ~
  ~ ***** END LICENSE BLOCK *****
  ~
--><elements>
  <el keyword="ReconstructionParametersSequence" tag="0047xx01" vm="1" vr="SQ">Reconstruction Parameters Sequence</el>
  <el keyword="VolumeVoxelCount" tag="0047xx50" vm="1" vr="UL">Volume Voxel Count</el>
  <el keyword="VolumeSegmentCount" tag="0047xx51" vm="1" vr="UL">Volume Segment Count</el>
  <el keyword="VolumeSliceSize" tag="0047xx53" vm="1" vr="US">Volume Slice Size</el>
  <el keyword="VolumeSliceCount" tag="0047xx54" vm="1" vr="US">Volume Slice Count</el>
  <el keyword="VolumeThresholdValue" tag="0047xx55" vm="1" vr="SL">Volume Threshold Value</el>
  <el keyword="VolumeVoxelRatio" tag="0047xx57" vm="1" vr="DS">Volume Voxel Ratio</el>
  <el keyword="VolumeVoxelSize" tag="0047xx58" vm="1" vr="DS">Volume Voxel Size</el>
  <el keyword="VolumeZPositionSize" tag="0047xx59" vm="1" vr="US">Volume Z Position Size</el>
  <el keyword="VolumeBaseLine" tag="0047xx60" vm="9" vr="DS">Volume Base Line</el>
  <el keyword="VolumeCenterPoint" tag="0047xx61" vm="3" vr="DS">Volume Center Point</el>
  <el keyword="VolumeSkewBase" tag="0047xx63" vm="1" vr="SL">Volume Skew Base</el>
  <el keyword="VolumeRegistrationTransformRotationMatrix" tag="0047xx64" vm="9" vr="DS">Volume Registration Transform Rotation Matrix</el>
  <el keyword="VolumeRegistrationTransformTranslationVector" tag="0047xx65" vm="3" vr="DS">Volume Registration Transform Translation Vector</el>
  <el keyword="KVPList" tag="0047xx70" vm="1-n" vr="DS">KVP List</el>
  <el keyword="XRayTubeCurrentList" tag="0047xx71" vm="1-n" vr="IS">XRay Tube Current List</el>
  <el keyword="ExposureList" tag="0047xx72" vm="1-n" vr="IS">Exposure List</el>
  <el keyword="AcquisitionDLXIdentifier" tag="0047xx80" vm="1" vr="LO">Acquisition DLX Identifier</el>
  <el keyword="AcquisitionDLX2DSeriesSequence" tag="0047xx85" vm="1" vr="SQ">Acquisition DLX 2D Series Sequence</el>
  <el keyword="ContrastAgentVolumeList" tag="0047xx89" vm="1-n" vr="DS">Contrast Agent Volume List</el>
  <el keyword="NumberOfInjections" tag="0047xx8A" vm="1" vr="US">Number Of Injections</el>
  <el keyword="FrameCount" tag="0047xx8B" vm="1" vr="US">Frame Count</el>
  <el keyword="XA3DReconstructionAlgorithmName" tag="0047xx91" vm="1" vr="LO">XA 3D Reconstruction Algorithm Name</el>
  <el keyword="XA3DReconstructionAlgorithmVersion" tag="0047xx92" vm="1" vr="CS">XA 3D Reconstruction Algorithm Version</el>
  <el keyword="DLXCalibrationDate" tag="0047xx93" vm="1" vr="DA">DLX Calibration Date</el>
  <el keyword="DLXCalibrationTime" tag="0047xx94" vm="1" vr="TM">DLX Calibration Time</el>
  <el keyword="DLXCalibrationStatus" tag="0047xx95" vm="1" vr="CS">DLX Calibration Status</el>
  <el keyword="UsedFrames" tag="0047xx96" vm="1-n" vr="IS">Used Frames</el>
  <el keyword="TransformCount" tag="0047xx98" vm="1" vr="US">Transform Count</el>
  <el keyword="TransformSequence" tag="0047xx99" vm="1" vr="SQ">Transform Sequence</el>
  <el keyword="TransformRotationMatrix" tag="0047xx9A" vm="9" vr="DS">Transform Rotation Matrix</el>
  <el keyword="TransformTranslationVector" tag="0047xx9B" vm="3" vr="DS">Transform Translation Vector</el>
  <el keyword="TransformLabel" tag="0047xx9C" vm="1" vr="LO">Transform Label</el>
  <el keyword="WireframeList" tag="0047xxB0" vm="1" vr="SQ">Wireframe List</el>
  <el keyword="WireframeCount" tag="0047xxB1" vm="1" vr="US">Wireframe Count</el>
  <el keyword="LocationSystem" tag="0047xxB2" vm="1" vr="US">Location System</el>
  <el keyword="WireframeName" tag="0047xxB5" vm="1" vr="LO">Wireframe Name</el>
  <el keyword="WireframeGroupName" tag="0047xxB6" vm="1" vr="LO">Wireframe Group Name</el>
  <el keyword="WireframeColor" tag="0047xxB7" vm="1" vr="LO">Wireframe Color</el>
  <el keyword="WireframeAttributes" tag="0047xxB8" vm="1" vr="SL">Wireframe Attributes</el>
  <el keyword="WireframePointCount" tag="0047xxB9" vm="1" vr="SL">Wireframe Point Count</el>
  <el keyword="WireframeTimestamp" tag="0047xxBA" vm="1" vr="SL">Wireframe Timestamp</el>
  <el keyword="WireframePointList" tag="0047xxBB" vm="1" vr="SQ">Wireframe Point List</el>
  <el keyword="WireframePointsCoordinates" tag="0047xxBC" vm="3" vr="DS">Wireframe Points Coordinates</el>
  <el keyword="VolumeUpperLeftHighCornerRAS" tag="0047xxC0" vm="3" vr="DS">Volume Upper Left High Corner RAS</el>
  <el keyword="VolumeSliceToRASRotationMatrix" tag="0047xxC1" vm="9" vr="DS">Volume Slice To RAS Rotation Matrix</el>
  <el keyword="VolumeUpperLeftHighCornerTLOC" tag="0047xxC2" vm="1" vr="DS">Volume Upper Left High Corner TLOC</el>
  <el keyword="VolumeSegmentList" tag="0047xxD1" vm="1" vr="OB">Volume Segment List</el>
  <el keyword="VolumeGradientList" tag="0047xxD2" vm="1" vr="OB">Volume Gradient List</el>
  <el keyword="VolumeDensityList" tag="0047xxD3" vm="1" vr="OB">Volume Density List</el>
  <el keyword="VolumeZPositionList" tag="0047xxD4" vm="1" vr="OB">Volume Z Position List</el>
  <el keyword="VolumeOriginalIndexList" tag="0047xxD5" vm="1" vr="OB">Volume Original Index List</el>
</elements>
