<?xml version="1.0" encoding="UTF-8" standalone="no"?>
<!--
~ ***** BEGIN LICENSE BLOCK *****
  ~ Version: MPL 1.1/GPL 2.0/LGPL 2.1
  ~
  ~ The contents of this file are subject to the Mozilla Public License Version
  ~ 1.1 (the "License"); you may not use this file except in compliance with
  ~ the License. You may obtain a copy of the License at
  ~ http://www.mozilla.org/MPL/
  ~
  ~ Software distributed under the License is distributed on an "AS IS" basis,
  ~ WITHOUT WARRANTY OF ANY KIND, either express or implied. See the License
  ~ for the specific language governing rights and limitations under the
  ~ License.
  ~
  ~ The Original Code is part of dcm4che, an implementation of DICOM(TM) in
  ~ Java(TM), hosted at https://github.com/dcm4che.
  ~
  ~ The Initial Developer of the Original Code is
  ~ J4Care.
  ~ Portions created by the Initial Developer are Copyright (C) 2015-2019
  ~ the Initial Developer. All Rights Reserved.
  ~
  ~ Contributor(s):
  ~ See @authors listed below
  ~
  ~ Alternatively, the contents of this file may be used under the terms of
  ~ either the GNU General Public License Version 2 or later (the "GPL"), or
  ~ the GNU Lesser General Public License Version 2.1 or later (the "LGPL"),
  ~ in which case the provisions of the GPL or the LGPL are applicable instead
  ~ of those above. If you wish to allow use of your version of this file only
  ~ under the terms of either the GPL or the LGPL, and not to allow others to
  ~ use your version of this file under the terms of the MPL, indicate your
  ~ decision by deleting the provisions above and replace them with the notice
  ~ and other provisions required by the GPL or the LGPL. If you do not delete
  ~ the provisions above, a recipient may use your version of this file under
  ~ the terms of any one of the MPL, the GPL or the LGPL.
  ~
  ~ ***** END LICENSE BLOCK *****
  ~
--><elements>
  <el keyword="GroupName" tag="0051xx01" vm="1" vr="LO">Group Name</el>
  <el keyword="FunctionName" tag="0051xx02" vm="1" vr="LO">Function Name</el>
  <el keyword="Bias" tag="0051xx03" vm="1" vr="SL">Bias</el>
  <el keyword="Scale" tag="0051xx04" vm="1" vr="FL">Scale</el>
  <el keyword="ParameterCount" tag="0051xx05" vm="1" vr="SL">Parameter Count</el>
  <el keyword="Parameters" tag="0051xx06" vm="1" vr="LT">Parameters</el>
  <el keyword="Version" tag="0051xx07" vm="1" vr="LO">Version</el>
  <el keyword="ColorRampIndex" tag="0051xx08" vm="1" vr="SL">Color Ramp Index</el>
  <el keyword="WindowWidth" tag="0051xx09" vm="1" vr="SL">Window Width</el>
  <el keyword="WindowLevel" tag="0051xx0A" vm="1" vr="SL">Window Level</el>
  <el keyword="BValue" tag="0051xx0B" vm="1" vr="FL">B-Value</el>
  <el keyword="WizardStateDataSize" tag="0051xx0C" vm="1" vr="SL">Wizard State Data Siz</el>
  <el keyword="WizardState" tag="0051xx0D" vm="1" vr="OB">Wizard State</el>
  <el keyword="_0051_xx0E_" tag="0051xx0E" vm="1" vr="SL">?</el>
</elements>
