<?xml version="1.0" encoding="UTF-8" standalone="no"?>
<!--
~ ***** BEGIN LICENSE BLOCK *****
  ~ Version: MPL 1.1/GPL 2.0/LGPL 2.1
  ~
  ~ The contents of this file are subject to the Mozilla Public License Version
  ~ 1.1 (the "License"); you may not use this file except in compliance with
  ~ the License. You may obtain a copy of the License at
  ~ http://www.mozilla.org/MPL/
  ~
  ~ Software distributed under the License is distributed on an "AS IS" basis,
  ~ WITHOUT WARRANTY OF ANY KIND, either express or implied. See the License
  ~ for the specific language governing rights and limitations under the
  ~ License.
  ~
  ~ The Original Code is part of dcm4che, an implementation of DICOM(TM) in
  ~ Java(TM), hosted at https://github.com/dcm4che.
  ~
  ~ The Initial Developer of the Original Code is
  ~ J4Care.
  ~ Portions created by the Initial Developer are Copyright (C) 2015-2019
  ~ the Initial Developer. All Rights Reserved.
  ~
  ~ Contributor(s):
  ~ See @authors listed below
  ~
  ~ Alternatively, the contents of this file may be used under the terms of
  ~ either the GNU General Public License Version 2 or later (the "GPL"), or
  ~ the GNU Lesser General Public License Version 2.1 or later (the "LGPL"),
  ~ in which case the provisions of the GPL or the LGPL are applicable instead
  ~ of those above. If you wish to allow use of your version of this file only
  ~ under the terms of either the GPL or the LGPL, and not to allow others to
  ~ use your version of this file under the terms of the MPL, indicate your
  ~ decision by deleting the provisions above and replace them with the notice
  ~ and other provisions required by the GPL or the LGPL. If you do not delete
  ~ the provisions above, a recipient may use your version of this file under
  ~ the terms of any one of the MPL, the GPL or the LGPL.
  ~
  ~ ***** END LICENSE BLOCK *****
  ~
--><elements>
  <el keyword="ImageArchiveFlag" tag="0027xx06" vm="1" vr="SL">Image Archive Flag</el>
  <el keyword="ScoutType" tag="0027xx10" vm="1" vr="SS">Scout Type</el>
  <el keyword="VmaMamp" tag="0027xx1C" vm="1" vr="SL">Vma Mamp</el>
  <el keyword="VmaPhase" tag="0027xx1D" vm="1" vr="SS">Vma Phase</el>
  <el keyword="VmaMod" tag="0027xx1E" vm="1" vr="SL">Vma Mod</el>
  <el keyword="VmaClipOrNoiseIndexBy10" tag="0027xx1F" vm="1" vr="SL">Vma Clip or Noise Index by 10</el>
  <el keyword="SmartScanOnOffFlag" tag="0027xx20" vm="1" vr="SS">Smart Scan On Off Flag</el>
  <el keyword="ForeignImageRevision" tag="0027xx30" vm="1" vr="SH">Foreign Image Revision</el>
  <el keyword="ImagingMode" tag="0027xx31" vm="1" vr="SS">Imaging Mode</el>
  <el keyword="PulseSequence" tag="0027xx32" vm="1" vr="SS">Pulse Sequence</el>
  <el keyword="ImagingOptions" tag="0027xx33" vm="1" vr="SL">Imaging Options</el>
  <el keyword="PlaneType" tag="0027xx35" vm="1" vr="SS">Plane Type</el>
  <el keyword="ObliquePlane" tag="0027xx36" vm="1" vr="SL">Oblique Plane</el>
  <el keyword="RASLetterOfImageLocation" tag="0027xx40" vm="1" vr="SH">RAS Letter Of Image Location</el>
  <el keyword="ImageLocation" tag="0027xx41" vm="1" vr="FL">Image Location</el>
  <el keyword="CenterRCoordOfPlaneImage" tag="0027xx42" vm="1" vr="FL">Center R Coord Of Plane Image</el>
  <el keyword="CenterACoordOfPlaneImage" tag="0027xx43" vm="1" vr="FL">Center A Coord Of Plane Image</el>
  <el keyword="CenterSCoordOfPlaneImage" tag="0027xx44" vm="1" vr="FL">Center S Coord Of Plane Image</el>
  <el keyword="NormalRCoord" tag="0027xx45" vm="1" vr="FL">Normal R Coord</el>
  <el keyword="NormalACoord" tag="0027xx46" vm="1" vr="FL">Normal A Coord</el>
  <el keyword="NormalSCoord" tag="0027xx47" vm="1" vr="FL">Normal S Coord</el>
  <el keyword="RCoordOfTopRightCorner" tag="0027xx48" vm="1" vr="FL">R Coord Of Top Right Corner</el>
  <el keyword="ACoordOfTopRightCorner" tag="0027xx49" vm="1" vr="FL">A Coord Of Top Right Corner</el>
  <el keyword="SCoordOfTopRightCorner" tag="0027xx4A" vm="1" vr="FL">S Coord Of Top Right Corner</el>
  <el keyword="RCoordOfBottomRightCorner" tag="0027xx4B" vm="1" vr="FL">R Coord Of Bottom Right Corner</el>
  <el keyword="ACoordOfBottomRightCorner" tag="0027xx4C" vm="1" vr="FL">A Coord Of Bottom Right Corner</el>
  <el keyword="SCoordOfBottomRightCorner" tag="0027xx4D" vm="1" vr="FL">S Coord Of Bottom Right Corner</el>
  <el keyword="TableStartLocation" tag="0027xx50" vm="1" vr="FL">Table Start Location (Scout)</el>
  <el keyword="TableEndLocation" tag="0027xx51" vm="1" vr="FL">Table End Location (Scout)</el>
  <el keyword="RASLetterForSideOfImage" tag="0027xx52" vm="1" vr="SH">RAS Letter For Side Of Image</el>
  <el keyword="RASLetterForAnteriorPosterior" tag="0027xx53" vm="1" vr="SH">RAS Letter For Anterior Posterior</el>
  <el keyword="RASLetterForScoutStartLoc" tag="0027xx54" vm="1" vr="SH">RAS Letter For Scout Start Loc</el>
  <el keyword="RASLetterForScoutEndLoc" tag="0027xx55" vm="1" vr="SH">RAS Letter For Scout End Loc</el>
  <el keyword="ImageDimensionX" tag="0027xx60" vm="1" vr="FL">Image Dimension X</el>
  <el keyword="ImageDimensionY" tag="0027xx61" vm="1" vr="FL">Image Dimension Y</el>
  <el keyword="NumberOfExcitations" tag="0027xx62" vm="1" vr="FL">Number Of Excitations</el>
</elements>
