<?xml version="1.0" encoding="UTF-8" standalone="no"?>
<!--
~ ***** BEGIN LICENSE BLOCK *****
  ~ Version: MPL 1.1/GPL 2.0/LGPL 2.1
  ~
  ~ The contents of this file are subject to the Mozilla Public License Version
  ~ 1.1 (the "License"); you may not use this file except in compliance with
  ~ the License. You may obtain a copy of the License at
  ~ http://www.mozilla.org/MPL/
  ~
  ~ Software distributed under the License is distributed on an "AS IS" basis,
  ~ WITHOUT WARRANTY OF ANY KIND, either express or implied. See the License
  ~ for the specific language governing rights and limitations under the
  ~ License.
  ~
  ~ The Original Code is part of dcm4che, an implementation of DICOM(TM) in
  ~ Java(TM), hosted at https://github.com/dcm4che.
  ~
  ~ The Initial Developer of the Original Code is
  ~ J4Care.
  ~ Portions created by the Initial Developer are Copyright (C) 2015-2019
  ~ the Initial Developer. All Rights Reserved.
  ~
  ~ Contributor(s):
  ~ See @authors listed below
  ~
  ~ Alternatively, the contents of this file may be used under the terms of
  ~ either the GNU General Public License Version 2 or later (the "GPL"), or
  ~ the GNU Lesser General Public License Version 2.1 or later (the "LGPL"),
  ~ in which case the provisions of the GPL or the LGPL are applicable instead
  ~ of those above. If you wish to allow use of your version of this file only
  ~ under the terms of either the GPL or the LGPL, and not to allow others to
  ~ use your version of this file under the terms of the MPL, indicate your
  ~ decision by deleting the provisions above and replace them with the notice
  ~ and other provisions required by the GPL or the LGPL. If you do not delete
  ~ the provisions above, a recipient may use your version of this file under
  ~ the terms of any one of the MPL, the GPL or the LGPL.
  ~
  ~ ***** END LICENSE BLOCK *****
  ~
--><elements>
  <el keyword="_2001_xx01_" tag="2001xx01" vm="1" vr="US">?</el>
  <el keyword="_2001_xx02_" tag="2001xx02" vm="1" vr="FD">?</el>
  <el keyword="_2001_xx13_" tag="2001xx13" vm="1" vr="SS">?</el>
  <el keyword="_2001_xx14_" tag="2001xx14" vm="1" vr="FD">?</el>
  <el keyword="_2001_xx15_" tag="2001xx15" vm="1" vr="FD">?</el>
  <el keyword="_2001_xx16_" tag="2001xx16" vm="1" vr="FD">?</el>
  <el keyword="_2001_xx17_" tag="2001xx17" vm="1" vr="FD">?</el>
  <el keyword="_2001_xx18_" tag="2001xx18" vm="1" vr="CS">?</el>
  <el keyword="_2001_xx19_" tag="2001xx19" vm="1" vr="FD">?</el>
  <el keyword="_2001_xx1A_" tag="2001xx1A" vm="1" vr="FD">?</el>
  <el keyword="_2001_xx1B_" tag="2001xx1B" vm="1" vr="FD">?</el>
  <el keyword="_2001_xx1C_" tag="2001xx1C" vm="1" vr="FD">?</el>
  <el keyword="_2001_xx1D_" tag="2001xx1D" vm="1" vr="FD">?</el>
  <el keyword="_2001_xx1E_" tag="2001xx1E" vm="1" vr="FD">?</el>
  <el keyword="_2001_xx1F_" tag="2001xx1F" vm="1" vr="FD">?</el>
  <el keyword="_2001_xx20_" tag="2001xx20" vm="1" vr="FD">?</el>
  <el keyword="_2001_xx21_" tag="2001xx21" vm="1" vr="FD">?</el>
  <el keyword="_2001_xx22_" tag="2001xx22" vm="1" vr="FD">?</el>
  <el keyword="_2001_xx23_" tag="2001xx23" vm="1" vr="FD">?</el>
  <el keyword="_2001_xx24_" tag="2001xx24" vm="1" vr="FD">?</el>
  <el keyword="_2001_xx25_" tag="2001xx25" vm="1" vr="FD">?</el>
  <el keyword="_2001_xx26_" tag="2001xx26" vm="1" vr="FD">?</el>
  <el keyword="_2001_xx27_" tag="2001xx27" vm="1" vr="FD">?</el>
  <el keyword="_2001_xx28_" tag="2001xx28" vm="1" vr="US">?</el>
  <el keyword="_2001_xx29_" tag="2001xx29" vm="1" vr="US">?</el>
  <el keyword="_2001_xx2A_" tag="2001xx2A" vm="1" vr="US">?</el>
  <el keyword="_2001_xx2B_" tag="2001xx2B" vm="1" vr="SS">?</el>
  <el keyword="_2001_xx2C_" tag="2001xx2C" vm="1" vr="FD">?</el>
  <el keyword="_2001_xx2D_" tag="2001xx2D" vm="1" vr="FD">?</el>
  <el keyword="_2001_xx2E_" tag="2001xx2E" vm="1" vr="SS">?</el>
  <el keyword="_2001_xx2F_" tag="2001xx2F" vm="1" vr="SS">?</el>
  <el keyword="_2001_xx30_" tag="2001xx30" vm="1" vr="SS">?</el>
  <el keyword="_2001_xx31_" tag="2001xx31" vm="1" vr="SS">?</el>
  <el keyword="_2001_xx32_" tag="2001xx32" vm="1" vr="SS">?</el>
  <el keyword="_2001_xx33_" tag="2001xx33" vm="1" vr="SS">?</el>
  <el keyword="_2001_xx34_" tag="2001xx34" vm="1" vr="SS">?</el>
  <el keyword="_2001_xx35_" tag="2001xx35" vm="1" vr="FD">?</el>
  <el keyword="_2001_xx36_" tag="2001xx36" vm="1" vr="FD">?</el>
  <el keyword="_2001_xx37_" tag="2001xx37" vm="1" vr="FD">?</el>
  <el keyword="_2001_xx39_" tag="2001xx39" vm="1" vr="CS">?</el>
  <el keyword="_2001_xx3A_" tag="2001xx3A" vm="1" vr="SQ">?</el>
  <el keyword="_2001_xx3B_" tag="2001xx3B" vm="1" vr="SQ">?</el>
  <el keyword="_2001_xx3C_" tag="2001xx3C" vm="1" vr="SQ">?</el>
  <el keyword="_2001_xx3D_" tag="2001xx3D" vm="1" vr="SQ">?</el>
  <el keyword="_2001_xx3E_" tag="2001xx3E" vm="1" vr="SS">?</el>
  <el keyword="_2001_xx3F_" tag="2001xx3F" vm="1" vr="SS">?</el>
  <el keyword="_2001_xx40_" tag="2001xx40" vm="1" vr="SS">?</el>
  <el keyword="_2001_xx6B_" tag="2001xx6B" vm="1" vr="LO">?</el>
  <el keyword="_2001_xx6C_" tag="2001xx6C" vm="1" vr="LO">?</el>
  <el keyword="_2001_xx72_" tag="2001xx72" vm="2" vr="FL">?</el>
  <el keyword="_2001_xx73_" tag="2001xx73" vm="2" vr="FL">?</el>
  <el keyword="_2001_xxB8_" tag="2001xxB8" vm="1" vr="CS">?</el>
</elements>
