<?xml version="1.0" encoding="UTF-8" standalone="no"?>
<!--
~ ***** BEGIN LICENSE BLOCK *****
  ~ Version: MPL 1.1/GPL 2.0/LGPL 2.1
  ~
  ~ The contents of this file are subject to the Mozilla Public License Version
  ~ 1.1 (the "License"); you may not use this file except in compliance with
  ~ the License. You may obtain a copy of the License at
  ~ http://www.mozilla.org/MPL/
  ~
  ~ Software distributed under the License is distributed on an "AS IS" basis,
  ~ WITHOUT WARRANTY OF ANY KIND, either express or implied. See the License
  ~ for the specific language governing rights and limitations under the
  ~ License.
  ~
  ~ The Original Code is part of dcm4che, an implementation of DICOM(TM) in
  ~ Java(TM), hosted at https://github.com/dcm4che.
  ~
  ~ The Initial Developer of the Original Code is
  ~ J4Care.
  ~ Portions created by the Initial Developer are Copyright (C) 2015-2019
  ~ the Initial Developer. All Rights Reserved.
  ~
  ~ Contributor(s):
  ~ See @authors listed below
  ~
  ~ Alternatively, the contents of this file may be used under the terms of
  ~ either the GNU General Public License Version 2 or later (the "GPL"), or
  ~ the GNU Lesser General Public License Version 2.1 or later (the "LGPL"),
  ~ in which case the provisions of the GPL or the LGPL are applicable instead
  ~ of those above. If you wish to allow use of your version of this file only
  ~ under the terms of either the GPL or the LGPL, and not to allow others to
  ~ use your version of this file under the terms of the MPL, indicate your
  ~ decision by deleting the provisions above and replace them with the notice
  ~ and other provisions required by the GPL or the LGPL. If you do not delete
  ~ the provisions above, a recipient may use your version of this file under
  ~ the terms of any one of the MPL, the GPL or the LGPL.
  ~
  ~ ***** END LICENSE BLOCK *****
  ~
--><elements>
  <el keyword="CurrentSegment" tag="7051xx00" vm="1" vr="US">Current Segment</el>
  <el keyword="NumberOfSegments" tag="7051xx01" vm="1" vr="US">Number of Segments</el>
  <el keyword="SegmentStartPosition" tag="7051xx02" vm="1" vr="FL">Segment Start Position</el>
  <el keyword="SegmentStopPosition" tag="7051xx03" vm="1" vr="FL">Segment Stop Position</el>
  <el keyword="RelativeCOROffsetXDirection" tag="7051xx04" vm="1" vr="FL">Relative COR offset - X direction</el>
  <el keyword="RelativeCOROffsetZDirection" tag="7051xx05" vm="1" vr="FL">Relative COR offset - Z direction</el>
  <el keyword="CurrentRotationNumber" tag="7051xx06" vm="1" vr="US">Current Rotation Number</el>
  <el keyword="NumberOfRotations" tag="7051xx07" vm="1" vr="US">Number of Rotations</el>
  <el keyword="AlignmentTranslations" tag="7051xx10" vm="1-n" vr="DS">Alignment Translations</el>
  <el keyword="AlignmentRotations" tag="7051xx11" vm="1-n" vr="DS">Alignment Rotations</el>
  <el keyword="AlignmentTimestamp" tag="7051xx12" vm="1" vr="DS">Alignment Timestamp</el>
  <el keyword="RelatedXraySeriesInstanceUID" tag="7051xx15" vm="1" vr="UI">Related Xray Series Instance UID</el>
  <el keyword="_7051_xx25_" tag="7051xx25" vm="1" vr="LO">?</el>
  <el keyword="_7051_xx26_" tag="7051xx26" vm="1" vr="DS">?</el>
  <el keyword="_7051_xx27_" tag="7051xx27" vm="1" vr="IS">?</el>
  <el keyword="_7051_xx28_" tag="7051xx28" vm="1" vr="IS">?</el>
  <el keyword="_7051_xx29_" tag="7051xx29" vm="1" vr="IS">?</el>
</elements>
