<?xml version="1.0" encoding="UTF-8" standalone="no"?>
<!--
~ ***** BEGIN LICENSE BLOCK *****
  ~ Version: MPL 1.1/GPL 2.0/LGPL 2.1
  ~
  ~ The contents of this file are subject to the Mozilla Public License Version
  ~ 1.1 (the "License"); you may not use this file except in compliance with
  ~ the License. You may obtain a copy of the License at
  ~ http://www.mozilla.org/MPL/
  ~
  ~ Software distributed under the License is distributed on an "AS IS" basis,
  ~ WITHOUT WARRANTY OF ANY KIND, either express or implied. See the License
  ~ for the specific language governing rights and limitations under the
  ~ License.
  ~
  ~ The Original Code is part of dcm4che, an implementation of DICOM(TM) in
  ~ Java(TM), hosted at https://github.com/dcm4che.
  ~
  ~ The Initial Developer of the Original Code is
  ~ J4Care.
  ~ Portions created by the Initial Developer are Copyright (C) 2015-2019
  ~ the Initial Developer. All Rights Reserved.
  ~
  ~ Contributor(s):
  ~ See @authors listed below
  ~
  ~ Alternatively, the contents of this file may be used under the terms of
  ~ either the GNU General Public License Version 2 or later (the "GPL"), or
  ~ the GNU Lesser General Public License Version 2.1 or later (the "LGPL"),
  ~ in which case the provisions of the GPL or the LGPL are applicable instead
  ~ of those above. If you wish to allow use of your version of this file only
  ~ under the terms of either the GPL or the LGPL, and not to allow others to
  ~ use your version of this file under the terms of the MPL, indicate your
  ~ decision by deleting the provisions above and replace them with the notice
  ~ and other provisions required by the GPL or the LGPL. If you do not delete
  ~ the provisions above, a recipient may use your version of this file under
  ~ the terms of any one of the MPL, the GPL or the LGPL.
  ~
  ~ ***** END LICENSE BLOCK *****
  ~
--><elements>
  <el keyword="_0019_xx01_" tag="0019xx01" vm="1" vr="US">?</el>
  <el keyword="_0019_xx02_" tag="0019xx02" vm="1" vr="US">?</el>
  <el keyword="_0019_xx03_" tag="0019xx03" vm="1" vr="US">?</el>
  <el keyword="_0019_xx04_" tag="0019xx04" vm="1" vr="US">?</el>
  <el keyword="_0019_xx05_" tag="0019xx05" vm="1" vr="US">?</el>
  <el keyword="_0019_xx06_" tag="0019xx06" vm="1" vr="US">?</el>
  <el keyword="_0019_xx07_" tag="0019xx07" vm="1" vr="IS">?</el>
  <el keyword="_0019_xx08_" tag="0019xx08" vm="1" vr="IS">?</el>
  <el keyword="_0019_xx09_" tag="0019xx09" vm="1" vr="IS">?</el>
  <el keyword="_0019_xx10_" tag="0019xx10" vm="1" vr="IS">?</el>
  <el keyword="_0019_xx12_" tag="0019xx12" vm="1" vr="IS">?</el>
  <el keyword="_0019_xx13_" tag="0019xx13" vm="1" vr="IS">?</el>
  <el keyword="_0019_xx14_" tag="0019xx14" vm="1" vr="US">?</el>
  <el keyword="_0019_xx15_" tag="0019xx15" vm="1-n" vr="US">?</el>
  <el keyword="_0019_xx16_" tag="0019xx16" vm="1" vr="IS">?</el>
  <el keyword="_0019_xx17_" tag="0019xx17" vm="1" vr="IS">?</el>
  <el keyword="_0019_xx18_" tag="0019xx18" vm="1" vr="UN">?</el>
  <el keyword="_0019_xx20_" tag="0019xx20" vm="1" vr="IS">?</el>
  <el keyword="_0019_xx21_" tag="0019xx21" vm="1" vr="IS">?</el>
  <el keyword="_0019_xx22_" tag="0019xx22" vm="1" vr="IS">?</el>
  <el keyword="_0019_xx23_" tag="0019xx23" vm="1" vr="IS">?</el>
  <el keyword="_0019_xx24_" tag="0019xx24" vm="1" vr="IS">?</el>
  <el keyword="_0019_xx25_" tag="0019xx25" vm="1" vr="IS">?</el>
  <el keyword="_0019_xx26_" tag="0019xx26" vm="1" vr="IS">?</el>
  <el keyword="_0019_xx27_" tag="0019xx27" vm="1" vr="IS">?</el>
  <el keyword="_0019_xx28_" tag="0019xx28" vm="1" vr="IS">?</el>
  <el keyword="_0019_xx29_" tag="0019xx29" vm="1-n" vr="IS">?</el>
  <el keyword="_0019_xx31_" tag="0019xx31" vm="1" vr="US">?</el>
  <el keyword="_0019_xx32_" tag="0019xx32" vm="1" vr="US">?</el>
  <el keyword="_0019_xx41_" tag="0019xx41" vm="1" vr="LT">?</el>
  <el keyword="_0019_xx42_" tag="0019xx42" vm="2" vr="IS">?</el>
  <el keyword="_0019_xx43_" tag="0019xx43" vm="2" vr="IS">?</el>
  <el keyword="_0019_xx45_" tag="0019xx45" vm="1" vr="US">?</el>
  <el keyword="_0019_xx46_" tag="0019xx46" vm="1" vr="US">?</el>
  <el keyword="_0019_xx47_" tag="0019xx47" vm="1" vr="IS">?</el>
  <el keyword="_0019_xx48_" tag="0019xx48" vm="1" vr="IS">?</el>
  <el keyword="_0019_xx49_" tag="0019xx49" vm="1" vr="US">?</el>
  <el keyword="_0019_xx50_" tag="0019xx50" vm="1" vr="UN">?</el>
  <el keyword="_0019_xx60_" tag="0019xx60" vm="1" vr="US">?</el>
  <el keyword="_0019_xx61_" tag="0019xx61" vm="1" vr="US">?</el>
  <el keyword="_0019_xx70_" tag="0019xx70" vm="1" vr="UN">?</el>
  <el keyword="_0019_xx71_" tag="0019xx71" vm="1-n" vr="IS">?</el>
  <el keyword="_0019_xx72_" tag="0019xx72" vm="1" vr="US">?</el>
  <el keyword="_0019_xx73_" tag="0019xx73" vm="1" vr="US">?</el>
  <el keyword="_0019_xx74_" tag="0019xx74" vm="1" vr="US">?</el>
  <el keyword="_0019_xx76_" tag="0019xx76" vm="1" vr="US">?</el>
  <el keyword="_0019_xx77_" tag="0019xx77" vm="1" vr="US">?</el>
  <el keyword="_0019_xx78_" tag="0019xx78" vm="1" vr="US">?</el>
  <el keyword="_0019_xx79_" tag="0019xx79" vm="1" vr="US">?</el>
  <el keyword="_0019_xx80_" tag="0019xx80" vm="1" vr="IS">?</el>
</elements>
