<?xml version="1.0" encoding="UTF-8" standalone="no"?>
<!--
~ ***** BEGIN LICENSE BLOCK *****
  ~ Version: MPL 1.1/GPL 2.0/LGPL 2.1
  ~
  ~ The contents of this file are subject to the Mozilla Public License Version
  ~ 1.1 (the "License"); you may not use this file except in compliance with
  ~ the License. You may obtain a copy of the License at
  ~ http://www.mozilla.org/MPL/
  ~
  ~ Software distributed under the License is distributed on an "AS IS" basis,
  ~ WITHOUT WARRANTY OF ANY KIND, either express or implied. See the License
  ~ for the specific language governing rights and limitations under the
  ~ License.
  ~
  ~ The Original Code is part of dcm4che, an implementation of DICOM(TM) in
  ~ Java(TM), hosted at https://github.com/dcm4che.
  ~
  ~ The Initial Developer of the Original Code is
  ~ J4Care.
  ~ Portions created by the Initial Developer are Copyright (C) 2015-2019
  ~ the Initial Developer. All Rights Reserved.
  ~
  ~ Contributor(s):
  ~ See @authors listed below
  ~
  ~ Alternatively, the contents of this file may be used under the terms of
  ~ either the GNU General Public License Version 2 or later (the "GPL"), or
  ~ the GNU Lesser General Public License Version 2.1 or later (the "LGPL"),
  ~ in which case the provisions of the GPL or the LGPL are applicable instead
  ~ of those above. If you wish to allow use of your version of this file only
  ~ under the terms of either the GPL or the LGPL, and not to allow others to
  ~ use your version of this file under the terms of the MPL, indicate your
  ~ decision by deleting the provisions above and replace them with the notice
  ~ and other provisions required by the GPL or the LGPL. If you do not delete
  ~ the provisions above, a recipient may use your version of this file under
  ~ the terms of any one of the MPL, the GPL or the LGPL.
  ~
  ~ ***** END LICENSE BLOCK *****
  ~
--><elements>
  <el keyword="NumberOfSOPCommon" tag="2005xx00" vm="1" vr="UL">Number of SOP Common</el>
  <el keyword="NoOfFilmConsumption" tag="2005xx01" vm="1" vr="UL">Number of Film Consumption</el>
  <el keyword="NumberOfCodes" tag="2005xx13" vm="1" vr="UL">Number of Codes</el>
  <el keyword="NumberOfImagePerSeriesRef" tag="2005xx34" vm="1" vr="SL">Number of Image Per Series Ref</el>
  <el keyword="NoDateOfLastCalibration" tag="2005xx43" vm="1" vr="SS">No Date of Last Calibration</el>
  <el keyword="NoTimeOfLastCalibration" tag="2005xx44" vm="1" vr="SS">No Time of Last Calibration</el>
  <el keyword="NrOfSoftwareVersion" tag="2005xx45" vm="1" vr="SS">Number of Software Version</el>
  <el keyword="NrOfPatientOtherNames" tag="2005xx47" vm="1" vr="SS">Number of Patient Other Names</el>
  <el keyword="NrOfReqRecipeOfResults" tag="2005xx48" vm="1" vr="SS">Number of Req Recipe of Results</el>
  <el keyword="NrOfSeriesOperatorsName" tag="2005xx49" vm="1" vr="SS">Number of Series Operators Name</el>
  <el keyword="NrOfSeriesPerfPhysiName" tag="2005xx50" vm="1" vr="SS">Number of Series Performing Physicians Name</el>
  <el keyword="NrOfStudyAdmittingDiagnosticDescr" tag="2005xx51" vm="1" vr="SS">Number of Study Admitting Diagnostic Description</el>
  <el keyword="NrOfStudyPatientContrastAllergies" tag="2005xx52" vm="1" vr="SS">Number of Study Patient Contrast Allergies</el>
  <el keyword="NrOfStudyPatientMedicalAlerts" tag="2005xx53" vm="1" vr="SS">Number of Study Patient Medical Alerts</el>
  <el keyword="NrOfStudyPhysiciansOfRecord" tag="2005xx54" vm="1" vr="SS">Number of Study Physicians of Record</el>
  <el keyword="NrOfStudyPhysiReadingStudy" tag="2005xx55" vm="1" vr="SS">Number of Study Physicians Reading Study</el>
  <el keyword="NrSCSoftwareVersions" tag="2005xx56" vm="1" vr="SS">Number of SC Software Versions</el>
  <el keyword="NrRunningAttributes" tag="2005xx57" vm="1" vr="SS">Number of Running Attributes</el>
  <el keyword="SpectrumPixelData" tag="2005xx70" vm="1" vr="OW">Spectrum Pixel Data</el>
  <el keyword="DefaultImageUID" tag="2005xx81" vm="1" vr="UI">Default Image UID</el>
  <el keyword="RunningAttributes" tag="2005xx82" vm="1-n" vr="CS">Running Attributes</el>
</elements>
