{
    "author": {
        "name": "nerds"
    },
    "name": "flickr",
    "description": "Flickr Connector",
    "version": "0.0.10",
    "engines": {
        "node": ">=0.4.9"
    },
    "dependencies": {},
    "devDependencies": {},
    "title": "Flickr",
    "handle": "flickr",
    "update": "auto",
    "github": "https://github.com/LockerProject/Locker",
    "type": "connector",
    "static": "false",
    "oauthSize": {
        "width": 1000,
        "height": 877
    },
    "url": "",
    "synclets": [
        {
            "name": "contacts",
            "frequency": 3600
        },
        {
            "name": "photos",
            "frequency": 3600
        }
    ],
    "provides": [
        "contact/flickr",
        "photo/flickr"
    ],
    "mongoId": {
        "contacts": "nsid"
    },
    "vm": true,
    "upserted": 1768097745335,
    "manifest": "Connectors/Flickr/package.json",
    "srcdir": "Connectors/Flickr",
    "provider": "flickr",
    "id": "flickr",
    "installed": 1768094646011,
    "uri": "http://localhost:8042/Me/flickr/",
    "externalUri": "http://localhost:40271/Me/flickr/",
    "loaded": 1768097745324
}