<?xml version="1.0" encoding="UTF-8"?>
<!--

    The MIT License (MIT)

    Copyright (c) 2019 Code Technology Studio

    Permission is hereby granted, free of charge, to any person obtaining a copy of
    this software and associated documentation files (the "Software"), to deal in
    the Software without restriction, including without limitation the rights to
    use, copy, modify, merge, publish, distribute, sublicense, and/or sell copies of
    the Software, and to permit persons to whom the Software is furnished to do so,
    subject to the following conditions:

    The above copyright notice and this permission notice shall be included in all
    copies or substantial portions of the Software.

    THE SOFTWARE IS PROVIDED "AS IS", WITHOUT WARRANTY OF ANY KIND, EXPRESS OR
    IMPLIED, INCLUDING BUT NOT LIMITED TO THE WARRANTIES OF MERCHANTABILITY, FITNESS
    FOR A PARTICULAR PURPOSE AND NONINFRINGEMENT. IN NO EVENT SHALL THE AUTHORS OR
    COPYRIGHT HOLDERS BE LIABLE FOR ANY CLAIM, DAMAGES OR OTHER LIABILITY, WHETHER
    IN AN ACTION OF CONTRACT, TORT OR OTHERWISE, ARISING FROM, OUT OF OR IN
    CONNECTION WITH THE SOFTWARE OR THE USE OR OTHER DEALINGS IN THE SOFTWARE.

-->
<assembly xmlns="http://maven.apache.org/ASSEMBLY/2.1.0"
          xmlns:xsi="http://www.w3.org/2001/XMLSchema-instance"
          xsi:schemaLocation="http://maven.apache.org/ASSEMBLY/2.1.0 http://maven.apache.org/xsd/assembly-2.1.0.xsd">
    <id>release</id>
    <includeBaseDirectory>false</includeBaseDirectory>
    <formats>
        <format>dir</format>
        <format>zip</format>
        <format>tar.gz</format>
    </formats>

    <fileSets>
        <!-- 打包Jpom 管理命令文件-->
        <fileSet>
            <directory>./src/main/bin</directory>
            <outputDirectory>bin</outputDirectory>
            <includes>
                <include>*.sh</include>
            </includes>
            <lineEnding>unix</lineEnding>
        </fileSet>
        <fileSet>
            <directory>./src/main/bin</directory>
            <outputDirectory>bin</outputDirectory>
            <includes>
                <include>*.bat</include>
            </includes>
            <lineEnding>dos</lineEnding>
        </fileSet>
        <!--复制外部配置文件-->
        <fileSet>
            <directory>./src/main/resources/config_default/</directory>
            <outputDirectory>/conf</outputDirectory>
            <includes>
                <include>logback.xml</include>
                <include>application.yml</include>
            </includes>
        </fileSet>
        <!--复制执行脚本模板 (暂时不复制到外置)-->
        <!--        <fileSet>-->
        <!--            <directory>./src/main/resources/config_default/exec/</directory>-->
        <!--            <outputDirectory>/conf/exec</outputDirectory>-->
        <!--            <includes>-->
        <!--                <include>template.*</include>-->
        <!--            </includes>-->
        <!--        </fileSet>-->
        <!--版权文件-->
        <fileSet>
            <directory>../../</directory>
            <outputDirectory>/</outputDirectory>
            <includes>
                <include>LICENSE</include>
            </includes>
        </fileSet>
    </fileSets>

    <!-- 依赖的 jar 包 copy 到 lib 目录下 -->
    <dependencySets>
        <dependencySet>
            <outputDirectory>lib</outputDirectory>
            <includes>
                <include>org.dromara.jpom:server</include>
            </includes>
        </dependencySet>
        <!--		<dependencySet>-->
        <!--			<outputDirectory>lib/plugins</outputDirectory>-->
        <!--			<includes>-->
        <!--				<include>org.dromara.jpom.plugins</include>-->
        <!--			</includes>-->
        <!--		</dependencySet>-->
    </dependencySets>

</assembly>
