{"id": "Online Retail Logs", "relationships": [{"parent_entity": "products", "parent_variable": "product_id", "child_entity": "order_products", "child_variable": "product_id"}, {"parent_entity": "orders", "parent_variable": "order_id", "child_entity": "order_products", "child_variable": "order_id"}, {"parent_entity": "customers", "parent_variable": "customer_id", "child_entity": "orders", "child_variable": "customer_id"}], "entity_dict": {"order_products": {"index": "order_product_id", "time_index": "order_date", "secondary_time_index": {}, "encoding": null, "variables": {"order_product_id": {"dtype_repr": "index", "entity": "order_products", "id": "order_product_id", "name": "order_product_id", "interesting_values": null}, "order_id": {"dtype_repr": "id", "entity": "order_products", "id": "order_id", "name": "order_id", "interesting_values": []}, "product_id": {"dtype_repr": "id", "entity": "order_products", "id": "product_id", "name": "product_id", "interesting_values": []}, "quantity": {"dtype_repr": "numeric", "entity": "order_products", "id": "quantity", "name": "quantity", "interesting_values": null}, "order_date": {"dtype_repr": "datetime_time_index", "entity": "order_products", "id": "order_date", "name": "order_date", "interesting_values": null}, "price": {"dtype_repr": "numeric", "entity": "order_products", "id": "price", "name": "price", "interesting_values": null}, "total": {"dtype_repr": "numeric", "entity": "order_products", "id": "total", "name": "total", "interesting_values": null}}, "has_last_time_index": true, "data_files": {"data_filename": "order_products/data.p", "filetype": "pickle", "size": 40443300}}, "products": {"index": "product_id", "time_index": "first_order_products_time", "secondary_time_index": {}, "encoding": null, "variables": {"product_id": {"dtype_repr": "index", "entity": "products", "id": "product_id", "name": "product_id", "interesting_values": null}, "description": {"dtype_repr": "text", "entity": "products", "id": "description", "name": "description", "interesting_values": null}, "first_order_products_time": {"dtype_repr": "datetime_time_index", "entity": "products", "id": "first_order_products_time", "name": "first_order_products_time", "interesting_values": null}}, "has_last_time_index": true, "data_files": {"data_filename": "products/data.p", "filetype": "pickle", "size": 254376}}, "orders": {"index": "order_id", "time_index": "first_order_products_time", "secondary_time_index": {}, "encoding": null, "variables": {"order_id": {"dtype_repr": "index", "entity": "orders", "id": "order_id", "name": "order_id", "interesting_values": null}, "customer_id": {"dtype_repr": "id", "entity": "orders", "id": "customer_id", "name": "customer_id", "interesting_values": []}, "country": {"dtype_repr": "categorical", "entity": "orders", "id": "country", "name": "country", "interesting_values": []}, "cancelled": {"dtype_repr": "boolean", "entity": "orders", "id": "cancelled", "name": "cancelled", "interesting_values": null}, "first_order_products_time": {"dtype_repr": "datetime_time_index", "entity": "orders", "id": "first_order_products_time", "name": "first_order_products_time", "interesting_values": null}}, "has_last_time_index": true, "data_files": {"data_filename": "orders/data.p", "filetype": "pickle", "size": 1487287}}, "customers": {"index": "customer_id", "time_index": "first_orders_time", "secondary_time_index": {}, "encoding": null, "variables": {"customer_id": {"dtype_repr": "index", "entity": "customers", "id": "customer_id", "name": "customer_id", "interesting_values": null}, "first_orders_time": {"dtype_repr": "datetime_time_index", "entity": "customers", "id": "first_orders_time", "name": "first_orders_time", "interesting_values": null}}, "has_last_time_index": true, "data_files": {"data_filename": "customers/data.p", "filetype": "pickle", "size": 211150}}}}