<?xml version="1.0"?>
<project xsi:schemaLocation="http://maven.apache.org/POM/4.0.0 http://maven.apache.org/xsd/maven-4.0.0.xsd" xmlns="http://maven.apache.org/POM/4.0.0"
    xmlns:xsi="http://www.w3.org/2001/XMLSchema-instance">
  <modelVersion>4.0.0</modelVersion>
  <groupId>org.jdon</groupId>
  <artifactId>jdonframework</artifactId>
  <version>6.9</version>
  <name>jdonframework</name>
  <description>JdonFramework is a java framework that you can use to build your Domain Driven Design + CQRS + EventSource  applications with asynchronous concurrency and higher throughput.</description>
  <url>https://github.com/banq/jdonframework</url>
  <licenses>
    <license>
      <name>The Apache Software License, Version 2.0</name>
      <url>http://www.apache.org/licenses/LICENSE-2.0.txt</url>
      <distribution>repo</distribution>
    </license>
  </licenses>
  <developers>
    <developer>
      <id>banq</id>
      <name>Peng Chen Yang</name>
      <email>banq@163.com</email>
    </developer>
  </developers>
  <scm>
    <connection>scm:git:git@github.com:banq/jdonframework.git</connection>
    <developerConnection>scm:git:git@github.com:banq/jdonframework.git</developerConnection>
    <tag>jdonframework-6.9</tag>
    <url>git@github.com:banq/jdonframework.git</url>
  </scm>
  <distributionManagement>
    <repository>
      <id>sonatype-nexus-staging</id>
      <name>Nexus Release Repository</name>
      <url>https://oss.sonatype.org/service/local/staging/deploy/maven2/</url>
    </repository>
    <snapshotRepository>
      <id>sonatype-nexus-snapshots</id>
      <name>Sonatype Nexus Snapshots</name>
      <url>https://oss.sonatype.org/content/repositories/snapshots/</url>
    </snapshotRepository>
  </distributionManagement>
  <properties>
    <project.build.sourceEncoding>UTF-8</project.build.sourceEncoding>
    <sonar.host.url>http://192.168.10.145:9000/yh-sonar/</sonar.host.url>
    <env.type>dev</env.type>
  </properties>
  <dependencies>
    <dependency>
      <groupId>aopalliance</groupId>
      <artifactId>aopalliance</artifactId>
      <version>1.0</version>
      <scope>compile</scope>
    </dependency>
    <dependency>
      <groupId>asm</groupId>
      <artifactId>asm</artifactId>
      <version>3.3.1</version>
      <scope>compile</scope>
    </dependency>
    <dependency>
      <groupId>cglib</groupId>
      <artifactId>cglib</artifactId>
      <version>2.2.2</version>
      <scope>compile</scope>
    </dependency>
    <dependency>
      <groupId>com.google.guava</groupId>
      <artifactId>guava</artifactId>
      <version>14.0.1</version>
      <scope>compile</scope>
    </dependency>
    <dependency>
      <groupId>com.lmax</groupId>
      <artifactId>disruptor</artifactId>
      <version>3.3.8</version>
      <scope>compile</scope>
    </dependency>
    <dependency>
      <groupId>commons-pool</groupId>
      <artifactId>commons-pool</artifactId>
      <version>1.6</version>
      <scope>compile</scope>
    </dependency>
    <dependency>
      <groupId>javassist</groupId>
      <artifactId>javassist</artifactId>
      <version>3.6.0.GA</version>
      <scope>compile</scope>
    </dependency>
    <dependency>
      <groupId>javax.servlet</groupId>
      <artifactId>servlet-api</artifactId>
      <version>2.5</version>
      <scope>provided</scope>
    </dependency>
    <dependency>
      <groupId>jdom</groupId>
      <artifactId>jdom</artifactId>
      <version>1.0</version>
      <scope>compile</scope>
    </dependency>
    <dependency>
      <groupId>junit</groupId>
      <artifactId>junit</artifactId>
      <version>3.8.1</version>
      <scope>test</scope>
    </dependency>
    <dependency>
      <groupId>net.sf.ehcache</groupId>
      <artifactId>ehcache</artifactId>
      <version>1.6.2</version>
      <scope>compile</scope>
    </dependency>
    <dependency>
      <groupId>net.sf.scannotation</groupId>
      <artifactId>scannotation</artifactId>
      <version>1.0.2</version>
      <scope>compile</scope>
    </dependency>
    <dependency>
      <groupId>org.apache.logging.log4j</groupId>
      <artifactId>log4j-api</artifactId>
      <version>2.0-beta8</version>
      <scope>compile</scope>
    </dependency>
    <dependency>
      <groupId>org.apache.logging.log4j</groupId>
      <artifactId>log4j-core</artifactId>
      <version>2.0-beta8</version>
      <scope>compile</scope>
    </dependency>
    <dependency>
      <groupId>org.javassist</groupId>
      <artifactId>javassist</artifactId>
      <version>3.22.0-GA</version>
      <scope>compile</scope>
    </dependency>
    <dependency>
      <groupId>org.picocontainer</groupId>
      <artifactId>picocontainer</artifactId>
      <version>1.2</version>
      <scope>compile</scope>
    </dependency>
    <dependency>
      <groupId>regexp</groupId>
      <artifactId>regexp</artifactId>
      <version>1.2</version>
      <scope>compile</scope>
    </dependency>
  </dependencies>
  <repositories>
    <repository>
      <id>ehcache</id>
      <url>https://github.com/banq/jdon-mvn-repo/raw/master/releases</url>
    </repository>
    <repository>
      <snapshots>
        <enabled>false</enabled>
      </snapshots>
      <id>central</id>
      <name>Central Repository</name>
      <url>https://repo.maven.apache.org/maven2</url>
    </repository>
  </repositories>
  <pluginRepositories>
    <pluginRepository>
      <releases>
        <updatePolicy>never</updatePolicy>
      </releases>
      <snapshots>
        <enabled>false</enabled>
      </snapshots>
      <id>central</id>
      <name>Central Repository</name>
      <url>https://repo.maven.apache.org/maven2</url>
    </pluginRepository>
  </pluginRepositories>
  <build>
    <sourceDirectory>src/main/java</sourceDirectory>
    <scriptSourceDirectory>D:\javasource\jdonframework\src\main\scripts</scriptSourceDirectory>
    <testSourceDirectory>src/test/java</testSourceDirectory>
    <outputDirectory>target/classes</outputDirectory>
    <testOutputDirectory>target/test-classes</testOutputDirectory>
    <resources>
      <resource>
        <directory>src/main/resources</directory>
      </resource>
    </resources>
    <testResources>
      <testResource>
        <directory>src/test/resources</directory>
      </testResource>
    </testResources>
    <directory>target</directory>
    <finalName>jdonframework-6.9</finalName>
    <plugins>
      <plugin>
        <artifactId>maven-release-plugin</artifactId>
        <version>2.4.1</version>
        <extensions>false</extensions>
        <dependencies>
          <dependency>
            <groupId>org.apache.maven.plugins</groupId>
            <artifactId>maven-scm-plugin</artifactId>
            <version>1.8.1</version>
          </dependency>
        </dependencies>
        <configuration>
          <mavenExecutorId>forked-path</mavenExecutorId>
          <useReleaseProfile>false</useReleaseProfile>
          <arguments>-Psonatype-oss-release</arguments>
          <pushChanges>false</pushChanges>
          <localCheckout>false</localCheckout>
          <autoVersionSubmodules>true</autoVersionSubmodules>
          <checkModificationExcludes>
            <checkModificationExclude>.idea/</checkModificationExclude>
            <checkModificationExclude>.idea/*</checkModificationExclude>
            <checkModificationExclude>.idea/libraries/*</checkModificationExclude>
            <checkModificationExclude>pom.xml</checkModificationExclude>
            <checkModificationExclude>release-pom.xml</checkModificationExclude>
            <checkModificationExclude>jdonframework.iml</checkModificationExclude>
            <checkModificationExclude>JdonAccessory/jdon-hibernate3x/jdon-hibernate3x.iml</checkModificationExclude>
            <checkModificationExclude>JdonAccessory/jdon-jdbc/jdon-jdbc.iml</checkModificationExclude>
            <checkModificationExclude>JdonAccessory/jdon-remote/jdon-remote.iml</checkModificationExclude>
            <checkModificationExclude>JdonAccessory/jdon-struts1x/jdon-struts1x.iml</checkModificationExclude>
          </checkModificationExcludes>
        </configuration>
      </plugin>
      <plugin>
        <artifactId>maven-source-plugin</artifactId>
        <version>2.1.2</version>
        <extensions>false</extensions>
      </plugin>
      <plugin>
        <artifactId>maven-compiler-plugin</artifactId>
        <version>3.1</version>
        <extensions>false</extensions>
        <configuration>
          <encoding>UTF-8</encoding>
        </configuration>
      </plugin>
      <plugin>
        <artifactId>maven-surefire-plugin</artifactId>
        <version>2.12.4</version>
        <extensions>false</extensions>
      </plugin>
      <plugin>
        <artifactId>maven-scm-plugin</artifactId>
        <version>1.8.1</version>
        <extensions>false</extensions>
      </plugin>
      <plugin>
        <artifactId>maven-source-plugin</artifactId>
        <version>2.1.2</version>
        <extensions>false</extensions>
        <executions>
          <execution>
            <id>attach-sources</id>
            <phase>verify</phase>
            <goals>
              <goal>jar-no-fork</goal>
            </goals>
          </execution>
        </executions>
      </plugin>
    </plugins>
  </build>
  <reporting>
    <outputDirectory>target/site</outputDirectory>
  </reporting>
</project>
