{
  "name": "mimalloc",
  "version": "2.1.1",
  "description": "Compact general purpose allocator with excellent performance",
  "homepage": "https://github.com/microsoft/mimalloc",
  "license": "MIT",
  "supports": "!uwp",
  "dependencies": [
    {
      "name": "vcpkg-cmake",
      "host": true
    },
    {
      "name": "vcpkg-cmake-config",
      "host": true
    }
  ],
  "features": {
    "asm": {
      "description": "Generate assembly files"
    },
    "override": {
      "description": "Override the standard malloc interface"
    },
    "secure": {
      "description": "Use security mitigations (like guard pages and randomization)"
    }
  }
}
