{
  "name": "@fluentui/pr-deploy-site",
  "entries": [
    {
      "date": "Tue, 24 Aug 2021 07:34:48 GMT",
      "tag": "@fluentui/pr-deploy-site_v1.0.0",
      "version": "1.0.0",
      "comments": {
        "none": [
          {
            "comment": "Bump @fluentui/eslint-plugin to v1.4.1",
            "author": "dzearing@hotmail.com",
            "commit": "0abd957c8d4421018e6d792c2a4aa8876967392b",
            "package": "@fluentui/pr-deploy-site"
          }
        ]
      }
    },
    {
      "date": "Fri, 20 Aug 2021 07:37:28 GMT",
      "tag": "@fluentui/pr-deploy-site_v1.0.0",
      "version": "1.0.0",
      "comments": {
        "none": [
          {
            "comment": "Bump @fluentui/eslint-plugin to v1.4.0",
            "author": "behowell@microsoft.com",
            "commit": "21df8406417c5c5c1d053561a498b920ac962b4b",
            "package": "@fluentui/pr-deploy-site"
          }
        ]
      }
    },
    {
      "date": "Tue, 03 Aug 2021 07:39:30 GMT",
      "tag": "@fluentui/pr-deploy-site_v1.0.0",
      "version": "1.0.0",
      "comments": {
        "patch": [
          {
            "comment": "Bump @fluentui/eslint-plugin to v1.3.3",
            "author": "behowell@microsoft.com",
            "commit": "86476ee0511ad2693c2829b959f93a87ad10f095",
            "package": "@fluentui/pr-deploy-site"
          }
        ]
      }
    },
    {
      "date": "Fri, 09 Jul 2021 07:39:31 GMT",
      "tag": "@fluentui/pr-deploy-site_v1.0.0",
      "version": "1.0.0",
      "comments": {
        "patch": [
          {
            "comment": "Bump @fluentui/eslint-plugin to v1.3.2",
            "author": "martinhochel@microsoft.com",
            "commit": "18902eb64710aa6253a79781357b8390bb13665c",
            "package": "@fluentui/pr-deploy-site"
          }
        ]
      }
    },
    {
      "date": "Mon, 07 Jun 2021 07:38:15 GMT",
      "tag": "@fluentui/pr-deploy-site_v1.0.0",
      "version": "1.0.0",
      "comments": {
        "patch": [
          {
            "comment": "Bump @fluentui/eslint-plugin to v1.3.1",
            "author": "martinhochel@microsoft.com",
            "commit": "f856cb3f7fbc3edb3646204c0c7e435fc7678dd1",
            "package": "@fluentui/pr-deploy-site"
          }
        ]
      }
    },
    {
      "date": "Thu, 20 May 2021 07:41:54 GMT",
      "tag": "@fluentui/pr-deploy-site_v1.0.0",
      "version": "1.0.0",
      "comments": {
        "patch": [
          {
            "comment": "Bump @fluentui/eslint-plugin to v1.3.0",
            "author": "elcraig@microsoft.com",
            "commit": "630b71c415cd40ed0e36773eab99d62cd02a30fb",
            "package": "@fluentui/pr-deploy-site"
          }
        ]
      }
    },
    {
      "date": "Fri, 30 Apr 2021 07:42:23 GMT",
      "tag": "@fluentui/pr-deploy-site_v1.0.0",
      "version": "1.0.0",
      "comments": {
        "patch": [
          {
            "comment": "Bump @fluentui/eslint-plugin to v1.2.0",
            "author": "joschect@microsoft.com",
            "commit": "2b62c457bb860f6675fae4acae86ee6c0b06c279",
            "package": "@fluentui/pr-deploy-site"
          }
        ]
      }
    },
    {
      "date": "Fri, 23 Apr 2021 07:37:10 GMT",
      "tag": "@fluentui/pr-deploy-site_v1.0.0",
      "version": "1.0.0",
      "comments": {
        "patch": [
          {
            "comment": "Bump @fluentui/eslint-plugin to v1.1.1",
            "author": "olfedias@microsoft.com",
            "commit": "7d1a9a8aee217022e55b8c39c723b1390b5d8095",
            "package": "@fluentui/pr-deploy-site"
          }
        ]
      }
    },
    {
      "date": "Wed, 31 Mar 2021 00:53:43 GMT",
      "tag": "@fluentui/pr-deploy-site_v1.0.0",
      "version": "1.0.0",
      "comments": {
        "patch": [
          {
            "comment": "Bump @fluentui/eslint-plugin to v1.1.0",
            "author": "elcraig@microsoft.com",
            "commit": "d41b79242e6b682dfa58fcd76797ecfd9146d4cf",
            "package": "@fluentui/pr-deploy-site"
          }
        ]
      }
    },
    {
      "date": "Fri, 26 Feb 2021 01:16:27 GMT",
      "tag": "@fluentui/pr-deploy-site_v1.0.0",
      "version": "1.0.0",
      "comments": {
        "patch": [
          {
            "comment": "Bump @fluentui/scripts to v1.0.0",
            "author": "elcraig@microsoft.com",
            "commit": "71f0a43b375b4a932ecbcf6778288422db2dc267",
            "package": "@fluentui/pr-deploy-site"
          }
        ]
      }
    },
    {
      "date": "Thu, 18 Feb 2021 12:27:34 GMT",
      "tag": "@fluentui/pr-deploy-site_v1.0.0",
      "version": "1.0.0",
      "comments": {
        "prerelease": [
          {
            "comment": "Bump @fluentui/scripts to v1.0.0",
            "author": "elcraig@microsoft.com",
            "commit": "1072765ed2e0ffda34688d84d376a8bc4bf928f0",
            "package": "@fluentui/pr-deploy-site"
          }
        ]
      }
    },
    {
      "date": "Thu, 11 Feb 2021 12:18:41 GMT",
      "tag": "@fluentui/pr-deploy-site_v1.0.0",
      "version": "1.0.0",
      "comments": {
        "none": [
          {
            "comment": "Bump @fluentui/scripts to v1.0.0",
            "author": "martinhochel@microsoft.com",
            "commit": "7566015a7edd355b4fcd3796bc8f44f732ef0877",
            "package": "@fluentui/pr-deploy-site"
          }
        ]
      }
    }
  ]
}
