[
  {
    "type": "dir",
    "name": "routes",
    "label": "路由",
    "collapsed": true
  },
  {
    "type": "dir",
    "name": "data",
    "label": "data-solution",
    "collapsed": true
  },
  {
    "type": "dir",
    "name": "render",
    "label": "rendering",
    "collapsed": true
  },
  {
    "type": "dir",
    "name": "css",
    "label": "css-solution",
    "collapsed": true
  },
  "html",
  {
    "type": "dir",
    "name": "static-assets",
    "label": "static-assets",
    "collapsed": true
  },
  {
    "type": "dir",
    "name": "debug",
    "label": "debug",
    "collapsed": true
  },
  {
    "type": "dir",
    "name": "testing",
    "label": "testing",
    "collapsed": true
  },
  "alias",
  "env-vars",
  "output-files",
  "deploy"
]
