[
  {
    "url": "https://bk.kinopio.club/blank.png",
    "darkUrl": "https://bk.kinopio.club/blank-dark.png",
    "previewUrl": "https://bk.kinopio.club/blank-preview-2.svg",
    "thumbnailUrl": "https://bk.kinopio.club/blank-thumbnail-5.svg",
    "isArchived": true,
    "isBlank": true
  },
  {
    "url": "https://bk.kinopio.club/grid-large-boxes-2x.png",
    "darkUrl": "https://bk.kinopio.club/grid-large-boxes-dark-3-2x.png",
    "previewUrl": "https://bk.kinopio.club/grid-large-boxes-thumbnail.png",
    "thumbnailUrl": "https://bk.kinopio.club/grid-large-boxes-thumbnail-5.svg"
  },
  {
    "url": "https://bk.kinopio.club/squiggle-background-2x.png",
    "darkUrl": "https://bk.kinopio.club/squiggle-background-dark-2x.png",
    "previewUrl": "https://bk.kinopio.club/squiggle-background-preview.svg",
    "thumbnailUrl": "https://bk.kinopio.club/squiggle-background-thumbnail-5.svg"
  },
  {
    "url": "https://bk.kinopio.club/dot-grid-2x.png",
    "darkUrl": "https://bk.kinopio.club/dot-grid-dark-2x.png",
    "previewUrl": "https://bk.kinopio.club/dot-grid-2.svg",
    "thumbnailUrl": "https://bk.kinopio.club/dot-grid-thumbnail-5.svg"
  },
  {
    "url": "https://bk.kinopio.club/grid-2x.png",
    "darkUrl": "https://bk.kinopio.club/grid-inverse-2x.png",
    "previewUrl": "https://bk.kinopio.club/grid-preview.svg",
    "thumbnailUrl": "https://bk.kinopio.club/grid-thumbnail-5.svg"
  },
  {
    "url": "https://bk.kinopio.club/circular-2x.webp",
    "previewUrl": "https://bk.kinopio.club/circular-thumbnail.webp",
    "thumbnailUrl": "https://bk.kinopio.club/circular-thumbnail.webp",
    "isArchived": true
  },
  {
    "url": "https://bk.kinopio.club/grid-inverse-2x.png",
    "previewUrl": "https://bk.kinopio.club/grid-inverse-preview.svg",
    "thumbnailUrl": "https://bk.kinopio.club/grid-inverse-thumbnail-2.svg",
    "isArchived": true
  },
  {
    "url": "https://bk.kinopio.club/concentric-boxes-2x.png",
    "previewUrl": "https://bk.kinopio.club/concentric-boxes-thumbnail.png",
    "thumbnailUrl": "https://bk.kinopio.club/concentric-boxes-thumbnail.png",
    "isArchived": true
  },
  {
    "url": "https://bk.kinopio.club/picture-frame-inverse-2x.png",
    "previewUrl": "https://bk.kinopio.club/picture-frame-inverse-preview.svg",
    "thumbnailUrl": "https://bk.kinopio.club/picture-frame-inverse-thumbnail-2.svg",
    "isArchived": true
  },
  {
    "url": "https://bk.kinopio.club/concentric-grid.jpeg",
    "isArchived": true
  },
  {
    "url": "https://bk.kinopio.club/gem-grid-2x.png",
    "previewUrl": "https://bk.kinopio.club/gem-grid-2-2x.png",
    "thumbnailUrl": "https://bk.kinopio.club/gem-grid-2-thumbnail.svg",
    "isArchived": true
  },
  {
    "url": "https://bk.kinopio.club/texture-tomato.jpg",
    "sourcePageUrl": "https://www.are.na/block/2155084"
  },
  {
    "url": "https://bk.kinopio.club/texture-green-canvas.jpg",
    "sourcePageUrl": "https://www.are.na/block/2155085"
  },
  {
    "url": "https://bk.kinopio.club/red-paper.jpg",
    "sourcePageUrl": "https://www.are.na/block/2154695"
  },
  {
    "url": "https://bk.kinopio.club/greenboard.jpg"
  },
  {
    "url": "https://bk.kinopio.club/orange-paper.jpg",
    "sourcePageUrl": "https://www.are.na/block/2154679"
  },
  {
    "url": "https://bk.kinopio.club/poolside-fm-palermo-weekends-2x.png",
    "sourcePageUrl": "https://poolside.fm"
  },
  {
    "url": "https://bk.kinopio.club/forest-door.jpg",
    "sourcePageUrl": "https://www.are.na/block/931018",
    "isArchived": true
  },
  {
    "url": "https://bk.kinopio.club/kusama-1.jpg",
    "sourcePageUrl": "https://www.are.na/block/1974670",
    "isArchived": true
  },
  {
    "url": "https://bk.kinopio.club/garden.jpeg",
    "previewUrl": "https://bk.kinopio.club/thumbnails/garden-thumbnail.jpeg",
    "sourcePageUrl": "https://greenhousetype.com",
    "isArchived": true
  },
  {
    "url": "https://bk.kinopio.club/frosted-glass.jpg",
    "previewUrl": "https://bk.kinopio.club/thumbnails/frosted-glass-thumbnail.jpg",
    "sourcePageUrl": "https://www.are.na/block/8533480",
    "isArchived": true
  },
  {
    "url": "https://bk.kinopio.club/choco-desert.jpeg",
    "previewUrl": "https://bk.kinopio.club/thumbnails/choco-desert-thumbnail.jpeg",
    "isArchived": true
  },
  {
    "url": "https://bk.kinopio.club/shadow-leaves.jpg",
    "previewUrl": "https://bk.kinopio.club/thumbnails/shadow-leaves-thumbnail.jpg",
    "sourcePageUrl": "https://www.are.na/block/8499135",
    "isArchived": true
  },
  {
    "url": "https://bk.kinopio.club/mossy-forest.jpg",
    "previewUrl": "https://bk.kinopio.club/thumbnails/mossy-forest-thumbnail.jpg",
    "sourcePageUrl": "https://www.are.na/block/1325211",
    "isArchived": true
  },
  {
    "url": "https://bk.kinopio.club/vases.jpg",
    "sourcePageUrl": "https://www.are.na/block/5813311",
    "isArchived": true
  },
  {
    "url": "https://bk.kinopio.club/palm-nights.jpg",
    "sourcePageUrl": "https://www.are.na/block/479306",
    "isArchived": true
  },
  {
    "url": "https://bk.kinopio.club/vivid-blush.jpeg",
    "previewUrl": "https://bk.kinopio.club/thumbnails/vivid-blush-thumbnail.jpeg",
    "sourcePageUrl": "https://www.are.na/block/5673661",
    "isArchived": true
  },
  {
    "url": "https://bk.kinopio.club/abstract-grid.jpg",
    "sourcePageUrl": "https://www.are.na/block/4218398",
    "isArchived": true
  },
  {
    "url": "https://bk.kinopio.club/oil.jpeg",
    "previewUrl": "https://bk.kinopio.club/thumbnails/oil-thumbnail.jpeg",
    "sourcePageUrl": "https://www.are.na/block/897115",
    "isArchived": true
  },
  {
    "url": "https://bk.kinopio.club/anime-school-roof.jpeg",
    "previewUrl": "https://bk.kinopio.club/thumbnails/anime-school-roof-thumbnail.jpeg",
    "sourcePageUrl": "https://www.are.na/block/2086139",
    "isArchived": true
  },
  {
    "url": "https://bk.kinopio.club/ghibli-forest-canopy.jpeg",
    "sourcePageUrl": "https://www.are.na/block/2057308"
  },
  {
    "url": "https://bk.kinopio.club/ghibli-hallway.jpg",
    "sourcePageUrl": "https://www.are.na/block/10213505"
  },
  {
    "url": "https://bk.kinopio.club/light-blush.jpg",
    "previewUrl": "https://bk.kinopio.club/thumbnails/light-blush-thumbnail.jpg",
    "sourcePageUrl": "https://www.are.na/block/2474536",
    "isArchived": true
  },
  {
    "url": "https://bk.kinopio.club/cream.jpeg",
    "previewUrl": "https://bk.kinopio.club/thumbnails/cream-thumbnail.jpeg",
    "sourcePageUrl": "https://www.are.na/block/6597698",
    "isArchived": true
  },
  {
    "url": "https://bk.kinopio.club/glass.jpeg",
    "previewUrl": "https://bk.kinopio.club/thumbnails/glass-thumbnail.jpeg",
    "sourcePageUrl": "https://www.are.na/block/7104743",
    "isArchived": true
  },
  {
    "url": "https://bk.kinopio.club/classic-macos-5.png"
  },
  {
    "url": "https://bk.kinopio.club/classic-macos-6.png"
  },
  {
    "url": "https://bk.kinopio.club/classic-macos-7.png"
  },
  {
    "url": "https://bk.kinopio.club/classic-macos-8.png",
    "isArchived": true
  },
  {
    "url": "https://bk.kinopio.club/classic-macos-9-2x.png",
    "isArchived": true
  },
  {
    "url": "https://bk.kinopio.club/scatter-classic-2x.png"
  },
  {
    "url": "https://bk.kinopio.club/debug-grid-2x.webp",
    "darkUrl": "https://bk.kinopio.club/debug-grid-dark-2x.webp",
    "previewUrl": "https://bk.kinopio.club/debug-grid-preview-light-2x.webp",
    "darkPreviewUrl": "https://bk.kinopio.club/debug-grid-preview-dark-2x.webp",
    "thumbnailUrl": "https://bk.kinopio.club/grid-debug-preview-3.png"
  }  
]