{
  "id": "AhQojRpGYG5VqUSwlRzJu",
  "name": "Hello Kinopio",
  "privacy": "private",
  "showInExplore": false,
  "collaboratorKey": "jZT8iVNh5tzpDTT8U-eII",
  "users": [],
  "collaborators": [],
  "spectators": [],
  "background": "https://bk.kinopio.club/squiggle-background-2x.png",
  "backgroundTint": "",
  "backgroundGradient": null,
  "backgroundIsGradient": false,
  "isTemplate": false,
  "cards": [
    {
      "id": "2sSu3ifT5Rz1MsDfP3WE4",
      "x": 58,
      "y": 131,
      "z": 2055,
      "name": "# Kinopio\n\n## For building ideas and solving problems\n\n[Help and Tutorials](https://help.kinopio.club)",
      "frameId": 0,
      "isRemoved": false,
      "nameUpdatedAt": "2023-07-15T23:07:56.963Z",
      "nameUpdatedByUserId": "euGhpBrR9eBcjKnK16C_g",
      "linkToSpaceId": null,
      "linkToCardId": null,
      "linkToSpaceCollaboratorKey": null,
      "urlPreviewIsVisible": true,
      "shouldHideUrlPreviewInfo": false,
      "shouldHideUrlPreviewImage": false,
      "shouldUpdateUrlPreview": false,
      "isLocked": false,
      "isComment": false,
      "urlPreviewUrl": null,
      "urlPreviewImage": null,
      "urlPreviewFavicon": null,
      "urlPreviewTitle": null,
      "urlPreviewDescription": null,
      "urlPreviewErrorUrl": null,
      "urlPreviewIframeUrl": null,
      "backgroundColor": null,
      "isCreatedThroughPublicApi": false,
      "counterIsVisible": false,
      "counterValue": 1,
      "createdAt": "2022-07-18T21:47:23.781Z",
      "updatedAt": "2023-07-15T23:07:56.964Z",
      "spaceId": "AhQojRpGYG5VqUSwlRzJu",
      "userId": "AzKMP4VR4hD_RIc-pC7wZ",
      "distanceFromOrigin": 143,
      "width": 200,
      "height": 119,
      "resizeWidth": 200
    },
    {
      "id": "vB5xMJQkytCXungscE7qW",
      "x": 80,
      "y": 354,
      "z": 2111,
      "name": "Get your thoughts out and visually connect them together",
      "frameId": 1,
      "isRemoved": false,
      "nameUpdatedAt": "2023-07-15T23:07:56.988Z",
      "nameUpdatedByUserId": null,
      "linkToSpaceId": null,
      "linkToCardId": null,
      "linkToSpaceCollaboratorKey": null,
      "urlPreviewIsVisible": true,
      "shouldHideUrlPreviewInfo": false,
      "shouldHideUrlPreviewImage": false,
      "shouldUpdateUrlPreview": false,
      "isLocked": false,
      "isComment": false,
      "urlPreviewUrl": null,
      "urlPreviewImage": null,
      "urlPreviewFavicon": null,
      "urlPreviewTitle": null,
      "urlPreviewDescription": null,
      "urlPreviewErrorUrl": null,
      "urlPreviewIframeUrl": null,
      "backgroundColor": null,
      "resizeWidth": 0,
      "isCreatedThroughPublicApi": false,
      "counterIsVisible": false,
      "counterValue": 1,
      "createdAt": "2022-07-18T21:47:23.839Z",
      "updatedAt": "2023-07-15T23:07:56.989Z",
      "spaceId": "AhQojRpGYG5VqUSwlRzJu",
      "userId": "AzKMP4VR4hD_RIc-pC7wZ",
      "distanceFromOrigin": 363,
      "width": 200,
      "height": 69,
      "frameName": "Garden Leaves"
    },
    {
      "id": "HptU_kYyoM0D-kPPJcKl5",
      "x": 336,
      "y": 151,
      "z": 1867,
      "name": "Note Taking",
      "frameId": 0,
      "userId": "AzKMP4VR4hD_RIc-pC7wZ",
      "urlPreviewIsVisible": true,
      "width": 118,
      "height": 33,
      "isLocked": false,
      "backgroundColor": null,
      "spaceId": "AhQojRpGYG5VqUSwlRzJu",
      "nameUpdatedAt": "2023-07-15T23:07:57.199Z",
      "nameUpdatedByUserId": "euGhpBrR9eBcjKnK16C_g",
      "distanceFromOrigin": 368,
      "isRemoved": false,
      "linkToSpaceId": null,
      "linkToCardId": null,
      "linkToSpaceCollaboratorKey": null,
      "shouldHideUrlPreviewInfo": false,
      "shouldHideUrlPreviewImage": false,
      "shouldUpdateUrlPreview": false,
      "isComment": false,
      "urlPreviewUrl": null,
      "urlPreviewImage": null,
      "urlPreviewFavicon": null,
      "urlPreviewTitle": null,
      "urlPreviewDescription": null,
      "urlPreviewErrorUrl": null,
      "urlPreviewIframeUrl": null,
      "resizeWidth": null,
      "isCreatedThroughPublicApi": false,
      "counterIsVisible": false,
      "counterValue": 0,
      "createdAt": "2023-07-15T23:03:03.803Z",
      "updatedAt": "2023-07-15T23:07:57.200Z"
    },
    {
      "id": "QLh9ODjmR-IUlfnJXe70i",
      "x": 330,
      "y": 196,
      "z": 1868,
      "name": "Moodboards",
      "frameId": 0,
      "userId": "AzKMP4VR4hD_RIc-pC7wZ",
      "urlPreviewIsVisible": true,
      "width": 124,
      "height": 33,
      "isLocked": false,
      "backgroundColor": null,
      "spaceId": "AhQojRpGYG5VqUSwlRzJu",
      "nameUpdatedAt": "2023-07-15T23:07:57.212Z",
      "nameUpdatedByUserId": "euGhpBrR9eBcjKnK16C_g",
      "distanceFromOrigin": 384,
      "isRemoved": false,
      "linkToSpaceId": null,
      "linkToCardId": null,
      "linkToSpaceCollaboratorKey": null,
      "shouldHideUrlPreviewInfo": false,
      "shouldHideUrlPreviewImage": false,
      "shouldUpdateUrlPreview": false,
      "isComment": false,
      "urlPreviewUrl": null,
      "urlPreviewImage": null,
      "urlPreviewFavicon": null,
      "urlPreviewTitle": null,
      "urlPreviewDescription": null,
      "urlPreviewErrorUrl": null,
      "urlPreviewIframeUrl": null,
      "resizeWidth": null,
      "isCreatedThroughPublicApi": false,
      "counterIsVisible": false,
      "counterValue": 0,
      "createdAt": "2023-07-15T23:03:09.144Z",
      "updatedAt": "2023-07-15T23:07:57.212Z"
    },
    {
      "id": "s2K69fu6mh5GQDJV2Cpxk",
      "x": 318,
      "y": 241,
      "z": 1869,
      "name": "Whiteboarding",
      "frameId": 0,
      "userId": "AzKMP4VR4hD_RIc-pC7wZ",
      "urlPreviewIsVisible": true,
      "width": 136,
      "height": 33,
      "isLocked": false,
      "backgroundColor": null,
      "spaceId": "AhQojRpGYG5VqUSwlRzJu",
      "nameUpdatedAt": "2023-07-15T23:07:57.221Z",
      "nameUpdatedByUserId": "euGhpBrR9eBcjKnK16C_g",
      "distanceFromOrigin": 399,
      "isRemoved": false,
      "linkToSpaceId": null,
      "linkToCardId": null,
      "linkToSpaceCollaboratorKey": null,
      "shouldHideUrlPreviewInfo": false,
      "shouldHideUrlPreviewImage": false,
      "shouldUpdateUrlPreview": false,
      "isComment": false,
      "urlPreviewUrl": null,
      "urlPreviewImage": null,
      "urlPreviewFavicon": null,
      "urlPreviewTitle": null,
      "urlPreviewDescription": null,
      "urlPreviewErrorUrl": null,
      "urlPreviewIframeUrl": null,
      "resizeWidth": null,
      "isCreatedThroughPublicApi": false,
      "counterIsVisible": false,
      "counterValue": 0,
      "createdAt": "2023-07-15T23:03:11.818Z",
      "updatedAt": "2023-07-15T23:07:57.222Z"
    },
    {
      "id": "L-zEGgxp6IqTmLmfpy08O",
      "x": 123,
      "y": 479,
      "z": 2246,
      "name": "Add cards by tapping anywhere",
      "frameId": null,
      "isRemoved": false,
      "nameUpdatedAt": "2023-12-25T00:02:56.492Z",
      "nameUpdatedByUserId": "L9TE0U_0kuulBQMBuk7jB",
      "linkToSpaceId": null,
      "linkToCardId": null,
      "linkToSpaceCollaboratorKey": null,
      "urlPreviewIsVisible": true,
      "shouldHideUrlPreviewInfo": false,
      "shouldHideUrlPreviewImage": false,
      "shouldUpdateUrlPreview": false,
      "isLocked": false,
      "isComment": false,
      "urlPreviewUrl": null,
      "urlPreviewImage": null,
      "urlPreviewFavicon": null,
      "urlPreviewTitle": null,
      "urlPreviewDescription": null,
      "urlPreviewErrorUrl": null,
      "urlPreviewIframeUrl": null,
      "backgroundColor": "rgb(252, 232, 179)",
      "resizeWidth": null,
      "isCreatedThroughPublicApi": false,
      "counterIsVisible": false,
      "counterValue": 1,
      "createdAt": "2022-07-18T21:47:23.898Z",
      "updatedAt": "2023-07-16T22:32:54.295Z",
      "spaceId": "AhQojRpGYG5VqUSwlRzJu",
      "userId": "AzKMP4VR4hD_RIc-pC7wZ",
      "distanceFromOrigin": 495,
      "width": 200,
      "height": 51
    },
    {
      "id": "i8Wjybt1-VVadJETvN0Av",
      "x": 516,
      "y": 181,
      "z": 2189,
      "name": "Create Lively Freeform Spaces\n\nhttps://files.kinopio.club/delica-van-small.jpg",
      "frameId": 0,
      "isRemoved": false,
      "nameUpdatedAt": "2023-07-16T22:31:32.712Z",
      "nameUpdatedByUserId": null,
      "linkToSpaceId": null,
      "linkToCardId": null,
      "linkToSpaceCollaboratorKey": null,
      "urlPreviewIsVisible": true,
      "shouldHideUrlPreviewInfo": false,
      "shouldHideUrlPreviewImage": false,
      "shouldUpdateUrlPreview": false,
      "isLocked": false,
      "isComment": false,
      "urlPreviewUrl": null,
      "urlPreviewImage": null,
      "urlPreviewFavicon": null,
      "urlPreviewTitle": null,
      "urlPreviewDescription": null,
      "urlPreviewErrorUrl": null,
      "urlPreviewIframeUrl": null,
      "backgroundColor": null,
      "resizeWidth": 259,
      "isCreatedThroughPublicApi": false,
      "counterIsVisible": false,
      "counterValue": 1,
      "createdAt": "2022-07-18T21:47:23.956Z",
      "updatedAt": "2023-07-16T22:31:32.713Z",
      "spaceId": "AhQojRpGYG5VqUSwlRzJu",
      "userId": "AzKMP4VR4hD_RIc-pC7wZ",
      "distanceFromOrigin": 547,
      "width": 259,
      "height": 186
    },
    {
      "id": "IfKGsV2UIjUYmTZs2Wv75",
      "x": 404,
      "y": 465,
      "z": 2260,
      "name": "https://files.kinopio.club/connecting-cards.mp4",
      "frameId": null,
      "isRemoved": false,
      "nameUpdatedAt": "2023-07-16T22:32:27.225Z",
      "nameUpdatedByUserId": "euGhpBrR9eBcjKnK16C_g",
      "linkToSpaceId": null,
      "linkToCardId": null,
      "linkToSpaceCollaboratorKey": null,
      "urlPreviewIsVisible": true,
      "shouldHideUrlPreviewInfo": false,
      "shouldHideUrlPreviewImage": false,
      "shouldUpdateUrlPreview": false,
      "isLocked": false,
      "isComment": false,
      "urlPreviewUrl": null,
      "urlPreviewImage": null,
      "urlPreviewFavicon": null,
      "urlPreviewTitle": null,
      "urlPreviewDescription": null,
      "urlPreviewErrorUrl": null,
      "urlPreviewIframeUrl": null,
      "backgroundColor": null,
      "resizeWidth": 220,
      "isCreatedThroughPublicApi": false,
      "counterIsVisible": false,
      "counterValue": 1,
      "createdAt": "2022-07-18T21:47:24.015Z",
      "updatedAt": "2023-07-16T22:32:27.226Z",
      "spaceId": "AhQojRpGYG5VqUSwlRzJu",
      "userId": "AzKMP4VR4hD_RIc-pC7wZ",
      "distanceFromOrigin": 620,
      "width": 220,
      "height": 125
    },
    {
      "id": "vpv9tvf13FpBB48-1PTEZ",
      "x": 118,
      "y": 632,
      "z": 2136,
      "name": "::systemCommand=newSpace",
      "frameId": 0,
      "userId": "AzKMP4VR4hD_RIc-pC7wZ",
      "urlPreviewIsVisible": true,
      "width": 141,
      "height": 35,
      "isLocked": false,
      "backgroundColor": "rgb(227, 227, 227)",
      "spaceId": "AhQojRpGYG5VqUSwlRzJu",
      "nameUpdatedAt": "2023-12-25T00:04:43.761Z",
      "nameUpdatedByUserId": "L9TE0U_0kuulBQMBuk7jB",
      "distanceFromOrigin": 643
    },
    {
      "id": "6S6cD-rRTagTwE4DYH-CQ",
      "x": 118,
      "y": 679,
      "z": 2135,
      "name": "::systemCommand=templates",
      "frameId": 0,
      "userId": "AzKMP4VR4hD_RIc-pC7wZ",
      "urlPreviewIsVisible": true,
      "width": 141,
      "height": 35,
      "isLocked": false,
      "backgroundColor": "rgb(227, 227, 227)",
      "spaceId": "AhQojRpGYG5VqUSwlRzJu",
      "nameUpdatedAt": "2023-12-25T00:04:55.972Z",
      "nameUpdatedByUserId": "L9TE0U_0kuulBQMBuk7jB",
      "distanceFromOrigin": 689
    },
    {
      "id": "dOLI8AaWHkZn520LJKG-e",
      "x": 472,
      "y": 624,
      "z": 2261,
      "name": "https://cdn.kinopio.club/R4JoZXWYNEbaZ3pRdKHQj/3.mp4",
      "frameId": 0,
      "userId": "AzKMP4VR4hD_RIc-pC7wZ",
      "urlPreviewIsVisible": true,
      "width": 221,
      "height": 126,
      "isLocked": false,
      "spaceId": "AhQojRpGYG5VqUSwlRzJu",
      "nameUpdatedAt": "2023-12-25T00:25:30.843Z",
      "nameUpdatedByUserId": "EuCT_QG3-YLuFta_NpL8L",
      "resizeWidth": 221,
      "distanceFromOrigin": 702
    },
    {
      "id": "qkgUvjyAohsmK8o6kejbA",
      "x": 95,
      "y": 854,
      "z": 2244,
      "name": "::systemCommand=explore community spaces\n\nhttps://files.kinopio.club/explore.jpeg",
      "frameId": null,
      "isRemoved": false,
      "nameUpdatedAt": "2023-07-17T03:15:19.290Z",
      "nameUpdatedByUserId": "euGhpBrR9eBcjKnK16C_g",
      "linkToSpaceId": null,
      "linkToCardId": null,
      "linkToSpaceCollaboratorKey": null,
      "urlPreviewIsVisible": true,
      "shouldHideUrlPreviewInfo": false,
      "shouldHideUrlPreviewImage": false,
      "shouldUpdateUrlPreview": false,
      "isLocked": false,
      "isComment": false,
      "urlPreviewUrl": null,
      "urlPreviewImage": null,
      "urlPreviewFavicon": null,
      "urlPreviewTitle": null,
      "urlPreviewDescription": null,
      "urlPreviewErrorUrl": null,
      "urlPreviewIframeUrl": null,
      "backgroundColor": null,
      "resizeWidth": 254,
      "isCreatedThroughPublicApi": false,
      "counterIsVisible": false,
      "counterValue": 1,
      "createdAt": "2022-07-18T21:47:24.067Z",
      "updatedAt": "2023-07-17T03:15:19.290Z",
      "spaceId": "AhQojRpGYG5VqUSwlRzJu",
      "userId": "AzKMP4VR4hD_RIc-pC7wZ",
      "distanceFromOrigin": 801,
      "width": 254,
      "height": 143
    },
    {
      "id": "t--CRVwOlunxFS7VZRLnh",
      "x": 813,
      "y": 181,
      "z": 2242,
      "name": "https://www.youtube.com/watch?v=jfKfPfyJRdk&hidden=true",
      "frameId": 0,
      "userId": "AzKMP4VR4hD_RIc-pC7wZ",
      "urlPreviewIsVisible": true,
      "width": 200,
      "height": 206,
      "isLocked": false,
      "spaceId": "AhQojRpGYG5VqUSwlRzJu",
      "nameUpdatedAt": "2023-12-25T00:09:13.099Z",
      "nameUpdatedByUserId": "L9TE0U_0kuulBQMBuk7jB",
      "resizeWidth": null,
      "urlPreviewUrl": "https://www.youtube.com/watch?v=jfKfPfyJRdk",
      "urlPreviewTitle": "lofi hip hop radio 📚 - beats to relax/study to",
      "urlPreviewDescription": "🎼 | Listen on Spotify, Apple music and more\n→  https://fanlink.to/lofigirl-music\n\n🌎 | Lofi Girl on all social media\n→  https://fanlink.to/lofigirl-social\n\n👕 | Lofi Girl merch\n→  https://bit.ly/Iofigirl-shop\n\n🎭 | Create your lofi avatar now\n→  https://lofigirl.com/generator/\n\n…",
      "urlPreviewImage": "https://i.ytimg.com/vi/jfKfPfyJRdk/maxresdefault_live.jpg",
      "urlPreviewFavicon": "https://www.youtube.com/s/desktop/28b0985e/img/favicon_144x144.png",
      "urlPreviewIframeUrl": "https://www.youtube.com/embed/jfKfPfyJRdk?rel=0&autoplay=1",
      "distanceFromOrigin": 827,
      "shouldHideUrlPreviewInfo": false,
      "shouldHideUrlPreviewImage": false
    },
    {
      "id": "RUOTfuYnwfjXTFz5Lt6HK",
      "x": 768,
      "y": 530,
      "z": 2243,
      "name": "https://cdn.kinopio.club/sxgcwhE5WoypHFn58JF5u/hand-made-patch.webp",
      "frameId": 0,
      "isRemoved": false,
      "nameUpdatedAt": "2024-01-05T19:05:20.339Z",
      "nameUpdatedByUserId": "AzKMP4VR4hD_RIc-pC7wZ",
      "linkToSpaceId": null,
      "linkToCardId": null,
      "linkToSpaceCollaboratorKey": null,
      "urlPreviewIsVisible": true,
      "shouldHideUrlPreviewInfo": false,
      "shouldHideUrlPreviewImage": false,
      "shouldUpdateUrlPreview": false,
      "isLocked": false,
      "isComment": false,
      "urlPreviewUrl": null,
      "urlPreviewImage": null,
      "urlPreviewFavicon": null,
      "urlPreviewTitle": null,
      "urlPreviewDescription": null,
      "urlPreviewErrorUrl": null,
      "urlPreviewIframeUrl": null,
      "backgroundColor": null,
      "resizeWidth": 176,
      "isCreatedThroughPublicApi": false,
      "counterIsVisible": false,
      "counterValue": 1,
      "createdAt": "2022-07-18T21:47:24.289Z",
      "updatedAt": "2023-07-15T23:13:44.178Z",
      "spaceId": "AhQojRpGYG5VqUSwlRzJu",
      "userId": "AzKMP4VR4hD_RIc-pC7wZ",
      "distanceFromOrigin": 933,
      "width": 176,
      "height": 176
    },
    {
      "id": "eMCYdsjvHQ2Og2fPa9Bts",
      "x": 517,
      "y": 854,
      "z": 2229,
      "name": "More Features\nhttps://files.kinopio.club/race-car.png",
      "frameId": 0,
      "isRemoved": false,
      "nameUpdatedAt": "2023-07-15T23:07:57.056Z",
      "nameUpdatedByUserId": null,
      "linkToSpaceId": null,
      "linkToCardId": null,
      "linkToSpaceCollaboratorKey": null,
      "urlPreviewIsVisible": true,
      "shouldHideUrlPreviewInfo": false,
      "shouldHideUrlPreviewImage": false,
      "shouldUpdateUrlPreview": false,
      "isLocked": false,
      "isComment": false,
      "urlPreviewUrl": null,
      "urlPreviewImage": null,
      "urlPreviewFavicon": null,
      "urlPreviewTitle": null,
      "urlPreviewDescription": null,
      "urlPreviewErrorUrl": null,
      "urlPreviewIframeUrl": null,
      "backgroundColor": null,
      "resizeWidth": 217,
      "isCreatedThroughPublicApi": false,
      "counterIsVisible": false,
      "counterValue": 1,
      "createdAt": "2022-07-18T21:47:24.130Z",
      "updatedAt": "2023-07-15T23:07:57.056Z",
      "spaceId": "AhQojRpGYG5VqUSwlRzJu",
      "userId": "AzKMP4VR4hD_RIc-pC7wZ",
      "distanceFromOrigin": 950,
      "width": 217,
      "height": 145
    },
    {
      "id": "HzSCZAV_RhQ180QKM1voy",
      "x": 248,
      "y": 1021,
      "z": 2230,
      "name": "https://kinopio.club/roadmap-3CBHtivu7X7nTzrcaTFQV ",
      "frameId": 0,
      "userId": "AzKMP4VR4hD_RIc-pC7wZ",
      "urlPreviewIsVisible": true,
      "width": 200,
      "height": 123,
      "isLocked": false,
      "backgroundColor": null,
      "spaceId": "AhQojRpGYG5VqUSwlRzJu",
      "nameUpdatedAt": "2023-07-15T23:07:57.082Z",
      "nameUpdatedByUserId": "euGhpBrR9eBcjKnK16C_g",
      "linkToSpaceId": null,
      "linkToSpaceCollaboratorKey": null,
      "resizeWidth": 0,
      "type": "updateCard",
      "distanceFromOrigin": 994,
      "isRemoved": false,
      "linkToCardId": null,
      "shouldHideUrlPreviewInfo": false,
      "shouldHideUrlPreviewImage": false,
      "shouldUpdateUrlPreview": false,
      "isComment": false,
      "urlPreviewUrl": null,
      "urlPreviewImage": null,
      "urlPreviewFavicon": null,
      "urlPreviewTitle": null,
      "urlPreviewDescription": null,
      "urlPreviewErrorUrl": null,
      "urlPreviewIframeUrl": null,
      "isCreatedThroughPublicApi": false,
      "counterIsVisible": false,
      "counterValue": 0,
      "createdAt": "2023-07-15T22:48:58.688Z",
      "updatedAt": "2023-07-15T23:07:57.082Z"
    },
    {
      "id": "tf6yAPFXwgnd6_t16TcNJ",
      "x": 293,
      "y": 1086,
      "z": 2231,
      "name": "https://kinopio.club/computing-happiness-SrLvfAPsBIsor4g9iIW7D\n",
      "frameId": 0,
      "userId": "AzKMP4VR4hD_RIc-pC7wZ",
      "urlPreviewIsVisible": true,
      "width": 200,
      "height": 105,
      "isLocked": false,
      "backgroundColor": null,
      "spaceId": "AhQojRpGYG5VqUSwlRzJu",
      "nameUpdatedAt": "2023-07-15T23:07:57.095Z",
      "nameUpdatedByUserId": "euGhpBrR9eBcjKnK16C_g",
      "linkToSpaceId": null,
      "linkToSpaceCollaboratorKey": null,
      "resizeWidth": 0,
      "type": "updateCard",
      "distanceFromOrigin": 1069,
      "isRemoved": false,
      "linkToCardId": null,
      "shouldHideUrlPreviewInfo": false,
      "shouldHideUrlPreviewImage": false,
      "shouldUpdateUrlPreview": false,
      "isComment": false,
      "urlPreviewUrl": null,
      "urlPreviewImage": null,
      "urlPreviewFavicon": null,
      "urlPreviewTitle": null,
      "urlPreviewDescription": null,
      "urlPreviewErrorUrl": null,
      "urlPreviewIframeUrl": null,
      "isCreatedThroughPublicApi": false,
      "counterIsVisible": false,
      "counterValue": 0,
      "createdAt": "2023-07-15T22:47:46.082Z",
      "updatedAt": "2023-07-15T23:07:57.096Z"
    },
    {
      "id": "FfNEIjv90pj_57l2DjYnQ",
      "x": 352,
      "y": 1155,
      "z": 2232,
      "name": "https://kinopio.club/kinopio-architecture-and-costs-JOGXFJ0FEMpS3crbh6U9k",
      "frameId": null,
      "isRemoved": false,
      "nameUpdatedAt": "2023-07-15T23:07:57.143Z",
      "nameUpdatedByUserId": "euGhpBrR9eBcjKnK16C_g",
      "linkToSpaceId": null,
      "linkToSpaceCollaboratorKey": null,
      "urlPreviewIsVisible": true,
      "shouldHideUrlPreviewInfo": false,
      "shouldHideUrlPreviewImage": false,
      "shouldUpdateUrlPreview": false,
      "isLocked": false,
      "isComment": false,
      "urlPreviewUrl": null,
      "urlPreviewImage": null,
      "urlPreviewFavicon": null,
      "urlPreviewTitle": null,
      "urlPreviewDescription": null,
      "urlPreviewErrorUrl": null,
      "urlPreviewIframeUrl": null,
      "backgroundColor": null,
      "resizeWidth": 0,
      "isCreatedThroughPublicApi": false,
      "counterIsVisible": false,
      "counterValue": 1,
      "createdAt": "2022-07-18T21:47:24.153Z",
      "updatedAt": "2023-07-15T23:07:57.145Z",
      "spaceId": "AhQojRpGYG5VqUSwlRzJu",
      "userId": "AzKMP4VR4hD_RIc-pC7wZ",
      "distanceFromOrigin": 1152,
      "width": 200,
      "height": 123,
      "type": "updateCard",
      "linkToCardId": null
    },
    {
      "id": "5Wv2npyTOSWVrfcJ5m5hx",
      "x": 725,
      "y": 1020,
      "z": 2233,
      "name": "https://cdn.kinopio.club/JjjQdKPST3WoCvech3OjU/4.mp4",
      "frameId": 0,
      "userId": "AzKMP4VR4hD_RIc-pC7wZ",
      "urlPreviewIsVisible": true,
      "width": 200,
      "height": 114,
      "isLocked": false,
      "backgroundColor": null,
      "spaceId": "AhQojRpGYG5VqUSwlRzJu",
      "nameUpdatedAt": "2023-07-15T23:14:28.047Z",
      "nameUpdatedByUserId": "euGhpBrR9eBcjKnK16C_g",
      "distanceFromOrigin": 1206,
      "isRemoved": false,
      "linkToSpaceId": null,
      "linkToCardId": null,
      "linkToSpaceCollaboratorKey": null,
      "shouldHideUrlPreviewInfo": false,
      "shouldHideUrlPreviewImage": false,
      "shouldUpdateUrlPreview": false,
      "isComment": false,
      "urlPreviewUrl": null,
      "urlPreviewImage": null,
      "urlPreviewFavicon": null,
      "urlPreviewTitle": null,
      "urlPreviewDescription": null,
      "urlPreviewErrorUrl": null,
      "urlPreviewIframeUrl": null,
      "resizeWidth": null,
      "isCreatedThroughPublicApi": false,
      "counterIsVisible": false,
      "counterValue": 0,
      "createdAt": "2023-07-15T23:13:57.544Z",
      "updatedAt": "2023-07-15T23:14:28.047Z"
    },
    {
      "id": "nqjAvUE_vmlSQyGarVchD",
      "x": 725,
      "y": 1145,
      "z": 2234,
      "name": "Use [[Tags]] to organize related cards across spaces",
      "frameId": 0,
      "isRemoved": false,
      "nameUpdatedAt": "2023-07-15T23:14:28.059Z",
      "nameUpdatedByUserId": null,
      "linkToSpaceId": null,
      "linkToCardId": null,
      "linkToSpaceCollaboratorKey": null,
      "urlPreviewIsVisible": true,
      "shouldHideUrlPreviewInfo": false,
      "shouldHideUrlPreviewImage": false,
      "shouldUpdateUrlPreview": false,
      "isLocked": false,
      "isComment": false,
      "urlPreviewUrl": null,
      "urlPreviewImage": null,
      "urlPreviewFavicon": null,
      "urlPreviewTitle": null,
      "urlPreviewDescription": null,
      "urlPreviewErrorUrl": null,
      "urlPreviewIframeUrl": null,
      "backgroundColor": null,
      "resizeWidth": 0,
      "isCreatedThroughPublicApi": false,
      "counterIsVisible": false,
      "counterValue": 1,
      "createdAt": "2022-07-18T21:47:24.149Z",
      "updatedAt": "2023-07-15T23:14:28.059Z",
      "spaceId": "AhQojRpGYG5VqUSwlRzJu",
      "userId": "AzKMP4VR4hD_RIc-pC7wZ",
      "distanceFromOrigin": 1307,
      "width": 200,
      "height": 73
    },
    {
      "id": "kqvGODgD33aw2JddJl_08",
      "x": 120,
      "y": 1396,
      "z": 2235,
      "name": "Hi, you can call me Piri, and I make Kinopio",
      "frameId": 0,
      "userId": "AzKMP4VR4hD_RIc-pC7wZ",
      "urlPreviewIsVisible": true,
      "width": 200,
      "height": 51,
      "isLocked": false,
      "backgroundColor": null,
      "spaceId": "AhQojRpGYG5VqUSwlRzJu",
      "nameUpdatedAt": "2023-12-24T23:54:31.096Z",
      "nameUpdatedByUserId": "L9TE0U_0kuulBQMBuk7jB",
      "resizeWidth": null,
      "distanceFromOrigin": 1343
    },
    {
      "id": "nY7GtQUIC2q4VaNvhrc8h",
      "x": 725,
      "y": 1230,
      "z": 2236,
      "name": "`Share → Invite` to collaborate with your friends or group ",
      "frameId": null,
      "isRemoved": false,
      "nameUpdatedAt": "2023-07-15T23:15:36.071Z",
      "nameUpdatedByUserId": null,
      "linkToSpaceId": null,
      "linkToCardId": null,
      "linkToSpaceCollaboratorKey": null,
      "urlPreviewIsVisible": true,
      "shouldHideUrlPreviewInfo": false,
      "shouldHideUrlPreviewImage": false,
      "shouldUpdateUrlPreview": false,
      "isLocked": false,
      "isComment": false,
      "urlPreviewUrl": null,
      "urlPreviewImage": null,
      "urlPreviewFavicon": null,
      "urlPreviewTitle": null,
      "urlPreviewDescription": null,
      "urlPreviewErrorUrl": null,
      "urlPreviewIframeUrl": null,
      "backgroundColor": null,
      "resizeWidth": 0,
      "isCreatedThroughPublicApi": false,
      "counterIsVisible": false,
      "counterValue": 1,
      "createdAt": "2022-07-18T21:47:24.158Z",
      "updatedAt": "2023-07-15T23:15:36.071Z",
      "spaceId": "AhQojRpGYG5VqUSwlRzJu",
      "userId": "AzKMP4VR4hD_RIc-pC7wZ",
      "distanceFromOrigin": 1379,
      "width": 200,
      "height": 69
    },
    {
      "id": "grh9vWvXf11cZbZEvi-Ij",
      "x": 120,
      "y": 1459,
      "z": 2237,
      "name": "I believe in building ethical, economically-sustainable, built-to-last [organic software](https://pketh.org/organic-software.html). Kinopio is 100% funded and made possible by people like you",
      "frameId": 0,
      "userId": "AzKMP4VR4hD_RIc-pC7wZ",
      "urlPreviewIsVisible": true,
      "width": 200,
      "height": 141,
      "isLocked": false,
      "backgroundColor": null,
      "spaceId": "AhQojRpGYG5VqUSwlRzJu",
      "nameUpdatedAt": "2023-07-15T23:22:20.716Z",
      "nameUpdatedByUserId": "euGhpBrR9eBcjKnK16C_g",
      "distanceFromOrigin": 1405,
      "isRemoved": false,
      "linkToSpaceId": null,
      "linkToCardId": null,
      "linkToSpaceCollaboratorKey": null,
      "shouldHideUrlPreviewInfo": false,
      "shouldHideUrlPreviewImage": false,
      "shouldUpdateUrlPreview": false,
      "isComment": false,
      "urlPreviewUrl": null,
      "urlPreviewImage": null,
      "urlPreviewFavicon": null,
      "urlPreviewTitle": null,
      "urlPreviewDescription": null,
      "urlPreviewErrorUrl": null,
      "urlPreviewIframeUrl": null,
      "resizeWidth": null,
      "isCreatedThroughPublicApi": false,
      "counterIsVisible": false,
      "counterValue": 0,
      "createdAt": "2023-07-15T23:17:54.192Z",
      "updatedAt": "2023-07-15T23:22:20.717Z"
    },
    {
      "id": "r4-83aAbBqplt6SZVN-4P",
      "x": 350,
      "y": 1459,
      "z": 2238,
      "name": "https://pketh.org/how-kinopio-is-made.html?hidden=true",
      "frameId": 0,
      "userId": "AzKMP4VR4hD_RIc-pC7wZ",
      "urlPreviewIsVisible": true,
      "width": 200,
      "height": 171,
      "isLocked": false,
      "backgroundColor": null,
      "spaceId": "AhQojRpGYG5VqUSwlRzJu",
      "nameUpdatedAt": "2023-07-15T23:22:30.934Z",
      "nameUpdatedByUserId": "euGhpBrR9eBcjKnK16C_g",
      "urlPreviewUrl": "https://pketh.org/how-kinopio-is-made.html",
      "urlPreviewTitle": "How Kinopio is Made",
      "urlPreviewDescription": "You’ve probably heard, or lived, a story that goes like this…",
      "urlPreviewImage": "https://pketh.org/images/2020/porco-rosso-engine.jpg",
      "urlPreviewFavicon": "https://pketh.org/favicon.ico?v=3",
      "resizeWidth": 200,
      "distanceFromOrigin": 1444,
      "isRemoved": false,
      "linkToSpaceId": null,
      "linkToCardId": null,
      "linkToSpaceCollaboratorKey": null,
      "shouldHideUrlPreviewInfo": false,
      "shouldHideUrlPreviewImage": false,
      "shouldUpdateUrlPreview": false,
      "isComment": false,
      "urlPreviewErrorUrl": null,
      "urlPreviewIframeUrl": null,
      "isCreatedThroughPublicApi": false,
      "counterIsVisible": false,
      "counterValue": 0,
      "createdAt": "2023-07-15T23:21:33.404Z",
      "updatedAt": "2023-07-15T23:22:30.935Z"
    },
    {
      "id": "L_Mo0nnr0Nli2uqM263ij",
      "x": 118,
      "y": 726,
      "z": 2256,
      "name": "::systemCommand=apps",
      "frameId": 0,
      "isRemoved": false,
      "nameUpdatedAt": "2023-07-15T23:16:31.369Z",
      "nameUpdatedByUserId": null,
      "linkToSpaceId": null,
      "linkToCardId": null,
      "linkToSpaceCollaboratorKey": null,
      "urlPreviewIsVisible": true,
      "shouldHideUrlPreviewInfo": false,
      "shouldHideUrlPreviewImage": false,
      "shouldUpdateUrlPreview": false,
      "isLocked": false,
      "isComment": false,
      "urlPreviewUrl": null,
      "urlPreviewImage": null,
      "urlPreviewFavicon": null,
      "urlPreviewTitle": null,
      "urlPreviewDescription": null,
      "urlPreviewErrorUrl": null,
      "urlPreviewIframeUrl": null,
      "backgroundColor": null,
      "resizeWidth": 141,
      "isCreatedThroughPublicApi": false,
      "counterIsVisible": false,
      "counterValue": 1,
      "createdAt": "2022-07-18T21:47:24.376Z",
      "updatedAt": "2023-07-15T23:16:31.369Z",
      "spaceId": "AhQojRpGYG5VqUSwlRzJu",
      "userId": "AzKMP4VR4hD_RIc-pC7wZ",
      "distanceFromOrigin": 1448,
      "width": 141,
      "height": 53
    },
    {
      "id": "EfZE2_gNqHWuJTfW1EXfN",
      "x": 952,
      "y": 1146,
      "z": 2262,
      "name": "[[Tip]] This card uses [[Tags]]",
      "frameId": 0,
      "isRemoved": false,
      "nameUpdatedAt": "2023-12-25T00:00:24.855Z",
      "nameUpdatedByUserId": "L9TE0U_0kuulBQMBuk7jB",
      "linkToSpaceId": null,
      "linkToCardId": null,
      "linkToSpaceCollaboratorKey": null,
      "urlPreviewIsVisible": true,
      "shouldHideUrlPreviewInfo": false,
      "shouldHideUrlPreviewImage": false,
      "shouldUpdateUrlPreview": false,
      "isLocked": false,
      "isComment": false,
      "urlPreviewUrl": null,
      "urlPreviewImage": null,
      "urlPreviewFavicon": null,
      "urlPreviewTitle": null,
      "urlPreviewDescription": null,
      "urlPreviewErrorUrl": null,
      "urlPreviewIframeUrl": null,
      "backgroundColor": null,
      "resizeWidth": null,
      "isCreatedThroughPublicApi": false,
      "counterIsVisible": false,
      "counterValue": 1,
      "createdAt": "2022-07-18T21:47:24.602Z",
      "updatedAt": "2023-07-15T23:14:30.410Z",
      "spaceId": "AhQojRpGYG5VqUSwlRzJu",
      "userId": "AzKMP4VR4hD_RIc-pC7wZ",
      "distanceFromOrigin": 1456,
      "width": 200,
      "height": 59
    },
    {
      "id": "N4C4F6kdvYGWfNmlUeqre",
      "x": 120,
      "y": 1612,
      "z": 2240,
      "name": "Email me anytime at [hi@kinopio.club](mailto:hi@kinopio.club)",
      "frameId": 0,
      "userId": "AzKMP4VR4hD_RIc-pC7wZ",
      "urlPreviewIsVisible": true,
      "width": 200,
      "height": 51,
      "isLocked": false,
      "backgroundColor": null,
      "spaceId": "AhQojRpGYG5VqUSwlRzJu",
      "nameUpdatedAt": "2023-07-15T23:22:20.706Z",
      "nameUpdatedByUserId": "euGhpBrR9eBcjKnK16C_g",
      "urlPreviewErrorUrl": "https://hi@kinopio.cl",
      "urlPreviewUrl": "https://hi@kinopio.cl",
      "distanceFromOrigin": 1558,
      "isRemoved": false,
      "linkToSpaceId": null,
      "linkToCardId": null,
      "linkToSpaceCollaboratorKey": null,
      "shouldHideUrlPreviewInfo": false,
      "shouldHideUrlPreviewImage": false,
      "shouldUpdateUrlPreview": false,
      "isComment": false,
      "urlPreviewImage": null,
      "urlPreviewFavicon": null,
      "urlPreviewTitle": null,
      "urlPreviewDescription": null,
      "urlPreviewIframeUrl": null,
      "resizeWidth": null,
      "isCreatedThroughPublicApi": false,
      "counterIsVisible": false,
      "counterValue": 0,
      "createdAt": "2023-07-15T23:18:34.745Z",
      "updatedAt": "2023-07-15T23:22:20.707Z"
    },
    {
      "id": "As24BgewMWWTlrP1ddkLA",
      "x": 851,
      "y": 1311,
      "z": 2241,
      "name": "psst, you can also make cards into comments like this.\n\nBut I also wanted to let you know that you can create, edit, and export your data with the API",
      "frameId": 0,
      "userId": "AzKMP4VR4hD_RIc-pC7wZ",
      "urlPreviewIsVisible": true,
      "width": 74,
      "height": 33,
      "isLocked": false,
      "backgroundColor": null,
      "spaceId": "AhQojRpGYG5VqUSwlRzJu",
      "nameUpdatedAt": "2023-07-17T13:44:13.958Z",
      "nameUpdatedByUserId": "euGhpBrR9eBcjKnK16C_g",
      "resizeWidth": 0,
      "isComment": true,
      "urlPreviewUrl": "https://help.kinopio.club/api",
      "urlPreviewTitle": "Kinopio API",
      "urlPreviewDescription": "Help site for Kinopio, the spatial thinking tool for building new ideas and solving hard problems.",
      "urlPreviewImage": "",
      "urlPreviewFavicon": "",
      "distanceFromOrigin": 1567,
      "isRemoved": false,
      "linkToSpaceId": null,
      "linkToCardId": null,
      "linkToSpaceCollaboratorKey": null,
      "shouldHideUrlPreviewInfo": false,
      "shouldHideUrlPreviewImage": false,
      "shouldUpdateUrlPreview": false,
      "urlPreviewErrorUrl": null,
      "urlPreviewIframeUrl": null,
      "isCreatedThroughPublicApi": false,
      "counterIsVisible": false,
      "counterValue": 0,
      "createdAt": "2023-07-15T23:15:23.317Z",
      "updatedAt": "2023-07-15T23:16:31.359Z"
    }
  ],
  "connections": [
    {
      "startItemId": "2sSu3ifT5Rz1MsDfP3WE4",
      "endItemId": "HptU_kYyoM0D-kPPJcKl5",
      "path": "m243,147 q90,40 195,20",
      "controlPoint": null,
      "id": "ONvvnECMdiaridRoePxe_",
      "spaceId": "AhQojRpGYG5VqUSwlRzJu",
      "userId": "AzKMP4VR4hD_RIc-pC7wZ",
      "connectionTypeId": "pVKmqFPNP_O6LPmoQxzNm",
      "distanceFromOrigin": 284,
      "labelIsVisible": false,
      "directionIsVisible": false,
      "createdAt": "2023-07-15T23:03:35.156Z",
      "updatedAt": "2023-07-15T23:07:57.246Z"
    },
    {
      "startItemId": "2sSu3ifT5Rz1MsDfP3WE4",
      "endItemId": "QLh9ODjmR-IUlfnJXe70i",
      "path": "m243,147 q90,40 196,65",
      "controlPoint": null,
      "id": "vsYe4fHwuNrRzGw1-E9Td",
      "spaceId": "AhQojRpGYG5VqUSwlRzJu",
      "userId": "AzKMP4VR4hD_RIc-pC7wZ",
      "connectionTypeId": "pVKmqFPNP_O6LPmoQxzNm",
      "distanceFromOrigin": 284,
      "labelIsVisible": false,
      "directionIsVisible": false,
      "createdAt": "2023-07-15T23:03:39.136Z",
      "updatedAt": "2023-07-15T23:07:57.251Z"
    },
    {
      "startItemId": "2sSu3ifT5Rz1MsDfP3WE4",
      "endItemId": "s2K69fu6mh5GQDJV2Cpxk",
      "path": "m243,147 q90,40 196,110",
      "controlPoint": null,
      "id": "AkfXbd-zn4wZEvpmuEm30",
      "spaceId": "AhQojRpGYG5VqUSwlRzJu",
      "userId": "AzKMP4VR4hD_RIc-pC7wZ",
      "connectionTypeId": "pVKmqFPNP_O6LPmoQxzNm",
      "distanceFromOrigin": 284,
      "labelIsVisible": false,
      "directionIsVisible": false,
      "createdAt": "2023-07-15T23:03:45.747Z",
      "updatedAt": "2023-07-15T23:07:57.257Z"
    },
    {
      "id": "qCk-_okf83PsO3qGc7gkr",
      "startItemId": "vB5xMJQkytCXungscE7qW",
      "endItemId": "L-zEGgxp6IqTmLmfpy08O",
      "path": "m265,370 q90,40 43,125",
      "labelIsVisible": true,
      "directionIsVisible": true,
      "controlPoint": null,
      "createdAt": "2022-07-18T21:47:23.421Z",
      "updatedAt": "2023-07-16T22:32:54.278Z",
      "spaceId": "AhQojRpGYG5VqUSwlRzJu",
      "userId": "AzKMP4VR4hD_RIc-pC7wZ",
      "connectionTypeId": "jGh9ibCFkCEYq2VNG5lu2",
      "distanceFromOrigin": 455,
      "labelRelativePositionX": 0.559322033898305,
      "labelRelativePositionY": 0.592
    },
    {
      "id": "R53RVFO9oH6by84Ny0zyJ",
      "startItemId": "L-zEGgxp6IqTmLmfpy08O",
      "endItemId": "IfKGsV2UIjUYmTZs2Wv75",
      "path": "m308,495 q90,40 301,-14",
      "labelIsVisible": false,
      "directionIsVisible": false,
      "controlPoint": null,
      "createdAt": "2022-07-18T21:47:23.486Z",
      "updatedAt": "2023-07-16T22:32:54.286Z",
      "spaceId": "AhQojRpGYG5VqUSwlRzJu",
      "userId": "AzKMP4VR4hD_RIc-pC7wZ",
      "connectionTypeId": "jGh9ibCFkCEYq2VNG5lu2",
      "distanceFromOrigin": 583
    },
    {
      "id": "qg14PAGzqMc-MVTsmPfiH",
      "startItemId": "IfKGsV2UIjUYmTZs2Wv75",
      "endItemId": "i8Wjybt1-VVadJETvN0Av",
      "path": "m608,479 q90,40 152,-282",
      "labelIsVisible": false,
      "directionIsVisible": false,
      "controlPoint": null,
      "createdAt": "2022-07-18T21:47:23.531Z",
      "updatedAt": "2023-07-16T22:32:27.265Z",
      "spaceId": "AhQojRpGYG5VqUSwlRzJu",
      "userId": "AzKMP4VR4hD_RIc-pC7wZ",
      "connectionTypeId": "jGh9ibCFkCEYq2VNG5lu2",
      "distanceFromOrigin": 790
    },
    {
      "startItemId": "IfKGsV2UIjUYmTZs2Wv75",
      "endItemId": "dOLI8AaWHkZn520LJKG-e",
      "path": "m609,481 q90,40 68,156",
      "controlPoint": null,
      "id": "Yxi9iM7cPZ2C5pwF1Rdcz",
      "spaceId": "AhQojRpGYG5VqUSwlRzJu",
      "userId": "AzKMP4VR4hD_RIc-pC7wZ",
      "connectionTypeId": "jGh9ibCFkCEYq2VNG5lu2",
      "distanceFromOrigin": 842
    },
    {
      "id": "TiInIvJs3EVrTHzzInWia",
      "startItemId": "qkgUvjyAohsmK8o6kejbA",
      "endItemId": "FfNEIjv90pj_57l2DjYnQ",
      "path": "m334,870 q90,40 203,301",
      "labelIsVisible": false,
      "directionIsVisible": false,
      "controlPoint": null,
      "createdAt": "2022-07-18T21:47:23.763Z",
      "updatedAt": "2023-07-17T03:15:19.307Z",
      "spaceId": "AhQojRpGYG5VqUSwlRzJu",
      "userId": "AzKMP4VR4hD_RIc-pC7wZ",
      "connectionTypeId": "pVKmqFPNP_O6LPmoQxzNm",
      "distanceFromOrigin": 878
    },
    {
      "startItemId": "qkgUvjyAohsmK8o6kejbA",
      "endItemId": "HzSCZAV_RhQ180QKM1voy",
      "controlPoint": null,
      "id": "zVqc7R5cS0lAvmV0WQsWF",
      "spaceId": "AhQojRpGYG5VqUSwlRzJu",
      "userId": "AzKMP4VR4hD_RIc-pC7wZ",
      "connectionTypeId": "pVKmqFPNP_O6LPmoQxzNm",
      "labelIsVisible": true,
      "labelRelativePositionX": 0.5,
      "labelRelativePositionY": 0.5,
      "distanceFromOrigin": 878,
      "directionIsVisible": false,
      "createdAt": "2023-07-15T22:49:12.670Z",
      "updatedAt": "2023-07-17T03:15:19.335Z",
      "path": "m334,870 q90,40 99,167"
    },
    {
      "startItemId": "qkgUvjyAohsmK8o6kejbA",
      "endItemId": "tf6yAPFXwgnd6_t16TcNJ",
      "controlPoint": null,
      "id": "7GMJQWj5HDLZqmuI5V4B4",
      "spaceId": "AhQojRpGYG5VqUSwlRzJu",
      "userId": "AzKMP4VR4hD_RIc-pC7wZ",
      "connectionTypeId": "pVKmqFPNP_O6LPmoQxzNm",
      "distanceFromOrigin": 878,
      "labelIsVisible": false,
      "directionIsVisible": false,
      "createdAt": "2023-07-15T22:49:19.750Z",
      "updatedAt": "2023-07-17T03:15:19.328Z",
      "path": "m334,869 q90,40 37,167",
      "labelRelativePositionX": 0.66,
      "labelRelativePositionY": 0.05
    },
    {
      "startItemId": "eMCYdsjvHQ2Og2fPa9Bts",
      "endItemId": "5Wv2npyTOSWVrfcJ5m5hx",
      "controlPoint": null,
      "id": "3x6JllMqLv3MqVTJ6NLSf",
      "spaceId": "AhQojRpGYG5VqUSwlRzJu",
      "userId": "AzKMP4VR4hD_RIc-pC7wZ",
      "connectionTypeId": "xUE-eioucojKYICgBWepx",
      "directionIsVisible": false,
      "labelIsVisible": false,
      "distanceFromOrigin": 1086,
      "createdAt": "2023-07-15T23:14:15.849Z",
      "updatedAt": "2023-07-16T22:32:18.559Z",
      "path": "m719,870 q90,40 191,166"
    },
    {
      "startItemId": "5Wv2npyTOSWVrfcJ5m5hx",
      "endItemId": "nqjAvUE_vmlSQyGarVchD",
      "controlPoint": "q00,00",
      "id": "Rh2kuM30uqxufEE56QGnr",
      "spaceId": "AhQojRpGYG5VqUSwlRzJu",
      "userId": "AzKMP4VR4hD_RIc-pC7wZ",
      "connectionTypeId": "xUE-eioucojKYICgBWepx",
      "distanceFromOrigin": 1337,
      "labelIsVisible": false,
      "directionIsVisible": false,
      "createdAt": "2023-07-15T23:14:23.914Z",
      "updatedAt": "2023-07-15T23:14:28.106Z",
      "path": "m910,1036 q00,00 0,125"
    },
    {
      "id": "nA8fgAny_a-2PULxHwVvh",
      "startItemId": "nqjAvUE_vmlSQyGarVchD",
      "endItemId": "nY7GtQUIC2q4VaNvhrc8h",
      "labelIsVisible": false,
      "directionIsVisible": false,
      "controlPoint": "q00,00",
      "createdAt": "2022-07-18T21:47:23.770Z",
      "updatedAt": "2023-07-15T23:15:36.101Z",
      "spaceId": "AhQojRpGYG5VqUSwlRzJu",
      "userId": "AzKMP4VR4hD_RIc-pC7wZ",
      "connectionTypeId": "xUE-eioucojKYICgBWepx",
      "distanceFromOrigin": 1431,
      "path": "m910,1161 q00,00 0,85"
    },
    {
      "startItemId": "nY7GtQUIC2q4VaNvhrc8h",
      "endItemId": "As24BgewMWWTlrP1ddkLA",
      "path": "m910,1246 q00,00 0,81",
      "controlPoint": "q00,00",
      "id": "7V3O73-p_vql_GEPrdBWl",
      "spaceId": "AhQojRpGYG5VqUSwlRzJu",
      "userId": "AzKMP4VR4hD_RIc-pC7wZ",
      "connectionTypeId": "xUE-eioucojKYICgBWepx",
      "labelRelativePositionX": 0.5,
      "labelRelativePositionY": 0.5
    },
    {
      "startItemId": "grh9vWvXf11cZbZEvi-Ij",
      "endItemId": "r4-83aAbBqplt6SZVN-4P",
      "path": "m305,1475 q00,00 230,0",
      "controlPoint": "q00,00",
      "id": "EDm-AcTRtQdqeiy8mXOjk",
      "spaceId": "AhQojRpGYG5VqUSwlRzJu",
      "userId": "AzKMP4VR4hD_RIc-pC7wZ",
      "connectionTypeId": "xUE-eioucojKYICgBWepx"
    },
    {
      "startItemId": "nqjAvUE_vmlSQyGarVchD",
      "endItemId": "EfZE2_gNqHWuJTfW1EXfN",
      "path": "m909,1158 q00,00 228,2",
      "controlPoint": "q00,00",
      "id": "2rXK0evm8gktvKVWdBflS",
      "spaceId": "AhQojRpGYG5VqUSwlRzJu",
      "userId": "AzKMP4VR4hD_RIc-pC7wZ",
      "connectionTypeId": "xUE-eioucojKYICgBWepx"
    }
  ],
  "connectionTypes": [
    {
      "id": "jGh9ibCFkCEYq2VNG5lu2",
      "name": "How to Use",
      "color": "#7bee9f",
      "spaceId": "hUZAy8K_ZblEXTU80ifQs",
      "createdAt": "2022-07-18T21:47:23.401Z",
      "updatedAt": "2023-07-15T21:40:57.131Z",
      "userId": "AzKMP4VR4hD_RIc-pC7wZ"
    },
    {
      "id": "pVKmqFPNP_O6LPmoQxzNm",
      "name": "Examples",
      "color": "#ffca99",
      "createdAt": "2022-07-18T21:47:23.409Z",
      "updatedAt": "2023-07-15T21:40:57.138Z",
      "spaceId": "hUZAy8K_ZblEXTU80ifQs",
      "userId": "AzKMP4VR4hD_RIc-pC7wZ"
    },
    {
      "id": "xUE-eioucojKYICgBWepx",
      "name": "Try These",
      "color": "#d0a1ed",
      "spaceId": "hUZAy8K_ZblEXTU80ifQs",
      "createdAt": "2022-07-18T21:47:23.416Z",
      "updatedAt": "2023-07-15T21:40:57.143Z",
      "userId": "AzKMP4VR4hD_RIc-pC7wZ"
    }
  ],
  "cacheDate": 1703463508010,
  "removedCards": [],
  "originSpaceId": "",
  "tags": [
    {
      "id": "1aTwzI6j5F0AnaxRhoLdT",
      "name": "Tip",
      "color": "#fcfc8f",
      "createdAt": "2022-07-18T21:47:24.723Z",
      "updatedAt": "2023-07-15T21:40:57.333Z",
      "cardId": "EfZE2_gNqHWuJTfW1EXfN",
      "spaceId": "AhQojRpGYG5VqUSwlRzJu"
    },
    {
      "id": "KN97lmCLssVLqBZy6LrDU",
      "name": "Tags",
      "color": "#fcc4f6",
      "createdAt": "2022-07-18T21:47:24.719Z",
      "updatedAt": "2023-07-15T21:40:57.344Z",
      "cardId": "nqjAvUE_vmlSQyGarVchD",
      "spaceId": "AhQojRpGYG5VqUSwlRzJu"
    },
    {
      "id": "qnFYLAEfX7vxNgRNZrFsy",
      "name": "Tags",
      "color": "#fcc4f6",
      "createdAt": "2022-07-18T21:47:24.727Z",
      "updatedAt": "2023-07-15T21:40:57.365Z",
      "cardId": "EfZE2_gNqHWuJTfW1EXfN",
      "spaceId": "AhQojRpGYG5VqUSwlRzJu"
    }
  ],
  "boxes": [
    {
      "id": "h-dsJ1sWe75W3eGbPSgui",
      "name": "Who Makes Kinopio?",
      "x": 88,
      "y": 1331,
      "resizeWidth": 494,
      "resizeHeight": 368,
      "color": "rgb(189, 187, 247)",
      "fill": "empty",
      "isLocked": false,
      "createdAt": "2023-07-15T23:16:44.692Z",
      "updatedAt": "2023-07-17T03:15:48.232Z",
      "spaceId": "hUZAy8K_ZblEXTU80ifQs",
      "userId": "AzKMP4VR4hD_RIc-pC7wZ",
      "infoWidth": 165,
      "infoHeight": 30
    },
    {
      "id": "EUqF5hqdN_tFeGj0MLlgx",
      "spaceId": "VNkg8AyQOz5JOHMb8ENtC",
      "userId": "AzKMP4VR4hD_RIc-pC7wZ",
      "x": 98,
      "y": 582,
      "resizeWidth": 185,
      "resizeHeight": 220,
      "color": "rgb(109, 242, 202)",
      "fill": "filled",
      "name": "Get Started",
      "infoHeight": 30,
      "infoWidth": 100
    }
  ],
  "visits": 0,
  "isRemoved": false,
  "proposedShowInExplore": false,
  "showInExploreUpdatedAt": null,
  "removedByUserId": null,
  "readOnlyKey": "8LHhWwOiCD3UuVTwcHwWM",
  "userId": "AzKMP4VR4hD_RIc-pC7wZ"
}