{
  "id": "1",
  "name": "Inbox",
  "privacy": "private",
  "showInExplore": false,
  "collaboratorKey": "",
  "users": [],
  "collaborators": [],
  "spectators": [],
  "clients": [],
  "background": "https://bk.kinopio.club/blank.png",
  "backgroundTint": "#223c2f",
  "backgroundGradient": null,
  "backgroundIsGradient": false,
  "isTemplate": false,
  "cards": [
    {
      "id": "1",
      "x": 70,
      "y": 140,
      "z": 0,
      "name": "Use this space to collect thoughts, todos, and ideas that don't have a place to go yet\n\nCapture ideas from anywhere with the [browser extension](https://help.kinopio.club/posts/extensions) or the [iOS App](https://apps.apple.com/us/app/kinopio/id6448743101)",
      "width": 230,
      "height": 177
    },
    {
      "id": "2",
      "x": 320,
      "y": 140,
      "z": 0,
      "name": "When you're ready, work through your cards by moving them to other spaces",
      "width": 230,
      "height": 87
    }
  ],
  "connections": [],
  "connectionTypes": [],
  "cacheDate": 1565295601072,
  "removedCards": [],
  "originSpaceId": "",
  "tags": [],
  "boxes": [],
  "lines": []  
}
