{
  "id": "1",
  "name": "Loading… ",
  "privacy": "private",
  "showInExplore": false,
  "collaboratorKey": "",
  "users": [],
  "collaborators": [],
  "spectators": [],
  "clients": [],
  "background": "",
  "backgroundTint": "",
  "backgroundGradient": null,
  "backgroundIsGradient": false,
  "isTemplate": false,
  "cards": [],
  "connections": [],
  "connectionTypes": [],
  "cacheDate": 1565295601072,
  "removedCards": [],
  "originSpaceId": "",
  "tags": [],
  "boxes": [],
  "lines": [],  
  "visits": 0,
  "isRemoved": false,
  "groupId": null,
  "group": null,
  "drawingStrokes": [],
  "drawingImage": ""
}