<?xml version="1.0" encoding="UTF-8"?>
<!--
/**
 * Licensed to the Apache Software Foundation (ASF) under one
 * or more contributor license agreements.  See the NOTICE file
 * distributed with this work for additional information
 * regarding copyright ownership.  The ASF licenses this file
 * to you under the Apache License, Version 2.0 (the
 * "License"); you may not use this file except in compliance
 * with the License.  You may obtain a copy of the License at
 *
 *     http://www.apache.org/licenses/LICENSE-2.0
 *
 * Unless required by applicable law or agreed to in writing, software
 * distributed under the License is distributed on an "AS IS" BASIS,
 * WITHOUT WARRANTIES OR CONDITIONS OF ANY KIND, either express or implied.
 * See the License for the specific language governing permissions and
 * limitations under the License.
 */
-->
<configuration supports_final="true">
  <property>
    <name>common.name.for.certificate</name>
    <value/>
    <description>Common name for certificate, this value should match what is specified in repo within ranger admin</description>
    <value-attributes>
      <empty-value-valid>true</empty-value-valid>
    </value-attributes>
    <on-ambari-upgrade add="false"/>
  </property>
  <property>
    <name>policy_user</name>
    <value>ambari-qa</value>
    <display-name>Policy user for SEATUNNEL</display-name>
    <depends-on>
      <property>
        <type>ranger-env</type>
        <name>ranger_user</name>
      </property>
    </depends-on>
    <description>This user must be system user and also present at Ranger admin portal</description>
    <on-ambari-upgrade add="false"/>
  </property>
  <property>
    <name>ranger-seatunnel-plugin-enabled</name>
    <value>No</value>
    <display-name>Enable Ranger for seatunnel</display-name>
    <description>Enable ranger seatunnel plugin ?</description>
    <value-attributes>
      <type>boolean</type>
      <overridable>false</overridable>
    </value-attributes>
    <depends-on>
      <property>
        <type>ranger-env</type>
        <name>ranger-seatunnel-plugin-enabled</name>
      </property>
    </depends-on>
    <on-ambari-upgrade add="false"/>
  </property>
  <property>
    <name>REPOSITORY_CONFIG_USERNAME</name>
    <value>admin</value>
    <display-name>Ranger repository config user</display-name>
    <description>Used for repository creation on ranger admin</description>
    <depends-on>
      <property>
        <type>ranger-seatunnel-plugin-properties</type>
        <name>ranger-seatunnel-plugin-enabled</name>
      </property>
      <property>
        <type>seatunnel-env</type>
        <name>seatunnel_user</name>
      </property>
    </depends-on>
    <on-ambari-upgrade add="false"/>
  </property>
  <property>
    <name>REPOSITORY_CONFIG_PASSWORD</name>
    <value>seatunnel</value>
    <display-name>Ranger repository config password</display-name>
    <property-type>PASSWORD</property-type>
    <description>Used for repository creation on ranger admin</description>
    <value-attributes>
      <type>password</type>
    </value-attributes>
    <on-ambari-upgrade add="false"/>
  </property>

  <property>
    <name>external_admin_username</name>
    <value/>
    <display-name>External Ranger admin username</display-name>
    <description>Add ranger default admin username if want to communicate to external ranger</description>
    <value-attributes>
      <empty-value-valid>true</empty-value-valid>
    </value-attributes>
    <on-ambari-upgrade add="false"/>
  </property>
  <property>
    <name>external_admin_password</name>
    <value/>
    <display-name>External Ranger admin password</display-name>
    <property-type>PASSWORD</property-type>
    <description>Add ranger default admin password if want to communicate to external ranger</description>
    <value-attributes>
      <type>password</type>
      <empty-value-valid>true</empty-value-valid>
    </value-attributes>
    <on-ambari-upgrade add="false"/>
  </property>
  <property>
    <name>external_ranger_admin_username</name>
    <value/>
    <display-name>External Ranger Ambari admin username</display-name>
    <description>Add ranger default ambari admin username if want to communicate to external ranger</description>
    <value-attributes>
      <empty-value-valid>true</empty-value-valid>
    </value-attributes>
    <on-ambari-upgrade add="false"/>
  </property>
  <property>
    <name>external_ranger_admin_password</name>
    <value/>
    <display-name>External Ranger Ambari admin password</display-name>
    <property-type>PASSWORD</property-type>
    <description>Add ranger default ambari admin password if want to communicate to external ranger</description>
    <value-attributes>
      <type>password</type>
      <empty-value-valid>true</empty-value-valid>
    </value-attributes>
    <on-ambari-upgrade add="false"/>
  </property>
</configuration>
