<?xml version="1.0"?>
<!--
/**
 * Licensed to the Apache Software Foundation (ASF) under one
 * or more contributor license agreements.  See the NOTICE file
 * distributed with this work for additional information
 * regarding copyright ownership.  The ASF licenses this file
 * to you under the Apache License, Version 2.0 (the
 * "License"); you may not use this file except in compliance
 * with the License.  You may obtain a copy of the License at
 *
 *     http://www.apache.org/licenses/LICENSE-2.0
 *
 * Unless required by applicable law or agreed to in writing, software
 * distributed under the License is distributed on an "AS IS" BASIS,
 * WITHOUT WARRANTIES OR CONDITIONS OF ANY KIND, either express or implied.
 * See the License for the specific language governing permissions and
 * limitations under the License.
 */
-->
<configuration>
  <property>
    <name>xasecure.policymgr.clientssl.keystore</name>
    <value/>
    <description>Java Keystore files</description>
    <value-attributes>
      <empty-value-valid>true</empty-value-valid>
    </value-attributes>
    <on-ambari-upgrade add="false"/>
  </property>
  <property>
    <name>xasecure.policymgr.clientssl.keystore.password</name>
    <value>myKeyFilePassword</value>
    <property-type>PASSWORD</property-type>
    <description>password for keystore</description>
    <value-attributes>
      <type>password</type>
    </value-attributes>
    <on-ambari-upgrade add="false"/>
  </property>
  <property>
    <name>xasecure.policymgr.clientssl.truststore</name>
    <value/>
    <description>java truststore file</description>
    <value-attributes>
      <empty-value-valid>true</empty-value-valid>
    </value-attributes>
    <on-ambari-upgrade add="false"/>
  </property>
  <property>
    <name>xasecure.policymgr.clientssl.truststore.password</name>
    <value>changeit</value>
    <property-type>PASSWORD</property-type>
    <description>java truststore password</description>
    <value-attributes>
      <type>password</type>
    </value-attributes>
    <on-ambari-upgrade add="false"/>
  </property>
  <property>
    <name>xasecure.policymgr.clientssl.keystore.credential.file</name>
    <value>jceks://file{{credential_file}}</value>
    <description>java keystore credential file</description>
    <on-ambari-upgrade add="false"/>
  </property>
  <property>
    <name>xasecure.policymgr.clientssl.truststore.credential.file</name>
    <value>jceks://file{{credential_file}}</value>
    <description>java truststore credential file</description>
    <on-ambari-upgrade add="false"/>
  </property>
</configuration>
