<?xml version="1.0" encoding="UTF-8"?>
<!--
/**
 * Licensed to the Apache Software Foundation (ASF) under one
 * or more contributor license agreements.  See the NOTICE file
 * distributed with this work for additional information
 * regarding copyright ownership.  The ASF licenses this file
 * to you under the Apache License, Version 2.0 (the
 * "License"); you may not use this file except in compliance
 * with the License.  You may obtain a copy of the License at
 *
 *     http://www.apache.org/licenses/LICENSE-2.0
 *
 * Unless required by applicable law or agreed to in writing, software
 * distributed under the License is distributed on an "AS IS" BASIS,
 * WITHOUT WARRANTIES OR CONDITIONS OF ANY KIND, either express or implied.
 * See the License for the specific language governing permissions and
 * limitations under the License.
 */
-->
<configuration>
    <property require-input="true">
        <name>seatunnel_cluster_name</name>
        <value>seatunnel</value>
        <display-name>Seatunnel Cluster Name</display-name>
        <description>The cluster-name is used to specify the name of the cluster to which the job will be submitted
        </description>
    </property>
    <property require-input="true">
        <name>hazelcast_port</name>
        <value>5801</value>
        <display-name>Hazelcast Port</display-name>
        <description>Hazelcast member interaction port</description>
        <value-attributes>
            <type>int</type>
        </value-attributes>
    </property>

    <property require-input="true">
        <name>hazelcast_client_config_content</name>
        <display-name>Hazelcast Client Configuration</display-name>
        <description>Hazelcast client configuration template</description>
        <property-type>VALUE_FROM_PROPERTY_FILE</property-type>
        <value/>
        <value-attributes>
            <type>content</type>
            <property-file-name>hazelcast-client.yaml</property-file-name>
            <property-file-type>text</property-file-type>
        </value-attributes>
    </property>
</configuration>
