<?xml version="1.0"?>
<!--
/**
 * Licensed to the Apache Software Foundation (ASF) under one
 * or more contributor license agreements.  See the NOTICE file
 * distributed with this work for additional information
 * regarding copyright ownership.  The ASF licenses this file
 * to you under the Apache License, Version 2.0 (the
 * "License"); you may not use this file except in compliance
 * with the License.  You may obtain a copy of the License at
 *
 *     http://www.apache.org/licenses/LICENSE-2.0
 *
 * Unless required by applicable law or agreed to in writing, software
 * distributed under the License is distributed on an "AS IS" BASIS,
 * WITHOUT WARRANTIES OR CONDITIONS OF ANY KIND, either express or implied.
 * See the License for the specific language governing permissions and
 * limitations under the License.
 */
-->
<configuration>
    <property>
        <name>enable_rest_api</name>
        <value>false</value>
        <display-name>Enable Hazelcast REST API</display-name>
        <description>Enable hazelcast REST API</description>
        <value-attributes>
            <type>boolean</type>
        </value-attributes>
        <on-ambari-upgrade add="true"/>
    </property>
    <property>
        <name>hazelcast_config_content</name>
        <display-name>Hazelcast Configuration</display-name>
        <description>Hazelcast Configuration template</description>
        <property-type>VALUE_FROM_PROPERTY_FILE</property-type>
        <value/>
        <value-attributes>
            <type>content</type>
            <property-file-name>hazelcast.yaml</property-file-name>
            <property-file-type>text</property-file-type>
        </value-attributes>
    </property>
</configuration>
