{
  "version": "0.2",
  "ignorePaths": [],
  "dictionaryDefinitions": [],
  "dictionaries": [],
  "words": [
    "alist",
    "bittensor",
    "blocktime",
    "btcli",
    "btlogging",
    "CIRCOM",
    "circuitized",
    "coldkey",
    "dtype",
    "ezkl",
    "fastapi",
    "Gbps",
    "hexsha",
    "incentivizes",
    "Keypair",
    "libudev",
    "localnet",
    "logrows",
    "Mbps",
    "metagraph",
    "ndarray",
    "netuid",
    "onnxruntime",
    "Opentensor",
    "pydantic",
    "rustup",
    "setdefaulttimeout",
    "snarkjs",
    "starlette",
    "substrateinterface",
    "subtensor",
    "timespan",
    "tlsv",
    "uids",
    "uvicorn",
    "venv",
    "wandb",
    "zkproof"
  ],
  "ignoreWords": [],
  "import": []
}
