{
  "framework": "lithium",
  "tests": [
    {
      "default": {
        "json_url"       : "/json",
        "db_url"         : "/db",
        "query_url"      : "/queries?N=",
        "fortune_url"    : "/fortunes",
        "update_url"     : "/updates?N=",
        "plaintext_url"  : "/plaintext",
        "cached_query_url": "/cached-worlds?N=",
        "port": 8080,
        "approach": "Realistic",
        "classification": "Micro",
        "database": "mysql",
        "framework": "Lithium",
        "language": "C++",
        "flavor": "None",
        "orm": "Full",
        "platform": "None",
        "webserver": "None",
        "os": "Linux",
        "database_os": "Linux",
        "display_name": "Lithium-mysql",
        "notes": "",
        "versus": "None"
      },
      "postgres": {
        "db_url"         : "/db",
        "query_url"      : "/queries?N=",
        "fortune_url"    : "/fortunes",
        "update_url"     : "/updates?N=",
        "cached_query_url": "/cached-worlds?N=",
        "port": 8080,
        "approach": "Realistic",
        "classification": "Micro",
        "database": "Postgres",
        "framework": "Lithium",
        "language": "C++",
        "flavor": "None",
        "orm": "Full",
        "platform": "None",
        "webserver": "None",
        "os": "Linux",
        "database_os": "Linux",
        "display_name": "Lithium-postgres",
        "notes": "",
        "versus": "None"
      },
      "postgres-beta": {
        "db_url"         : "/db",
        "query_url"      : "/queries?N=",
        "fortune_url"    : "/fortunes",
        "update_url"     : "/updates?N=",
        "cached_query_url": "/cached-worlds?N=",
        "port": 8080,
        "approach": "Realistic",
        "classification": "Micro",
        "database": "Postgres",
        "framework": "Lithium",
        "language": "C++",
        "flavor": "None",
        "orm": "Full",
        "platform": "None",
        "webserver": "None",
        "os": "Linux",
        "database_os": "Linux",
        "display_name": "Lithium-postgres-beta",
        "notes": "",
        "versus": "None"
      }
    }
  ]
}
