[
  {
    "type": "custom-link",
    "label": "Guide",
    "collapsible": true,
    "collapsed": true,
    "items": [
      {
        "type": "custom-link",
        "label": "Foo",
        "collapsible": true,
        "collapsed": false,
        "items": [
          {
            "type": "custom-link",
            "label": "Foo Real",
            "link": "/guide/foo.html"
          }
        ]
      },
      {
        "type": "custom-link",
        "label": "Bar",
        "link": "/guide/bar.html"
      }
    ]
  }
]
