<?xml version="1.0" encoding="UTF-8"?>
<project>
	<modelVersion>4.0.0</modelVersion>
	<artifactId>using</artifactId>
	<!-- ... -->
	<build>
		<plugins>
			<plugin>
				<groupId>org.springframework.boot</groupId>
				<artifactId>spring-boot-maven-plugin</artifactId>
			</plugin>
		</plugins>
	</build>

	<!-- tag::no-starter-parent[] -->
	<dependencyManagement>
		<dependencies>
			<dependency>
				<!-- Import dependency management from Spring Boot -->
				<groupId>org.springframework.boot</groupId>
				<artifactId>spring-boot-dependencies</artifactId>
				<version>{version-spring-boot}</version>
				<type>pom</type>
				<scope>import</scope>
			</dependency>
		</dependencies>
	</dependencyManagement>
	<!-- end::no-starter-parent[] -->
</project>

