<?xml version="1.0" encoding="UTF-8"?>
<project>
	<modelVersion>4.0.0</modelVersion>
	<artifactId>getting-started</artifactId>
	<!-- ... -->
	<build>
		<plugins>
			<plugin>
				<groupId>org.springframework.boot</groupId>
				<artifactId>spring-boot-maven-plugin</artifactId>
			</plugin>
		</plugins>
	</build>

	<!-- tag::no-starter-parent-override-dependencies[] -->
	<dependencyManagement>
		<dependencies>
			<!-- Override SLF4J provided by Spring Boot -->
			<dependency>
				<groupId>org.slf4j</groupId>
				<artifactId>slf4j-api</artifactId>
				<version>1.7.30</version>
			</dependency>
			<!-- Override Spring Data release train provided by Spring Boot -->
			<dependency>
				<groupId>org.springframework.data</groupId>
				<artifactId>spring-data-bom</artifactId>
				<version>2024.1.10</version>
				<type>pom</type>
				<scope>import</scope>
			</dependency>
			<dependency>
				<groupId>org.springframework.boot</groupId>
				<artifactId>spring-boot-dependencies</artifactId>
				<version>{version-spring-boot}</version>
				<type>pom</type>
				<scope>import</scope>
			</dependency>
		</dependencies>
	</dependencyManagement>
	<!-- end::no-starter-parent-override-dependencies[] -->
</project>

