<?xml version="1.0" encoding="UTF-8"?>
<!--
  ~ Licensed to the Apache Software Foundation (ASF) under one
  ~ or more contributor license agreements.  See the NOTICE file
  ~ distributed with this work for additional information
  ~ regarding copyright ownership.  The ASF licenses this file
  ~ to you under the Apache License, Version 2.0 (the
  ~ "License"); you may not use this file except in compliance
  ~ with the License.  You may obtain a copy of the License at
  ~
  ~     http://www.apache.org/licenses/LICENSE-2.0
  ~
  ~ Unless required by applicable law or agreed to in writing, software
  ~ distributed under the License is distributed on an "AS IS" BASIS,
  ~ WITHOUT WARRANTIES OR CONDITIONS OF ANY KIND, either express or implied.
  ~ See the License for the specific language governing permissions and
  ~ limitations under the License.
  -->

<Configuration>
    <!--<Configuration status="WARN" monitorInterval="30"> -->
    <properties>
        <property name="LOG_HOME">logs</property>
    </properties>

    <Appenders>
        <!--*********************Console log***********************-->
        <Console name="consoleAppender" target="SYSTEM_OUT">
            <!--Set log format and color-->
            <PatternLayout
                    pattern="%d %p [%t] [%logger{39}] [%X{RequestId}] - %m%n"/>
        </Console>

        <!-- iceberg rest metric reporter logger -->
        <Console name="icebergRestMetricReporter" target="SYSTEM_OUT">
            <!--Set log format and color-->
            <PatternLayout pattern="%m%n"/>
        </Console>
    </Appenders>

    <Loggers>
        <Root level="debug">
            <AppenderRef ref="consoleAppender" level="info"/>
        </Root>
        <Logger name="org.apache.spark" additivity="false">
            <AppenderRef ref="consoleAppender" level="warn"/>
        </Logger>
        <Logger name="iceberg.metric"  level="info" additivity="false">
            <AppenderRef ref="icebergRestMetricReporter"/>
        </Logger>
    </Loggers>

</Configuration>
