<?xml version="1.0" encoding="utf-8"?>
<!--
  ~ Copyright 2012-2019 the original author or authors.
  ~
  ~ Licensed under the Apache License, Version 2.0 (the "License");
  ~ you may not use this file except in compliance with the License.
  ~ You may obtain a copy of the License at
  ~
  ~      https://www.apache.org/licenses/LICENSE-2.0
  ~
  ~ Unless required by applicable law or agreed to in writing, software
  ~ distributed under the License is distributed on an "AS IS" BASIS,
  ~ WITHOUT WARRANTIES OR CONDITIONS OF ANY KIND, either express or implied.
  ~ See the License for the specific language governing permissions and
  ~ limitations under the License.
  -->

<databaseChangeLog xmlns="http://www.liquibase.org/xml/ns/dbchangelog"
				   xmlns:xsi="http://www.w3.org/2001/XMLSchema-instance"
				   xsi:schemaLocation="http://www.liquibase.org/xml/ns/dbchangelog http://www.liquibase.org/xml/ns/dbchangelog/dbchangelog-3.5.xsd">

	<property name="uuid" value="uuid" dbms="h2, postgresql"/>
	<property name="float" value="float4" dbms="postgresql, h2"/>
	<property name="float" value="float" dbms="mysql, oracle, mssql, mariadb"/>
	<property name="clob" value="longvarchar" dbms="h2"/>
	<property name="clob" value="clob"
			  dbms="mysql, oracle, mssql, mariadb, postgresql"/>
	<property name="datetime" value="datetime(6)" dbms="mysql, mariadb"/>
	<property name="datetime" value="datetime"
			  dbms="oracle, mssql, postgresql, h2"/>

	<property name="now" value="now()" dbms="mysql, mariadb, h2"/>
	<property name="now" value="sysdate" dbms="oracle"/>
	<property name="now" value="current_timestamp" dbms="postgresql"/>

	<include file="db/2.4.13/changelog.xml"
			 relativeToChangelogFile="false"/>
</databaseChangeLog>
