{
    "author": {
        "name": "Singly, Inc.",
        "email": "nerds@singly.com"
    },
    "name": "linkalatte",
    "description": "A way to see all of the links shared by your contacts across services.",
    "version": "0.0.7",
    "homepage": "https://github.com/LockerProject/locker",
    "engines": {
        "node": ">=0.4.9"
    },
    "dependencies": {},
    "devDependencies": {},
    "type": "app",
    "title": "Links (DEMO)",
    "status": "stable",
    "static": true,
    "handle": "linkalatte",
    "uses": {
        "services": [
            "facebook",
            "twitter"
        ],
        "types": [
            "links"
        ]
    },
    "update": true,
    "github": "https://github.com/LockerProject/locker",
    "url": "",
    "upserted": 1768097745332,
    "manifest": "Apps/LinkaLatte/package.json",
    "srcdir": "Apps/LinkaLatte",
    "provider": "linkalatte",
    "id": "linkalatte",
    "installed": 1768094646009,
    "uri": "http://localhost:8042/Me/linkalatte/",
    "externalUri": "http://localhost:40271/Me/linkalatte/",
    "loaded": 1768097745327
}