<component name="ProjectRunConfigurationManager">
  <configuration default="false" name="ruoyi-server" type="docker-deploy" factoryName="dockerfile" server-name="Docker">
    <deployment type="dockerfile">
      <settings>
        <option name="imageTag" value="ruoyi/ruoyi-server:0.8.3" />
        <option name="buildOnly" value="true" />
        <option name="sourceFilePath" value="ruoyi-admin/Dockerfile" />
      </settings>
    </deployment>
    <method v="2" />
  </configuration>
</component>
