{
    "generator-jhipster": {
        "applicationType": "monolith",
        "authenticationType": "jwt",
        "baseName": "samplePsqlEsNoi18nMapsIdWithReact",
        "blueprints": [],
        "buildTool": "maven",
        "cacheProvider": "hazelcast",
        "clientFramework": "react",
        "clientPackageManager": "npm",
        "clientTheme": "none",
        "creationTimestamp": 1596513172471,
        "databaseType": "sql",
        "devDatabaseType": "mysql",
        "dtoSuffix": "DTO",
        "embeddableLaunchScript": false,
        "enableHibernateCache": true,
        "enableSwaggerCodegen": false,
        "enableTranslation": false,
        "entitySuffix": "",
        "jhiPrefix": "jhi",
        "jwtSecretKey": "ZjY4MTM4YjI5YzMwZjhjYjI2OTNkNTRjMWQ5Y2Q0Y2YwOWNmZTE2NzRmYzU3NTMwM2NjOTE3MTllOTM3MWRkMzcyYTljMjVmNmQ0Y2MxOTUzODc0MDhhMTlkMDIxMzI2YzQzZDM2ZDE3MmQ3NjVkODk3OTVmYzljYTQyZDNmMTQ=",
        "messageBroker": "no",
        "nativeLanguage": "es",
        "otherModules": [],
        "packageFolder": "tech/jhipster/sample",
        "packageName": "tech.jhipster.sample",
        "prodDatabaseType": "mysql",
        "searchEngine": "elasticsearch",
        "serverPort": "8080",
        "serviceDiscoveryType": "no",
        "testFrameworks": ["gatling", "cypress"],
        "websocket": "no"
    }
}
