<?xml version="1.0" encoding="UTF-8" ?>
<!DOCTYPE configuration PUBLIC "-//mybatis.org//DTD Config 3.0//EN" "http://mybatis.org/dtd/mybatis-3-config.dtd">
<configuration>
<!--	<settings>-->
<!--		<setting name="logImpl" value="STDOUT_LOGGING" />-->
<!--	</settings>-->
	<plugins>
		<!-- com.github.pagehelper 为 PageHelper 类所在包名 -->
		<plugin interceptor="com.github.pagehelper.PageInterceptor">
			<!-- 设置数据库类型 Oracle,Mysql,MariaDB,SQLite,Hsqldb,PostgreSQL 六种数据库-->
			<!-- 4.0.0以后版本可以不设置该参数 -->
<!--			<property name="dialect" value="mysql"/>-->
		</plugin>
	</plugins>
</configuration>