<?xml version="1.0" encoding="UTF-8"?>
<!DOCTYPE mapper PUBLIC "-//mybatis.org//DTD Mapper 3.0//EN" "http://mybatis.org/dtd/mybatis-3-mapper.dtd">

<mapper namespace="io.linfeng.modules.app.dao.FollowDao">

	<!-- 可根据自己的需求，是否要使用 -->
    <resultMap type="io.linfeng.modules.app.entity.FollowEntity" id="followMap">
        <result property="id" column="id"/>
        <result property="uid" column="uid"/>
        <result property="followUid" column="follow_uid"/>
        <result property="createTime" column="create_time"/>
    </resultMap>


    <delete id="cancelFollow" parameterType="java.lang.Integer">
        delete from lf_follow where uid=#{uid} and follow_uid=#{followId}
    </delete>


</mapper>