{
    "generator-jhipster": {
        "additionalSubGenerators": "detekt,ktlint,kotlin,migration,spring-boot-v2",
        "baseName": "kotlin",
        "cli": true,
        "cliName": "khipster",
        "entities": [],
        "generators": {
            "detekt": {
                "command": false,
                "priorities": ["loading", "writing", "postWriting"],
                "sbs": null,
                "written": true
            },
            "kotlin": {
                "command": false,
                "priorities": ["loading", "default", "postWriting"],
                "sbs": null,
                "written": true
            },
            "ktlint": {
                "command": false,
                "priorities": ["default"],
                "sbs": null,
                "written": true
            },
            "migration": {
                "command": false,
                "priorities": ["postWriting"],
                "sbs": null,
                "written": true
            },
            "spring-boot": {
                "command": false,
                "priorities": ["initializing", "composing"],
                "sbs": true,
                "written": true
            },
            "spring-boot-v2": {
                "command": false,
                "priorities": ["initializing"],
                "sbs": null,
                "written": true
            }
        },
        "githubWorkflows": true,
        "jhipsterVersion": "8.8.0",
        "localBlueprint": false,
        "packageJsonType": "module",
        "prettierTabWidth": 4,
        "sampleWritten": true,
        "subGenerators": ["spring-boot"]
    }
}
