<?xml version="1.0" encoding="UTF-8"?>
<!-- tag::classified-artifact[] -->
<project>
	<build>
		<plugins>
			<plugin>
				<groupId>org.apache.maven.plugins</groupId>
				<artifactId>maven-jar-plugin</artifactId>
				<executions>
					<execution>
						<goals>
							<goal>jar</goal>
						</goals>
						<phase>package</phase>
						<configuration>
							<classifier>task</classifier>
						</configuration>
					</execution>
				</executions>
			</plugin>
			<plugin>
				<groupId>org.springframework.boot</groupId>
				<artifactId>spring-boot-maven-plugin</artifactId>
				<executions>
					<execution>
						<id>repackage</id>
						<goals>
							<goal>repackage</goal>
						</goals>
						<configuration>
							<classifier>task</classifier>
						</configuration>
					</execution>
				</executions>
			</plugin>
		</plugins>
	</build>
</project>
<!-- end::classified-artifact[] -->

