<?xml version="1.0" encoding="UTF-8"?>
<!-- tag::different-classifier[] -->
<project>
	<build>
		<plugins>
			<plugin>
				<groupId>org.springframework.boot</groupId>
				<artifactId>spring-boot-maven-plugin</artifactId>
				<executions>
					<execution>
						<id>repackage</id>
						<goals>
							<goal>repackage</goal>
						</goals>
						<configuration>
							<classifier>exec</classifier>
						</configuration>
					</execution>
				</executions>
			</plugin>
		</plugins>
	</build>
</project>
<!-- end::different-classifier[] -->

