<?xml version="1.0" encoding="UTF-8"?>
<!-- tag::jar-plugin-first[] -->
<project>
	<build>
		<plugins>
			<plugin>
				<groupId>org.apache.maven.plugins</groupId>
				<artifactId>maven-jar-plugin</artifactId>
				<executions>
					<execution>
						<id>default-jar</id>
						<configuration>
							<classifier>task</classifier>
						</configuration>
					</execution>
				</executions>
			</plugin>
			<plugin>
				<groupId>org.springframework.boot</groupId>
				<artifactId>spring-boot-maven-plugin</artifactId>
				<executions>
					<execution>
						<id>repackage</id>
						<configuration>
							<classifier>task</classifier>
						</configuration>
					</execution>
				</executions>
			</plugin>
		</plugins>
	</build>
</project>
<!-- end::jar-plugin-first[] -->

