<!-- tag::layers-configuration[] -->
<layers xmlns="http://www.springframework.org/schema/boot/layers"
		xmlns:xsi="http://www.w3.org/2001/XMLSchema-instance"
		xsi:schemaLocation="http://www.springframework.org/schema/boot/layers
						  {url-spring-boot-layers-xsd}">
	<application>
		<into layer="spring-boot-loader">
			<include>org/springframework/boot/loader/**</include>
		</into>
		<into layer="application" />
	</application>
	<dependencies>
		<into layer="snapshot-dependencies">
			<include>*:*:*SNAPSHOT</include>
		</into>
		<into layer="company-dependencies">
			<include>com.acme:*</include>
		</into>
		<into layer="dependencies"/>
	</dependencies>
	<layerOrder>
		<layer>dependencies</layer>
		<layer>spring-boot-loader</layer>
		<layer>snapshot-dependencies</layer>
		<layer>company-dependencies</layer>
		<layer>application</layer>
	</layerOrder>
</layers>
<!-- end::layers-configuration[] -->
