<?xml version="1.0" encoding="UTF-8"?>
<!DOCTYPE generatorConfiguration
        PUBLIC "-//mybatis.org//DTD MyBatis Generator Configuration 1.0//EN"
        "http://mybatis.org/dtd/mybatis-generator-config_1_0.dtd">

<generatorConfiguration>

    <context id="DB2Tables" targetRuntime="MyBatis3">
        <!-- 自动生成的代码中不要注释 -->
        <commentGenerator>
            <property name="suppressDate" value="true"/>
            <property name="suppressAllComments" value="true" />
        </commentGenerator>
        <!-- 配置数据库连接 -->
        <jdbcConnection
                driverClass="com.mysql.cj.jdbc.Driver"
                connectionURL="jdbc:mysql://mokespace.cn:3306/weipiao?serverTimezone=GMT%2B8"
                userId="root"
                password="123456">
        </jdbcConnection>

        <javaTypeResolver >
            <property name="forceBigDecimals" value="true" />
        </javaTypeResolver>
        <!-- 指定javaBean生成的位置 -->
        <javaModelGenerator
                targetPackage="com.moke.wp.wx_weimai.entity"
                targetProject="E:\idea-workspace\weipiao\src\main\java">
            <property name="enableSubPackages" value="true" />
            <property name="trimStrings" value="true" />
        </javaModelGenerator>

        <!-- 指定sql映射文件生成的位置 -->
<!--        <sqlMapGenerator-->
<!--                targetPackage="com.moke.wp.wx_weimai.sql"-->
<!--                targetProject="E:\idea-workspace\weipiao\src\main\java">-->
<!--            <property name="enableSubPackages" value="true" />-->
<!--        </sqlMapGenerator>-->

<!--        &lt;!&ndash; 指定dao接口生成的位置，mapper接口 &ndash;&gt;-->
<!--        <javaClientGenerator type="XMLMAPPER"-->
<!--                             targetPackage="com.moke.wp.wx_weimai.sql"-->
<!--                             targetProject="E:\idea-workspace\weipiao\src\main\java">-->
<!--            <property name="enableSubPackages" value="true" />-->
<!--        </javaClientGenerator>-->

        <!-- table指定每个表的生成策略 -->
        <table tableName="t_admin_user" domainObjectName="AdminUser"></table>
        <table tableName="t_admin_role" domainObjectName="AdminRole"></table>
        <table tableName="t_admin_menu" domainObjectName="AdminMenu"></table>

    </context>
</generatorConfiguration>
