{
  "citation": "",
  "description": "",
  "features": {
    "exid": {
      "dtype": "string",
      "_type": "Value"
    },
    "inputs": {
      "feature": {
        "dtype": "string",
        "_type": "Value"
      },
      "_type": "Sequence"
    },
    "targets": {
      "feature": {
        "feature": {
          "dtype": "string",
          "_type": "Value"
        },
        "_type": "Sequence"
      },
      "_type": "Sequence"
    },
    "query": {
      "dtype": "string",
      "_type": "Value"
    },
    "url": {
      "dtype": "string",
      "_type": "Value"
    },
    "title": {
      "dtype": "string",
      "_type": "Value"
    },
    "domain": {
      "dtype": "string",
      "_type": "Value"
    },
    "clean_title": {
      "dtype": "string",
      "_type": "Value"
    },
    "clean_targets": {
      "feature": {
        "feature": {
          "dtype": "string",
          "_type": "Value"
        },
        "_type": "Sequence"
      },
      "_type": "Sequence"
    }
  },
  "homepage": "",
  "license": ""
}