[{"url":"http://minimum-entropy.districtdatalabs.com/api/questions/12/?format=json","text":"What is type 1 and type 2 error?","author":{"url":"http://minimum-entropy.districtdatalabs.com/api/users/17/?format=json","username":"syed.dani8","first_name":"syed","last_name":"danish","email":"syed.dani8@gmail.com","profile":{"biography":null,"biography_rendered":null,"gravatar":"http://www.gravatar.com/avatar/394b8d9f119087de74deffffd9885ff2?s=200&d=mm","location":null,"organization":null,"twitter":null,"github":null}},"page_url":"/q/what-is-type-1-and-type-2-error/","details":null,"details_rendered":null,"tags":[]},{"url":"http://minimum-entropy.districtdatalabs.com/api/questions/9/?format=json","text":"Pros and cons of using virtual environments?","author":{"url":"http://minimum-entropy.districtdatalabs.com/api/users/4/?format=json","username":"rbilbro","first_name":"Rebecca","last_name":"Bilbro","email":"rbilbro@districtdatalabs.com","profile":{"biography":"","biography_rendered":null,"gravatar":"http://www.gravatar.com/avatar/ad762f2a8ddd48bfa423843eee81227b?s=200&d=mm","location":"Washington, DC","organization":"District Data Labs","twitter":"rebeccabilbro","github":"rebeccabilbro"}},"page_url":"/q/pros-and-cons-of-using-virtual-environments/","details":"How many of you routinely use virtual environments in your work? There are clearly some advantages (for example, if you need to build software in Python 2 and 3), but I've also noticed some drawbacks (yikes, Matplotlib!). From your perspective, what are the main pros and cons of using virtualenv? And for those of you who routinely use virtualenvs, what are the best workarounds you've found for the common problems you encounter?","details_rendered":"<p>How many of you routinely use virtual environments in your work? There are clearly some advantages (for example, if you need to build software in Python 2 and 3), but I've also noticed some drawbacks (yikes, Matplotlib!). From your perspective, what are the main pros and cons of using virtualenv? And for those of you who routinely use virtualenvs, what are the best workarounds you've found for the common problems you encounter?</p>","tags":["Python","software engineering","matplotlib","virtualenv"]},{"url":"http://minimum-entropy.districtdatalabs.com/api/questions/8/?format=json","text":"Transitioning to Python 3","author":{"url":"http://minimum-entropy.districtdatalabs.com/api/users/4/?format=json","username":"rbilbro","first_name":"Rebecca","last_name":"Bilbro","email":"rbilbro@districtdatalabs.com","profile":{"biography":"","biography_rendered":null,"gravatar":"http://www.gravatar.com/avatar/ad762f2a8ddd48bfa423843eee81227b?s=200&d=mm","location":"Washington, DC","organization":"District Data Labs","twitter":"rebeccabilbro","github":"rebeccabilbro"}},"page_url":"/q/transitioning-to-python-3/","details":"I've been programming in Python 2 for a while now, but I'm in the process of switching over to Python 3. For those of you in the same boat who have recently made the transition, what are the best resources you have found for easing the transition? What kinds of thing should I keep in mind? What should I do with all of my old scripts?","details_rendered":"<p>I've been programming in Python 2 for a while now, but I'm in the process of switching over to Python 3. For those of you in the same boat who have recently made the transition, what are the best resources you have found for easing the transition? What kinds of thing should I keep in mind? What should I do with all of my old scripts?</p>","tags":["Python 2","Python","Python 3"]},{"url":"http://minimum-entropy.districtdatalabs.com/api/questions/7/?format=json","text":"What are your favorite D3 recipes?","author":{"url":"http://minimum-entropy.districtdatalabs.com/api/users/4/?format=json","username":"rbilbro","first_name":"Rebecca","last_name":"Bilbro","email":"rbilbro@districtdatalabs.com","profile":{"biography":"","biography_rendered":null,"gravatar":"http://www.gravatar.com/avatar/ad762f2a8ddd48bfa423843eee81227b?s=200&d=mm","location":"Washington, DC","organization":"District Data Labs","twitter":"rebeccabilbro","github":"rebeccabilbro"}},"page_url":"/q/what-are-your-favorite-d3-recipes/","details":"Recently I've been getting started with D3. I don't have a lot of experience with front-end visualization tools (I came up with tools like Mathematica and Maple, and now make generous use of Matplotlib).  I have already found most of the stuff out there for learning D3, e.g.:    \r\n\r\n- https://github.com/d3/d3/wiki/Tutorials    \r\n- http://chimera.labs.oreilly.com/books/1230000000345    \r\n- http://alignedleft.com/tutorials/d3    \r\n- http://scottcheng.github.io/d3js-101/#/title    \r\n- http://learnjsdata.com/    \r\n    \r\nFor those of you who do a lot of work in D3, what are some of your favorite recipes and code snippets?","details_rendered":"<p>Recently I've been getting started with D3. I don't have a lot of experience with front-end visualization tools (I came up with tools like Mathematica and Maple, and now make generous use of Matplotlib).  I have already found most of the stuff out there for learning D3, e.g.:    </p>\n<ul>\n<li><a href=\"https://github.com/d3/d3/wiki/Tutorials\" rel=\"nofollow\">https://github.com/d3/d3/wiki/Tutorials</a>    </li>\n<li><a href=\"http://chimera.labs.oreilly.com/books/1230000000345\" rel=\"nofollow\">http://chimera.labs.oreilly.com/books/1230000000345</a>    </li>\n<li><a href=\"http://alignedleft.com/tutorials/d3\" rel=\"nofollow\">http://alignedleft.com/tutorials/d3</a>    </li>\n<li><a href=\"http://scottcheng.github.io/d3js-101/#/title\" rel=\"nofollow\">http://scottcheng.github.io/d3js-101/#/title</a>    </li>\n<li><a href=\"http://learnjsdata.com/\" rel=\"nofollow\">http://learnjsdata.com/</a>    </li>\n</ul>\n<p>For those of you who do a lot of work in D3, what are some of your favorite recipes and code snippets?</p>","tags":["D3","JavaScript","data visualization"]},{"url":"http://minimum-entropy.districtdatalabs.com/api/questions/6/?format=json","text":"How do you use visualizations to augment your machine learning process?","author":{"url":"http://minimum-entropy.districtdatalabs.com/api/users/4/?format=json","username":"rbilbro","first_name":"Rebecca","last_name":"Bilbro","email":"rbilbro@districtdatalabs.com","profile":{"biography":"","biography_rendered":null,"gravatar":"http://www.gravatar.com/avatar/ad762f2a8ddd48bfa423843eee81227b?s=200&d=mm","location":"Washington, DC","organization":"District Data Labs","twitter":"rebeccabilbro","github":"rebeccabilbro"}},"page_url":"/q/how-do-you-use-visualizations-to-augment-your-mach/","details":"I get that visualizations have traditionally been cast as the end-phase of the data analysis pipeline, and I certainly see how graphs and charts help to tell the story to the client/boss. However in my practice, visualizations play a really important role throughout my analytic process. I have found that visual diagnostics are particularly important for effective machine learning, especially since high-level Python libraries like Scikit-Learn make it so easy to instantiate and fit a predictive model. For me, the insight is a lot harder to get to without visualization tools. \n\nHow critical are visualizations to the work of other data scientists? How do you use visual analysis to help navigate the data science pipeline? What libraries and tools do you routinely use to support your machine learning process (for example, for things like feature selection, model selection, model evaluation, and hyperparameter tuning)?","details_rendered":"<p>I get that visualizations have traditionally been cast as the end-phase of the data analysis pipeline, and I certainly see how graphs and charts help to tell the story to the client/boss. However in my practice, visualizations play a really important role throughout my analytic process. I have found that visual diagnostics are particularly important for effective machine learning, especially since high-level Python libraries like Scikit-Learn make it so easy to instantiate and fit a predictive model. For me, the insight is a lot harder to get to without visualization tools. </p>\n<p>How critical are visualizations to the work of other data scientists? How do you use visual analysis to help navigate the data science pipeline? What libraries and tools do you routinely use to support your machine learning process (for example, for things like feature selection, model selection, model evaluation, and hyperparameter tuning)?</p>","tags":["Scikit-Learn","visual diagnostics","machine learning","visual analysis","data visualization"]},{"url":"http://minimum-entropy.districtdatalabs.com/api/questions/5/?format=json","text":"Is there a Python code base that can run linear, quadratic, logistic, and exponential regressions?","author":{"url":"http://minimum-entropy.districtdatalabs.com/api/users/2/?format=json","username":"bbengfort","first_name":"Benjamin","last_name":"Bengfort","email":"bbengfort@districtdatalabs.com","profile":{"biography":"Faculty member at District Data Labs and the fool who wrote this web app.","biography_rendered":"<p>Faculty member at District Data Labs and the fool who wrote this web app.</p>","gravatar":"http://www.gravatar.com/avatar/82ec82d40df8729b503c0731850d38f1?s=200&d=mm","location":"Washington, D.C.","organization":"District Data Labs","twitter":null,"github":null}},"page_url":"/q/is-there-a-python-code-base-that-can-run-linear-qu/","details":"As far as I know, Scikit-Learn can only do linear and polynomial regressions. The latter is achieved by using a pipeline to transform the feature space to include polynomial features, allowing us to perform quadratic regressions. We should be able to use the same technique to perform logistic and exponential regressions, right? I found some advice on this Stack Overflow question: [How to do exponential and logarithmic curve fitting](http://stackoverflow.com/questions/3433486/how-to-do-exponential-and-logarithmic-curve-fitting-in-python-i-found-only-poly) &mdash; but it doesn't quite get to the answer. \n\nI'd like to use Scikit-Learn to do this, but am also open to other libraries; does anyone know how to run these types of regressions in Python? Moreover, what are the challenges and caveats with doing these types of regressions that might make these libraries avoid them?","details_rendered":"<p>As far as I know, Scikit-Learn can only do linear and polynomial regressions. The latter is achieved by using a pipeline to transform the feature space to include polynomial features, allowing us to perform quadratic regressions. We should be able to use the same technique to perform logistic and exponential regressions, right? I found some advice on this Stack Overflow question: <a href=\"http://stackoverflow.com/questions/3433486/how-to-do-exponential-and-logarithmic-curve-fitting-in-python-i-found-only-poly\" rel=\"nofollow\">How to do exponential and logarithmic curve fitting</a> â€” but it doesn't quite get to the answer. </p>\n<p>I'd like to use Scikit-Learn to do this, but am also open to other libraries; does anyone know how to run these types of regressions in Python? Moreover, what are the challenges and caveats with doing these types of regressions that might make these libraries avoid them?</p>","tags":["regression","Scikit-Learn","PyPI","Python"]},{"url":"http://minimum-entropy.districtdatalabs.com/api/questions/4/?format=json","text":"What analytics can be performed on data modeled as a graph (network)?","author":{"url":"http://minimum-entropy.districtdatalabs.com/api/users/2/?format=json","username":"bbengfort","first_name":"Benjamin","last_name":"Bengfort","email":"bbengfort@districtdatalabs.com","profile":{"biography":"Faculty member at District Data Labs and the fool who wrote this web app.","biography_rendered":"<p>Faculty member at District Data Labs and the fool who wrote this web app.</p>","gravatar":"http://www.gravatar.com/avatar/82ec82d40df8729b503c0731850d38f1?s=200&d=mm","location":"Washington, D.C.","organization":"District Data Labs","twitter":null,"github":null}},"page_url":"/q/what-analytics-can-be-performed-on-data-modeled-as/","details":"From a computer science perspective, data modeled as a graph (or network) wherein instances or entities are described as vertices with associated properties and their relationships are described as edges with properties is a very useful model for two reasons:\n\n1. Many algorithms can be implemented in a more performant manner with graphs.\n2. Small to medium graphs can be visualized and provide immediate insight. \n\nIt would seem that graphs, therefore, would play an important role in data science and analytics; and surely tools like Spark's GraphX and Neo4j indicate that there is some interest. Unfortunately, when you explore actual _analytics_ that are native or at least employed on graphs, there are surprisingly few, and really nothing in the machine learning camp except page rank. \n\nMy feeling is that this is just not as well publicized as other techniques; so if you are using or plan to use a graph in your analytics, what types of techniques, methods, or approaches are you using to derive insights or models?","details_rendered":"<p>From a computer science perspective, data modeled as a graph (or network) wherein instances or entities are described as vertices with associated properties and their relationships are described as edges with properties is a very useful model for two reasons:</p>\n<ol>\n<li>Many algorithms can be implemented in a more performant manner with graphs.</li>\n<li>Small to medium graphs can be visualized and provide immediate insight. </li>\n</ol>\n<p>It would seem that graphs, therefore, would play an important role in data science and analytics; and surely tools like Spark's GraphX and Neo4j indicate that there is some interest. Unfortunately, when you explore actual <em>analytics</em> that are native or at least employed on graphs, there are surprisingly few, and really nothing in the machine learning camp except page rank. </p>\n<p>My feeling is that this is just not as well publicized as other techniques; so if you are using or plan to use a graph in your analytics, what types of techniques, methods, or approaches are you using to derive insights or models?</p>","tags":["graph analytics","graph data model","network analysis"]},{"url":"http://minimum-entropy.districtdatalabs.com/api/questions/3/?format=json","text":"What makes deterministic gender classification of text work but fail for other types of classification like sentiment?","author":{"url":"http://minimum-entropy.districtdatalabs.com/api/users/2/?format=json","username":"bbengfort","first_name":"Benjamin","last_name":"Bengfort","email":"bbengfort@districtdatalabs.com","profile":{"biography":"Faculty member at District Data Labs and the fool who wrote this web app.","biography_rendered":"<p>Faculty member at District Data Labs and the fool who wrote this web app.</p>","gravatar":"http://www.gravatar.com/avatar/82ec82d40df8729b503c0731850d38f1?s=200&d=mm","location":"Washington, D.C.","organization":"District Data Labs","twitter":null,"github":null}},"page_url":"/q/what-makes-deterministic-gender-classification-of-/","details":"I'm routinely presented with an approach for text classification (particularly sentiment analysis) wherein a list of positive and negative words is curated, then counted in the text to make a determination of positive or negative sentiment. I stress that this is not a good approach because of the existence of sentences like these:\n\n_\"He was a no good, high-energy fella who bounced off the walls with incredible abandon, breaking a lamp in the process.\"_\n\nWe would probably say that this is a negative sentence, but replete with \"positive\" words like \"good\", \"incredible\", \"high-energy\" but only one negative word, \"breaking\". \n\nFor this reason, it is important to use stochastic classification techniques like maximum entropy (logistic regression) with rich features like sentences parses. \n\nThis reasoning does not hold true for gender detection, according to Neal Caren who did a [gender analysis of the New York Times](http://nbviewer.jupyter.org/gist/nealcaren/5105037) and which I reimplemented as a more Pythonic library in [Gender Words Fatale](https://github.com/bbengfort/gender-words-fatale). Here, gendered words like \"grandmother\", \"heroine\", \"husband\", etc. are used to create a gender score for the text. If I try to do the same thing with gender words as I did in the previous sentence (using negation), you can see that the text still stays the same gender: \n\n_\"She was no lady, her tomboy antics led her to disguise herself as a man and join the army\"_\n\nThe gender score is approximately 5 female and 2 male, making this more female gendered -- which is correct. Gender is a feature of language, particularly English - perhaps features like gender, tense, or cardinality are structural rather than implicit &mdash; and certainly we can use these as features in stochastic classification techniques.\n\nSo my question is for discussion &mdash; can we come up with a reason that deterministic techniques work for gender but not sentiment? Are there other classifications that would work in a similar manner? Perhaps we can debunk the idea that deterministic methods work for gender? I'd also be interested in seeing the gender words fatale project developed further and more extensively, or the creation of a gendered corpus for comparison.","details_rendered":"<p>I'm routinely presented with an approach for text classification (particularly sentiment analysis) wherein a list of positive and negative words is curated, then counted in the text to make a determination of positive or negative sentiment. I stress that this is not a good approach because of the existence of sentences like these:</p>\n<p><em>\"He was a no good, high-energy fella who bounced off the walls with incredible abandon, breaking a lamp in the process.\"</em></p>\n<p>We would probably say that this is a negative sentence, but replete with \"positive\" words like \"good\", \"incredible\", \"high-energy\" but only one negative word, \"breaking\". </p>\n<p>For this reason, it is important to use stochastic classification techniques like maximum entropy (logistic regression) with rich features like sentences parses. </p>\n<p>This reasoning does not hold true for gender detection, according to Neal Caren who did a <a href=\"http://nbviewer.jupyter.org/gist/nealcaren/5105037\" rel=\"nofollow\">gender analysis of the New York Times</a> and which I reimplemented as a more Pythonic library in <a href=\"https://github.com/bbengfort/gender-words-fatale\" rel=\"nofollow\">Gender Words Fatale</a>. Here, gendered words like \"grandmother\", \"heroine\", \"husband\", etc. are used to create a gender score for the text. If I try to do the same thing with gender words as I did in the previous sentence (using negation), you can see that the text still stays the same gender: </p>\n<p><em>\"She was no lady, her tomboy antics led her to disguise herself as a man and join the army\"</em></p>\n<p>The gender score is approximately 5 female and 2 male, making this more female gendered -- which is correct. Gender is a feature of language, particularly English - perhaps features like gender, tense, or cardinality are structural rather than implicit â€” and certainly we can use these as features in stochastic classification techniques.</p>\n<p>So my question is for discussion â€” can we come up with a reason that deterministic techniques work for gender but not sentiment? Are there other classifications that would work in a similar manner? Perhaps we can debunk the idea that deterministic methods work for gender? I'd also be interested in seeing the gender words fatale project developed further and more extensively, or the creation of a gendered corpus for comparison.</p>","tags":["classification","NLP","sentiment analysis"]},{"url":"http://minimum-entropy.districtdatalabs.com/api/questions/2/?format=json","text":"What features does Minimum Entropy need to be useful?","author":{"url":"http://minimum-entropy.districtdatalabs.com/api/users/1/?format=json","username":"admin","first_name":"DDL","last_name":"Admin","email":"admin@districtdatalabs.com","profile":{"biography":"The DDL Admin is the Minimum Entropy chat bot and is here to help!","biography_rendered":"<p>The DDL Admin is the Minimum Entropy chat bot and is here to help!</p>","gravatar":"http://www.gravatar.com/avatar/ddf6b5f755259885615eb82988a003b7?s=200&d=mm","location":"Servers in AWS","organization":"District Data Labs","twitter":null,"github":null}},"page_url":"/q/what-features-does-minimum-entropy-need-to-be-usef/","details":"Minimum Entropy is a bit of a gamble: a simple question and answer site that has sturdy competition from [Stack Overflow](http://stackoverflow.com/), [Cross Validated](http://stats.stackexchange.com/), and [Quora](https://www.quora.com/). What features would separate this tool from them? What would you like to see that hasn't been implemented yet? \r\n\r\nIn your answers, please provide a format for a _discussion_ of various features. Accepted features will quickly be moved to [GitHub Issues](https://github.com/DistrictDataLabs/minimum-entropy/issues) in order to be implemented and discussed in detail. Note that if you have a bug report, you should also file it in the issues.","details_rendered":"<p>Minimum Entropy is a bit of a gamble: a simple question and answer site that has sturdy competition from <a href=\"http://stackoverflow.com/\" rel=\"nofollow\">Stack Overflow</a>, <a href=\"http://stats.stackexchange.com/\" rel=\"nofollow\">Cross Validated</a>, and <a href=\"https://www.quora.com/\" rel=\"nofollow\">Quora</a>. What features would separate this tool from them? What would you like to see that hasn't been implemented yet? </p>\n<p>In your answers, please provide a format for a <em>discussion</em> of various features. Accepted features will quickly be moved to <a href=\"https://github.com/DistrictDataLabs/minimum-entropy/issues\" rel=\"nofollow\">GitHub Issues</a> in order to be implemented and discussed in detail. Note that if you have a bug report, you should also file it in the issues.</p>","tags":["meta question"]},{"url":"http://minimum-entropy.districtdatalabs.com/api/questions/1/?format=json","text":"Do you think Minimum Entropy is a good idea?","author":{"url":"http://minimum-entropy.districtdatalabs.com/api/users/1/?format=json","username":"admin","first_name":"DDL","last_name":"Admin","email":"admin@districtdatalabs.com","profile":{"biography":"The DDL Admin is the Minimum Entropy chat bot and is here to help!","biography_rendered":"<p>The DDL Admin is the Minimum Entropy chat bot and is here to help!</p>","gravatar":"http://www.gravatar.com/avatar/ddf6b5f755259885615eb82988a003b7?s=200&d=mm","location":"Servers in AWS","organization":"District Data Labs","twitter":null,"github":null}},"page_url":"/q/do-you-think-minimum-entropy-is-a-good-idea/","details":"Minimum Entropy was created when Rebecca noted that [Stack Overflow](http://stackoverflow.com/) can be a bit mean, and is certainly not the best place for beginners. Moreover, while there is a [Cross Validated Stack Exchange](http://stats.stackexchange.com/) and StackOverflow itself caters to machine learning questions in the programming domain, there is really no place for DDL and Georgetown students and members to get their questions answered.\n\nMeanwhile in research land, Ben had already been working on a Question and Answer system called [Kyudo](https://github.com/mclumd/kyudo). We figured that we could easily adapt Kyudo to create a new internal question and answer site, similar to Stack Overflow and [Quora](https://www.quora.com/), but specific to our domain and questions. Minimum Entropy was launched. \n\nSo the question is: do you think this is a good idea? Please be sure to express why or why not in your answer, any feedback would be very appreciated!","details_rendered":"<p>Minimum Entropy was created when Rebecca noted that <a href=\"http://stackoverflow.com/\" rel=\"nofollow\">Stack Overflow</a> can be a bit mean, and is certainly not the best place for beginners. Moreover, while there is a <a href=\"http://stats.stackexchange.com/\" rel=\"nofollow\">Cross Validated Stack Exchange</a> and StackOverflow itself caters to machine learning questions in the programming domain, there is really no place for DDL and Georgetown students and members to get their questions answered.</p>\n<p>Meanwhile in research land, Ben had already been working on a Question and Answer system called <a href=\"https://github.com/mclumd/kyudo\" rel=\"nofollow\">Kyudo</a>. We figured that we could easily adapt Kyudo to create a new internal question and answer site, similar to Stack Overflow and <a href=\"https://www.quora.com/\" rel=\"nofollow\">Quora</a>, but specific to our domain and questions. Minimum Entropy was launched. </p>\n<p>So the question is: do you think this is a good idea? Please be sure to express why or why not in your answer, any feedback would be very appreciated!</p>","tags":["meta question"]}]