,code_point,char,utf8,name,multiascii,ascii
0,U+0000,,0,CONTROL CHARACTER,,
1,U+0001,,1,CONTROL CHARACTER,,
2,U+0002,,2,CONTROL CHARACTER,,
3,U+0003,,3,CONTROL CHARACTER,,
4,U+0004,,4,CONTROL CHARACTER,,
5,U+0005,,5,CONTROL CHARACTER,,
6,U+0006,,6,CONTROL CHARACTER,,
7,U+0007,,7,CONTROL CHARACTER,,
8,U+0008,,8,CONTROL CHARACTER,,
9,U+0009,,9,CONTROL CHARACTER,,
10,U+000A,,0a,CONTROL CHARACTER,,
11,U+000B,,0b,CONTROL CHARACTER,,
12,U+000C,,0c,CONTROL CHARACTER,,
13,U+000D,,0d,CONTROL CHARACTER,,
14,U+000E,,0e,CONTROL CHARACTER,,
15,U+000F,,0f,CONTROL CHARACTER,,
16,U+0010,,10,CONTROL CHARACTER,,
17,U+0011,,11,CONTROL CHARACTER,,
18,U+0012,,12,CONTROL CHARACTER,,
19,U+0013,,13,CONTROL CHARACTER,,
20,U+0014,,14,CONTROL CHARACTER,,
21,U+0015,,15,CONTROL CHARACTER,,
22,U+0016,,16,CONTROL CHARACTER,,
23,U+0017,,17,CONTROL CHARACTER,,
24,U+0018,,18,CONTROL CHARACTER,,
25,U+0019,,19,CONTROL CHARACTER,,
26,U+001A,,1a,CONTROL CHARACTER,,
27,U+001B,,1b,CONTROL CHARACTER,,
28,U+001C,,1c,CONTROL CHARACTER,,
29,U+001D,,1d,CONTROL CHARACTER,,
30,U+001E,,1e,CONTROL CHARACTER,,
31,U+001F,,1f,CONTROL CHARACTER,,
32,U+0020,,20,SPACE,,
33,U+0021,!,21,EXCLAMATION MARK,!,
34,U+0022,"""",22,QUOTATION MARK,"""",
35,U+0023,#,23,NUMBER SIGN,#,
36,U+0024,$,24,DOLLAR SIGN,$,
37,U+0025,%,25,PERCENT SIGN,%,
38,U+0026,&,26,AMPERSAND,&,
39,U+0027,,27,APOSTROPHE,,
40,U+0028,(,28,LEFT PARENTHESIS,(,
41,U+0029,),29,RIGHT PARENTHESIS,),
42,U+002A,*,2a,ASTERISK,*,
43,U+002B,Err:520,2b,PLUS SIGN,Err:520,
44,U+002C,",",2c,COMMA,",",
45,U+002D,-,2d,HYPHEN-MINUS,-,
46,U+002E,.,2e,FULL STOP,.,
47,U+002F,/,2f,SOLIDUS,/,
48,U+0030,0,30,DIGIT ZERO,0,
49,U+0031,1,31,DIGIT ONE,1,
50,U+0032,2,32,DIGIT TWO,2,
51,U+0033,3,33,DIGIT THREE,3,
52,U+0034,4,34,DIGIT FOUR,4,
53,U+0035,5,35,DIGIT FIVE,5,
54,U+0036,6,36,DIGIT SIX,6,
55,U+0037,7,37,DIGIT SEVEN,7,
56,U+0038,8,38,DIGIT EIGHT,8,
57,U+0039,9,39,DIGIT NINE,9,
58,U+003A,:,3a,COLON,:,
59,U+003B,;,3b,SEMICOLON,;,
60,U+003C,<,3c,LESS-THAN SIGN,<,
61,U+003D,=,3d,EQUALS SIGN,=,
62,U+003E,>,3e,GREATER-THAN SIGN,>,
63,U+003F,?,3f,QUESTION MARK,?,
64,U+0040,@,40,COMMERCIAL AT,@,
65,U+0041,A,41,LATIN CAPITAL LETTER A,A,
66,U+0042,B,42,LATIN CAPITAL LETTER B,B,
67,U+0043,C,43,LATIN CAPITAL LETTER C,C,
68,U+0044,D,44,LATIN CAPITAL LETTER D,D,
69,U+0045,E,45,LATIN CAPITAL LETTER E,E,
70,U+0046,F,46,LATIN CAPITAL LETTER F,F,
71,U+0047,G,47,LATIN CAPITAL LETTER G,G,
72,U+0048,H,48,LATIN CAPITAL LETTER H,H,
73,U+0049,I,49,LATIN CAPITAL LETTER I,I,
74,U+004A,J,4a,LATIN CAPITAL LETTER J,J,
75,U+004B,K,4b,LATIN CAPITAL LETTER K,K,
76,U+004C,L,4c,LATIN CAPITAL LETTER L,L,
77,U+004D,M,4d,LATIN CAPITAL LETTER M,M,
78,U+004E,N,4e,LATIN CAPITAL LETTER N,N,
79,U+004F,O,4f,LATIN CAPITAL LETTER O,O,
80,U+0050,P,50,LATIN CAPITAL LETTER P,P,
81,U+0051,Q,51,LATIN CAPITAL LETTER Q,Q,
82,U+0052,R,52,LATIN CAPITAL LETTER R,R,
83,U+0053,S,53,LATIN CAPITAL LETTER S,S,
84,U+0054,T,54,LATIN CAPITAL LETTER T,T,
85,U+0055,U,55,LATIN CAPITAL LETTER U,U,
86,U+0056,V,56,LATIN CAPITAL LETTER V,V,
87,U+0057,W,57,LATIN CAPITAL LETTER W,W,
88,U+0058,X,58,LATIN CAPITAL LETTER X,X,
89,U+0059,Y,59,LATIN CAPITAL LETTER Y,Y,
90,U+005A,Z,5a,LATIN CAPITAL LETTER Z,Z,
91,U+005B,[,5b,LEFT SQUARE BRACKET,[,
92,U+005C,\,5c,REVERSE SOLIDUS,\,
93,U+005D,],5d,RIGHT SQUARE BRACKET,],
94,U+005E,^,5e,CIRCUMFLEX ACCENT,^,
95,U+005F,_,5f,LOW LINE,_,
96,U+0060,`,60,GRAVE ACCENT,`,
97,U+0061,a,61,LATIN SMALL LETTER A,a,
98,U+0062,b,62,LATIN SMALL LETTER B,b,
99,U+0063,c,63,LATIN SMALL LETTER C,c,
100,U+0064,d,64,LATIN SMALL LETTER D,d,
101,U+0065,e,65,LATIN SMALL LETTER E,e,
102,U+0066,f,66,LATIN SMALL LETTER F,f,
103,U+0067,g,67,LATIN SMALL LETTER G,g,
104,U+0068,h,68,LATIN SMALL LETTER H,h,
105,U+0069,i,69,LATIN SMALL LETTER I,i,
106,U+006A,j,6a,LATIN SMALL LETTER J,j,
107,U+006B,k,6b,LATIN SMALL LETTER K,k,
108,U+006C,l,6c,LATIN SMALL LETTER L,l,
109,U+006D,m,6d,LATIN SMALL LETTER M,m,
110,U+006E,n,6e,LATIN SMALL LETTER N,n,
111,U+006F,o,6f,LATIN SMALL LETTER O,o,
112,U+0070,p,70,LATIN SMALL LETTER P,p,
113,U+0071,q,71,LATIN SMALL LETTER Q,q,
114,U+0072,r,72,LATIN SMALL LETTER R,r,
115,U+0073,s,73,LATIN SMALL LETTER S,s,
116,U+0074,t,74,LATIN SMALL LETTER T,t,
117,U+0075,u,75,LATIN SMALL LETTER U,u,
118,U+0076,v,76,LATIN SMALL LETTER V,v,
119,U+0077,w,77,LATIN SMALL LETTER W,w,
120,U+0078,x,78,LATIN SMALL LETTER X,x,
121,U+0079,y,79,LATIN SMALL LETTER Y,y,
122,U+007A,z,7a,LATIN SMALL LETTER Z,z,
123,U+007B,{,7b,LEFT CURLY BRACKET,{,
124,U+007C,|,7c,VERTICAL LINE,|,
125,U+007D,},7d,RIGHT CURLY BRACKET,},
126,U+007E,~,7e,TILDE,~,
127,U+007F,,7f,CONTROL CHARACTER, ,
128,U+0080,,c2 80,CONTROL CHARACTER, ,
129,U+0081,,c2 81,CONTROL CHARACTER, ,
130,U+0082,,c2 82,CONTROL CHARACTER, ,
131,U+0083,,c2 83,CONTROL CHARACTER, ,
132,U+0084,,c2 84,CONTROL CHARACTER, ,
133,U+0085,,c2 85,CONTROL CHARACTER, ,
134,U+0086,,c2 86,CONTROL CHARACTER, ,
135,U+0087,,c2 87,CONTROL CHARACTER, ,
136,U+0088,,c2 88,CONTROL CHARACTER, ,
137,U+0089,,c2 89,CONTROL CHARACTER, ,
138,U+008A,,c2 8a,CONTROL CHARACTER, ,
139,U+008B,,c2 8b,CONTROL CHARACTER, ,
140,U+008C,,c2 8c,CONTROL CHARACTER, ,
141,U+008D,,c2 8d,CONTROL CHARACTER, ,
142,U+008E,,c2 8e,CONTROL CHARACTER, ,
143,U+008F,,c2 8f,CONTROL CHARACTER, ,
144,U+0090,,c2 90,CONTROL CHARACTER, ,
145,U+0091,,c2 91,CONTROL CHARACTER, ,
146,U+0092,,c2 92,CONTROL CHARACTER, ,
147,U+0093,,c2 93,CONTROL CHARACTER, ,
148,U+0094,,c2 94,CONTROL CHARACTER, ,
149,U+0095,,c2 95,CONTROL CHARACTER, ,
150,U+0096,,c2 96,CONTROL CHARACTER, ,
151,U+0097,,c2 97,CONTROL CHARACTER, ,
152,U+0098,,c2 98,CONTROL CHARACTER, ,
153,U+0099,,c2 99,CONTROL CHARACTER, ,
154,U+009A,,c2 9a,CONTROL CHARACTER, ,
155,U+009B,,c2 9b,CONTROL CHARACTER, ,
156,U+009C,,c2 9c,CONTROL CHARACTER, ,
157,U+009D,,c2 9d,CONTROL CHARACTER, ,
158,U+009E,,c2 9e,CONTROL CHARACTER, ,
159,U+009F,,c2 9f,CONTROL CHARACTER, ,
160,U+00A0,,c2 a0,NO-BREAK SPACE, ,
161,U+00A1,!,c2 a1,INVERTED EXCLAMATION MARK,i,
162,U+00A2,¢,c2 a2,CENT SIGN, CENTS,
163,U+00A3,£,c2 a3,POUND SIGN, POUNDS,
164,U+00A4,¤,c2 a4,CURRENCY SIGN, CURRENCY,
165,U+00A5,¥,c2 a5,YEN SIGN, YEN,
166,U+00A6,¦,c2 a6,BROKEN BAR, |,
167,U+00A7,§,c2 a7,SECTION SIGN, SECTION,
168,U+00A8,¨,c2 a8,DIAERESIS,"""",
169,U+00A9,©,c2 a9,COPYRIGHT SIGN, COPYRIGHT,
170,U+00AA,ª,c2 aa,FEMININE ORDINAL INDICATOR, a,
171,U+00AB,«,c2 ab,LEFT-POINTING DOUBLE ANGLE QUOTATION MARK,<<,
172,U+00AC,¬,c2 ac,NOT SIGN, NOT,
173,U+00AD,­,c2 ad,SOFT HYPHEN,-,
174,U+00AE,®,c2 ae,REGISTERED SIGN, REGISTERED,
175,U+00AF,¯,c2 af,MACRON, ~,
176,U+00B0,°,c2 b0,DEGREE SIGN, DEGREES,
177,U+00B1,±,c2 b1,PLUS-MINUS SIGN,+/-,
178,U+00B2,²,c2 b2,SUPERSCRIPT TWO,^2,2
179,U+00B3,³,c2 b3,SUPERSCRIPT THREE,^3,3
180,U+00B4,´,c2 b4,ACUTE ACCENT,','
181,U+00B5,µ,c2 b5,MICRO SIGN,MICRO,u
182,U+00B6,¶,c2 b6,PILCROW SIGN, PARAGRAPH,P
183,U+00B7,·,c2 b7,MIDDLE DOT, DOT ,.
184,U+00B8,¸,c2 b8,CEDILLA,",",","
185,U+00B9,¹,c2 b9,SUPERSCRIPT ONE,^1,
186,U+00BA,º,c2 ba,MASCULINE ORDINAL INDICATOR, DEGREES,o
187,U+00BB,»,c2 bb,RIGHT-POINTING DOUBLE ANGLE QUOTATION MARK,>>,>
188,U+00BC,¼,c2 bc,VULGAR FRACTION ONE QUARTER,1/4, 
189,U+00BD,½,c2 bd,VULGAR FRACTION ONE HALF,1/2, 
190,U+00BE,¾,c2 be,VULGAR FRACTION THREE QUARTERS,3/4,
191,U+00BF,¿,c2 bf,INVERTED QUESTION MARK,"?
",?
192,U+00C0,À,c3 80,LATIN CAPITAL LETTER A WITH GRAVE,A,A
193,U+00C1,Á,c3 81,LATIN CAPITAL LETTER A WITH ACUTE,A,A
194,U+00C2,Â,c3 82,LATIN CAPITAL LETTER A WITH CIRCUMFLEX,A,A
195,U+00C3,Ã,c3 83,LATIN CAPITAL LETTER A WITH TILDE,A,A
196,U+00C4,Ä,c3 84,LATIN CAPITAL LETTER A WITH DIAERESIS,A,A
197,U+00C5,Å,c3 85,LATIN CAPITAL LETTER A WITH RING ABOVE,A,A
198,U+00C6,Æ,c3 86,LATIN CAPITAL LETTER AE,AE,A
199,U+00C7,Ç,c3 87,LATIN CAPITAL LETTER C WITH CEDILLA,C,C
200,U+00C8,È,c3 88,LATIN CAPITAL LETTER E WITH GRAVE,E,E
201,U+00C9,É,c3 89,LATIN CAPITAL LETTER E WITH ACUTE,E,E
202,U+00CA,Ê,c3 8a,LATIN CAPITAL LETTER E WITH CIRCUMFLEX,E,E
203,U+00CB,Ë,c3 8b,LATIN CAPITAL LETTER E WITH DIAERESIS,E,E
204,U+00CC,Ì,c3 8c,LATIN CAPITAL LETTER I WITH GRAVE,l,l
205,U+00CD,Í,c3 8d,LATIN CAPITAL LETTER I WITH ACUTE,l,l
206,U+00CE,Î,c3 8e,LATIN CAPITAL LETTER I WITH CIRCUMFLEX,l,l
207,U+00CF,Ï,c3 8f,LATIN CAPITAL LETTER I WITH DIAERESIS,l,l
208,U+00D0,Ð,c3 90,LATIN CAPITAL LETTER ETH,D,D
209,U+00D1,Ñ,c3 91,LATIN CAPITAL LETTER N WITH TILDE,N,N
210,U+00D2,Ò,c3 92,LATIN CAPITAL LETTER O WITH GRAVE,O,O
211,U+00D3,Ó,c3 93,LATIN CAPITAL LETTER O WITH ACUTE,O,O
212,U+00D4,Ô,c3 94,LATIN CAPITAL LETTER O WITH CIRCUMFLEX,O,O
213,U+00D5,Õ,c3 95,LATIN CAPITAL LETTER O WITH TILDE,O,O
214,U+00D6,Ö,c3 96,LATIN CAPITAL LETTER O WITH DIAERESIS,O,O
215,U+00D7,×,c3 97,MULTIPLICATION SIGN,x,x
216,U+00D8,Ø,c3 98,LATIN CAPITAL LETTER O WITH STROKE,0,0
217,U+00D9,Ù,c3 99,LATIN CAPITAL LETTER U WITH GRAVE,U,U
218,U+00DA,Ú,c3 9a,LATIN CAPITAL LETTER U WITH ACUTE,U,U
219,U+00DB,Û,c3 9b,LATIN CAPITAL LETTER U WITH CIRCUMFLEX,U,U
220,U+00DC,Ü,c3 9c,LATIN CAPITAL LETTER U WITH DIAERESIS,U,U
221,U+00DD,Ý,c3 9d,LATIN CAPITAL LETTER Y WITH ACUTE,Y,Y
222,U+00DE,Þ,c3 9e,LATIN CAPITAL LETTER THORN,P,P
223,U+00DF,ß,c3 9f,LATIN SMALL LETTER SHARP S,B,B
224,U+00E0,à,c3 a0,LATIN SMALL LETTER A WITH GRAVE,a,a
225,U+00E1,á,c3 a1,LATIN SMALL LETTER A WITH ACUTE,a,a
226,U+00E2,â,c3 a2,LATIN SMALL LETTER A WITH CIRCUMFLEX,a,a
227,U+00E3,ã,c3 a3,LATIN SMALL LETTER A WITH TILDE,a,a
228,U+00E4,ä,c3 a4,LATIN SMALL LETTER A WITH DIAERESIS,a,a
229,U+00E5,å,c3 a5,LATIN SMALL LETTER A WITH RING ABOVE,a,a
230,U+00E6,æ,c3 a6,LATIN SMALL LETTER AE,ae,a
231,U+00E7,ç,c3 a7,LATIN SMALL LETTER C WITH CEDILLA,c,c
232,U+00E8,è,c3 a8,LATIN SMALL LETTER E WITH GRAVE,e,e
233,U+00E9,é,c3 a9,LATIN SMALL LETTER E WITH ACUTE,e,e
234,U+00EA,ê,c3 aa,LATIN SMALL LETTER E WITH CIRCUMFLEX,e,e
235,U+00EB,ë,c3 ab,LATIN SMALL LETTER E WITH DIAERESIS,e,e
236,U+00EC,ì,c3 ac,LATIN SMALL LETTER I WITH GRAVE,i,i
237,U+00ED,í,c3 ad,LATIN SMALL LETTER I WITH ACUTE,i,i
238,U+00EE,î,c3 ae,LATIN SMALL LETTER I WITH CIRCUMFLEX,i,i
239,U+00EF,ï,c3 af,LATIN SMALL LETTER I WITH DIAERESIS,i,i
240,U+00F0,ð,c3 b0,LATIN SMALL LETTER ETH,o,o
241,U+00F1,ñ,c3 b1,LATIN SMALL LETTER N WITH TILDE,n,n
242,U+00F2,ò,c3 b2,LATIN SMALL LETTER O WITH GRAVE,o,o
243,U+00F3,ó,c3 b3,LATIN SMALL LETTER O WITH ACUTE,o,o
244,U+00F4,ô,c3 b4,LATIN SMALL LETTER O WITH CIRCUMFLEX,o,o
245,U+00F5,õ,c3 b5,LATIN SMALL LETTER O WITH TILDE,o,o
246,U+00F6,ö,c3 b6,LATIN SMALL LETTER O WITH DIAERESIS,o,o
247,U+00F7,÷,c3 b7,DIVISION SIGN,/,/
248,U+00F8,ø,c3 b8,LATIN SMALL LETTER O WITH STROKE,0,0
249,U+00F9,ù,c3 b9,LATIN SMALL LETTER U WITH GRAVE,u,u
250,U+00FA,ú,c3 ba,LATIN SMALL LETTER U WITH ACUTE,u,u
251,U+00FB,û,c3 bb,LATIN SMALL LETTER U WITH CIRCUMFLEX,u,u
252,U+00FC,ü,c3 bc,LATIN SMALL LETTER U WITH DIAERESIS,u,u
253,U+00FD,ý,c3 bd,LATIN SMALL LETTER Y WITH ACUTE,y,y
254,U+00FE,þ,c3 be,LATIN SMALL LETTER THORN,p,p
255,U+00FF,ÿ,c3 bf,LATIN SMALL LETTER Y WITH DIAERESIS,y,y
256,U+0100,Ā,c480,LATIN CAPITAL LETTER A WITH MACRON,,
257,U+0101,ā,c481,LATIN SMALL LETTER A WITH MACRON,,
258,U+0102,Ă,c482,LATIN CAPITAL LETTER A WITH BREVE,,
259,U+0103,ă,c483,LATIN SMALL LETTER A WITH BREVE,,
260,U+0104,Ą,c484,LATIN CAPITAL LETTER A WITH OGONEK,,
261,U+0105,ą,c485,LATIN SMALL LETTER A WITH OGONEK,,
262,U+0106,Ć,c486,LATIN CAPITAL LETTER C WITH ACUTE,,
263,U+0107,ć,c487,LATIN SMALL LETTER C WITH ACUTE,,
264,U+0108,Ĉ,c488,LATIN CAPITAL LETTER C WITH CIRCUMFLEX,,
265,U+0109,ĉ,c489,LATIN SMALL LETTER C WITH CIRCUMFLEX,,
266,U+010A,Ċ,c48a,LATIN CAPITAL LETTER C WITH DOT ABOVE,,
267,U+010B,ċ,c48b,LATIN SMALL LETTER C WITH DOT ABOVE,,
268,U+010C,Č,c48c,LATIN CAPITAL LETTER C WITH CARON,,
269,U+010D,č,c48d,LATIN SMALL LETTER C WITH CARON,,
270,U+010E,Ď,c48e,LATIN CAPITAL LETTER D WITH CARON,,
271,U+010F,ď,c48f,LATIN SMALL LETTER D WITH CARON,,
272,U+0110,Đ,c490,LATIN CAPITAL LETTER D WITH STROKE,,
273,U+0111,đ,c491,LATIN SMALL LETTER D WITH STROKE,,
274,U+0112,Ē,c492,LATIN CAPITAL LETTER E WITH MACRON,,
275,U+0113,ē,c493,LATIN SMALL LETTER E WITH MACRON,,
276,U+0114,Ĕ,c494,LATIN CAPITAL LETTER E WITH BREVE,,
277,U+0115,ĕ,c495,LATIN SMALL LETTER E WITH BREVE,,
278,U+0116,Ė,c496,LATIN CAPITAL LETTER E WITH DOT ABOVE,,
279,U+0117,ė,c497,LATIN SMALL LETTER E WITH DOT ABOVE,,
280,U+0118,Ę,c498,LATIN CAPITAL LETTER E WITH OGONEK,,
281,U+0119,ę,c499,LATIN SMALL LETTER E WITH OGONEK,,
282,U+011A,Ě,c49a,LATIN CAPITAL LETTER E WITH CARON,,
283,U+011B,ě,c49b,LATIN SMALL LETTER E WITH CARON,,
284,U+011C,Ĝ,c49c,LATIN CAPITAL LETTER G WITH CIRCUMFLEX,,
285,U+011D,ĝ,c49d,LATIN SMALL LETTER G WITH CIRCUMFLEX,,
286,U+011E,Ğ,c49e,LATIN CAPITAL LETTER G WITH BREVE,,
287,U+011F,ğ,c49f,LATIN SMALL LETTER G WITH BREVE,,
288,U+0120,Ġ,c4a0,LATIN CAPITAL LETTER G WITH DOT ABOVE,,
289,U+0121,ġ,c4a1,LATIN SMALL LETTER G WITH DOT ABOVE,,
290,U+0122,Ģ,c4a2,LATIN CAPITAL LETTER G WITH CEDILLA,,
291,U+0123,ģ,c4a3,LATIN SMALL LETTER G WITH CEDILLA,,
292,U+0124,Ĥ,c4a4,LATIN CAPITAL LETTER H WITH CIRCUMFLEX,,
293,U+0125,ĥ,c4a5,LATIN SMALL LETTER H WITH CIRCUMFLEX,,
294,U+0126,Ħ,c4a6,LATIN CAPITAL LETTER H WITH STROKE,,
295,U+0127,ħ,c4a7,LATIN SMALL LETTER H WITH STROKE,,
296,U+0128,Ĩ,c4a8,LATIN CAPITAL LETTER I WITH TILDE,,
297,U+0129,ĩ,c4a9,LATIN SMALL LETTER I WITH TILDE,,
298,U+012A,Ī,c4aa,LATIN CAPITAL LETTER I WITH MACRON,,
299,U+012B,ī,c4ab,LATIN SMALL LETTER I WITH MACRON,,
300,U+012C,Ĭ,c4ac,LATIN CAPITAL LETTER I WITH BREVE,,
301,U+012D,ĭ,c4ad,LATIN SMALL LETTER I WITH BREVE,,
302,U+012E,Į,c4ae,LATIN CAPITAL LETTER I WITH OGONEK,,
303,U+012F,į,c4af,LATIN SMALL LETTER I WITH OGONEK,,
304,U+0130,İ,c4b0,LATIN CAPITAL LETTER I WITH DOT ABOVE,,
305,U+0131,ı,c4b1,LATIN SMALL LETTER DOTLESS I,,
306,U+0132,Ĳ,c4b2,LATIN CAPITAL LIGATURE IJ,,
307,U+0133,ĳ,c4b3,LATIN SMALL LIGATURE IJ,,
308,U+0134,Ĵ,c4b4,LATIN CAPITAL LETTER J WITH CIRCUMFLEX,,
309,U+0135,ĵ,c4b5,LATIN SMALL LETTER J WITH CIRCUMFLEX,,
310,U+0136,Ķ,c4b6,LATIN CAPITAL LETTER K WITH CEDILLA,,
311,U+0137,ķ,c4b7,LATIN SMALL LETTER K WITH CEDILLA,,
312,U+0138,ĸ,c4b8,LATIN SMALL LETTER KRA,,
313,U+0139,Ĺ,c4b9,LATIN CAPITAL LETTER L WITH ACUTE,,
314,U+013A,ĺ,c4ba,LATIN SMALL LETTER L WITH ACUTE,,
315,U+013B,Ļ,c4bb,LATIN CAPITAL LETTER L WITH CEDILLA,,
316,U+013C,ļ,c4bc,LATIN SMALL LETTER L WITH CEDILLA,,
317,U+013D,Ľ,c4bd,LATIN CAPITAL LETTER L WITH CARON,,
318,U+013E,ľ,c4be,LATIN SMALL LETTER L WITH CARON,,
319,U+013F,Ŀ,c4bf,LATIN CAPITAL LETTER L WITH MIDDLE DOT,,
320,U+0140,ŀ,c580,LATIN SMALL LETTER L WITH MIDDLE DOT,,
321,U+0141,Ł,c581,LATIN CAPITAL LETTER L WITH STROKE,,
322,U+0142,ł,c582,LATIN SMALL LETTER L WITH STROKE,,
323,U+0143,Ń,c583,LATIN CAPITAL LETTER N WITH ACUTE,,
324,U+0144,ń,c584,LATIN SMALL LETTER N WITH ACUTE,,
325,U+0145,Ņ,c585,LATIN CAPITAL LETTER N WITH CEDILLA,,
326,U+0146,ņ,c586,LATIN SMALL LETTER N WITH CEDILLA,,
327,U+0147,Ň,c587,LATIN CAPITAL LETTER N WITH CARON,,
328,U+0148,ň,c588,LATIN SMALL LETTER N WITH CARON,,
329,U+0149,ŉ,c589,LATIN SMALL LETTER N PRECEDED BY APOSTROPHE,,
330,U+014A,Ŋ,c58a,LATIN CAPITAL LETTER ENG,,
331,U+014B,ŋ,c58b,LATIN SMALL LETTER ENG,,
332,U+014C,Ō,c58c,LATIN CAPITAL LETTER O WITH MACRON,,
333,U+014D,ō,c58d,LATIN SMALL LETTER O WITH MACRON,,
334,U+014E,Ŏ,c58e,LATIN CAPITAL LETTER O WITH BREVE,,
335,U+014F,ŏ,c58f,LATIN SMALL LETTER O WITH BREVE,,
336,U+0150,Ő,c590,LATIN CAPITAL LETTER O WITH DOUBLE ACUTE,,
337,U+0151,ő,c591,LATIN SMALL LETTER O WITH DOUBLE ACUTE,,
338,U+0152,Œ,c592,LATIN CAPITAL LIGATURE OE,,
339,U+0153,œ,c593,LATIN SMALL LIGATURE OE,,
340,U+0154,Ŕ,c594,LATIN CAPITAL LETTER R WITH ACUTE,,
341,U+0155,ŕ,c595,LATIN SMALL LETTER R WITH ACUTE,,
342,U+0156,Ŗ,c596,LATIN CAPITAL LETTER R WITH CEDILLA,,
343,U+0157,ŗ,c597,LATIN SMALL LETTER R WITH CEDILLA,,
344,U+0158,Ř,c598,LATIN CAPITAL LETTER R WITH CARON,,
345,U+0159,ř,c599,LATIN SMALL LETTER R WITH CARON,,
346,U+015A,Ś,c59a,LATIN CAPITAL LETTER S WITH ACUTE,,
347,U+015B,ś,c59b,LATIN SMALL LETTER S WITH ACUTE,,
348,U+015C,Ŝ,c59c,LATIN CAPITAL LETTER S WITH CIRCUMFLEX,,
349,U+015D,ŝ,c59d,LATIN SMALL LETTER S WITH CIRCUMFLEX,,
350,U+015E,Ş,c59e,LATIN CAPITAL LETTER S WITH CEDILLA,,
351,U+015F,ş,c59f,LATIN SMALL LETTER S WITH CEDILLA,,
352,U+0160,Š,c5a0,LATIN CAPITAL LETTER S WITH CARON,,
353,U+0161,š,c5a1,LATIN SMALL LETTER S WITH CARON,,
354,U+0162,Ţ,c5a2,LATIN CAPITAL LETTER T WITH CEDILLA,,
355,U+0163,ţ,c5a3,LATIN SMALL LETTER T WITH CEDILLA,,
356,U+0164,Ť,c5a4,LATIN CAPITAL LETTER T WITH CARON,,
357,U+0165,ť,c5a5,LATIN SMALL LETTER T WITH CARON,,
358,U+0166,Ŧ,c5a6,LATIN CAPITAL LETTER T WITH STROKE,,
359,U+0167,ŧ,c5a7,LATIN SMALL LETTER T WITH STROKE,,
360,U+0168,Ũ,c5a8,LATIN CAPITAL LETTER U WITH TILDE,,
361,U+0169,ũ,c5a9,LATIN SMALL LETTER U WITH TILDE,,
362,U+016A,Ū,c5aa,LATIN CAPITAL LETTER U WITH MACRON,,
363,U+016B,ū,c5ab,LATIN SMALL LETTER U WITH MACRON,,
364,U+016C,Ŭ,c5ac,LATIN CAPITAL LETTER U WITH BREVE,,
365,U+016D,ŭ,c5ad,LATIN SMALL LETTER U WITH BREVE,,
366,U+016E,Ů,c5ae,LATIN CAPITAL LETTER U WITH RING ABOVE,,
367,U+016F,ů,c5af,LATIN SMALL LETTER U WITH RING ABOVE,,
368,U+0170,Ű,c5b0,LATIN CAPITAL LETTER U WITH DOUBLE ACUTE,,
369,U+0171,ű,c5b1,LATIN SMALL LETTER U WITH DOUBLE ACUTE,,
370,U+0172,Ų,c5b2,LATIN CAPITAL LETTER U WITH OGONEK,,
371,U+0173,ų,c5b3,LATIN SMALL LETTER U WITH OGONEK,,
372,U+0174,Ŵ,c5b4,LATIN CAPITAL LETTER W WITH CIRCUMFLEX,,
373,U+0175,ŵ,c5b5,LATIN SMALL LETTER W WITH CIRCUMFLEX,,
374,U+0176,Ŷ,c5b6,LATIN CAPITAL LETTER Y WITH CIRCUMFLEX,,
375,U+0177,ŷ,c5b7,LATIN SMALL LETTER Y WITH CIRCUMFLEX,,
376,U+0178,Ÿ,c5b8,LATIN CAPITAL LETTER Y WITH DIAERESIS,,
377,U+0179,Ź,c5b9,LATIN CAPITAL LETTER Z WITH ACUTE,,
378,U+017A,ź,c5ba,LATIN SMALL LETTER Z WITH ACUTE,,
379,U+017B,Ż,c5bb,LATIN CAPITAL LETTER Z WITH DOT ABOVE,,
380,U+017C,ż,c5bc,LATIN SMALL LETTER Z WITH DOT ABOVE,,
381,U+017D,Ž,c5bd,LATIN CAPITAL LETTER Z WITH CARON,,
382,U+017E,ž,c5be,LATIN SMALL LETTER Z WITH CARON,,
383,U+017F,ſ,c5bf,LATIN SMALL LETTER LONG S,,
384,U+0180,ƀ,c680,LATIN SMALL LETTER B WITH STROKE,,
385,U+0181,Ɓ,c681,LATIN CAPITAL LETTER B WITH HOOK,,
386,U+0182,Ƃ,c682,LATIN CAPITAL LETTER B WITH TOPBAR,,
387,U+0183,ƃ,c683,LATIN SMALL LETTER B WITH TOPBAR,,
388,U+0184,Ƅ,c684,LATIN CAPITAL LETTER TONE SIX,,
389,U+0185,ƅ,c685,LATIN SMALL LETTER TONE SIX,,
390,U+0186,Ɔ,c686,LATIN CAPITAL LETTER OPEN O,,
391,U+0187,Ƈ,c687,LATIN CAPITAL LETTER C WITH HOOK,,
392,U+0188,ƈ,c688,LATIN SMALL LETTER C WITH HOOK,,
393,U+0189,Ɖ,c689,LATIN CAPITAL LETTER AFRICAN D,,
394,U+018A,Ɗ,c68a,LATIN CAPITAL LETTER D WITH HOOK,,
395,U+018B,Ƌ,c68b,LATIN CAPITAL LETTER D WITH TOPBAR,,
396,U+018C,ƌ,c68c,LATIN SMALL LETTER D WITH TOPBAR,,
397,U+018D,ƍ,c68d,LATIN SMALL LETTER TURNED DELTA,,
398,U+018E,Ǝ,c68e,LATIN CAPITAL LETTER REVERSED E,,
399,U+018F,Ə,c68f,LATIN CAPITAL LETTER SCHWA,,
400,U+0190,Ɛ,c690,LATIN CAPITAL LETTER OPEN E,,
401,U+0191,Ƒ,c691,LATIN CAPITAL LETTER F WITH HOOK,,
402,U+0192,ƒ,c692,LATIN SMALL LETTER F WITH HOOK,,
403,U+0193,Ɠ,c693,LATIN CAPITAL LETTER G WITH HOOK,,
404,U+0194,Ɣ,c694,LATIN CAPITAL LETTER GAMMA,,
405,U+0195,ƕ,c695,LATIN SMALL LETTER HV,,
406,U+0196,Ɩ,c696,LATIN CAPITAL LETTER IOTA,,
407,U+0197,Ɨ,c697,LATIN CAPITAL LETTER I WITH STROKE,,
408,U+0198,Ƙ,c698,LATIN CAPITAL LETTER K WITH HOOK,,
409,U+0199,ƙ,c699,LATIN SMALL LETTER K WITH HOOK,,
410,U+019A,ƚ,c69a,LATIN SMALL LETTER L WITH BAR,,
411,U+019B,ƛ,c69b,LATIN SMALL LETTER LAMBDA WITH STROKE,,
412,U+019C,Ɯ,c69c,LATIN CAPITAL LETTER TURNED M,,
413,U+019D,Ɲ,c69d,LATIN CAPITAL LETTER N WITH LEFT HOOK,,
414,U+019E,ƞ,c69e,LATIN SMALL LETTER N WITH LONG RIGHT LEG,,
415,U+019F,Ɵ,c69f,LATIN CAPITAL LETTER O WITH MIDDLE TILDE,,
416,U+01A0,Ơ,c6a0,LATIN CAPITAL LETTER O WITH HORN,,
417,U+01A1,ơ,c6a1,LATIN SMALL LETTER O WITH HORN,,
418,U+01A2,Ƣ,c6a2,LATIN CAPITAL LETTER OI,,
419,U+01A3,ƣ,c6a3,LATIN SMALL LETTER OI,,
420,U+01A4,Ƥ,c6a4,LATIN CAPITAL LETTER P WITH HOOK,,
421,U+01A5,ƥ,c6a5,LATIN SMALL LETTER P WITH HOOK,,
422,U+01A6,Ʀ,c6a6,LATIN LETTER YR,,
423,U+01A7,Ƨ,c6a7,LATIN CAPITAL LETTER TONE TWO,,
424,U+01A8,ƨ,c6a8,LATIN SMALL LETTER TONE TWO,,
425,U+01A9,Ʃ,c6a9,LATIN CAPITAL LETTER ESH,,
426,U+01AA,ƪ,c6aa,LATIN LETTER REVERSED ESH LOOP,,
427,U+01AB,ƫ,c6ab,LATIN SMALL LETTER T WITH PALATAL HOOK,,
428,U+01AC,Ƭ,c6ac,LATIN CAPITAL LETTER T WITH HOOK,,
429,U+01AD,ƭ,c6ad,LATIN SMALL LETTER T WITH HOOK,,
430,U+01AE,Ʈ,c6ae,LATIN CAPITAL LETTER T WITH RETROFLEX HOOK,,
431,U+01AF,Ư,c6af,LATIN CAPITAL LETTER U WITH HORN,,
432,U+01B0,ư,c6b0,LATIN SMALL LETTER U WITH HORN,,
433,U+01B1,Ʊ,c6b1,LATIN CAPITAL LETTER UPSILON,,
434,U+01B2,Ʋ,c6b2,LATIN CAPITAL LETTER V WITH HOOK,,
435,U+01B3,Ƴ,c6b3,LATIN CAPITAL LETTER Y WITH HOOK,,
436,U+01B4,ƴ,c6b4,LATIN SMALL LETTER Y WITH HOOK,,
437,U+01B5,Ƶ,c6b5,LATIN CAPITAL LETTER Z WITH STROKE,,
438,U+01B6,ƶ,c6b6,LATIN SMALL LETTER Z WITH STROKE,,
439,U+01B7,Ʒ,c6b7,LATIN CAPITAL LETTER EZH,,
440,U+01B8,Ƹ,c6b8,LATIN CAPITAL LETTER EZH REVERSED,,
441,U+01B9,ƹ,c6b9,LATIN SMALL LETTER EZH REVERSED,,
442,U+01BA,ƺ,c6ba,LATIN SMALL LETTER EZH WITH TAIL,,
443,U+01BB,ƻ,c6bb,LATIN LETTER TWO WITH STROKE,,
444,U+01BC,Ƽ,c6bc,LATIN CAPITAL LETTER TONE FIVE,,
445,U+01BD,ƽ,c6bd,LATIN SMALL LETTER TONE FIVE,,
446,U+01BE,ƾ,c6be,LATIN LETTER INVERTED GLOTTAL STOP WITH STROKE,,
447,U+01BF,ƿ,c6bf,LATIN LETTER WYNN,,
448,U+01C0,ǀ,c780,LATIN LETTER DENTAL CLICK,,
449,U+01C1,ǁ,c781,LATIN LETTER LATERAL CLICK,,
450,U+01C2,ǂ,c782,LATIN LETTER ALVEOLAR CLICK,,
451,U+01C3,ǃ,c783,LATIN LETTER RETROFLEX CLICK,,
452,U+01C4,Ǆ,c784,LATIN CAPITAL LETTER DZ WITH CARON,,
453,U+01C5,ǅ,c785,LATIN CAPITAL LETTER D WITH SMALL LETTER Z WITH CARON,,
454,U+01C6,ǆ,c786,LATIN SMALL LETTER DZ WITH CARON,,
455,U+01C7,Ǉ,c787,LATIN CAPITAL LETTER LJ,,
456,U+01C8,ǈ,c788,LATIN CAPITAL LETTER L WITH SMALL LETTER J,,
457,U+01C9,ǉ,c789,LATIN SMALL LETTER LJ,,
458,U+01CA,Ǌ,c78a,LATIN CAPITAL LETTER NJ,,
459,U+01CB,ǋ,c78b,LATIN CAPITAL LETTER N WITH SMALL LETTER J,,
460,U+01CC,ǌ,c78c,LATIN SMALL LETTER NJ,,
461,U+01CD,Ǎ,c78d,LATIN CAPITAL LETTER A WITH CARON,,
462,U+01CE,ǎ,c78e,LATIN SMALL LETTER A WITH CARON,,
463,U+01CF,Ǐ,c78f,LATIN CAPITAL LETTER I WITH CARON,,
464,U+01D0,ǐ,c790,LATIN SMALL LETTER I WITH CARON,,
465,U+01D1,Ǒ,c791,LATIN CAPITAL LETTER O WITH CARON,,
466,U+01D2,ǒ,c792,LATIN SMALL LETTER O WITH CARON,,
467,U+01D3,Ǔ,c793,LATIN CAPITAL LETTER U WITH CARON,,
468,U+01D4,ǔ,c794,LATIN SMALL LETTER U WITH CARON,,
469,U+01D5,Ǖ,c795,LATIN CAPITAL LETTER U WITH DIAERESIS AND MACRON,,
470,U+01D6,ǖ,c796,LATIN SMALL LETTER U WITH DIAERESIS AND MACRON,,
471,U+01D7,Ǘ,c797,LATIN CAPITAL LETTER U WITH DIAERESIS AND ACUTE,,
472,U+01D8,ǘ,c798,LATIN SMALL LETTER U WITH DIAERESIS AND ACUTE,,
473,U+01D9,Ǚ,c799,LATIN CAPITAL LETTER U WITH DIAERESIS AND CARON,,
474,U+01DA,ǚ,c79a,LATIN SMALL LETTER U WITH DIAERESIS AND CARON,,
475,U+01DB,Ǜ,c79b,LATIN CAPITAL LETTER U WITH DIAERESIS AND GRAVE,,
476,U+01DC,ǜ,c79c,LATIN SMALL LETTER U WITH DIAERESIS AND GRAVE,,
477,U+01DD,ǝ,c79d,LATIN SMALL LETTER TURNED E,,
478,U+01DE,Ǟ,c79e,LATIN CAPITAL LETTER A WITH DIAERESIS AND MACRON,,
479,U+01DF,ǟ,c79f,LATIN SMALL LETTER A WITH DIAERESIS AND MACRON,,
480,U+01E0,Ǡ,c7a0,LATIN CAPITAL LETTER A WITH DOT ABOVE AND MACRON,,
481,U+01E1,ǡ,c7a1,LATIN SMALL LETTER A WITH DOT ABOVE AND MACRON,,
482,U+01E2,Ǣ,c7a2,LATIN CAPITAL LETTER AE WITH MACRON,,
483,U+01E3,ǣ,c7a3,LATIN SMALL LETTER AE WITH MACRON,,
484,U+01E4,Ǥ,c7a4,LATIN CAPITAL LETTER G WITH STROKE,,
485,U+01E5,ǥ,c7a5,LATIN SMALL LETTER G WITH STROKE,,
486,U+01E6,Ǧ,c7a6,LATIN CAPITAL LETTER G WITH CARON,,
487,U+01E7,ǧ,c7a7,LATIN SMALL LETTER G WITH CARON,,
488,U+01E8,Ǩ,c7a8,LATIN CAPITAL LETTER K WITH CARON,,
489,U+01E9,ǩ,c7a9,LATIN SMALL LETTER K WITH CARON,,
490,U+01EA,Ǫ,c7aa,LATIN CAPITAL LETTER O WITH OGONEK,,
491,U+01EB,ǫ,c7ab,LATIN SMALL LETTER O WITH OGONEK,,
492,U+01EC,Ǭ,c7ac,LATIN CAPITAL LETTER O WITH OGONEK AND MACRON,,
493,U+01ED,ǭ,c7ad,LATIN SMALL LETTER O WITH OGONEK AND MACRON,,
494,U+01EE,Ǯ,c7ae,LATIN CAPITAL LETTER EZH WITH CARON,,
495,U+01EF,ǯ,c7af,LATIN SMALL LETTER EZH WITH CARON,,
496,U+01F0,ǰ,c7b0,LATIN SMALL LETTER J WITH CARON,,
497,U+01F1,Ǳ,c7b1,LATIN CAPITAL LETTER DZ,,
498,U+01F2,ǲ,c7b2,LATIN CAPITAL LETTER D WITH SMALL LETTER Z,,
499,U+01F3,ǳ,c7b3,LATIN SMALL LETTER DZ,,
500,U+01F4,Ǵ,c7b4,LATIN CAPITAL LETTER G WITH ACUTE,,
501,U+01F5,ǵ,c7b5,LATIN SMALL LETTER G WITH ACUTE,,
502,U+01F6,Ƕ,c7b6,LATIN CAPITAL LETTER HWAIR,,
503,U+01F7,Ƿ,c7b7,LATIN CAPITAL LETTER WYNN,,
504,U+01F8,Ǹ,c7b8,LATIN CAPITAL LETTER N WITH GRAVE,,
505,U+01F9,ǹ,c7b9,LATIN SMALL LETTER N WITH GRAVE,,
506,U+01FA,Ǻ,c7ba,LATIN CAPITAL LETTER A WITH RING ABOVE AND ACUTE,,
507,U+01FB,ǻ,c7bb,LATIN SMALL LETTER A WITH RING ABOVE AND ACUTE,,
508,U+01FC,Ǽ,c7bc,LATIN CAPITAL LETTER AE WITH ACUTE,,
509,U+01FD,ǽ,c7bd,LATIN SMALL LETTER AE WITH ACUTE,,
510,U+01FE,Ǿ,c7be,LATIN CAPITAL LETTER O WITH STROKE AND ACUTE,,
511,U+01FF,ǿ,c7bf,LATIN SMALL LETTER O WITH STROKE AND ACUTE,,
512,U+0200,Ȁ,c880,LATIN CAPITAL LETTER A WITH DOUBLE GRAVE,,
513,U+0201,ȁ,c881,LATIN SMALL LETTER A WITH DOUBLE GRAVE,,
514,U+0202,Ȃ,c882,LATIN CAPITAL LETTER A WITH INVERTED BREVE,,
515,U+0203,ȃ,c883,LATIN SMALL LETTER A WITH INVERTED BREVE,,
516,U+0204,Ȅ,c884,LATIN CAPITAL LETTER E WITH DOUBLE GRAVE,,
517,U+0205,ȅ,c885,LATIN SMALL LETTER E WITH DOUBLE GRAVE,,
518,U+0206,Ȇ,c886,LATIN CAPITAL LETTER E WITH INVERTED BREVE,,
519,U+0207,ȇ,c887,LATIN SMALL LETTER E WITH INVERTED BREVE,,
520,U+0208,Ȉ,c888,LATIN CAPITAL LETTER I WITH DOUBLE GRAVE,,
521,U+0209,ȉ,c889,LATIN SMALL LETTER I WITH DOUBLE GRAVE,,
522,U+020A,Ȋ,c88a,LATIN CAPITAL LETTER I WITH INVERTED BREVE,,
523,U+020B,ȋ,c88b,LATIN SMALL LETTER I WITH INVERTED BREVE,,
524,U+020C,Ȍ,c88c,LATIN CAPITAL LETTER O WITH DOUBLE GRAVE,,
525,U+020D,ȍ,c88d,LATIN SMALL LETTER O WITH DOUBLE GRAVE,,
526,U+020E,Ȏ,c88e,LATIN CAPITAL LETTER O WITH INVERTED BREVE,,
527,U+020F,ȏ,c88f,LATIN SMALL LETTER O WITH INVERTED BREVE,,
528,U+0210,Ȑ,c890,LATIN CAPITAL LETTER R WITH DOUBLE GRAVE,,
529,U+0211,ȑ,c891,LATIN SMALL LETTER R WITH DOUBLE GRAVE,,
530,U+0212,Ȓ,c892,LATIN CAPITAL LETTER R WITH INVERTED BREVE,,
531,U+0213,ȓ,c893,LATIN SMALL LETTER R WITH INVERTED BREVE,,
532,U+0214,Ȕ,c894,LATIN CAPITAL LETTER U WITH DOUBLE GRAVE,,
533,U+0215,ȕ,c895,LATIN SMALL LETTER U WITH DOUBLE GRAVE,,
534,U+0216,Ȗ,c896,LATIN CAPITAL LETTER U WITH INVERTED BREVE,,
535,U+0217,ȗ,c897,LATIN SMALL LETTER U WITH INVERTED BREVE,,
536,U+0218,Ș,c898,LATIN CAPITAL LETTER S WITH COMMA BELOW,,
537,U+0219,ș,c899,LATIN SMALL LETTER S WITH COMMA BELOW,,
538,U+021A,Ț,c89a,LATIN CAPITAL LETTER T WITH COMMA BELOW,,
539,U+021B,ț,c89b,LATIN SMALL LETTER T WITH COMMA BELOW,,
540,U+021C,Ȝ,c89c,LATIN CAPITAL LETTER YOGH,,
541,U+021D,ȝ,c89d,LATIN SMALL LETTER YOGH,,
542,U+021E,Ȟ,c89e,LATIN CAPITAL LETTER H WITH CARON,,
543,U+021F,ȟ,c89f,LATIN SMALL LETTER H WITH CARON,,
544,U+0220,Ƞ,c8a0,LATIN CAPITAL LETTER N WITH LONG RIGHT LEG,,
545,U+0221,ȡ,c8a1,LATIN SMALL LETTER D WITH CURL,,
546,U+0222,Ȣ,c8a2,LATIN CAPITAL LETTER OU,,
547,U+0223,ȣ,c8a3,LATIN SMALL LETTER OU,,
548,U+0224,Ȥ,c8a4,LATIN CAPITAL LETTER Z WITH HOOK,,
549,U+0225,ȥ,c8a5,LATIN SMALL LETTER Z WITH HOOK,,
550,U+0226,Ȧ,c8a6,LATIN CAPITAL LETTER A WITH DOT ABOVE,,
551,U+0227,ȧ,c8a7,LATIN SMALL LETTER A WITH DOT ABOVE,,
552,U+0228,Ȩ,c8a8,LATIN CAPITAL LETTER E WITH CEDILLA,,
553,U+0229,ȩ,c8a9,LATIN SMALL LETTER E WITH CEDILLA,,
554,U+022A,Ȫ,c8aa,LATIN CAPITAL LETTER O WITH DIAERESIS AND MACRON,,
555,U+022B,ȫ,c8ab,LATIN SMALL LETTER O WITH DIAERESIS AND MACRON,,
556,U+022C,Ȭ,c8ac,LATIN CAPITAL LETTER O WITH TILDE AND MACRON,,
557,U+022D,ȭ,c8ad,LATIN SMALL LETTER O WITH TILDE AND MACRON,,
558,U+022E,Ȯ,c8ae,LATIN CAPITAL LETTER O WITH DOT ABOVE,,
559,U+022F,ȯ,c8af,LATIN SMALL LETTER O WITH DOT ABOVE,,
560,U+0230,Ȱ,c8b0,LATIN CAPITAL LETTER O WITH DOT ABOVE AND MACRON,,
561,U+0231,ȱ,c8b1,LATIN SMALL LETTER O WITH DOT ABOVE AND MACRON,,
562,U+0232,Ȳ,c8b2,LATIN CAPITAL LETTER Y WITH MACRON,,
563,U+0233,ȳ,c8b3,LATIN SMALL LETTER Y WITH MACRON,,
564,U+0234,ȴ,c8b4,LATIN SMALL LETTER L WITH CURL,,
565,U+0235,ȵ,c8b5,LATIN SMALL LETTER N WITH CURL,,
566,U+0236,ȶ,c8b6,LATIN SMALL LETTER T WITH CURL,,
567,U+0237,ȷ,c8b7,LATIN SMALL LETTER DOTLESS J,,
568,U+0238,ȸ,c8b8,LATIN SMALL LETTER DB DIGRAPH,,
569,U+0239,ȹ,c8b9,LATIN SMALL LETTER QP DIGRAPH,,
570,U+023A,Ⱥ,c8ba,LATIN CAPITAL LETTER A WITH STROKE,,
571,U+023B,Ȼ,c8bb,LATIN CAPITAL LETTER C WITH STROKE,,
572,U+023C,ȼ,c8bc,LATIN SMALL LETTER C WITH STROKE,,
573,U+023D,Ƚ,c8bd,LATIN CAPITAL LETTER L WITH BAR,,
574,U+023E,Ⱦ,c8be,LATIN CAPITAL LETTER T WITH DIAGONAL STROKE,,
575,U+023F,ȿ,c8bf,LATIN SMALL LETTER S WITH SWASH TAIL,,
576,U+0240,ɀ,c980,LATIN SMALL LETTER Z WITH SWASH TAIL,,
577,U+0241,Ɂ,c981,LATIN CAPITAL LETTER GLOTTAL STOP,,
578,U+0242,ɂ,c982,LATIN SMALL LETTER GLOTTAL STOP,,
579,U+0243,Ƀ,c983,LATIN CAPITAL LETTER B WITH STROKE,,
580,U+0244,Ʉ,c984,LATIN CAPITAL LETTER U BAR,,
581,U+0245,Ʌ,c985,LATIN CAPITAL LETTER TURNED V,,
582,U+0246,Ɇ,c986,LATIN CAPITAL LETTER E WITH STROKE,,
583,U+0247,ɇ,c987,LATIN SMALL LETTER E WITH STROKE,,
584,U+0248,Ɉ,c988,LATIN CAPITAL LETTER J WITH STROKE,,
585,U+0249,ɉ,c989,LATIN SMALL LETTER J WITH STROKE,,
586,U+024A,Ɋ,c98a,LATIN CAPITAL LETTER SMALL Q WITH HOOK TAIL,,
587,U+024B,ɋ,c98b,LATIN SMALL LETTER Q WITH HOOK TAIL,,
588,U+024C,Ɍ,c98c,LATIN CAPITAL LETTER R WITH STROKE,,
589,U+024D,ɍ,c98d,LATIN SMALL LETTER R WITH STROKE,,
590,U+024E,Ɏ,c98e,LATIN CAPITAL LETTER Y WITH STROKE,,
591,U+024F,ɏ,c98f,LATIN SMALL LETTER Y WITH STROKE,,
592,U+0250,ɐ,c990,LATIN SMALL LETTER TURNED A,,
593,U+0251,ɑ,c991,LATIN SMALL LETTER ALPHA,,
594,U+0252,ɒ,c992,LATIN SMALL LETTER TURNED ALPHA,,
595,U+0253,ɓ,c993,LATIN SMALL LETTER B WITH HOOK,,
596,U+0254,ɔ,c994,LATIN SMALL LETTER OPEN O,,
597,U+0255,ɕ,c995,LATIN SMALL LETTER C WITH CURL,,
598,U+0256,ɖ,c996,LATIN SMALL LETTER D WITH TAIL,,
599,U+0257,ɗ,c997,LATIN SMALL LETTER D WITH HOOK,,
600,U+0258,ɘ,c998,LATIN SMALL LETTER REVERSED E,,
601,U+0259,ə,c999,LATIN SMALL LETTER SCHWA,,
602,U+025A,ɚ,c99a,LATIN SMALL LETTER SCHWA WITH HOOK,,
603,U+025B,ɛ,c99b,LATIN SMALL LETTER OPEN E,,
604,U+025C,ɜ,c99c,LATIN SMALL LETTER REVERSED OPEN E,,
605,U+025D,ɝ,c99d,LATIN SMALL LETTER REVERSED OPEN E WITH HOOK,,
606,U+025E,ɞ,c99e,LATIN SMALL LETTER CLOSED REVERSED OPEN E,,
607,U+025F,ɟ,c99f,LATIN SMALL LETTER DOTLESS J WITH STROKE,,
608,U+0260,ɠ,c9a0,LATIN SMALL LETTER G WITH HOOK,,
609,U+0261,ɡ,c9a1,LATIN SMALL LETTER SCRIPT G,,
610,U+0262,ɢ,c9a2,LATIN LETTER SMALL CAPITAL G,,
611,U+0263,ɣ,c9a3,LATIN SMALL LETTER GAMMA,,
612,U+0264,ɤ,c9a4,LATIN SMALL LETTER RAMS HORN,,
613,U+0265,ɥ,c9a5,LATIN SMALL LETTER TURNED H,,
614,U+0266,ɦ,c9a6,LATIN SMALL LETTER H WITH HOOK,,
615,U+0267,ɧ,c9a7,LATIN SMALL LETTER HENG WITH HOOK,,
616,U+0268,ɨ,c9a8,LATIN SMALL LETTER I WITH STROKE,,
617,U+0269,ɩ,c9a9,LATIN SMALL LETTER IOTA,,
618,U+026A,ɪ,c9aa,LATIN LETTER SMALL CAPITAL I,,
619,U+026B,ɫ,c9ab,LATIN SMALL LETTER L WITH MIDDLE TILDE,,
620,U+026C,ɬ,c9ac,LATIN SMALL LETTER L WITH BELT,,
621,U+026D,ɭ,c9ad,LATIN SMALL LETTER L WITH RETROFLEX HOOK,,
622,U+026E,ɮ,c9ae,LATIN SMALL LETTER LEZH,,
623,U+026F,ɯ,c9af,LATIN SMALL LETTER TURNED M,,
624,U+0270,ɰ,c9b0,LATIN SMALL LETTER TURNED M WITH LONG LEG,,
625,U+0271,ɱ,c9b1,LATIN SMALL LETTER M WITH HOOK,,
626,U+0272,ɲ,c9b2,LATIN SMALL LETTER N WITH LEFT HOOK,,
627,U+0273,ɳ,c9b3,LATIN SMALL LETTER N WITH RETROFLEX HOOK,,
628,U+0274,ɴ,c9b4,LATIN LETTER SMALL CAPITAL N,,
629,U+0275,ɵ,c9b5,LATIN SMALL LETTER BARRED O,,
630,U+0276,ɶ,c9b6,LATIN LETTER SMALL CAPITAL OE,,
631,U+0277,ɷ,c9b7,LATIN SMALL LETTER CLOSED OMEGA,,
632,U+0278,ɸ,c9b8,LATIN SMALL LETTER PHI,,
633,U+0279,ɹ,c9b9,LATIN SMALL LETTER TURNED R,,
634,U+027A,ɺ,c9ba,LATIN SMALL LETTER TURNED R WITH LONG LEG,,
635,U+027B,ɻ,c9bb,LATIN SMALL LETTER TURNED R WITH HOOK,,
636,U+027C,ɼ,c9bc,LATIN SMALL LETTER R WITH LONG LEG,,
637,U+027D,ɽ,c9bd,LATIN SMALL LETTER R WITH TAIL,,
638,U+027E,ɾ,c9be,LATIN SMALL LETTER R WITH FISHHOOK,,
639,U+027F,ɿ,c9bf,LATIN SMALL LETTER REVERSED R WITH FISHHOOK,,
640,U+0280,ʀ,ca80,LATIN LETTER SMALL CAPITAL R,,
641,U+0281,ʁ,ca81,LATIN LETTER SMALL CAPITAL INVERTED R,,
642,U+0282,ʂ,ca82,LATIN SMALL LETTER S WITH HOOK,,
643,U+0283,ʃ,ca83,LATIN SMALL LETTER ESH,,
644,U+0284,ʄ,ca84,LATIN SMALL LETTER DOTLESS J WITH STROKE AND HOOK,,
645,U+0285,ʅ,ca85,LATIN SMALL LETTER SQUAT REVERSED ESH,,
646,U+0286,ʆ,ca86,LATIN SMALL LETTER ESH WITH CURL,,
647,U+0287,ʇ,ca87,LATIN SMALL LETTER TURNED T,,
648,U+0288,ʈ,ca88,LATIN SMALL LETTER T WITH RETROFLEX HOOK,,
649,U+0289,ʉ,ca89,LATIN SMALL LETTER U BAR,,
650,U+028A,ʊ,ca8a,LATIN SMALL LETTER UPSILON,,
651,U+028B,ʋ,ca8b,LATIN SMALL LETTER V WITH HOOK,,
652,U+028C,ʌ,ca8c,LATIN SMALL LETTER TURNED V,,
653,U+028D,ʍ,ca8d,LATIN SMALL LETTER TURNED W,,
654,U+028E,ʎ,ca8e,LATIN SMALL LETTER TURNED Y,,
655,U+028F,ʏ,ca8f,LATIN LETTER SMALL CAPITAL Y,,
656,U+0290,ʐ,ca90,LATIN SMALL LETTER Z WITH RETROFLEX HOOK,,
657,U+0291,ʑ,ca91,LATIN SMALL LETTER Z WITH CURL,,
658,U+0292,ʒ,ca92,LATIN SMALL LETTER EZH,,
659,U+0293,ʓ,ca93,LATIN SMALL LETTER EZH WITH CURL,,
660,U+0294,ʔ,ca94,LATIN LETTER GLOTTAL STOP,,
661,U+0295,ʕ,ca95,LATIN LETTER PHARYNGEAL VOICED FRICATIVE,,
662,U+0296,ʖ,ca96,LATIN LETTER INVERTED GLOTTAL STOP,,
663,U+0297,ʗ,ca97,LATIN LETTER STRETCHED C,,
664,U+0298,ʘ,ca98,LATIN LETTER BILABIAL CLICK,,
665,U+0299,ʙ,ca99,LATIN LETTER SMALL CAPITAL B,,
666,U+029A,ʚ,ca9a,LATIN SMALL LETTER CLOSED OPEN E,,
667,U+029B,ʛ,ca9b,LATIN LETTER SMALL CAPITAL G WITH HOOK,,
668,U+029C,ʜ,ca9c,LATIN LETTER SMALL CAPITAL H,,
669,U+029D,ʝ,ca9d,LATIN SMALL LETTER J WITH CROSSED-TAIL,,
670,U+029E,ʞ,ca9e,LATIN SMALL LETTER TURNED K,,
671,U+029F,ʟ,ca9f,LATIN LETTER SMALL CAPITAL L,,
672,U+02A0,ʠ,caa0,LATIN SMALL LETTER Q WITH HOOK,,
673,U+02A1,ʡ,caa1,LATIN LETTER GLOTTAL STOP WITH STROKE,,
674,U+02A2,ʢ,caa2,LATIN LETTER REVERSED GLOTTAL STOP WITH STROKE,,
675,U+02A3,ʣ,caa3,LATIN SMALL LETTER DZ DIGRAPH,,
676,U+02A4,ʤ,caa4,LATIN SMALL LETTER DEZH DIGRAPH,,
677,U+02A5,ʥ,caa5,LATIN SMALL LETTER DZ DIGRAPH WITH CURL,,
678,U+02A6,ʦ,caa6,LATIN SMALL LETTER TS DIGRAPH,,
679,U+02A7,ʧ,caa7,LATIN SMALL LETTER TESH DIGRAPH,,
680,U+02A8,ʨ,caa8,LATIN SMALL LETTER TC DIGRAPH WITH CURL,,
681,U+02A9,ʩ,caa9,LATIN SMALL LETTER FENG DIGRAPH,,
682,U+02AA,ʪ,caaa,LATIN SMALL LETTER LS DIGRAPH,,
683,U+02AB,ʫ,caab,LATIN SMALL LETTER LZ DIGRAPH,,
684,U+02AC,ʬ,caac,LATIN LETTER BILABIAL PERCUSSIVE,,
685,U+02AD,ʭ,caad,LATIN LETTER BIDENTAL PERCUSSIVE,,
686,U+02AE,ʮ,caae,LATIN SMALL LETTER TURNED H WITH FISHHOOK,,
687,U+02AF,ʯ,caaf,LATIN SMALL LETTER TURNED H WITH FISHHOOK AND TAIL,,
688,U+02B0,ʰ,cab0,MODIFIER LETTER SMALL H,,
689,U+02B1,ʱ,cab1,MODIFIER LETTER SMALL H WITH HOOK,,
690,U+02B2,ʲ,cab2,MODIFIER LETTER SMALL J,,
691,U+02B3,ʳ,cab3,MODIFIER LETTER SMALL R,,
692,U+02B4,ʴ,cab4,MODIFIER LETTER SMALL TURNED R,,
693,U+02B5,ʵ,cab5,MODIFIER LETTER SMALL TURNED R WITH HOOK,,
694,U+02B6,ʶ,cab6,MODIFIER LETTER SMALL CAPITAL INVERTED R,,
695,U+02B7,ʷ,cab7,MODIFIER LETTER SMALL W,,
696,U+02B8,ʸ,cab8,MODIFIER LETTER SMALL Y,,
697,U+02B9,ʹ,cab9,MODIFIER LETTER PRIME,,
698,U+02BA,ʺ,caba,MODIFIER LETTER DOUBLE PRIME,,
699,U+02BB,ʻ,cabb,MODIFIER LETTER TURNED COMMA,,
700,U+02BC,ʼ,cabc,MODIFIER LETTER APOSTROPHE,,
701,U+02BD,ʽ,cabd,MODIFIER LETTER REVERSED COMMA,,
702,U+02BE,ʾ,cabe,MODIFIER LETTER RIGHT HALF RING,,
703,U+02BF,ʿ,cabf,MODIFIER LETTER LEFT HALF RING,,
704,U+02C0,ˀ,cb80,MODIFIER LETTER GLOTTAL STOP,,
705,U+02C1,ˁ,cb81,MODIFIER LETTER REVERSED GLOTTAL STOP,,
706,U+02C2,˂,cb82,MODIFIER LETTER LEFT ARROWHEAD,,
707,U+02C3,˃,cb83,MODIFIER LETTER RIGHT ARROWHEAD,,
708,U+02C4,˄,cb84,MODIFIER LETTER UP ARROWHEAD,,
709,U+02C5,˅,cb85,MODIFIER LETTER DOWN ARROWHEAD,,
710,U+02C6,ˆ,cb86,MODIFIER LETTER CIRCUMFLEX ACCENT,,
711,U+02C7,ˇ,cb87,CARON,,
712,U+02C8,ˈ,cb88,MODIFIER LETTER VERTICAL LINE,,
713,U+02C9,ˉ,cb89,MODIFIER LETTER MACRON,,
714,U+02CA,ˊ,cb8a,MODIFIER LETTER ACUTE ACCENT,,
715,U+02CB,ˋ,cb8b,MODIFIER LETTER GRAVE ACCENT,,
716,U+02CC,ˌ,cb8c,MODIFIER LETTER LOW VERTICAL LINE,,
717,U+02CD,ˍ,cb8d,MODIFIER LETTER LOW MACRON,,
718,U+02CE,ˎ,cb8e,MODIFIER LETTER LOW GRAVE ACCENT,,
719,U+02CF,ˏ,cb8f,MODIFIER LETTER LOW ACUTE ACCENT,,
720,U+02D0,ː,cb90,MODIFIER LETTER TRIANGULAR COLON,,
721,U+02D1,ˑ,cb91,MODIFIER LETTER HALF TRIANGULAR COLON,,
722,U+02D2,˒,cb92,MODIFIER LETTER CENTRED RIGHT HALF RING,,
723,U+02D3,˓,cb93,MODIFIER LETTER CENTRED LEFT HALF RING,,
724,U+02D4,˔,cb94,MODIFIER LETTER UP TACK,,
725,U+02D5,˕,cb95,MODIFIER LETTER DOWN TACK,,
726,U+02D6,˖,cb96,MODIFIER LETTER PLUS SIGN,,
727,U+02D7,˗,cb97,MODIFIER LETTER MINUS SIGN,,
728,U+02D8,˘,cb98,BREVE,,
729,U+02D9,˙,cb99,DOT ABOVE,,
730,U+02DA,˚,cb9a,RING ABOVE,,
731,U+02DB,˛,cb9b,OGONEK,,
732,U+02DC,˜,cb9c,SMALL TILDE,,
733,U+02DD,˝,cb9d,DOUBLE ACUTE ACCENT,,
734,U+02DE,˞,cb9e,MODIFIER LETTER RHOTIC HOOK,,
735,U+02DF,˟,cb9f,MODIFIER LETTER CROSS ACCENT,,
736,U+02E0,ˠ,cba0,MODIFIER LETTER SMALL GAMMA,,
737,U+02E1,ˡ,cba1,MODIFIER LETTER SMALL L,,
738,U+02E2,ˢ,cba2,MODIFIER LETTER SMALL S,,
739,U+02E3,ˣ,cba3,MODIFIER LETTER SMALL X,,
740,U+02E4,ˤ,cba4,MODIFIER LETTER SMALL REVERSED GLOTTAL STOP,,
741,U+02E5,˥,cba5,MODIFIER LETTER EXTRA-HIGH TONE BAR,,
742,U+02E6,˦,cba6,MODIFIER LETTER HIGH TONE BAR,,
743,U+02E7,˧,cba7,MODIFIER LETTER MID TONE BAR,,
744,U+02E8,˨,cba8,MODIFIER LETTER LOW TONE BAR,,
745,U+02E9,˩,cba9,MODIFIER LETTER EXTRA-LOW TONE BAR,,
746,U+02EA,˪,cbaa,MODIFIER LETTER YIN DEPARTING TONE MARK,,
747,U+02EB,˫,cbab,MODIFIER LETTER YANG DEPARTING TONE MARK,,
748,U+02EC,ˬ,cbac,MODIFIER LETTER VOICING,,
749,U+02ED,˭,cbad,MODIFIER LETTER UNASPIRATED,,
750,U+02EE,ˮ,cbae,MODIFIER LETTER DOUBLE APOSTROPHE,,
751,U+02EF,˯,cbaf,MODIFIER LETTER LOW DOWN ARROWHEAD,,
752,U+02F0,˰,cbb0,MODIFIER LETTER LOW UP ARROWHEAD,,
753,U+02F1,˱,cbb1,MODIFIER LETTER LOW LEFT ARROWHEAD,,
754,U+02F2,˲,cbb2,MODIFIER LETTER LOW RIGHT ARROWHEAD,,
755,U+02F3,˳,cbb3,MODIFIER LETTER LOW RING,,
756,U+02F4,˴,cbb4,MODIFIER LETTER MIDDLE GRAVE ACCENT,,
757,U+02F5,˵,cbb5,MODIFIER LETTER MIDDLE DOUBLE GRAVE ACCENT,,
758,U+02F6,˶,cbb6,MODIFIER LETTER MIDDLE DOUBLE ACUTE ACCENT,,
759,U+02F7,˷,cbb7,MODIFIER LETTER LOW TILDE,,
760,U+02F8,˸,cbb8,MODIFIER LETTER RAISED COLON,,
761,U+02F9,˹,cbb9,MODIFIER LETTER BEGIN HIGH TONE,,
762,U+02FA,˺,cbba,MODIFIER LETTER END HIGH TONE,,
763,U+02FB,˻,cbbb,MODIFIER LETTER BEGIN LOW TONE,,
764,U+02FC,˼,cbbc,MODIFIER LETTER END LOW TONE,,
765,U+02FD,˽,cbbd,MODIFIER LETTER SHELF,,
766,U+02FE,˾,cbbe,MODIFIER LETTER OPEN SHELF,,
767,U+02FF,˿,cbbf,MODIFIER LETTER LOW LEFT ARROW,,
768,U+0300,̀,cc80,COMBINING GRAVE ACCENT,,
769,U+0301,́,cc81,COMBINING ACUTE ACCENT,,
770,U+0302,̂,cc82,COMBINING CIRCUMFLEX ACCENT,,
771,U+0303,̃,cc83,COMBINING TILDE,,
772,U+0304,̄,cc84,COMBINING MACRON,,
773,U+0305,̅,cc85,COMBINING OVERLINE,,
774,U+0306,̆,cc86,COMBINING BREVE,,
775,U+0307,̇,cc87,COMBINING DOT ABOVE,,
776,U+0308,̈,cc88,COMBINING DIAERESIS,,
777,U+0309,̉,cc89,COMBINING HOOK ABOVE,,
778,U+030A,̊,cc8a,COMBINING RING ABOVE,,
779,U+030B,̋,cc8b,COMBINING DOUBLE ACUTE ACCENT,,
780,U+030C,̌,cc8c,COMBINING CARON,,
781,U+030D,̍,cc8d,COMBINING VERTICAL LINE ABOVE,,
782,U+030E,̎,cc8e,COMBINING DOUBLE VERTICAL LINE ABOVE,,
783,U+030F,̏,cc8f,COMBINING DOUBLE GRAVE ACCENT,,
784,U+0310,̐,cc90,COMBINING CANDRABINDU,,
785,U+0311,̑,cc91,COMBINING INVERTED BREVE,,
786,U+0312,̒,cc92,COMBINING TURNED COMMA ABOVE,,
787,U+0313,̓,cc93,COMBINING COMMA ABOVE,,
788,U+0314,̔,cc94,COMBINING REVERSED COMMA ABOVE,,
789,U+0315,̕,cc95,COMBINING COMMA ABOVE RIGHT,,
790,U+0316,̖,cc96,COMBINING GRAVE ACCENT BELOW,,
791,U+0317,̗,cc97,COMBINING ACUTE ACCENT BELOW,,
792,U+0318,̘,cc98,COMBINING LEFT TACK BELOW,,
793,U+0319,̙,cc99,COMBINING RIGHT TACK BELOW,,
794,U+031A,̚,cc9a,COMBINING LEFT ANGLE ABOVE,,
795,U+031B,̛,cc9b,COMBINING HORN,,
796,U+031C,̜,cc9c,COMBINING LEFT HALF RING BELOW,,
797,U+031D,̝,cc9d,COMBINING UP TACK BELOW,,
798,U+031E,̞,cc9e,COMBINING DOWN TACK BELOW,,
799,U+031F,̟,cc9f,COMBINING PLUS SIGN BELOW,,
800,U+0320,̠,cca0,COMBINING MINUS SIGN BELOW,,
801,U+0321,̡,cca1,COMBINING PALATALIZED HOOK BELOW,,
802,U+0322,̢,cca2,COMBINING RETROFLEX HOOK BELOW,,
803,U+0323,̣,cca3,COMBINING DOT BELOW,,
804,U+0324,̤,cca4,COMBINING DIAERESIS BELOW,,
805,U+0325,̥,cca5,COMBINING RING BELOW,,
806,U+0326,̦,cca6,COMBINING COMMA BELOW,,
807,U+0327,̧,cca7,COMBINING CEDILLA,,
808,U+0328,̨,cca8,COMBINING OGONEK,,
809,U+0329,̩,cca9,COMBINING VERTICAL LINE BELOW,,
810,U+032A,̪,ccaa,COMBINING BRIDGE BELOW,,
811,U+032B,̫,ccab,COMBINING INVERTED DOUBLE ARCH BELOW,,
812,U+032C,̬,ccac,COMBINING CARON BELOW,,
813,U+032D,̭,ccad,COMBINING CIRCUMFLEX ACCENT BELOW,,
814,U+032E,̮,ccae,COMBINING BREVE BELOW,,
815,U+032F,̯,ccaf,COMBINING INVERTED BREVE BELOW,,
816,U+0330,̰,ccb0,COMBINING TILDE BELOW,,
817,U+0331,̱,ccb1,COMBINING MACRON BELOW,,
818,U+0332,̲,ccb2,COMBINING LOW LINE,,
819,U+0333,̳,ccb3,COMBINING DOUBLE LOW LINE,,
820,U+0334,̴,ccb4,COMBINING TILDE OVERLAY,,
821,U+0335,̵,ccb5,COMBINING SHORT STROKE OVERLAY,,
822,U+0336,̶,ccb6,COMBINING LONG STROKE OVERLAY,,
823,U+0337,̷,ccb7,COMBINING SHORT SOLIDUS OVERLAY,,
824,U+0338,,ccb8,COMBINING LONG SOLIDUS OVERLAY,,
825,U+0339,̹,ccb9,COMBINING RIGHT HALF RING BELOW,,
826,U+033A,̺,ccba,COMBINING INVERTED BRIDGE BELOW,,
827,U+033B,̻,ccbb,COMBINING SQUARE BELOW,,
828,U+033C,̼,ccbc,COMBINING SEAGULL BELOW,,
829,U+033D,̽,ccbd,COMBINING X ABOVE,,
830,U+033E,̾,ccbe,COMBINING VERTICAL TILDE,,
831,U+033F,̿,ccbf,COMBINING DOUBLE OVERLINE,,
832,U+0340,̀,cd80,COMBINING GRAVE TONE MARK,,
833,U+0341,́,cd81,COMBINING ACUTE TONE MARK,,
834,U+0342,͂,cd82,COMBINING GREEK PERISPOMENI,,
835,U+0343,̓,cd83,COMBINING GREEK KORONIS,,
836,U+0344,̈́,cd84,COMBINING GREEK DIALYTIKA TONOS,,
837,U+0345,ͅ,cd85,COMBINING GREEK YPOGEGRAMMENI,,
838,U+0346,͆,cd86,COMBINING BRIDGE ABOVE,,
839,U+0347,͇,cd87,COMBINING EQUALS SIGN BELOW,,
840,U+0348,͈,cd88,COMBINING DOUBLE VERTICAL LINE BELOW,,
841,U+0349,͉,cd89,COMBINING LEFT ANGLE BELOW,,
842,U+034A,͊,cd8a,COMBINING NOT TILDE ABOVE,,
843,U+034B,͋,cd8b,COMBINING HOMOTHETIC ABOVE,,
844,U+034C,͌,cd8c,COMBINING ALMOST EQUAL TO ABOVE,,
845,U+034D,͍,cd8d,COMBINING LEFT RIGHT ARROW BELOW,,
846,U+034E,͎,cd8e,COMBINING UPWARDS ARROW BELOW,,
847,U+034F,͏,cd8f,COMBINING GRAPHEME JOINER,,
848,U+0350,͐,cd90,COMBINING RIGHT ARROWHEAD ABOVE,,
849,U+0351,͑,cd91,COMBINING LEFT HALF RING ABOVE,,
850,U+0352,͒,cd92,COMBINING FERMATA,,
851,U+0353,͓,cd93,COMBINING X BELOW,,
852,U+0354,͔,cd94,COMBINING LEFT ARROWHEAD BELOW,,
853,U+0355,͕,cd95,COMBINING RIGHT ARROWHEAD BELOW,,
854,U+0356,͖,cd96,COMBINING RIGHT ARROWHEAD AND UP ARROWHEAD BELOW,,
855,U+0357,͗,cd97,COMBINING RIGHT HALF RING ABOVE,,
856,U+0358,͘,cd98,COMBINING DOT ABOVE RIGHT,,
857,U+0359,͙,cd99,COMBINING ASTERISK BELOW,,
858,U+035A,͚,cd9a,COMBINING DOUBLE RING BELOW,,
859,U+035B,͛,cd9b,COMBINING ZIGZAG ABOVE,,
860,U+035C,͜,cd9c,COMBINING DOUBLE BREVE BELOW,,
861,U+035D,͝,cd9d,COMBINING DOUBLE BREVE,,
862,U+035E,͞,cd9e,COMBINING DOUBLE MACRON,,
863,U+035F,͟,cd9f,COMBINING DOUBLE MACRON BELOW,,
864,U+0360,͠,cda0,COMBINING DOUBLE TILDE,,
865,U+0361,͡,cda1,COMBINING DOUBLE INVERTED BREVE,,
866,U+0362,͢,cda2,COMBINING DOUBLE RIGHTWARDS ARROW BELOW,,
867,U+0363,ͣ,cda3,COMBINING LATIN SMALL LETTER A,,
868,U+0364,ͤ,cda4,COMBINING LATIN SMALL LETTER E,,
869,U+0365,ͥ,cda5,COMBINING LATIN SMALL LETTER I,,
870,U+0366,ͦ,cda6,COMBINING LATIN SMALL LETTER O,,
871,U+0367,ͧ,cda7,COMBINING LATIN SMALL LETTER U,,
872,U+0368,ͨ,cda8,COMBINING LATIN SMALL LETTER C,,
873,U+0369,ͩ,cda9,COMBINING LATIN SMALL LETTER D,,
874,U+036A,ͪ,cdaa,COMBINING LATIN SMALL LETTER H,,
875,U+036B,ͫ,cdab,COMBINING LATIN SMALL LETTER M,,
876,U+036C,ͬ,cdac,COMBINING LATIN SMALL LETTER R,,
877,U+036D,ͭ,cdad,COMBINING LATIN SMALL LETTER T,,
878,U+036E,ͮ,cdae,COMBINING LATIN SMALL LETTER V,,
879,U+036F,ͯ,cdaf,COMBINING LATIN SMALL LETTER X,,
880,U+0370,Ͱ,cdb0,GREEK CAPITAL LETTER HETA,,
881,U+0371,ͱ,cdb1,GREEK SMALL LETTER HETA,,
882,U+0372,Ͳ,cdb2,GREEK CAPITAL LETTER ARCHAIC SAMPI,,
883,U+0373,ͳ,cdb3,GREEK SMALL LETTER ARCHAIC SAMPI,,
884,U+0374,ʹ,cdb4,GREEK NUMERAL SIGN,,
885,U+0375,͵,cdb5,GREEK LOWER NUMERAL SIGN,,
886,U+0376,Ͷ,cdb6,GREEK CAPITAL LETTER PAMPHYLIAN DIGAMMA,,
887,U+0377,ͷ,cdb7,GREEK SMALL LETTER PAMPHYLIAN DIGAMMA,,
888,U+037A,ͺ,cdba,GREEK YPOGEGRAMMENI,,
889,U+037B,ͻ,cdbb,GREEK SMALL REVERSED LUNATE SIGMA SYMBOL,,
890,U+037C,ͼ,cdbc,GREEK SMALL DOTTED LUNATE SIGMA SYMBOL,,
891,U+037D,ͽ,cdbd,GREEK SMALL REVERSED DOTTED LUNATE SIGMA SYMBOL,,
892,U+037E,;,cdbe,GREEK QUESTION MARK,,
893,U+037F,Ϳ,cdbf,GREEK CAPITAL LETTER YOT,,
894,U+0384,΄,ce84,GREEK TONOS,,
895,U+0385,΅,ce85,GREEK DIALYTIKA TONOS,,
896,U+0386,Ά,ce86,GREEK CAPITAL LETTER ALPHA WITH TONOS,,
897,U+0387,·,ce87,GREEK ANO TELEIA,,
898,U+0388,Έ,ce88,GREEK CAPITAL LETTER EPSILON WITH TONOS,,
899,U+0389,Ή,ce89,GREEK CAPITAL LETTER ETA WITH TONOS,,
900,U+038A,Ί,ce8a,GREEK CAPITAL LETTER IOTA WITH TONOS,,
901,U+038C,Ό,ce8c,GREEK CAPITAL LETTER OMICRON WITH TONOS,,
902,U+038E,Ύ,ce8e,GREEK CAPITAL LETTER UPSILON WITH TONOS,,
903,U+038F,Ώ,ce8f,GREEK CAPITAL LETTER OMEGA WITH TONOS,,
904,U+0390,ΐ,ce90,GREEK SMALL LETTER IOTA WITH DIALYTIKA AND TONOS,,
905,U+0391,Α,ce91,GREEK CAPITAL LETTER ALPHA,,
906,U+0392,Β,ce92,GREEK CAPITAL LETTER BETA,,
907,U+0393,Γ,ce93,GREEK CAPITAL LETTER GAMMA,,
908,U+0394,Δ,ce94,GREEK CAPITAL LETTER DELTA,,
909,U+0395,Ε,ce95,GREEK CAPITAL LETTER EPSILON,,
910,U+0396,Ζ,ce96,GREEK CAPITAL LETTER ZETA,,
911,U+0397,Η,ce97,GREEK CAPITAL LETTER ETA,,
912,U+0398,Θ,ce98,GREEK CAPITAL LETTER THETA,,
913,U+0399,Ι,ce99,GREEK CAPITAL LETTER IOTA,,
914,U+039A,Κ,ce9a,GREEK CAPITAL LETTER KAPPA,,
915,U+039B,Λ,ce9b,GREEK CAPITAL LETTER LAMDA,,
916,U+039C,Μ,ce9c,GREEK CAPITAL LETTER MU,,
917,U+039D,Ν,ce9d,GREEK CAPITAL LETTER NU,,
918,U+039E,Ξ,ce9e,GREEK CAPITAL LETTER XI,,
919,U+039F,Ο,ce9f,GREEK CAPITAL LETTER OMICRON,,
920,U+03A0,Π,cea0,GREEK CAPITAL LETTER PI,,
921,U+03A1,Ρ,cea1,GREEK CAPITAL LETTER RHO,,
922,U+03A3,Σ,cea3,GREEK CAPITAL LETTER SIGMA,,
923,U+03A4,Τ,cea4,GREEK CAPITAL LETTER TAU,,
924,U+03A5,Υ,cea5,GREEK CAPITAL LETTER UPSILON,,
925,U+03A6,Φ,cea6,GREEK CAPITAL LETTER PHI,,
926,U+03A7,Χ,cea7,GREEK CAPITAL LETTER CHI,,
927,U+03A8,Ψ,cea8,GREEK CAPITAL LETTER PSI,,
928,U+03A9,Ω,cea9,GREEK CAPITAL LETTER OMEGA,,
929,U+03AA,Ϊ,ceaa,GREEK CAPITAL LETTER IOTA WITH DIALYTIKA,,
930,U+03AB,Ϋ,ceab,GREEK CAPITAL LETTER UPSILON WITH DIALYTIKA,,
931,U+03AC,ά,ceac,GREEK SMALL LETTER ALPHA WITH TONOS,,
932,U+03AD,έ,cead,GREEK SMALL LETTER EPSILON WITH TONOS,,
933,U+03AE,ή,ceae,GREEK SMALL LETTER ETA WITH TONOS,,
934,U+03AF,ί,ceaf,GREEK SMALL LETTER IOTA WITH TONOS,,
935,U+03B0,ΰ,ceb0,GREEK SMALL LETTER UPSILON WITH DIALYTIKA AND TONOS,,
936,U+03B1,α,ceb1,GREEK SMALL LETTER ALPHA,,
937,U+03B2,β,ceb2,GREEK SMALL LETTER BETA,,
938,U+03B3,γ,ceb3,GREEK SMALL LETTER GAMMA,,
939,U+03B4,δ,ceb4,GREEK SMALL LETTER DELTA,,
940,U+03B5,ε,ceb5,GREEK SMALL LETTER EPSILON,,
941,U+03B6,ζ,ceb6,GREEK SMALL LETTER ZETA,,
942,U+03B7,η,ceb7,GREEK SMALL LETTER ETA,,
943,U+03B8,θ,ceb8,GREEK SMALL LETTER THETA,,
944,U+03B9,ι,ceb9,GREEK SMALL LETTER IOTA,,
945,U+03BA,κ,ceba,GREEK SMALL LETTER KAPPA,,
946,U+03BB,λ,cebb,GREEK SMALL LETTER LAMDA,,
947,U+03BC,μ,cebc,GREEK SMALL LETTER MU,,
948,U+03BD,ν,cebd,GREEK SMALL LETTER NU,,
949,U+03BE,ξ,cebe,GREEK SMALL LETTER XI,,
950,U+03BF,ο,cebf,GREEK SMALL LETTER OMICRON,,
951,U+03C0,π,cf80,GREEK SMALL LETTER PI,,
952,U+03C1,ρ,cf81,GREEK SMALL LETTER RHO,,
953,U+03C2,ς,cf82,GREEK SMALL LETTER FINAL SIGMA,,
954,U+03C3,σ,cf83,GREEK SMALL LETTER SIGMA,,
955,U+03C4,τ,cf84,GREEK SMALL LETTER TAU,,
956,U+03C5,υ,cf85,GREEK SMALL LETTER UPSILON,,
957,U+03C6,φ,cf86,GREEK SMALL LETTER PHI,,
958,U+03C7,χ,cf87,GREEK SMALL LETTER CHI,,
959,U+03C8,ψ,cf88,GREEK SMALL LETTER PSI,,
960,U+03C9,ω,cf89,GREEK SMALL LETTER OMEGA,,
961,U+03CA,ϊ,cf8a,GREEK SMALL LETTER IOTA WITH DIALYTIKA,,
962,U+03CB,ϋ,cf8b,GREEK SMALL LETTER UPSILON WITH DIALYTIKA,,
963,U+03CC,ό,cf8c,GREEK SMALL LETTER OMICRON WITH TONOS,,
964,U+03CD,ύ,cf8d,GREEK SMALL LETTER UPSILON WITH TONOS,,
965,U+03CE,ώ,cf8e,GREEK SMALL LETTER OMEGA WITH TONOS,,
966,U+03CF,Ϗ,cf8f,GREEK CAPITAL KAI SYMBOL,,
967,U+03D0,ϐ,cf90,GREEK BETA SYMBOL,,
968,U+03D1,ϑ,cf91,GREEK THETA SYMBOL,,
969,U+03D2,ϒ,cf92,GREEK UPSILON WITH HOOK SYMBOL,,
970,U+03D3,ϓ,cf93,GREEK UPSILON WITH ACUTE AND HOOK SYMBOL,,
971,U+03D4,ϔ,cf94,GREEK UPSILON WITH DIAERESIS AND HOOK SYMBOL,,
972,U+03D5,ϕ,cf95,GREEK PHI SYMBOL,,
973,U+03D6,ϖ,cf96,GREEK PI SYMBOL,,
974,U+03D7,ϗ,cf97,GREEK KAI SYMBOL,,
975,U+03D8,Ϙ,cf98,GREEK LETTER ARCHAIC KOPPA,,
976,U+03D9,ϙ,cf99,GREEK SMALL LETTER ARCHAIC KOPPA,,
977,U+03DA,Ϛ,cf9a,GREEK LETTER STIGMA,,
978,U+03DB,ϛ,cf9b,GREEK SMALL LETTER STIGMA,,
979,U+03DC,Ϝ,cf9c,GREEK LETTER DIGAMMA,,
980,U+03DD,ϝ,cf9d,GREEK SMALL LETTER DIGAMMA,,
981,U+03DE,Ϟ,cf9e,GREEK LETTER KOPPA,,
982,U+03DF,ϟ,cf9f,GREEK SMALL LETTER KOPPA,,
983,U+03E0,Ϡ,cfa0,GREEK LETTER SAMPI,,
984,U+03E1,ϡ,cfa1,GREEK SMALL LETTER SAMPI,,
985,U+03E2,Ϣ,cfa2,COPTIC CAPITAL LETTER SHEI,,
986,U+03E3,ϣ,cfa3,COPTIC SMALL LETTER SHEI,,
987,U+03E4,Ϥ,cfa4,COPTIC CAPITAL LETTER FEI,,
988,U+03E5,ϥ,cfa5,COPTIC SMALL LETTER FEI,,
989,U+03E6,Ϧ,cfa6,COPTIC CAPITAL LETTER KHEI,,
990,U+03E7,ϧ,cfa7,COPTIC SMALL LETTER KHEI,,
991,U+03E8,Ϩ,cfa8,COPTIC CAPITAL LETTER HORI,,
992,U+03E9,ϩ,cfa9,COPTIC SMALL LETTER HORI,,
993,U+03EA,Ϫ,cfaa,COPTIC CAPITAL LETTER GANGIA,,
994,U+03EB,ϫ,cfab,COPTIC SMALL LETTER GANGIA,,
995,U+03EC,Ϭ,cfac,COPTIC CAPITAL LETTER SHIMA,,
996,U+03ED,ϭ,cfad,COPTIC SMALL LETTER SHIMA,,
997,U+03EE,Ϯ,cfae,COPTIC CAPITAL LETTER DEI,,
998,U+03EF,ϯ,cfaf,COPTIC SMALL LETTER DEI,,
999,U+03F0,ϰ,cfb0,GREEK KAPPA SYMBOL,,
1000,U+03F1,ϱ,cfb1,GREEK RHO SYMBOL,,
1001,U+03F2,ϲ,cfb2,GREEK LUNATE SIGMA SYMBOL,,
1002,U+03F3,ϳ,cfb3,GREEK LETTER YOT,,
1003,U+03F4,ϴ,cfb4,GREEK CAPITAL THETA SYMBOL,,
1004,U+03F5,ϵ,cfb5,GREEK LUNATE EPSILON SYMBOL,,
1005,U+03F6,϶,cfb6,GREEK REVERSED LUNATE EPSILON SYMBOL,,
1006,U+03F7,Ϸ,cfb7,GREEK CAPITAL LETTER SHO,,
1007,U+03F8,ϸ,cfb8,GREEK SMALL LETTER SHO,,
1008,U+03F9,Ϲ,cfb9,GREEK CAPITAL LUNATE SIGMA SYMBOL,,
1009,U+03FA,Ϻ,cfba,GREEK CAPITAL LETTER SAN,,
1010,U+03FB,ϻ,cfbb,GREEK SMALL LETTER SAN,,
1011,U+03FC,ϼ,cfbc,GREEK RHO WITH STROKE SYMBOL,,
1012,U+03FD,Ͻ,cfbd,GREEK CAPITAL REVERSED LUNATE SIGMA SYMBOL,,
1013,U+03FE,Ͼ,cfbe,GREEK CAPITAL DOTTED LUNATE SIGMA SYMBOL,,
1014,U+03FF,Ͽ,cfbf,GREEK CAPITAL REVERSED DOTTED LUNATE SIGMA SYMBOL,,
1015,U+0400,Ѐ,d080,CYRILLIC CAPITAL LETTER IE WITH GRAVE,,
1016,U+0401,Ё,d081,CYRILLIC CAPITAL LETTER IO,,
1017,U+0402,Ђ,d082,CYRILLIC CAPITAL LETTER DJE,,
1018,U+0403,Ѓ,d083,CYRILLIC CAPITAL LETTER GJE,,
1019,U+0404,Є,d084,CYRILLIC CAPITAL LETTER UKRAINIAN IE,,
1020,U+0405,Ѕ,d085,CYRILLIC CAPITAL LETTER DZE,,
1021,U+0406,І,d086,CYRILLIC CAPITAL LETTER BYELORUSSIAN-UKRAINIAN I,,
1022,U+0407,Ї,d087,CYRILLIC CAPITAL LETTER YI,,
1023,U+0408,Ј,d088,CYRILLIC CAPITAL LETTER JE,,
