"code_point","char","utf8","name","multiascii","ascii"
"U+0000",,0,"<control>",,
"U+0001",,1,"<control>",,
"U+0002",,2,"<control>",,
"U+0003",,3,"<control>",,
"U+0004",,4,"<control>",,
"U+0005",,5,"<control>",,
"U+0006",,6,"<control>",,
"U+0007",,7,"<control>",,
"U+0008",,8,"<control>",,
"U+0009",,9,"<control>",,
"U+000A",,"0a","<control>",,
"U+000B",,"0b","<control>",,
"U+000C",,"0c","<control>",,
"U+000D",,"0d","<control>",,
"U+000E",,"0e","<control>",,
"U+000F",,"0f","<control>",,
"U+0010",,10,"<control>",,
"U+0011",,11,"<control>",,
"U+0012",,12,"<control>",,
"U+0013",,13,"<control>",,
"U+0014",,14,"<control>",,
"U+0015",,15,"<control>",,
"U+0016",,16,"<control>",,
"U+0017",,17,"<control>",,
"U+0018",,18,"<control>",,
"U+0019",,19,"<control>",,
"U+001A",,"1a","<control>",,
"U+001B",,"1b","<control>",,
"U+001C",,"1c","<control>",,
"U+001D",,"1d","<control>",,
"U+001E",,"1e","<control>",,
"U+001F",,"1f","<control>",,
"U+0020",,20,"SPACE",,
"U+0021","!",21,"EXCLAMATION MARK","!",
"U+0022","""",22,"QUOTATION MARK","""",
"U+0023","#",23,"NUMBER SIGN","#",
"U+0024","$",24,"DOLLAR SIGN","$",
"U+0025","%",25,"PERCENT SIGN","%",
"U+0026","&",26,"AMPERSAND","&",
"U+0027",,27,"APOSTROPHE",,
"U+0028","(",28,"LEFT PARENTHESIS","(",
"U+0029",")",29,"RIGHT PARENTHESIS",")",
"U+002A","*","2a","ASTERISK","*",
"U+002B","+","2b","PLUS SIGN","+",
"U+002C",",","2c","COMMA",",",
"U+002D","-","2d","HYPHEN-MINUS","-",
"U+002E",".","2e","FULL STOP",".",
"U+002F","/","2f","SOLIDUS","/",
"U+0030",0,30,"DIGIT ZERO",0,
"U+0031",1,31,"DIGIT ONE",1,
"U+0032",2,32,"DIGIT TWO",2,
"U+0033",3,33,"DIGIT THREE",3,
"U+0034",4,34,"DIGIT FOUR",4,
"U+0035",5,35,"DIGIT FIVE",5,
"U+0036",6,36,"DIGIT SIX",6,
"U+0037",7,37,"DIGIT SEVEN",7,
"U+0038",8,38,"DIGIT EIGHT",8,
"U+0039",9,39,"DIGIT NINE",9,
"U+003A",":","3a","COLON",":",
"U+003B",";","3b","SEMICOLON",";",
"U+003C","<","3c","LESS-THAN SIGN","<",
"U+003D","=","3d","EQUALS SIGN","=",
"U+003E",">","3e","GREATER-THAN SIGN",">",
"U+003F","?","3f","QUESTION MARK","?",
"U+0040","@",40,"COMMERCIAL AT","@",
"U+0041","A",41,"LATIN CAPITAL LETTER A","A",
"U+0042","B",42,"LATIN CAPITAL LETTER B","B",
"U+0043","C",43,"LATIN CAPITAL LETTER C","C",
"U+0044","D",44,"LATIN CAPITAL LETTER D","D",
"U+0045","E",45,"LATIN CAPITAL LETTER E","E",
"U+0046","F",46,"LATIN CAPITAL LETTER F","F",
"U+0047","G",47,"LATIN CAPITAL LETTER G","G",
"U+0048","H",48,"LATIN CAPITAL LETTER H","H",
"U+0049","I",49,"LATIN CAPITAL LETTER I","I",
"U+004A","J","4a","LATIN CAPITAL LETTER J","J",
"U+004B","K","4b","LATIN CAPITAL LETTER K","K",
"U+004C","L","4c","LATIN CAPITAL LETTER L","L",
"U+004D","M","4d","LATIN CAPITAL LETTER M","M",
"U+004E","N","4e","LATIN CAPITAL LETTER N","N",
"U+004F","O","4f","LATIN CAPITAL LETTER O","O",
"U+0050","P",50,"LATIN CAPITAL LETTER P","P",
"U+0051","Q",51,"LATIN CAPITAL LETTER Q","Q",
"U+0052","R",52,"LATIN CAPITAL LETTER R","R",
"U+0053","S",53,"LATIN CAPITAL LETTER S","S",
"U+0054","T",54,"LATIN CAPITAL LETTER T","T",
"U+0055","U",55,"LATIN CAPITAL LETTER U","U",
"U+0056","V",56,"LATIN CAPITAL LETTER V","V",
"U+0057","W",57,"LATIN CAPITAL LETTER W","W",
"U+0058","X",58,"LATIN CAPITAL LETTER X","X",
"U+0059","Y",59,"LATIN CAPITAL LETTER Y","Y",
"U+005A","Z","5a","LATIN CAPITAL LETTER Z","Z",
"U+005B","[","5b","LEFT SQUARE BRACKET","[",
"U+005C","\","5c","REVERSE SOLIDUS","\",
"U+005D","]","5d","RIGHT SQUARE BRACKET","]",
"U+005E","^","5e","CIRCUMFLEX ACCENT","^",
"U+005F","_","5f","LOW LINE","_",
"U+0060","`",60,"GRAVE ACCENT","`",
"U+0061","a",61,"LATIN SMALL LETTER A","a",
"U+0062","b",62,"LATIN SMALL LETTER B","b",
"U+0063","c",63,"LATIN SMALL LETTER C","c",
"U+0064","d",64,"LATIN SMALL LETTER D","d",
"U+0065","e",65,"LATIN SMALL LETTER E","e",
"U+0066","f",66,"LATIN SMALL LETTER F","f",
"U+0067","g",67,"LATIN SMALL LETTER G","g",
"U+0068","h",68,"LATIN SMALL LETTER H","h",
"U+0069","i",69,"LATIN SMALL LETTER I","i",
"U+006A","j","6a","LATIN SMALL LETTER J","j",
"U+006B","k","6b","LATIN SMALL LETTER K","k",
"U+006C","l","6c","LATIN SMALL LETTER L","l",
"U+006D","m","6d","LATIN SMALL LETTER M","m",
"U+006E","n","6e","LATIN SMALL LETTER N","n",
"U+006F","o","6f","LATIN SMALL LETTER O","o",
"U+0070","p",70,"LATIN SMALL LETTER P","p",
"U+0071","q",71,"LATIN SMALL LETTER Q","q",
"U+0072","r",72,"LATIN SMALL LETTER R","r",
"U+0073","s",73,"LATIN SMALL LETTER S","s",
"U+0074","t",74,"LATIN SMALL LETTER T","t",
"U+0075","u",75,"LATIN SMALL LETTER U","u",
"U+0076","v",76,"LATIN SMALL LETTER V","v",
"U+0077","w",77,"LATIN SMALL LETTER W","w",
"U+0078","x",78,"LATIN SMALL LETTER X","x",
"U+0079","y",79,"LATIN SMALL LETTER Y","y",
"U+007A","z","7a","LATIN SMALL LETTER Z","z",
"U+007B","{","7b","LEFT CURLY BRACKET","{",
"U+007C","|","7c","VERTICAL LINE","|",
"U+007D","}","7d","RIGHT CURLY BRACKET","}",
"U+007E","~","7e","TILDE","~",
"U+007F",,"7f","<control>"," ",
"U+0080",,"c2 80","<control>"," ",
"U+0081",,"c2 81","<control>"," ",
"U+0082",,"c2 82","<control>"," ",
"U+0083",,"c2 83","<control>"," ",
"U+0084",,"c2 84","<control>"," ",
"U+0085",,"c2 85","<control>"," ",
"U+0086",,"c2 86","<control>"," ",
"U+0087",,"c2 87","<control>"," ",
"U+0088",,"c2 88","<control>"," ",
"U+0089",,"c2 89","<control>"," ",
"U+008A",,"c2 8a","<control>"," ",
"U+008B",,"c2 8b","<control>"," ",
"U+008C",,"c2 8c","<control>"," ",
"U+008D",,"c2 8d","<control>"," ",
"U+008E",,"c2 8e","<control>"," ",
"U+008F",,"c2 8f","<control>"," ",
"U+0090",,"c2 90","<control>"," ",
"U+0091",,"c2 91","<control>"," ",
"U+0092",,"c2 92","<control>"," ",
"U+0093",,"c2 93","<control>"," ",
"U+0094",,"c2 94","<control>"," ",
"U+0095",,"c2 95","<control>"," ",
"U+0096",,"c2 96","<control>"," ",
"U+0097",,"c2 97","<control>"," ",
"U+0098",,"c2 98","<control>"," ",
"U+0099",,"c2 99","<control>"," ",
"U+009A",,"c2 9a","<control>"," ",
"U+009B",,"c2 9b","<control>"," ",
"U+009C",,"c2 9c","<control>"," ",
"U+009D",,"c2 9d","<control>"," ",
"U+009E",,"c2 9e","<control>"," ",
"U+009F",,"c2 9f","<control>"," ",
"U+00A0",,"c2 a0","NO-BREAK SPACE"," ",
"U+00A1","¡","c2 a1","INVERTED EXCLAMATION MARK","i",
"U+00A2","¢","c2 a2","CENT SIGN"," CENTS",
"U+00A3","£","c2 a3","POUND SIGN"," POUNDS",
"U+00A4","¤","c2 a4","CURRENCY SIGN"," CURRENCY",
"U+00A5","¥","c2 a5","YEN SIGN"," YEN",
"U+00A6","¦","c2 a6","BROKEN BAR"," |",
"U+00A7","§","c2 a7","SECTION SIGN"," SECTION",
"U+00A8","¨","c2 a8","DIAERESIS","""",
"U+00A9","©","c2 a9","COPYRIGHT SIGN"," COPYRIGHT",
"U+00AA","ª","c2 aa","FEMININE ORDINAL INDICATOR"," a",
"U+00AB","«","c2 ab","LEFT-POINTING DOUBLE ANGLE QUOTATION MARK","<<",
"U+00AC","¬","c2 ac","NOT SIGN"," NOT",
"U+00AD","­","c2 ad","SOFT HYPHEN","-",
"U+00AE","®","c2 ae","REGISTERED SIGN"," REGISTERED",
"U+00AF","¯","c2 af","MACRON"," ~",
"U+00B0","°","c2 b0","DEGREE SIGN"," DEGREES",
"U+00B1","±","c2 b1","PLUS-MINUS SIGN","+/-",
"U+00B2","²","c2 b2","SUPERSCRIPT TWO","^2",2
"U+00B3","³","c2 b3","SUPERSCRIPT THREE","^3",3
"U+00B4","´","c2 b4","ACUTE ACCENT","'","'"
"U+00B5","µ","c2 b5","MICRO SIGN","MICRO","u"
"U+00B6","¶","c2 b6","PILCROW SIGN"," PARAGRAPH","P"
"U+00B7","·","c2 b7","MIDDLE DOT"," DOT ","."
"U+00B8","¸","c2 b8","CEDILLA",",",","
"U+00B9","¹","c2 b9","SUPERSCRIPT ONE","^1",
"U+00BA","º","c2 ba","MASCULINE ORDINAL INDICATOR"," DEGREES","o"
"U+00BB","»","c2 bb","RIGHT-POINTING DOUBLE ANGLE QUOTATION MARK",">>",">"
"U+00BC","¼","c2 bc","VULGAR FRACTION ONE QUARTER",1/4," "
"U+00BD","½","c2 bd","VULGAR FRACTION ONE HALF",1/2," "
"U+00BE","¾","c2 be","VULGAR FRACTION THREE QUARTERS",3/4,
"U+00BF","¿","c2 bf","INVERTED QUESTION MARK","?
","?"
"U+00C0","À","c3 80","LATIN CAPITAL LETTER A WITH GRAVE","A","A"
"U+00C1","Á","c3 81","LATIN CAPITAL LETTER A WITH ACUTE","A","A"
"U+00C2","Â","c3 82","LATIN CAPITAL LETTER A WITH CIRCUMFLEX","A","A"
"U+00C3","Ã","c3 83","LATIN CAPITAL LETTER A WITH TILDE","A","A"
"U+00C4","Ä","c3 84","LATIN CAPITAL LETTER A WITH DIAERESIS","A","A"
"U+00C5","Å","c3 85","LATIN CAPITAL LETTER A WITH RING ABOVE","A","A"
"U+00C6","Æ","c3 86","LATIN CAPITAL LETTER AE","AE","A"
"U+00C7","Ç","c3 87","LATIN CAPITAL LETTER C WITH CEDILLA","C","C"
"U+00C8","È","c3 88","LATIN CAPITAL LETTER E WITH GRAVE","E","E"
"U+00C9","É","c3 89","LATIN CAPITAL LETTER E WITH ACUTE","E","E"
"U+00CA","Ê","c3 8a","LATIN CAPITAL LETTER E WITH CIRCUMFLEX","E","E"
"U+00CB","Ë","c3 8b","LATIN CAPITAL LETTER E WITH DIAERESIS","E","E"
"U+00CC","Ì","c3 8c","LATIN CAPITAL LETTER I WITH GRAVE","l","l"
"U+00CD","Í","c3 8d","LATIN CAPITAL LETTER I WITH ACUTE","l","l"
"U+00CE","Î","c3 8e","LATIN CAPITAL LETTER I WITH CIRCUMFLEX","l","l"
"U+00CF","Ï","c3 8f","LATIN CAPITAL LETTER I WITH DIAERESIS","l","l"
"U+00D0","Ð","c3 90","LATIN CAPITAL LETTER ETH","D","D"
"U+00D1","Ñ","c3 91","LATIN CAPITAL LETTER N WITH TILDE","N","N"
"U+00D2","Ò","c3 92","LATIN CAPITAL LETTER O WITH GRAVE","O","O"
"U+00D3","Ó","c3 93","LATIN CAPITAL LETTER O WITH ACUTE","O","O"
"U+00D4","Ô","c3 94","LATIN CAPITAL LETTER O WITH CIRCUMFLEX","O","O"
"U+00D5","Õ","c3 95","LATIN CAPITAL LETTER O WITH TILDE","O","O"
"U+00D6","Ö","c3 96","LATIN CAPITAL LETTER O WITH DIAERESIS","O","O"
"U+00D7","×","c3 97","MULTIPLICATION SIGN","x","x"
"U+00D8","Ø","c3 98","LATIN CAPITAL LETTER O WITH STROKE",0,0
"U+00D9","Ù","c3 99","LATIN CAPITAL LETTER U WITH GRAVE","U","U"
"U+00DA","Ú","c3 9a","LATIN CAPITAL LETTER U WITH ACUTE","U","U"
"U+00DB","Û","c3 9b","LATIN CAPITAL LETTER U WITH CIRCUMFLEX","U","U"
"U+00DC","Ü","c3 9c","LATIN CAPITAL LETTER U WITH DIAERESIS","U","U"
"U+00DD","Ý","c3 9d","LATIN CAPITAL LETTER Y WITH ACUTE","Y","Y"
"U+00DE","Þ","c3 9e","LATIN CAPITAL LETTER THORN","P","P"
"U+00DF","ß","c3 9f","LATIN SMALL LETTER SHARP S","B","B"
"U+00E0","à","c3 a0","LATIN SMALL LETTER A WITH GRAVE","a","a"
"U+00E1","á","c3 a1","LATIN SMALL LETTER A WITH ACUTE","a","a"
"U+00E2","â","c3 a2","LATIN SMALL LETTER A WITH CIRCUMFLEX","a","a"
"U+00E3","ã","c3 a3","LATIN SMALL LETTER A WITH TILDE","a","a"
"U+00E4","ä","c3 a4","LATIN SMALL LETTER A WITH DIAERESIS","a","a"
"U+00E5","å","c3 a5","LATIN SMALL LETTER A WITH RING ABOVE","a","a"
"U+00E6","æ","c3 a6","LATIN SMALL LETTER AE","ae","a"
"U+00E7","ç","c3 a7","LATIN SMALL LETTER C WITH CEDILLA","c","c"
"U+00E8","è","c3 a8","LATIN SMALL LETTER E WITH GRAVE","e","e"
"U+00E9","é","c3 a9","LATIN SMALL LETTER E WITH ACUTE","e","e"
"U+00EA","ê","c3 aa","LATIN SMALL LETTER E WITH CIRCUMFLEX","e","e"
"U+00EB","ë","c3 ab","LATIN SMALL LETTER E WITH DIAERESIS","e","e"
"U+00EC","ì","c3 ac","LATIN SMALL LETTER I WITH GRAVE","i","i"
"U+00ED","í","c3 ad","LATIN SMALL LETTER I WITH ACUTE","i","i"
"U+00EE","î","c3 ae","LATIN SMALL LETTER I WITH CIRCUMFLEX","i","i"
"U+00EF","ï","c3 af","LATIN SMALL LETTER I WITH DIAERESIS","i","i"
"U+00F0","ð","c3 b0","LATIN SMALL LETTER ETH","o","o"
"U+00F1","ñ","c3 b1","LATIN SMALL LETTER N WITH TILDE","n","n"
"U+00F2","ò","c3 b2","LATIN SMALL LETTER O WITH GRAVE","o","o"
"U+00F3","ó","c3 b3","LATIN SMALL LETTER O WITH ACUTE","o","o"
"U+00F4","ô","c3 b4","LATIN SMALL LETTER O WITH CIRCUMFLEX","o","o"
"U+00F5","õ","c3 b5","LATIN SMALL LETTER O WITH TILDE","o","o"
"U+00F6","ö","c3 b6","LATIN SMALL LETTER O WITH DIAERESIS","o","o"
"U+00F7","÷","c3 b7","DIVISION SIGN","/","/"
"U+00F8","ø","c3 b8","LATIN SMALL LETTER O WITH STROKE",0,0
"U+00F9","ù","c3 b9","LATIN SMALL LETTER U WITH GRAVE","u","u"
"U+00FA","ú","c3 ba","LATIN SMALL LETTER U WITH ACUTE","u","u"
"U+00FB","û","c3 bb","LATIN SMALL LETTER U WITH CIRCUMFLEX","u","u"
"U+00FC","ü","c3 bc","LATIN SMALL LETTER U WITH DIAERESIS","u","u"
"U+00FD","ý","c3 bd","LATIN SMALL LETTER Y WITH ACUTE","y","y"
"U+00FE","þ","c3 be","LATIN SMALL LETTER THORN","p","p"
"U+00FF","ÿ","c3 bf","LATIN SMALL LETTER Y WITH DIAERESIS","y","y"
"U+00100+","Ā","c480","LATIN CAPITAL LETTER A WITH MACRON (U+0100)","A","A^-^"
"U+00100+","ā","c481","LATIN SMALL LETTER A WITH MACRON (U+0101)","a","a^-^"
"U+00100+","Ă","c482","LATIN CAPITAL LETTER A WITH BREVE (U+0102)","A","A^u^"
"U+00100+","ă","c483","LATIN SMALL LETTER A WITH BREVE (U+0103)","a","A^u^"
"U+00100+","Ą","c484","LATIN CAPITAL LETTER A WITH OGONEK (U+0104)","A","A"
"U+00100+","ą","c485","LATIN SMALL LETTER A WITH OGONEK (U+0105)","a","a"
"U+00100+","Ć","c486","LATIN CAPITAL LETTER C WITH ACUTE (U+0106)","C","C"
"U+00100+","ć","c487","LATIN SMALL LETTER C WITH ACUTE (U+0107)","c","c"
"U+00100+","Ĉ","c488","LATIN CAPITAL LETTER C WITH CIRCUMFLEX (U+0108)","C","C"
"U+00100+","ĉ","c489","LATIN SMALL LETTER C WITH CIRCUMFLEX (U+0109)","c","c"
"U+00100+","Ċ","c48a","LATIN CAPITAL LETTER C WITH DOT ABOVE (U+010A)","C","C"
"U+00100+","ċ","c48b","LATIN SMALL LETTER C WITH DOT ABOVE (U+010B)","c","c"
"U+00100+","Č","c48c","LATIN CAPITAL LETTER C WITH CARON (U+010C)","C","C"
"U+00100+","č","c48d","LATIN SMALL LETTER C WITH CARON (U+010D)","c","c"
"U+00100+","Ď","c48e","LATIN CAPITAL LETTER D WITH CARON (U+010E)","D","D"
"U+00100+","ď","c48f","LATIN SMALL LETTER D WITH CARON (U+010F)","d","d"
"U+00100+","Đ","c490","LATIN CAPITAL LETTER D WITH STROKE (U+0110)","D","D"
"U+00100+","đ","c491","LATIN SMALL LETTER D WITH STROKE (U+0111)","d","d"
"U+00100+","Ē","c492","LATIN CAPITAL LETTER E WITH MACRON (U+0112)","E","E"
"U+00100+","ē","c493","LATIN SMALL LETTER E WITH MACRON (U+0113)","e","e"
"U+00100+","Ĕ","c494","LATIN CAPITAL LETTER E WITH BREVE (U+0114)","E","E"
"U+00100+","ĕ","c495","LATIN SMALL LETTER E WITH BREVE (U+0115)","e","e"
"U+00100+","Ė","c496","LATIN CAPITAL LETTER E WITH DOT ABOVE (U+0116)","E","E"
"U+00100+","ė","c497","LATIN SMALL LETTER E WITH DOT ABOVE (U+0117)","e","e"
"U+00100+","Ę","c498","LATIN CAPITAL LETTER E WITH OGONEK (U+0118)","E","E"
"U+00100+","ę","c499","LATIN SMALL LETTER E WITH OGONEK (U+0119)","e","e"
"U+00100+","Ě","c49a","LATIN CAPITAL LETTER E WITH CARON (U+011A)","E","E"
"U+00100+","ě","c49b","LATIN SMALL LETTER E WITH CARON (U+011B)","e","e"
"U+00100+","Ĝ","c49c","LATIN CAPITAL LETTER G WITH CIRCUMFLEX (U+011C)","G","G"
"U+00100+","ĝ","c49d","LATIN SMALL LETTER G WITH CIRCUMFLEX (U+011D)","g","g"
"U+00100+","Ğ","c49e","LATIN CAPITAL LETTER G WITH BREVE (U+011E)","G","G"
"U+00100+","ğ","c49f","LATIN SMALL LETTER G WITH BREVE (U+011F)","g","g"
"U+00100+","Ġ","c4a0","LATIN CAPITAL LETTER G WITH DOT ABOVE (U+0120)","G","G"
"U+00100+","ġ","c4a1","LATIN SMALL LETTER G WITH DOT ABOVE (U+0121)","g","g"
"U+00100+","Ģ","c4a2","LATIN CAPITAL LETTER G WITH CEDILLA (U+0122)","G","G"
"U+00100+","ģ","c4a3","LATIN SMALL LETTER G WITH CEDILLA (U+0123)","g","g"
"U+00100+","Ĥ","c4a4","LATIN CAPITAL LETTER H WITH CIRCUMFLEX (U+0124)","H","H"
"U+00100+","ĥ","c4a5","LATIN SMALL LETTER H WITH CIRCUMFLEX (U+0125)","h","h"
"U+00100+","Ħ","c4a6","LATIN CAPITAL LETTER H WITH STROKE (U+0126)","H","H"
"U+00100+","ħ","c4a7","LATIN SMALL LETTER H WITH STROKE (U+0127)","h","h"
"U+00100+","Ĩ","c4a8","LATIN CAPITAL LETTER I WITH TILDE (U+0128)","I","I^~^"
"U+00100+","ĩ","c4a9","LATIN SMALL LETTER I WITH TILDE (U+0129)","i","i^~^"
"U+00100+","Ī","c4aa","LATIN CAPITAL LETTER I WITH MACRON (U+012A)","I","I"
"U+00100+","ī","c4ab","LATIN SMALL LETTER I WITH MACRON (U+012B)","i","i"
"U+00100+","Ĭ","c4ac","LATIN CAPITAL LETTER I WITH BREVE (U+012C)","I","I"
"U+00100+","ĭ","c4ad","LATIN SMALL LETTER I WITH BREVE (U+012D)","i","i"
"U+00100+","Į","c4ae","LATIN CAPITAL LETTER I WITH OGONEK (U+012E)","I","I"
"U+00100+","į","c4af","LATIN SMALL LETTER I WITH OGONEK (U+012F)","i","i"
"U+00100+","İ","c4b0","LATIN CAPITAL LETTER I WITH DOT ABOVE (U+0130)","I","I"
"U+00100+","ı","c4b1","LATIN SMALL LETTER DOTLESS I (U+0131)","i","i"
"U+00100+","Ĳ","c4b2","LATIN CAPITAL LIGATURE IJ (U+0132)","I","IJ"
"U+00100+","ĳ","c4b3","LATIN SMALL LIGATURE IJ (U+0133)","j","ij"
"U+00100+","Ĵ","c4b4","LATIN CAPITAL LETTER J WITH CIRCUMFLEX (U+0134)","J","J"
"U+00100+","ĵ","c4b5","LATIN SMALL LETTER J WITH CIRCUMFLEX (U+0135)","j","j"
"U+00100+","Ķ","c4b6","LATIN CAPITAL LETTER K WITH CEDILLA (U+0136)","K","K"
"U+00100+","ķ","c4b7","LATIN SMALL LETTER K WITH CEDILLA (U+0137)","k","k"
"U+00100+","ĸ","c4b8","LATIN SMALL LETTER KRA (U+0138)","k","k"
"U+00100+","Ĺ","c4b9","LATIN CAPITAL LETTER L WITH ACUTE (U+0139)","L","L"
"U+00100+","ĺ","c4ba","LATIN SMALL LETTER L WITH ACUTE (U+013A)","l","l"
"U+00100+","Ļ","c4bb","LATIN CAPITAL LETTER L WITH CEDILLA (U+013B)","L","L"
"U+00100+","ļ","c4bc","LATIN SMALL LETTER L WITH CEDILLA (U+013C)","l","l"
"U+00100+","Ľ","c4bd","LATIN CAPITAL LETTER L WITH CARON (U+013D)","L","L"
"U+00100+","ľ","c4be","LATIN SMALL LETTER L WITH CARON (U+013E)","l","l"
"U+00100+","Ŀ","c4bf","LATIN CAPITAL LETTER L WITH MIDDLE DOT (U+013F)","L","L"
"U+00100+","ŀ","c580","LATIN SMALL LETTER L WITH MIDDLE DOT (U+0140)","l","l"
"U+00100+","Ł","c581","LATIN CAPITAL LETTER L WITH STROKE (U+0141)","L","L"
"U+00100+","ł","c582","LATIN SMALL LETTER L WITH STROKE (U+0142)","l","l"
"U+00100+","Ń","c583","LATIN CAPITAL LETTER N WITH ACUTE (U+0143)","N","N"
"U+00100+","ń","c584","LATIN SMALL LETTER N WITH ACUTE (U+0144)","n","n"
"U+00100+","Ņ","c585","LATIN CAPITAL LETTER N WITH CEDILLA (U+0145)","N","N"
"U+00100+","ņ","c586","LATIN SMALL LETTER N WITH CEDILLA (U+0146)","n","n"
"U+00100+","Ň","c587","LATIN CAPITAL LETTER N WITH CARON (U+0147)","N","N"
"U+00100+","ň","c588","LATIN SMALL LETTER N WITH CARON (U+0148)","n","n"
"U+00100+","ŉ","c589","LATIN SMALL LETTER N PRECEDED BY APOSTROPHE (U+0149)","n","n"
"U+00100+","Ŋ","c58a","LATIN CAPITAL LETTER ENG (U+014A)","N","N"
"U+00100+","ŋ","c58b","LATIN SMALL LETTER ENG (U+014B)","n","n"
"U+00100+","Ō","c58c","LATIN CAPITAL LETTER O WITH MACRON (U+014C)","O","O"
"U+00100+","ō","c58d","LATIN SMALL LETTER O WITH MACRON (U+014D)","o","o"
"U+00100+","Ŏ","c58e","LATIN CAPITAL LETTER O WITH BREVE (U+014E)","O","O"
"U+00100+","ŏ","c58f","LATIN SMALL LETTER O WITH BREVE (U+014F)","o","o"
"U+00100+","Ő","c590","LATIN CAPITAL LETTER O WITH DOUBLE ACUTE (U+0150)","O","O"
"U+00100+","ő","c591","LATIN SMALL LETTER O WITH DOUBLE ACUTE (U+0151)","o","o"
"U+00100+","Œ","c592","LATIN CAPITAL LIGATURE OE (U+0152)","O","OE"
"U+00100+","œ","c593","LATIN SMALL LIGATURE OE (U+0153)","o","oe"
"U+00100+","Ŕ","c594","LATIN CAPITAL LETTER R WITH ACUTE (U+0154)","R","R"
"U+00100+","ŕ","c595","LATIN SMALL LETTER R WITH ACUTE (U+0155)","r","r"
"U+00100+","Ŗ","c596","LATIN CAPITAL LETTER R WITH CEDILLA (U+0156)","R","R"
"U+00100+","ŗ","c597","LATIN SMALL LETTER R WITH CEDILLA (U+0157)","r","r"
"U+00100+","Ř","c598","LATIN CAPITAL LETTER R WITH CARON (U+0158)","R","R"
"U+00100+","ř","c599","LATIN SMALL LETTER R WITH CARON (U+0159)","r","r"
"U+00100+","Ś","c59a","LATIN CAPITAL LETTER S WITH ACUTE (U+015A)","S","S"
"U+00100+","ś","c59b","LATIN SMALL LETTER S WITH ACUTE (U+015B)","s","s"
"U+00100+","Ŝ","c59c","LATIN CAPITAL LETTER S WITH CIRCUMFLEX (U+015C)","S","S"
"U+00100+","ŝ","c59d","LATIN SMALL LETTER S WITH CIRCUMFLEX (U+015D)","s","s"
"U+00100+","Ş","c59e","LATIN CAPITAL LETTER S WITH CEDILLA (U+015E)","S","S"
"U+00100+","ş","c59f","LATIN SMALL LETTER S WITH CEDILLA (U+015F)","s","s"
"U+00100+","Š","c5a0","LATIN CAPITAL LETTER S WITH CARON (U+0160)","S","S"
"U+00100+","š","c5a1","LATIN SMALL LETTER S WITH CARON (U+0161)","s","s"
"U+00100+","Ţ","c5a2","LATIN CAPITAL LETTER T WITH CEDILLA (U+0162)","T","T"
"U+00100+","ţ","c5a3","LATIN SMALL LETTER T WITH CEDILLA (U+0163)","t","t"
"U+00100+","Ť","c5a4","LATIN CAPITAL LETTER T WITH CARON (U+0164)","T","T"
"U+00100+","ť","c5a5","LATIN SMALL LETTER T WITH CARON (U+0165)","t","t"
"U+00100+","Ŧ","c5a6","LATIN CAPITAL LETTER T WITH STROKE (U+0166)","T","T"
"U+00100+","ŧ","c5a7","LATIN SMALL LETTER T WITH STROKE (U+0167)","t","t"
"U+00100+","Ũ","c5a8","LATIN CAPITAL LETTER U WITH TILDE (U+0168)","U","U"
"U+00100+","ũ","c5a9","LATIN SMALL LETTER U WITH TILDE (U+0169)","u","u"
"U+00100+","Ū","c5aa","LATIN CAPITAL LETTER U WITH MACRON (U+016A)","U","U"
"U+00100+","ū","c5ab","LATIN SMALL LETTER U WITH MACRON (U+016B)","u","u"
"U+00100+","Ŭ","c5ac","LATIN CAPITAL LETTER U WITH BREVE (U+016C)","U","U"
"U+00100+","ŭ","c5ad","LATIN SMALL LETTER U WITH BREVE (U+016D)","u","u"
"U+00100+","Ů","c5ae","LATIN CAPITAL LETTER U WITH RING ABOVE (U+016E)","U","U"
"U+00100+","ů","c5af","LATIN SMALL LETTER U WITH RING ABOVE (U+016F)","u","u"
"U+00100+","Ű","c5b0","LATIN CAPITAL LETTER U WITH DOUBLE ACUTE (U+0170)","U","U"
"U+00100+","ű","c5b1","LATIN SMALL LETTER U WITH DOUBLE ACUTE (U+0171)","u","u"
"U+00100+","Ų","c5b2","LATIN CAPITAL LETTER U WITH OGONEK (U+0172)","U","U"
"U+00100+","ų","c5b3","LATIN SMALL LETTER U WITH OGONEK (U+0173)","u","u"
"U+00100+","Ŵ","c5b4","LATIN CAPITAL LETTER W WITH CIRCUMFLEX (U+0174)","W","W"
"U+00100+","ŵ","c5b5","LATIN SMALL LETTER W WITH CIRCUMFLEX (U+0175)","w","w"
"U+00100+","Ŷ","c5b6","LATIN CAPITAL LETTER Y WITH CIRCUMFLEX (U+0176)","Y","Y"
"U+00100+","ŷ","c5b7","LATIN SMALL LETTER Y WITH CIRCUMFLEX (U+0177)","y","y"
"U+00100+","Ÿ","c5b8","LATIN CAPITAL LETTER Y WITH DIAERESIS (U+0178)","Y","Y"
"U+00100+","Ź","c5b9","LATIN CAPITAL LETTER Z WITH ACUTE (U+0179)","Z","Z"
"U+00100+","ź","c5ba","LATIN SMALL LETTER Z WITH ACUTE (U+017A)","z","z"
"U+00100+","Ż","c5bb","LATIN CAPITAL LETTER Z WITH DOT ABOVE (U+017B)","Z","Z"
"U+00100+","ż","c5bc","LATIN SMALL LETTER Z WITH DOT ABOVE (U+017C)","z","z"
"U+00100+","Ž","c5bd","LATIN CAPITAL LETTER Z WITH CARON (U+017D)","Z","Z"
"U+00100+","ž","c5be","LATIN SMALL LETTER Z WITH CARON (U+017E)","z","z"
"U+00100+","ſ","c5bf","LATIN SMALL LETTER LONG S (U+017F)","s","s"
"U+00100+","ƀ","c680","LATIN SMALL LETTER B WITH STROKE (U+0180)","b","b"
"U+00100+","Ɓ","c681","LATIN CAPITAL LETTER B WITH HOOK (U+0181)","B","B"
"U+00100+","Ƃ","c682","LATIN CAPITAL LETTER B WITH TOPBAR (U+0182)","B","B"
"U+00100+","ƃ","c683","LATIN SMALL LETTER B WITH TOPBAR (U+0183)","b","b"
"U+00100+","Ƅ","c684","LATIN CAPITAL LETTER TONE SIX (U+0184)","B","B"
"U+00100+","ƅ","c685","LATIN SMALL LETTER TONE SIX (U+0185)","b","b"
"U+00100+","Ɔ","c686","LATIN CAPITAL LETTER OPEN O (U+0186)","O","O"
"U+00100+","Ƈ","c687","LATIN CAPITAL LETTER C WITH HOOK (U+0187)","C","C"
"U+00100+","ƈ","c688","LATIN SMALL LETTER C WITH HOOK (U+0188)","c","c"
"U+00100+","Ɖ","c689","LATIN CAPITAL LETTER AFRICAN D (U+0189)","D","D"
"U+00100+","Ɗ","c68a","LATIN CAPITAL LETTER D WITH HOOK (U+018A)","D","D"
"U+00100+","Ƌ","c68b","LATIN CAPITAL LETTER D WITH TOPBAR (U+018B)","D","D"
"U+00100+","ƌ","c68c","LATIN SMALL LETTER D WITH TOPBAR (U+018C)","d","d"
"U+00100+","ƍ","c68d","LATIN SMALL LETTER TURNED DELTA (U+018D)","o","o"
"U+00100+","Ǝ","c68e","LATIN CAPITAL LETTER REVERSED E (U+018E)","E","E"
"U+00100+","Ə","c68f","LATIN CAPITAL LETTER SCHWA (U+018F)","e","e"
"U+00100+","Ɛ","c690","LATIN CAPITAL LETTER OPEN E (U+0190)","E","E"
"U+00100+","Ƒ","c691","LATIN CAPITAL LETTER F WITH HOOK (U+0191)","F","F"
"U+00100+","ƒ","c692","LATIN SMALL LETTER F WITH HOOK (U+0192)","f","f"
"U+00100+","Ɠ","c693","LATIN CAPITAL LETTER G WITH HOOK (U+0193)","G","G"
"U+00100+","Ɣ","c694","LATIN CAPITAL LETTER GAMMA (U+0194)","Y","Y"
"U+00100+","ƕ","c695","LATIN SMALL LETTER HV (U+0195)","h","hv"
"U+00100+","Ɩ","c696","LATIN CAPITAL LETTER IOTA (U+0196)","I","IOTA"
"U+00100+","Ɨ","c697","LATIN CAPITAL LETTER I WITH STROKE (U+0197)","I","I"
"U+00100+","Ƙ","c698","LATIN CAPITAL LETTER K WITH HOOK (U+0198)","K","K"
"U+00100+","ƙ","c699","LATIN SMALL LETTER K WITH HOOK (U+0199)","k","k"
"U+00100+","ƚ","c69a","LATIN SMALL LETTER L WITH BAR (U+019A)","l","l"
"U+00100+","ƛ","c69b","LATIN SMALL LETTER LAMBDA WITH STROKE (U+019B)","l","LAMBDA"
"U+00100+","Ɯ","c69c","LATIN CAPITAL LETTER TURNED M (U+019C)","W","W"
"U+00100+","Ɲ","c69d","LATIN CAPITAL LETTER N WITH LEFT HOOK (U+019D)","N","N"
"U+00100+","ƞ","c69e","LATIN SMALL LETTER N WITH LONG RIGHT LEG (U+019E)","n","n"
"U+00100+","Ɵ","c69f","LATIN CAPITAL LETTER O WITH MIDDLE TILDE (U+019F)","O","O"
"U+00100+","Ơ","c6a0","LATIN CAPITAL LETTER O WITH HORN (U+01A0)","O","O"
"U+00100+","ơ","c6a1","LATIN SMALL LETTER O WITH HORN (U+01A1)","o","o"
"U+00100+","Ƣ","c6a2","LATIN CAPITAL LETTER OI (U+01A2)","O","OI"
"U+00100+","ƣ","c6a3","LATIN SMALL LETTER OI (U+01A3)","o","oi"
"U+00100+","Ƥ","c6a4","LATIN CAPITAL LETTER P WITH HOOK (U+01A4)","P","P"
"U+00100+","ƥ","c6a5","LATIN SMALL LETTER P WITH HOOK (U+01A5)","p","p"
"U+00100+","Ʀ","c6a6","LATIN LETTER YR (U+01A6)","R","YR"
"U+00100+","Ƨ","c6a7","LATIN CAPITAL LETTER TONE TWO (U+01A7)","S","S"
"U+00100+","ƨ","c6a8","LATIN SMALL LETTER TONE TWO (U+01A8)","s","s"
"U+00100+","Ʃ","c6a9","LATIN CAPITAL LETTER ESH (U+01A9)","S","S"
"U+00100+","ƪ","c6aa","LATIN LETTER REVERSED ESH LOOP (U+01AA)","l","l"
"U+00100+","ƫ","c6ab","LATIN SMALL LETTER T WITH PALATAL HOOK (U+01AB)","t","t"
"U+00100+","Ƭ","c6ac","LATIN CAPITAL LETTER T WITH HOOK (U+01AC)","T","T"
"U+00100+","ƭ","c6ad","LATIN SMALL LETTER T WITH HOOK (U+01AD)","t","t"
"U+00100+","Ʈ","c6ae","LATIN CAPITAL LETTER T WITH RETROFLEX HOOK (U+01AE)","T","T"
"U+00100+","Ư","c6af","LATIN CAPITAL LETTER U WITH HORN (U+01AF)","U","U"
"U+00100+","ư","c6b0","LATIN SMALL LETTER U WITH HORN (U+01B0)","u","u"
"U+00100+","Ʊ","c6b1","LATIN CAPITAL LETTER UPSILON (U+01B1)","U","U"
"U+00100+","Ʋ","c6b2","LATIN CAPITAL LETTER V WITH HOOK (U+01B2)","V","V"
"U+00100+","Ƴ","c6b3","LATIN CAPITAL LETTER Y WITH HOOK (U+01B3)","Y","Y"
"U+00100+","ƴ","c6b4","LATIN SMALL LETTER Y WITH HOOK (U+01B4)","y","y"
"U+00100+","Ƶ","c6b5","LATIN CAPITAL LETTER Z WITH STROKE (U+01B5)","Z","Z"
"U+00100+","ƶ","c6b6","LATIN SMALL LETTER Z WITH STROKE (U+01B6)","z","z"
"U+00100+","Ʒ","c6b7","LATIN CAPITAL LETTER EZH (U+01B7)","Z","EZH"
"U+00100+","Ƹ","c6b8","LATIN CAPITAL LETTER EZH REVERSED (U+01B8)","Z","REVERSE EZH"
"U+00100+","ƹ","c6b9","LATIN SMALL LETTER EZH REVERSED (U+01B9)","z","EZH"
"U+00100+","ƺ","c6ba","LATIN SMALL LETTER EZH WITH TAIL (U+01BA)","z","EZH"
"U+00100+","ƻ","c6bb","LATIN LETTER TWO WITH STROKE (U+01BB)",2,2
"U+00100+","Ƽ","c6bc","LATIN CAPITAL LETTER TONE FIVE (U+01BC)",5,5
"U+00100+","ƽ","c6bd","LATIN SMALL LETTER TONE FIVE (U+01BD)",5,5
"U+00100+","ƾ","c6be","LATIN LETTER INVERTED GLOTTAL STOP WITH STROKE (U+01BE)","?","?"
"U+00100+","ƿ","c6bf","LATIN LETTER WYNN (U+01BF)","p","WYNN"
"U+00100+","ǀ","c780","LATIN LETTER DENTAL CLICK (U+01C0)","l","l"
"U+00100+","ǁ","c781","LATIN LETTER LATERAL CLICK (U+01C1)","ll","ll"
"U+00100+","ǂ","c782","LATIN LETTER ALVEOLAR CLICK (U+01C2)","t","tt"
"U+00100+","ǃ","c783","LATIN LETTER RETROFLEX CLICK (U+01C3)","!","!"
"U+00100+","Ǆ","c784","LATIN CAPITAL LETTER DZ WITH CARON (U+01C4)","D","DZ"
"U+00100+","ǅ","c785","LATIN CAPITAL LETTER D WITH SMALL LETTER Z WITH CARON (U+01C5)","D","Dz"
"U+00100+","ǆ","c786","LATIN SMALL LETTER DZ WITH CARON (U+01C6)","d","dz"
"U+00100+","Ǉ","c787","LATIN CAPITAL LETTER LJ (U+01C7)","L","LJ"
"U+00100+","ǈ","c788","LATIN CAPITAL LETTER L WITH SMALL LETTER J (U+01C8)","L","Lj"
"U+00100+","ǉ","c789","LATIN SMALL LETTER LJ (U+01C9)","l","lj"
"U+00100+","Ǌ","c78a","LATIN CAPITAL LETTER NJ (U+01CA)","N","NJ"
"U+00100+","ǋ","c78b","LATIN CAPITAL LETTER N WITH SMALL LETTER J (U+01CB)","N","Nj"
"U+00100+","ǌ","c78c","LATIN SMALL LETTER NJ (U+01CC)","n","nj"
"U+00100+","Ǎ","c78d","LATIN CAPITAL LETTER A WITH CARON (U+01CD)","A","A"
"U+00100+","ǎ","c78e","LATIN SMALL LETTER A WITH CARON (U+01CE)","a","a"
"U+00100+","Ǐ","c78f","LATIN CAPITAL LETTER I WITH CARON (U+01CF)","I","I"
"U+00100+","ǐ","c790","LATIN SMALL LETTER I WITH CARON (U+01D0)","i","i"
"U+00100+","Ǒ","c791","LATIN CAPITAL LETTER O WITH CARON (U+01D1)","O","O"
"U+00100+","ǒ","c792","LATIN SMALL LETTER O WITH CARON (U+01D2)","o","o"
"U+00100+","Ǔ","c793","LATIN CAPITAL LETTER U WITH CARON (U+01D3)","U","U"
"U+00100+","ǔ","c794","LATIN SMALL LETTER U WITH CARON (U+01D4)","u","u"
"U+00100+","Ǖ","c795","LATIN CAPITAL LETTER U WITH DIAERESIS AND MACRON (U+01D5)","U","U"
"U+00100+","ǖ","c796","LATIN SMALL LETTER U WITH DIAERESIS AND MACRON (U+01D6)","u","u"
"U+00100+","Ǘ","c797","LATIN CAPITAL LETTER U WITH DIAERESIS AND ACUTE (U+01D7)","U","U"
"U+00100+","ǘ","c798","LATIN SMALL LETTER U WITH DIAERESIS AND ACUTE (U+01D8)","u","u"
"U+00100+","Ǚ","c799","LATIN CAPITAL LETTER U WITH DIAERESIS AND CARON (U+01D9)","U","U"
"U+00100+","ǚ","c79a","LATIN SMALL LETTER U WITH DIAERESIS AND CARON (U+01DA)","u","u"
"U+00100+","Ǜ","c79b","LATIN CAPITAL LETTER U WITH DIAERESIS AND GRAVE (U+01DB)","U","U"
"U+00100+","ǜ","c79c","LATIN SMALL LETTER U WITH DIAERESIS AND GRAVE (U+01DC)","u","u"
"U+00100+","ǝ","c79d","LATIN SMALL LETTER TURNED E (U+01DD)","e","e"
"U+00100+","Ǟ","c79e","LATIN CAPITAL LETTER A WITH DIAERESIS AND MACRON (U+01DE)","A","A"
"U+00100+","ǟ","c79f","LATIN SMALL LETTER A WITH DIAERESIS AND MACRON (U+01DF)","a","a"
"U+00100+","Ǡ","c7a0","LATIN CAPITAL LETTER A WITH DOT ABOVE AND MACRON (U+01E0)","A","A"
"U+00100+","ǡ","c7a1","LATIN SMALL LETTER A WITH DOT ABOVE AND MACRON (U+01E1)","a","a"
"U+00100+","Ǣ","c7a2","LATIN CAPITAL LETTER AE WITH MACRON (U+01E2)","A","AE"
"U+00100+","ǣ","c7a3","LATIN SMALL LETTER AE WITH MACRON (U+01E3)","a","ae"
"U+00100+","Ǥ","c7a4","LATIN CAPITAL LETTER G WITH STROKE (U+01E4)","G","G"
"U+00100+","ǥ","c7a5","LATIN SMALL LETTER G WITH STROKE (U+01E5)","g","g"
"U+00100+","Ǧ","c7a6","LATIN CAPITAL LETTER G WITH CARON (U+01E6)","G","G"
"U+00100+","ǧ","c7a7","LATIN SMALL LETTER G WITH CARON (U+01E7)","g","g"
"U+00100+","Ǩ","c7a8","LATIN CAPITAL LETTER K WITH CARON (U+01E8)","K","K"
"U+00100+","ǩ","c7a9","LATIN SMALL LETTER K WITH CARON (U+01E9)","k","k"
"U+00100+","Ǫ","c7aa","LATIN CAPITAL LETTER O WITH OGONEK (U+01EA)","O","O"
"U+00100+","ǫ","c7ab","LATIN SMALL LETTER O WITH OGONEK (U+01EB)","o","o"
"U+00100+","Ǭ","c7ac","LATIN CAPITAL LETTER O WITH OGONEK AND MACRON (U+01EC)","O","O"
"U+00100+","ǭ","c7ad","LATIN SMALL LETTER O WITH OGONEK AND MACRON (U+01ED)","o","o"
"U+00100+","Ǯ","c7ae","LATIN CAPITAL LETTER EZH WITH CARON (U+01EE)","Z","EZH"
"U+00100+","ǯ","c7af","LATIN SMALL LETTER EZH WITH CARON (U+01EF)","z","EZH"
"U+00100+","ǰ","c7b0","LATIN SMALL LETTER J WITH CARON (U+01F0)","j","j"
"U+00100+","Ǳ","c7b1","LATIN CAPITAL LETTER DZ (U+01F1)","D","DZ"
"U+00100+","ǲ","c7b2","LATIN CAPITAL LETTER D WITH SMALL LETTER Z (U+01F2)","D","Dz"
"U+00100+","ǳ","c7b3","LATIN SMALL LETTER DZ (U+01F3)","d","dz"
"U+00100+","Ǵ","c7b4","LATIN CAPITAL LETTER G WITH ACUTE (U+01F4)","G","G"
"U+00100+","ǵ","c7b5","LATIN SMALL LETTER G WITH ACUTE (U+01F5)","g","g"
"U+00100+","Ƕ","c7b6","LATIN CAPITAL LETTER HWAIR (U+01F6)","H","HWAIR"
"U+00100+","Ƿ","c7b7","LATIN CAPITAL LETTER WYNN (U+01F7)","D","WYNN"
"U+00100+","Ǹ","c7b8","LATIN CAPITAL LETTER N WITH GRAVE (U+01F8)","N","N"
"U+00100+","ǹ","c7b9","LATIN SMALL LETTER N WITH GRAVE (U+01F9)","n","n"
"U+00100+","Ǻ","c7ba","LATIN CAPITAL LETTER A WITH RING ABOVE AND ACUTE (U+01FA)","A","A"
"U+00100+","ǻ","c7bb","LATIN SMALL LETTER A WITH RING ABOVE AND ACUTE (U+01FB)","a","a"
"U+00100+","Ǽ","c7bc","LATIN CAPITAL LETTER AE WITH ACUTE (U+01FC)","A","AE"
"U+00100+","ǽ","c7bd","LATIN SMALL LETTER AE WITH ACUTE (U+01FD)","a","ae"
"U+00100+","Ǿ","c7be","LATIN CAPITAL LETTER O WITH STROKE AND ACUTE (U+01FE)","O","O"
"U+00100+","ǿ","c7bf","LATIN SMALL LETTER O WITH STROKE AND ACUTE (U+01FF)","o","o"
"U+00100+","Ȁ","c880","LATIN CAPITAL LETTER A WITH DOUBLE GRAVE (U+0200)","A","A"
"U+00100+","ȁ","c881","LATIN SMALL LETTER A WITH DOUBLE GRAVE (U+0201)","a","a"
"U+00100+","Ȃ","c882","LATIN CAPITAL LETTER A WITH INVERTED BREVE (U+0202)","A","A"
"U+00100+","ȃ","c883","LATIN SMALL LETTER A WITH INVERTED BREVE (U+0203)","a","a"
"U+00100+","Ȅ","c884","LATIN CAPITAL LETTER E WITH DOUBLE GRAVE (U+0204)","E","E"
"U+00100+","ȅ","c885","LATIN SMALL LETTER E WITH DOUBLE GRAVE (U+0205)","e","e"
"U+00100+","Ȇ","c886","LATIN CAPITAL LETTER E WITH INVERTED BREVE (U+0206)","E","E"
"U+00100+","ȇ","c887","LATIN SMALL LETTER E WITH INVERTED BREVE (U+0207)","e","e"
"U+00100+","Ȉ","c888","LATIN CAPITAL LETTER I WITH DOUBLE GRAVE (U+0208)","I","I"
"U+00100+","ȉ","c889","LATIN SMALL LETTER I WITH DOUBLE GRAVE (U+0209)","i","i"
"U+00100+","Ȋ","c88a","LATIN CAPITAL LETTER I WITH INVERTED BREVE (U+020A)","I","I"
"U+00100+","ȋ","c88b","LATIN SMALL LETTER I WITH INVERTED BREVE (U+020B)","i","i"
"U+00100+","Ȍ","c88c","LATIN CAPITAL LETTER O WITH DOUBLE GRAVE (U+020C)","O","O"
"U+00100+","ȍ","c88d","LATIN SMALL LETTER O WITH DOUBLE GRAVE (U+020D)","o","o"
"U+00100+","Ȏ","c88e","LATIN CAPITAL LETTER O WITH INVERTED BREVE (U+020E)","O","O"
"U+00100+","ȏ","c88f","LATIN SMALL LETTER O WITH INVERTED BREVE (U+020F)","o","o"
"U+00100+","Ȑ","c890","LATIN CAPITAL LETTER R WITH DOUBLE GRAVE (U+0210)","R","R"
"U+00100+","ȑ","c891","LATIN SMALL LETTER R WITH DOUBLE GRAVE (U+0211)","r","r"
"U+00100+","Ȓ","c892","LATIN CAPITAL LETTER R WITH INVERTED BREVE (U+0212)","R","R"
"U+00100+","ȓ","c893","LATIN SMALL LETTER R WITH INVERTED BREVE (U+0213)","r","r"
"U+00100+","Ȕ","c894","LATIN CAPITAL LETTER U WITH DOUBLE GRAVE (U+0214)","U","U"
"U+00100+","ȕ","c895","LATIN SMALL LETTER U WITH DOUBLE GRAVE (U+0215)","u","u"
"U+00100+","Ȗ","c896","LATIN CAPITAL LETTER U WITH INVERTED BREVE (U+0216)","U","U"
"U+00100+","ȗ","c897","LATIN SMALL LETTER U WITH INVERTED BREVE (U+0217)","u","u"
"U+00100+","Ș","c898","LATIN CAPITAL LETTER S WITH COMMA BELOW (U+0218)","S","S"
"U+00100+","ș","c899","LATIN SMALL LETTER S WITH COMMA BELOW (U+0219)","s","s"
"U+00100+","Ț","c89a","LATIN CAPITAL LETTER T WITH COMMA BELOW (U+021A)","T","T"
"U+00100+","ț","c89b","LATIN SMALL LETTER T WITH COMMA BELOW (U+021B)","t","t"
"U+00100+","Ȝ","c89c","LATIN CAPITAL LETTER YOGH (U+021C)",3,"YOGH"
"U+00100+","ȝ","c89d","LATIN SMALL LETTER YOGH (U+021D)",3,"YOGH"
"U+00100+","Ȟ","c89e","LATIN CAPITAL LETTER H WITH CARON (U+021E)","H","H"
"U+00100+","ȟ","c89f","LATIN SMALL LETTER H WITH CARON (U+021F)","h","h"
"U+00100+","Ƞ","c8a0","LATIN CAPITAL LETTER N WITH LONG RIGHT LEG (U+0220)","N","N"
"U+00100+","ȡ","c8a1","LATIN SMALL LETTER D WITH CURL (U+0221)","d","d"
"U+00100+","Ȣ","c8a2","LATIN CAPITAL LETTER OU (U+0222)","O","OU"
"U+00100+","ȣ","c8a3","LATIN SMALL LETTER OU (U+0223)","o","ou"
"U+00100+","Ȥ","c8a4","LATIN CAPITAL LETTER Z WITH HOOK (U+0224)","Z","Z"
"U+00100+","ȥ","c8a5","LATIN SMALL LETTER Z WITH HOOK (U+0225)","z","z"
"U+00100+","Ȧ","c8a6","LATIN CAPITAL LETTER A WITH DOT ABOVE (U+0226)","A","A"
"U+00100+","ȧ","c8a7","LATIN SMALL LETTER A WITH DOT ABOVE (U+0227)","a","a"
"U+00100+","Ȩ","c8a8","LATIN CAPITAL LETTER E WITH CEDILLA (U+0228)","E","E"
"U+00100+","ȩ","c8a9","LATIN SMALL LETTER E WITH CEDILLA (U+0229)","e","e"
"U+00100+","Ȫ","c8aa","LATIN CAPITAL LETTER O WITH DIAERESIS AND MACRON (U+022A)","O","O"
"U+00100+","ȫ","c8ab","LATIN SMALL LETTER O WITH DIAERESIS AND MACRON (U+022B)","o","o"
"U+00100+","Ȭ","c8ac","LATIN CAPITAL LETTER O WITH TILDE AND MACRON (U+022C)","O","O"
"U+00100+","ȭ","c8ad","LATIN SMALL LETTER O WITH TILDE AND MACRON (U+022D)","o","o"
"U+00100+","Ȯ","c8ae","LATIN CAPITAL LETTER O WITH DOT ABOVE (U+022E)","O","O"
"U+00100+","ȯ","c8af","LATIN SMALL LETTER O WITH DOT ABOVE (U+022F)","o","o"
"U+00100+","Ȱ","c8b0","LATIN CAPITAL LETTER O WITH DOT ABOVE AND MACRON (U+0230)","O","O"
"U+00100+","ȱ","c8b1","LATIN SMALL LETTER O WITH DOT ABOVE AND MACRON (U+0231)","o","o"
"U+00100+","Ȳ","c8b2","LATIN CAPITAL LETTER Y WITH MACRON (U+0232)","Y","Y"
"U+00100+","ȳ","c8b3","LATIN SMALL LETTER Y WITH MACRON (U+0233)","y","y"
"U+00100+","ȴ","c8b4","LATIN SMALL LETTER L WITH CURL (U+0234)","l","l"
"U+00100+","ȵ","c8b5","LATIN SMALL LETTER N WITH CURL (U+0235)","n","n"
"U+00100+","ȶ","c8b6","LATIN SMALL LETTER T WITH CURL (U+0236)","t","t"
"U+00100+","ȷ","c8b7","LATIN SMALL LETTER DOTLESS J (U+0237)","J","J"
"U+00100+","ȸ","c8b8","LATIN SMALL LETTER DB DIGRAPH (U+0238)","d","db"
"U+00100+","ȹ","c8b9","LATIN SMALL LETTER QP DIGRAPH (U+0239)","q","qp"
"U+00100+","Ⱥ","c8ba","LATIN CAPITAL LETTER A WITH STROKE (U+023A)","A","A"
"U+00100+","Ȼ","c8bb","LATIN CAPITAL LETTER C WITH STROKE (U+023B)","C","C"
"U+00100+","ȼ","c8bc","LATIN SMALL LETTER C WITH STROKE (U+023C)","c","c"
"U+00100+","Ƚ","c8bd","LATIN CAPITAL LETTER L WITH BAR (U+023D)","L","L"
"U+00100+","Ⱦ","c8be","LATIN CAPITAL LETTER T WITH DIAGONAL STROKE (U+023E)","T","T"
"U+00100+","ȿ","c8bf","LATIN SMALL LETTER S WITH SWASH TAIL (U+023F)","s","s"
"U+00100+","ɀ","c980","LATIN SMALL LETTER Z WITH SWASH TAIL (U+0240)","Z","Z"
"U+00100+","Ɂ","c981","LATIN CAPITAL LETTER GLOTTAL STOP (U+0241)","?","?"
"U+00100+","ɂ","c982","LATIN SMALL LETTER GLOTTAL STOP (U+0242)","?","?"
"U+00100+","Ƀ","c983","LATIN CAPITAL LETTER B WITH STROKE (U+0243)","B","B"
"U+00100+","Ʉ","c984","LATIN CAPITAL LETTER U BAR (U+0244)","U","U"
"U+00100+","Ʌ","c985","LATIN CAPITAL LETTER TURNED V (U+0245)","N","N"
"U+00100+","Ɇ","c986","LATIN CAPITAL LETTER E WITH STROKE (U+0246)","E","E"
"U+00100+","ɇ","c987","LATIN SMALL LETTER E WITH STROKE (U+0247)","e","e"
"U+00100+","Ɉ","c988","LATIN CAPITAL LETTER J WITH STROKE (U+0248)","J","J"
"U+00100+","ɉ","c989","LATIN SMALL LETTER J WITH STROKE (U+0249)","j","j"
"U+00100+","Ɋ","c98a","LATIN CAPITAL LETTER SMALL Q WITH HOOK TAIL (U+024A)","q","q"
"U+00100+","ɋ","c98b","LATIN SMALL LETTER Q WITH HOOK TAIL (U+024B)","q","q"
"U+00100+","Ɍ","c98c","LATIN CAPITAL LETTER R WITH STROKE (U+024C)","R","R"
"U+00100+","ɍ","c98d","LATIN SMALL LETTER R WITH STROKE (U+024D)","r","r"
"U+00100+","Ɏ","c98e","LATIN CAPITAL LETTER Y WITH STROKE (U+024E)","Y","Y"
"U+00100+","ɏ","c98f","LATIN SMALL LETTER Y WITH STROKE (U+024F)","y","y"
"U+00100+","ɐ","c990","LATIN SMALL LETTER TURNED A (U+0250)","a","a"
"U+00100+","ɑ","c991","LATIN SMALL LETTER ALPHA (U+0251)","a","ALPHA"
"U+00100+","ɒ","c992","LATIN SMALL LETTER TURNED ALPHA (U+0252)","a","TURNED ALPHA"
"U+00100+","ɓ","c993","LATIN SMALL LETTER B WITH HOOK (U+0253)","b","b"
"U+00100+","ɔ","c994","LATIN SMALL LETTER OPEN O (U+0254)","o","o"
"U+00100+","ɕ","c995","LATIN SMALL LETTER C WITH CURL (U+0255)","c","c"
"U+00100+","ɖ","c996","LATIN SMALL LETTER D WITH TAIL (U+0256)","d","d"
"U+00100+","ɗ","c997","LATIN SMALL LETTER D WITH HOOK (U+0257)","d","d"
"U+00100+","ɘ","c998","LATIN SMALL LETTER REVERSED E (U+0258)","e","e"
"U+00100+","ə","c999","LATIN SMALL LETTER SCHWA (U+0259)","e","e"
"U+00100+","ɚ","c99a","LATIN SMALL LETTER SCHWA WITH HOOK (U+025A)","e","e"
"U+00100+","ɛ","c99b","LATIN SMALL LETTER OPEN E (U+025B)","e","e"
"U+00100+","ɜ","c99c","LATIN SMALL LETTER REVERSED OPEN E (U+025C)","e","e"
"U+00100+","ɝ","c99d","LATIN SMALL LETTER REVERSED OPEN E WITH HOOK (U+025D)",3,3
"U+00100+","ɞ","c99e","LATIN SMALL LETTER CLOSED REVERSED OPEN E (U+025E)","e","e"
"U+00100+","ɟ","c99f","LATIN SMALL LETTER DOTLESS J WITH STROKE (U+025F)","j","j"
"U+00100+","ɠ","c9a0","LATIN SMALL LETTER G WITH HOOK (U+0260)","g","g"
"U+00100+","ɡ","c9a1","LATIN SMALL LETTER SCRIPT G (U+0261)","g","g"
"U+00100+","ɢ","c9a2","LATIN LETTER SMALL CAPITAL G (U+0262)","G","G"
"U+00100+","ɣ","c9a3","LATIN SMALL LETTER GAMMA (U+0263)","Y","Y"
"U+00100+","ɤ","c9a4","LATIN SMALL LETTER RAMS HORN (U+0264)","Y","Y"
"U+00100+","ɥ","c9a5","LATIN SMALL LETTER TURNED H (U+0265)","u","u"
"U+00100+","ɦ","c9a6","LATIN SMALL LETTER H WITH HOOK (U+0266)","h","h"
"U+00100+","ɧ","c9a7","LATIN SMALL LETTER HENG WITH HOOK (U+0267)","h","HENG"
"U+00100+","ɨ","c9a8","LATIN SMALL LETTER I WITH STROKE (U+0268)","i","i"
"U+00100+","ɩ","c9a9","LATIN SMALL LETTER IOTA (U+0269)","i","IOTA"
"U+00100+","ɪ","c9aa","LATIN LETTER SMALL CAPITAL I (U+026A)","i","i"
"U+00100+","ɫ","c9ab","LATIN SMALL LETTER L WITH MIDDLE TILDE (U+026B)","l","l"
"U+00100+","ɬ","c9ac","LATIN SMALL LETTER L WITH BELT (U+026C)","l","l"
"U+00100+","ɭ","c9ad","LATIN SMALL LETTER L WITH RETROFLEX HOOK (U+026D)","l","l"
"U+00100+","ɮ","c9ae","LATIN SMALL LETTER LEZH (U+026E)","l","LEZH"
"U+00100+","ɯ","c9af","LATIN SMALL LETTER TURNED M (U+026F)","w","w"
"U+00100+","ɰ","c9b0","LATIN SMALL LETTER TURNED M WITH LONG LEG (U+0270)","w","w"
"U+00100+","ɱ","c9b1","LATIN SMALL LETTER M WITH HOOK (U+0271)","m","m"
"U+00100+","ɲ","c9b2","LATIN SMALL LETTER N WITH LEFT HOOK (U+0272)","n","n"
"U+00100+","ɳ","c9b3","LATIN SMALL LETTER N WITH RETROFLEX HOOK (U+0273)","n","n"
"U+00100+","ɴ","c9b4","LATIN LETTER SMALL CAPITAL N (U+0274)","N","N"
"U+00100+","ɵ","c9b5","LATIN SMALL LETTER BARRED O (U+0275)","e","e"
"U+00100+","ɶ","c9b6","LATIN LETTER SMALL CAPITAL OE (U+0276)","o","oe"
"U+00100+","ɷ","c9b7","LATIN SMALL LETTER CLOSED OMEGA (U+0277)","w","w"
"U+00100+","ɸ","c9b8","LATIN SMALL LETTER PHI (U+0278)","o","PHI"
"U+00100+","ɹ","c9b9","LATIN SMALL LETTER TURNED R (U+0279)","r","r"
"U+00100+","ɺ","c9ba","LATIN SMALL LETTER TURNED R WITH LONG LEG (U+027A)","r","r"
"U+00100+","ɻ","c9bb","LATIN SMALL LETTER TURNED R WITH HOOK (U+027B)","r","r"
"U+00100+","ɼ","c9bc","LATIN SMALL LETTER R WITH LONG LEG (U+027C)","r","r"
"U+00100+","ɽ","c9bd","LATIN SMALL LETTER R WITH TAIL (U+027D)","r","r"
"U+00100+","ɾ","c9be","LATIN SMALL LETTER R WITH FISHHOOK (U+027E)","r","r"
"U+00100+","ɿ","c9bf","LATIN SMALL LETTER REVERSED R WITH FISHHOOK (U+027F)","r","r"
"U+00100+","ʀ","ca80","LATIN LETTER SMALL CAPITAL R (U+0280)","R","R"
"U+00100+","ʁ","ca81","LATIN LETTER SMALL CAPITAL INVERTED R (U+0281)","R","R"
"U+00100+","ʂ","ca82","LATIN SMALL LETTER S WITH HOOK (U+0282)","S","S"
"U+00100+","ʃ","ca83","LATIN SMALL LETTER ESH (U+0283)","s","ESH"
"U+00100+","ʄ","ca84","LATIN SMALL LETTER DOTLESS J WITH STROKE AND HOOK (U+0284)","j","j"
"U+00100+","ʅ","ca85","LATIN SMALL LETTER SQUAT REVERSED ESH (U+0285)","l","l"
"U+00100+","ʆ","ca86","LATIN SMALL LETTER ESH WITH CURL (U+0286)","l","ESH"
"U+00100+","ʇ","ca87","LATIN SMALL LETTER TURNED T (U+0287)","t","t"
"U+00100+","ʈ","ca88","LATIN SMALL LETTER T WITH RETROFLEX HOOK (U+0288)","t","t"
"U+00100+","ʉ","ca89","LATIN SMALL LETTER U BAR (U+0289)","u","u"
"U+00100+","ʊ","ca8a","LATIN SMALL LETTER UPSILON (U+028A)","u","UPSILON"
"U+00100+","ʋ","ca8b","LATIN SMALL LETTER V WITH HOOK (U+028B)","v","v"
"U+00100+","ʌ","ca8c","LATIN SMALL LETTER TURNED V (U+028C)","^","^"
"U+00100+","ʍ","ca8d","LATIN SMALL LETTER TURNED W (U+028D)","m","m"
"U+00100+","ʎ","ca8e","LATIN SMALL LETTER TURNED Y (U+028E)","y","y"
"U+00100+","ʏ","ca8f","LATIN LETTER SMALL CAPITAL Y (U+028F)","y","y"
"U+00100+","ʐ","ca90","LATIN SMALL LETTER Z WITH RETROFLEX HOOK (U+0290)","z","z"
"U+00100+","ʑ","ca91","LATIN SMALL LETTER Z WITH CURL (U+0291)","z","z"
"U+00100+","ʒ","ca92","LATIN SMALL LETTER EZH (U+0292)",3,3
"U+00100+","ʓ","ca93","LATIN SMALL LETTER EZH WITH CURL (U+0293)",3,3
"U+00100+","ʔ","ca94","LATIN LETTER GLOTTAL STOP (U+0294)","?","?"
"U+00100+","ʕ","ca95","LATIN LETTER PHARYNGEAL VOICED FRICATIVE (U+0295)","?","?"
"U+00100+","ʖ","ca96","LATIN LETTER INVERTED GLOTTAL STOP (U+0296)","?","?"
"U+00100+","ʗ","ca97","LATIN LETTER STRETCHED C (U+0297)","C","C"
"U+00100+","ʘ","ca98","LATIN LETTER BILABIAL CLICK (U+0298)","O","O"
"U+00100+","ʙ","ca99","LATIN LETTER SMALL CAPITAL B (U+0299)","B","B"
"U+00100+","ʚ","ca9a","LATIN SMALL LETTER CLOSED OPEN E (U+029A)","o","o"
"U+00100+","ʛ","ca9b","LATIN LETTER SMALL CAPITAL G WITH HOOK (U+029B)","G","G"
"U+00100+","ʜ","ca9c","LATIN LETTER SMALL CAPITAL H (U+029C)","H","H"
"U+00100+","ʝ","ca9d","LATIN SMALL LETTER J WITH CROSSED-TAIL (U+029D)","j","j"
"U+00100+","ʞ","ca9e","LATIN SMALL LETTER TURNED K (U+029E)","k","k"
"U+00100+","ʟ","ca9f","LATIN LETTER SMALL CAPITAL L (U+029F)","L","L"
"U+00100+","ʠ","caa0","LATIN SMALL LETTER Q WITH HOOK (U+02A0)","q","q"
"U+00100+","ʡ","caa1","LATIN LETTER GLOTTAL STOP WITH STROKE (U+02A1)","?","?"
"U+00100+","ʢ","caa2","LATIN LETTER REVERSED GLOTTAL STOP WITH STROKE (U+02A2)","?","?"
"U+00100+","ʣ","caa3","LATIN SMALL LETTER DZ DIGRAPH (U+02A3)","d","dz"
"U+00100+","ʤ","caa4","LATIN SMALL LETTER DEZH DIGRAPH (U+02A4)","d","d3"
"U+00100+","ʥ","caa5","LATIN SMALL LETTER DZ DIGRAPH WITH CURL (U+02A5)","d","dz"
"U+00100+","ʦ","caa6","LATIN SMALL LETTER TS DIGRAPH (U+02A6)","t","ts"
"U+00100+","ʧ","caa7","LATIN SMALL LETTER TESH DIGRAPH (U+02A7)","t","tf"
"U+00100+","ʨ","caa8","LATIN SMALL LETTER TC DIGRAPH WITH CURL (U+02A8)","t","tc"
"U+00100+","ʩ","caa9","LATIN SMALL LETTER FENG DIGRAPH (U+02A9)","f","fn"
"U+00100+","ʪ","caaa","LATIN SMALL LETTER LS DIGRAPH (U+02AA)","l","ls"
"U+00100+","ʫ","caab","LATIN SMALL LETTER LZ DIGRAPH (U+02AB)","l","lz"
"U+00100+","ʬ","caac","LATIN LETTER BILABIAL PERCUSSIVE (U+02AC)","w","ww"
"U+00100+","ʭ","caad","LATIN LETTER BIDENTAL PERCUSSIVE (U+02AD)","n","nn"
"U+00100+","ʮ","caae","LATIN SMALL LETTER TURNED H WITH FISHHOOK (U+02AE)","h","h"
"U+00100+","ʯ","caaf","LATIN SMALL LETTER TURNED H WITH FISHHOOK AND TAIL (U+02AF)","h","h"
"U+00100+","ʰ","cab0","MODIFIER LETTER SMALL H (U+02B0)","h","h"
"U+00100+","ʱ","cab1","MODIFIER LETTER SMALL H WITH HOOK (U+02B1)","h","h"
"U+00100+","ʲ","cab2","MODIFIER LETTER SMALL J (U+02B2)","j","j"
"U+00100+","ʳ","cab3","MODIFIER LETTER SMALL R (U+02B3)","r","r"
"U+00100+","ʴ","cab4","MODIFIER LETTER SMALL TURNED R (U+02B4)","j","j"
"U+00100+","ʵ","cab5","MODIFIER LETTER SMALL TURNED R WITH HOOK (U+02B5)","r","r"
"U+00100+","ʶ","cab6","MODIFIER LETTER SMALL CAPITAL INVERTED R (U+02B6)","R","R"
"U+00100+","ʷ","cab7","MODIFIER LETTER SMALL W (U+02B7)","w","w"
"U+00100+","ʸ","cab8","MODIFIER LETTER SMALL Y (U+02B8)","y","y"
"U+00100+","ʹ","cab9","MODIFIER LETTER PRIME (U+02B9)","'","'"
"U+00100+","ʺ","caba","MODIFIER LETTER DOUBLE PRIME (U+02BA)","""",""""
"U+00100+","ʻ","cabb","MODIFIER LETTER TURNED COMMA (U+02BB)",",",","
"U+00100+","ʼ","cabc","MODIFIER LETTER APOSTROPHE (U+02BC)","'","'"
"U+00100+","ʽ","cabd","MODIFIER LETTER REVERSED COMMA (U+02BD)",",",","
"U+00100+","ʾ","cabe","MODIFIER LETTER RIGHT HALF RING (U+02BE)","'","'"
"U+00100+","ʿ","cabf","MODIFIER LETTER LEFT HALF RING (U+02BF)","'","'"
"U+00100+","ˀ","cb80","MODIFIER LETTER GLOTTAL STOP (U+02C0)","?","?"
"U+00100+","ˁ","cb81","MODIFIER LETTER REVERSED GLOTTAL STOP (U+02C1)","?","?"
"U+00100+","˂","cb82","MODIFIER LETTER LEFT ARROWHEAD (U+02C2)","<","<"
"U+00100+","˃","cb83","MODIFIER LETTER RIGHT ARROWHEAD (U+02C3)",">",">"
"U+00100+","˄","cb84","MODIFIER LETTER UP ARROWHEAD (U+02C4)","^","^"
"U+00100+","˅","cb85","MODIFIER LETTER DOWN ARROWHEAD (U+02C5)","v","v"
"U+00100+","ˆ","cb86","MODIFIER LETTER CIRCUMFLEX ACCENT (U+02C6)","^","^"
"U+00100+","ˇ","cb87","CARON (U+02C7)","v","v"
"U+00100+","ˈ","cb88","MODIFIER LETTER VERTICAL LINE (U+02C8)","'","'"
"U+00100+","ˉ","cb89","MODIFIER LETTER MACRON (U+02C9)","-","-"
"U+00100+","ˊ","cb8a","MODIFIER LETTER ACUTE ACCENT (U+02CA)","'","'"
"U+00100+","ˋ","cb8b","MODIFIER LETTER GRAVE ACCENT (U+02CB)","`","`"
"U+00100+","ˌ","cb8c","MODIFIER LETTER LOW VERTICAL LINE (U+02CC)",",",","
"U+00100+","ˍ","cb8d","MODIFIER LETTER LOW MACRON (U+02CD)","_","_"
"U+00100+","ˎ","cb8e","MODIFIER LETTER LOW GRAVE ACCENT (U+02CE)",",",","
"U+00100+","ˏ","cb8f","MODIFIER LETTER LOW ACUTE ACCENT (U+02CF)",",",","
"U+00100+","ː","cb90","MODIFIER LETTER TRIANGULAR COLON (U+02D0)",":",":"
"U+00100+","ˑ","cb91","MODIFIER LETTER HALF TRIANGULAR COLON (U+02D1)",".","."
"U+00100+","˒","cb92","MODIFIER LETTER CENTRED RIGHT HALF RING (U+02D2)",",",","
"U+00100+","˓","cb93","MODIFIER LETTER CENTRED LEFT HALF RING (U+02D3)",",",","
"U+00100+","˔","cb94","MODIFIER LETTER UP TACK (U+02D4)",,
"U+00100+","˕","cb95","MODIFIER LETTER DOWN TACK (U+02D5)",,
"U+00100+","˖","cb96","MODIFIER LETTER PLUS SIGN (U+02D6)",,
"U+00100+","˗","cb97","MODIFIER LETTER MINUS SIGN (U+02D7)",,
"U+00100+","˘","cb98","BREVE (U+02D8)",,
"U+00100+","˙","cb99","DOT ABOVE (U+02D9)",,
"U+00100+","˚","cb9a","RING ABOVE (U+02DA)",,
"U+00100+","˛","cb9b","OGONEK (U+02DB)",,
"U+00100+","˜","cb9c","SMALL TILDE (U+02DC)",,
"U+00100+","˝","cb9d","DOUBLE ACUTE ACCENT (U+02DD)",,
"U+00100+","˞","cb9e","MODIFIER LETTER RHOTIC HOOK (U+02DE)",,
"U+00100+","˟","cb9f","MODIFIER LETTER CROSS ACCENT (U+02DF)",,
"U+00100+","ˠ","cba0","MODIFIER LETTER SMALL GAMMA (U+02E0)",,
"U+00100+","ˡ","cba1","MODIFIER LETTER SMALL L (U+02E1)",,
"U+00100+","ˢ","cba2","MODIFIER LETTER SMALL S (U+02E2)",,
"U+00100+","ˣ","cba3","MODIFIER LETTER SMALL X (U+02E3)",,
"U+00100+","ˤ","cba4","MODIFIER LETTER SMALL REVERSED GLOTTAL STOP (U+02E4)",,
"U+00100+","˥","cba5","MODIFIER LETTER EXTRA-HIGH TONE BAR (U+02E5)",,
"U+00100+","˦","cba6","MODIFIER LETTER HIGH TONE BAR (U+02E6)",,
"U+00100+","˧","cba7","MODIFIER LETTER MID TONE BAR (U+02E7)",,
"U+00100+","˨","cba8","MODIFIER LETTER LOW TONE BAR (U+02E8)",,
"U+00100+","˩","cba9","MODIFIER LETTER EXTRA-LOW TONE BAR (U+02E9)",,
"U+00100+","˪","cbaa","MODIFIER LETTER YIN DEPARTING TONE MARK (U+02EA)",,
"U+00100+","˫","cbab","MODIFIER LETTER YANG DEPARTING TONE MARK (U+02EB)",,
"U+00100+","ˬ","cbac","MODIFIER LETTER VOICING (U+02EC)",,
"U+00100+","˭","cbad","MODIFIER LETTER UNASPIRATED (U+02ED)",,
"U+00100+","ˮ","cbae","MODIFIER LETTER DOUBLE APOSTROPHE (U+02EE)",,
"U+00100+","˯","cbaf","MODIFIER LETTER LOW DOWN ARROWHEAD (U+02EF)",,
"U+00100+","˰","cbb0","MODIFIER LETTER LOW UP ARROWHEAD (U+02F0)",,
"U+00100+","˱","cbb1","MODIFIER LETTER LOW LEFT ARROWHEAD (U+02F1)",,
"U+00100+","˲","cbb2","MODIFIER LETTER LOW RIGHT ARROWHEAD (U+02F2)",,
"U+00100+","˳","cbb3","MODIFIER LETTER LOW RING (U+02F3)",,
"U+00100+","˴","cbb4","MODIFIER LETTER MIDDLE GRAVE ACCENT (U+02F4)",,
"U+00100+","˵","cbb5","MODIFIER LETTER MIDDLE DOUBLE GRAVE ACCENT (U+02F5)",,
"U+00100+","˶","cbb6","MODIFIER LETTER MIDDLE DOUBLE ACUTE ACCENT (U+02F6)",,
"U+00100+","˷","cbb7","MODIFIER LETTER LOW TILDE (U+02F7)",,
"U+00100+","˸","cbb8","MODIFIER LETTER RAISED COLON (U+02F8)",,
"U+00100+","˹","cbb9","MODIFIER LETTER BEGIN HIGH TONE (U+02F9)",,
"U+00100+","˺","cbba","MODIFIER LETTER END HIGH TONE (U+02FA)",,
"U+00100+","˻","cbbb","MODIFIER LETTER BEGIN LOW TONE (U+02FB)",,
"U+00100+","˼","cbbc","MODIFIER LETTER END LOW TONE (U+02FC)",,
"U+00100+","˽","cbbd","MODIFIER LETTER SHELF (U+02FD)",,
"U+00100+","˾","cbbe","MODIFIER LETTER OPEN SHELF (U+02FE)",,
"U+00100+","˿","cbbf","MODIFIER LETTER LOW LEFT ARROW (U+02FF)",,
"U+00100+","̀","cc80","COMBINING GRAVE ACCENT (U+0300)",,
"U+00100+","́","cc81","COMBINING ACUTE ACCENT (U+0301)",,
"U+00100+","̂","cc82","COMBINING CIRCUMFLEX ACCENT (U+0302)",,
"U+00100+","̃","cc83","COMBINING TILDE (U+0303)",,
"U+00100+","̄","cc84","COMBINING MACRON (U+0304)",,
"U+00100+","̅","cc85","COMBINING OVERLINE (U+0305)",,
"U+00100+","̆","cc86","COMBINING BREVE (U+0306)",,
"U+00100+","̇","cc87","COMBINING DOT ABOVE (U+0307)",,
"U+00100+","̈","cc88","COMBINING DIAERESIS (U+0308)",,
"U+00100+","̉","cc89","COMBINING HOOK ABOVE (U+0309)",,
"U+00100+","̊","cc8a","COMBINING RING ABOVE (U+030A)",,
"U+00100+","̋","cc8b","COMBINING DOUBLE ACUTE ACCENT (U+030B)",,
"U+00100+","̌","cc8c","COMBINING CARON (U+030C)",,
"U+00100+","̍","cc8d","COMBINING VERTICAL LINE ABOVE (U+030D)",,
"U+00100+","̎","cc8e","COMBINING DOUBLE VERTICAL LINE ABOVE (U+030E)",,
"U+00100+","̏","cc8f","COMBINING DOUBLE GRAVE ACCENT (U+030F)",,
"U+00100+","̐","cc90","COMBINING CANDRABINDU (U+0310)",,
"U+00100+","̑","cc91","COMBINING INVERTED BREVE (U+0311)",,
"U+00100+","̒","cc92","COMBINING TURNED COMMA ABOVE (U+0312)",,
"U+00100+","̓","cc93","COMBINING COMMA ABOVE (U+0313)",,
"U+00100+","̔","cc94","COMBINING REVERSED COMMA ABOVE (U+0314)",,
"U+00100+","̕","cc95","COMBINING COMMA ABOVE RIGHT (U+0315)",,
"U+00100+","̖","cc96","COMBINING GRAVE ACCENT BELOW (U+0316)",,
"U+00100+","̗","cc97","COMBINING ACUTE ACCENT BELOW (U+0317)",,
"U+00100+","̘","cc98","COMBINING LEFT TACK BELOW (U+0318)",,
"U+00100+","̙","cc99","COMBINING RIGHT TACK BELOW (U+0319)",,
"U+00100+","̚","cc9a","COMBINING LEFT ANGLE ABOVE (U+031A)",,
"U+00100+","̛","cc9b","COMBINING HORN (U+031B)",,
"U+00100+","̜","cc9c","COMBINING LEFT HALF RING BELOW (U+031C)",,
"U+00100+","̝","cc9d","COMBINING UP TACK BELOW (U+031D)",,
"U+00100+","̞","cc9e","COMBINING DOWN TACK BELOW (U+031E)",,
"U+00100+","̟","cc9f","COMBINING PLUS SIGN BELOW (U+031F)",,
"U+00100+","̠","cca0","COMBINING MINUS SIGN BELOW (U+0320)",,
"U+00100+","̡","cca1","COMBINING PALATALIZED HOOK BELOW (U+0321)",,
"U+00100+","̢","cca2","COMBINING RETROFLEX HOOK BELOW (U+0322)",,
"U+00100+","̣","cca3","COMBINING DOT BELOW (U+0323)",,
"U+00100+","̤","cca4","COMBINING DIAERESIS BELOW (U+0324)",,
"U+00100+","̥","cca5","COMBINING RING BELOW (U+0325)",,
"U+00100+","̦","cca6","COMBINING COMMA BELOW (U+0326)",,
"U+00100+","̧","cca7","COMBINING CEDILLA (U+0327)",,
"U+00100+","̨","cca8","COMBINING OGONEK (U+0328)",,
"U+00100+","̩","cca9","COMBINING VERTICAL LINE BELOW (U+0329)",,
"U+00100+","̪","ccaa","COMBINING BRIDGE BELOW (U+032A)",,
"U+00100+","̫","ccab","COMBINING INVERTED DOUBLE ARCH BELOW (U+032B)",,
"U+00100+","̬","ccac","COMBINING CARON BELOW (U+032C)",,
"U+00100+","̭","ccad","COMBINING CIRCUMFLEX ACCENT BELOW (U+032D)",,
"U+00100+","̮","ccae","COMBINING BREVE BELOW (U+032E)",,
"U+00100+","̯","ccaf","COMBINING INVERTED BREVE BELOW (U+032F)",,
"U+00100+","̰","ccb0","COMBINING TILDE BELOW (U+0330)",,
"U+00100+","̱","ccb1","COMBINING MACRON BELOW (U+0331)",,
"U+00100+","̲","ccb2","COMBINING LOW LINE (U+0332)",,
"U+00100+","̳","ccb3","COMBINING DOUBLE LOW LINE (U+0333)",,
"U+00100+","̴","ccb4","COMBINING TILDE OVERLAY (U+0334)",,
"U+00100+","̵","ccb5","COMBINING SHORT STROKE OVERLAY (U+0335)",,
"U+00100+","̶","ccb6","COMBINING LONG STROKE OVERLAY (U+0336)",,
"U+00100+","̷","ccb7","COMBINING SHORT SOLIDUS OVERLAY (U+0337)",,
"U+00100+","","ccb8","COMBINING LONG SOLIDUS OVERLAY (U+0338)",,
"U+00100+","̹","ccb9","COMBINING RIGHT HALF RING BELOW (U+0339)",,
"U+00100+","̺","ccba","COMBINING INVERTED BRIDGE BELOW (U+033A)",,
"U+00100+","̻","ccbb","COMBINING SQUARE BELOW (U+033B)",,
"U+00100+","̼","ccbc","COMBINING SEAGULL BELOW (U+033C)",,
"U+00100+","̽","ccbd","COMBINING X ABOVE (U+033D)",,
"U+00100+","̾","ccbe","COMBINING VERTICAL TILDE (U+033E)",,
"U+00100+","̿","ccbf","COMBINING DOUBLE OVERLINE (U+033F)",,
"U+00100+","̀","cd80","COMBINING GRAVE TONE MARK (U+0340)",,
"U+00100+","́","cd81","COMBINING ACUTE TONE MARK (U+0341)",,
"U+00100+","͂","cd82","COMBINING GREEK PERISPOMENI (U+0342)",,
"U+00100+","̓","cd83","COMBINING GREEK KORONIS (U+0343)",,
"U+00100+","̈́","cd84","COMBINING GREEK DIALYTIKA TONOS (U+0344)",,
"U+00100+","ͅ","cd85","COMBINING GREEK YPOGEGRAMMENI (U+0345)",,
"U+00100+","͆","cd86","COMBINING BRIDGE ABOVE (U+0346)",,
"U+00100+","͇","cd87","COMBINING EQUALS SIGN BELOW (U+0347)",,
"U+00100+","͈","cd88","COMBINING DOUBLE VERTICAL LINE BELOW (U+0348)",,
"U+00100+","͉","cd89","COMBINING LEFT ANGLE BELOW (U+0349)",,
"U+00100+","͊","cd8a","COMBINING NOT TILDE ABOVE (U+034A)",,
"U+00100+","͋","cd8b","COMBINING HOMOTHETIC ABOVE (U+034B)",,
"U+00100+","͌","cd8c","COMBINING ALMOST EQUAL TO ABOVE (U+034C)",,
"U+00100+","͍","cd8d","COMBINING LEFT RIGHT ARROW BELOW (U+034D)",,
"U+00100+","͎","cd8e","COMBINING UPWARDS ARROW BELOW (U+034E)",,
"U+00100+","͏","cd8f","COMBINING GRAPHEME JOINER (U+034F)",,
"U+00100+","͐","cd90","COMBINING RIGHT ARROWHEAD ABOVE (U+0350)",,
"U+00100+","͑","cd91","COMBINING LEFT HALF RING ABOVE (U+0351)",,
"U+00100+","͒","cd92","COMBINING FERMATA (U+0352)",,
"U+00100+","͓","cd93","COMBINING X BELOW (U+0353)",,
"U+00100+","͔","cd94","COMBINING LEFT ARROWHEAD BELOW (U+0354)",,
"U+00100+","͕","cd95","COMBINING RIGHT ARROWHEAD BELOW (U+0355)",,
"U+00100+","͖","cd96","COMBINING RIGHT ARROWHEAD AND UP ARROWHEAD BELOW (U+0356)",,
"U+00100+","͗","cd97","COMBINING RIGHT HALF RING ABOVE (U+0357)",,
"U+00100+","͘","cd98","COMBINING DOT ABOVE RIGHT (U+0358)",,
"U+00100+","͙","cd99","COMBINING ASTERISK BELOW (U+0359)",,
"U+00100+","͚","cd9a","COMBINING DOUBLE RING BELOW (U+035A)",,
"U+00100+","͛","cd9b","COMBINING ZIGZAG ABOVE (U+035B)",,
"U+00100+","͜","cd9c","COMBINING DOUBLE BREVE BELOW (U+035C)",,
"U+00100+","͝","cd9d","COMBINING DOUBLE BREVE (U+035D)",,
"U+00100+","͞","cd9e","COMBINING DOUBLE MACRON (U+035E)",,
"U+00100+","͟","cd9f","COMBINING DOUBLE MACRON BELOW (U+035F)",,
"U+00100+","͠","cda0","COMBINING DOUBLE TILDE (U+0360)",,
"U+00100+","͡","cda1","COMBINING DOUBLE INVERTED BREVE (U+0361)",,
"U+00100+","͢","cda2","COMBINING DOUBLE RIGHTWARDS ARROW BELOW (U+0362)",,
"U+00100+","ͣ","cda3","COMBINING LATIN SMALL LETTER A (U+0363)",,
"U+00100+","ͤ","cda4","COMBINING LATIN SMALL LETTER E (U+0364)",,
"U+00100+","ͥ","cda5","COMBINING LATIN SMALL LETTER I (U+0365)",,
"U+00100+","ͦ","cda6","COMBINING LATIN SMALL LETTER O (U+0366)",,
"U+00100+","ͧ","cda7","COMBINING LATIN SMALL LETTER U (U+0367)",,
"U+00100+","ͨ","cda8","COMBINING LATIN SMALL LETTER C (U+0368)",,
"U+00100+","ͩ","cda9","COMBINING LATIN SMALL LETTER D (U+0369)",,
"U+00100+","ͪ","cdaa","COMBINING LATIN SMALL LETTER H (U+036A)",,
"U+00100+","ͫ","cdab","COMBINING LATIN SMALL LETTER M (U+036B)",,
"U+00100+","ͬ","cdac","COMBINING LATIN SMALL LETTER R (U+036C)",,
"U+00100+","ͭ","cdad","COMBINING LATIN SMALL LETTER T (U+036D)",,
"U+00100+","ͮ","cdae","COMBINING LATIN SMALL LETTER V (U+036E)",,
"U+00100+","ͯ","cdaf","COMBINING LATIN SMALL LETTER X (U+036F)",,
"U+00100+","Ͱ","cdb0","GREEK CAPITAL LETTER HETA (U+0370)",,
"U+00100+","ͱ","cdb1","GREEK SMALL LETTER HETA (U+0371)",,
"U+00100+","Ͳ","cdb2","GREEK CAPITAL LETTER ARCHAIC SAMPI (U+0372)",,
"U+00100+","ͳ","cdb3","GREEK SMALL LETTER ARCHAIC SAMPI (U+0373)",,
"U+00100+","ʹ","cdb4","GREEK NUMERAL SIGN (U+0374)",,
"U+00100+","͵","cdb5","GREEK LOWER NUMERAL SIGN (U+0375)",,
"U+00100+","Ͷ","cdb6","GREEK CAPITAL LETTER PAMPHYLIAN DIGAMMA (U+0376)",,
"U+00100+","ͷ","cdb7","GREEK SMALL LETTER PAMPHYLIAN DIGAMMA (U+0377)",,
"U+00100+","ͺ","cdba","GREEK YPOGEGRAMMENI (U+037A)",,
"U+00100+","ͻ","cdbb","GREEK SMALL REVERSED LUNATE SIGMA SYMBOL (U+037B)",,
"U+00100+","ͼ","cdbc","GREEK SMALL DOTTED LUNATE SIGMA SYMBOL (U+037C)",,
"U+00100+","ͽ","cdbd","GREEK SMALL REVERSED DOTTED LUNATE SIGMA SYMBOL (U+037D)",,
"U+00100+",";","cdbe","GREEK QUESTION MARK (U+037E)",,
"U+00100+","Ϳ","cdbf","GREEK CAPITAL LETTER YOT (U+037F)",,
"U+00100+","΄","ce84","GREEK TONOS (U+0384)",,
"U+00100+","΅","ce85","GREEK DIALYTIKA TONOS (U+0385)",,
"U+00100+","Ά","ce86","GREEK CAPITAL LETTER ALPHA WITH TONOS (U+0386)",,
"U+00100+","·","ce87","GREEK ANO TELEIA (U+0387)",,
"U+00100+","Έ","ce88","GREEK CAPITAL LETTER EPSILON WITH TONOS (U+0388)",,
"U+00100+","Ή","ce89","GREEK CAPITAL LETTER ETA WITH TONOS (U+0389)",,
"U+00100+","Ί","ce8a","GREEK CAPITAL LETTER IOTA WITH TONOS (U+038A)",,
"U+00100+","Ό","ce8c","GREEK CAPITAL LETTER OMICRON WITH TONOS (U+038C)",,
"U+00100+","Ύ","ce8e","GREEK CAPITAL LETTER UPSILON WITH TONOS (U+038E)",,
"U+00100+","Ώ","ce8f","GREEK CAPITAL LETTER OMEGA WITH TONOS (U+038F)",,
"U+00100+","ΐ","ce90","GREEK SMALL LETTER IOTA WITH DIALYTIKA AND TONOS (U+0390)",,
"U+00100+","Α","ce91","GREEK CAPITAL LETTER ALPHA (U+0391)",,
"U+00100+","Β","ce92","GREEK CAPITAL LETTER BETA (U+0392)",,
"U+00100+","Γ","ce93","GREEK CAPITAL LETTER GAMMA (U+0393)",,
"U+00100+","Δ","ce94","GREEK CAPITAL LETTER DELTA (U+0394)",,
"U+00100+","Ε","ce95","GREEK CAPITAL LETTER EPSILON (U+0395)",,
"U+00100+","Ζ","ce96","GREEK CAPITAL LETTER ZETA (U+0396)",,
"U+00100+","Η","ce97","GREEK CAPITAL LETTER ETA (U+0397)",,
"U+00100+","Θ","ce98","GREEK CAPITAL LETTER THETA (U+0398)",,
"U+00100+","Ι","ce99","GREEK CAPITAL LETTER IOTA (U+0399)",,
"U+00100+","Κ","ce9a","GREEK CAPITAL LETTER KAPPA (U+039A)",,
"U+00100+","Λ","ce9b","GREEK CAPITAL LETTER LAMDA (U+039B)",,
"U+00100+","Μ","ce9c","GREEK CAPITAL LETTER MU (U+039C)",,
"U+00100+","Ν","ce9d","GREEK CAPITAL LETTER NU (U+039D)",,
"U+00100+","Ξ","ce9e","GREEK CAPITAL LETTER XI (U+039E)",,
"U+00100+","Ο","ce9f","GREEK CAPITAL LETTER OMICRON (U+039F)",,
"U+00100+","Π","cea0","GREEK CAPITAL LETTER PI (U+03A0)",,
"U+00100+","Ρ","cea1","GREEK CAPITAL LETTER RHO (U+03A1)",,
"U+00100+","Σ","cea3","GREEK CAPITAL LETTER SIGMA (U+03A3)",,
"U+00100+","Τ","cea4","GREEK CAPITAL LETTER TAU (U+03A4)",,
"U+00100+","Υ","cea5","GREEK CAPITAL LETTER UPSILON (U+03A5)",,
"U+00100+","Φ","cea6","GREEK CAPITAL LETTER PHI (U+03A6)",,
"U+00100+","Χ","cea7","GREEK CAPITAL LETTER CHI (U+03A7)",,
"U+00100+","Ψ","cea8","GREEK CAPITAL LETTER PSI (U+03A8)",,
"U+00100+","Ω","cea9","GREEK CAPITAL LETTER OMEGA (U+03A9)",,
"U+00100+","Ϊ","ceaa","GREEK CAPITAL LETTER IOTA WITH DIALYTIKA (U+03AA)",,
"U+00100+","Ϋ","ceab","GREEK CAPITAL LETTER UPSILON WITH DIALYTIKA (U+03AB)",,
"U+00100+","ά","ceac","GREEK SMALL LETTER ALPHA WITH TONOS (U+03AC)",,
"U+00100+","έ","cead","GREEK SMALL LETTER EPSILON WITH TONOS (U+03AD)",,
"U+00100+","ή","ceae","GREEK SMALL LETTER ETA WITH TONOS (U+03AE)",,
"U+00100+","ί","ceaf","GREEK SMALL LETTER IOTA WITH TONOS (U+03AF)",,
"U+00100+","ΰ","ceb0","GREEK SMALL LETTER UPSILON WITH DIALYTIKA AND TONOS (U+03B0)",,
"U+00100+","α","ceb1","GREEK SMALL LETTER ALPHA (U+03B1)",,
"U+00100+","β","ceb2","GREEK SMALL LETTER BETA (U+03B2)",,
"U+00100+","γ","ceb3","GREEK SMALL LETTER GAMMA (U+03B3)",,
"U+00100+","δ","ceb4","GREEK SMALL LETTER DELTA (U+03B4)",,
"U+00100+","ε","ceb5","GREEK SMALL LETTER EPSILON (U+03B5)",,
"U+00100+","ζ","ceb6","GREEK SMALL LETTER ZETA (U+03B6)",,
"U+00100+","η","ceb7","GREEK SMALL LETTER ETA (U+03B7)",,
"U+00100+","θ","ceb8","GREEK SMALL LETTER THETA (U+03B8)",,
"U+00100+","ι","ceb9","GREEK SMALL LETTER IOTA (U+03B9)",,
"U+00100+","κ","ceba","GREEK SMALL LETTER KAPPA (U+03BA)",,
"U+00100+","λ","cebb","GREEK SMALL LETTER LAMDA (U+03BB)",,
"U+00100+","μ","cebc","GREEK SMALL LETTER MU (U+03BC)",,
"U+00100+","ν","cebd","GREEK SMALL LETTER NU (U+03BD)",,
"U+00100+","ξ","cebe","GREEK SMALL LETTER XI (U+03BE)",,
"U+00100+","ο","cebf","GREEK SMALL LETTER OMICRON (U+03BF)",,
"U+00100+","π","cf80","GREEK SMALL LETTER PI (U+03C0)",,
"U+00100+","ρ","cf81","GREEK SMALL LETTER RHO (U+03C1)",,
"U+00100+","ς","cf82","GREEK SMALL LETTER FINAL SIGMA (U+03C2)",,
"U+00100+","σ","cf83","GREEK SMALL LETTER SIGMA (U+03C3)",,
"U+00100+","τ","cf84","GREEK SMALL LETTER TAU (U+03C4)",,
"U+00100+","υ","cf85","GREEK SMALL LETTER UPSILON (U+03C5)",,
"U+00100+","φ","cf86","GREEK SMALL LETTER PHI (U+03C6)",,
"U+00100+","χ","cf87","GREEK SMALL LETTER CHI (U+03C7)",,
"U+00100+","ψ","cf88","GREEK SMALL LETTER PSI (U+03C8)",,
"U+00100+","ω","cf89","GREEK SMALL LETTER OMEGA (U+03C9)",,
"U+00100+","ϊ","cf8a","GREEK SMALL LETTER IOTA WITH DIALYTIKA (U+03CA)",,
"U+00100+","ϋ","cf8b","GREEK SMALL LETTER UPSILON WITH DIALYTIKA (U+03CB)",,
"U+00100+","ό","cf8c","GREEK SMALL LETTER OMICRON WITH TONOS (U+03CC)",,
"U+00100+","ύ","cf8d","GREEK SMALL LETTER UPSILON WITH TONOS (U+03CD)",,
"U+00100+","ώ","cf8e","GREEK SMALL LETTER OMEGA WITH TONOS (U+03CE)",,
"U+00100+","Ϗ","cf8f","GREEK CAPITAL KAI SYMBOL (U+03CF)",,
"U+00100+","ϐ","cf90","GREEK BETA SYMBOL (U+03D0)",,
"U+00100+","ϑ","cf91","GREEK THETA SYMBOL (U+03D1)",,
"U+00100+","ϒ","cf92","GREEK UPSILON WITH HOOK SYMBOL (U+03D2)",,
"U+00100+","ϓ","cf93","GREEK UPSILON WITH ACUTE AND HOOK SYMBOL (U+03D3)",,
"U+00100+","ϔ","cf94","GREEK UPSILON WITH DIAERESIS AND HOOK SYMBOL (U+03D4)",,
"U+00100+","ϕ","cf95","GREEK PHI SYMBOL (U+03D5)",,
"U+00100+","ϖ","cf96","GREEK PI SYMBOL (U+03D6)",,
"U+00100+","ϗ","cf97","GREEK KAI SYMBOL (U+03D7)",,
"U+00100+","Ϙ","cf98","GREEK LETTER ARCHAIC KOPPA (U+03D8)",,
"U+00100+","ϙ","cf99","GREEK SMALL LETTER ARCHAIC KOPPA (U+03D9)",,
"U+00100+","Ϛ","cf9a","GREEK LETTER STIGMA (U+03DA)",,
"U+00100+","ϛ","cf9b","GREEK SMALL LETTER STIGMA (U+03DB)",,
"U+00100+","Ϝ","cf9c","GREEK LETTER DIGAMMA (U+03DC)",,
"U+00100+","ϝ","cf9d","GREEK SMALL LETTER DIGAMMA (U+03DD)",,
"U+00100+","Ϟ","cf9e","GREEK LETTER KOPPA (U+03DE)",,
"U+00100+","ϟ","cf9f","GREEK SMALL LETTER KOPPA (U+03DF)",,
"U+00100+","Ϡ","cfa0","GREEK LETTER SAMPI (U+03E0)",,
"U+00100+","ϡ","cfa1","GREEK SMALL LETTER SAMPI (U+03E1)",,
"U+00100+","Ϣ","cfa2","COPTIC CAPITAL LETTER SHEI (U+03E2)",,
"U+00100+","ϣ","cfa3","COPTIC SMALL LETTER SHEI (U+03E3)",,
"U+00100+","Ϥ","cfa4","COPTIC CAPITAL LETTER FEI (U+03E4)",,
"U+00100+","ϥ","cfa5","COPTIC SMALL LETTER FEI (U+03E5)",,
"U+00100+","Ϧ","cfa6","COPTIC CAPITAL LETTER KHEI (U+03E6)",,
"U+00100+","ϧ","cfa7","COPTIC SMALL LETTER KHEI (U+03E7)",,
"U+00100+","Ϩ","cfa8","COPTIC CAPITAL LETTER HORI (U+03E8)",,
"U+00100+","ϩ","cfa9","COPTIC SMALL LETTER HORI (U+03E9)",,
"U+00100+","Ϫ","cfaa","COPTIC CAPITAL LETTER GANGIA (U+03EA)",,
"U+00100+","ϫ","cfab","COPTIC SMALL LETTER GANGIA (U+03EB)",,
"U+00100+","Ϭ","cfac","COPTIC CAPITAL LETTER SHIMA (U+03EC)",,
"U+00100+","ϭ","cfad","COPTIC SMALL LETTER SHIMA (U+03ED)",,
"U+00100+","Ϯ","cfae","COPTIC CAPITAL LETTER DEI (U+03EE)",,
"U+00100+","ϯ","cfaf","COPTIC SMALL LETTER DEI (U+03EF)",,
"U+00100+","ϰ","cfb0","GREEK KAPPA SYMBOL (U+03F0)",,
"U+00100+","ϱ","cfb1","GREEK RHO SYMBOL (U+03F1)",,
"U+00100+","ϲ","cfb2","GREEK LUNATE SIGMA SYMBOL (U+03F2)",,
"U+00100+","ϳ","cfb3","GREEK LETTER YOT (U+03F3)",,
"U+00100+","ϴ","cfb4","GREEK CAPITAL THETA SYMBOL (U+03F4)",,
"U+00100+","ϵ","cfb5","GREEK LUNATE EPSILON SYMBOL (U+03F5)",,
"U+00100+","϶","cfb6","GREEK REVERSED LUNATE EPSILON SYMBOL (U+03F6)",,
"U+00100+","Ϸ","cfb7","GREEK CAPITAL LETTER SHO (U+03F7)",,
"U+00100+","ϸ","cfb8","GREEK SMALL LETTER SHO (U+03F8)",,
"U+00100+","Ϲ","cfb9","GREEK CAPITAL LUNATE SIGMA SYMBOL (U+03F9)",,
"U+00100+","Ϻ","cfba","GREEK CAPITAL LETTER SAN (U+03FA)",,
"U+00100+","ϻ","cfbb","GREEK SMALL LETTER SAN (U+03FB)",,
"U+00100+","ϼ","cfbc","GREEK RHO WITH STROKE SYMBOL (U+03FC)",,
"U+00100+","Ͻ","cfbd","GREEK CAPITAL REVERSED LUNATE SIGMA SYMBOL (U+03FD)",,
"U+00100+","Ͼ","cfbe","GREEK CAPITAL DOTTED LUNATE SIGMA SYMBOL (U+03FE)",,
"U+00100+","Ͽ","cfbf","GREEK CAPITAL REVERSED DOTTED LUNATE SIGMA SYMBOL (U+03FF)",,
"U+00100+","Ѐ","d080","CYRILLIC CAPITAL LETTER IE WITH GRAVE (U+0400)",,
"U+00100+","Ё","d081","CYRILLIC CAPITAL LETTER IO (U+0401)",,
"U+00100+","Ђ","d082","CYRILLIC CAPITAL LETTER DJE (U+0402)",,
"U+00100+","Ѓ","d083","CYRILLIC CAPITAL LETTER GJE (U+0403)",,
"U+00100+","Є","d084","CYRILLIC CAPITAL LETTER UKRAINIAN IE (U+0404)",,
"U+00100+","Ѕ","d085","CYRILLIC CAPITAL LETTER DZE (U+0405)",,
"U+00100+","І","d086","CYRILLIC CAPITAL LETTER BYELORUSSIAN-UKRAINIAN I (U+0406)",,
"U+00100+","Ї","d087","CYRILLIC CAPITAL LETTER YI (U+0407)",,
"U+00100+","Ј","d088","CYRILLIC CAPITAL LETTER JE (U+0408)",,
