{
 "actions": [],
 "creation": "2017-05-03 15:20:22.326623",
 "doctype": "DocType",
 "editable_grid": 1,
 "engine": "InnoDB",
 "field_order": [
  "domain"
 ],
 "fields": [
  {
   "fieldname": "domain",
   "fieldtype": "Link",
   "in_list_view": 1,
   "label": "Domain",
   "options": "Domain"
  }
 ],
 "istable": 1,
 "links": [],
 "modified": "2022-08-03 12:20:53.381248",
 "modified_by": "Administrator",
 "module": "Core",
 "name": "Has Domain",
 "owner": "Administrator",
 "permissions": [],
 "quick_entry": 1,
 "sort_field": "modified",
 "sort_order": "DESC",
 "states": [],
 "track_changes": 1
}