<?xml version="1.0" encoding="UTF-8"?>
<!DOCTYPE xml>
<configuration scan="false">
  <property name="APP_NAME" value="dubbo-service-e" />
  <property name="LOG_HOME" value="../logs/" />
  <contextName>${APP_NAME}</contextName>

  <!-- 控制台输出 -->
  <appender name="STDOUT" class="ch.qos.logback.core.ConsoleAppender">
    <encoder class="ch.qos.logback.classic.encoder.PatternLayoutEncoder">
      <!--格式化输出：%d表示日期，%thread表示线程名，%-5level：级别从左显示5个字符宽度 %msg：日志消息，%n是换行符 -->
      <pattern>%d{yyyy-MM-dd HH:mm:ss.SSS} [%thread] %-5level %logger{96}[%line]: %msg%n</pattern>
    </encoder>
  </appender>

  <!-- 按照每天生成日志文件 -->
  <appender name="dailyInfoFile" class="ch.qos.logback.core.rolling.RollingFileAppender">
    <prudent>true</prudent>
    <rollingPolicy class="ch.qos.logback.core.rolling.TimeBasedRollingPolicy">
      <fileNamePattern>${LOG_HOME}/info/${APP_NAME}_%d{yyyy-MM-dd}.%i.log</fileNamePattern>
      <timeBasedFileNamingAndTriggeringPolicy class="ch.qos.logback.core.rolling.SizeAndTimeBasedFNATP">
        <maxFileSize>128 MB</maxFileSize>
      </timeBasedFileNamingAndTriggeringPolicy>
    </rollingPolicy>
    <filter class="ch.qos.logback.classic.filter.ThresholdFilter">
      <level>INFO</level>
    </filter>
    <!--格式化输出：%d表示日期，%thread表示线程名，%-5level：级别从左显示5个字符宽度%msg：日志消息，%n是换行符 -->
    <encoder class="ch.qos.logback.classic.encoder.PatternLayoutEncoder">
      <Pattern>%d{yyyy-MM-dd HH:mm:ss.SSS} [%thread] %-5level %logger{96}[%line]: %msg%n</Pattern>
    </encoder>
  </appender>

  <appender name="dailyErrorFile" class="ch.qos.logback.core.rolling.RollingFileAppender">
    <prudent>true</prudent>
    <rollingPolicy class="ch.qos.logback.core.rolling.TimeBasedRollingPolicy">
      <fileNamePattern>${LOG_HOME}/error/${APP_NAME}_%d{yyyy-MM-dd}.%i.log</fileNamePattern>
      <timeBasedFileNamingAndTriggeringPolicy class="ch.qos.logback.core.rolling.SizeAndTimeBasedFNATP">
        <maxFileSize>128 MB</maxFileSize>
      </timeBasedFileNamingAndTriggeringPolicy>
    </rollingPolicy>
    <filter class="ch.qos.logback.classic.filter.ThresholdFilter">
      <level>ERROR</level>
    </filter>
    <!--格式化输出：%d表示日期，%thread表示线程名，%-5level：级别从左显示5个字符宽度%msg：日志消息，%n是换行符 -->
    <encoder class="ch.qos.logback.classic.encoder.PatternLayoutEncoder">
      <Pattern>%d{yyyy-MM-dd HH:mm:ss.SSS} [%thread] %-5level %logger{96}[%line]: %msg%n</Pattern>
    </encoder>
  </appender>

  <!-- kafka appender -->
  <appender name="kafkaAppender" class="com.jthink.skyeye.client.logback.appender.KafkaAppender">
    <encoder class="com.jthink.skyeye.client.logback.encoder.KafkaLayoutEncoder">
      <layout class="ch.qos.logback.classic.PatternLayout">
        <pattern>%d{yyyy-MM-dd HH:mm:ss.SSS};${CONTEXT_NAME};HOSTNAME;%thread;%-5level;%logger{96};%line;%msg%n</pattern>
      </layout>
    </encoder>
    <topic>app-log</topic>
    <rpc>dubbo</rpc>
    <zkServers>riot01.jthink.com:2181,riot02.jthink.com:2181,riot03.jthink.com:2181</zkServers>
    <mail>qianjc@unionpaysmart.com</mail>
    <keyBuilder class="com.jthink.skyeye.client.logback.builder.AppHostKeyBuilder" />

    <config>bootstrap.servers=riot01.jthink.com:9092,riot02.jthink.com:9092,riot03.jthink.com:9092</config>
    <config>acks=0</config>
    <config>linger.ms=100</config>
    <config>max.block.ms=5000</config>
  </appender>

  <root level="INFO">
    <appender-ref ref="STDOUT" />
    <appender-ref ref="dailyInfoFile" />
    <appender-ref ref="dailyErrorFile" />
    <appender-ref ref="kafkaAppender" />
  </root>
</configuration>