{
    "author": {
        "name": "nerds"
    },
    "name": "instagram",
    "description": "Instagram",
    "version": "0.0.6",
    "engines": {
        "node": ">=0.4.9"
    },
    "dependencies": {},
    "devDependencies": {},
    "title": "Instagram",
    "handle": "instagram",
    "update": "auto",
    "github": "https://github.com/LockerProject/Locker",
    "type": "connector",
    "static": "false",
    "oauthSize": {
        "width": 800,
        "height": 500
    },
    "url": "",
    "synclets": [
        {
            "name": "self",
            "frequency": 3600
        },
        {
            "name": "feed",
            "frequency": 600
        },
        {
            "name": "follows",
            "frequency": 3600
        },
        {
            "name": "updated",
            "frequency": 4200
        },
        {
            "name": "media",
            "frequency": 1200
        }
    ],
    "types": {
        "feed": "photo"
    },
    "provides": [
        "profile/instagram",
        "photo/instagram",
        "contact/instagram",
        "feed/instagram"
    ],
    "upserted": 1768097745336,
    "manifest": "Connectors/Instagram/package.json",
    "srcdir": "Connectors/Instagram",
    "provider": "instagram",
    "id": "instagram",
    "installed": 1768094646013,
    "uri": "http://localhost:8042/Me/instagram/",
    "externalUri": "http://localhost:40271/Me/instagram/",
    "loaded": 1768097745326
}