{
    "author": {
        "name": "Singly, Inc.",
        "email": "nerds@singly.com"
    },
    "name": "photosviewer",
    "description": "A  beautiful, grid-based layout of all your photos from a ton of services. You'll never want to view your photos another way. ",
    "version": "0.0.6",
    "homepage": "https://github.com/LockerProject/locker",
    "engines": {
        "node": ">=0.4.9"
    },
    "dependencies": {},
    "devDependencies": {},
    "type": "app",
    "title": "Photos (DEMO)",
    "status": "stable",
    "static": true,
    "handle": "photosviewer",
    "uses": {
        "services": [
            "facebook",
            "twitter",
            "foursquare",
            "flickr",
            "instagram"
        ],
        "types": [
            "photos"
        ]
    },
    "update": true,
    "github": "https://github.com/LockerProject/locker",
    "upserted": 1768097745333,
    "manifest": "Apps/PhotosViewer/package.json",
    "srcdir": "Apps/PhotosViewer",
    "provider": "photosviewer",
    "id": "photosviewer",
    "installed": 1768094646010,
    "uri": "http://localhost:8042/Me/photosviewer/",
    "externalUri": "http://localhost:40271/Me/photosviewer/",
    "loaded": 1768097745328
}