<?xml version="1.0" encoding="UTF-8"?>
<beans xmlns="http://www.springframework.org/schema/beans"
	xmlns:xsi="http://www.w3.org/2001/XMLSchema-instance" xmlns:p="http://www.springframework.org/schema/p"
	xmlns:tx="http://www.springframework.org/schema/tx" xmlns:context="http://www.springframework.org/schema/context"
	xmlns:task="http://www.springframework.org/schema/task" xmlns:util="http://www.springframework.org/schema/util"
	xsi:schemaLocation="http://www.springframework.org/schema/beans http://www.springframework.org/schema/beans/spring-beans.xsd http://www.springframework.org/schema/tx http://www.springframework.org/schema/tx/spring-tx-3.0.xsd http://www.springframework.org/schema/context http://www.springframework.org/schema/context/spring-context-3.0.xsd
http://www.springframework.org/schema/task http://www.springframework.org/schema/task/spring-task-3.0.xsd">

	<!-- MYSQL LOCAL -->
	<bean id="dataSource" class="com.mchange.v2.c3p0.ComboPooledDataSource">
		<property name="driverClass" value="com.mysql.jdbc.Driver" />
		<property name="jdbcUrl" value="jdbc:mysql://localhost:3306/localdb" />
		<property name="properties">
			<props>
				<prop key="c3p0.acquire_increment">5</prop>
				<prop key="c3p0.maxStatementsPerConnection">20</prop>
				<prop key="c3p0.maxStatements ">100</prop>
				<prop key="c3p0.maxPoolSize">500</prop>
				<prop key="c3p0.max_statements">0</prop>
				<prop key="c3p0.minPoolSize">5</prop>
				<prop key="user">lessroot</prop>
				<prop key="password">lessroot</prop>
			</props>
		</property>
	</bean>

	<bean id="entityManagerFactory"
		class="org.springframework.orm.jpa.LocalContainerEntityManagerFactoryBean">
		<property name="dataSource" ref="dataSource" />
		<property name="jpaVendorAdapter">
			<bean class="org.springframework.orm.jpa.vendor.HibernateJpaVendorAdapter">
				<!-- <property name="showSql" value="true" /> -->
				<!-- <property name="generateDdl" value="true" /> -->
				<property name="databasePlatform" value="org.hibernate.dialect.MySQLDialect" />
			</bean>
		</property>
		<property name="persistenceUnitName" value="local" />
		<property name="persistenceUnitManager">
			<bean
				class="org.springframework.orm.jpa.persistenceunit.DefaultPersistenceUnitManager">
				<property name="defaultDataSource" ref="dataSource" />
			</bean>
		</property>
	</bean>

	<bean id="sessionFactory"
		class="org.springframework.orm.hibernate4.LocalSessionFactoryBean"
		p:dataSource-ref="dataSource" />

	<bean id="transactionManager" class="org.springframework.orm.jpa.JpaTransactionManager">
		<property name="entityManagerFactory" ref="entityManagerFactory" />
	</bean>

	<bean
		class="org.springframework.orm.jpa.support.PersistenceAnnotationBeanPostProcessor">
	</bean>

 	<bean id="propertyConfigurer" class="com.opencodez.util.PropertiesUtils">
		<property name="locations">
			<list>
				<value>classpath:app-custom.properties</value>
			</list>
		</property>
	</bean> 

</beans>