{
  "$schema": "https://biomejs.dev/schemas/1.8.3/schema.json",
  "organizeImports": {
    "enabled": true
  },
  "files": {
    "ignore": [
      "static/**",
      "node_modules/**",
      "**/midscene_run",
      "**/extension_output",
      ".nx",
      "**/dist",
      "test-data/**",
      "**/inject-tp.js",
      "dist",
      "dist-inspect",
      "__ai_responses__",
      "ai-data/**",
      "**/doc_build",
      "*-dump.json",
      "test-results/**",
      "iife-script/**",
      "script_get_all_texts.tmp.js",
      "**/playwright-report/**",
      "**/todo-report.spec.ts-snapshots/**",
      "**/visualizer/scripts/fixture/*",
      "**/unpacked-extension/*",
      "**/page-data/**",
      "**/dump.json",
      "**/dump-with-invisible.json",
      "**/dump-for-utils-test.json",
      "**/.rslib",
      "apps/chrome-extension/web-ext-profile/**"
    ]
  },
  "javascript": {
    "formatter": {
      "quoteStyle": "single"
    }
  },
  "linter": {
    "enabled": true,
    "rules": {
      "recommended": true,
      "a11y": {
        "useKeyWithClickEvents": "off",
        "useValidAnchor": "off"
      },
      "style": {
        "noParameterAssign": "off",
        "noNonNullAssertion": "off",
        "noUselessElse": "off"
      },
      "correctness": {
        "useExhaustiveDependencies": "off"
      },
      "complexity": {
        "noForEach": "off"
      },
      "suspicious": {
        "noExplicitAny": "off",
        "noArrayIndexKey": "off",
        "noImplicitAnyLet": "off"
      }
    }
  },
  "overrides": [
    {
      "include": ["*.ts", "*.d.ts", "*.tsx"],
      "ignore": [".nx"],
      "linter": {
        "rules": {}
      }
    }
  ],
  "vcs": {
    "defaultBranch": "main"
  },
  "formatter": {
    "lineWidth": 80,
    "indentStyle": "space",
    "indentWidth": 2,
    "lineEnding": "lf"
  }
}
