{
    "author": {
        "name": "Singly, Inc.",
        "email": "nerds@singly.com"
    },
    "name": "contactsviewer",
    "description": "View all of your contacts in one place merged from all services.",
    "version": "0.0.7",
    "engines": {
        "node": ">=0.4.9"
    },
    "dependencies": {},
    "devDependencies": {},
    "title": "Contacts (DEMO)",
    "handle": "contactsviewer",
    "update": true,
    "github": "https://github.com/LockerProject/Locker",
    "type": "app",
    "static": true,
    "run": "node contacts.js",
    "uses": {
        "services": [
            "facebook",
            "twitter",
            "gcontacts",
            "foursquare",
            "flickr",
            "github"
        ],
        "types": [
            "contacts"
        ]
    },
    "url": "",
    "upserted": 1768097745332,
    "manifest": "Apps/MergedContacts/package.json",
    "srcdir": "Apps/MergedContacts",
    "provider": "contactsviewer",
    "id": "contactsviewer",
    "installed": 1768094646009,
    "uri": "http://localhost:8042/Me/contactsviewer/",
    "externalUri": "http://localhost:40271/Me/contactsviewer/",
    "loaded": 1768097745322
}