{"frameRate":24,"isGlobal":0,"armature":[{"skin":[{"name":"","slot":[{"display":[{"type":"image","name":"mecha_1003_folder/calf_r_0","transform":{"y":1.8721,"x":27.7907}}],"name":"calf_r"},{"display":[{"type":"image","name":"mecha_1003d_folder/thigh_l_0","transform":{"y":2.8796,"x":19.1837}}],"name":"thigh_l"},{"display":[{"type":"image","name":"mecha_1002_folder/upperarm_r_2","transform":{"y":2.5661,"skX":-99.6918,"skY":-99.6918}}],"name":"shouder_r"},{"display":[{"type":"image","name":"mecha_1004_folder/chest_1","transform":{"y":46.4064,"skX":89.5694,"skY":89.5694,"x":-8.7784}}],"name":"chest"},{"display":[{"type":"image","name":"mecha_1004d_folder/foot_l_0","transform":{"y":7.7385,"skX":90,"skY":90,"x":2.3128}}],"name":"foot_l"},{"display":[{"type":"image","name":"mecha_1502b_folder/thigh_1_r_1","transform":{"y":-1.9,"skX":0.438,"skY":0.438,"x":21.55}}],"name":"thigh_1_r"},{"display":[{"type":"image","name":"mecha_1003_folder/calf_l_0","transform":{"y":4.1499,"x":26.8604}}],"name":"calf_l"},{"display":[{"type":"image","name":"mecha_1003d_folder/thigh_r_0","transform":{"y":-7.6009,"x":15.0357}}],"name":"thigh_r"},{"display":[{"type":"image","name":"mecha_1502b_folder/pelvis","transform":{"y":7.5,"x":3.5}}],"name":"pelvis"},{"display":[{"type":"image","name":"mecha_1002_folder/upperarm_l_2","transform":{"y":-3.8492,"skX":-105.7978,"skY":-105.7978,"x":-0.8558}}],"name":"shouder_l"},{"display":[{"type":"image","name":"mecha_1004d_folder/foot_r_1","transform":{"y":9.2478,"skX":90,"skY":90,"x":2.5697}}],"name":"foot_r"},{"display":[{"type":"image","name":"mecha_1502b_folder/thigh_1_l_0","transform":{"y":-2.95,"skX":0.1119,"skY":0.1128,"x":23}}],"name":"thigh_1_l"}]}],"bone":[{"transform":{},"name":"root"},{"length":20,"transform":{"y":-25,"scX":0.9955,"x":62.85},"parent":"root","inheritScale":0,"name":"foot_l"},{"length":40,"transform":{"y":-133.55,"skX":21.9887,"skY":21.9887,"scX":0.9995,"scY":0.9977,"x":8.3},"parent":"root","inheritScale":0,"name":"thigh_l"},{"length":42,"transform":{"y":-112.45,"skX":69.8809,"skY":69.8854,"scX":0.9876,"scY":0.9979,"x":-8.55},"parent":"root","inheritScale":0,"name":"thigh_r"},{"length":20,"transform":{"y":-123.15,"skX":-89.9991,"skY":-89.9991},"parent":"root","inheritScale":0,"name":"pelvis"},{"length":20,"transform":{"y":-4,"scX":0.9955,"x":-43.8},"parent":"root","inheritScale":0,"name":"foot_r"},{"length":50,"transform":{"y":-0.04,"skX":97.9614,"skY":97.9621,"scX":0.9894,"scY":0.9971,"x":40.11},"parent":"thigh_l","inheritScale":0,"name":"thigh_1_l"},{"length":20,"transform":{"skX":-90,"skY":-90,"x":13.75},"parent":"pelvis","inheritScale":0,"name":"chest"},{"length":53,"transform":{"y":-0.01,"skX":105.4235,"skY":105.423,"scX":0.9984,"scY":0.9995,"x":41.52},"parent":"thigh_r","inheritScale":0,"name":"thigh_1_r"},{"length":20,"transform":{"y":31.28,"scX":0.9965,"scY":0.9969,"x":13.74},"parent":"chest","inheritScale":0,"name":"shouder_r"},{"length":20,"transform":{"y":46.59,"scX":0.9965,"scY":0.9969,"x":-2.41},"parent":"chest","inheritScale":0,"name":"shouder_l"},{"inheritRotation":0,"length":100,"transform":{"y":3.13,"skX":130,"skY":130,"x":11.65},"parent":"chest","inheritScale":0,"name":"effects_b"},{"length":64,"transform":{"y":0.01,"skX":-70.8583,"skY":-70.864,"scX":1.0149,"scY":0.9967,"x":50.91},"parent":"thigh_1_l","inheritScale":0,"name":"calf_l"},{"inheritRotation":0,"length":100,"transform":{"y":-13.37,"skX":90,"skY":90,"x":-20.82},"parent":"chest","inheritScale":0,"name":"effects_f"},{"length":66,"transform":{"y":-0.02,"skX":-88.4874,"skY":-88.4933,"scX":0.9852,"scY":0.9996,"x":53.26},"parent":"thigh_1_r","inheritScale":0,"name":"calf_r"},{"length":100,"transform":{"skX":180,"skY":180,"scX":0.9982,"scY":0.9994,"x":5.98},"parent":"shouder_r","inheritScale":0,"name":"weapon_r"},{"length":100,"transform":{"y":0.04,"skX":180,"skY":180,"scX":0.998,"scY":0.9993,"x":5.6},"parent":"shouder_l","inheritScale":0,"name":"weapon_l"}],"type":"Armature","frameRate":24,"aabb":{"width":176.64362862645802,"y":-233.80623389915854,"height":281.5540549156089,"x":-95.10679917154837},"slot":[{"name":"shouder_l","parent":"shouder_l","color":{}},{"z":1,"name":"foot_l","parent":"foot_l","color":{}},{"z":2,"name":"thigh_1_l","parent":"thigh_1_l","color":{}},{"z":3,"name":"calf_l","parent":"calf_l","color":{}},{"z":4,"name":"thigh_l","parent":"thigh_l","color":{}},{"z":5,"name":"pelvis","parent":"pelvis","color":{}},{"z":6,"name":"chest","parent":"chest","color":{}},{"z":7,"name":"foot_r","parent":"foot_r","color":{}},{"z":8,"name":"thigh_1_r","parent":"thigh_1_r","color":{}},{"z":9,"name":"calf_r","parent":"calf_r","color":{}},{"z":10,"name":"thigh_r","parent":"thigh_r","color":{}},{"z":11,"name":"shouder_r","parent":"shouder_r","color":{}}],"defaultActions":[{"gotoAndPlay":"empty"}],"name":"skin_a","ik":[{"bone":"calf_l","chain":1,"bendPositive":"false","name":"calf_l","target":"foot_l"},{"bone":"calf_r","chain":1,"bendPositive":"false","name":"calf_r","target":"foot_r"}],"animation":[{"duration":0,"frame":[],"ffd":[],"bone":[{"frame":[{"duration":0,"transform":{},"tweenEasing":null}],"name":"root"},{"frame":[{"duration":0,"transform":{},"tweenEasing":null}],"name":"foot_l"},{"frame":[{"duration":0,"transform":{},"tweenEasing":null}],"name":"thigh_l"},{"frame":[{"duration":0,"transform":{},"tweenEasing":null}],"name":"thigh_r"},{"frame":[{"duration":0,"transform":{},"tweenEasing":null}],"name":"pelvis"},{"frame":[{"duration":0,"transform":{},"tweenEasing":null}],"name":"foot_r"},{"frame":[{"duration":0,"transform":{},"tweenEasing":null}],"name":"thigh_1_l"},{"frame":[{"duration":0,"transform":{},"tweenEasing":null}],"name":"chest"},{"frame":[{"duration":0,"transform":{},"tweenEasing":null}],"name":"thigh_1_r"},{"frame":[{"duration":0,"transform":{},"tweenEasing":null}],"name":"shouder_r"},{"frame":[{"duration":0,"transform":{},"tweenEasing":null}],"name":"shouder_l"},{"frame":[{"duration":0,"transform":{},"tweenEasing":null}],"name":"effects_b"},{"frame":[{"duration":0,"transform":{},"tweenEasing":null}],"name":"calf_l"},{"frame":[{"duration":0,"transform":{},"tweenEasing":null}],"name":"effects_f"},{"frame":[{"duration":0,"transform":{},"tweenEasing":null}],"name":"calf_r"},{"frame":[{"duration":0,"transform":{},"tweenEasing":null}],"name":"weapon_r"},{"frame":[{"duration":0,"transform":{},"tweenEasing":null}],"name":"weapon_l"}],"slot":[],"name":"empty","playTimes":0}]},{"skin":[{"name":"","slot":[{"display":[{"type":"image","name":"mecha_1003_folder/calf_r_0","transform":{"y":2.1179,"x":27.5723}}],"name":"calf_r"},{"display":[{"type":"image","name":"mecha_1008d_folder/thigh_r_0","transform":{"y":0.8121,"x":21.8806}}],"name":"thigh_r"},{"display":[{"type":"image","name":"mecha_1003_folder/foot_r_0","transform":{"y":10.5628,"skX":90,"skY":90}}],"name":"foot_r"},{"display":[{"type":"image","name":"mecha_1008d_folder/thigh_l_0","transform":{"y":-0.794,"x":21.2746}}],"name":"thigh_l"},{"display":[{"type":"image","name":"mecha_1003_folder/calf_l_0","transform":{"y":3.7974,"x":25.8031}}],"name":"calf_l"},{"display":[{"type":"image","name":"mecha_1502b_folder/thigh_1_r_1","transform":{"y":-1.9,"skX":0.438,"skY":0.438,"x":21.55}}],"name":"thigh_1_r"},{"display":[{"type":"image","name":"mecha_1502b_folder/thigh_1_l_0","transform":{"y":-2.95,"skX":0.1119,"skY":0.1128,"x":23}}],"name":"thigh_1_l"},{"display":[{"type":"image","name":"mecha_1502b_folder/pelvis","transform":{"y":7.5,"x":3.5}}],"name":"pelvis"},{"display":[{"type":"image","name":"mecha_1003_folder/foot_l_0","transform":{"y":10.132,"skX":90,"skY":90,"x":-0.2792}}],"name":"foot_l"}]}],"bone":[{"transform":{},"name":"root"},{"length":20,"transform":{"y":-25,"scX":0.9955,"x":62.85},"parent":"root","inheritScale":0,"name":"foot_l"},{"length":40,"transform":{"y":-133.55,"skX":21.9887,"skY":21.9887,"scX":0.9995,"scY":0.9977,"x":8.3},"parent":"root","inheritScale":0,"name":"thigh_l"},{"length":42,"transform":{"y":-112.45,"skX":69.8809,"skY":69.8854,"scX":0.9876,"scY":0.9979,"x":-8.55},"parent":"root","inheritScale":0,"name":"thigh_r"},{"length":20,"transform":{"y":-123.15,"skX":-89.9991,"skY":-89.9991},"parent":"root","inheritScale":0,"name":"pelvis"},{"length":20,"transform":{"y":-4,"scX":0.9955,"x":-43.8},"parent":"root","inheritScale":0,"name":"foot_r"},{"length":50,"transform":{"y":-0.04,"skX":97.9614,"skY":97.9621,"scX":0.9894,"scY":0.9971,"x":40.11},"parent":"thigh_l","inheritScale":0,"name":"thigh_1_l"},{"length":20,"transform":{"skX":-90,"skY":-90,"x":13.75},"parent":"pelvis","inheritScale":0,"name":"chest"},{"length":53,"transform":{"y":-0.01,"skX":105.4235,"skY":105.423,"scX":0.9984,"scY":0.9995,"x":41.52},"parent":"thigh_r","inheritScale":0,"name":"thigh_1_r"},{"length":20,"transform":{"y":31.28,"scX":0.9965,"scY":0.9969,"x":13.74},"parent":"chest","inheritScale":0,"name":"shouder_r"},{"length":20,"transform":{"y":46.59,"scX":0.9965,"scY":0.9969,"x":-2.41},"parent":"chest","inheritScale":0,"name":"shouder_l"},{"inheritRotation":0,"length":100,"transform":{"y":3.13,"skX":130,"skY":130,"x":11.65},"parent":"chest","inheritScale":0,"name":"effects_b"},{"length":64,"transform":{"y":0.01,"skX":-70.8583,"skY":-70.864,"scX":1.0149,"scY":0.9967,"x":50.91},"parent":"thigh_1_l","inheritScale":0,"name":"calf_l"},{"inheritRotation":0,"length":100,"transform":{"y":-13.37,"skX":90,"skY":90,"x":-20.82},"parent":"chest","inheritScale":0,"name":"effects_f"},{"length":66,"transform":{"y":-0.02,"skX":-88.4874,"skY":-88.4933,"scX":0.9852,"scY":0.9996,"x":53.26},"parent":"thigh_1_r","inheritScale":0,"name":"calf_r"},{"length":100,"transform":{"skX":180,"skY":180,"scX":0.9982,"scY":0.9994,"x":5.98},"parent":"shouder_r","inheritScale":0,"name":"weapon_r"},{"length":100,"transform":{"y":0.04,"skX":180,"skY":180,"scX":0.998,"scY":0.9993,"x":5.6},"parent":"shouder_l","inheritScale":0,"name":"weapon_l"}],"type":"Armature","frameRate":24,"aabb":{"width":181.67820326799887,"y":-159.1498821898437,"height":216.2126923697017,"x":-95.3644576640574},"slot":[{"name":"foot_l","parent":"foot_l","color":{}},{"z":1,"name":"thigh_1_l","parent":"thigh_1_l","color":{}},{"z":2,"name":"calf_l","parent":"calf_l","color":{}},{"z":3,"name":"thigh_l","parent":"thigh_l","color":{}},{"z":4,"name":"pelvis","parent":"pelvis","color":{}},{"z":5,"name":"foot_r","parent":"foot_r","color":{}},{"z":6,"name":"thigh_1_r","parent":"thigh_1_r","color":{}},{"z":7,"name":"calf_r","parent":"calf_r","color":{}},{"z":8,"name":"thigh_r","parent":"thigh_r","color":{}}],"defaultActions":[{"gotoAndPlay":"newAnimation"}],"name":"skin_b","ik":[{"bone":"calf_l","chain":1,"bendPositive":"false","name":"calf_l","target":"foot_l"},{"bone":"calf_r","chain":1,"bendPositive":"false","name":"calf_r","target":"foot_r"}],"animation":[{"duration":0,"frame":[],"ffd":[],"bone":[{"frame":[{"duration":0,"transform":{},"tweenEasing":null}],"name":"root"},{"frame":[{"duration":0,"transform":{},"tweenEasing":null}],"name":"foot_l"},{"frame":[{"duration":0,"transform":{},"tweenEasing":null}],"name":"thigh_l"},{"frame":[{"duration":0,"transform":{},"tweenEasing":null}],"name":"thigh_r"},{"frame":[{"duration":0,"transform":{},"tweenEasing":null}],"name":"pelvis"},{"frame":[{"duration":0,"transform":{},"tweenEasing":null}],"name":"foot_r"},{"frame":[{"duration":0,"transform":{},"tweenEasing":null}],"name":"thigh_1_l"},{"frame":[{"duration":0,"transform":{},"tweenEasing":null}],"name":"chest"},{"frame":[{"duration":0,"transform":{},"tweenEasing":null}],"name":"thigh_1_r"},{"frame":[{"duration":0,"transform":{},"tweenEasing":null}],"name":"shouder_r"},{"frame":[{"duration":0,"transform":{},"tweenEasing":null}],"name":"shouder_l"},{"frame":[{"duration":0,"transform":{},"tweenEasing":null}],"name":"effects_b"},{"frame":[{"duration":0,"transform":{},"tweenEasing":null}],"name":"calf_l"},{"frame":[{"duration":0,"transform":{},"tweenEasing":null}],"name":"effects_f"},{"frame":[{"duration":0,"transform":{},"tweenEasing":null}],"name":"calf_r"},{"frame":[{"duration":0,"transform":{},"tweenEasing":null}],"name":"weapon_r"},{"frame":[{"duration":0,"transform":{},"tweenEasing":null}],"name":"weapon_l"}],"slot":[],"name":"newAnimation","playTimes":0}]},{"skin":[{"name":"","slot":[{"display":[{"type":"image","name":"mecha_1003d_folder/calf_l_0","transform":{"y":1.8851,"x":27.6888}}],"name":"calf_l"},{"display":[{"type":"image","name":"mecha_1502b_folder/thigh_1_r_1","transform":{"y":-1.9,"skX":0.438,"skY":0.438,"x":21.55}}],"name":"thigh_1_r"},{"display":[{"type":"image","name":"mecha_1007d_folder/foot_l_1","transform":{"y":9.6443,"skX":90,"skY":90,"x":6.2003}}],"name":"foot_l"},{"display":[{"type":"image","name":"mecha_1004d_folder/chest_1","transform":{"y":52.0796,"skX":90,"skY":90,"x":-10.0293}}],"name":"chest"},{"display":[{"type":"image","name":"mecha_1004d_folder/shouder_r_2","transform":{"y":-3.0957,"skX":-90,"skY":-90,"x":-5.4198}}],"name":"shouder_r"},{"display":[{"type":"image","name":"mecha_1007d_folder/thigh_l_0","transform":{"y":-0.447,"x":26.8758}}],"name":"thigh_l"},{"display":[{"type":"image","name":"mecha_1003d_folder/calf_r_0","transform":{"y":1.2965,"x":29.7327}}],"name":"calf_r"},{"display":[{"type":"image","name":"mecha_1502b_folder/thigh_1_l_0","transform":{"y":-2.95,"skX":0.1119,"skY":0.1128,"x":23}}],"name":"thigh_1_l"},{"display":[{"type":"image","name":"mecha_1007d_folder/foot_r_0","transform":{"y":11.1489,"skX":90,"skY":90,"x":7.3628}}],"name":"foot_r"},{"display":[{"type":"image","name":"mecha_1004d_folder/shouder_l_2","transform":{"y":-1.1608,"skX":-90,"skY":-90,"x":-7.7426}}],"name":"shouder_l"},{"display":[{"type":"image","name":"mecha_1502b_folder/pelvis","transform":{"y":7.5,"x":3.5}}],"name":"pelvis"},{"display":[{"type":"image","name":"mecha_1007d_folder/thigh_r_0","transform":{"y":1.6378,"x":22.6896}}],"name":"thigh_r"}]}],"bone":[{"transform":{},"name":"root"},{"length":20,"transform":{"y":-25,"scX":0.9955,"x":62.85},"parent":"root","inheritScale":0,"name":"foot_l"},{"length":40,"transform":{"y":-133.55,"skX":21.9887,"skY":21.9887,"scX":0.9995,"scY":0.9977,"x":8.3},"parent":"root","inheritScale":0,"name":"thigh_l"},{"length":42,"transform":{"y":-112.45,"skX":69.8809,"skY":69.8854,"scX":0.9876,"scY":0.9979,"x":-8.55},"parent":"root","inheritScale":0,"name":"thigh_r"},{"length":20,"transform":{"y":-123.15,"skX":-89.9991,"skY":-89.9991},"parent":"root","inheritScale":0,"name":"pelvis"},{"length":20,"transform":{"y":-4,"scX":0.9955,"x":-43.8},"parent":"root","inheritScale":0,"name":"foot_r"},{"length":50,"transform":{"y":-0.04,"skX":97.9614,"skY":97.9621,"scX":0.9894,"scY":0.9971,"x":40.11},"parent":"thigh_l","inheritScale":0,"name":"thigh_1_l"},{"length":20,"transform":{"skX":-90,"skY":-90,"x":13.75},"parent":"pelvis","inheritScale":0,"name":"chest"},{"length":53,"transform":{"y":-0.01,"skX":105.4235,"skY":105.423,"scX":0.9984,"scY":0.9995,"x":41.52},"parent":"thigh_r","inheritScale":0,"name":"thigh_1_r"},{"length":20,"transform":{"y":31.28,"scX":0.9965,"scY":0.9969,"x":13.74},"parent":"chest","inheritScale":0,"name":"shouder_r"},{"length":20,"transform":{"y":46.59,"scX":0.9965,"scY":0.9969,"x":-2.41},"parent":"chest","inheritScale":0,"name":"shouder_l"},{"inheritRotation":0,"length":100,"transform":{"y":3.13,"skX":130,"skY":130,"x":11.65},"parent":"chest","inheritScale":0,"name":"effects_b"},{"length":64,"transform":{"y":0.01,"skX":-70.8583,"skY":-70.864,"scX":1.0149,"scY":0.9967,"x":50.91},"parent":"thigh_1_l","inheritScale":0,"name":"calf_l"},{"inheritRotation":0,"length":100,"transform":{"y":-13.37,"skX":90,"skY":90,"x":-20.82},"parent":"chest","inheritScale":0,"name":"effects_f"},{"length":66,"transform":{"y":-0.02,"skX":-88.4874,"skY":-88.4933,"scX":0.9852,"scY":0.9996,"x":53.26},"parent":"thigh_1_r","inheritScale":0,"name":"calf_r"},{"length":100,"transform":{"skX":180,"skY":180,"scX":0.9982,"scY":0.9994,"x":5.98},"parent":"shouder_r","inheritScale":0,"name":"weapon_r"},{"length":100,"transform":{"y":0.04,"skX":180,"skY":180,"scX":0.998,"scY":0.9993,"x":5.6},"parent":"shouder_l","inheritScale":0,"name":"weapon_l"}],"type":"Armature","frameRate":24,"aabb":{"width":187.45307710983226,"y":-280.97944052980597,"height":328.6282985398831,"x":-95.92274665260345},"slot":[{"name":"shouder_l","parent":"shouder_l","color":{}},{"z":1,"name":"foot_l","parent":"foot_l","color":{}},{"z":2,"name":"thigh_1_l","parent":"thigh_1_l","color":{}},{"z":3,"name":"calf_l","parent":"calf_l","color":{}},{"z":4,"name":"thigh_l","parent":"thigh_l","color":{}},{"z":5,"name":"pelvis","parent":"pelvis","color":{}},{"z":6,"name":"chest","parent":"chest","color":{}},{"z":7,"name":"foot_r","parent":"foot_r","color":{}},{"z":8,"name":"thigh_1_r","parent":"thigh_1_r","color":{}},{"z":9,"name":"calf_r","parent":"calf_r","color":{}},{"z":10,"name":"thigh_r","parent":"thigh_r","color":{}},{"z":11,"name":"shouder_r","parent":"shouder_r","color":{}}],"defaultActions":[{"gotoAndPlay":"newAnimation"}],"name":"skin_c","ik":[{"bone":"calf_l","chain":1,"bendPositive":"false","name":"calf_l","target":"foot_l"},{"bone":"calf_r","chain":1,"bendPositive":"false","name":"calf_r","target":"foot_r"}],"animation":[{"duration":0,"frame":[],"ffd":[],"bone":[{"frame":[{"duration":0,"transform":{},"tweenEasing":null}],"name":"root"},{"frame":[{"duration":0,"transform":{},"tweenEasing":null}],"name":"foot_l"},{"frame":[{"duration":0,"transform":{},"tweenEasing":null}],"name":"thigh_l"},{"frame":[{"duration":0,"transform":{},"tweenEasing":null}],"name":"thigh_r"},{"frame":[{"duration":0,"transform":{},"tweenEasing":null}],"name":"pelvis"},{"frame":[{"duration":0,"transform":{},"tweenEasing":null}],"name":"foot_r"},{"frame":[{"duration":0,"transform":{},"tweenEasing":null}],"name":"thigh_1_l"},{"frame":[{"duration":0,"transform":{},"tweenEasing":null}],"name":"chest"},{"frame":[{"duration":0,"transform":{},"tweenEasing":null}],"name":"thigh_1_r"},{"frame":[{"duration":0,"transform":{},"tweenEasing":null}],"name":"shouder_r"},{"frame":[{"duration":0,"transform":{},"tweenEasing":null}],"name":"shouder_l"},{"frame":[{"duration":0,"transform":{},"tweenEasing":null}],"name":"effects_b"},{"frame":[{"duration":0,"transform":{},"tweenEasing":null}],"name":"calf_l"},{"frame":[{"duration":0,"transform":{},"tweenEasing":null}],"name":"effects_f"},{"frame":[{"duration":0,"transform":{},"tweenEasing":null}],"name":"calf_r"},{"frame":[{"duration":0,"transform":{},"tweenEasing":null}],"name":"weapon_r"},{"frame":[{"duration":0,"transform":{},"tweenEasing":null}],"name":"weapon_l"}],"slot":[],"name":"newAnimation","playTimes":0}]}],"name":"skin_1502b","version":"5.0"}