{"frameRate":24,"armature":[{"skin":[{"name":"","slot":[{"display":[{"type":"image","name":"weapon_1005_folder/weapon_r_0","transform":{"y":-1,"x":-29.5}}],"name":"back"},{"display":[{"type":"image","name":"weapon_1005_folder/a_folder/boss_zhl.0001","transform":{"y":-1.9018,"skX":-2.0013,"x":42.5517,"skY":-2.0013}},{"type":"image","name":"weapon_1005_folder/a_folder/boss_zhl.0002","transform":{"y":-1.9018,"skX":-2.0013,"x":42.5517,"skY":-2.0013}},{"type":"image","name":"weapon_1005_folder/a_folder/boss_zhl.0003","transform":{"y":-1.9018,"skX":-2.0013,"x":42.5517,"skY":-2.0013}},{"type":"image","name":"weapon_1005_folder/a_folder/boss_zhl.0004","transform":{"y":-1.9018,"skX":-2.0013,"x":42.5517,"skY":-2.0013}},{"type":"image","name":"weapon_1005_folder/a_folder/boss_zhl.0005","transform":{"y":-1.9018,"skX":-2.0013,"x":42.5517,"skY":-2.0013}}],"name":"front"}]}],"aabb":{"width":150.05171561035348,"y":-21,"height":40,"x":-67},"type":"Armature","name":"weapon_1005","slot":[{"name":"back","parent":"root","color":{}},{"z":1,"name":"front","parent":"root","color":{}}],"ik":[],"animation":[{"ffd":[],"frame":[],"bone":[{"frame":[{"tweenEasing":null,"duration":1,"transform":{}}],"name":"fire"},{"frame":[{"tweenEasing":null,"duration":1,"transform":{}}],"name":"root"}],"slot":[],"name":"idle","duration":1,"playTimes":0},{"ffd":[],"frame":[],"bone":[{"frame":[{"tweenEasing":null,"duration":5,"transform":{}}],"name":"fire"},{"frame":[{"tweenEasing":null,"duration":5,"transform":{}}],"name":"root"}],"slot":[{"frame":[{"color":{},"tweenEasing":null,"duration":1},{"color":{},"tweenEasing":null,"duration":1,"displayIndex":1},{"color":{},"tweenEasing":null,"duration":1,"displayIndex":2},{"color":{},"tweenEasing":null,"duration":1,"displayIndex":3},{"color":{},"tweenEasing":null,"duration":1,"displayIndex":4},{"color":{},"tweenEasing":null,"duration":0}],"name":"front"}],"name":"prepare_01","duration":5,"playTimes":0},{"ffd":[],"frame":[{"tweenEasing":null,"duration":0,"events":[{"name":"fire","bone":"fire"}]}],"bone":[{"frame":[{"tweenEasing":null,"duration":2,"transform":{}}],"name":"fire"},{"frame":[{"tweenEasing":null,"duration":2,"transform":{}}],"name":"root"}],"slot":[{"frame":[{"color":{},"tweenEasing":null,"duration":1},{"color":{},"tweenEasing":null,"duration":1,"displayIndex":2},{"color":{},"tweenEasing":null,"duration":0,"displayIndex":4}],"name":"front"}],"name":"fire_01","duration":2}],"defaultActions":[{"gotoAndPlay":"idle"}],"bone":[{"name":"root","transform":{}},{"inheritScale":0,"transform":{"y":-11,"x":81},"name":"fire","parent":"root"}],"frameRate":24},{"skin":[{"name":"","slot":[{"display":[{"type":"image","name":"weapon_1005_folder/b_folder/0","transform":{"skX":0.0009,"x":0.05,"skY":0.0009}},{"type":"image","name":"weapon_1005_folder/b_folder/1","transform":{"skX":0.0009,"x":0.05,"skY":0.0009}},{"type":"image","name":"weapon_1005_folder/b_folder/2","transform":{"skX":0.0009,"skY":0.0009}},{"type":"image","name":"weapon_1005_folder/b_folder/3","transform":{"skX":0.0009,"skY":0.0009}},{"type":"image","name":"weapon_1005_folder/b_folder/4","transform":{"y":-0.5,"skX":0.0009,"skY":0.0009}}],"name":"front"},{"display":[{"type":"image","name":"weapon_1005_folder/weapon_r_1","transform":{"y":-2,"x":-23.5}}],"name":"back"}]}],"aabb":{"width":184.0499391617343,"y":-32,"height":60,"x":-76},"type":"Armature","name":"weapon_1005b","slot":[{"name":"back","parent":"root","color":{}},{"z":1,"name":"front","parent":"front","color":{}}],"ik":[],"animation":[{"ffd":[],"frame":[],"bone":[{"frame":[{"tweenEasing":null,"duration":1,"transform":{}}],"name":"fire"},{"frame":[{"tweenEasing":null,"duration":1,"transform":{}}],"name":"root"},{"frame":[{"tweenEasing":null,"duration":1,"transform":{}}],"name":"front"}],"slot":[],"name":"idle","duration":1,"playTimes":0},{"ffd":[],"frame":[],"bone":[{"frame":[{"tweenEasing":null,"duration":5,"transform":{}}],"name":"fire"},{"frame":[{"tweenEasing":null,"duration":5,"transform":{}}],"name":"root"},{"frame":[{"tweenEasing":null,"duration":1,"transform":{}},{"tweenEasing":null,"duration":1,"transform":{"y":0.05,"x":-0.5}},{"tweenEasing":null,"duration":1,"transform":{"y":0.05,"x":0.1}},{"tweenEasing":null,"duration":1,"transform":{"y":-0.95}},{"tweenEasing":null,"duration":1,"transform":{"y":-0.45}},{"tweenEasing":null,"duration":0,"transform":{}}],"name":"front"}],"slot":[{"frame":[{"color":{},"tweenEasing":null,"duration":1},{"color":{},"tweenEasing":null,"duration":1,"displayIndex":1},{"color":{},"tweenEasing":null,"duration":1,"displayIndex":2},{"color":{},"tweenEasing":null,"duration":1,"displayIndex":3},{"color":{},"tweenEasing":null,"duration":1,"displayIndex":4},{"color":{},"tweenEasing":null,"duration":0}],"name":"front"}],"name":"prepare_01","duration":5,"playTimes":0},{"ffd":[],"frame":[{"tweenEasing":null,"duration":0,"events":[{"name":"fire","bone":"fire"}]}],"bone":[{"frame":[{"tweenEasing":null,"duration":2,"transform":{}}],"name":"fire"},{"frame":[{"tweenEasing":null,"duration":2,"transform":{}}],"name":"root"},{"frame":[{"tweenEasing":null,"duration":1,"transform":{}},{"tweenEasing":null,"duration":1,"transform":{"y":0.05,"x":0.1}},{"tweenEasing":null,"duration":0,"transform":{"y":-0.45}}],"name":"front"}],"slot":[{"frame":[{"color":{},"tweenEasing":null,"duration":1},{"color":{},"tweenEasing":null,"duration":1,"displayIndex":2},{"color":{},"tweenEasing":null,"duration":0,"displayIndex":4}],"name":"front"}],"name":"fire_01","duration":2}],"defaultActions":[{"gotoAndPlay":"idle"}],"bone":[{"name":"root","transform":{}},{"inheritScale":0,"transform":{"y":-13,"x":104},"name":"fire","parent":"root"},{"inheritScale":0,"transform":{"y":-1.4,"skX":-2.7082,"x":53,"skY":-2.7082},"name":"front","parent":"root"}],"frameRate":24},{"skin":[{"name":"","slot":[{"display":[{"type":"image","name":"weapon_1005_folder/weapon_r_2","transform":{"y":-2,"x":-29}}],"name":"back"},{"display":[{"type":"image","name":"weapon_1005_folder/c_folder/0","transform":{"y":0.05,"skX":-0.0009,"skY":-0.0009}},{"type":"image","name":"weapon_1005_folder/c_folder/1","transform":{"y":0.05,"skX":-0.0009,"skY":-0.0009}},{"type":"image","name":"weapon_1005_folder/c_folder/2","transform":{"y":0.05,"skX":-0.0009,"skY":-0.0009}},{"type":"image","name":"weapon_1005_folder/c_folder/3","transform":{"y":0.05,"skX":-0.0009,"skY":-0.0009}},{"type":"image","name":"weapon_1005_folder/c_folder/4","transform":{"y":0.05,"skX":-0.0009,"x":0.05,"skY":-0.0009}}],"name":"front"}]}],"aabb":{"width":219.10213580747967,"y":-34,"height":64,"x":-83},"type":"Armature","name":"weapon_1005c","slot":[{"name":"back","parent":"root","color":{}},{"z":1,"name":"front","parent":"front","color":{}}],"ik":[],"animation":[{"ffd":[],"frame":[],"bone":[{"frame":[{"tweenEasing":null,"duration":1,"transform":{}}],"name":"front"},{"frame":[{"tweenEasing":null,"duration":1,"transform":{}}],"name":"fire"},{"frame":[{"tweenEasing":null,"duration":1,"transform":{}}],"name":"root"}],"slot":[],"name":"idle","duration":1,"playTimes":0},{"ffd":[],"frame":[],"bone":[{"frame":[{"tweenEasing":null,"duration":2,"transform":{}},{"tweenEasing":null,"duration":1,"transform":{"y":-0.5}},{"tweenEasing":null,"duration":1,"transform":{"y":-0.5,"x":-0.05}},{"tweenEasing":null,"duration":1,"transform":{}},{"tweenEasing":null,"duration":0,"transform":{}}],"name":"front"},{"frame":[{"tweenEasing":null,"duration":5,"transform":{}}],"name":"fire"},{"frame":[{"tweenEasing":null,"duration":5,"transform":{}}],"name":"root"}],"slot":[{"frame":[{"color":{},"tweenEasing":null,"duration":1},{"color":{},"tweenEasing":null,"duration":1,"displayIndex":1},{"color":{},"tweenEasing":null,"duration":1,"displayIndex":2},{"color":{},"tweenEasing":null,"duration":1,"displayIndex":3},{"color":{},"tweenEasing":null,"duration":1,"displayIndex":4},{"color":{},"tweenEasing":null,"duration":0}],"name":"front"}],"name":"prepare_01","duration":5,"playTimes":0},{"ffd":[],"frame":[{"tweenEasing":null,"duration":0,"events":[{"name":"fire","bone":"fire"}]}],"bone":[{"frame":[{"tweenEasing":null,"duration":1,"transform":{}},{"tweenEasing":null,"duration":1,"transform":{"y":-0.5}},{"tweenEasing":null,"duration":0,"transform":{}}],"name":"front"},{"frame":[{"tweenEasing":null,"duration":2,"transform":{}}],"name":"fire"},{"frame":[{"tweenEasing":null,"duration":2,"transform":{}}],"name":"root"}],"slot":[{"frame":[{"color":{},"tweenEasing":null,"duration":1},{"color":{},"tweenEasing":null,"duration":1,"displayIndex":2},{"color":{},"tweenEasing":null,"duration":0,"displayIndex":4}],"name":"front"}],"name":"fire_01","duration":2}],"defaultActions":[{"gotoAndPlay":"idle"}],"bone":[{"name":"root","transform":{}},{"inheritScale":0,"transform":{"y":-1.4,"skX":-2.4482,"x":68.1,"skY":-2.4482},"name":"front","parent":"root"},{"inheritScale":0,"transform":{"y":-12,"x":133},"name":"fire","parent":"root"}],"frameRate":24},{"skin":[{"name":"","slot":[{"display":[{"type":"image","name":"weapon_1005_folder/weapon_r_3","transform":{"y":-5.5,"x":-38}}],"name":"back"},{"display":[{"type":"image","name":"weapon_1005_folder/c_folder/0","transform":{"y":0.05,"skX":-0.0009,"skY":-0.0009}},{"type":"image","name":"weapon_1005_folder/c_folder/1","transform":{"y":0.05,"skX":-0.0009,"skY":-0.0009}},{"type":"image","name":"weapon_1005_folder/c_folder/2","transform":{"y":0.05,"skX":-0.0009,"skY":-0.0009}},{"type":"image","name":"weapon_1005_folder/c_folder/3","transform":{"y":0.05,"skX":-0.0009,"skY":-0.0009}},{"type":"image","name":"weapon_1005_folder/c_folder/4","transform":{"y":0.05,"skX":-0.0009,"x":0.05,"skY":-0.0009}}],"name":"front"}]}],"aabb":{"width":275.10213580747967,"y":-40,"height":69,"x":-139},"type":"Armature","name":"weapon_1005d","slot":[{"name":"front","parent":"front","color":{}},{"z":1,"name":"back","parent":"root","color":{}}],"ik":[],"animation":[{"ffd":[],"frame":[],"bone":[{"frame":[{"tweenEasing":null,"duration":1,"transform":{}}],"name":"front"},{"frame":[{"tweenEasing":null,"duration":1,"transform":{}}],"name":"fire"},{"frame":[{"tweenEasing":null,"duration":1,"transform":{}}],"name":"root"}],"slot":[],"name":"idle","duration":1,"playTimes":0},{"ffd":[],"frame":[],"bone":[{"frame":[{"tweenEasing":null,"duration":2,"transform":{}},{"tweenEasing":null,"duration":1,"transform":{"y":-0.5}},{"tweenEasing":null,"duration":1,"transform":{"y":-0.5,"x":-0.05}},{"tweenEasing":null,"duration":1,"transform":{}},{"tweenEasing":null,"duration":0,"transform":{}}],"name":"front"},{"frame":[{"tweenEasing":null,"duration":5,"transform":{}}],"name":"fire"},{"frame":[{"tweenEasing":null,"duration":5,"transform":{}}],"name":"root"}],"slot":[{"frame":[{"color":{},"tweenEasing":null,"duration":1},{"color":{},"tweenEasing":null,"duration":1,"displayIndex":1},{"color":{},"tweenEasing":null,"duration":1,"displayIndex":2},{"color":{},"tweenEasing":null,"duration":1,"displayIndex":3},{"color":{},"tweenEasing":null,"duration":1,"displayIndex":4},{"color":{},"tweenEasing":null,"duration":0}],"name":"front"}],"name":"prepare_01","duration":5,"playTimes":0},{"ffd":[],"frame":[{"tweenEasing":null,"duration":0,"events":[{"name":"fire","bone":"fire"}]}],"bone":[{"frame":[{"tweenEasing":null,"duration":1,"transform":{}},{"tweenEasing":null,"duration":1,"transform":{"y":-0.5}},{"tweenEasing":null,"duration":0,"transform":{}}],"name":"front"},{"frame":[{"tweenEasing":null,"duration":2,"transform":{}}],"name":"fire"},{"frame":[{"tweenEasing":null,"duration":2,"transform":{}}],"name":"root"}],"slot":[{"frame":[{"color":{},"tweenEasing":null,"duration":1},{"color":{},"tweenEasing":null,"duration":1,"displayIndex":2},{"color":{},"tweenEasing":null,"duration":0,"displayIndex":4}],"name":"front"}],"name":"fire_01","duration":2}],"defaultActions":[{"gotoAndPlay":"idle"}],"bone":[{"name":"root","transform":{}},{"inheritScale":0,"transform":{"y":-1.4,"skX":-2.4482,"x":68.1,"skY":-2.4482},"name":"front","parent":"root"},{"inheritScale":0,"transform":{"y":-12,"x":133},"name":"fire","parent":"root"}],"frameRate":24},{"skin":[{"name":"","slot":[{"display":[{"type":"image","name":"weapon_1005_folder/c_folder/0","transform":{"y":0.05,"skX":-0.0009,"skY":-0.0009}},{"type":"image","name":"weapon_1005_folder/c_folder/1","transform":{"y":0.05,"skX":-0.0009,"skY":-0.0009}},{"type":"image","name":"weapon_1005_folder/c_folder/2","transform":{"y":0.05,"skX":-0.0009,"skY":-0.0009}},{"type":"image","name":"weapon_1005_folder/c_folder/3","transform":{"y":0.05,"skX":-0.0009,"skY":-0.0009}},{"type":"image","name":"weapon_1005_folder/c_folder/4","transform":{"y":0.05,"skX":-0.0009,"x":0.05,"skY":-0.0009}}],"name":"front"},{"display":[{"type":"image","name":"weapon_1005_folder/weapon_r_4","transform":{"y":-2,"x":-18}}],"name":"back"}]}],"aabb":{"width":352.10213580747967,"y":-40,"height":76,"x":-158},"type":"Armature","name":"weapon_1005e","slot":[{"name":"front","parent":"front","color":{}},{"z":1,"name":"back","parent":"root","color":{}}],"ik":[],"animation":[{"ffd":[],"frame":[],"bone":[{"frame":[{"tweenEasing":null,"duration":1,"transform":{}}],"name":"front"},{"frame":[{"tweenEasing":null,"duration":1,"transform":{}}],"name":"fire"},{"frame":[{"tweenEasing":null,"duration":1,"transform":{}}],"name":"root"}],"slot":[],"name":"idle","duration":1,"playTimes":0},{"ffd":[],"frame":[],"bone":[{"frame":[{"tweenEasing":null,"duration":2,"transform":{}},{"tweenEasing":null,"duration":1,"transform":{"y":-0.5}},{"tweenEasing":null,"duration":1,"transform":{"y":-0.5,"x":-0.05}},{"tweenEasing":null,"duration":1,"transform":{}},{"tweenEasing":null,"duration":0,"transform":{}}],"name":"front"},{"frame":[{"tweenEasing":null,"duration":5,"transform":{}}],"name":"fire"},{"frame":[{"tweenEasing":null,"duration":5,"transform":{}}],"name":"root"}],"slot":[{"frame":[{"color":{},"tweenEasing":null,"duration":1},{"color":{},"tweenEasing":null,"duration":1,"displayIndex":1},{"color":{},"tweenEasing":null,"duration":1,"displayIndex":2},{"color":{},"tweenEasing":null,"duration":1,"displayIndex":3},{"color":{},"tweenEasing":null,"duration":1,"displayIndex":4},{"color":{},"tweenEasing":null,"duration":0}],"name":"front"}],"name":"prepare_01","duration":5,"playTimes":0},{"ffd":[],"frame":[{"tweenEasing":null,"duration":0,"events":[{"name":"fire","bone":"fire"}]}],"bone":[{"frame":[{"tweenEasing":null,"duration":1,"transform":{}},{"tweenEasing":null,"duration":1,"transform":{"y":-0.5}},{"tweenEasing":null,"duration":0,"transform":{}}],"name":"front"},{"frame":[{"tweenEasing":null,"duration":2,"transform":{}}],"name":"fire"},{"frame":[{"tweenEasing":null,"duration":2,"transform":{}}],"name":"root"}],"slot":[{"frame":[{"color":{},"tweenEasing":null,"duration":1},{"color":{},"tweenEasing":null,"duration":1,"displayIndex":2},{"color":{},"tweenEasing":null,"duration":0,"displayIndex":4}],"name":"front"}],"name":"fire_01","duration":2}],"defaultActions":[{"gotoAndPlay":"idle"}],"bone":[{"name":"root","transform":{}},{"inheritScale":0,"transform":{"y":-0.4,"skX":-2.4482,"x":126.1,"skY":-2.4482},"name":"front","parent":"root"},{"inheritScale":0,"transform":{"y":-11,"x":191},"name":"fire","parent":"root"}],"frameRate":24}],"isGlobal":0,"name":"weapon_1000","version":"5.0"}