{
  "Defaults": {},
  "Thresholding_hls_0": {
    "PE": 1,
    "ram_style": "distributed"
  },
  "ConvolutionInputGenerator_rtl_0": {
    "SIMD": 3,
    "ram_style": "distributed"
  },
  "MVAU_hls_0": {
    "PE": 8,
    "SIMD": 3,
    "ram_style": "auto"
  },
  "ConvolutionInputGenerator_rtl_1": {
    "SIMD": 16,
    "ram_style": "distributed"
  },
  "MVAU_hls_1": {
    "PE": 16,
    "SIMD": 16,
    "ram_style": "auto"
  },
  "ConvolutionInputGenerator_rtl_2": {
    "SIMD": 16,
    "ram_style": "distributed"
  },
  "MVAU_hls_2": {
    "PE": 8,
    "SIMD": 16,
    "ram_style": "auto"
  },
  "ConvolutionInputGenerator_rtl_3": {
    "SIMD": 16,
    "ram_style": "distributed"
  },
  "MVAU_hls_3": {
    "PE": 8,
    "SIMD": 16,
    "ram_style": "block"
  },
  "ConvolutionInputGenerator_rtl_4": {
    "SIMD": 8,
    "ram_style": "distributed"
  },
  "MVAU_hls_4": {
    "PE": 4,
    "SIMD": 8,
    "ram_style": "auto"
  },
  "ConvolutionInputGenerator_rtl_5": {
    "SIMD": 8,
    "ram_style": "distributed"
  },
  "MVAU_hls_5": {
    "PE": 1,
    "SIMD": 8,
    "ram_style": "auto"
  },
  "MVAU_hls_6": {
    "PE": 1,
    "SIMD": 2,
    "ram_style": "distributed"
  },
  "MVAU_hls_7": {
    "PE": 2,
    "SIMD": 2,
    "ram_style": "block"
  },
  "MVAU_hls_8": {
    "PE": 5,
    "SIMD": 1,
    "ram_style": "distributed"
  },
  "LabelSelect_hls_0": {
    "PE": 1
  }
}
