{
    "generator-jhipster": {
        "applicationType": "monolith",
        "authenticationType": "oauth2",
        "baseName": "sampleWebfluxMongodbOauth2",
        "blueprints": [],
        "buildTool": "gradle",
        "cacheProvider": "no",
        "clientFramework": "angular",
        "clientPackageManager": "npm",
        "clientTheme": "none",
        "creationTimestamp": 1580314672693,
        "databaseType": "mongodb",
        "devDatabaseType": "mongodb",
        "dtoSuffix": "DTO",
        "embeddableLaunchScript": false,
        "enableHibernateCache": false,
        "enableTranslation": true,
        "entitySuffix": "",
        "jhiPrefix": "jhi",
        "jhipsterVersion": "6.6.0",
        "languages": ["en", "fr"],
        "messageBroker": "no",
        "nativeLanguage": "en",
        "otherModules": [],
        "packageFolder": "tech/jhipster/sample",
        "packageName": "tech.jhipster.sample",
        "prodDatabaseType": "mongodb",
        "reactive": true,
        "searchEngine": "no",
        "serverPort": "8080",
        "serviceDiscoveryType": "no",
        "testFrameworks": ["gatling", "cypress"],
        "websocket": "no"
    }
}
