<?xml version="1.0" encoding="UTF-8"?>
<!DOCTYPE mapper PUBLIC "-//mybatis.org//DTD Mapper 3.0//EN" "http://mybatis.org/dtd/mybatis-3-mapper.dtd">
<mapper namespace="cn.zifangsky.mqwebsocket.mapper.FuncMapper">
  <resultMap id="BaseResultMap" type="cn.zifangsky.mqwebsocket.model.Func">
    <id column="id" jdbcType="INTEGER" property="id" />
    <result column="name" jdbcType="VARCHAR" property="name" />
    <result column="description" jdbcType="VARCHAR" property="description" />
    <result column="code" jdbcType="VARCHAR" property="code" />
    <result column="url" jdbcType="VARCHAR" property="url" />
    <result column="status" jdbcType="INTEGER" property="status" />
  </resultMap>
  <sql id="Base_Column_List">
    id, name, description, code, url, status
  </sql>
  <select id="selectByPrimaryKey" parameterType="java.lang.Integer" resultMap="BaseResultMap">
    select 
    <include refid="Base_Column_List" />
    from func
    where id = #{id,jdbcType=INTEGER}
  </select>
  <delete id="deleteByPrimaryKey" parameterType="java.lang.Integer">
    delete from func
    where id = #{id,jdbcType=INTEGER}
  </delete>
  <insert id="insert" parameterType="cn.zifangsky.mqwebsocket.model.Func">
    insert into func (id, name, description, 
      code, url, status)
    values (#{id,jdbcType=INTEGER}, #{name,jdbcType=VARCHAR}, #{description,jdbcType=VARCHAR}, 
      #{code,jdbcType=VARCHAR}, #{url,jdbcType=VARCHAR}, #{status,jdbcType=INTEGER})
  </insert>
  <insert id="insertSelective" parameterType="cn.zifangsky.mqwebsocket.model.Func">
    insert into func
    <trim prefix="(" suffix=")" suffixOverrides=",">
      <if test="id != null">
        id,
      </if>
      <if test="name != null">
        name,
      </if>
      <if test="description != null">
        description,
      </if>
      <if test="code != null">
        code,
      </if>
      <if test="url != null">
        url,
      </if>
      <if test="status != null">
        status,
      </if>
    </trim>
    <trim prefix="values (" suffix=")" suffixOverrides=",">
      <if test="id != null">
        #{id,jdbcType=INTEGER},
      </if>
      <if test="name != null">
        #{name,jdbcType=VARCHAR},
      </if>
      <if test="description != null">
        #{description,jdbcType=VARCHAR},
      </if>
      <if test="code != null">
        #{code,jdbcType=VARCHAR},
      </if>
      <if test="url != null">
        #{url,jdbcType=VARCHAR},
      </if>
      <if test="status != null">
        #{status,jdbcType=INTEGER},
      </if>
    </trim>
  </insert>
  <update id="updateByPrimaryKeySelective" parameterType="cn.zifangsky.mqwebsocket.model.Func">
    update func
    <set>
      <if test="name != null">
        name = #{name,jdbcType=VARCHAR},
      </if>
      <if test="description != null">
        description = #{description,jdbcType=VARCHAR},
      </if>
      <if test="code != null">
        code = #{code,jdbcType=VARCHAR},
      </if>
      <if test="url != null">
        url = #{url,jdbcType=VARCHAR},
      </if>
      <if test="status != null">
        status = #{status,jdbcType=INTEGER},
      </if>
    </set>
    where id = #{id,jdbcType=INTEGER}
  </update>
  <update id="updateByPrimaryKey" parameterType="cn.zifangsky.mqwebsocket.model.Func">
    update func
    set name = #{name,jdbcType=VARCHAR},
      description = #{description,jdbcType=VARCHAR},
      code = #{code,jdbcType=VARCHAR},
      url = #{url,jdbcType=VARCHAR},
      status = #{status,jdbcType=INTEGER}
    where id = #{id,jdbcType=INTEGER}
  </update>
</mapper>