<?xml version="1.0" encoding="UTF-8"?>
<!DOCTYPE mapper PUBLIC "-//mybatis.org//DTD Mapper 3.0//EN" "http://mybatis.org/dtd/mybatis-3-mapper.dtd">
<mapper namespace="cn.zifangsky.mqwebsocket.mapper.UserRoleMapper">
  <resultMap id="BaseResultMap" type="cn.zifangsky.mqwebsocket.model.UserRole">
    <id column="id" jdbcType="INTEGER" property="id" />
    <result column="user_id" jdbcType="INTEGER" property="userId" />
    <result column="role_id" jdbcType="INTEGER" property="roleId" />
  </resultMap>
  <sql id="Base_Column_List">
    id, user_id, role_id
  </sql>
  <select id="selectByPrimaryKey" parameterType="java.lang.Integer" resultMap="BaseResultMap">
    select 
    <include refid="Base_Column_List" />
    from user_role
    where id = #{id,jdbcType=INTEGER}
  </select>
  <delete id="deleteByPrimaryKey" parameterType="java.lang.Integer">
    delete from user_role
    where id = #{id,jdbcType=INTEGER}
  </delete>
  <insert id="insert" parameterType="cn.zifangsky.mqwebsocket.model.UserRole">
    insert into user_role (id, user_id, role_id
      )
    values (#{id,jdbcType=INTEGER}, #{userId,jdbcType=INTEGER}, #{roleId,jdbcType=INTEGER}
      )
  </insert>
  <insert id="insertSelective" parameterType="cn.zifangsky.mqwebsocket.model.UserRole">
    insert into user_role
    <trim prefix="(" suffix=")" suffixOverrides=",">
      <if test="id != null">
        id,
      </if>
      <if test="userId != null">
        user_id,
      </if>
      <if test="roleId != null">
        role_id,
      </if>
    </trim>
    <trim prefix="values (" suffix=")" suffixOverrides=",">
      <if test="id != null">
        #{id,jdbcType=INTEGER},
      </if>
      <if test="userId != null">
        #{userId,jdbcType=INTEGER},
      </if>
      <if test="roleId != null">
        #{roleId,jdbcType=INTEGER},
      </if>
    </trim>
  </insert>
  <update id="updateByPrimaryKeySelective" parameterType="cn.zifangsky.mqwebsocket.model.UserRole">
    update user_role
    <set>
      <if test="userId != null">
        user_id = #{userId,jdbcType=INTEGER},
      </if>
      <if test="roleId != null">
        role_id = #{roleId,jdbcType=INTEGER},
      </if>
    </set>
    where id = #{id,jdbcType=INTEGER}
  </update>
  <update id="updateByPrimaryKey" parameterType="cn.zifangsky.mqwebsocket.model.UserRole">
    update user_role
    set user_id = #{userId,jdbcType=INTEGER},
      role_id = #{roleId,jdbcType=INTEGER}
    where id = #{id,jdbcType=INTEGER}
  </update>
  <select id="selectByUserIdRoleId" parameterType="java.util.Map" resultMap="BaseResultMap">
    select
    <include refid="Base_Column_List" />
    from user_role
    where user_id = #{userId,jdbcType=INTEGER} AND role_id = #{roleId,jdbcType=INTEGER}
  </select>
    <select id="selectByRoleName" parameterType="java.lang.String" resultMap="BaseResultMap">
        select
        <include refid="Base_Column_List" />
        from user_role
        where role_id = (SELECT id FROM role WHERE role_name = #{roleName,jdbcType=VARCHAR})
    </select>
  <select id="selectByUserId" parameterType="java.lang.Integer" resultMap="BaseResultMap">
    select
    <include refid="Base_Column_List" />
    from user_role
    where user_id = #{userId,jdbcType=INTEGER}
  </select>
</mapper>