{
  "comment": "Modify this file in a trivial way to cause this test suite to run",
  "https://github.com/apache/beam/pull/31156": "noting that PR #31156 should run this test",
  "https://github.com/apache/beam/pull/31798": "noting that PR #31798 should run this test",
  "https://github.com/apache/beam/pull/32546": "noting that PR #32546 should run this test",
  "https://github.com/apache/beam/pull/33267": "noting that PR #33267 should run this test",
  "https://github.com/apache/beam/pull/34123": "noting that PR #34123 should run this test",
  "https://github.com/apache/beam/pull/34080": "noting that PR #34080 should run this test",
  "https://github.com/apache/beam/pull/34155": "noting that PR #34155 should run this test",
  "https://github.com/apache/beam/pull/35159": "moving WindowedValue and making an interface"
}
