{
  "https://github.com/apache/beam/pull/34902": "Introducing OutputBuilder",
  "https://github.com/apache/beam/pull/35177": "Introducing WindowedValueReceiver to runners",
  "comment": "Modify this file in a trivial way to cause this test suite to run",
  "https://github.com/apache/beam/pull/31156": "noting that PR #31156 should run this test",
  "https://github.com/apache/beam/pull/31270": "re-add specialized Samza translation of Redistribute",
  "https://github.com/apache/beam/pull/35159": "moving WindowedValue and making an interface"
}
