{
    "author": {
        "name": "nerds"
    },
    "name": "foursquare",
    "description": "Foursquare Connector",
    "version": "0.0.4",
    "engines": {
        "node": ">=0.4.9"
    },
    "dependencies": {},
    "devDependencies": {},
    "title": "foursquare",
    "handle": "foursquare",
    "update": "auto",
    "github": "https://github.com/LockerProject/Locker",
    "type": "connector",
    "static": "false",
    "oauthSize": {
        "width": 960,
        "height": 540
    },
    "url": "",
    "synclets": [
        {
            "frequency": 3600,
            "name": "friends"
        },
        {
            "frequency": 600,
            "name": "checkins"
        },
        {
            "frequency": 300,
            "threshold": 2,
            "name": "recent"
        },
        {
            "frequency": 3600,
            "name": "badges"
        }
    ],
    "mongoId": {
        "photos": "photoID"
    },
    "profileIds": [
        "id",
        "username"
    ],
    "types": {
        "recents": "checkin"
    },
    "provides": [
        "contact/foursquare",
        "profile/foursquare",
        "recents/foursquare",
        "checkin/foursquare",
        "badges/foursquare"
    ],
    "upserted": 1768097745337,
    "manifest": "Connectors/foursquare/package.json",
    "srcdir": "Connectors/foursquare",
    "provider": "foursquare",
    "id": "foursquare",
    "installed": 1768094646013,
    "uri": "http://localhost:8042/Me/foursquare/",
    "externalUri": "http://localhost:40271/Me/foursquare/",
    "loaded": 1768097745324
}