{
  "component": {
    "kind": "component",
    "name": "as2",
    "title": "AS2",
    "description": "Transfer data securely and reliably using the AS2 protocol (RFC4130).",
    "deprecated": false,
    "firstVersion": "2.22.0",
    "label": "file",
    "javaType": "org.apache.camel.component.as2.AS2Component",
    "supportLevel": "Stable",
    "groupId": "org.apache.camel",
    "artifactId": "camel-as2",
    "version": "4.17.0-SNAPSHOT",
    "scheme": "as2",
    "extendsScheme": "",
    "syntax": "as2:apiName\/methodName",
    "async": false,
    "api": true,
    "apiSyntax": "apiName\/methodName",
    "consumerOnly": false,
    "producerOnly": false,
    "lenientProperties": false,
    "browsable": false,
    "remote": true
  },
  "componentProperties": {
    "bridgeErrorHandler": { "index": 0, "kind": "property", "displayName": "Bridge Error Handler", "group": "consumer", "label": "consumer", "required": false, "type": "boolean", "javaType": "boolean", "deprecated": false, "autowired": false, "secret": false, "defaultValue": false, "description": "Allows for bridging the consumer to the Camel routing Error Handler, which mean any exceptions (if possible) occurred while the Camel consumer is trying to pickup incoming messages, or the likes, will now be processed as a message and handled by the routing Error Handler. Important: This is only possible if the 3rd party component allows Camel to be alerted if an exception was thrown. Some components handle this internally only, and therefore bridgeErrorHandler is not possible. In other situations we may improve the Camel component to hook into the 3rd party component and make this possible for future releases. By default the consumer will use the org.apache.camel.spi.ExceptionHandler to deal with exceptions, that will be logged at WARN or ERROR level and ignored." },
    "lazyStartProducer": { "index": 1, "kind": "property", "displayName": "Lazy Start Producer", "group": "producer", "label": "producer", "required": false, "type": "boolean", "javaType": "boolean", "deprecated": false, "autowired": false, "secret": false, "defaultValue": false, "description": "Whether the producer should be started lazy (on the first message). By starting lazy you can use this to allow CamelContext and routes to startup in situations where a producer may otherwise fail during starting and cause the route to fail being started. By deferring this startup to be lazy then the startup failure can be handled during routing messages via Camel's routing error handlers. Beware that when the first message is processed then creating and starting the producer may take a little time and prolong the total processing time of the processing." },
    "autowiredEnabled": { "index": 2, "kind": "property", "displayName": "Autowired Enabled", "group": "advanced", "label": "advanced", "required": false, "type": "boolean", "javaType": "boolean", "deprecated": false, "autowired": false, "secret": false, "defaultValue": true, "description": "Whether autowiring is enabled. This is used for automatic autowiring options (the option must be marked as autowired) by looking up in the registry to find if there is a single instance of matching type, which then gets configured on the component. This can be used for automatic configuring JDBC data sources, JMS connection factories, AWS Clients, etc." },
    "configuration": { "index": 3, "kind": "property", "displayName": "Configuration", "group": "advanced", "label": "advanced", "required": false, "type": "object", "javaType": "org.apache.camel.component.as2.AS2Configuration", "deprecated": false, "autowired": false, "secret": false, "description": "Component configuration" },
    "sslContextParameters": { "index": 4, "kind": "property", "displayName": "Ssl Context Parameters", "group": "security", "label": "security", "required": false, "type": "object", "javaType": "org.apache.camel.support.jsse.SSLContextParameters", "deprecated": false, "autowired": false, "secret": false, "description": "To configure security using SSLContextParameters" },
    "useGlobalSslContextParameters": { "index": 5, "kind": "property", "displayName": "Use Global Ssl Context Parameters", "group": "security", "label": "security", "required": false, "type": "boolean", "javaType": "boolean", "deprecated": false, "autowired": false, "secret": false, "defaultValue": false, "description": "Enable usage of global SSL context parameters." }
  },
  "properties": {
    "apiName": { "index": 0, "kind": "path", "displayName": "Api Name", "group": "common", "label": "", "required": true, "type": "enum", "javaType": "org.apache.camel.component.as2.internal.AS2ApiName", "enum": [ "CLIENT", "SERVER", "RECEIPT" ], "deprecated": false, "deprecationNote": "", "autowired": false, "secret": false, "configurationClass": "org.apache.camel.component.as2.AS2Configuration", "configurationField": "configuration", "description": "What kind of operation to perform" },
    "methodName": { "index": 1, "kind": "path", "displayName": "Method Name", "group": "common", "label": "", "required": true, "type": "string", "javaType": "java.lang.String", "deprecated": false, "deprecationNote": "", "autowired": false, "secret": false, "configurationClass": "org.apache.camel.component.as2.AS2Configuration", "configurationField": "configuration", "description": "What sub operation to use for the selected operation" },
    "as2From": { "index": 2, "kind": "parameter", "displayName": "As2 From", "group": "common", "label": "", "required": false, "type": "string", "javaType": "java.lang.String", "deprecated": false, "autowired": false, "secret": false, "configurationClass": "org.apache.camel.component.as2.AS2Configuration", "configurationField": "configuration", "description": "The value of the AS2From header of AS2 message." },
    "as2MessageStructure": { "index": 3, "kind": "parameter", "displayName": "As2 Message Structure", "group": "common", "label": "", "required": false, "type": "enum", "javaType": "org.apache.camel.component.as2.api.AS2MessageStructure", "enum": [ "PLAIN", "SIGNED", "ENCRYPTED", "SIGNED_ENCRYPTED", "PLAIN_COMPRESSED", "COMPRESSED_SIGNED", "SIGNED_COMPRESSED", "ENCRYPTED_COMPRESSED", "ENCRYPTED_COMPRESSED_SIGNED", "ENCRYPTED_SIGNED_COMPRESSED" ], "deprecated": false, "autowired": false, "secret": false, "configurationClass": "org.apache.camel.component.as2.AS2Configuration", "configurationField": "configuration", "description": "The structure of AS2 Message. One of: PLAIN - No encryption, no signature, SIGNED - No encryption, signature, ENCRYPTED - Encryption, no signature, ENCRYPTED_SIGNED - Encryption, signature" },
    "as2To": { "index": 4, "kind": "parameter", "displayName": "As2 To", "group": "common", "label": "", "required": false, "type": "string", "javaType": "java.lang.String", "deprecated": false, "autowired": false, "secret": false, "configurationClass": "org.apache.camel.component.as2.AS2Configuration", "configurationField": "configuration", "description": "The value of the AS2To header of AS2 message." },
    "as2Version": { "index": 5, "kind": "parameter", "displayName": "As2 Version", "group": "common", "label": "", "required": false, "type": "enum", "javaType": "java.lang.String", "enum": [ "1.0", "1.1" ], "deprecated": false, "autowired": false, "secret": false, "defaultValue": "1.1", "configurationClass": "org.apache.camel.component.as2.AS2Configuration", "configurationField": "configuration", "description": "The version of the AS2 protocol." },
    "asyncMdnPortNumber": { "index": 6, "kind": "parameter", "displayName": "Async Mdn Port Number", "group": "common", "label": "", "required": false, "type": "integer", "javaType": "java.lang.Integer", "deprecated": false, "autowired": false, "secret": false, "configurationClass": "org.apache.camel.component.as2.AS2Configuration", "configurationField": "configuration", "description": "The port number of asynchronous MDN server." },
    "attachedFileName": { "index": 7, "kind": "parameter", "displayName": "Attached File Name", "group": "common", "label": "", "required": false, "type": "string", "javaType": "java.lang.String", "deprecated": false, "autowired": false, "secret": false, "configurationClass": "org.apache.camel.component.as2.AS2Configuration", "configurationField": "configuration", "description": "The name of the attached file" },
    "clientFqdn": { "index": 8, "kind": "parameter", "displayName": "Client Fqdn", "group": "common", "label": "", "required": false, "type": "string", "javaType": "java.lang.String", "deprecated": false, "autowired": false, "secret": false, "defaultValue": "camel.apache.org", "configurationClass": "org.apache.camel.component.as2.AS2Configuration", "configurationField": "configuration", "description": "The Client Fully Qualified Domain Name (FQDN). Used in message ids sent by endpoint." },
    "compressionAlgorithm": { "index": 9, "kind": "parameter", "displayName": "Compression Algorithm", "group": "common", "label": "", "required": false, "type": "enum", "javaType": "org.apache.camel.component.as2.api.AS2CompressionAlgorithm", "enum": [ "ZLIB" ], "deprecated": false, "autowired": false, "secret": false, "configurationClass": "org.apache.camel.component.as2.AS2Configuration", "configurationField": "configuration", "description": "The algorithm used to compress EDI message." },
    "dispositionNotificationTo": { "index": 10, "kind": "parameter", "displayName": "Disposition Notification To", "group": "common", "label": "", "required": false, "type": "string", "javaType": "java.lang.String", "deprecated": false, "autowired": false, "secret": false, "configurationClass": "org.apache.camel.component.as2.AS2Configuration", "configurationField": "configuration", "description": "The value of the Disposition-Notification-To header. Assigning a value to this parameter requests a message disposition notification (MDN) for the AS2 message." },
    "ediMessageCharset": { "index": 11, "kind": "parameter", "displayName": "Edi Message Charset", "group": "common", "label": "", "required": false, "type": "string", "javaType": "java.lang.String", "deprecated": false, "autowired": false, "secret": false, "defaultValue": "us-ascii", "configurationClass": "org.apache.camel.component.as2.AS2Configuration", "configurationField": "configuration", "description": "The charset of the content type of EDI message." },
    "ediMessageTransferEncoding": { "index": 12, "kind": "parameter", "displayName": "Edi Message Transfer Encoding", "group": "common", "label": "", "required": false, "type": "string", "javaType": "java.lang.String", "deprecated": false, "autowired": false, "secret": false, "configurationClass": "org.apache.camel.component.as2.AS2Configuration", "configurationField": "configuration", "description": "The transfer encoding of EDI message." },
    "ediMessageType": { "index": 13, "kind": "parameter", "displayName": "Edi Message Type", "group": "common", "label": "", "required": false, "type": "enum", "javaType": "java.lang.String", "enum": [ "application\/edifact", "application\/edi-x12", "application\/edi-consent", "application\/xml" ], "deprecated": false, "autowired": false, "secret": false, "configurationClass": "org.apache.camel.component.as2.AS2Configuration", "configurationField": "configuration", "description": "The content type of EDI message. One of application\/edifact, application\/edi-x12, application\/edi-consent, application\/xml" },
    "from": { "index": 14, "kind": "parameter", "displayName": "From", "group": "common", "label": "", "required": false, "type": "string", "javaType": "java.lang.String", "deprecated": false, "autowired": false, "secret": false, "configurationClass": "org.apache.camel.component.as2.AS2Configuration", "configurationField": "configuration", "description": "The value of the From header of AS2 message." },
    "httpConnectionPoolSize": { "index": 15, "kind": "parameter", "displayName": "Http Connection Pool Size", "group": "common", "label": "", "required": false, "type": "integer", "javaType": "java.lang.Integer", "deprecated": false, "autowired": false, "secret": false, "defaultValue": 5, "configurationClass": "org.apache.camel.component.as2.AS2Configuration", "configurationField": "configuration", "description": "The maximum size of the connection pool for http connections (client only)" },
    "httpConnectionPoolTtl": { "index": 16, "kind": "parameter", "displayName": "Http Connection Pool Ttl", "group": "common", "label": "", "required": false, "type": "duration", "javaType": "java.time.Duration", "deprecated": false, "autowired": false, "secret": false, "defaultValue": "15m", "configurationClass": "org.apache.camel.component.as2.AS2Configuration", "configurationField": "configuration", "description": "The time to live for connections in the connection pool (client only)" },
    "httpConnectionTimeout": { "index": 17, "kind": "parameter", "displayName": "Http Connection Timeout", "group": "common", "label": "", "required": false, "type": "duration", "javaType": "java.time.Duration", "deprecated": false, "autowired": false, "secret": false, "defaultValue": "5s", "configurationClass": "org.apache.camel.component.as2.AS2Configuration", "configurationField": "configuration", "description": "The timeout of the http connection (client only)" },
    "httpSocketTimeout": { "index": 18, "kind": "parameter", "displayName": "Http Socket Timeout", "group": "common", "label": "", "required": false, "type": "duration", "javaType": "java.time.Duration", "deprecated": false, "autowired": false, "secret": false, "defaultValue": "5s", "configurationClass": "org.apache.camel.component.as2.AS2Configuration", "configurationField": "configuration", "description": "The timeout of the underlying http socket (client only)" },
    "inBody": { "index": 19, "kind": "parameter", "displayName": "In Body", "group": "common", "label": "", "required": false, "type": "string", "javaType": "java.lang.String", "deprecated": false, "autowired": false, "secret": false, "description": "Sets the name of a parameter to be passed in the exchange In Body" },
    "mdnMessageTemplate": { "index": 20, "kind": "parameter", "displayName": "Mdn Message Template", "group": "common", "label": "", "required": false, "type": "string", "javaType": "java.lang.String", "deprecated": false, "autowired": false, "secret": false, "configurationClass": "org.apache.camel.component.as2.AS2Configuration", "configurationField": "configuration", "description": "The template used to format MDN message" },
    "receiptDeliveryOption": { "index": 21, "kind": "parameter", "displayName": "Receipt Delivery Option", "group": "common", "label": "", "required": false, "type": "string", "javaType": "java.lang.String", "deprecated": false, "autowired": false, "secret": false, "configurationClass": "org.apache.camel.component.as2.AS2Configuration", "configurationField": "configuration", "description": "The return URL that the message receiver should send an asynchronous MDN to. If not present the receipt is synchronous. (Client only)" },
    "requestUri": { "index": 22, "kind": "parameter", "displayName": "Request Uri", "group": "common", "label": "", "required": false, "type": "string", "javaType": "java.lang.String", "deprecated": false, "autowired": false, "secret": false, "defaultValue": "\/", "configurationClass": "org.apache.camel.component.as2.AS2Configuration", "configurationField": "configuration", "description": "The request URI of EDI message." },
    "server": { "index": 23, "kind": "parameter", "displayName": "Server", "group": "common", "label": "", "required": false, "type": "string", "javaType": "java.lang.String", "deprecated": false, "autowired": false, "secret": false, "defaultValue": "Camel AS2 Server Endpoint", "configurationClass": "org.apache.camel.component.as2.AS2Configuration", "configurationField": "configuration", "description": "The value included in the Server message header identifying the AS2 Server." },
    "serverFqdn": { "index": 24, "kind": "parameter", "displayName": "Server Fqdn", "group": "common", "label": "", "required": false, "type": "string", "javaType": "java.lang.String", "deprecated": false, "autowired": false, "secret": false, "defaultValue": "camel.apache.org", "configurationClass": "org.apache.camel.component.as2.AS2Configuration", "configurationField": "configuration", "description": "The Server Fully Qualified Domain Name (FQDN). Used in message ids sent by endpoint." },
    "serverPortNumber": { "index": 25, "kind": "parameter", "displayName": "Server Port Number", "group": "common", "label": "", "required": false, "type": "integer", "javaType": "java.lang.Integer", "deprecated": false, "autowired": false, "secret": false, "configurationClass": "org.apache.camel.component.as2.AS2Configuration", "configurationField": "configuration", "description": "The port number of server." },
    "subject": { "index": 26, "kind": "parameter", "displayName": "Subject", "group": "common", "label": "", "required": false, "type": "string", "javaType": "java.lang.String", "deprecated": false, "autowired": false, "secret": false, "configurationClass": "org.apache.camel.component.as2.AS2Configuration", "configurationField": "configuration", "description": "The value of Subject header of AS2 message." },
    "targetHostname": { "index": 27, "kind": "parameter", "displayName": "Target Hostname", "group": "common", "label": "", "required": false, "type": "string", "javaType": "java.lang.String", "deprecated": false, "autowired": false, "secret": false, "configurationClass": "org.apache.camel.component.as2.AS2Configuration", "configurationField": "configuration", "description": "The host name (IP or DNS name) of target host." },
    "targetPortNumber": { "index": 28, "kind": "parameter", "displayName": "Target Port Number", "group": "common", "label": "", "required": false, "type": "integer", "javaType": "java.lang.Integer", "deprecated": false, "autowired": false, "secret": false, "defaultValue": 80, "configurationClass": "org.apache.camel.component.as2.AS2Configuration", "configurationField": "configuration", "description": "The port number of target host. -1 indicates the scheme default port." },
    "userAgent": { "index": 29, "kind": "parameter", "displayName": "User Agent", "group": "common", "label": "", "required": false, "type": "string", "javaType": "java.lang.String", "deprecated": false, "autowired": false, "secret": false, "defaultValue": "Camel AS2 Client Endpoint", "configurationClass": "org.apache.camel.component.as2.AS2Configuration", "configurationField": "configuration", "description": "The value included in the User-Agent message header identifying the AS2 user agent." },
    "exceptionHandler": { "index": 30, "kind": "parameter", "displayName": "Exception Handler", "group": "consumer (advanced)", "label": "consumer,advanced", "required": false, "type": "object", "javaType": "org.apache.camel.spi.ExceptionHandler", "optionalPrefix": "consumer.", "deprecated": false, "autowired": false, "secret": false, "description": "To let the consumer use a custom ExceptionHandler. Notice if the option bridgeErrorHandler is enabled then this option is not in use. By default the consumer will deal with exceptions, that will be logged at WARN or ERROR level and ignored." },
    "exchangePattern": { "index": 31, "kind": "parameter", "displayName": "Exchange Pattern", "group": "consumer (advanced)", "label": "consumer,advanced", "required": false, "type": "enum", "javaType": "org.apache.camel.ExchangePattern", "enum": [ "InOnly", "InOut" ], "deprecated": false, "autowired": false, "secret": false, "description": "Sets the exchange pattern when the consumer creates an exchange." },
    "lazyStartProducer": { "index": 32, "kind": "parameter", "displayName": "Lazy Start Producer", "group": "producer (advanced)", "label": "producer,advanced", "required": false, "type": "boolean", "javaType": "boolean", "deprecated": false, "autowired": false, "secret": false, "defaultValue": false, "description": "Whether the producer should be started lazy (on the first message). By starting lazy you can use this to allow CamelContext and routes to startup in situations where a producer may otherwise fail during starting and cause the route to fail being started. By deferring this startup to be lazy then the startup failure can be handled during routing messages via Camel's routing error handlers. Beware that when the first message is processed then creating and starting the producer may take a little time and prolong the total processing time of the processing." },
    "accessToken": { "index": 33, "kind": "parameter", "displayName": "Access Token", "group": "security", "label": "security", "required": false, "type": "string", "javaType": "java.lang.String", "deprecated": false, "autowired": false, "secret": true, "configurationClass": "org.apache.camel.component.as2.AS2Configuration", "configurationField": "configuration", "description": "The access token that is used by the client for bearer authentication." },
    "decryptingPrivateKey": { "index": 34, "kind": "parameter", "displayName": "Decrypting Private Key", "group": "security", "label": "security", "required": false, "type": "object", "javaType": "java.security.PrivateKey", "deprecated": false, "autowired": false, "secret": false, "configurationClass": "org.apache.camel.component.as2.AS2Configuration", "configurationField": "configuration", "description": "The key used to encrypt the EDI message." },
    "encryptingAlgorithm": { "index": 35, "kind": "parameter", "displayName": "Encrypting Algorithm", "group": "security", "label": "security", "required": false, "type": "enum", "javaType": "org.apache.camel.component.as2.api.AS2EncryptionAlgorithm", "enum": [ "AES128_CBC", "AES192_CBC", "AES256_CBC", "AES128_CCM", "AES192_CCM", "AES256_CCM", "AES128_GCM", "AES192_GCM", "AES256_GCM", "CAMELLIA128_CBC", "CAMELLIA192_CBC", "CAMELLIA256_CBC", "CAST5_CBC", "DES_CBC", "DES_EDE3_CBC", "GOST28147_GCFB", "IDEA_CBC", "RC2_CBC", "RC4", "SEED_CBC" ], "deprecated": false, "autowired": false, "secret": false, "configurationClass": "org.apache.camel.component.as2.AS2Configuration", "configurationField": "configuration", "description": "The algorithm used to encrypt EDI message." },
    "encryptingCertificateChain": { "index": 36, "kind": "parameter", "displayName": "Encrypting Certificate Chain", "group": "security", "label": "security", "required": false, "type": "object", "javaType": "java.security.cert.Certificate[]", "deprecated": false, "autowired": false, "secret": false, "configurationClass": "org.apache.camel.component.as2.AS2Configuration", "configurationField": "configuration", "description": "The chain of certificates used to encrypt EDI message." },
    "hostnameVerifier": { "index": 37, "kind": "parameter", "displayName": "Hostname Verifier", "group": "security", "label": "security", "required": false, "type": "object", "javaType": "javax.net.ssl.HostnameVerifier", "deprecated": false, "autowired": false, "secret": false, "configurationClass": "org.apache.camel.component.as2.AS2Configuration", "configurationField": "configuration", "description": "Set hostname verifier for SSL session." },
    "mdnAccessToken": { "index": 38, "kind": "parameter", "displayName": "Mdn Access Token", "group": "security", "label": "security", "required": false, "type": "string", "javaType": "java.lang.String", "deprecated": false, "autowired": false, "secret": true, "configurationClass": "org.apache.camel.component.as2.AS2Configuration", "configurationField": "configuration", "description": "The access token that is used by the server when it sends an async MDN." },
    "mdnPassword": { "index": 39, "kind": "parameter", "displayName": "Mdn Password", "group": "security", "label": "security", "required": false, "type": "string", "javaType": "java.lang.String", "deprecated": false, "autowired": false, "secret": true, "configurationClass": "org.apache.camel.component.as2.AS2Configuration", "configurationField": "configuration", "description": "The password that is used by the server for basic authentication when it sends an async MDN." },
    "mdnUserName": { "index": 40, "kind": "parameter", "displayName": "Mdn User Name", "group": "security", "label": "security", "required": false, "type": "string", "javaType": "java.lang.String", "deprecated": false, "autowired": false, "secret": true, "configurationClass": "org.apache.camel.component.as2.AS2Configuration", "configurationField": "configuration", "description": "The user-name that is used by the server for basic authentication when it sends an async MDN. If options for basic authentication and bearer authentication are both set then basic authentication takes precedence." },
    "password": { "index": 41, "kind": "parameter", "displayName": "Password", "group": "security", "label": "security", "required": false, "type": "string", "javaType": "java.lang.String", "deprecated": false, "autowired": false, "secret": true, "configurationClass": "org.apache.camel.component.as2.AS2Configuration", "configurationField": "configuration", "description": "The password that is used by the client for basic authentication." },
    "signedReceiptMicAlgorithms": { "index": 42, "kind": "parameter", "displayName": "Signed Receipt Mic Algorithms", "group": "security", "label": "security", "required": false, "type": "string", "javaType": "java.lang.String", "deprecated": false, "autowired": false, "secret": false, "configurationClass": "org.apache.camel.component.as2.AS2Configuration", "configurationField": "configuration", "description": "The list of algorithms, in order of preference, requested to generate a message integrity check (MIC) returned in message disposition notification (MDN). Multiple algorithms can be separated by comma." },
    "signingAlgorithm": { "index": 43, "kind": "parameter", "displayName": "Signing Algorithm", "group": "security", "label": "security", "required": false, "type": "enum", "javaType": "org.apache.camel.component.as2.api.AS2SignatureAlgorithm", "enum": [ "SHA3_224WITHRSA", "SHA3_256WITHRSA", "SHA3_384withRSA", "SHA3_512WITHRSA", "MD5WITHRSA", "SHA1WITHRSA", "MD2WITHRSA", "SHA224WITHRSA", "SHA256WITHRSA", "SHA384WITHRSA", "SHA512WITHRSA", "RIPEMD128WITHRSA", "RIPEMD160WITHRSA", "RIPEMD256WITHRSA", "SHA224WITHDSA", "SHA256WITHDSA", "SHA384WITHDSA", "SHA512WITHDSA", "SHA3_224WITHDSA", "SHA3_256WITHDSA", "SHA3_384WITHDSA", "SHA3_512WITHDSA", "SHA1WITHDSA", "SHA3_224WITHECDSA", "SHA3_256WITHECDSA", "SHA3_384WITHECDSA", "SHA3_512WITHECDSA", "SHA1WITHECDSA", "SHA224WITHECDSA", "SHA256WITHECDSA", "SHA384WITHECDSA", "SHA512WITHECDSA", "SHA1WITHPLAIN_ECDSA", "SHA224WITHPLAIN_ECDSA", "SHA256WITHPLAIN_ECDSA", "SHA384WITHPLAIN_ECDSA", "SHA512WITHPLAIN_ECDSA", "RIPEMD160WITHPLAIN_ECDSA", "SHA1WITHRSAANDMGF1", "SHA224WITHRSAANDMGF1", "SHA256WITHRSAANDMGF1", "SHA384WITHRSAANDMGF1", "SHA512WITHRSAANDMGF1", "SHA3_224WITHRSAANDMGF1", "SHA3_256WITHRSAANDMGF1", "SHA3_384WITHRSAANDMGF1", "SHA3_512WITHRSAANDMGF1" ], "deprecated": false, "autowired": false, "secret": false, "configurationClass": "org.apache.camel.component.as2.AS2Configuration", "configurationField": "configuration", "description": "The algorithm used to sign EDI message." },
    "signingCertificateChain": { "index": 44, "kind": "parameter", "displayName": "Signing Certificate Chain", "group": "security", "label": "security", "required": false, "type": "object", "javaType": "java.security.cert.Certificate[]", "deprecated": false, "autowired": false, "secret": false, "configurationClass": "org.apache.camel.component.as2.AS2Configuration", "configurationField": "configuration", "description": "The chain of certificates used to sign EDI message." },
    "signingPrivateKey": { "index": 45, "kind": "parameter", "displayName": "Signing Private Key", "group": "security", "label": "security", "required": false, "type": "object", "javaType": "java.security.PrivateKey", "deprecated": false, "autowired": false, "secret": false, "configurationClass": "org.apache.camel.component.as2.AS2Configuration", "configurationField": "configuration", "description": "The key used to sign the EDI message." },
    "sslContext": { "index": 46, "kind": "parameter", "displayName": "Ssl Context", "group": "security", "label": "security", "required": false, "type": "object", "javaType": "javax.net.ssl.SSLContext", "deprecated": false, "autowired": false, "secret": false, "configurationClass": "org.apache.camel.component.as2.AS2Configuration", "configurationField": "configuration", "description": "Set SSL context for connection to remote server." },
    "userName": { "index": 47, "kind": "parameter", "displayName": "User Name", "group": "security", "label": "security", "required": false, "type": "string", "javaType": "java.lang.String", "deprecated": false, "autowired": false, "secret": true, "configurationClass": "org.apache.camel.component.as2.AS2Configuration", "configurationField": "configuration", "description": "The user-name that is used by the client for basic authentication. If options for basic authentication and bearer authentication are both set then basic authentication takes precedence." },
    "validateSigningCertificateChain": { "index": 48, "kind": "parameter", "displayName": "Validate Signing Certificate Chain", "group": "security", "label": "security", "required": false, "type": "object", "javaType": "java.security.cert.Certificate[]", "deprecated": false, "autowired": false, "secret": false, "configurationClass": "org.apache.camel.component.as2.AS2Configuration", "configurationField": "configuration", "description": "Certificates to validate the message's signature against. If not supplied, validation will not take place. Server: validates the received message. Client: not yet implemented, should validate the MDN" }
  },
  "apis": {
    "client": { "consumerOnly": false, "producerOnly": true, "description": "Sends EDI Messages over HTTP", "methods": { "send": { "description": "Send ediMessage to trading partner", "signatures": [ "org.apache.hc.core5.http.protocol.HttpCoreContext send(Object ediMessage, String requestUri, String subject, String from, String as2From, String as2To, org.apache.camel.component.as2.api.AS2MessageStructure as2MessageStructure, String ediMessageContentType, String ediMessageCharset, String ediMessageTransferEncoding, org.apache.camel.component.as2.api.AS2SignatureAlgorithm signingAlgorithm, java.security.cert.Certificate[] signingCertificateChain, java.security.PrivateKey signingPrivateKey, org.apache.camel.component.as2.api.AS2CompressionAlgorithm compressionAlgorithm, String dispositionNotificationTo, String signedReceiptMicAlgorithms, org.apache.camel.component.as2.api.AS2EncryptionAlgorithm encryptingAlgorithm, java.security.cert.Certificate[] encryptingCertificateChain, String attachedFileName, String receiptDeliveryOption, String userName, String password, String accessToken)" ] } } },
    "receipt": { "consumerOnly": true, "producerOnly": false, "description": "Receives the asynchronous AS2-MDN that is requested by the sender of an AS2 message", "methods": { "receive": { "description": "", "signatures": [ "void receive(String requestUriPattern, org.apache.hc.core5.http.io.HttpRequestHandler handler)" ] } } },
    "server": { "consumerOnly": true, "producerOnly": false, "description": "Receives EDI Messages over HTTP", "methods": { "listen": { "description": "", "signatures": [ "void listen(String requestUriPattern, org.apache.hc.core5.http.io.HttpRequestHandler handler)" ] } } }
  },
  "apiProperties": {
    "client": { "methods": { "send": { "properties": { "accessToken": { "index": 0, "kind": "parameter", "displayName": "Access Token", "group": "producer", "label": "", "required": false, "type": "string", "javaType": "java.lang.String", "deprecated": false, "autowired": false, "secret": false, "description": "The access token that is used by the client for bearer authentication", "optional": true }, "as2From": { "index": 1, "kind": "parameter", "displayName": "As2 From", "group": "producer", "label": "", "required": false, "type": "string", "javaType": "java.lang.String", "deprecated": false, "autowired": false, "secret": false, "description": "AS2 name of sender", "optional": false }, "as2MessageStructure": { "index": 2, "kind": "parameter", "displayName": "As2 Message Structure", "group": "producer", "label": "", "required": false, "type": "enum", "javaType": "org.apache.camel.component.as2.api.AS2MessageStructure", "enum": [ "PLAIN", "SIGNED", "ENCRYPTED", "SIGNED_ENCRYPTED", "PLAIN_COMPRESSED", "COMPRESSED_SIGNED", "SIGNED_COMPRESSED", "ENCRYPTED_COMPRESSED", "ENCRYPTED_COMPRESSED_SIGNED", "ENCRYPTED_SIGNED_COMPRESSED" ], "deprecated": false, "autowired": false, "secret": false, "description": "The structure of AS2 to send; see AS2MessageStructure", "optional": false }, "as2To": { "index": 3, "kind": "parameter", "displayName": "As2 To", "group": "producer", "label": "", "required": false, "type": "string", "javaType": "java.lang.String", "deprecated": false, "autowired": false, "secret": false, "description": "AS2 name of recipient", "optional": false }, "attachedFileName": { "index": 4, "kind": "parameter", "displayName": "Attached File Name", "group": "producer", "label": "", "required": false, "type": "string", "javaType": "java.lang.String", "deprecated": false, "autowired": false, "secret": false, "description": "The name of the attached file or null if user doesn't want to specify it", "optional": true }, "compressionAlgorithm": { "index": 5, "kind": "parameter", "displayName": "Compression Algorithm", "group": "producer", "label": "", "required": false, "type": "enum", "javaType": "org.apache.camel.component.as2.api.AS2CompressionAlgorithm", "enum": [ "ZLIB" ], "deprecated": false, "autowired": false, "secret": false, "description": "The algorithm used to compress the message or null if sending EDI message uncompressed", "optional": true }, "dispositionNotificationTo": { "index": 6, "kind": "parameter", "displayName": "Disposition Notification To", "group": "producer", "label": "", "required": false, "type": "string", "javaType": "java.lang.String", "deprecated": false, "autowired": false, "secret": false, "description": "An RFC2822 address to request a receipt or null if no receipt requested", "optional": true }, "ediMessage": { "index": 7, "kind": "parameter", "displayName": "Edi Message", "group": "producer", "label": "", "required": false, "type": "object", "javaType": "java.lang.Object", "deprecated": false, "autowired": false, "secret": false, "description": "EDI message to transport", "optional": false }, "ediMessageCharset": { "index": 8, "kind": "parameter", "displayName": "Edi Message Charset", "group": "producer", "label": "", "required": false, "type": "string", "javaType": "java.lang.String", "deprecated": false, "autowired": false, "secret": false, "description": "The charset of the EDI message", "optional": true }, "ediMessageContentType": { "index": 9, "kind": "parameter", "displayName": "Edi Message Content Type", "group": "producer", "label": "", "required": false, "type": "string", "javaType": "java.lang.String", "deprecated": false, "autowired": false, "secret": false, "description": "The content type of EDI message", "optional": false }, "ediMessageTransferEncoding": { "index": 10, "kind": "parameter", "displayName": "Edi Message Transfer Encoding", "group": "producer", "label": "", "required": false, "type": "string", "javaType": "java.lang.String", "deprecated": false, "autowired": false, "secret": false, "description": "The transfer encoding used to transport EDI message", "optional": true }, "encryptingAlgorithm": { "index": 11, "kind": "parameter", "displayName": "Encrypting Algorithm", "group": "producer", "label": "", "required": false, "type": "enum", "javaType": "org.apache.camel.component.as2.api.AS2EncryptionAlgorithm", "enum": [ "AES128_CBC", "AES192_CBC", "AES256_CBC", "AES128_CCM", "AES192_CCM", "AES256_CCM", "AES128_GCM", "AES192_GCM", "AES256_GCM", "CAMELLIA128_CBC", "CAMELLIA192_CBC", "CAMELLIA256_CBC", "CAST5_CBC", "DES_CBC", "DES_EDE3_CBC", "GOST28147_GCFB", "IDEA_CBC", "RC2_CBC", "RC4", "SEED_CBC" ], "deprecated": false, "autowired": false, "secret": false, "description": "The algorithm used to encrypt the message or null if sending EDI message unencrypted", "optional": true }, "encryptingCertificateChain": { "index": 12, "kind": "parameter", "displayName": "Encrypting Certificate Chain", "group": "producer", "label": "", "required": false, "type": "object", "javaType": "java.security.cert.Certificate[]", "deprecated": false, "autowired": false, "secret": false, "description": "The chain of certificates used to encrypt the message or null if sending EDI message unencrypted", "optional": true }, "from": { "index": 13, "kind": "parameter", "displayName": "From", "group": "producer", "label": "", "required": false, "type": "string", "javaType": "java.lang.String", "deprecated": false, "autowired": false, "secret": false, "description": "RFC2822 address of sender", "optional": false }, "password": { "index": 14, "kind": "parameter", "displayName": "Password", "group": "producer", "label": "", "required": false, "type": "string", "javaType": "java.lang.String", "deprecated": false, "autowired": false, "secret": false, "description": "The password that is used by the client for basic authentication", "optional": true }, "receiptDeliveryOption": { "index": 15, "kind": "parameter", "displayName": "Receipt Delivery Option", "group": "producer", "label": "", "required": false, "type": "string", "javaType": "java.lang.String", "deprecated": false, "autowired": false, "secret": false, "description": "The return URL that the message receiver should send an asynchronous MDN to", "optional": true }, "requestUri": { "index": 16, "kind": "parameter", "displayName": "Request Uri", "group": "producer", "label": "", "required": false, "type": "string", "javaType": "java.lang.String", "deprecated": false, "autowired": false, "secret": false, "description": "Resource location to deliver message", "optional": false }, "signedReceiptMicAlgorithms": { "index": 17, "kind": "parameter", "displayName": "Signed Receipt Mic Algorithms", "group": "producer", "label": "", "required": false, "type": "string", "javaType": "java.lang.String", "deprecated": false, "autowired": false, "secret": false, "description": "The senders list of signing algorithms for signing receipt, in preferred order, or null if requesting an unsigned receipt.", "optional": true }, "signingAlgorithm": { "index": 18, "kind": "parameter", "displayName": "Signing Algorithm", "group": "producer", "label": "", "required": false, "type": "enum", "javaType": "org.apache.camel.component.as2.api.AS2SignatureAlgorithm", "enum": [ "SHA3_224WITHRSA", "SHA3_256WITHRSA", "SHA3_384withRSA", "SHA3_512WITHRSA", "MD5WITHRSA", "SHA1WITHRSA", "MD2WITHRSA", "SHA224WITHRSA", "SHA256WITHRSA", "SHA384WITHRSA", "SHA512WITHRSA", "RIPEMD128WITHRSA", "RIPEMD160WITHRSA", "RIPEMD256WITHRSA", "SHA224WITHDSA", "SHA256WITHDSA", "SHA384WITHDSA", "SHA512WITHDSA", "SHA3_224WITHDSA", "SHA3_256WITHDSA", "SHA3_384WITHDSA", "SHA3_512WITHDSA", "SHA1WITHDSA", "SHA3_224WITHECDSA", "SHA3_256WITHECDSA", "SHA3_384WITHECDSA", "SHA3_512WITHECDSA", "SHA1WITHECDSA", "SHA224WITHECDSA", "SHA256WITHECDSA", "SHA384WITHECDSA", "SHA512WITHECDSA", "SHA1WITHPLAIN_ECDSA", "SHA224WITHPLAIN_ECDSA", "SHA256WITHPLAIN_ECDSA", "SHA384WITHPLAIN_ECDSA", "SHA512WITHPLAIN_ECDSA", "RIPEMD160WITHPLAIN_ECDSA", "SHA1WITHRSAANDMGF1", "SHA224WITHRSAANDMGF1", "SHA256WITHRSAANDMGF1", "SHA384WITHRSAANDMGF1", "SHA512WITHRSAANDMGF1", "SHA3_224WITHRSAANDMGF1", "SHA3_256WITHRSAANDMGF1", "SHA3_384WITHRSAANDMGF1", "SHA3_512WITHRSAANDMGF1" ], "deprecated": false, "autowired": false, "secret": false, "description": "The algorithm used to sign the message or null if sending EDI message unsigned", "optional": true }, "signingCertificateChain": { "index": 19, "kind": "parameter", "displayName": "Signing Certificate Chain", "group": "producer", "label": "", "required": false, "type": "object", "javaType": "java.security.cert.Certificate[]", "deprecated": false, "autowired": false, "secret": false, "description": "The chain of certificates used to sign the message or null if sending EDI message unsigned", "optional": true }, "signingPrivateKey": { "index": 20, "kind": "parameter", "displayName": "Signing Private Key", "group": "producer", "label": "", "required": false, "type": "object", "javaType": "java.security.PrivateKey", "deprecated": false, "autowired": false, "secret": false, "description": "The private key used to sign EDI message", "optional": true }, "subject": { "index": 21, "kind": "parameter", "displayName": "Subject", "group": "producer", "label": "", "required": false, "type": "string", "javaType": "java.lang.String", "deprecated": false, "autowired": false, "secret": false, "description": "Message subject", "optional": false }, "userName": { "index": 22, "kind": "parameter", "displayName": "User Name", "group": "producer", "label": "", "required": false, "type": "string", "javaType": "java.lang.String", "deprecated": false, "autowired": false, "secret": false, "description": "The user-name that is used for basic authentication", "optional": true } } } } },
    "receipt": { "methods": { "receive": { "properties": { "requestUriPattern": { "index": 0, "kind": "parameter", "displayName": "Request Uri Pattern", "group": "consumer", "label": "", "required": false, "type": "string", "javaType": "java.lang.String", "deprecated": false, "autowired": false, "secret": false, "description": "", "optional": false } } } } },
    "server": { "methods": { "listen": { "properties": { "requestUriPattern": { "index": 0, "kind": "parameter", "displayName": "Request Uri Pattern", "group": "consumer", "label": "", "required": false, "type": "string", "javaType": "java.lang.String", "deprecated": false, "autowired": false, "secret": false, "description": "", "optional": false } } } } }
  }
}
