{
  "component": {
    "kind": "component",
    "name": "aws2-kms",
    "title": "AWS Key Management Service (KMS)",
    "description": "Manage keys stored in AWS KMS instances.",
    "deprecated": false,
    "firstVersion": "3.1.0",
    "label": "cloud,management",
    "javaType": "org.apache.camel.component.aws2.kms.KMS2Component",
    "supportLevel": "Stable",
    "groupId": "org.apache.camel",
    "artifactId": "camel-aws2-kms",
    "version": "4.17.0-SNAPSHOT",
    "scheme": "aws2-kms",
    "extendsScheme": "",
    "syntax": "aws2-kms:label",
    "async": false,
    "api": false,
    "consumerOnly": false,
    "producerOnly": true,
    "lenientProperties": false,
    "browsable": false,
    "remote": true
  },
  "componentProperties": {
    "configuration": { "index": 0, "kind": "property", "displayName": "Configuration", "group": "producer", "label": "", "required": false, "type": "object", "javaType": "org.apache.camel.component.aws2.kms.KMS2Configuration", "deprecated": false, "autowired": false, "secret": false, "description": "Component configuration" },
    "lazyStartProducer": { "index": 1, "kind": "property", "displayName": "Lazy Start Producer", "group": "producer", "label": "producer", "required": false, "type": "boolean", "javaType": "boolean", "deprecated": false, "autowired": false, "secret": false, "defaultValue": false, "description": "Whether the producer should be started lazy (on the first message). By starting lazy you can use this to allow CamelContext and routes to startup in situations where a producer may otherwise fail during starting and cause the route to fail being started. By deferring this startup to be lazy then the startup failure can be handled during routing messages via Camel's routing error handlers. Beware that when the first message is processed then creating and starting the producer may take a little time and prolong the total processing time of the processing." },
    "operation": { "index": 2, "kind": "property", "displayName": "Operation", "group": "producer", "label": "", "required": true, "type": "enum", "javaType": "org.apache.camel.component.aws2.kms.KMS2Operations", "enum": [ "listKeys", "createKey", "disableKey", "scheduleKeyDeletion", "describeKey", "enableKey" ], "deprecated": false, "deprecationNote": "", "autowired": false, "secret": false, "configurationClass": "org.apache.camel.component.aws2.kms.KMS2Configuration", "configurationField": "configuration", "description": "The operation to perform" },
    "overrideEndpoint": { "index": 3, "kind": "property", "displayName": "Override Endpoint", "group": "producer", "label": "", "required": false, "type": "boolean", "javaType": "boolean", "deprecated": false, "autowired": false, "secret": false, "defaultValue": false, "configurationClass": "org.apache.camel.component.aws2.kms.KMS2Configuration", "configurationField": "configuration", "description": "Set the need for overriding the endpoint. This option needs to be used in combination with the uriEndpointOverride option" },
    "pojoRequest": { "index": 4, "kind": "property", "displayName": "Pojo Request", "group": "producer", "label": "", "required": false, "type": "boolean", "javaType": "boolean", "deprecated": false, "autowired": false, "secret": false, "defaultValue": false, "configurationClass": "org.apache.camel.component.aws2.kms.KMS2Configuration", "configurationField": "configuration", "description": "If we want to use a POJO request as body or not" },
    "region": { "index": 5, "kind": "property", "displayName": "Region", "group": "producer", "label": "", "required": false, "type": "enum", "javaType": "java.lang.String", "enum": [ "ap-south-2", "ap-south-1", "eu-south-1", "eu-south-2", "us-gov-east-1", "me-central-1", "il-central-1", "ca-central-1", "eu-central-1", "us-iso-west-1", "eu-central-2", "eu-isoe-west-1", "us-west-1", "us-west-2", "af-south-1", "eu-north-1", "eu-west-3", "eu-west-2", "eu-west-1", "ap-northeast-3", "ap-northeast-2", "ap-northeast-1", "me-south-1", "sa-east-1", "ap-east-1", "cn-north-1", "ca-west-1", "us-gov-west-1", "ap-southeast-1", "ap-southeast-2", "us-iso-east-1", "ap-southeast-3", "ap-southeast-4", "us-east-1", "us-east-2", "cn-northwest-1", "us-isob-east-1", "aws-global", "aws-cn-global", "aws-us-gov-global", "aws-iso-global", "aws-iso-b-global" ], "deprecated": false, "autowired": false, "secret": false, "configurationClass": "org.apache.camel.component.aws2.kms.KMS2Configuration", "configurationField": "configuration", "description": "The region in which EKS client needs to work. When using this parameter, the configuration will expect the lowercase name of the region (for example, ap-east-1) You'll need to use the name Region.EU_WEST_1.id()" },
    "uriEndpointOverride": { "index": 6, "kind": "property", "displayName": "Uri Endpoint Override", "group": "producer", "label": "", "required": false, "type": "string", "javaType": "java.lang.String", "deprecated": false, "autowired": false, "secret": false, "configurationClass": "org.apache.camel.component.aws2.kms.KMS2Configuration", "configurationField": "configuration", "description": "Set the overriding uri endpoint. This option needs to be used in combination with overrideEndpoint option" },
    "autowiredEnabled": { "index": 7, "kind": "property", "displayName": "Autowired Enabled", "group": "advanced", "label": "advanced", "required": false, "type": "boolean", "javaType": "boolean", "deprecated": false, "autowired": false, "secret": false, "defaultValue": true, "description": "Whether autowiring is enabled. This is used for automatic autowiring options (the option must be marked as autowired) by looking up in the registry to find if there is a single instance of matching type, which then gets configured on the component. This can be used for automatic configuring JDBC data sources, JMS connection factories, AWS Clients, etc." },
    "kmsClient": { "index": 8, "kind": "property", "displayName": "Kms Client", "group": "advanced", "label": "advanced", "required": false, "type": "object", "javaType": "software.amazon.awssdk.services.kms.KmsClient", "deprecated": false, "deprecationNote": "", "autowired": true, "secret": false, "configurationClass": "org.apache.camel.component.aws2.kms.KMS2Configuration", "configurationField": "configuration", "description": "To use an existing configured AWS KMS client" },
    "proxyHost": { "index": 9, "kind": "property", "displayName": "Proxy Host", "group": "proxy", "label": "proxy", "required": false, "type": "string", "javaType": "java.lang.String", "deprecated": false, "autowired": false, "secret": false, "configurationClass": "org.apache.camel.component.aws2.kms.KMS2Configuration", "configurationField": "configuration", "description": "To define a proxy host when instantiating the KMS client" },
    "proxyPort": { "index": 10, "kind": "property", "displayName": "Proxy Port", "group": "proxy", "label": "proxy", "required": false, "type": "integer", "javaType": "java.lang.Integer", "deprecated": false, "autowired": false, "secret": false, "configurationClass": "org.apache.camel.component.aws2.kms.KMS2Configuration", "configurationField": "configuration", "description": "To define a proxy port when instantiating the KMS client" },
    "proxyProtocol": { "index": 11, "kind": "property", "displayName": "Proxy Protocol", "group": "proxy", "label": "proxy", "required": false, "type": "enum", "javaType": "software.amazon.awssdk.core.Protocol", "enum": [ "HTTP", "HTTPS" ], "deprecated": false, "autowired": false, "secret": false, "defaultValue": "HTTPS", "configurationClass": "org.apache.camel.component.aws2.kms.KMS2Configuration", "configurationField": "configuration", "description": "To define a proxy protocol when instantiating the KMS client" },
    "accessKey": { "index": 12, "kind": "property", "displayName": "Access Key", "group": "security", "label": "security", "required": false, "type": "string", "javaType": "java.lang.String", "deprecated": false, "autowired": false, "secret": true, "configurationClass": "org.apache.camel.component.aws2.kms.KMS2Configuration", "configurationField": "configuration", "description": "Amazon AWS Access Key" },
    "profileCredentialsName": { "index": 13, "kind": "property", "displayName": "Profile Credentials Name", "group": "security", "label": "security", "required": false, "type": "string", "javaType": "java.lang.String", "deprecated": false, "autowired": false, "secret": false, "configurationClass": "org.apache.camel.component.aws2.kms.KMS2Configuration", "configurationField": "configuration", "description": "If using a profile credentials provider, this parameter will set the profile name" },
    "secretKey": { "index": 14, "kind": "property", "displayName": "Secret Key", "group": "security", "label": "security", "required": false, "type": "string", "javaType": "java.lang.String", "deprecated": false, "autowired": false, "secret": true, "configurationClass": "org.apache.camel.component.aws2.kms.KMS2Configuration", "configurationField": "configuration", "description": "Amazon AWS Secret Key" },
    "sessionToken": { "index": 15, "kind": "property", "displayName": "Session Token", "group": "security", "label": "security", "required": false, "type": "string", "javaType": "java.lang.String", "deprecated": false, "autowired": false, "secret": true, "configurationClass": "org.apache.camel.component.aws2.kms.KMS2Configuration", "configurationField": "configuration", "description": "Amazon AWS Session Token used when the user needs to assume an IAM role" },
    "trustAllCertificates": { "index": 16, "kind": "property", "displayName": "Trust All Certificates", "group": "security", "label": "security", "required": false, "type": "boolean", "javaType": "boolean", "deprecated": false, "autowired": false, "secret": false, "defaultValue": false, "configurationClass": "org.apache.camel.component.aws2.kms.KMS2Configuration", "configurationField": "configuration", "description": "If we want to trust all certificates in case of overriding the endpoint" },
    "useDefaultCredentialsProvider": { "index": 17, "kind": "property", "displayName": "Use Default Credentials Provider", "group": "security", "label": "security", "required": false, "type": "boolean", "javaType": "boolean", "deprecated": false, "autowired": false, "secret": false, "defaultValue": false, "configurationClass": "org.apache.camel.component.aws2.kms.KMS2Configuration", "configurationField": "configuration", "description": "Set whether the KMS client should expect to load credentials through a default credentials provider or to expect static credentials to be passed in." },
    "useProfileCredentialsProvider": { "index": 18, "kind": "property", "displayName": "Use Profile Credentials Provider", "group": "security", "label": "security", "required": false, "type": "boolean", "javaType": "boolean", "deprecated": false, "autowired": false, "secret": false, "defaultValue": false, "configurationClass": "org.apache.camel.component.aws2.kms.KMS2Configuration", "configurationField": "configuration", "description": "Set whether the KMS client should expect to load credentials through a profile credentials provider." },
    "useSessionCredentials": { "index": 19, "kind": "property", "displayName": "Use Session Credentials", "group": "security", "label": "security", "required": false, "type": "boolean", "javaType": "boolean", "deprecated": false, "autowired": false, "secret": false, "defaultValue": false, "configurationClass": "org.apache.camel.component.aws2.kms.KMS2Configuration", "configurationField": "configuration", "description": "Set whether the KMS client should expect to use Session Credentials. This is useful in a situation in which the user needs to assume a IAM role for doing operations in KMS." }
  },
  "headers": {
    "CamelAwsKMSOperation": { "index": 0, "kind": "header", "displayName": "", "group": "producer", "label": "", "required": false, "javaType": "String", "deprecated": false, "deprecationNote": "", "autowired": false, "secret": false, "description": "The operation we want to perform", "constantName": "org.apache.camel.component.aws2.kms.KMS2Constants#OPERATION" },
    "CamelAwsKMSLimit": { "index": 1, "kind": "header", "displayName": "", "group": "producer", "label": "", "required": false, "javaType": "Integer", "deprecated": false, "deprecationNote": "", "autowired": false, "secret": false, "description": "The limit number of keys to return while performing a listKeys operation", "constantName": "org.apache.camel.component.aws2.kms.KMS2Constants#LIMIT" },
    "CamelAwsKMSDescription": { "index": 2, "kind": "header", "displayName": "", "group": "producer", "label": "", "required": false, "javaType": "String", "deprecated": false, "deprecationNote": "", "autowired": false, "secret": false, "description": "A key description to use while performing a createKey operation", "constantName": "org.apache.camel.component.aws2.kms.KMS2Constants#DESCRIPTION" },
    "CamelAwsKMSKeyId": { "index": 3, "kind": "header", "displayName": "", "group": "producer", "label": "", "required": false, "javaType": "String", "deprecated": false, "deprecationNote": "", "autowired": false, "secret": false, "description": "The key Id", "constantName": "org.apache.camel.component.aws2.kms.KMS2Constants#KEY_ID" },
    "CamelAwsKMSPendingWindowInDays": { "index": 4, "kind": "header", "displayName": "", "group": "producer", "label": "", "required": false, "javaType": "Integer", "deprecated": false, "deprecationNote": "", "autowired": false, "secret": false, "description": "The waiting period, specified in number of days.", "constantName": "org.apache.camel.component.aws2.kms.KMS2Constants#PENDING_WINDOW_IN_DAYS" }
  },
  "properties": {
    "label": { "index": 0, "kind": "path", "displayName": "Label", "group": "producer", "label": "", "required": true, "type": "string", "javaType": "java.lang.String", "deprecated": false, "deprecationNote": "", "autowired": false, "secret": false, "configurationClass": "org.apache.camel.component.aws2.kms.KMS2Configuration", "configurationField": "configuration", "description": "Logical name" },
    "operation": { "index": 1, "kind": "parameter", "displayName": "Operation", "group": "producer", "label": "", "required": true, "type": "enum", "javaType": "org.apache.camel.component.aws2.kms.KMS2Operations", "enum": [ "listKeys", "createKey", "disableKey", "scheduleKeyDeletion", "describeKey", "enableKey" ], "deprecated": false, "deprecationNote": "", "autowired": false, "secret": false, "configurationClass": "org.apache.camel.component.aws2.kms.KMS2Configuration", "configurationField": "configuration", "description": "The operation to perform" },
    "overrideEndpoint": { "index": 2, "kind": "parameter", "displayName": "Override Endpoint", "group": "producer", "label": "", "required": false, "type": "boolean", "javaType": "boolean", "deprecated": false, "autowired": false, "secret": false, "defaultValue": false, "configurationClass": "org.apache.camel.component.aws2.kms.KMS2Configuration", "configurationField": "configuration", "description": "Set the need for overriding the endpoint. This option needs to be used in combination with the uriEndpointOverride option" },
    "pojoRequest": { "index": 3, "kind": "parameter", "displayName": "Pojo Request", "group": "producer", "label": "", "required": false, "type": "boolean", "javaType": "boolean", "deprecated": false, "autowired": false, "secret": false, "defaultValue": false, "configurationClass": "org.apache.camel.component.aws2.kms.KMS2Configuration", "configurationField": "configuration", "description": "If we want to use a POJO request as body or not" },
    "region": { "index": 4, "kind": "parameter", "displayName": "Region", "group": "producer", "label": "", "required": false, "type": "enum", "javaType": "java.lang.String", "enum": [ "ap-south-2", "ap-south-1", "eu-south-1", "eu-south-2", "us-gov-east-1", "me-central-1", "il-central-1", "ca-central-1", "eu-central-1", "us-iso-west-1", "eu-central-2", "eu-isoe-west-1", "us-west-1", "us-west-2", "af-south-1", "eu-north-1", "eu-west-3", "eu-west-2", "eu-west-1", "ap-northeast-3", "ap-northeast-2", "ap-northeast-1", "me-south-1", "sa-east-1", "ap-east-1", "cn-north-1", "ca-west-1", "us-gov-west-1", "ap-southeast-1", "ap-southeast-2", "us-iso-east-1", "ap-southeast-3", "ap-southeast-4", "us-east-1", "us-east-2", "cn-northwest-1", "us-isob-east-1", "aws-global", "aws-cn-global", "aws-us-gov-global", "aws-iso-global", "aws-iso-b-global" ], "deprecated": false, "autowired": false, "secret": false, "configurationClass": "org.apache.camel.component.aws2.kms.KMS2Configuration", "configurationField": "configuration", "description": "The region in which EKS client needs to work. When using this parameter, the configuration will expect the lowercase name of the region (for example, ap-east-1) You'll need to use the name Region.EU_WEST_1.id()" },
    "uriEndpointOverride": { "index": 5, "kind": "parameter", "displayName": "Uri Endpoint Override", "group": "producer", "label": "", "required": false, "type": "string", "javaType": "java.lang.String", "deprecated": false, "autowired": false, "secret": false, "configurationClass": "org.apache.camel.component.aws2.kms.KMS2Configuration", "configurationField": "configuration", "description": "Set the overriding uri endpoint. This option needs to be used in combination with overrideEndpoint option" },
    "lazyStartProducer": { "index": 6, "kind": "parameter", "displayName": "Lazy Start Producer", "group": "producer (advanced)", "label": "producer,advanced", "required": false, "type": "boolean", "javaType": "boolean", "deprecated": false, "autowired": false, "secret": false, "defaultValue": false, "description": "Whether the producer should be started lazy (on the first message). By starting lazy you can use this to allow CamelContext and routes to startup in situations where a producer may otherwise fail during starting and cause the route to fail being started. By deferring this startup to be lazy then the startup failure can be handled during routing messages via Camel's routing error handlers. Beware that when the first message is processed then creating and starting the producer may take a little time and prolong the total processing time of the processing." },
    "kmsClient": { "index": 7, "kind": "parameter", "displayName": "Kms Client", "group": "advanced", "label": "advanced", "required": false, "type": "object", "javaType": "software.amazon.awssdk.services.kms.KmsClient", "deprecated": false, "deprecationNote": "", "autowired": true, "secret": false, "configurationClass": "org.apache.camel.component.aws2.kms.KMS2Configuration", "configurationField": "configuration", "description": "To use an existing configured AWS KMS client" },
    "proxyHost": { "index": 8, "kind": "parameter", "displayName": "Proxy Host", "group": "proxy", "label": "proxy", "required": false, "type": "string", "javaType": "java.lang.String", "deprecated": false, "autowired": false, "secret": false, "configurationClass": "org.apache.camel.component.aws2.kms.KMS2Configuration", "configurationField": "configuration", "description": "To define a proxy host when instantiating the KMS client" },
    "proxyPort": { "index": 9, "kind": "parameter", "displayName": "Proxy Port", "group": "proxy", "label": "proxy", "required": false, "type": "integer", "javaType": "java.lang.Integer", "deprecated": false, "autowired": false, "secret": false, "configurationClass": "org.apache.camel.component.aws2.kms.KMS2Configuration", "configurationField": "configuration", "description": "To define a proxy port when instantiating the KMS client" },
    "proxyProtocol": { "index": 10, "kind": "parameter", "displayName": "Proxy Protocol", "group": "proxy", "label": "proxy", "required": false, "type": "enum", "javaType": "software.amazon.awssdk.core.Protocol", "enum": [ "HTTP", "HTTPS" ], "deprecated": false, "autowired": false, "secret": false, "defaultValue": "HTTPS", "configurationClass": "org.apache.camel.component.aws2.kms.KMS2Configuration", "configurationField": "configuration", "description": "To define a proxy protocol when instantiating the KMS client" },
    "accessKey": { "index": 11, "kind": "parameter", "displayName": "Access Key", "group": "security", "label": "security", "required": false, "type": "string", "javaType": "java.lang.String", "deprecated": false, "autowired": false, "secret": true, "configurationClass": "org.apache.camel.component.aws2.kms.KMS2Configuration", "configurationField": "configuration", "description": "Amazon AWS Access Key" },
    "profileCredentialsName": { "index": 12, "kind": "parameter", "displayName": "Profile Credentials Name", "group": "security", "label": "security", "required": false, "type": "string", "javaType": "java.lang.String", "deprecated": false, "autowired": false, "secret": false, "configurationClass": "org.apache.camel.component.aws2.kms.KMS2Configuration", "configurationField": "configuration", "description": "If using a profile credentials provider, this parameter will set the profile name" },
    "secretKey": { "index": 13, "kind": "parameter", "displayName": "Secret Key", "group": "security", "label": "security", "required": false, "type": "string", "javaType": "java.lang.String", "deprecated": false, "autowired": false, "secret": true, "configurationClass": "org.apache.camel.component.aws2.kms.KMS2Configuration", "configurationField": "configuration", "description": "Amazon AWS Secret Key" },
    "sessionToken": { "index": 14, "kind": "parameter", "displayName": "Session Token", "group": "security", "label": "security", "required": false, "type": "string", "javaType": "java.lang.String", "deprecated": false, "autowired": false, "secret": true, "configurationClass": "org.apache.camel.component.aws2.kms.KMS2Configuration", "configurationField": "configuration", "description": "Amazon AWS Session Token used when the user needs to assume an IAM role" },
    "trustAllCertificates": { "index": 15, "kind": "parameter", "displayName": "Trust All Certificates", "group": "security", "label": "security", "required": false, "type": "boolean", "javaType": "boolean", "deprecated": false, "autowired": false, "secret": false, "defaultValue": false, "configurationClass": "org.apache.camel.component.aws2.kms.KMS2Configuration", "configurationField": "configuration", "description": "If we want to trust all certificates in case of overriding the endpoint" },
    "useDefaultCredentialsProvider": { "index": 16, "kind": "parameter", "displayName": "Use Default Credentials Provider", "group": "security", "label": "security", "required": false, "type": "boolean", "javaType": "boolean", "deprecated": false, "autowired": false, "secret": false, "defaultValue": false, "configurationClass": "org.apache.camel.component.aws2.kms.KMS2Configuration", "configurationField": "configuration", "description": "Set whether the KMS client should expect to load credentials through a default credentials provider or to expect static credentials to be passed in." },
    "useProfileCredentialsProvider": { "index": 17, "kind": "parameter", "displayName": "Use Profile Credentials Provider", "group": "security", "label": "security", "required": false, "type": "boolean", "javaType": "boolean", "deprecated": false, "autowired": false, "secret": false, "defaultValue": false, "configurationClass": "org.apache.camel.component.aws2.kms.KMS2Configuration", "configurationField": "configuration", "description": "Set whether the KMS client should expect to load credentials through a profile credentials provider." },
    "useSessionCredentials": { "index": 18, "kind": "parameter", "displayName": "Use Session Credentials", "group": "security", "label": "security", "required": false, "type": "boolean", "javaType": "boolean", "deprecated": false, "autowired": false, "secret": false, "defaultValue": false, "configurationClass": "org.apache.camel.component.aws2.kms.KMS2Configuration", "configurationField": "configuration", "description": "Set whether the KMS client should expect to use Session Credentials. This is useful in a situation in which the user needs to assume a IAM role for doing operations in KMS." }
  }
}
