{
  "component": {
    "kind": "component",
    "name": "aws2-sqs",
    "title": "AWS Simple Queue Service (SQS)",
    "description": "Send and receive messages to\/from AWS SQS.",
    "deprecated": false,
    "firstVersion": "3.1.0",
    "label": "cloud,messaging",
    "javaType": "org.apache.camel.component.aws2.sqs.Sqs2Component",
    "supportLevel": "Stable",
    "groupId": "org.apache.camel",
    "artifactId": "camel-aws2-sqs",
    "version": "4.18.0-SNAPSHOT",
    "scheme": "aws2-sqs",
    "extendsScheme": "",
    "syntax": "aws2-sqs:queueNameOrArn",
    "async": false,
    "api": false,
    "consumerOnly": false,
    "producerOnly": false,
    "lenientProperties": false,
    "browsable": false,
    "remote": true
  },
  "componentProperties": {
    "amazonAWSHost": { "index": 0, "kind": "property", "displayName": "Amazon AWSHost", "group": "common", "label": "", "required": false, "type": "string", "javaType": "java.lang.String", "deprecated": false, "autowired": false, "secret": false, "defaultValue": "amazonaws.com", "configurationClass": "org.apache.camel.component.aws2.sqs.Sqs2Configuration", "configurationField": "configuration", "description": "The hostname of the Amazon AWS cloud." },
    "autoCreateQueue": { "index": 1, "kind": "property", "displayName": "Auto Create Queue", "group": "common", "label": "", "required": false, "type": "boolean", "javaType": "boolean", "deprecated": false, "autowired": false, "secret": false, "defaultValue": false, "configurationClass": "org.apache.camel.component.aws2.sqs.Sqs2Configuration", "configurationField": "configuration", "description": "Setting the auto-creation of the queue" },
    "configuration": { "index": 2, "kind": "property", "displayName": "Configuration", "group": "common", "label": "", "required": false, "type": "object", "javaType": "org.apache.camel.component.aws2.sqs.Sqs2Configuration", "deprecated": false, "autowired": false, "secret": false, "description": "The AWS SQS default configuration" },
    "overrideEndpoint": { "index": 3, "kind": "property", "displayName": "Override Endpoint", "group": "common", "label": "", "required": false, "type": "boolean", "javaType": "boolean", "deprecated": false, "autowired": false, "secret": false, "defaultValue": false, "configurationClass": "org.apache.camel.component.aws2.sqs.Sqs2Configuration", "configurationField": "configuration", "description": "Set the need for overriding the endpoint. This option needs to be used in combination with the uriEndpointOverride option" },
    "protocol": { "index": 4, "kind": "property", "displayName": "Protocol", "group": "common", "label": "", "required": false, "type": "string", "javaType": "java.lang.String", "deprecated": false, "autowired": false, "secret": false, "defaultValue": "https", "configurationClass": "org.apache.camel.component.aws2.sqs.Sqs2Configuration", "configurationField": "configuration", "description": "The underlying protocol used to communicate with SQS" },
    "queueOwnerAWSAccountId": { "index": 5, "kind": "property", "displayName": "Queue Owner AWSAccount Id", "group": "common", "label": "", "required": false, "type": "string", "javaType": "java.lang.String", "deprecated": false, "autowired": false, "secret": true, "configurationClass": "org.apache.camel.component.aws2.sqs.Sqs2Configuration", "configurationField": "configuration", "description": "Specify the queue owner aws account id when you need to connect the queue with a different account owner." },
    "region": { "index": 6, "kind": "property", "displayName": "Region", "group": "common", "label": "", "required": false, "type": "enum", "javaType": "java.lang.String", "enum": [ "ap-south-2", "ap-south-1", "eu-south-1", "eu-south-2", "us-gov-east-1", "me-central-1", "il-central-1", "ca-central-1", "eu-central-1", "us-iso-west-1", "eu-central-2", "eu-isoe-west-1", "us-west-1", "us-west-2", "af-south-1", "eu-north-1", "eu-west-3", "eu-west-2", "eu-west-1", "ap-northeast-3", "ap-northeast-2", "ap-northeast-1", "me-south-1", "sa-east-1", "ap-east-1", "cn-north-1", "ca-west-1", "us-gov-west-1", "ap-southeast-1", "ap-southeast-2", "us-iso-east-1", "ap-southeast-3", "ap-southeast-4", "us-east-1", "us-east-2", "cn-northwest-1", "us-isob-east-1", "aws-global", "aws-cn-global", "aws-us-gov-global", "aws-iso-global", "aws-iso-b-global" ], "deprecated": false, "autowired": false, "secret": false, "configurationClass": "org.apache.camel.component.aws2.sqs.Sqs2Configuration", "configurationField": "configuration", "description": "The region in which SQS client needs to work. When using this parameter, the configuration will expect the lowercase name of the region (for example, ap-east-1) You'll need to use the name Region.EU_WEST_1.id()" },
    "uriEndpointOverride": { "index": 7, "kind": "property", "displayName": "Uri Endpoint Override", "group": "common", "label": "", "required": false, "type": "string", "javaType": "java.lang.String", "deprecated": false, "autowired": false, "secret": false, "configurationClass": "org.apache.camel.component.aws2.sqs.Sqs2Configuration", "configurationField": "configuration", "description": "Set the overriding uri endpoint. This option needs to be used in combination with overrideEndpoint option" },
    "attributeNames": { "index": 8, "kind": "property", "displayName": "Attribute Names", "group": "consumer", "label": "consumer", "required": false, "type": "string", "javaType": "java.lang.String", "deprecated": false, "autowired": false, "secret": false, "configurationClass": "org.apache.camel.component.aws2.sqs.Sqs2Configuration", "configurationField": "configuration", "description": "A list of attribute names to receive when consuming. Multiple names can be separated by comma." },
    "bridgeErrorHandler": { "index": 9, "kind": "property", "displayName": "Bridge Error Handler", "group": "consumer", "label": "consumer", "required": false, "type": "boolean", "javaType": "boolean", "deprecated": false, "autowired": false, "secret": false, "defaultValue": false, "description": "Allows for bridging the consumer to the Camel routing Error Handler, which mean any exceptions (if possible) occurred while the Camel consumer is trying to pickup incoming messages, or the likes, will now be processed as a message and handled by the routing Error Handler. Important: This is only possible if the 3rd party component allows Camel to be alerted if an exception was thrown. Some components handle this internally only, and therefore bridgeErrorHandler is not possible. In other situations we may improve the Camel component to hook into the 3rd party component and make this possible for future releases. By default the consumer will use the org.apache.camel.spi.ExceptionHandler to deal with exceptions, that will be logged at WARN or ERROR level and ignored." },
    "concurrentConsumers": { "index": 10, "kind": "property", "displayName": "Concurrent Consumers", "group": "consumer", "label": "consumer", "required": false, "type": "integer", "javaType": "int", "deprecated": false, "autowired": false, "secret": false, "defaultValue": 1, "configurationClass": "org.apache.camel.component.aws2.sqs.Sqs2Configuration", "configurationField": "configuration", "description": "Allows you to use multiple threads to poll the sqs queue to increase throughput" },
    "concurrentRequestLimit": { "index": 11, "kind": "property", "displayName": "Concurrent Request Limit", "group": "consumer", "label": "consumer", "required": false, "type": "integer", "javaType": "int", "deprecated": false, "autowired": false, "secret": false, "defaultValue": 50, "configurationClass": "org.apache.camel.component.aws2.sqs.Sqs2Configuration", "configurationField": "configuration", "description": "The maximum number of concurrent receive request send to AWS in single consumer polling." },
    "defaultVisibilityTimeout": { "index": 12, "kind": "property", "displayName": "Default Visibility Timeout", "group": "consumer", "label": "consumer", "required": false, "type": "integer", "javaType": "java.lang.Integer", "deprecated": false, "autowired": false, "secret": false, "configurationClass": "org.apache.camel.component.aws2.sqs.Sqs2Configuration", "configurationField": "configuration", "description": "The default visibility timeout (in seconds)" },
    "deleteAfterRead": { "index": 13, "kind": "property", "displayName": "Delete After Read", "group": "consumer", "label": "consumer", "required": false, "type": "boolean", "javaType": "boolean", "deprecated": false, "autowired": false, "secret": false, "defaultValue": true, "configurationClass": "org.apache.camel.component.aws2.sqs.Sqs2Configuration", "configurationField": "configuration", "description": "Delete message from SQS after it has been read" },
    "deleteIfFiltered": { "index": 14, "kind": "property", "displayName": "Delete If Filtered", "group": "consumer", "label": "consumer", "required": false, "type": "boolean", "javaType": "boolean", "deprecated": false, "autowired": false, "secret": false, "defaultValue": true, "configurationClass": "org.apache.camel.component.aws2.sqs.Sqs2Configuration", "configurationField": "configuration", "description": "Whether to send the DeleteMessage to the SQS queue if the exchange has property with key Sqs2Constants#SQS_DELETE_FILTERED (CamelAwsSqsDeleteFiltered) set to true." },
    "extendMessageVisibility": { "index": 15, "kind": "property", "displayName": "Extend Message Visibility", "group": "consumer", "label": "consumer", "required": false, "type": "boolean", "javaType": "boolean", "deprecated": false, "autowired": false, "secret": false, "defaultValue": false, "configurationClass": "org.apache.camel.component.aws2.sqs.Sqs2Configuration", "configurationField": "configuration", "description": "If enabled, then a scheduled background task will keep extending the message visibility on SQS. This is needed if it takes a long time to process the message. If set to true defaultVisibilityTimeout must be set. See details at Amazon docs." },
    "kmsDataKeyReusePeriodSeconds": { "index": 16, "kind": "property", "displayName": "Kms Data Key Reuse Period Seconds", "group": "consumer", "label": "consumer", "required": false, "type": "integer", "javaType": "java.lang.Integer", "deprecated": false, "autowired": false, "secret": false, "configurationClass": "org.apache.camel.component.aws2.sqs.Sqs2Configuration", "configurationField": "configuration", "description": "The length of time, in seconds, for which Amazon SQS can reuse a data key to encrypt or decrypt messages before calling AWS KMS again. An integer representing seconds, between 60 seconds (1 minute) and 86,400 seconds (24 hours). Default: 300 (5 minutes)." },
    "kmsMasterKeyId": { "index": 17, "kind": "property", "displayName": "Kms Master Key Id", "group": "consumer", "label": "consumer", "required": false, "type": "string", "javaType": "java.lang.String", "deprecated": false, "autowired": false, "secret": false, "configurationClass": "org.apache.camel.component.aws2.sqs.Sqs2Configuration", "configurationField": "configuration", "description": "The ID of an AWS-managed customer master key (CMK) for Amazon SQS or a custom CMK." },
    "messageAttributeNames": { "index": 18, "kind": "property", "displayName": "Message Attribute Names", "group": "consumer", "label": "consumer", "required": false, "type": "string", "javaType": "java.lang.String", "deprecated": false, "autowired": false, "secret": false, "configurationClass": "org.apache.camel.component.aws2.sqs.Sqs2Configuration", "configurationField": "configuration", "description": "A list of message attribute names to receive when consuming. Multiple names can be separated by comma." },
    "serverSideEncryptionEnabled": { "index": 19, "kind": "property", "displayName": "Server Side Encryption Enabled", "group": "consumer", "label": "consumer", "required": false, "type": "boolean", "javaType": "boolean", "deprecated": false, "autowired": false, "secret": false, "defaultValue": false, "configurationClass": "org.apache.camel.component.aws2.sqs.Sqs2Configuration", "configurationField": "configuration", "description": "Define if Server Side Encryption is enabled or not on the queue" },
    "sortAttributeName": { "index": 20, "kind": "property", "displayName": "Sort Attribute Name", "group": "consumer", "label": "consumer", "required": false, "type": "string", "javaType": "java.lang.String", "deprecated": false, "autowired": false, "secret": false, "configurationClass": "org.apache.camel.component.aws2.sqs.Sqs2Configuration", "configurationField": "configuration", "description": "The name of the message attribute used for sorting the messages. When specified, the messages polled by the consumer will be sorted by this attribute. This configuration may be of importance when you configure maxMessagesPerPoll parameter exceeding 10. In such cases, the messages will be fetched concurrently so the ordering is not guaranteed." },
    "visibilityTimeout": { "index": 21, "kind": "property", "displayName": "Visibility Timeout", "group": "consumer", "label": "consumer", "required": false, "type": "integer", "javaType": "java.lang.Integer", "deprecated": false, "autowired": false, "secret": false, "configurationClass": "org.apache.camel.component.aws2.sqs.Sqs2Configuration", "configurationField": "configuration", "description": "The duration (in seconds) that the received messages are hidden from subsequent retrieve requests after being retrieved by a ReceiveMessage request to set in the com.amazonaws.services.sqs.model.SetQueueAttributesRequest. This only makes sense if it's different from defaultVisibilityTimeout. It changes the queue visibility timeout attribute permanently." },
    "waitTimeSeconds": { "index": 22, "kind": "property", "displayName": "Wait Time Seconds", "group": "consumer", "label": "consumer", "required": false, "type": "integer", "javaType": "java.lang.Integer", "deprecated": false, "autowired": false, "secret": false, "configurationClass": "org.apache.camel.component.aws2.sqs.Sqs2Configuration", "configurationField": "configuration", "description": "Duration in seconds (0 to 20) that the ReceiveMessage action call will wait until a message is in the queue to include in the response." },
    "batchSeparator": { "index": 23, "kind": "property", "displayName": "Batch Separator", "group": "producer", "label": "producer", "required": false, "type": "string", "javaType": "java.lang.String", "deprecated": false, "autowired": false, "secret": false, "defaultValue": ",", "configurationClass": "org.apache.camel.component.aws2.sqs.Sqs2Configuration", "configurationField": "configuration", "description": "Set the separator when passing a String to send batch message operation" },
    "delaySeconds": { "index": 24, "kind": "property", "displayName": "Delay Seconds", "group": "producer", "label": "producer", "required": false, "type": "integer", "javaType": "java.lang.Integer", "deprecated": false, "autowired": false, "secret": false, "configurationClass": "org.apache.camel.component.aws2.sqs.Sqs2Configuration", "configurationField": "configuration", "description": "Delay sending messages for a number of seconds." },
    "lazyStartProducer": { "index": 25, "kind": "property", "displayName": "Lazy Start Producer", "group": "producer", "label": "producer", "required": false, "type": "boolean", "javaType": "boolean", "deprecated": false, "autowired": false, "secret": false, "defaultValue": false, "description": "Whether the producer should be started lazy (on the first message). By starting lazy you can use this to allow CamelContext and routes to startup in situations where a producer may otherwise fail during starting and cause the route to fail being started. By deferring this startup to be lazy then the startup failure can be handled during routing messages via Camel's routing error handlers. Beware that when the first message is processed then creating and starting the producer may take a little time and prolong the total processing time of the processing." },
    "messageDeduplicationIdStrategy": { "index": 26, "kind": "property", "displayName": "Message Deduplication Id Strategy", "group": "producer", "label": "producer", "required": false, "type": "enum", "javaType": "java.lang.String", "enum": [ "useExchangeId", "useContentBasedDeduplication" ], "deprecated": false, "autowired": false, "secret": false, "defaultValue": "useExchangeId", "configurationClass": "org.apache.camel.component.aws2.sqs.Sqs2Configuration", "configurationField": "configuration", "description": "Only for FIFO queues. Strategy for setting the messageDeduplicationId on the message. It can be one of the following options: useExchangeId, useContentBasedDeduplication. For the useContentBasedDeduplication option, no messageDeduplicationId will be set on the message." },
    "messageGroupIdStrategy": { "index": 27, "kind": "property", "displayName": "Message Group Id Strategy", "group": "producer", "label": "producer", "required": false, "type": "enum", "javaType": "java.lang.String", "enum": [ "useConstant", "useExchangeId", "usePropertyValue" ], "deprecated": false, "autowired": false, "secret": false, "configurationClass": "org.apache.camel.component.aws2.sqs.Sqs2Configuration", "configurationField": "configuration", "description": "Only for FIFO queues. Strategy for setting the messageGroupId on the message. It can be one of the following options: useConstant, useExchangeId, usePropertyValue. For the usePropertyValue option, the value of property CamelAwsMessageGroupId will be used." },
    "messageHeaderExceededLimit": { "index": 28, "kind": "property", "displayName": "Message Header Exceeded Limit", "group": "producer", "label": "producer", "required": false, "type": "enum", "javaType": "java.lang.String", "enum": [ "WARN", "WARN_ONCE", "IGNORE", "FAIL" ], "deprecated": false, "autowired": false, "secret": false, "defaultValue": "WARN", "configurationClass": "org.apache.camel.component.aws2.sqs.Sqs2Configuration", "configurationField": "configuration", "description": "What to do if sending to AWS SQS has more messages than AWS allows (currently only maximum 10 message headers are allowed). WARN will log a WARN about the limit is for each additional header, so the message can be sent to AWS. WARN_ONCE will only log one time a WARN about the limit is hit, and drop additional headers, so the message can be sent to AWS. IGNORE will ignore (no logging) and drop additional headers, so the message can be sent to AWS. FAIL will cause an exception to be thrown and the message is not sent to AWS." },
    "operation": { "index": 29, "kind": "property", "displayName": "Operation", "group": "producer", "label": "producer", "required": false, "type": "enum", "javaType": "org.apache.camel.component.aws2.sqs.Sqs2Operations", "enum": [ "sendBatchMessage", "deleteMessage", "listQueues", "purgeQueue", "deleteQueue" ], "deprecated": false, "autowired": false, "secret": false, "configurationClass": "org.apache.camel.component.aws2.sqs.Sqs2Configuration", "configurationField": "configuration", "description": "The operation to do in case the user don't want to send only a message" },
    "amazonSQSClient": { "index": 30, "kind": "property", "displayName": "Amazon SQSClient", "group": "advanced", "label": "advanced", "required": false, "type": "object", "javaType": "software.amazon.awssdk.services.sqs.SqsClient", "deprecated": false, "deprecationNote": "", "autowired": true, "secret": false, "configurationClass": "org.apache.camel.component.aws2.sqs.Sqs2Configuration", "configurationField": "configuration", "description": "To use the AmazonSQS client" },
    "autowiredEnabled": { "index": 31, "kind": "property", "displayName": "Autowired Enabled", "group": "advanced", "label": "advanced", "required": false, "type": "boolean", "javaType": "boolean", "deprecated": false, "autowired": false, "secret": false, "defaultValue": true, "description": "Whether autowiring is enabled. This is used for automatic autowiring options (the option must be marked as autowired) by looking up in the registry to find if there is a single instance of matching type, which then gets configured on the component. This can be used for automatic configuring JDBC data sources, JMS connection factories, AWS Clients, etc." },
    "delayQueue": { "index": 32, "kind": "property", "displayName": "Delay Queue", "group": "advanced", "label": "advanced", "required": false, "type": "boolean", "javaType": "boolean", "deprecated": false, "autowired": false, "secret": false, "defaultValue": false, "configurationClass": "org.apache.camel.component.aws2.sqs.Sqs2Configuration", "configurationField": "configuration", "description": "Define if you want to apply delaySeconds option to the queue or on single messages" },
    "healthCheckConsumerEnabled": { "index": 33, "kind": "property", "displayName": "Health Check Consumer Enabled", "group": "health", "label": "health", "required": false, "type": "boolean", "javaType": "boolean", "deprecated": false, "autowired": false, "secret": false, "defaultValue": true, "description": "Used for enabling or disabling all consumer based health checks from this component" },
    "healthCheckProducerEnabled": { "index": 34, "kind": "property", "displayName": "Health Check Producer Enabled", "group": "health", "label": "health", "required": false, "type": "boolean", "javaType": "boolean", "deprecated": false, "autowired": false, "secret": false, "defaultValue": true, "description": "Used for enabling or disabling all producer based health checks from this component. Notice: Camel has by default disabled all producer based health-checks. You can turn on producer checks globally by setting camel.health.producersEnabled=true." },
    "proxyHost": { "index": 35, "kind": "property", "displayName": "Proxy Host", "group": "proxy", "label": "proxy", "required": false, "type": "string", "javaType": "java.lang.String", "deprecated": false, "autowired": false, "secret": false, "configurationClass": "org.apache.camel.component.aws2.sqs.Sqs2Configuration", "configurationField": "configuration", "description": "To define a proxy host when instantiating the SQS client" },
    "proxyPort": { "index": 36, "kind": "property", "displayName": "Proxy Port", "group": "proxy", "label": "proxy", "required": false, "type": "integer", "javaType": "java.lang.Integer", "deprecated": false, "autowired": false, "secret": false, "configurationClass": "org.apache.camel.component.aws2.sqs.Sqs2Configuration", "configurationField": "configuration", "description": "To define a proxy port when instantiating the SQS client" },
    "proxyProtocol": { "index": 37, "kind": "property", "displayName": "Proxy Protocol", "group": "proxy", "label": "proxy", "required": false, "type": "enum", "javaType": "software.amazon.awssdk.core.Protocol", "enum": [ "HTTP", "HTTPS" ], "deprecated": false, "autowired": false, "secret": false, "defaultValue": "HTTPS", "configurationClass": "org.apache.camel.component.aws2.sqs.Sqs2Configuration", "configurationField": "configuration", "description": "To define a proxy protocol when instantiating the SQS client" },
    "maximumMessageSize": { "index": 38, "kind": "property", "displayName": "Maximum Message Size", "group": "queue", "label": "queue", "required": false, "type": "integer", "javaType": "java.lang.Integer", "deprecated": false, "autowired": false, "secret": false, "configurationClass": "org.apache.camel.component.aws2.sqs.Sqs2Configuration", "configurationField": "configuration", "description": "The maximumMessageSize (in bytes) an SQS message can contain for this queue." },
    "messageRetentionPeriod": { "index": 39, "kind": "property", "displayName": "Message Retention Period", "group": "queue", "label": "queue", "required": false, "type": "integer", "javaType": "java.lang.Integer", "deprecated": false, "autowired": false, "secret": false, "configurationClass": "org.apache.camel.component.aws2.sqs.Sqs2Configuration", "configurationField": "configuration", "description": "The messageRetentionPeriod (in seconds) a message will be retained by SQS for this queue." },
    "policy": { "index": 40, "kind": "property", "displayName": "Policy", "group": "queue", "label": "queue", "required": false, "type": "string", "javaType": "java.lang.String", "deprecated": false, "deprecationNote": "", "autowired": false, "secret": false, "supportFileReference": true, "configurationClass": "org.apache.camel.component.aws2.sqs.Sqs2Configuration", "configurationField": "configuration", "description": "The policy for this queue. It can be loaded by default from classpath, but you can prefix with classpath:, file:, or http: to load the resource from different systems." },
    "queueUrl": { "index": 41, "kind": "property", "displayName": "Queue Url", "group": "queue", "label": "queue", "required": false, "type": "string", "javaType": "java.lang.String", "deprecated": false, "autowired": false, "secret": false, "configurationClass": "org.apache.camel.component.aws2.sqs.Sqs2Configuration", "configurationField": "configuration", "description": "To define the queueUrl explicitly. All other parameters, which would influence the queueUrl, are ignored. This parameter is intended to be used to connect to a mock implementation of SQS, for testing purposes." },
    "receiveMessageWaitTimeSeconds": { "index": 42, "kind": "property", "displayName": "Receive Message Wait Time Seconds", "group": "queue", "label": "queue", "required": false, "type": "integer", "javaType": "java.lang.Integer", "deprecated": false, "autowired": false, "secret": false, "configurationClass": "org.apache.camel.component.aws2.sqs.Sqs2Configuration", "configurationField": "configuration", "description": "If you do not specify WaitTimeSeconds in the request, the queue attribute ReceiveMessageWaitTimeSeconds is used to determine how long to wait." },
    "redrivePolicy": { "index": 43, "kind": "property", "displayName": "Redrive Policy", "group": "queue", "label": "queue", "required": false, "type": "string", "javaType": "java.lang.String", "deprecated": false, "autowired": false, "secret": false, "configurationClass": "org.apache.camel.component.aws2.sqs.Sqs2Configuration", "configurationField": "configuration", "description": "Specify the policy that send message to DeadLetter queue. See detail at Amazon docs." },
    "accessKey": { "index": 44, "kind": "property", "displayName": "Access Key", "group": "security", "label": "security", "required": false, "type": "string", "javaType": "java.lang.String", "deprecated": false, "autowired": false, "secret": true, "configurationClass": "org.apache.camel.component.aws2.sqs.Sqs2Configuration", "configurationField": "configuration", "description": "Amazon AWS Access Key" },
    "profileCredentialsName": { "index": 45, "kind": "property", "displayName": "Profile Credentials Name", "group": "security", "label": "security", "required": false, "type": "string", "javaType": "java.lang.String", "deprecated": false, "autowired": false, "secret": false, "configurationClass": "org.apache.camel.component.aws2.sqs.Sqs2Configuration", "configurationField": "configuration", "description": "If using a profile credentials provider, this parameter will set the profile name" },
    "secretKey": { "index": 46, "kind": "property", "displayName": "Secret Key", "group": "security", "label": "security", "required": false, "type": "string", "javaType": "java.lang.String", "deprecated": false, "autowired": false, "secret": true, "configurationClass": "org.apache.camel.component.aws2.sqs.Sqs2Configuration", "configurationField": "configuration", "description": "Amazon AWS Secret Key" },
    "sessionToken": { "index": 47, "kind": "property", "displayName": "Session Token", "group": "security", "label": "security", "required": false, "type": "string", "javaType": "java.lang.String", "deprecated": false, "autowired": false, "secret": true, "configurationClass": "org.apache.camel.component.aws2.sqs.Sqs2Configuration", "configurationField": "configuration", "description": "Amazon AWS Session Token used when the user needs to assume an IAM role" },
    "trustAllCertificates": { "index": 48, "kind": "property", "displayName": "Trust All Certificates", "group": "security", "label": "security", "required": false, "type": "boolean", "javaType": "boolean", "deprecated": false, "autowired": false, "secret": false, "defaultValue": false, "configurationClass": "org.apache.camel.component.aws2.sqs.Sqs2Configuration", "configurationField": "configuration", "description": "If we want to trust all certificates in case of overriding the endpoint" },
    "useDefaultCredentialsProvider": { "index": 49, "kind": "property", "displayName": "Use Default Credentials Provider", "group": "security", "label": "security", "required": false, "type": "boolean", "javaType": "boolean", "deprecated": false, "autowired": false, "secret": false, "defaultValue": false, "configurationClass": "org.apache.camel.component.aws2.sqs.Sqs2Configuration", "configurationField": "configuration", "description": "Set whether the SQS client should expect to load credentials on an AWS infra instance or to expect static credentials to be passed in." },
    "useProfileCredentialsProvider": { "index": 50, "kind": "property", "displayName": "Use Profile Credentials Provider", "group": "security", "label": "security", "required": false, "type": "boolean", "javaType": "boolean", "deprecated": false, "autowired": false, "secret": false, "defaultValue": false, "configurationClass": "org.apache.camel.component.aws2.sqs.Sqs2Configuration", "configurationField": "configuration", "description": "Set whether the SQS client should expect to load credentials through a profile credentials provider." },
    "useSessionCredentials": { "index": 51, "kind": "property", "displayName": "Use Session Credentials", "group": "security", "label": "security", "required": false, "type": "boolean", "javaType": "boolean", "deprecated": false, "autowired": false, "secret": false, "defaultValue": false, "configurationClass": "org.apache.camel.component.aws2.sqs.Sqs2Configuration", "configurationField": "configuration", "description": "Set whether the SQS client should expect to use Session Credentials. This is useful in a situation in which the user needs to assume an IAM role for doing operations in SQS." }
  },
  "headers": {
    "CamelAwsSqsAttributes": { "index": 0, "kind": "header", "displayName": "", "group": "consumer", "label": "consumer", "required": false, "javaType": "Map<MessageSystemAttributeName, String>", "deprecated": false, "deprecationNote": "", "autowired": false, "secret": false, "description": "A map of the attributes requested in ReceiveMessage to their respective values.", "constantName": "org.apache.camel.component.aws2.sqs.Sqs2Constants#ATTRIBUTES" },
    "CamelAwsSqsMessageAttributes": { "index": 1, "kind": "header", "displayName": "", "group": "consumer", "label": "consumer", "required": false, "javaType": "Map<String, MessageAttributeValue>", "deprecated": false, "deprecationNote": "", "autowired": false, "secret": false, "description": "The Amazon SQS message attributes.", "constantName": "org.apache.camel.component.aws2.sqs.Sqs2Constants#MESSAGE_ATTRIBUTES" },
    "CamelAwsSqsMD5OfBody": { "index": 2, "kind": "header", "displayName": "", "group": "common", "label": "", "required": false, "javaType": "String", "deprecated": false, "deprecationNote": "", "autowired": false, "secret": false, "description": "The MD5 checksum of the Amazon SQS message.", "constantName": "org.apache.camel.component.aws2.sqs.Sqs2Constants#MD5_OF_BODY" },
    "CamelAwsSqsMessageId": { "index": 3, "kind": "header", "displayName": "", "group": "common", "label": "", "required": false, "javaType": "String", "deprecated": false, "deprecationNote": "", "autowired": false, "secret": false, "description": "The Amazon SQS message ID.", "constantName": "org.apache.camel.component.aws2.sqs.Sqs2Constants#MESSAGE_ID" },
    "CamelAwsSqsReceiptHandle": { "index": 4, "kind": "header", "displayName": "", "group": "common", "label": "", "required": false, "javaType": "String", "deprecated": false, "deprecationNote": "", "autowired": false, "secret": false, "description": "The Amazon SQS message receipt handle.", "constantName": "org.apache.camel.component.aws2.sqs.Sqs2Constants#RECEIPT_HANDLE" },
    "CamelAwsSqsDelaySeconds": { "index": 5, "kind": "header", "displayName": "", "group": "producer", "label": "producer", "required": false, "javaType": "Integer", "deprecated": false, "deprecationNote": "", "autowired": false, "secret": false, "description": "The delay seconds that the Amazon SQS message can be see by others.", "constantName": "org.apache.camel.component.aws2.sqs.Sqs2Constants#DELAY_HEADER" },
    "CamelAwsSqsPrefix": { "index": 6, "kind": "header", "displayName": "", "group": "common", "label": "", "required": false, "javaType": "String", "deprecated": false, "deprecationNote": "", "autowired": false, "secret": false, "description": "A string to use for filtering the list results.", "constantName": "org.apache.camel.component.aws2.sqs.Sqs2Constants#SQS_QUEUE_PREFIX" },
    "CamelAwsSqsOperation": { "index": 7, "kind": "header", "displayName": "", "group": "common", "label": "", "required": false, "javaType": "String", "deprecated": false, "deprecationNote": "", "autowired": false, "secret": false, "description": "The operation we want to perform", "constantName": "org.apache.camel.component.aws2.sqs.Sqs2Constants#SQS_OPERATION" },
    "CamelAwsSqsNextToken": { "index": 8, "kind": "header", "displayName": "", "group": "listQueues", "label": "listQueues", "required": false, "javaType": "String", "deprecated": false, "deprecationNote": "", "autowired": false, "secret": false, "description": "The token for the next set of results.", "constantName": "org.apache.camel.component.aws2.sqs.Sqs2Constants#NEXT_TOKEN" },
    "CamelAwsSqsMaxResults": { "index": 9, "kind": "header", "displayName": "", "group": "listQueues", "label": "listQueues", "required": false, "javaType": "Integer", "deprecated": false, "deprecationNote": "", "autowired": false, "secret": false, "description": "The maximum number of results to return.", "constantName": "org.apache.camel.component.aws2.sqs.Sqs2Constants#MAX_RESULTS" },
    "CamelAwsSqsIsTruncated": { "index": 10, "kind": "header", "displayName": "", "group": "listQueues", "label": "listQueues", "required": false, "javaType": "Boolean", "deprecated": false, "deprecationNote": "", "autowired": false, "secret": false, "description": "Whether the response has more results (is truncated).", "constantName": "org.apache.camel.component.aws2.sqs.Sqs2Constants#IS_TRUNCATED" },
    "CamelAwsSqsSequenceNumber": { "index": 11, "kind": "header", "displayName": "", "group": "producer", "label": "producer", "required": false, "javaType": "String", "deprecated": false, "deprecationNote": "", "autowired": false, "secret": false, "description": "The sequence number for FIFO queues.", "constantName": "org.apache.camel.component.aws2.sqs.Sqs2Constants#SEQUENCE_NUMBER" },
    "CamelAwsSqsFailedMessageCount": { "index": 12, "kind": "header", "displayName": "", "group": "sendBatchMessage", "label": "sendBatchMessage", "required": false, "javaType": "Integer", "deprecated": false, "deprecationNote": "", "autowired": false, "secret": false, "description": "The number of failed messages in a batch send operation.", "constantName": "org.apache.camel.component.aws2.sqs.Sqs2Constants#FAILED_MESSAGE_COUNT" },
    "CamelAwsSqsSuccessfulMessageCount": { "index": 13, "kind": "header", "displayName": "", "group": "sendBatchMessage", "label": "sendBatchMessage", "required": false, "javaType": "Integer", "deprecated": false, "deprecationNote": "", "autowired": false, "secret": false, "description": "The number of successful messages in a batch send operation.", "constantName": "org.apache.camel.component.aws2.sqs.Sqs2Constants#SUCCESSFUL_MESSAGE_COUNT" }
  },
  "properties": {
    "queueNameOrArn": { "index": 0, "kind": "path", "displayName": "Queue Name Or Arn", "group": "common", "label": "", "required": true, "type": "string", "javaType": "java.lang.String", "deprecated": false, "deprecationNote": "", "autowired": false, "secret": false, "description": "Queue name or ARN" },
    "amazonAWSHost": { "index": 1, "kind": "parameter", "displayName": "Amazon AWSHost", "group": "common", "label": "", "required": false, "type": "string", "javaType": "java.lang.String", "deprecated": false, "autowired": false, "secret": false, "defaultValue": "amazonaws.com", "configurationClass": "org.apache.camel.component.aws2.sqs.Sqs2Configuration", "configurationField": "configuration", "description": "The hostname of the Amazon AWS cloud." },
    "autoCreateQueue": { "index": 2, "kind": "parameter", "displayName": "Auto Create Queue", "group": "common", "label": "", "required": false, "type": "boolean", "javaType": "boolean", "deprecated": false, "autowired": false, "secret": false, "defaultValue": false, "configurationClass": "org.apache.camel.component.aws2.sqs.Sqs2Configuration", "configurationField": "configuration", "description": "Setting the auto-creation of the queue" },
    "headerFilterStrategy": { "index": 3, "kind": "parameter", "displayName": "Header Filter Strategy", "group": "common", "label": "", "required": false, "type": "object", "javaType": "org.apache.camel.spi.HeaderFilterStrategy", "deprecated": false, "autowired": false, "secret": false, "description": "To use a custom HeaderFilterStrategy to map headers to\/from Camel." },
    "overrideEndpoint": { "index": 4, "kind": "parameter", "displayName": "Override Endpoint", "group": "common", "label": "", "required": false, "type": "boolean", "javaType": "boolean", "deprecated": false, "autowired": false, "secret": false, "defaultValue": false, "configurationClass": "org.apache.camel.component.aws2.sqs.Sqs2Configuration", "configurationField": "configuration", "description": "Set the need for overriding the endpoint. This option needs to be used in combination with the uriEndpointOverride option" },
    "protocol": { "index": 5, "kind": "parameter", "displayName": "Protocol", "group": "common", "label": "", "required": false, "type": "string", "javaType": "java.lang.String", "deprecated": false, "autowired": false, "secret": false, "defaultValue": "https", "configurationClass": "org.apache.camel.component.aws2.sqs.Sqs2Configuration", "configurationField": "configuration", "description": "The underlying protocol used to communicate with SQS" },
    "queueOwnerAWSAccountId": { "index": 6, "kind": "parameter", "displayName": "Queue Owner AWSAccount Id", "group": "common", "label": "", "required": false, "type": "string", "javaType": "java.lang.String", "deprecated": false, "autowired": false, "secret": true, "configurationClass": "org.apache.camel.component.aws2.sqs.Sqs2Configuration", "configurationField": "configuration", "description": "Specify the queue owner aws account id when you need to connect the queue with a different account owner." },
    "region": { "index": 7, "kind": "parameter", "displayName": "Region", "group": "common", "label": "", "required": false, "type": "enum", "javaType": "java.lang.String", "enum": [ "ap-south-2", "ap-south-1", "eu-south-1", "eu-south-2", "us-gov-east-1", "me-central-1", "il-central-1", "ca-central-1", "eu-central-1", "us-iso-west-1", "eu-central-2", "eu-isoe-west-1", "us-west-1", "us-west-2", "af-south-1", "eu-north-1", "eu-west-3", "eu-west-2", "eu-west-1", "ap-northeast-3", "ap-northeast-2", "ap-northeast-1", "me-south-1", "sa-east-1", "ap-east-1", "cn-north-1", "ca-west-1", "us-gov-west-1", "ap-southeast-1", "ap-southeast-2", "us-iso-east-1", "ap-southeast-3", "ap-southeast-4", "us-east-1", "us-east-2", "cn-northwest-1", "us-isob-east-1", "aws-global", "aws-cn-global", "aws-us-gov-global", "aws-iso-global", "aws-iso-b-global" ], "deprecated": false, "autowired": false, "secret": false, "configurationClass": "org.apache.camel.component.aws2.sqs.Sqs2Configuration", "configurationField": "configuration", "description": "The region in which SQS client needs to work. When using this parameter, the configuration will expect the lowercase name of the region (for example, ap-east-1) You'll need to use the name Region.EU_WEST_1.id()" },
    "uriEndpointOverride": { "index": 8, "kind": "parameter", "displayName": "Uri Endpoint Override", "group": "common", "label": "", "required": false, "type": "string", "javaType": "java.lang.String", "deprecated": false, "autowired": false, "secret": false, "configurationClass": "org.apache.camel.component.aws2.sqs.Sqs2Configuration", "configurationField": "configuration", "description": "Set the overriding uri endpoint. This option needs to be used in combination with overrideEndpoint option" },
    "attributeNames": { "index": 9, "kind": "parameter", "displayName": "Attribute Names", "group": "consumer", "label": "consumer", "required": false, "type": "string", "javaType": "java.lang.String", "deprecated": false, "autowired": false, "secret": false, "configurationClass": "org.apache.camel.component.aws2.sqs.Sqs2Configuration", "configurationField": "configuration", "description": "A list of attribute names to receive when consuming. Multiple names can be separated by comma." },
    "concurrentConsumers": { "index": 10, "kind": "parameter", "displayName": "Concurrent Consumers", "group": "consumer", "label": "consumer", "required": false, "type": "integer", "javaType": "int", "deprecated": false, "autowired": false, "secret": false, "defaultValue": 1, "configurationClass": "org.apache.camel.component.aws2.sqs.Sqs2Configuration", "configurationField": "configuration", "description": "Allows you to use multiple threads to poll the sqs queue to increase throughput" },
    "concurrentRequestLimit": { "index": 11, "kind": "parameter", "displayName": "Concurrent Request Limit", "group": "consumer", "label": "consumer", "required": false, "type": "integer", "javaType": "int", "deprecated": false, "autowired": false, "secret": false, "defaultValue": 50, "configurationClass": "org.apache.camel.component.aws2.sqs.Sqs2Configuration", "configurationField": "configuration", "description": "The maximum number of concurrent receive request send to AWS in single consumer polling." },
    "defaultVisibilityTimeout": { "index": 12, "kind": "parameter", "displayName": "Default Visibility Timeout", "group": "consumer", "label": "consumer", "required": false, "type": "integer", "javaType": "java.lang.Integer", "deprecated": false, "autowired": false, "secret": false, "configurationClass": "org.apache.camel.component.aws2.sqs.Sqs2Configuration", "configurationField": "configuration", "description": "The default visibility timeout (in seconds)" },
    "deleteAfterRead": { "index": 13, "kind": "parameter", "displayName": "Delete After Read", "group": "consumer", "label": "consumer", "required": false, "type": "boolean", "javaType": "boolean", "deprecated": false, "autowired": false, "secret": false, "defaultValue": true, "configurationClass": "org.apache.camel.component.aws2.sqs.Sqs2Configuration", "configurationField": "configuration", "description": "Delete message from SQS after it has been read" },
    "deleteIfFiltered": { "index": 14, "kind": "parameter", "displayName": "Delete If Filtered", "group": "consumer", "label": "consumer", "required": false, "type": "boolean", "javaType": "boolean", "deprecated": false, "autowired": false, "secret": false, "defaultValue": true, "configurationClass": "org.apache.camel.component.aws2.sqs.Sqs2Configuration", "configurationField": "configuration", "description": "Whether to send the DeleteMessage to the SQS queue if the exchange has property with key Sqs2Constants#SQS_DELETE_FILTERED (CamelAwsSqsDeleteFiltered) set to true." },
    "extendMessageVisibility": { "index": 15, "kind": "parameter", "displayName": "Extend Message Visibility", "group": "consumer", "label": "consumer", "required": false, "type": "boolean", "javaType": "boolean", "deprecated": false, "autowired": false, "secret": false, "defaultValue": false, "configurationClass": "org.apache.camel.component.aws2.sqs.Sqs2Configuration", "configurationField": "configuration", "description": "If enabled, then a scheduled background task will keep extending the message visibility on SQS. This is needed if it takes a long time to process the message. If set to true defaultVisibilityTimeout must be set. See details at Amazon docs." },
    "kmsDataKeyReusePeriodSeconds": { "index": 16, "kind": "parameter", "displayName": "Kms Data Key Reuse Period Seconds", "group": "consumer", "label": "consumer", "required": false, "type": "integer", "javaType": "java.lang.Integer", "deprecated": false, "autowired": false, "secret": false, "configurationClass": "org.apache.camel.component.aws2.sqs.Sqs2Configuration", "configurationField": "configuration", "description": "The length of time, in seconds, for which Amazon SQS can reuse a data key to encrypt or decrypt messages before calling AWS KMS again. An integer representing seconds, between 60 seconds (1 minute) and 86,400 seconds (24 hours). Default: 300 (5 minutes)." },
    "kmsMasterKeyId": { "index": 17, "kind": "parameter", "displayName": "Kms Master Key Id", "group": "consumer", "label": "consumer", "required": false, "type": "string", "javaType": "java.lang.String", "deprecated": false, "autowired": false, "secret": false, "configurationClass": "org.apache.camel.component.aws2.sqs.Sqs2Configuration", "configurationField": "configuration", "description": "The ID of an AWS-managed customer master key (CMK) for Amazon SQS or a custom CMK." },
    "maxMessagesPerPoll": { "index": 18, "kind": "parameter", "displayName": "Max Messages Per Poll", "group": "consumer", "label": "consumer", "required": false, "type": "integer", "javaType": "int", "deprecated": false, "autowired": false, "secret": false, "description": "Gets the maximum number of messages as a limit to poll at each polling. Is default unlimited, but use 0 or negative number to disable it as unlimited." },
    "messageAttributeNames": { "index": 19, "kind": "parameter", "displayName": "Message Attribute Names", "group": "consumer", "label": "consumer", "required": false, "type": "string", "javaType": "java.lang.String", "deprecated": false, "autowired": false, "secret": false, "configurationClass": "org.apache.camel.component.aws2.sqs.Sqs2Configuration", "configurationField": "configuration", "description": "A list of message attribute names to receive when consuming. Multiple names can be separated by comma." },
    "sendEmptyMessageWhenIdle": { "index": 20, "kind": "parameter", "displayName": "Send Empty Message When Idle", "group": "consumer", "label": "consumer", "required": false, "type": "boolean", "javaType": "boolean", "deprecated": false, "autowired": false, "secret": false, "defaultValue": false, "description": "If the polling consumer did not poll any files, you can enable this option to send an empty message (no body) instead." },
    "serverSideEncryptionEnabled": { "index": 21, "kind": "parameter", "displayName": "Server Side Encryption Enabled", "group": "consumer", "label": "consumer", "required": false, "type": "boolean", "javaType": "boolean", "deprecated": false, "autowired": false, "secret": false, "defaultValue": false, "configurationClass": "org.apache.camel.component.aws2.sqs.Sqs2Configuration", "configurationField": "configuration", "description": "Define if Server Side Encryption is enabled or not on the queue" },
    "sortAttributeName": { "index": 22, "kind": "parameter", "displayName": "Sort Attribute Name", "group": "consumer", "label": "consumer", "required": false, "type": "string", "javaType": "java.lang.String", "deprecated": false, "autowired": false, "secret": false, "configurationClass": "org.apache.camel.component.aws2.sqs.Sqs2Configuration", "configurationField": "configuration", "description": "The name of the message attribute used for sorting the messages. When specified, the messages polled by the consumer will be sorted by this attribute. This configuration may be of importance when you configure maxMessagesPerPoll parameter exceeding 10. In such cases, the messages will be fetched concurrently so the ordering is not guaranteed." },
    "visibilityTimeout": { "index": 23, "kind": "parameter", "displayName": "Visibility Timeout", "group": "consumer", "label": "consumer", "required": false, "type": "integer", "javaType": "java.lang.Integer", "deprecated": false, "autowired": false, "secret": false, "configurationClass": "org.apache.camel.component.aws2.sqs.Sqs2Configuration", "configurationField": "configuration", "description": "The duration (in seconds) that the received messages are hidden from subsequent retrieve requests after being retrieved by a ReceiveMessage request to set in the com.amazonaws.services.sqs.model.SetQueueAttributesRequest. This only makes sense if it's different from defaultVisibilityTimeout. It changes the queue visibility timeout attribute permanently." },
    "waitTimeSeconds": { "index": 24, "kind": "parameter", "displayName": "Wait Time Seconds", "group": "consumer", "label": "consumer", "required": false, "type": "integer", "javaType": "java.lang.Integer", "deprecated": false, "autowired": false, "secret": false, "configurationClass": "org.apache.camel.component.aws2.sqs.Sqs2Configuration", "configurationField": "configuration", "description": "Duration in seconds (0 to 20) that the ReceiveMessage action call will wait until a message is in the queue to include in the response." },
    "bridgeErrorHandler": { "index": 25, "kind": "parameter", "displayName": "Bridge Error Handler", "group": "consumer (advanced)", "label": "consumer,advanced", "required": false, "type": "boolean", "javaType": "boolean", "deprecated": false, "autowired": false, "secret": false, "defaultValue": false, "description": "Allows for bridging the consumer to the Camel routing Error Handler, which mean any exceptions (if possible) occurred while the Camel consumer is trying to pickup incoming messages, or the likes, will now be processed as a message and handled by the routing Error Handler. Important: This is only possible if the 3rd party component allows Camel to be alerted if an exception was thrown. Some components handle this internally only, and therefore bridgeErrorHandler is not possible. In other situations we may improve the Camel component to hook into the 3rd party component and make this possible for future releases. By default the consumer will use the org.apache.camel.spi.ExceptionHandler to deal with exceptions, that will be logged at WARN or ERROR level and ignored." },
    "exceptionHandler": { "index": 26, "kind": "parameter", "displayName": "Exception Handler", "group": "consumer (advanced)", "label": "consumer,advanced", "required": false, "type": "object", "javaType": "org.apache.camel.spi.ExceptionHandler", "optionalPrefix": "consumer.", "deprecated": false, "autowired": false, "secret": false, "description": "To let the consumer use a custom ExceptionHandler. Notice if the option bridgeErrorHandler is enabled then this option is not in use. By default the consumer will deal with exceptions, that will be logged at WARN or ERROR level and ignored." },
    "exchangePattern": { "index": 27, "kind": "parameter", "displayName": "Exchange Pattern", "group": "consumer (advanced)", "label": "consumer,advanced", "required": false, "type": "enum", "javaType": "org.apache.camel.ExchangePattern", "enum": [ "InOnly", "InOut" ], "deprecated": false, "autowired": false, "secret": false, "description": "Sets the exchange pattern when the consumer creates an exchange." },
    "pollStrategy": { "index": 28, "kind": "parameter", "displayName": "Poll Strategy", "group": "consumer (advanced)", "label": "consumer,advanced", "required": false, "type": "object", "javaType": "org.apache.camel.spi.PollingConsumerPollStrategy", "deprecated": false, "autowired": false, "secret": false, "description": "A pluggable org.apache.camel.PollingConsumerPollingStrategy allowing you to provide your custom implementation to control error handling usually occurred during the poll operation before an Exchange have been created and being routed in Camel." },
    "batchSeparator": { "index": 29, "kind": "parameter", "displayName": "Batch Separator", "group": "producer", "label": "producer", "required": false, "type": "string", "javaType": "java.lang.String", "deprecated": false, "autowired": false, "secret": false, "defaultValue": ",", "configurationClass": "org.apache.camel.component.aws2.sqs.Sqs2Configuration", "configurationField": "configuration", "description": "Set the separator when passing a String to send batch message operation" },
    "delaySeconds": { "index": 30, "kind": "parameter", "displayName": "Delay Seconds", "group": "producer", "label": "producer", "required": false, "type": "integer", "javaType": "java.lang.Integer", "deprecated": false, "autowired": false, "secret": false, "configurationClass": "org.apache.camel.component.aws2.sqs.Sqs2Configuration", "configurationField": "configuration", "description": "Delay sending messages for a number of seconds." },
    "messageDeduplicationIdStrategy": { "index": 31, "kind": "parameter", "displayName": "Message Deduplication Id Strategy", "group": "producer", "label": "producer", "required": false, "type": "enum", "javaType": "java.lang.String", "enum": [ "useExchangeId", "useContentBasedDeduplication" ], "deprecated": false, "autowired": false, "secret": false, "defaultValue": "useExchangeId", "configurationClass": "org.apache.camel.component.aws2.sqs.Sqs2Configuration", "configurationField": "configuration", "description": "Only for FIFO queues. Strategy for setting the messageDeduplicationId on the message. It can be one of the following options: useExchangeId, useContentBasedDeduplication. For the useContentBasedDeduplication option, no messageDeduplicationId will be set on the message." },
    "messageGroupIdStrategy": { "index": 32, "kind": "parameter", "displayName": "Message Group Id Strategy", "group": "producer", "label": "producer", "required": false, "type": "enum", "javaType": "java.lang.String", "enum": [ "useConstant", "useExchangeId", "usePropertyValue" ], "deprecated": false, "autowired": false, "secret": false, "configurationClass": "org.apache.camel.component.aws2.sqs.Sqs2Configuration", "configurationField": "configuration", "description": "Only for FIFO queues. Strategy for setting the messageGroupId on the message. It can be one of the following options: useConstant, useExchangeId, usePropertyValue. For the usePropertyValue option, the value of property CamelAwsMessageGroupId will be used." },
    "messageHeaderExceededLimit": { "index": 33, "kind": "parameter", "displayName": "Message Header Exceeded Limit", "group": "producer", "label": "producer", "required": false, "type": "enum", "javaType": "java.lang.String", "enum": [ "WARN", "WARN_ONCE", "IGNORE", "FAIL" ], "deprecated": false, "autowired": false, "secret": false, "defaultValue": "WARN", "configurationClass": "org.apache.camel.component.aws2.sqs.Sqs2Configuration", "configurationField": "configuration", "description": "What to do if sending to AWS SQS has more messages than AWS allows (currently only maximum 10 message headers are allowed). WARN will log a WARN about the limit is for each additional header, so the message can be sent to AWS. WARN_ONCE will only log one time a WARN about the limit is hit, and drop additional headers, so the message can be sent to AWS. IGNORE will ignore (no logging) and drop additional headers, so the message can be sent to AWS. FAIL will cause an exception to be thrown and the message is not sent to AWS." },
    "operation": { "index": 34, "kind": "parameter", "displayName": "Operation", "group": "producer", "label": "producer", "required": false, "type": "enum", "javaType": "org.apache.camel.component.aws2.sqs.Sqs2Operations", "enum": [ "sendBatchMessage", "deleteMessage", "listQueues", "purgeQueue", "deleteQueue" ], "deprecated": false, "autowired": false, "secret": false, "configurationClass": "org.apache.camel.component.aws2.sqs.Sqs2Configuration", "configurationField": "configuration", "description": "The operation to do in case the user don't want to send only a message" },
    "lazyStartProducer": { "index": 35, "kind": "parameter", "displayName": "Lazy Start Producer", "group": "producer (advanced)", "label": "producer,advanced", "required": false, "type": "boolean", "javaType": "boolean", "deprecated": false, "autowired": false, "secret": false, "defaultValue": false, "description": "Whether the producer should be started lazy (on the first message). By starting lazy you can use this to allow CamelContext and routes to startup in situations where a producer may otherwise fail during starting and cause the route to fail being started. By deferring this startup to be lazy then the startup failure can be handled during routing messages via Camel's routing error handlers. Beware that when the first message is processed then creating and starting the producer may take a little time and prolong the total processing time of the processing." },
    "amazonSQSClient": { "index": 36, "kind": "parameter", "displayName": "Amazon SQSClient", "group": "advanced", "label": "advanced", "required": false, "type": "object", "javaType": "software.amazon.awssdk.services.sqs.SqsClient", "deprecated": false, "deprecationNote": "", "autowired": true, "secret": false, "configurationClass": "org.apache.camel.component.aws2.sqs.Sqs2Configuration", "configurationField": "configuration", "description": "To use the AmazonSQS client" },
    "delayQueue": { "index": 37, "kind": "parameter", "displayName": "Delay Queue", "group": "advanced", "label": "advanced", "required": false, "type": "boolean", "javaType": "boolean", "deprecated": false, "autowired": false, "secret": false, "defaultValue": false, "configurationClass": "org.apache.camel.component.aws2.sqs.Sqs2Configuration", "configurationField": "configuration", "description": "Define if you want to apply delaySeconds option to the queue or on single messages" },
    "proxyHost": { "index": 38, "kind": "parameter", "displayName": "Proxy Host", "group": "proxy", "label": "proxy", "required": false, "type": "string", "javaType": "java.lang.String", "deprecated": false, "autowired": false, "secret": false, "configurationClass": "org.apache.camel.component.aws2.sqs.Sqs2Configuration", "configurationField": "configuration", "description": "To define a proxy host when instantiating the SQS client" },
    "proxyPort": { "index": 39, "kind": "parameter", "displayName": "Proxy Port", "group": "proxy", "label": "proxy", "required": false, "type": "integer", "javaType": "java.lang.Integer", "deprecated": false, "autowired": false, "secret": false, "configurationClass": "org.apache.camel.component.aws2.sqs.Sqs2Configuration", "configurationField": "configuration", "description": "To define a proxy port when instantiating the SQS client" },
    "proxyProtocol": { "index": 40, "kind": "parameter", "displayName": "Proxy Protocol", "group": "proxy", "label": "proxy", "required": false, "type": "enum", "javaType": "software.amazon.awssdk.core.Protocol", "enum": [ "HTTP", "HTTPS" ], "deprecated": false, "autowired": false, "secret": false, "defaultValue": "HTTPS", "configurationClass": "org.apache.camel.component.aws2.sqs.Sqs2Configuration", "configurationField": "configuration", "description": "To define a proxy protocol when instantiating the SQS client" },
    "maximumMessageSize": { "index": 41, "kind": "parameter", "displayName": "Maximum Message Size", "group": "queue", "label": "queue", "required": false, "type": "integer", "javaType": "java.lang.Integer", "deprecated": false, "autowired": false, "secret": false, "configurationClass": "org.apache.camel.component.aws2.sqs.Sqs2Configuration", "configurationField": "configuration", "description": "The maximumMessageSize (in bytes) an SQS message can contain for this queue." },
    "messageRetentionPeriod": { "index": 42, "kind": "parameter", "displayName": "Message Retention Period", "group": "queue", "label": "queue", "required": false, "type": "integer", "javaType": "java.lang.Integer", "deprecated": false, "autowired": false, "secret": false, "configurationClass": "org.apache.camel.component.aws2.sqs.Sqs2Configuration", "configurationField": "configuration", "description": "The messageRetentionPeriod (in seconds) a message will be retained by SQS for this queue." },
    "policy": { "index": 43, "kind": "parameter", "displayName": "Policy", "group": "queue", "label": "queue", "required": false, "type": "string", "javaType": "java.lang.String", "deprecated": false, "deprecationNote": "", "autowired": false, "secret": false, "supportFileReference": true, "configurationClass": "org.apache.camel.component.aws2.sqs.Sqs2Configuration", "configurationField": "configuration", "description": "The policy for this queue. It can be loaded by default from classpath, but you can prefix with classpath:, file:, or http: to load the resource from different systems." },
    "queueUrl": { "index": 44, "kind": "parameter", "displayName": "Queue Url", "group": "queue", "label": "queue", "required": false, "type": "string", "javaType": "java.lang.String", "deprecated": false, "autowired": false, "secret": false, "configurationClass": "org.apache.camel.component.aws2.sqs.Sqs2Configuration", "configurationField": "configuration", "description": "To define the queueUrl explicitly. All other parameters, which would influence the queueUrl, are ignored. This parameter is intended to be used to connect to a mock implementation of SQS, for testing purposes." },
    "receiveMessageWaitTimeSeconds": { "index": 45, "kind": "parameter", "displayName": "Receive Message Wait Time Seconds", "group": "queue", "label": "queue", "required": false, "type": "integer", "javaType": "java.lang.Integer", "deprecated": false, "autowired": false, "secret": false, "configurationClass": "org.apache.camel.component.aws2.sqs.Sqs2Configuration", "configurationField": "configuration", "description": "If you do not specify WaitTimeSeconds in the request, the queue attribute ReceiveMessageWaitTimeSeconds is used to determine how long to wait." },
    "redrivePolicy": { "index": 46, "kind": "parameter", "displayName": "Redrive Policy", "group": "queue", "label": "queue", "required": false, "type": "string", "javaType": "java.lang.String", "deprecated": false, "autowired": false, "secret": false, "configurationClass": "org.apache.camel.component.aws2.sqs.Sqs2Configuration", "configurationField": "configuration", "description": "Specify the policy that send message to DeadLetter queue. See detail at Amazon docs." },
    "backoffErrorThreshold": { "index": 47, "kind": "parameter", "displayName": "Backoff Error Threshold", "group": "scheduler", "label": "consumer,scheduler", "required": false, "type": "integer", "javaType": "int", "deprecated": false, "autowired": false, "secret": false, "description": "The number of subsequent error polls (failed due some error) that should happen before the backoffMultipler should kick-in." },
    "backoffIdleThreshold": { "index": 48, "kind": "parameter", "displayName": "Backoff Idle Threshold", "group": "scheduler", "label": "consumer,scheduler", "required": false, "type": "integer", "javaType": "int", "deprecated": false, "autowired": false, "secret": false, "description": "The number of subsequent idle polls that should happen before the backoffMultipler should kick-in." },
    "backoffMultiplier": { "index": 49, "kind": "parameter", "displayName": "Backoff Multiplier", "group": "scheduler", "label": "consumer,scheduler", "required": false, "type": "integer", "javaType": "int", "deprecated": false, "autowired": false, "secret": false, "description": "To let the scheduled polling consumer backoff if there has been a number of subsequent idles\/errors in a row. The multiplier is then the number of polls that will be skipped before the next actual attempt is happening again. When this option is in use then backoffIdleThreshold and\/or backoffErrorThreshold must also be configured." },
    "delay": { "index": 50, "kind": "parameter", "displayName": "Delay", "group": "scheduler", "label": "consumer,scheduler", "required": false, "type": "integer", "javaType": "long", "deprecated": false, "autowired": false, "secret": false, "defaultValue": 500, "description": "Milliseconds before the next poll." },
    "greedy": { "index": 51, "kind": "parameter", "displayName": "Greedy", "group": "scheduler", "label": "consumer,scheduler", "required": false, "type": "boolean", "javaType": "boolean", "deprecated": false, "autowired": false, "secret": false, "defaultValue": false, "description": "If greedy is enabled, then the ScheduledPollConsumer will run immediately again, if the previous run polled 1 or more messages." },
    "initialDelay": { "index": 52, "kind": "parameter", "displayName": "Initial Delay", "group": "scheduler", "label": "consumer,scheduler", "required": false, "type": "integer", "javaType": "long", "deprecated": false, "autowired": false, "secret": false, "defaultValue": 1000, "description": "Milliseconds before the first poll starts." },
    "repeatCount": { "index": 53, "kind": "parameter", "displayName": "Repeat Count", "group": "scheduler", "label": "consumer,scheduler", "required": false, "type": "integer", "javaType": "long", "deprecated": false, "autowired": false, "secret": false, "defaultValue": 0, "description": "Specifies a maximum limit of number of fires. So if you set it to 1, the scheduler will only fire once. If you set it to 5, it will only fire five times. A value of zero or negative means fire forever." },
    "runLoggingLevel": { "index": 54, "kind": "parameter", "displayName": "Run Logging Level", "group": "scheduler", "label": "consumer,scheduler", "required": false, "type": "enum", "javaType": "org.apache.camel.LoggingLevel", "enum": [ "TRACE", "DEBUG", "INFO", "WARN", "ERROR", "OFF" ], "deprecated": false, "autowired": false, "secret": false, "defaultValue": "TRACE", "description": "The consumer logs a start\/complete log line when it polls. This option allows you to configure the logging level for that." },
    "scheduledExecutorService": { "index": 55, "kind": "parameter", "displayName": "Scheduled Executor Service", "group": "scheduler", "label": "consumer,scheduler", "required": false, "type": "object", "javaType": "java.util.concurrent.ScheduledExecutorService", "deprecated": false, "autowired": false, "secret": false, "description": "Allows for configuring a custom\/shared thread pool to use for the consumer. By default each consumer has its own single threaded thread pool." },
    "scheduler": { "index": 56, "kind": "parameter", "displayName": "Scheduler", "group": "scheduler", "label": "consumer,scheduler", "required": false, "type": "object", "javaType": "java.lang.Object", "deprecated": false, "autowired": false, "secret": false, "defaultValue": "none", "description": "To use a cron scheduler from either camel-spring or camel-quartz component. Use value spring or quartz for built in scheduler" },
    "schedulerProperties": { "index": 57, "kind": "parameter", "displayName": "Scheduler Properties", "group": "scheduler", "label": "consumer,scheduler", "required": false, "type": "object", "javaType": "java.util.Map<java.lang.String, java.lang.Object>", "prefix": "scheduler.", "multiValue": true, "deprecated": false, "autowired": false, "secret": false, "description": "To configure additional properties when using a custom scheduler or any of the Quartz, Spring based scheduler. This is a multi-value option with prefix: scheduler." },
    "startScheduler": { "index": 58, "kind": "parameter", "displayName": "Start Scheduler", "group": "scheduler", "label": "consumer,scheduler", "required": false, "type": "boolean", "javaType": "boolean", "deprecated": false, "autowired": false, "secret": false, "defaultValue": true, "description": "Whether the scheduler should be auto started." },
    "timeUnit": { "index": 59, "kind": "parameter", "displayName": "Time Unit", "group": "scheduler", "label": "consumer,scheduler", "required": false, "type": "enum", "javaType": "java.util.concurrent.TimeUnit", "enum": [ "NANOSECONDS", "MICROSECONDS", "MILLISECONDS", "SECONDS", "MINUTES", "HOURS", "DAYS" ], "deprecated": false, "autowired": false, "secret": false, "defaultValue": "MILLISECONDS", "description": "Time unit for initialDelay and delay options." },
    "useFixedDelay": { "index": 60, "kind": "parameter", "displayName": "Use Fixed Delay", "group": "scheduler", "label": "consumer,scheduler", "required": false, "type": "boolean", "javaType": "boolean", "deprecated": false, "autowired": false, "secret": false, "defaultValue": true, "description": "Controls if fixed delay or fixed rate is used. See ScheduledExecutorService in JDK for details." },
    "accessKey": { "index": 61, "kind": "parameter", "displayName": "Access Key", "group": "security", "label": "security", "required": false, "type": "string", "javaType": "java.lang.String", "deprecated": false, "autowired": false, "secret": true, "configurationClass": "org.apache.camel.component.aws2.sqs.Sqs2Configuration", "configurationField": "configuration", "description": "Amazon AWS Access Key" },
    "profileCredentialsName": { "index": 62, "kind": "parameter", "displayName": "Profile Credentials Name", "group": "security", "label": "security", "required": false, "type": "string", "javaType": "java.lang.String", "deprecated": false, "autowired": false, "secret": false, "configurationClass": "org.apache.camel.component.aws2.sqs.Sqs2Configuration", "configurationField": "configuration", "description": "If using a profile credentials provider, this parameter will set the profile name" },
    "secretKey": { "index": 63, "kind": "parameter", "displayName": "Secret Key", "group": "security", "label": "security", "required": false, "type": "string", "javaType": "java.lang.String", "deprecated": false, "autowired": false, "secret": true, "configurationClass": "org.apache.camel.component.aws2.sqs.Sqs2Configuration", "configurationField": "configuration", "description": "Amazon AWS Secret Key" },
    "sessionToken": { "index": 64, "kind": "parameter", "displayName": "Session Token", "group": "security", "label": "security", "required": false, "type": "string", "javaType": "java.lang.String", "deprecated": false, "autowired": false, "secret": true, "configurationClass": "org.apache.camel.component.aws2.sqs.Sqs2Configuration", "configurationField": "configuration", "description": "Amazon AWS Session Token used when the user needs to assume an IAM role" },
    "trustAllCertificates": { "index": 65, "kind": "parameter", "displayName": "Trust All Certificates", "group": "security", "label": "security", "required": false, "type": "boolean", "javaType": "boolean", "deprecated": false, "autowired": false, "secret": false, "defaultValue": false, "configurationClass": "org.apache.camel.component.aws2.sqs.Sqs2Configuration", "configurationField": "configuration", "description": "If we want to trust all certificates in case of overriding the endpoint" },
    "useDefaultCredentialsProvider": { "index": 66, "kind": "parameter", "displayName": "Use Default Credentials Provider", "group": "security", "label": "security", "required": false, "type": "boolean", "javaType": "boolean", "deprecated": false, "autowired": false, "secret": false, "defaultValue": false, "configurationClass": "org.apache.camel.component.aws2.sqs.Sqs2Configuration", "configurationField": "configuration", "description": "Set whether the SQS client should expect to load credentials on an AWS infra instance or to expect static credentials to be passed in." },
    "useProfileCredentialsProvider": { "index": 67, "kind": "parameter", "displayName": "Use Profile Credentials Provider", "group": "security", "label": "security", "required": false, "type": "boolean", "javaType": "boolean", "deprecated": false, "autowired": false, "secret": false, "defaultValue": false, "configurationClass": "org.apache.camel.component.aws2.sqs.Sqs2Configuration", "configurationField": "configuration", "description": "Set whether the SQS client should expect to load credentials through a profile credentials provider." },
    "useSessionCredentials": { "index": 68, "kind": "parameter", "displayName": "Use Session Credentials", "group": "security", "label": "security", "required": false, "type": "boolean", "javaType": "boolean", "deprecated": false, "autowired": false, "secret": false, "defaultValue": false, "configurationClass": "org.apache.camel.component.aws2.sqs.Sqs2Configuration", "configurationField": "configuration", "description": "Set whether the SQS client should expect to use Session Credentials. This is useful in a situation in which the user needs to assume an IAM role for doing operations in SQS." }
  }
}
