{
  "component": {
    "kind": "component",
    "name": "aws2-transcribe",
    "title": "AWS Transcribe",
    "description": "Automatically convert speech to text using AWS Transcribe service",
    "deprecated": false,
    "firstVersion": "4.15.0",
    "label": "cloud,messaging",
    "javaType": "org.apache.camel.component.aws2.transcribe.Transcribe2Component",
    "supportLevel": "Stable",
    "groupId": "org.apache.camel",
    "artifactId": "camel-aws2-transcribe",
    "version": "4.18.0-SNAPSHOT",
    "scheme": "aws2-transcribe",
    "extendsScheme": "",
    "syntax": "aws2-transcribe:label",
    "async": false,
    "api": false,
    "consumerOnly": false,
    "producerOnly": true,
    "lenientProperties": false,
    "browsable": false,
    "remote": true
  },
  "componentProperties": {
    "configuration": { "index": 0, "kind": "property", "displayName": "Configuration", "group": "producer", "label": "", "required": false, "type": "object", "javaType": "org.apache.camel.component.aws2.transcribe.Transcribe2Configuration", "deprecated": false, "autowired": false, "secret": false, "description": "Component configuration" },
    "lazyStartProducer": { "index": 1, "kind": "property", "displayName": "Lazy Start Producer", "group": "producer", "label": "producer", "required": false, "type": "boolean", "javaType": "boolean", "deprecated": false, "autowired": false, "secret": false, "defaultValue": false, "description": "Whether the producer should be started lazy (on the first message). By starting lazy you can use this to allow CamelContext and routes to startup in situations where a producer may otherwise fail during starting and cause the route to fail being started. By deferring this startup to be lazy then the startup failure can be handled during routing messages via Camel's routing error handlers. Beware that when the first message is processed then creating and starting the producer may take a little time and prolong the total processing time of the processing." },
    "operation": { "index": 2, "kind": "property", "displayName": "Operation", "group": "producer", "label": "producer", "required": false, "type": "enum", "javaType": "org.apache.camel.component.aws2.transcribe.Transcribe2Operations", "enum": [ "startTranscriptionJob", "getTranscriptionJob", "listTranscriptionJobs", "deleteTranscriptionJob", "createVocabulary", "getVocabulary", "listVocabularies", "updateVocabulary", "deleteVocabulary", "createVocabularyFilter", "getVocabularyFilter", "listVocabularyFilters", "updateVocabularyFilter", "deleteVocabularyFilter", "createLanguageModel", "describeLanguageModel", "listLanguageModels", "deleteLanguageModel", "createMedicalVocabulary", "getMedicalVocabulary", "listMedicalVocabularies", "updateMedicalVocabulary", "deleteMedicalVocabulary", "startMedicalTranscriptionJob", "getMedicalTranscriptionJob", "listMedicalTranscriptionJobs", "deleteMedicalTranscriptionJob", "tagResource", "untagResource", "listTagsForResource" ], "deprecated": false, "autowired": false, "secret": false, "configurationClass": "org.apache.camel.component.aws2.transcribe.Transcribe2Configuration", "configurationField": "configuration", "description": "The operation to perform" },
    "overrideEndpoint": { "index": 3, "kind": "property", "displayName": "Override Endpoint", "group": "producer", "label": "", "required": false, "type": "boolean", "javaType": "boolean", "deprecated": false, "autowired": false, "secret": false, "defaultValue": false, "configurationClass": "org.apache.camel.component.aws2.transcribe.Transcribe2Configuration", "configurationField": "configuration", "description": "Set the need for overriding the endpoint. This option needs to be used in combination with uriEndpointOverride option" },
    "pojoRequest": { "index": 4, "kind": "property", "displayName": "Pojo Request", "group": "producer", "label": "", "required": false, "type": "boolean", "javaType": "boolean", "deprecated": false, "autowired": false, "secret": false, "defaultValue": false, "configurationClass": "org.apache.camel.component.aws2.transcribe.Transcribe2Configuration", "configurationField": "configuration", "description": "If we want to use a POJO request as body or not" },
    "profileCredentialsName": { "index": 5, "kind": "property", "displayName": "Profile Credentials Name", "group": "producer", "label": "", "required": false, "type": "string", "javaType": "java.lang.String", "deprecated": false, "autowired": false, "secret": false, "configurationClass": "org.apache.camel.component.aws2.transcribe.Transcribe2Configuration", "configurationField": "configuration", "description": "If using a profile credentials provider this parameter will set the profile name." },
    "protocol": { "index": 6, "kind": "property", "displayName": "Protocol", "group": "producer", "label": "", "required": false, "type": "enum", "javaType": "software.amazon.awssdk.core.Protocol", "enum": [ "HTTP", "HTTPS" ], "deprecated": false, "autowired": false, "secret": false, "defaultValue": "HTTPS", "configurationClass": "org.apache.camel.component.aws2.transcribe.Transcribe2Configuration", "configurationField": "configuration", "description": "To define a proxy protocol when instantiating the Transcribe client" },
    "proxyHost": { "index": 7, "kind": "property", "displayName": "Proxy Host", "group": "producer", "label": "", "required": false, "type": "string", "javaType": "java.lang.String", "deprecated": false, "autowired": false, "secret": false, "configurationClass": "org.apache.camel.component.aws2.transcribe.Transcribe2Configuration", "configurationField": "configuration", "description": "To define a proxy host when instantiating the Transcribe client" },
    "proxyPort": { "index": 8, "kind": "property", "displayName": "Proxy Port", "group": "producer", "label": "", "required": false, "type": "integer", "javaType": "java.lang.Integer", "deprecated": false, "autowired": false, "secret": false, "configurationClass": "org.apache.camel.component.aws2.transcribe.Transcribe2Configuration", "configurationField": "configuration", "description": "To define a proxy port when instantiating the Transcribe client" },
    "proxyProtocol": { "index": 9, "kind": "property", "displayName": "Proxy Protocol", "group": "producer", "label": "", "required": false, "type": "enum", "javaType": "software.amazon.awssdk.core.Protocol", "enum": [ "HTTP", "HTTPS" ], "deprecated": false, "autowired": false, "secret": false, "defaultValue": "HTTPS", "configurationClass": "org.apache.camel.component.aws2.transcribe.Transcribe2Configuration", "configurationField": "configuration", "description": "To define a proxy protocol when instantiating the Transcribe client" },
    "region": { "index": 10, "kind": "property", "displayName": "Region", "group": "producer", "label": "", "required": false, "type": "string", "javaType": "java.lang.String", "deprecated": false, "autowired": false, "secret": false, "configurationClass": "org.apache.camel.component.aws2.transcribe.Transcribe2Configuration", "configurationField": "configuration", "description": "The region in which Transcribe client needs to work. When using this parameter, the configuration will expect the lowercase name of the region (for example ap-east-1) You'll need to use the name Region.EU_WEST_1.id()" },
    "transcribeClient": { "index": 11, "kind": "property", "displayName": "Transcribe Client", "group": "producer", "label": "", "required": false, "type": "object", "javaType": "software.amazon.awssdk.services.transcribe.TranscribeClient", "deprecated": false, "autowired": false, "secret": false, "configurationClass": "org.apache.camel.component.aws2.transcribe.Transcribe2Configuration", "configurationField": "configuration", "description": "To use a existing configured AWS Transcribe as client" },
    "trustAllCertificates": { "index": 12, "kind": "property", "displayName": "Trust All Certificates", "group": "producer", "label": "", "required": false, "type": "boolean", "javaType": "boolean", "deprecated": false, "autowired": false, "secret": false, "defaultValue": true, "configurationClass": "org.apache.camel.component.aws2.transcribe.Transcribe2Configuration", "configurationField": "configuration", "description": "If we want to trust all certificates in case of overriding the endpoint" },
    "uriEndpointOverride": { "index": 13, "kind": "property", "displayName": "Uri Endpoint Override", "group": "producer", "label": "", "required": false, "type": "string", "javaType": "java.lang.String", "deprecated": false, "autowired": false, "secret": false, "configurationClass": "org.apache.camel.component.aws2.transcribe.Transcribe2Configuration", "configurationField": "configuration", "description": "Set the overriding uri endpoint. This option needs to be used in combination with overrideEndpoint option" },
    "useDefaultCredentialsProvider": { "index": 14, "kind": "property", "displayName": "Use Default Credentials Provider", "group": "producer", "label": "", "required": false, "type": "boolean", "javaType": "boolean", "deprecated": false, "autowired": false, "secret": false, "defaultValue": false, "configurationClass": "org.apache.camel.component.aws2.transcribe.Transcribe2Configuration", "configurationField": "configuration", "description": "Set whether the Transcribe client should expect to load credentials through a default credentials provider or to expect static credentials to be passed in." },
    "useProfileCredentialsProvider": { "index": 15, "kind": "property", "displayName": "Use Profile Credentials Provider", "group": "producer", "label": "", "required": false, "type": "boolean", "javaType": "boolean", "deprecated": false, "autowired": false, "secret": false, "defaultValue": false, "configurationClass": "org.apache.camel.component.aws2.transcribe.Transcribe2Configuration", "configurationField": "configuration", "description": "Set whether the Transcribe client should expect to load credentials through a profile credentials provider." },
    "useSessionCredentials": { "index": 16, "kind": "property", "displayName": "Use Session Credentials", "group": "producer", "label": "", "required": false, "type": "boolean", "javaType": "boolean", "deprecated": false, "autowired": false, "secret": false, "defaultValue": false, "configurationClass": "org.apache.camel.component.aws2.transcribe.Transcribe2Configuration", "configurationField": "configuration", "description": "Set whether the Transcribe client should expect to use Session Credentials. This is useful in a situation in which the user needs to assume a IAM role for doing the operations." },
    "autowiredEnabled": { "index": 17, "kind": "property", "displayName": "Autowired Enabled", "group": "advanced", "label": "advanced", "required": false, "type": "boolean", "javaType": "boolean", "deprecated": false, "autowired": false, "secret": false, "defaultValue": true, "description": "Whether autowiring is enabled. This is used for automatic autowiring options (the option must be marked as autowired) by looking up in the registry to find if there is a single instance of matching type, which then gets configured on the component. This can be used for automatic configuring JDBC data sources, JMS connection factories, AWS Clients, etc." },
    "accessKey": { "index": 18, "kind": "property", "displayName": "Access Key", "group": "security", "label": "security", "required": false, "type": "string", "javaType": "java.lang.String", "deprecated": false, "autowired": false, "secret": true, "configurationClass": "org.apache.camel.component.aws2.transcribe.Transcribe2Configuration", "configurationField": "configuration", "description": "Amazon AWS Access Key" },
    "proxyPassword": { "index": 19, "kind": "property", "displayName": "Proxy Password", "group": "security", "label": "security", "required": false, "type": "string", "javaType": "java.lang.String", "deprecated": false, "autowired": false, "secret": true, "configurationClass": "org.apache.camel.component.aws2.transcribe.Transcribe2Configuration", "configurationField": "configuration", "description": "To define a proxy password when instantiating the Transcribe client" },
    "proxyUsername": { "index": 20, "kind": "property", "displayName": "Proxy Username", "group": "security", "label": "security", "required": false, "type": "string", "javaType": "java.lang.String", "deprecated": false, "autowired": false, "secret": true, "configurationClass": "org.apache.camel.component.aws2.transcribe.Transcribe2Configuration", "configurationField": "configuration", "description": "To define a proxy username when instantiating the Transcribe client" },
    "secretKey": { "index": 21, "kind": "property", "displayName": "Secret Key", "group": "security", "label": "security", "required": false, "type": "string", "javaType": "java.lang.String", "deprecated": false, "autowired": false, "secret": true, "configurationClass": "org.apache.camel.component.aws2.transcribe.Transcribe2Configuration", "configurationField": "configuration", "description": "Amazon AWS Secret Key" },
    "sessionToken": { "index": 22, "kind": "property", "displayName": "Session Token", "group": "security", "label": "security", "required": false, "type": "string", "javaType": "java.lang.String", "deprecated": false, "autowired": false, "secret": true, "configurationClass": "org.apache.camel.component.aws2.transcribe.Transcribe2Configuration", "configurationField": "configuration", "description": "Amazon AWS Session Token used when the user needs to assume a IAM role" }
  },
  "headers": {
    "CamelAwsTranscribeTranscriptionJobName": { "index": 0, "kind": "header", "displayName": "", "group": "producer", "label": "producer", "required": false, "javaType": "String", "deprecated": false, "deprecationNote": "", "autowired": false, "secret": false, "description": "The name of the transcription job", "constantName": "org.apache.camel.component.aws2.transcribe.Transcribe2Constants#TRANSCRIPTION_JOB_NAME" },
    "CamelAwsTranscribeLanguageCode": { "index": 1, "kind": "header", "displayName": "", "group": "producer", "label": "producer", "required": false, "javaType": "String", "deprecated": false, "deprecationNote": "", "autowired": false, "secret": false, "description": "The language code for the transcription job", "constantName": "org.apache.camel.component.aws2.transcribe.Transcribe2Constants#LANGUAGE_CODE" },
    "CamelAwsTranscribeMediaFormat": { "index": 2, "kind": "header", "displayName": "", "group": "producer", "label": "producer", "required": false, "javaType": "String", "deprecated": false, "deprecationNote": "", "autowired": false, "secret": false, "description": "The format of the input media file", "constantName": "org.apache.camel.component.aws2.transcribe.Transcribe2Constants#MEDIA_FORMAT" },
    "CamelAwsTranscribeMediaUri": { "index": 3, "kind": "header", "displayName": "", "group": "producer", "label": "producer", "required": false, "javaType": "String", "deprecated": false, "deprecationNote": "", "autowired": false, "secret": false, "description": "The URI of the media file to transcribe", "constantName": "org.apache.camel.component.aws2.transcribe.Transcribe2Constants#MEDIA_URI" },
    "CamelAwsTranscribeJobNameContains": { "index": 4, "kind": "header", "displayName": "", "group": "producer", "label": "producer", "required": false, "javaType": "String", "deprecated": false, "deprecationNote": "", "autowired": false, "secret": false, "description": "Filter transcription jobs by name containing this string", "constantName": "org.apache.camel.component.aws2.transcribe.Transcribe2Constants#JOB_NAME_CONTAINS" },
    "CamelAwsTranscribeStatus": { "index": 5, "kind": "header", "displayName": "", "group": "producer", "label": "producer", "required": false, "javaType": "String", "deprecated": false, "deprecationNote": "", "autowired": false, "secret": false, "description": "The status of the transcription job", "constantName": "org.apache.camel.component.aws2.transcribe.Transcribe2Constants#STATUS" },
    "CamelAwsTranscribeVocabularyName": { "index": 6, "kind": "header", "displayName": "", "group": "producer", "label": "producer", "required": false, "javaType": "String", "deprecated": false, "deprecationNote": "", "autowired": false, "secret": false, "description": "The name of the custom vocabulary to use", "constantName": "org.apache.camel.component.aws2.transcribe.Transcribe2Constants#VOCABULARY_NAME" },
    "CamelAwsTranscribeVocabularyFilterName": { "index": 7, "kind": "header", "displayName": "", "group": "producer", "label": "producer", "required": false, "javaType": "String", "deprecated": false, "deprecationNote": "", "autowired": false, "secret": false, "description": "The name of the vocabulary filter to use", "constantName": "org.apache.camel.component.aws2.transcribe.Transcribe2Constants#VOCABULARY_FILTER_NAME" },
    "CamelAwsTranscribeVocabularyPhrases": { "index": 8, "kind": "header", "displayName": "", "group": "producer", "label": "producer", "required": false, "javaType": "List<String>", "deprecated": false, "deprecationNote": "", "autowired": false, "secret": false, "description": "List of phrases for custom vocabulary", "constantName": "org.apache.camel.component.aws2.transcribe.Transcribe2Constants#VOCABULARY_PHRASES" },
    "CamelAwsTranscribeLanguageModelName": { "index": 9, "kind": "header", "displayName": "", "group": "producer", "label": "producer", "required": false, "javaType": "String", "deprecated": false, "deprecationNote": "", "autowired": false, "secret": false, "description": "The name of the custom language model to use", "constantName": "org.apache.camel.component.aws2.transcribe.Transcribe2Constants#LANGUAGE_MODEL_NAME" },
    "CamelAwsTranscribeMedicalTranscriptionJobName": { "index": 10, "kind": "header", "displayName": "", "group": "producer", "label": "producer", "required": false, "javaType": "String", "deprecated": false, "deprecationNote": "", "autowired": false, "secret": false, "description": "The name of the medical transcription job", "constantName": "org.apache.camel.component.aws2.transcribe.Transcribe2Constants#MEDICAL_TRANSCRIPTION_JOB_NAME" },
    "CamelAwsTranscribeResourceArn": { "index": 11, "kind": "header", "displayName": "", "group": "producer", "label": "producer", "required": false, "javaType": "String", "deprecated": false, "deprecationNote": "", "autowired": false, "secret": false, "description": "The Amazon Resource Name (ARN) of the resource", "constantName": "org.apache.camel.component.aws2.transcribe.Transcribe2Constants#RESOURCE_ARN" },
    "CamelAwsTranscribeTags": { "index": 12, "kind": "header", "displayName": "", "group": "producer", "label": "producer", "required": false, "javaType": "Map<String, String>", "deprecated": false, "deprecationNote": "", "autowired": false, "secret": false, "description": "A map of tags to assign to the resource", "constantName": "org.apache.camel.component.aws2.transcribe.Transcribe2Constants#TAGS" },
    "CamelAwsTranscribeTagKeys": { "index": 13, "kind": "header", "displayName": "", "group": "producer", "label": "producer", "required": false, "javaType": "List<String>", "deprecated": false, "deprecationNote": "", "autowired": false, "secret": false, "description": "A list of tag keys to remove from the resource", "constantName": "org.apache.camel.component.aws2.transcribe.Transcribe2Constants#TAG_KEYS" }
  },
  "properties": {
    "label": { "index": 0, "kind": "path", "displayName": "Label", "group": "producer", "label": "", "required": true, "type": "string", "javaType": "java.lang.String", "deprecated": false, "deprecationNote": "", "autowired": false, "secret": false, "configurationClass": "org.apache.camel.component.aws2.transcribe.Transcribe2Configuration", "configurationField": "configuration", "description": "Logical name" },
    "operation": { "index": 1, "kind": "parameter", "displayName": "Operation", "group": "producer", "label": "producer", "required": false, "type": "enum", "javaType": "org.apache.camel.component.aws2.transcribe.Transcribe2Operations", "enum": [ "startTranscriptionJob", "getTranscriptionJob", "listTranscriptionJobs", "deleteTranscriptionJob", "createVocabulary", "getVocabulary", "listVocabularies", "updateVocabulary", "deleteVocabulary", "createVocabularyFilter", "getVocabularyFilter", "listVocabularyFilters", "updateVocabularyFilter", "deleteVocabularyFilter", "createLanguageModel", "describeLanguageModel", "listLanguageModels", "deleteLanguageModel", "createMedicalVocabulary", "getMedicalVocabulary", "listMedicalVocabularies", "updateMedicalVocabulary", "deleteMedicalVocabulary", "startMedicalTranscriptionJob", "getMedicalTranscriptionJob", "listMedicalTranscriptionJobs", "deleteMedicalTranscriptionJob", "tagResource", "untagResource", "listTagsForResource" ], "deprecated": false, "autowired": false, "secret": false, "configurationClass": "org.apache.camel.component.aws2.transcribe.Transcribe2Configuration", "configurationField": "configuration", "description": "The operation to perform" },
    "overrideEndpoint": { "index": 2, "kind": "parameter", "displayName": "Override Endpoint", "group": "producer", "label": "", "required": false, "type": "boolean", "javaType": "boolean", "deprecated": false, "autowired": false, "secret": false, "defaultValue": false, "configurationClass": "org.apache.camel.component.aws2.transcribe.Transcribe2Configuration", "configurationField": "configuration", "description": "Set the need for overriding the endpoint. This option needs to be used in combination with uriEndpointOverride option" },
    "pojoRequest": { "index": 3, "kind": "parameter", "displayName": "Pojo Request", "group": "producer", "label": "", "required": false, "type": "boolean", "javaType": "boolean", "deprecated": false, "autowired": false, "secret": false, "defaultValue": false, "configurationClass": "org.apache.camel.component.aws2.transcribe.Transcribe2Configuration", "configurationField": "configuration", "description": "If we want to use a POJO request as body or not" },
    "profileCredentialsName": { "index": 4, "kind": "parameter", "displayName": "Profile Credentials Name", "group": "producer", "label": "", "required": false, "type": "string", "javaType": "java.lang.String", "deprecated": false, "autowired": false, "secret": false, "configurationClass": "org.apache.camel.component.aws2.transcribe.Transcribe2Configuration", "configurationField": "configuration", "description": "If using a profile credentials provider this parameter will set the profile name." },
    "protocol": { "index": 5, "kind": "parameter", "displayName": "Protocol", "group": "producer", "label": "", "required": false, "type": "enum", "javaType": "software.amazon.awssdk.core.Protocol", "enum": [ "HTTP", "HTTPS" ], "deprecated": false, "autowired": false, "secret": false, "defaultValue": "HTTPS", "configurationClass": "org.apache.camel.component.aws2.transcribe.Transcribe2Configuration", "configurationField": "configuration", "description": "To define a proxy protocol when instantiating the Transcribe client" },
    "proxyHost": { "index": 6, "kind": "parameter", "displayName": "Proxy Host", "group": "producer", "label": "", "required": false, "type": "string", "javaType": "java.lang.String", "deprecated": false, "autowired": false, "secret": false, "configurationClass": "org.apache.camel.component.aws2.transcribe.Transcribe2Configuration", "configurationField": "configuration", "description": "To define a proxy host when instantiating the Transcribe client" },
    "proxyPort": { "index": 7, "kind": "parameter", "displayName": "Proxy Port", "group": "producer", "label": "", "required": false, "type": "integer", "javaType": "java.lang.Integer", "deprecated": false, "autowired": false, "secret": false, "configurationClass": "org.apache.camel.component.aws2.transcribe.Transcribe2Configuration", "configurationField": "configuration", "description": "To define a proxy port when instantiating the Transcribe client" },
    "proxyProtocol": { "index": 8, "kind": "parameter", "displayName": "Proxy Protocol", "group": "producer", "label": "", "required": false, "type": "enum", "javaType": "software.amazon.awssdk.core.Protocol", "enum": [ "HTTP", "HTTPS" ], "deprecated": false, "autowired": false, "secret": false, "defaultValue": "HTTPS", "configurationClass": "org.apache.camel.component.aws2.transcribe.Transcribe2Configuration", "configurationField": "configuration", "description": "To define a proxy protocol when instantiating the Transcribe client" },
    "region": { "index": 9, "kind": "parameter", "displayName": "Region", "group": "producer", "label": "", "required": false, "type": "string", "javaType": "java.lang.String", "deprecated": false, "autowired": false, "secret": false, "configurationClass": "org.apache.camel.component.aws2.transcribe.Transcribe2Configuration", "configurationField": "configuration", "description": "The region in which Transcribe client needs to work. When using this parameter, the configuration will expect the lowercase name of the region (for example ap-east-1) You'll need to use the name Region.EU_WEST_1.id()" },
    "transcribeClient": { "index": 10, "kind": "parameter", "displayName": "Transcribe Client", "group": "producer", "label": "", "required": false, "type": "object", "javaType": "software.amazon.awssdk.services.transcribe.TranscribeClient", "deprecated": false, "autowired": false, "secret": false, "configurationClass": "org.apache.camel.component.aws2.transcribe.Transcribe2Configuration", "configurationField": "configuration", "description": "To use a existing configured AWS Transcribe as client" },
    "trustAllCertificates": { "index": 11, "kind": "parameter", "displayName": "Trust All Certificates", "group": "producer", "label": "", "required": false, "type": "boolean", "javaType": "boolean", "deprecated": false, "autowired": false, "secret": false, "defaultValue": true, "configurationClass": "org.apache.camel.component.aws2.transcribe.Transcribe2Configuration", "configurationField": "configuration", "description": "If we want to trust all certificates in case of overriding the endpoint" },
    "uriEndpointOverride": { "index": 12, "kind": "parameter", "displayName": "Uri Endpoint Override", "group": "producer", "label": "", "required": false, "type": "string", "javaType": "java.lang.String", "deprecated": false, "autowired": false, "secret": false, "configurationClass": "org.apache.camel.component.aws2.transcribe.Transcribe2Configuration", "configurationField": "configuration", "description": "Set the overriding uri endpoint. This option needs to be used in combination with overrideEndpoint option" },
    "useDefaultCredentialsProvider": { "index": 13, "kind": "parameter", "displayName": "Use Default Credentials Provider", "group": "producer", "label": "", "required": false, "type": "boolean", "javaType": "boolean", "deprecated": false, "autowired": false, "secret": false, "defaultValue": false, "configurationClass": "org.apache.camel.component.aws2.transcribe.Transcribe2Configuration", "configurationField": "configuration", "description": "Set whether the Transcribe client should expect to load credentials through a default credentials provider or to expect static credentials to be passed in." },
    "useProfileCredentialsProvider": { "index": 14, "kind": "parameter", "displayName": "Use Profile Credentials Provider", "group": "producer", "label": "", "required": false, "type": "boolean", "javaType": "boolean", "deprecated": false, "autowired": false, "secret": false, "defaultValue": false, "configurationClass": "org.apache.camel.component.aws2.transcribe.Transcribe2Configuration", "configurationField": "configuration", "description": "Set whether the Transcribe client should expect to load credentials through a profile credentials provider." },
    "useSessionCredentials": { "index": 15, "kind": "parameter", "displayName": "Use Session Credentials", "group": "producer", "label": "", "required": false, "type": "boolean", "javaType": "boolean", "deprecated": false, "autowired": false, "secret": false, "defaultValue": false, "configurationClass": "org.apache.camel.component.aws2.transcribe.Transcribe2Configuration", "configurationField": "configuration", "description": "Set whether the Transcribe client should expect to use Session Credentials. This is useful in a situation in which the user needs to assume a IAM role for doing the operations." },
    "lazyStartProducer": { "index": 16, "kind": "parameter", "displayName": "Lazy Start Producer", "group": "producer (advanced)", "label": "producer,advanced", "required": false, "type": "boolean", "javaType": "boolean", "deprecated": false, "autowired": false, "secret": false, "defaultValue": false, "description": "Whether the producer should be started lazy (on the first message). By starting lazy you can use this to allow CamelContext and routes to startup in situations where a producer may otherwise fail during starting and cause the route to fail being started. By deferring this startup to be lazy then the startup failure can be handled during routing messages via Camel's routing error handlers. Beware that when the first message is processed then creating and starting the producer may take a little time and prolong the total processing time of the processing." },
    "accessKey": { "index": 17, "kind": "parameter", "displayName": "Access Key", "group": "security", "label": "security", "required": false, "type": "string", "javaType": "java.lang.String", "deprecated": false, "autowired": false, "secret": true, "configurationClass": "org.apache.camel.component.aws2.transcribe.Transcribe2Configuration", "configurationField": "configuration", "description": "Amazon AWS Access Key" },
    "proxyPassword": { "index": 18, "kind": "parameter", "displayName": "Proxy Password", "group": "security", "label": "security", "required": false, "type": "string", "javaType": "java.lang.String", "deprecated": false, "autowired": false, "secret": true, "configurationClass": "org.apache.camel.component.aws2.transcribe.Transcribe2Configuration", "configurationField": "configuration", "description": "To define a proxy password when instantiating the Transcribe client" },
    "proxyUsername": { "index": 19, "kind": "parameter", "displayName": "Proxy Username", "group": "security", "label": "security", "required": false, "type": "string", "javaType": "java.lang.String", "deprecated": false, "autowired": false, "secret": true, "configurationClass": "org.apache.camel.component.aws2.transcribe.Transcribe2Configuration", "configurationField": "configuration", "description": "To define a proxy username when instantiating the Transcribe client" },
    "secretKey": { "index": 20, "kind": "parameter", "displayName": "Secret Key", "group": "security", "label": "security", "required": false, "type": "string", "javaType": "java.lang.String", "deprecated": false, "autowired": false, "secret": true, "configurationClass": "org.apache.camel.component.aws2.transcribe.Transcribe2Configuration", "configurationField": "configuration", "description": "Amazon AWS Secret Key" },
    "sessionToken": { "index": 21, "kind": "parameter", "displayName": "Session Token", "group": "security", "label": "security", "required": false, "type": "string", "javaType": "java.lang.String", "deprecated": false, "autowired": false, "secret": true, "configurationClass": "org.apache.camel.component.aws2.transcribe.Transcribe2Configuration", "configurationField": "configuration", "description": "Amazon AWS Session Token used when the user needs to assume a IAM role" }
  }
}
