{
  "component": {
    "kind": "component",
    "name": "azure-storage-queue",
    "title": "Azure Storage Queue Service",
    "description": "Stores and retrieves messages to\/from Azure Storage Queue.",
    "deprecated": false,
    "firstVersion": "3.3.0",
    "label": "cloud,messaging",
    "javaType": "org.apache.camel.component.azure.storage.queue.QueueComponent",
    "supportLevel": "Stable",
    "groupId": "org.apache.camel",
    "artifactId": "camel-azure-storage-queue",
    "version": "4.18.0-SNAPSHOT",
    "scheme": "azure-storage-queue",
    "extendsScheme": "",
    "syntax": "azure-storage-queue:accountName\/queueName",
    "async": false,
    "api": false,
    "consumerOnly": false,
    "producerOnly": false,
    "lenientProperties": false,
    "browsable": false,
    "remote": true
  },
  "componentProperties": {
    "configuration": { "index": 0, "kind": "property", "displayName": "Configuration", "group": "common", "label": "", "required": false, "type": "object", "javaType": "org.apache.camel.component.azure.storage.queue.QueueConfiguration", "deprecated": false, "autowired": false, "secret": false, "description": "The component configurations" },
    "credentialType": { "index": 1, "kind": "property", "displayName": "Credential Type", "group": "common", "label": "common", "required": false, "type": "enum", "javaType": "org.apache.camel.component.azure.storage.queue.CredentialType", "enum": [ "SHARED_ACCOUNT_KEY", "SHARED_KEY_CREDENTIAL", "AZURE_IDENTITY" ], "deprecated": false, "autowired": false, "secret": false, "defaultValue": "SHARED_ACCOUNT_KEY", "configurationClass": "org.apache.camel.component.azure.storage.queue.QueueConfiguration", "configurationField": "configuration", "description": "Determines the credential strategy to adopt" },
    "serviceClient": { "index": 2, "kind": "property", "displayName": "Service Client", "group": "common", "label": "common", "required": false, "type": "object", "javaType": "com.azure.storage.queue.QueueServiceClient", "deprecated": false, "deprecationNote": "", "autowired": true, "secret": false, "configurationClass": "org.apache.camel.component.azure.storage.queue.QueueConfiguration", "configurationField": "configuration", "description": "Service client to a storage account to interact with the queue service. This client does not hold any state about a particular storage account but is instead a convenient way of sending off appropriate requests to the resource on the service. This client contains all the operations for interacting with a queue account in Azure Storage. Operations allowed by the client are creating, listing, and deleting queues, retrieving and updating properties of the account, and retrieving statistics of the account." },
    "bridgeErrorHandler": { "index": 3, "kind": "property", "displayName": "Bridge Error Handler", "group": "consumer", "label": "consumer", "required": false, "type": "boolean", "javaType": "boolean", "deprecated": false, "autowired": false, "secret": false, "defaultValue": false, "description": "Allows for bridging the consumer to the Camel routing Error Handler, which mean any exceptions (if possible) occurred while the Camel consumer is trying to pickup incoming messages, or the likes, will now be processed as a message and handled by the routing Error Handler. Important: This is only possible if the 3rd party component allows Camel to be alerted if an exception was thrown. Some components handle this internally only, and therefore bridgeErrorHandler is not possible. In other situations we may improve the Camel component to hook into the 3rd party component and make this possible for future releases. By default the consumer will use the org.apache.camel.spi.ExceptionHandler to deal with exceptions, that will be logged at WARN or ERROR level and ignored." },
    "createQueue": { "index": 4, "kind": "property", "displayName": "Create Queue", "group": "producer", "label": "producer", "required": false, "type": "boolean", "javaType": "boolean", "deprecated": false, "autowired": false, "secret": false, "defaultValue": false, "configurationClass": "org.apache.camel.component.azure.storage.queue.QueueConfiguration", "configurationField": "configuration", "description": "When is set to true, the queue will be automatically created when sending messages to the queue." },
    "lazyStartProducer": { "index": 5, "kind": "property", "displayName": "Lazy Start Producer", "group": "producer", "label": "producer", "required": false, "type": "boolean", "javaType": "boolean", "deprecated": false, "autowired": false, "secret": false, "defaultValue": false, "description": "Whether the producer should be started lazy (on the first message). By starting lazy you can use this to allow CamelContext and routes to startup in situations where a producer may otherwise fail during starting and cause the route to fail being started. By deferring this startup to be lazy then the startup failure can be handled during routing messages via Camel's routing error handlers. Beware that when the first message is processed then creating and starting the producer may take a little time and prolong the total processing time of the processing." },
    "operation": { "index": 6, "kind": "property", "displayName": "Operation", "group": "producer", "label": "producer", "required": false, "type": "enum", "javaType": "org.apache.camel.component.azure.storage.queue.QueueOperationDefinition", "enum": [ "listQueues", "createQueue", "deleteQueue", "clearQueue", "sendMessage", "deleteMessage", "receiveMessages", "peekMessages", "updateMessage" ], "deprecated": false, "autowired": false, "secret": false, "configurationClass": "org.apache.camel.component.azure.storage.queue.QueueConfiguration", "configurationField": "configuration", "description": "Queue service operation hint to the producer" },
    "autowiredEnabled": { "index": 7, "kind": "property", "displayName": "Autowired Enabled", "group": "advanced", "label": "advanced", "required": false, "type": "boolean", "javaType": "boolean", "deprecated": false, "autowired": false, "secret": false, "defaultValue": true, "description": "Whether autowiring is enabled. This is used for automatic autowiring options (the option must be marked as autowired) by looking up in the registry to find if there is a single instance of matching type, which then gets configured on the component. This can be used for automatic configuring JDBC data sources, JMS connection factories, AWS Clients, etc." },
    "healthCheckConsumerEnabled": { "index": 8, "kind": "property", "displayName": "Health Check Consumer Enabled", "group": "health", "label": "health", "required": false, "type": "boolean", "javaType": "boolean", "deprecated": false, "autowired": false, "secret": false, "defaultValue": true, "description": "Used for enabling or disabling all consumer based health checks from this component" },
    "healthCheckProducerEnabled": { "index": 9, "kind": "property", "displayName": "Health Check Producer Enabled", "group": "health", "label": "health", "required": false, "type": "boolean", "javaType": "boolean", "deprecated": false, "autowired": false, "secret": false, "defaultValue": true, "description": "Used for enabling or disabling all producer based health checks from this component. Notice: Camel has by default disabled all producer based health-checks. You can turn on producer checks globally by setting camel.health.producersEnabled=true." },
    "maxMessages": { "index": 10, "kind": "property", "displayName": "Max Messages", "group": "queue", "label": "queue", "required": false, "type": "integer", "javaType": "java.lang.Integer", "deprecated": false, "autowired": false, "secret": false, "defaultValue": 1, "configurationClass": "org.apache.camel.component.azure.storage.queue.QueueConfiguration", "configurationField": "configuration", "description": "Maximum number of messages to get, if there are less messages exist in the queue than requested all the messages will be returned. If left empty only 1 message will be retrieved, the allowed range is 1 to 32 messages." },
    "messageId": { "index": 11, "kind": "property", "displayName": "Message Id", "group": "queue", "label": "queue", "required": false, "type": "string", "javaType": "java.lang.String", "deprecated": false, "autowired": false, "secret": false, "configurationClass": "org.apache.camel.component.azure.storage.queue.QueueConfiguration", "configurationField": "configuration", "description": "The ID of the message to be deleted or updated." },
    "popReceipt": { "index": 12, "kind": "property", "displayName": "Pop Receipt", "group": "queue", "label": "queue", "required": false, "type": "string", "javaType": "java.lang.String", "deprecated": false, "autowired": false, "secret": false, "configurationClass": "org.apache.camel.component.azure.storage.queue.QueueConfiguration", "configurationField": "configuration", "description": "Unique identifier that must match for the message to be deleted or updated." },
    "timeout": { "index": 13, "kind": "property", "displayName": "Timeout", "group": "queue", "label": "queue", "required": false, "type": "duration", "javaType": "java.time.Duration", "deprecated": false, "autowired": false, "secret": false, "configurationClass": "org.apache.camel.component.azure.storage.queue.QueueConfiguration", "configurationField": "configuration", "description": "An optional timeout applied to the operation. If a response is not returned before the timeout concludes a RuntimeException will be thrown." },
    "timeToLive": { "index": 14, "kind": "property", "displayName": "Time To Live", "group": "queue", "label": "queue", "required": false, "type": "duration", "javaType": "java.time.Duration", "deprecated": false, "autowired": false, "secret": false, "configurationClass": "org.apache.camel.component.azure.storage.queue.QueueConfiguration", "configurationField": "configuration", "description": "How long the message will stay alive in the queue. If unset the value will default to 7 days, if -1 is passed the message will not expire. The time to live must be -1 or any positive number. The format should be in this form: PnDTnHnMn.nS., e.g: PT20.345S -- parses as 20.345 seconds, P2D -- parses as 2 days However, in case you are using EndpointDsl\/ComponentDsl, you can do something like Duration.ofSeconds() since these Java APIs are typesafe." },
    "visibilityTimeout": { "index": 15, "kind": "property", "displayName": "Visibility Timeout", "group": "queue", "label": "queue", "required": false, "type": "duration", "javaType": "java.time.Duration", "deprecated": false, "autowired": false, "secret": false, "configurationClass": "org.apache.camel.component.azure.storage.queue.QueueConfiguration", "configurationField": "configuration", "description": "The timeout period for how long the message is invisible in the queue. The timeout must be between 1 seconds and 7 days. The format should be in this form: PnDTnHnMn.nS., e.g: PT20.345S -- parses as 20.345 seconds, P2D -- parses as 2 days However, in case you are using EndpointDsl\/ComponentDsl, you can do something like Duration.ofSeconds() since these Java APIs are typesafe." },
    "accessKey": { "index": 16, "kind": "property", "displayName": "Access Key", "group": "security", "label": "security", "required": false, "type": "string", "javaType": "java.lang.String", "deprecated": false, "autowired": false, "secret": true, "configurationClass": "org.apache.camel.component.azure.storage.queue.QueueConfiguration", "configurationField": "configuration", "description": "Access key for the associated azure account name to be used for authentication with azure queue services" },
    "credentials": { "index": 17, "kind": "property", "displayName": "Credentials", "group": "security", "label": "security", "required": false, "type": "object", "javaType": "com.azure.storage.common.StorageSharedKeyCredential", "deprecated": false, "deprecationNote": "", "autowired": true, "secret": false, "configurationClass": "org.apache.camel.component.azure.storage.queue.QueueConfiguration", "configurationField": "configuration", "description": "StorageSharedKeyCredential can be injected to create the azure client, this holds the important authentication information" }
  },
  "headers": {
    "CamelAzureStorageQueueRawHttpHeaders": { "index": 0, "kind": "header", "displayName": "", "group": "common", "label": "", "required": false, "javaType": "HttpHeaders", "deprecated": false, "deprecationNote": "", "autowired": false, "secret": false, "description": "Returns non-parsed httpHeaders that can be used by the user.", "constantName": "org.apache.camel.component.azure.storage.queue.QueueConstants#RAW_HTTP_HEADERS" },
    "CamelAzureStorageQueueMetadata": { "index": 1, "kind": "header", "displayName": "", "group": "producer", "label": "producer", "required": false, "javaType": "Map<String,String>", "deprecated": false, "deprecationNote": "", "autowired": false, "secret": false, "description": "(createQueue) Metadata to associate with the queue", "constantName": "org.apache.camel.component.azure.storage.queue.QueueConstants#METADATA" },
    "CamelAzureStorageQueueMessageId": { "index": 2, "kind": "header", "displayName": "", "group": "common", "label": "", "required": false, "javaType": "String", "deprecated": false, "deprecationNote": "", "autowired": false, "secret": false, "description": "The ID of the message.", "constantName": "org.apache.camel.component.azure.storage.queue.QueueConstants#MESSAGE_ID" },
    "CamelAzureStorageQueueInsertionTime": { "index": 3, "kind": "header", "displayName": "", "group": "common", "label": "", "required": false, "javaType": "OffsetDateTime", "deprecated": false, "deprecationNote": "", "autowired": false, "secret": false, "description": "The time the Message was inserted into the Queue.", "constantName": "org.apache.camel.component.azure.storage.queue.QueueConstants#INSERTION_TIME" },
    "CamelAzureStorageQueueExpirationTime": { "index": 4, "kind": "header", "displayName": "", "group": "common", "label": "", "required": false, "javaType": "OffsetDateTime", "deprecated": false, "deprecationNote": "", "autowired": false, "secret": false, "description": "The time that the Message will expire and be automatically deleted.", "constantName": "org.apache.camel.component.azure.storage.queue.QueueConstants#EXPIRATION_TIME" },
    "CamelAzureStorageQueuePopReceipt": { "index": 5, "kind": "header", "displayName": "", "group": "producer", "label": "producer", "required": false, "javaType": "String", "deprecated": false, "deprecationNote": "", "autowired": false, "secret": false, "description": "(deleteMessage, updateMessage) Unique identifier that must match for the message to be deleted or updated. If deletion fails using this pop receipt then the message has been dequeued by another client.", "constantName": "org.apache.camel.component.azure.storage.queue.QueueConstants#POP_RECEIPT" },
    "CamelAzureStorageQueueTimeNextVisible": { "index": 6, "kind": "header", "displayName": "", "group": "common", "label": "", "required": false, "javaType": "OffsetDateTime", "deprecated": false, "deprecationNote": "", "autowired": false, "secret": false, "description": "The time that the message will again become visible in the Queue.", "constantName": "org.apache.camel.component.azure.storage.queue.QueueConstants#TIME_NEXT_VISIBLE" },
    "CamelAzureStorageQueueDequeueCount": { "index": 7, "kind": "header", "displayName": "", "group": "common", "label": "", "required": false, "javaType": "long", "deprecated": false, "deprecationNote": "", "autowired": false, "secret": false, "description": "The number of times the message has been dequeued.", "constantName": "org.apache.camel.component.azure.storage.queue.QueueConstants#DEQUEUE_COUNT" },
    "CamelAzureStorageQueueOperation": { "index": 8, "kind": "header", "displayName": "", "group": "producer", "label": "producer", "required": false, "javaType": "org.apache.camel.component.azure.storage.queue.QueueOperationDefinition", "enum": [ "listQueues", "createQueue", "deleteQueue", "clearQueue", "sendMessage", "deleteMessage", "receiveMessages", "peekMessages", "updateMessage" ], "deprecated": false, "deprecationNote": "", "autowired": false, "secret": false, "description": "(All) Specify the producer operation to execute, please see the doc on this page related to producer operation.", "constantName": "org.apache.camel.component.azure.storage.queue.QueueConstants#QUEUE_OPERATION" },
    "CamelAzureStorageQueueName": { "index": 9, "kind": "header", "displayName": "", "group": "producer", "label": "producer", "required": false, "javaType": "String", "deprecated": false, "deprecationNote": "", "autowired": false, "secret": false, "description": "(All) Override the queue name.", "constantName": "org.apache.camel.component.azure.storage.queue.QueueConstants#QUEUE_NAME" },
    "CamelAzureStorageQueueSegmentOptions": { "index": 10, "kind": "header", "displayName": "", "group": "producer", "label": "producer", "required": false, "javaType": "QueuesSegmentOptions", "deprecated": false, "deprecationNote": "", "autowired": false, "secret": false, "description": "(listQueues) Options for listing queues", "constantName": "org.apache.camel.component.azure.storage.queue.QueueConstants#QUEUES_SEGMENT_OPTIONS" },
    "CamelAzureStorageQueueTimeout": { "index": 11, "kind": "header", "displayName": "", "group": "producer", "label": "producer", "required": false, "javaType": "Duration", "deprecated": false, "deprecationNote": "", "autowired": false, "secret": false, "description": "(All) An optional timeout value beyond which a RuntimeException will be raised.", "constantName": "org.apache.camel.component.azure.storage.queue.QueueConstants#TIMEOUT" },
    "CamelAzureStorageQueueMaxMessages": { "index": 12, "kind": "header", "displayName": "", "group": "producer", "label": "producer", "required": false, "javaType": "Integer", "deprecated": false, "deprecationNote": "", "autowired": false, "secret": false, "description": "(receiveMessages, peekMessages) Maximum number of messages to get, if there are less messages exist in the queue than requested all the messages will be returned. If left empty only 1 message will be retrieved, the allowed range is 1 to 32 messages.", "constantName": "org.apache.camel.component.azure.storage.queue.QueueConstants#MAX_MESSAGES" },
    "CamelAzureStorageQueueVisibilityTimeout": { "index": 13, "kind": "header", "displayName": "", "group": "producer", "label": "producer", "required": false, "javaType": "Duration", "deprecated": false, "deprecationNote": "", "autowired": false, "secret": false, "description": "(sendMessage, receiveMessages, updateMessage) The timeout period for how long the message is invisible in the queue. If unset the value will default to 0 and the message will be instantly visible. The timeout must be between 0 seconds and 7 days.", "constantName": "org.apache.camel.component.azure.storage.queue.QueueConstants#VISIBILITY_TIMEOUT" },
    "CamelAzureStorageQueueTimeToLive": { "index": 14, "kind": "header", "displayName": "", "group": "producer", "label": "producer", "required": false, "javaType": "Duration", "deprecated": false, "deprecationNote": "", "autowired": false, "secret": false, "description": "(sendMessage) How long the message will stay alive in the queue. If unset the value will default to 7 days, if -1 is passed the message will not expire. The time to live must be -1 or any positive number.", "constantName": "org.apache.camel.component.azure.storage.queue.QueueConstants#TIME_TO_LIVE" },
    "CamelAzureStorageQueueCreateQueue": { "index": 15, "kind": "header", "displayName": "", "group": "producer", "label": "producer", "required": false, "javaType": "boolean", "deprecated": false, "deprecationNote": "", "autowired": false, "secret": false, "description": "(sendMessage) When is set to true, the queue will be automatically created when sending messages to the queue.", "constantName": "org.apache.camel.component.azure.storage.queue.QueueConstants#CREATE_QUEUE" }
  },
  "properties": {
    "accountName": { "index": 0, "kind": "path", "displayName": "Account Name", "group": "common", "label": "", "required": false, "type": "string", "javaType": "java.lang.String", "deprecated": false, "autowired": false, "secret": false, "configurationClass": "org.apache.camel.component.azure.storage.queue.QueueConfiguration", "configurationField": "configuration", "description": "Azure account name to be used for authentication with azure queue services" },
    "queueName": { "index": 1, "kind": "path", "displayName": "Queue Name", "group": "common", "label": "", "required": false, "type": "string", "javaType": "java.lang.String", "deprecated": false, "autowired": false, "secret": false, "configurationClass": "org.apache.camel.component.azure.storage.queue.QueueConfiguration", "configurationField": "configuration", "description": "The queue resource name" },
    "credentialType": { "index": 2, "kind": "parameter", "displayName": "Credential Type", "group": "common", "label": "common", "required": false, "type": "enum", "javaType": "org.apache.camel.component.azure.storage.queue.CredentialType", "enum": [ "SHARED_ACCOUNT_KEY", "SHARED_KEY_CREDENTIAL", "AZURE_IDENTITY" ], "deprecated": false, "autowired": false, "secret": false, "defaultValue": "SHARED_ACCOUNT_KEY", "configurationClass": "org.apache.camel.component.azure.storage.queue.QueueConfiguration", "configurationField": "configuration", "description": "Determines the credential strategy to adopt" },
    "serviceClient": { "index": 3, "kind": "parameter", "displayName": "Service Client", "group": "common", "label": "common", "required": false, "type": "object", "javaType": "com.azure.storage.queue.QueueServiceClient", "deprecated": false, "deprecationNote": "", "autowired": true, "secret": false, "configurationClass": "org.apache.camel.component.azure.storage.queue.QueueConfiguration", "configurationField": "configuration", "description": "Service client to a storage account to interact with the queue service. This client does not hold any state about a particular storage account but is instead a convenient way of sending off appropriate requests to the resource on the service. This client contains all the operations for interacting with a queue account in Azure Storage. Operations allowed by the client are creating, listing, and deleting queues, retrieving and updating properties of the account, and retrieving statistics of the account." },
    "sendEmptyMessageWhenIdle": { "index": 4, "kind": "parameter", "displayName": "Send Empty Message When Idle", "group": "consumer", "label": "consumer", "required": false, "type": "boolean", "javaType": "boolean", "deprecated": false, "autowired": false, "secret": false, "defaultValue": false, "description": "If the polling consumer did not poll any files, you can enable this option to send an empty message (no body) instead." },
    "bridgeErrorHandler": { "index": 5, "kind": "parameter", "displayName": "Bridge Error Handler", "group": "consumer (advanced)", "label": "consumer,advanced", "required": false, "type": "boolean", "javaType": "boolean", "deprecated": false, "autowired": false, "secret": false, "defaultValue": false, "description": "Allows for bridging the consumer to the Camel routing Error Handler, which mean any exceptions (if possible) occurred while the Camel consumer is trying to pickup incoming messages, or the likes, will now be processed as a message and handled by the routing Error Handler. Important: This is only possible if the 3rd party component allows Camel to be alerted if an exception was thrown. Some components handle this internally only, and therefore bridgeErrorHandler is not possible. In other situations we may improve the Camel component to hook into the 3rd party component and make this possible for future releases. By default the consumer will use the org.apache.camel.spi.ExceptionHandler to deal with exceptions, that will be logged at WARN or ERROR level and ignored." },
    "exceptionHandler": { "index": 6, "kind": "parameter", "displayName": "Exception Handler", "group": "consumer (advanced)", "label": "consumer,advanced", "required": false, "type": "object", "javaType": "org.apache.camel.spi.ExceptionHandler", "optionalPrefix": "consumer.", "deprecated": false, "autowired": false, "secret": false, "description": "To let the consumer use a custom ExceptionHandler. Notice if the option bridgeErrorHandler is enabled then this option is not in use. By default the consumer will deal with exceptions, that will be logged at WARN or ERROR level and ignored." },
    "exchangePattern": { "index": 7, "kind": "parameter", "displayName": "Exchange Pattern", "group": "consumer (advanced)", "label": "consumer,advanced", "required": false, "type": "enum", "javaType": "org.apache.camel.ExchangePattern", "enum": [ "InOnly", "InOut" ], "deprecated": false, "autowired": false, "secret": false, "description": "Sets the exchange pattern when the consumer creates an exchange." },
    "pollStrategy": { "index": 8, "kind": "parameter", "displayName": "Poll Strategy", "group": "consumer (advanced)", "label": "consumer,advanced", "required": false, "type": "object", "javaType": "org.apache.camel.spi.PollingConsumerPollStrategy", "deprecated": false, "autowired": false, "secret": false, "description": "A pluggable org.apache.camel.PollingConsumerPollingStrategy allowing you to provide your custom implementation to control error handling usually occurred during the poll operation before an Exchange have been created and being routed in Camel." },
    "createQueue": { "index": 9, "kind": "parameter", "displayName": "Create Queue", "group": "producer", "label": "producer", "required": false, "type": "boolean", "javaType": "boolean", "deprecated": false, "autowired": false, "secret": false, "defaultValue": false, "configurationClass": "org.apache.camel.component.azure.storage.queue.QueueConfiguration", "configurationField": "configuration", "description": "When is set to true, the queue will be automatically created when sending messages to the queue." },
    "operation": { "index": 10, "kind": "parameter", "displayName": "Operation", "group": "producer", "label": "producer", "required": false, "type": "enum", "javaType": "org.apache.camel.component.azure.storage.queue.QueueOperationDefinition", "enum": [ "listQueues", "createQueue", "deleteQueue", "clearQueue", "sendMessage", "deleteMessage", "receiveMessages", "peekMessages", "updateMessage" ], "deprecated": false, "autowired": false, "secret": false, "configurationClass": "org.apache.camel.component.azure.storage.queue.QueueConfiguration", "configurationField": "configuration", "description": "Queue service operation hint to the producer" },
    "lazyStartProducer": { "index": 11, "kind": "parameter", "displayName": "Lazy Start Producer", "group": "producer (advanced)", "label": "producer,advanced", "required": false, "type": "boolean", "javaType": "boolean", "deprecated": false, "autowired": false, "secret": false, "defaultValue": false, "description": "Whether the producer should be started lazy (on the first message). By starting lazy you can use this to allow CamelContext and routes to startup in situations where a producer may otherwise fail during starting and cause the route to fail being started. By deferring this startup to be lazy then the startup failure can be handled during routing messages via Camel's routing error handlers. Beware that when the first message is processed then creating and starting the producer may take a little time and prolong the total processing time of the processing." },
    "maxMessages": { "index": 12, "kind": "parameter", "displayName": "Max Messages", "group": "queue", "label": "queue", "required": false, "type": "integer", "javaType": "java.lang.Integer", "deprecated": false, "autowired": false, "secret": false, "defaultValue": 1, "configurationClass": "org.apache.camel.component.azure.storage.queue.QueueConfiguration", "configurationField": "configuration", "description": "Maximum number of messages to get, if there are less messages exist in the queue than requested all the messages will be returned. If left empty only 1 message will be retrieved, the allowed range is 1 to 32 messages." },
    "messageId": { "index": 13, "kind": "parameter", "displayName": "Message Id", "group": "queue", "label": "queue", "required": false, "type": "string", "javaType": "java.lang.String", "deprecated": false, "autowired": false, "secret": false, "configurationClass": "org.apache.camel.component.azure.storage.queue.QueueConfiguration", "configurationField": "configuration", "description": "The ID of the message to be deleted or updated." },
    "popReceipt": { "index": 14, "kind": "parameter", "displayName": "Pop Receipt", "group": "queue", "label": "queue", "required": false, "type": "string", "javaType": "java.lang.String", "deprecated": false, "autowired": false, "secret": false, "configurationClass": "org.apache.camel.component.azure.storage.queue.QueueConfiguration", "configurationField": "configuration", "description": "Unique identifier that must match for the message to be deleted or updated." },
    "timeout": { "index": 15, "kind": "parameter", "displayName": "Timeout", "group": "queue", "label": "queue", "required": false, "type": "duration", "javaType": "java.time.Duration", "deprecated": false, "autowired": false, "secret": false, "configurationClass": "org.apache.camel.component.azure.storage.queue.QueueConfiguration", "configurationField": "configuration", "description": "An optional timeout applied to the operation. If a response is not returned before the timeout concludes a RuntimeException will be thrown." },
    "timeToLive": { "index": 16, "kind": "parameter", "displayName": "Time To Live", "group": "queue", "label": "queue", "required": false, "type": "duration", "javaType": "java.time.Duration", "deprecated": false, "autowired": false, "secret": false, "configurationClass": "org.apache.camel.component.azure.storage.queue.QueueConfiguration", "configurationField": "configuration", "description": "How long the message will stay alive in the queue. If unset the value will default to 7 days, if -1 is passed the message will not expire. The time to live must be -1 or any positive number. The format should be in this form: PnDTnHnMn.nS., e.g: PT20.345S -- parses as 20.345 seconds, P2D -- parses as 2 days However, in case you are using EndpointDsl\/ComponentDsl, you can do something like Duration.ofSeconds() since these Java APIs are typesafe." },
    "visibilityTimeout": { "index": 17, "kind": "parameter", "displayName": "Visibility Timeout", "group": "queue", "label": "queue", "required": false, "type": "duration", "javaType": "java.time.Duration", "deprecated": false, "autowired": false, "secret": false, "configurationClass": "org.apache.camel.component.azure.storage.queue.QueueConfiguration", "configurationField": "configuration", "description": "The timeout period for how long the message is invisible in the queue. The timeout must be between 1 seconds and 7 days. The format should be in this form: PnDTnHnMn.nS., e.g: PT20.345S -- parses as 20.345 seconds, P2D -- parses as 2 days However, in case you are using EndpointDsl\/ComponentDsl, you can do something like Duration.ofSeconds() since these Java APIs are typesafe." },
    "backoffErrorThreshold": { "index": 18, "kind": "parameter", "displayName": "Backoff Error Threshold", "group": "scheduler", "label": "consumer,scheduler", "required": false, "type": "integer", "javaType": "int", "deprecated": false, "autowired": false, "secret": false, "description": "The number of subsequent error polls (failed due some error) that should happen before the backoffMultipler should kick-in." },
    "backoffIdleThreshold": { "index": 19, "kind": "parameter", "displayName": "Backoff Idle Threshold", "group": "scheduler", "label": "consumer,scheduler", "required": false, "type": "integer", "javaType": "int", "deprecated": false, "autowired": false, "secret": false, "description": "The number of subsequent idle polls that should happen before the backoffMultipler should kick-in." },
    "backoffMultiplier": { "index": 20, "kind": "parameter", "displayName": "Backoff Multiplier", "group": "scheduler", "label": "consumer,scheduler", "required": false, "type": "integer", "javaType": "int", "deprecated": false, "autowired": false, "secret": false, "description": "To let the scheduled polling consumer backoff if there has been a number of subsequent idles\/errors in a row. The multiplier is then the number of polls that will be skipped before the next actual attempt is happening again. When this option is in use then backoffIdleThreshold and\/or backoffErrorThreshold must also be configured." },
    "delay": { "index": 21, "kind": "parameter", "displayName": "Delay", "group": "scheduler", "label": "consumer,scheduler", "required": false, "type": "integer", "javaType": "long", "deprecated": false, "autowired": false, "secret": false, "defaultValue": 500, "description": "Milliseconds before the next poll." },
    "greedy": { "index": 22, "kind": "parameter", "displayName": "Greedy", "group": "scheduler", "label": "consumer,scheduler", "required": false, "type": "boolean", "javaType": "boolean", "deprecated": false, "autowired": false, "secret": false, "defaultValue": false, "description": "If greedy is enabled, then the ScheduledPollConsumer will run immediately again, if the previous run polled 1 or more messages." },
    "initialDelay": { "index": 23, "kind": "parameter", "displayName": "Initial Delay", "group": "scheduler", "label": "consumer,scheduler", "required": false, "type": "integer", "javaType": "long", "deprecated": false, "autowired": false, "secret": false, "defaultValue": 1000, "description": "Milliseconds before the first poll starts." },
    "repeatCount": { "index": 24, "kind": "parameter", "displayName": "Repeat Count", "group": "scheduler", "label": "consumer,scheduler", "required": false, "type": "integer", "javaType": "long", "deprecated": false, "autowired": false, "secret": false, "defaultValue": 0, "description": "Specifies a maximum limit of number of fires. So if you set it to 1, the scheduler will only fire once. If you set it to 5, it will only fire five times. A value of zero or negative means fire forever." },
    "runLoggingLevel": { "index": 25, "kind": "parameter", "displayName": "Run Logging Level", "group": "scheduler", "label": "consumer,scheduler", "required": false, "type": "enum", "javaType": "org.apache.camel.LoggingLevel", "enum": [ "TRACE", "DEBUG", "INFO", "WARN", "ERROR", "OFF" ], "deprecated": false, "autowired": false, "secret": false, "defaultValue": "TRACE", "description": "The consumer logs a start\/complete log line when it polls. This option allows you to configure the logging level for that." },
    "scheduledExecutorService": { "index": 26, "kind": "parameter", "displayName": "Scheduled Executor Service", "group": "scheduler", "label": "consumer,scheduler", "required": false, "type": "object", "javaType": "java.util.concurrent.ScheduledExecutorService", "deprecated": false, "autowired": false, "secret": false, "description": "Allows for configuring a custom\/shared thread pool to use for the consumer. By default each consumer has its own single threaded thread pool." },
    "scheduler": { "index": 27, "kind": "parameter", "displayName": "Scheduler", "group": "scheduler", "label": "consumer,scheduler", "required": false, "type": "object", "javaType": "java.lang.Object", "deprecated": false, "autowired": false, "secret": false, "defaultValue": "none", "description": "To use a cron scheduler from either camel-spring or camel-quartz component. Use value spring or quartz for built in scheduler" },
    "schedulerProperties": { "index": 28, "kind": "parameter", "displayName": "Scheduler Properties", "group": "scheduler", "label": "consumer,scheduler", "required": false, "type": "object", "javaType": "java.util.Map<java.lang.String, java.lang.Object>", "prefix": "scheduler.", "multiValue": true, "deprecated": false, "autowired": false, "secret": false, "description": "To configure additional properties when using a custom scheduler or any of the Quartz, Spring based scheduler. This is a multi-value option with prefix: scheduler." },
    "startScheduler": { "index": 29, "kind": "parameter", "displayName": "Start Scheduler", "group": "scheduler", "label": "consumer,scheduler", "required": false, "type": "boolean", "javaType": "boolean", "deprecated": false, "autowired": false, "secret": false, "defaultValue": true, "description": "Whether the scheduler should be auto started." },
    "timeUnit": { "index": 30, "kind": "parameter", "displayName": "Time Unit", "group": "scheduler", "label": "consumer,scheduler", "required": false, "type": "enum", "javaType": "java.util.concurrent.TimeUnit", "enum": [ "NANOSECONDS", "MICROSECONDS", "MILLISECONDS", "SECONDS", "MINUTES", "HOURS", "DAYS" ], "deprecated": false, "autowired": false, "secret": false, "defaultValue": "MILLISECONDS", "description": "Time unit for initialDelay and delay options." },
    "useFixedDelay": { "index": 31, "kind": "parameter", "displayName": "Use Fixed Delay", "group": "scheduler", "label": "consumer,scheduler", "required": false, "type": "boolean", "javaType": "boolean", "deprecated": false, "autowired": false, "secret": false, "defaultValue": true, "description": "Controls if fixed delay or fixed rate is used. See ScheduledExecutorService in JDK for details." },
    "accessKey": { "index": 32, "kind": "parameter", "displayName": "Access Key", "group": "security", "label": "security", "required": false, "type": "string", "javaType": "java.lang.String", "deprecated": false, "autowired": false, "secret": true, "configurationClass": "org.apache.camel.component.azure.storage.queue.QueueConfiguration", "configurationField": "configuration", "description": "Access key for the associated azure account name to be used for authentication with azure queue services" },
    "credentials": { "index": 33, "kind": "parameter", "displayName": "Credentials", "group": "security", "label": "security", "required": false, "type": "object", "javaType": "com.azure.storage.common.StorageSharedKeyCredential", "deprecated": false, "deprecationNote": "", "autowired": true, "secret": false, "configurationClass": "org.apache.camel.component.azure.storage.queue.QueueConfiguration", "configurationField": "configuration", "description": "StorageSharedKeyCredential can be injected to create the azure client, this holds the important authentication information" }
  }
}
