{
  "component": {
    "kind": "component",
    "name": "bean-validator",
    "title": "Bean Validator",
    "description": "Validate the message body using the Java Bean Validation API.",
    "deprecated": false,
    "firstVersion": "2.3.0",
    "label": "validation",
    "javaType": "org.apache.camel.component.bean.validator.BeanValidatorComponent",
    "supportLevel": "Stable",
    "groupId": "org.apache.camel",
    "artifactId": "camel-bean-validator",
    "version": "4.18.0-SNAPSHOT",
    "scheme": "bean-validator",
    "extendsScheme": "",
    "syntax": "bean-validator:label",
    "async": false,
    "api": false,
    "consumerOnly": false,
    "producerOnly": true,
    "lenientProperties": false,
    "browsable": false,
    "remote": false
  },
  "componentProperties": {
    "ignoreXmlConfiguration": { "index": 0, "kind": "property", "displayName": "Ignore Xml Configuration", "group": "producer", "label": "", "required": false, "type": "boolean", "javaType": "boolean", "deprecated": false, "autowired": false, "secret": false, "defaultValue": false, "description": "Whether to ignore data from the META-INF\/validation.xml file." },
    "lazyStartProducer": { "index": 1, "kind": "property", "displayName": "Lazy Start Producer", "group": "producer", "label": "producer", "required": false, "type": "boolean", "javaType": "boolean", "deprecated": false, "autowired": false, "secret": false, "defaultValue": false, "description": "Whether the producer should be started lazy (on the first message). By starting lazy you can use this to allow CamelContext and routes to startup in situations where a producer may otherwise fail during starting and cause the route to fail being started. By deferring this startup to be lazy then the startup failure can be handled during routing messages via Camel's routing error handlers. Beware that when the first message is processed then creating and starting the producer may take a little time and prolong the total processing time of the processing." },
    "autowiredEnabled": { "index": 2, "kind": "property", "displayName": "Autowired Enabled", "group": "advanced", "label": "advanced", "required": false, "type": "boolean", "javaType": "boolean", "deprecated": false, "autowired": false, "secret": false, "defaultValue": true, "description": "Whether autowiring is enabled. This is used for automatic autowiring options (the option must be marked as autowired) by looking up in the registry to find if there is a single instance of matching type, which then gets configured on the component. This can be used for automatic configuring JDBC data sources, JMS connection factories, AWS Clients, etc." },
    "constraintValidatorFactory": { "index": 3, "kind": "property", "displayName": "Constraint Validator Factory", "group": "advanced", "label": "advanced", "required": false, "type": "object", "javaType": "jakarta.validation.ConstraintValidatorFactory", "deprecated": false, "autowired": false, "secret": false, "description": "To use a custom ConstraintValidatorFactory" },
    "messageInterpolator": { "index": 4, "kind": "property", "displayName": "Message Interpolator", "group": "advanced", "label": "advanced", "required": false, "type": "object", "javaType": "jakarta.validation.MessageInterpolator", "deprecated": false, "autowired": false, "secret": false, "description": "To use a custom MessageInterpolator" },
    "traversableResolver": { "index": 5, "kind": "property", "displayName": "Traversable Resolver", "group": "advanced", "label": "advanced", "required": false, "type": "object", "javaType": "jakarta.validation.TraversableResolver", "deprecated": false, "autowired": false, "secret": false, "description": "To use a custom TraversableResolver" },
    "validationProviderResolver": { "index": 6, "kind": "property", "displayName": "Validation Provider Resolver", "group": "advanced", "label": "advanced", "required": false, "type": "object", "javaType": "jakarta.validation.ValidationProviderResolver", "deprecated": false, "autowired": false, "secret": false, "description": "To use a a custom ValidationProviderResolver" },
    "validatorFactory": { "index": 7, "kind": "property", "displayName": "Validator Factory", "group": "advanced", "label": "advanced", "required": false, "type": "object", "javaType": "jakarta.validation.ValidatorFactory", "deprecated": false, "autowired": true, "secret": false, "description": "To use a custom ValidatorFactory" }
  },
  "properties": {
    "label": { "index": 0, "kind": "path", "displayName": "Label", "group": "producer", "label": "", "required": true, "type": "string", "javaType": "java.lang.String", "deprecated": false, "deprecationNote": "", "autowired": false, "secret": false, "description": "Where label is an arbitrary text value describing the endpoint" },
    "group": { "index": 1, "kind": "parameter", "displayName": "Group", "group": "producer", "label": "", "required": false, "type": "string", "javaType": "java.lang.String", "deprecated": false, "autowired": false, "secret": false, "defaultValue": "jakarta.validation.groups.Default", "description": "To use a custom validation group" },
    "ignoreXmlConfiguration": { "index": 2, "kind": "parameter", "displayName": "Ignore Xml Configuration", "group": "producer", "label": "", "required": false, "type": "boolean", "javaType": "boolean", "deprecated": false, "autowired": false, "secret": false, "defaultValue": false, "description": "Whether to ignore data from the META-INF\/validation.xml file." },
    "lazyStartProducer": { "index": 3, "kind": "parameter", "displayName": "Lazy Start Producer", "group": "producer (advanced)", "label": "producer,advanced", "required": false, "type": "boolean", "javaType": "boolean", "deprecated": false, "autowired": false, "secret": false, "defaultValue": false, "description": "Whether the producer should be started lazy (on the first message). By starting lazy you can use this to allow CamelContext and routes to startup in situations where a producer may otherwise fail during starting and cause the route to fail being started. By deferring this startup to be lazy then the startup failure can be handled during routing messages via Camel's routing error handlers. Beware that when the first message is processed then creating and starting the producer may take a little time and prolong the total processing time of the processing." },
    "constraintValidatorFactory": { "index": 4, "kind": "parameter", "displayName": "Constraint Validator Factory", "group": "advanced", "label": "advanced", "required": false, "type": "object", "javaType": "jakarta.validation.ConstraintValidatorFactory", "deprecated": false, "autowired": false, "secret": false, "description": "To use a custom ConstraintValidatorFactory" },
    "messageInterpolator": { "index": 5, "kind": "parameter", "displayName": "Message Interpolator", "group": "advanced", "label": "advanced", "required": false, "type": "object", "javaType": "jakarta.validation.MessageInterpolator", "deprecated": false, "autowired": false, "secret": false, "description": "To use a custom MessageInterpolator" },
    "traversableResolver": { "index": 6, "kind": "parameter", "displayName": "Traversable Resolver", "group": "advanced", "label": "advanced", "required": false, "type": "object", "javaType": "jakarta.validation.TraversableResolver", "deprecated": false, "autowired": false, "secret": false, "description": "To use a custom TraversableResolver" },
    "validationProviderResolver": { "index": 7, "kind": "parameter", "displayName": "Validation Provider Resolver", "group": "advanced", "label": "advanced", "required": false, "type": "object", "javaType": "jakarta.validation.ValidationProviderResolver", "deprecated": false, "autowired": false, "secret": false, "description": "To use a a custom ValidationProviderResolver" },
    "validatorFactory": { "index": 8, "kind": "parameter", "displayName": "Validator Factory", "group": "advanced", "label": "advanced", "required": false, "type": "object", "javaType": "jakarta.validation.ValidatorFactory", "deprecated": false, "autowired": false, "secret": false, "description": "To use a custom ValidatorFactory" }
  }
}
