{
  "component": {
    "kind": "component",
    "name": "cometd",
    "title": "CometD",
    "description": "Offers publish\/subscribe, peer-to-peer (via a server), and RPC style messaging using the CometD\/Bayeux protocol.",
    "deprecated": false,
    "firstVersion": "2.0.0",
    "label": "networking,messaging",
    "javaType": "org.apache.camel.component.cometd.CometdComponent",
    "supportLevel": "Stable",
    "groupId": "org.apache.camel",
    "artifactId": "camel-cometd",
    "version": "4.17.0-SNAPSHOT",
    "scheme": "cometd",
    "extendsScheme": "",
    "alternativeSchemes": "cometd,cometds",
    "syntax": "cometd:host:port\/channelName",
    "async": false,
    "api": false,
    "consumerOnly": false,
    "producerOnly": false,
    "lenientProperties": false,
    "browsable": false,
    "remote": true
  },
  "componentProperties": {
    "bridgeErrorHandler": { "index": 0, "kind": "property", "displayName": "Bridge Error Handler", "group": "consumer", "label": "consumer", "required": false, "type": "boolean", "javaType": "boolean", "deprecated": false, "autowired": false, "secret": false, "defaultValue": false, "description": "Allows for bridging the consumer to the Camel routing Error Handler, which mean any exceptions (if possible) occurred while the Camel consumer is trying to pickup incoming messages, or the likes, will now be processed as a message and handled by the routing Error Handler. Important: This is only possible if the 3rd party component allows Camel to be alerted if an exception was thrown. Some components handle this internally only, and therefore bridgeErrorHandler is not possible. In other situations we may improve the Camel component to hook into the 3rd party component and make this possible for future releases. By default the consumer will use the org.apache.camel.spi.ExceptionHandler to deal with exceptions, that will be logged at WARN or ERROR level and ignored." },
    "lazyStartProducer": { "index": 1, "kind": "property", "displayName": "Lazy Start Producer", "group": "producer", "label": "producer", "required": false, "type": "boolean", "javaType": "boolean", "deprecated": false, "autowired": false, "secret": false, "defaultValue": false, "description": "Whether the producer should be started lazy (on the first message). By starting lazy you can use this to allow CamelContext and routes to startup in situations where a producer may otherwise fail during starting and cause the route to fail being started. By deferring this startup to be lazy then the startup failure can be handled during routing messages via Camel's routing error handlers. Beware that when the first message is processed then creating and starting the producer may take a little time and prolong the total processing time of the processing." },
    "autowiredEnabled": { "index": 2, "kind": "property", "displayName": "Autowired Enabled", "group": "advanced", "label": "advanced", "required": false, "type": "boolean", "javaType": "boolean", "deprecated": false, "autowired": false, "secret": false, "defaultValue": true, "description": "Whether autowiring is enabled. This is used for automatic autowiring options (the option must be marked as autowired) by looking up in the registry to find if there is a single instance of matching type, which then gets configured on the component. This can be used for automatic configuring JDBC data sources, JMS connection factories, AWS Clients, etc." },
    "extensions": { "index": 3, "kind": "property", "displayName": "Extensions", "group": "advanced", "label": "advanced", "required": false, "type": "array", "javaType": "java.util.List<org.cometd.bayeux.server.BayeuxServer.Extension>", "deprecated": false, "autowired": false, "secret": false, "description": "To use a list of custom BayeuxServer.Extension that allows modifying incoming and outgoing requests." },
    "securityPolicy": { "index": 4, "kind": "property", "displayName": "Security Policy", "group": "security", "label": "security", "required": false, "type": "object", "javaType": "org.cometd.bayeux.server.SecurityPolicy", "deprecated": false, "autowired": false, "secret": false, "description": "To use a custom configured SecurityPolicy to control authorization" },
    "sslContextParameters": { "index": 5, "kind": "property", "displayName": "Ssl Context Parameters", "group": "security", "label": "security", "required": false, "type": "object", "javaType": "org.apache.camel.support.jsse.SSLContextParameters", "deprecated": false, "autowired": false, "secret": false, "description": "To configure security using SSLContextParameters" },
    "sslKeyPassword": { "index": 6, "kind": "property", "displayName": "Ssl Key Password", "group": "security", "label": "security", "required": false, "type": "string", "javaType": "java.lang.String", "deprecated": false, "autowired": false, "secret": true, "description": "The password for the keystore when using SSL." },
    "sslKeystore": { "index": 7, "kind": "property", "displayName": "Ssl Keystore", "group": "security", "label": "security", "required": false, "type": "string", "javaType": "java.lang.String", "deprecated": false, "autowired": false, "secret": false, "description": "The path to the keystore." },
    "sslPassword": { "index": 8, "kind": "property", "displayName": "Ssl Password", "group": "security", "label": "security", "required": false, "type": "string", "javaType": "java.lang.String", "deprecated": false, "autowired": false, "secret": true, "description": "The password when using SSL." },
    "useGlobalSslContextParameters": { "index": 9, "kind": "property", "displayName": "Use Global Ssl Context Parameters", "group": "security", "label": "security", "required": false, "type": "boolean", "javaType": "boolean", "deprecated": false, "autowired": false, "secret": false, "defaultValue": false, "description": "Enable usage of global SSL context parameters." }
  },
  "headers": {
    "CometdClientId": { "index": 0, "kind": "header", "displayName": "", "group": "common", "label": "", "required": false, "javaType": "String", "deprecated": false, "deprecationNote": "", "autowired": false, "secret": false, "description": "The clientId of the session", "constantName": "org.apache.camel.component.cometd.CometdBinding#COMETD_CLIENT_ID_HEADER_NAME" },
    "subscription": { "index": 1, "kind": "header", "displayName": "", "group": "common", "label": "", "required": false, "javaType": "String", "deprecated": false, "deprecationNote": "", "autowired": false, "secret": false, "description": "The subscription", "constantName": "org.apache.camel.component.cometd.CometdBinding#COMETD_SUBSCRIPTION_HEADER_NAME" }
  },
  "properties": {
    "host": { "index": 0, "kind": "path", "displayName": "Host", "group": "common", "label": "", "required": true, "type": "string", "javaType": "java.lang.String", "deprecated": false, "deprecationNote": "", "autowired": false, "secret": false, "description": "Hostname" },
    "port": { "index": 1, "kind": "path", "displayName": "Port", "group": "common", "label": "", "required": true, "type": "integer", "javaType": "int", "deprecated": false, "deprecationNote": "", "autowired": false, "secret": false, "description": "Host port number" },
    "channelName": { "index": 2, "kind": "path", "displayName": "Channel Name", "group": "common", "label": "", "required": true, "type": "string", "javaType": "java.lang.String", "deprecated": false, "deprecationNote": "", "autowired": false, "secret": false, "description": "The channelName represents a topic that can be subscribed to by the Camel endpoints." },
    "allowedOrigins": { "index": 3, "kind": "parameter", "displayName": "Allowed Origins", "group": "common", "label": "", "required": false, "type": "string", "javaType": "java.lang.String", "deprecated": false, "autowired": false, "secret": false, "defaultValue": "*", "description": "The origins domain that support to cross, if the crosssOriginFilterOn is true" },
    "baseResource": { "index": 4, "kind": "parameter", "displayName": "Base Resource", "group": "common", "label": "", "required": false, "type": "string", "javaType": "java.lang.String", "deprecated": false, "autowired": false, "secret": false, "description": "The root directory for the web resources or classpath. Use the protocol file: or classpath: depending if you want that the component loads the resource from file system or classpath. Classpath is required for OSGI deployment where the resources are packaged in the jar" },
    "crossOriginFilterOn": { "index": 5, "kind": "parameter", "displayName": "Cross Origin Filter On", "group": "common", "label": "", "required": false, "type": "boolean", "javaType": "boolean", "deprecated": false, "autowired": false, "secret": false, "defaultValue": false, "description": "If true, the server will support for cross-domain filtering" },
    "filterPath": { "index": 6, "kind": "parameter", "displayName": "Filter Path", "group": "common", "label": "", "required": false, "type": "string", "javaType": "java.lang.String", "deprecated": false, "autowired": false, "secret": false, "description": "The filterPath will be used by the CrossOriginFilter, if the crosssOriginFilterOn is true" },
    "interval": { "index": 7, "kind": "parameter", "displayName": "Interval", "group": "common", "label": "", "required": false, "type": "integer", "javaType": "int", "deprecated": false, "autowired": false, "secret": false, "description": "The client side poll timeout in milliseconds. How long a client will wait between reconnects" },
    "jsonCommented": { "index": 8, "kind": "parameter", "displayName": "Json Commented", "group": "common", "label": "", "required": false, "type": "boolean", "javaType": "boolean", "deprecated": false, "autowired": false, "secret": false, "defaultValue": true, "description": "If true, the server will accept JSON wrapped in a comment and will generate JSON wrapped in a comment. This is a defence against Ajax Hijacking." },
    "logLevel": { "index": 9, "kind": "parameter", "displayName": "Log Level", "group": "common", "label": "", "required": false, "type": "enum", "javaType": "int", "enum": [ "0", "1", "2" ], "deprecated": false, "autowired": false, "secret": false, "defaultValue": 1, "description": "Logging level. 0=none, 1=info, 2=debug." },
    "maxInterval": { "index": 10, "kind": "parameter", "displayName": "Max Interval", "group": "common", "label": "", "required": false, "type": "integer", "javaType": "int", "deprecated": false, "autowired": false, "secret": false, "defaultValue": 30000, "description": "The max client side poll timeout in milliseconds. A client will be removed if a connection is not received in this time." },
    "multiFrameInterval": { "index": 11, "kind": "parameter", "displayName": "Multi Frame Interval", "group": "common", "label": "", "required": false, "type": "integer", "javaType": "int", "deprecated": false, "autowired": false, "secret": false, "defaultValue": 1500, "description": "The client side poll timeout, if multiple connections are detected from the same browser." },
    "timeout": { "index": 12, "kind": "parameter", "displayName": "Timeout", "group": "common", "label": "", "required": false, "type": "integer", "javaType": "int", "deprecated": false, "autowired": false, "secret": false, "defaultValue": 240000, "description": "The server side poll timeout in milliseconds. This is how long the server will hold a reconnect request before responding." },
    "sessionHeadersEnabled": { "index": 13, "kind": "parameter", "displayName": "Session Headers Enabled", "group": "consumer", "label": "consumer", "required": false, "type": "boolean", "javaType": "boolean", "deprecated": false, "autowired": false, "secret": false, "defaultValue": false, "description": "Whether to include the server session headers in the Camel message when creating a Camel Message for incoming requests." },
    "bridgeErrorHandler": { "index": 14, "kind": "parameter", "displayName": "Bridge Error Handler", "group": "consumer (advanced)", "label": "consumer,advanced", "required": false, "type": "boolean", "javaType": "boolean", "deprecated": false, "autowired": false, "secret": false, "defaultValue": false, "description": "Allows for bridging the consumer to the Camel routing Error Handler, which mean any exceptions (if possible) occurred while the Camel consumer is trying to pickup incoming messages, or the likes, will now be processed as a message and handled by the routing Error Handler. Important: This is only possible if the 3rd party component allows Camel to be alerted if an exception was thrown. Some components handle this internally only, and therefore bridgeErrorHandler is not possible. In other situations we may improve the Camel component to hook into the 3rd party component and make this possible for future releases. By default the consumer will use the org.apache.camel.spi.ExceptionHandler to deal with exceptions, that will be logged at WARN or ERROR level and ignored." },
    "exceptionHandler": { "index": 15, "kind": "parameter", "displayName": "Exception Handler", "group": "consumer (advanced)", "label": "consumer,advanced", "required": false, "type": "object", "javaType": "org.apache.camel.spi.ExceptionHandler", "optionalPrefix": "consumer.", "deprecated": false, "autowired": false, "secret": false, "description": "To let the consumer use a custom ExceptionHandler. Notice if the option bridgeErrorHandler is enabled then this option is not in use. By default the consumer will deal with exceptions, that will be logged at WARN or ERROR level and ignored." },
    "exchangePattern": { "index": 16, "kind": "parameter", "displayName": "Exchange Pattern", "group": "consumer (advanced)", "label": "consumer,advanced", "required": false, "type": "enum", "javaType": "org.apache.camel.ExchangePattern", "enum": [ "InOnly", "InOut" ], "deprecated": false, "autowired": false, "secret": false, "description": "Sets the exchange pattern when the consumer creates an exchange." },
    "disconnectLocalSession": { "index": 17, "kind": "parameter", "displayName": "Disconnect Local Session", "group": "producer", "label": "producer", "required": false, "type": "boolean", "javaType": "boolean", "deprecated": false, "autowired": false, "secret": false, "defaultValue": false, "description": "Whether to disconnect local sessions after publishing a message to its channel. Disconnecting local session is needed as they are not swept by default by CometD, and therefore you can run out of memory." },
    "lazyStartProducer": { "index": 18, "kind": "parameter", "displayName": "Lazy Start Producer", "group": "producer (advanced)", "label": "producer,advanced", "required": false, "type": "boolean", "javaType": "boolean", "deprecated": false, "autowired": false, "secret": false, "defaultValue": false, "description": "Whether the producer should be started lazy (on the first message). By starting lazy you can use this to allow CamelContext and routes to startup in situations where a producer may otherwise fail during starting and cause the route to fail being started. By deferring this startup to be lazy then the startup failure can be handled during routing messages via Camel's routing error handlers. Beware that when the first message is processed then creating and starting the producer may take a little time and prolong the total processing time of the processing." }
  }
}
