{
  "component": {
    "kind": "component",
    "name": "consul",
    "title": "Consul",
    "description": "Integrate with Consul service discovery and configuration store.",
    "deprecated": false,
    "firstVersion": "2.18.0",
    "label": "cloud,api",
    "javaType": "org.apache.camel.component.consul.ConsulComponent",
    "supportLevel": "Stable",
    "groupId": "org.apache.camel",
    "artifactId": "camel-consul",
    "version": "4.18.0-SNAPSHOT",
    "scheme": "consul",
    "extendsScheme": "",
    "syntax": "consul:apiEndpoint",
    "async": false,
    "api": false,
    "consumerOnly": false,
    "producerOnly": false,
    "lenientProperties": false,
    "browsable": false,
    "remote": true
  },
  "componentProperties": {
    "connectTimeout": { "index": 0, "kind": "property", "displayName": "Connect Timeout", "group": "common", "label": "", "required": false, "type": "duration", "javaType": "java.time.Duration", "deprecated": false, "autowired": false, "secret": false, "configurationClass": "org.apache.camel.component.consul.ConsulConfiguration", "configurationField": "configuration", "description": "Connect timeout" },
    "key": { "index": 1, "kind": "property", "displayName": "Key", "group": "common", "label": "", "required": false, "type": "string", "javaType": "java.lang.String", "deprecated": false, "autowired": false, "secret": false, "configurationClass": "org.apache.camel.component.consul.ConsulConfiguration", "configurationField": "configuration", "description": "The default key. Can be overridden by CamelConsulKey" },
    "pingInstance": { "index": 2, "kind": "property", "displayName": "Ping Instance", "group": "common", "label": "", "required": false, "type": "boolean", "javaType": "boolean", "deprecated": false, "autowired": false, "secret": false, "defaultValue": true, "configurationClass": "org.apache.camel.component.consul.ConsulConfiguration", "configurationField": "configuration", "description": "Configure if the AgentClient should attempt a ping before returning the Consul instance" },
    "readTimeout": { "index": 3, "kind": "property", "displayName": "Read Timeout", "group": "common", "label": "", "required": false, "type": "duration", "javaType": "java.time.Duration", "deprecated": false, "autowired": false, "secret": false, "configurationClass": "org.apache.camel.component.consul.ConsulConfiguration", "configurationField": "configuration", "description": "Read timeout" },
    "tags": { "index": 4, "kind": "property", "displayName": "Tags", "group": "common", "label": "", "required": false, "type": "string", "javaType": "java.lang.String", "deprecated": false, "autowired": false, "secret": false, "configurationClass": "org.apache.camel.component.consul.ConsulConfiguration", "configurationField": "configuration", "description": "Set tags. You can separate multiple tags by comma." },
    "url": { "index": 5, "kind": "property", "displayName": "Url", "group": "common", "label": "", "required": false, "type": "string", "javaType": "java.lang.String", "deprecated": false, "autowired": false, "secret": false, "configurationClass": "org.apache.camel.component.consul.ConsulConfiguration", "configurationField": "configuration", "description": "The Consul agent URL" },
    "valueAsString": { "index": 6, "kind": "property", "displayName": "Value As String", "group": "common", "label": "", "required": false, "type": "boolean", "javaType": "boolean", "deprecated": false, "autowired": false, "secret": false, "defaultValue": false, "configurationClass": "org.apache.camel.component.consul.ConsulConfiguration", "configurationField": "configuration", "description": "Default to transform values retrieved from Consul i.e. on KV endpoint to string." },
    "writeTimeout": { "index": 7, "kind": "property", "displayName": "Write Timeout", "group": "common", "label": "", "required": false, "type": "duration", "javaType": "java.time.Duration", "deprecated": false, "autowired": false, "secret": false, "configurationClass": "org.apache.camel.component.consul.ConsulConfiguration", "configurationField": "configuration", "description": "Write timeout" },
    "bridgeErrorHandler": { "index": 8, "kind": "property", "displayName": "Bridge Error Handler", "group": "consumer", "label": "consumer", "required": false, "type": "boolean", "javaType": "boolean", "deprecated": false, "autowired": false, "secret": false, "defaultValue": false, "description": "Allows for bridging the consumer to the Camel routing Error Handler, which mean any exceptions (if possible) occurred while the Camel consumer is trying to pickup incoming messages, or the likes, will now be processed as a message and handled by the routing Error Handler. Important: This is only possible if the 3rd party component allows Camel to be alerted if an exception was thrown. Some components handle this internally only, and therefore bridgeErrorHandler is not possible. In other situations we may improve the Camel component to hook into the 3rd party component and make this possible for future releases. By default the consumer will use the org.apache.camel.spi.ExceptionHandler to deal with exceptions, that will be logged at WARN or ERROR level and ignored." },
    "action": { "index": 9, "kind": "property", "displayName": "Action", "group": "producer", "label": "producer", "required": false, "type": "enum", "javaType": "java.lang.String", "enum": [ "CHECKS", "SERVICES", "AGENT", "REGISTER", "DEREGISTER" ], "deprecated": false, "autowired": false, "secret": false, "configurationClass": "org.apache.camel.component.consul.ConsulConfiguration", "configurationField": "configuration", "description": "The default action. Can be overridden by CamelConsulAction" },
    "lazyStartProducer": { "index": 10, "kind": "property", "displayName": "Lazy Start Producer", "group": "producer", "label": "producer", "required": false, "type": "boolean", "javaType": "boolean", "deprecated": false, "autowired": false, "secret": false, "defaultValue": false, "description": "Whether the producer should be started lazy (on the first message). By starting lazy you can use this to allow CamelContext and routes to startup in situations where a producer may otherwise fail during starting and cause the route to fail being started. By deferring this startup to be lazy then the startup failure can be handled during routing messages via Camel's routing error handlers. Beware that when the first message is processed then creating and starting the producer may take a little time and prolong the total processing time of the processing." },
    "autowiredEnabled": { "index": 11, "kind": "property", "displayName": "Autowired Enabled", "group": "advanced", "label": "advanced", "required": false, "type": "boolean", "javaType": "boolean", "deprecated": false, "autowired": false, "secret": false, "defaultValue": true, "description": "Whether autowiring is enabled. This is used for automatic autowiring options (the option must be marked as autowired) by looking up in the registry to find if there is a single instance of matching type, which then gets configured on the component. This can be used for automatic configuring JDBC data sources, JMS connection factories, AWS Clients, etc." },
    "configuration": { "index": 12, "kind": "property", "displayName": "Configuration", "group": "advanced", "label": "advanced", "required": false, "type": "object", "javaType": "org.apache.camel.component.consul.ConsulConfiguration", "deprecated": false, "autowired": false, "secret": false, "description": "Consul configuration" },
    "consistencyMode": { "index": 13, "kind": "property", "displayName": "Consistency Mode", "group": "advanced", "label": "advanced", "required": false, "type": "enum", "javaType": "org.kiwiproject.consul.option.ConsistencyMode", "enum": [ "DEFAULT", "STALE", "CONSISTENT" ], "deprecated": false, "autowired": false, "secret": false, "defaultValue": "DEFAULT", "configurationClass": "org.apache.camel.component.consul.ConsulConfiguration", "configurationField": "configuration", "description": "The consistencyMode used for queries, default ConsistencyMode.DEFAULT" },
    "consulClient": { "index": 14, "kind": "property", "displayName": "Consul Client", "group": "advanced", "label": "advanced", "required": false, "type": "object", "javaType": "org.kiwiproject.consul.Consul", "deprecated": false, "deprecationNote": "", "autowired": true, "secret": false, "configurationClass": "org.apache.camel.component.consul.ConsulConfiguration", "configurationField": "configuration", "description": "The consul client to use." },
    "datacenter": { "index": 15, "kind": "property", "displayName": "Datacenter", "group": "advanced", "label": "advanced", "required": false, "type": "string", "javaType": "java.lang.String", "deprecated": false, "autowired": false, "secret": false, "configurationClass": "org.apache.camel.component.consul.ConsulConfiguration", "configurationField": "configuration", "description": "The data center" },
    "nearNode": { "index": 16, "kind": "property", "displayName": "Near Node", "group": "advanced", "label": "advanced", "required": false, "type": "string", "javaType": "java.lang.String", "deprecated": false, "autowired": false, "secret": false, "configurationClass": "org.apache.camel.component.consul.ConsulConfiguration", "configurationField": "configuration", "description": "The near node to use for queries." },
    "nodeMeta": { "index": 17, "kind": "property", "displayName": "Node Meta", "group": "advanced", "label": "advanced", "required": false, "type": "string", "javaType": "java.lang.String", "deprecated": false, "autowired": false, "secret": false, "configurationClass": "org.apache.camel.component.consul.ConsulConfiguration", "configurationField": "configuration", "description": "The comma separated node meta-data to use for queries." },
    "aclToken": { "index": 18, "kind": "property", "displayName": "Acl Token", "group": "security", "label": "security", "required": false, "type": "string", "javaType": "java.lang.String", "deprecated": false, "autowired": false, "secret": true, "configurationClass": "org.apache.camel.component.consul.ConsulConfiguration", "configurationField": "configuration", "description": "Sets the ACL token to be used with Consul" },
    "password": { "index": 19, "kind": "property", "displayName": "Password", "group": "security", "label": "security", "required": false, "type": "string", "javaType": "java.lang.String", "deprecated": false, "autowired": false, "secret": true, "configurationClass": "org.apache.camel.component.consul.ConsulConfiguration", "configurationField": "configuration", "description": "Sets the password to be used for basic authentication" },
    "sslContextParameters": { "index": 20, "kind": "property", "displayName": "Ssl Context Parameters", "group": "security", "label": "security", "required": false, "type": "object", "javaType": "org.apache.camel.support.jsse.SSLContextParameters", "deprecated": false, "autowired": false, "secret": false, "configurationClass": "org.apache.camel.component.consul.ConsulConfiguration", "configurationField": "configuration", "description": "SSL configuration using an org.apache.camel.support.jsse.SSLContextParameters instance." },
    "useGlobalSslContextParameters": { "index": 21, "kind": "property", "displayName": "Use Global Ssl Context Parameters", "group": "security", "label": "security", "required": false, "type": "boolean", "javaType": "boolean", "deprecated": false, "autowired": false, "secret": false, "defaultValue": false, "description": "Enable usage of global SSL context parameters." },
    "userName": { "index": 22, "kind": "property", "displayName": "User Name", "group": "security", "label": "security", "required": false, "type": "string", "javaType": "java.lang.String", "deprecated": false, "autowired": false, "secret": true, "configurationClass": "org.apache.camel.component.consul.ConsulConfiguration", "configurationField": "configuration", "description": "Sets the username to be used for basic authentication" },
    "blockSeconds": { "index": 23, "kind": "property", "displayName": "Block Seconds", "group": "watch", "label": "consumer,watch", "required": false, "type": "integer", "javaType": "java.lang.Integer", "deprecated": false, "autowired": false, "secret": false, "defaultValue": 10, "configurationClass": "org.apache.camel.component.consul.ConsulConfiguration", "configurationField": "configuration", "description": "The second to wait for a watch event, default 10 seconds" },
    "firstIndex": { "index": 24, "kind": "property", "displayName": "First Index", "group": "watch", "label": "consumer,watch", "required": false, "type": "object", "javaType": "java.math.BigInteger", "deprecated": false, "autowired": false, "secret": false, "defaultValue": "0", "configurationClass": "org.apache.camel.component.consul.ConsulConfiguration", "configurationField": "configuration", "description": "The first index for watch for, default 0" },
    "recursive": { "index": 25, "kind": "property", "displayName": "Recursive", "group": "watch", "label": "consumer,watch", "required": false, "type": "boolean", "javaType": "boolean", "deprecated": false, "autowired": false, "secret": false, "defaultValue": false, "configurationClass": "org.apache.camel.component.consul.ConsulConfiguration", "configurationField": "configuration", "description": "Recursively watch, default false" }
  },
  "headers": {
    "CamelConsulAction": { "index": 0, "kind": "header", "displayName": "", "group": "producer", "label": "producer", "required": false, "javaType": "String", "deprecated": false, "deprecationNote": "", "autowired": false, "secret": false, "description": "The Producer action", "constantName": "org.apache.camel.component.consul.ConsulConstants#CONSUL_ACTION" },
    "CamelConsulKey": { "index": 1, "kind": "header", "displayName": "", "group": "common", "label": "", "required": false, "javaType": "String", "deprecated": false, "deprecationNote": "", "autowired": false, "secret": false, "description": "The Key on which the action should applied", "constantName": "org.apache.camel.component.consul.ConsulConstants#CONSUL_KEY" },
    "CamelConsulEventId": { "index": 2, "kind": "header", "displayName": "", "group": "consumer", "label": "consumer", "required": false, "javaType": "String", "deprecated": false, "deprecationNote": "", "autowired": false, "secret": false, "description": "The event id", "constantName": "org.apache.camel.component.consul.ConsulConstants#CONSUL_EVENT_ID" },
    "CamelConsulEventName": { "index": 3, "kind": "header", "displayName": "", "group": "consumer", "label": "consumer", "required": false, "javaType": "String", "deprecated": false, "deprecationNote": "", "autowired": false, "secret": false, "description": "The event name", "constantName": "org.apache.camel.component.consul.ConsulConstants#CONSUL_EVENT_NAME" },
    "CamelConsulEventLTime": { "index": 4, "kind": "header", "displayName": "", "group": "consumer", "label": "consumer", "required": false, "javaType": "Long", "deprecated": false, "deprecationNote": "", "autowired": false, "secret": false, "description": "The event LTime", "constantName": "org.apache.camel.component.consul.ConsulConstants#CONSUL_EVENT_LTIME" },
    "CamelConsulNodeFilter": { "index": 5, "kind": "header", "displayName": "", "group": "consumer", "label": "consumer", "required": false, "javaType": "String", "deprecated": false, "deprecationNote": "", "autowired": false, "secret": false, "description": "The Node filter", "constantName": "org.apache.camel.component.consul.ConsulConstants#CONSUL_NODE_FILTER" },
    "CamelConsulTagFilter": { "index": 6, "kind": "header", "displayName": "", "group": "consumer", "label": "consumer", "required": false, "javaType": "String", "deprecated": false, "deprecationNote": "", "autowired": false, "secret": false, "description": "The tag filter", "constantName": "org.apache.camel.component.consul.ConsulConstants#CONSUL_TAG_FILTER" },
    "CamelConsulSessionFilter": { "index": 7, "kind": "header", "displayName": "", "group": "consumer", "label": "consumer", "required": false, "javaType": "String", "deprecated": false, "deprecationNote": "", "autowired": false, "secret": false, "description": "The session filter", "constantName": "org.apache.camel.component.consul.ConsulConstants#CONSUL_SERVICE_FILTER" },
    "CamelConsulVersion": { "index": 8, "kind": "header", "displayName": "", "group": "consumer", "label": "consumer", "required": false, "javaType": "Integer", "deprecated": false, "deprecationNote": "", "autowired": false, "secret": false, "description": "The data version", "constantName": "org.apache.camel.component.consul.ConsulConstants#CONSUL_VERSION" },
    "CamelConsulFlags": { "index": 9, "kind": "header", "displayName": "", "group": "common", "label": "", "required": false, "javaType": "Long", "deprecated": false, "deprecationNote": "", "autowired": false, "secret": false, "description": "Flags associated with a value", "constantName": "org.apache.camel.component.consul.ConsulConstants#CONSUL_FLAGS" },
    "CamelConsulIndex": { "index": 10, "kind": "header", "displayName": "", "group": "producer", "label": "producer", "required": false, "javaType": "BigInteger", "deprecated": false, "deprecationNote": "", "autowired": false, "secret": false, "description": "The optional value index", "constantName": "org.apache.camel.component.consul.ConsulConstants#CONSUL_INDEX" },
    "CamelConsulWait": { "index": 11, "kind": "header", "displayName": "", "group": "producer", "label": "producer", "required": false, "javaType": "String", "deprecated": false, "deprecationNote": "", "autowired": false, "secret": false, "description": "The optional value wait", "constantName": "org.apache.camel.component.consul.ConsulConstants#CONSUL_WAIT" },
    "CamelConsulCreateIndex": { "index": 12, "kind": "header", "displayName": "", "group": "consumer", "label": "consumer", "required": false, "javaType": "Long", "deprecated": false, "deprecationNote": "", "autowired": false, "secret": false, "description": "The internal index value that represents when the entry was created", "constantName": "org.apache.camel.component.consul.ConsulConstants#CONSUL_CREATE_INDEX" },
    "CamelConsulLockIndex": { "index": 13, "kind": "header", "displayName": "", "group": "consumer", "label": "consumer", "required": false, "javaType": "Long", "deprecated": false, "deprecationNote": "", "autowired": false, "secret": false, "description": "The number of times this key has successfully been acquired in a lock", "constantName": "org.apache.camel.component.consul.ConsulConstants#CONSUL_LOCK_INDEX" },
    "CamelConsulModifyIndex": { "index": 14, "kind": "header", "displayName": "", "group": "consumer", "label": "consumer", "required": false, "javaType": "Long", "deprecated": false, "deprecationNote": "", "autowired": false, "secret": false, "description": "The last index that modified this key", "constantName": "org.apache.camel.component.consul.ConsulConstants#CONSUL_MODIFY_INDEX" },
    "CamelConsulOptions": { "index": 15, "kind": "header", "displayName": "", "group": "common", "label": "", "required": false, "javaType": "", "deprecated": false, "deprecationNote": "", "autowired": false, "secret": false, "description": "Options associated to the request", "constantName": "org.apache.camel.component.consul.ConsulConstants#CONSUL_OPTIONS" },
    "CamelConsulResult": { "index": 16, "kind": "header", "displayName": "", "group": "common", "label": "", "required": false, "javaType": "Boolean", "deprecated": false, "deprecationNote": "", "autowired": false, "secret": false, "description": "true if the response has a result", "constantName": "org.apache.camel.component.consul.ConsulConstants#CONSUL_RESULT" },
    "CamelConsulSession": { "index": 17, "kind": "header", "displayName": "", "group": "common", "label": "", "required": false, "javaType": "String", "deprecated": false, "deprecationNote": "", "autowired": false, "secret": false, "description": "The session id", "constantName": "org.apache.camel.component.consul.ConsulConstants#CONSUL_SESSION" },
    "CamelConsulValueAsString": { "index": 18, "kind": "header", "displayName": "", "group": "producer", "label": "producer", "required": false, "javaType": "Boolean", "deprecated": false, "deprecationNote": "", "autowired": false, "secret": false, "description": "To transform values retrieved from Consul i.e. on KV endpoint to string.", "constantName": "org.apache.camel.component.consul.ConsulConstants#CONSUL_VALUE_AS_STRING" },
    "CamelConsulNode": { "index": 19, "kind": "header", "displayName": "", "group": "producer", "label": "producer", "required": false, "javaType": "String", "deprecated": false, "deprecationNote": "", "autowired": false, "secret": false, "description": "The node", "constantName": "org.apache.camel.component.consul.ConsulConstants#CONSUL_NODE" },
    "CamelConsulService": { "index": 20, "kind": "header", "displayName": "", "group": "producer", "label": "producer", "required": false, "javaType": "String", "deprecated": false, "deprecationNote": "", "autowired": false, "secret": false, "description": "The service", "constantName": "org.apache.camel.component.consul.ConsulConstants#CONSUL_SERVICE" },
    "CamelConsulDatacenter": { "index": 21, "kind": "header", "displayName": "", "group": "producer", "label": "producer", "required": false, "javaType": "String", "deprecated": false, "deprecationNote": "", "autowired": false, "secret": false, "description": "The data center", "constantName": "org.apache.camel.component.consul.ConsulConstants#CONSUL_DATACENTER" },
    "CamelConsulNearNode": { "index": 22, "kind": "header", "displayName": "", "group": "producer", "label": "producer", "required": false, "javaType": "String", "deprecated": false, "deprecationNote": "", "autowired": false, "secret": false, "description": "The near node to use for queries.", "constantName": "org.apache.camel.component.consul.ConsulConstants#CONSUL_NEAR_NODE" },
    "CamelConsulNodeMeta": { "index": 23, "kind": "header", "displayName": "", "group": "producer", "label": "producer", "required": false, "javaType": "List<String>", "deprecated": false, "deprecationNote": "", "autowired": false, "secret": false, "description": "The note meta-data to use for queries.", "constantName": "org.apache.camel.component.consul.ConsulConstants#CONSUL_NODE_META" },
    "CamelConsulLastContact": { "index": 24, "kind": "header", "displayName": "", "group": "producer", "label": "producer", "required": false, "javaType": "Long", "deprecated": false, "deprecationNote": "", "autowired": false, "secret": false, "description": "The last contact", "constantName": "org.apache.camel.component.consul.ConsulConstants#CONSUL_LAST_CONTACT" },
    "CamelConsulKnownLeader": { "index": 25, "kind": "header", "displayName": "", "group": "producer", "label": "producer", "required": false, "javaType": "Boolean", "deprecated": false, "deprecationNote": "", "autowired": false, "secret": false, "description": "Indicates whether it is the known leader", "constantName": "org.apache.camel.component.consul.ConsulConstants#CONSUL_KNOWN_LEADER" },
    "CamelConsulConsistencyMode": { "index": 26, "kind": "header", "displayName": "", "group": "producer", "label": "producer", "required": false, "javaType": "org.kiwiproject.consul.option.ConsistencyMode", "deprecated": false, "deprecationNote": "", "autowired": false, "secret": false, "defaultValue": "DEFAULT", "description": "The consistencyMode used for queries", "constantName": "org.apache.camel.component.consul.ConsulConstants#CONSUL_CONSISTENCY_MODE" },
    "CamelConsulHealthyOnly": { "index": 27, "kind": "header", "displayName": "", "group": "producer", "label": "producer", "required": false, "javaType": "Boolean", "deprecated": false, "deprecationNote": "", "autowired": false, "secret": false, "defaultValue": "false", "description": "Only on healthy services", "constantName": "org.apache.camel.component.consul.ConsulConstants#CONSUL_HEALTHY_ONLY" },
    "CamelConsulHealthyState": { "index": 28, "kind": "header", "displayName": "", "group": "producer", "label": "producer", "required": false, "javaType": "org.kiwiproject.consul.model.State", "enum": [ "PASS", "WARN", "FAIL", "ANY", "UNKNOWN" ], "deprecated": false, "deprecationNote": "", "autowired": false, "secret": false, "description": "The state to query.", "constantName": "org.apache.camel.component.consul.ConsulConstants#CONSUL_HEALTHY_STATE" },
    "CamelConsulPreparedQueryID": { "index": 29, "kind": "header", "displayName": "", "group": "producer", "label": "producer", "required": false, "javaType": "String", "deprecated": false, "deprecationNote": "", "autowired": false, "secret": false, "description": "The id of the prepared query", "constantName": "org.apache.camel.component.consul.ConsulConstants#CONSUL_PREPARED_QUERY_ID" },
    "CamelConsulServiceId": { "index": 30, "kind": "header", "displayName": "", "group": "producer", "label": "producer", "required": false, "javaType": "String", "deprecated": false, "deprecationNote": "", "autowired": false, "secret": false, "description": "The service id for agent deregistration", "constantName": "org.apache.camel.component.consul.ConsulConstants#CONSUL_SERVICE_ID" }
  },
  "properties": {
    "apiEndpoint": { "index": 0, "kind": "path", "displayName": "Api Endpoint", "group": "common", "label": "", "required": true, "type": "string", "javaType": "java.lang.String", "deprecated": false, "deprecationNote": "", "autowired": false, "secret": false, "description": "The API endpoint" },
    "connectTimeout": { "index": 1, "kind": "parameter", "displayName": "Connect Timeout", "group": "common", "label": "", "required": false, "type": "duration", "javaType": "java.time.Duration", "deprecated": false, "autowired": false, "secret": false, "configurationClass": "org.apache.camel.component.consul.ConsulConfiguration", "configurationField": "configuration", "description": "Connect timeout" },
    "key": { "index": 2, "kind": "parameter", "displayName": "Key", "group": "common", "label": "", "required": false, "type": "string", "javaType": "java.lang.String", "deprecated": false, "autowired": false, "secret": false, "configurationClass": "org.apache.camel.component.consul.ConsulConfiguration", "configurationField": "configuration", "description": "The default key. Can be overridden by CamelConsulKey" },
    "pingInstance": { "index": 3, "kind": "parameter", "displayName": "Ping Instance", "group": "common", "label": "", "required": false, "type": "boolean", "javaType": "boolean", "deprecated": false, "autowired": false, "secret": false, "defaultValue": true, "configurationClass": "org.apache.camel.component.consul.ConsulConfiguration", "configurationField": "configuration", "description": "Configure if the AgentClient should attempt a ping before returning the Consul instance" },
    "readTimeout": { "index": 4, "kind": "parameter", "displayName": "Read Timeout", "group": "common", "label": "", "required": false, "type": "duration", "javaType": "java.time.Duration", "deprecated": false, "autowired": false, "secret": false, "configurationClass": "org.apache.camel.component.consul.ConsulConfiguration", "configurationField": "configuration", "description": "Read timeout" },
    "tags": { "index": 5, "kind": "parameter", "displayName": "Tags", "group": "common", "label": "", "required": false, "type": "string", "javaType": "java.lang.String", "deprecated": false, "autowired": false, "secret": false, "configurationClass": "org.apache.camel.component.consul.ConsulConfiguration", "configurationField": "configuration", "description": "Set tags. You can separate multiple tags by comma." },
    "url": { "index": 6, "kind": "parameter", "displayName": "Url", "group": "common", "label": "", "required": false, "type": "string", "javaType": "java.lang.String", "deprecated": false, "autowired": false, "secret": false, "configurationClass": "org.apache.camel.component.consul.ConsulConfiguration", "configurationField": "configuration", "description": "The Consul agent URL" },
    "valueAsString": { "index": 7, "kind": "parameter", "displayName": "Value As String", "group": "common", "label": "", "required": false, "type": "boolean", "javaType": "boolean", "deprecated": false, "autowired": false, "secret": false, "defaultValue": false, "configurationClass": "org.apache.camel.component.consul.ConsulConfiguration", "configurationField": "configuration", "description": "Default to transform values retrieved from Consul i.e. on KV endpoint to string." },
    "writeTimeout": { "index": 8, "kind": "parameter", "displayName": "Write Timeout", "group": "common", "label": "", "required": false, "type": "duration", "javaType": "java.time.Duration", "deprecated": false, "autowired": false, "secret": false, "configurationClass": "org.apache.camel.component.consul.ConsulConfiguration", "configurationField": "configuration", "description": "Write timeout" },
    "bridgeErrorHandler": { "index": 9, "kind": "parameter", "displayName": "Bridge Error Handler", "group": "consumer (advanced)", "label": "consumer,advanced", "required": false, "type": "boolean", "javaType": "boolean", "deprecated": false, "autowired": false, "secret": false, "defaultValue": false, "description": "Allows for bridging the consumer to the Camel routing Error Handler, which mean any exceptions (if possible) occurred while the Camel consumer is trying to pickup incoming messages, or the likes, will now be processed as a message and handled by the routing Error Handler. Important: This is only possible if the 3rd party component allows Camel to be alerted if an exception was thrown. Some components handle this internally only, and therefore bridgeErrorHandler is not possible. In other situations we may improve the Camel component to hook into the 3rd party component and make this possible for future releases. By default the consumer will use the org.apache.camel.spi.ExceptionHandler to deal with exceptions, that will be logged at WARN or ERROR level and ignored." },
    "exceptionHandler": { "index": 10, "kind": "parameter", "displayName": "Exception Handler", "group": "consumer (advanced)", "label": "consumer,advanced", "required": false, "type": "object", "javaType": "org.apache.camel.spi.ExceptionHandler", "optionalPrefix": "consumer.", "deprecated": false, "autowired": false, "secret": false, "description": "To let the consumer use a custom ExceptionHandler. Notice if the option bridgeErrorHandler is enabled then this option is not in use. By default the consumer will deal with exceptions, that will be logged at WARN or ERROR level and ignored." },
    "exchangePattern": { "index": 11, "kind": "parameter", "displayName": "Exchange Pattern", "group": "consumer (advanced)", "label": "consumer,advanced", "required": false, "type": "enum", "javaType": "org.apache.camel.ExchangePattern", "enum": [ "InOnly", "InOut" ], "deprecated": false, "autowired": false, "secret": false, "description": "Sets the exchange pattern when the consumer creates an exchange." },
    "action": { "index": 12, "kind": "parameter", "displayName": "Action", "group": "producer", "label": "producer", "required": false, "type": "enum", "javaType": "java.lang.String", "enum": [ "CHECKS", "SERVICES", "AGENT", "REGISTER", "DEREGISTER" ], "deprecated": false, "autowired": false, "secret": false, "configurationClass": "org.apache.camel.component.consul.ConsulConfiguration", "configurationField": "configuration", "description": "The default action. Can be overridden by CamelConsulAction" },
    "lazyStartProducer": { "index": 13, "kind": "parameter", "displayName": "Lazy Start Producer", "group": "producer (advanced)", "label": "producer,advanced", "required": false, "type": "boolean", "javaType": "boolean", "deprecated": false, "autowired": false, "secret": false, "defaultValue": false, "description": "Whether the producer should be started lazy (on the first message). By starting lazy you can use this to allow CamelContext and routes to startup in situations where a producer may otherwise fail during starting and cause the route to fail being started. By deferring this startup to be lazy then the startup failure can be handled during routing messages via Camel's routing error handlers. Beware that when the first message is processed then creating and starting the producer may take a little time and prolong the total processing time of the processing." },
    "consistencyMode": { "index": 14, "kind": "parameter", "displayName": "Consistency Mode", "group": "advanced", "label": "advanced", "required": false, "type": "enum", "javaType": "org.kiwiproject.consul.option.ConsistencyMode", "enum": [ "DEFAULT", "STALE", "CONSISTENT" ], "deprecated": false, "autowired": false, "secret": false, "defaultValue": "DEFAULT", "configurationClass": "org.apache.camel.component.consul.ConsulConfiguration", "configurationField": "configuration", "description": "The consistencyMode used for queries, default ConsistencyMode.DEFAULT" },
    "consulClient": { "index": 15, "kind": "parameter", "displayName": "Consul Client", "group": "advanced", "label": "advanced", "required": false, "type": "object", "javaType": "org.kiwiproject.consul.Consul", "deprecated": false, "deprecationNote": "", "autowired": true, "secret": false, "configurationClass": "org.apache.camel.component.consul.ConsulConfiguration", "configurationField": "configuration", "description": "The consul client to use." },
    "datacenter": { "index": 16, "kind": "parameter", "displayName": "Datacenter", "group": "advanced", "label": "advanced", "required": false, "type": "string", "javaType": "java.lang.String", "deprecated": false, "autowired": false, "secret": false, "configurationClass": "org.apache.camel.component.consul.ConsulConfiguration", "configurationField": "configuration", "description": "The data center" },
    "nearNode": { "index": 17, "kind": "parameter", "displayName": "Near Node", "group": "advanced", "label": "advanced", "required": false, "type": "string", "javaType": "java.lang.String", "deprecated": false, "autowired": false, "secret": false, "configurationClass": "org.apache.camel.component.consul.ConsulConfiguration", "configurationField": "configuration", "description": "The near node to use for queries." },
    "nodeMeta": { "index": 18, "kind": "parameter", "displayName": "Node Meta", "group": "advanced", "label": "advanced", "required": false, "type": "string", "javaType": "java.lang.String", "deprecated": false, "autowired": false, "secret": false, "configurationClass": "org.apache.camel.component.consul.ConsulConfiguration", "configurationField": "configuration", "description": "The comma separated node meta-data to use for queries." },
    "aclToken": { "index": 19, "kind": "parameter", "displayName": "Acl Token", "group": "security", "label": "security", "required": false, "type": "string", "javaType": "java.lang.String", "deprecated": false, "autowired": false, "secret": true, "configurationClass": "org.apache.camel.component.consul.ConsulConfiguration", "configurationField": "configuration", "description": "Sets the ACL token to be used with Consul" },
    "password": { "index": 20, "kind": "parameter", "displayName": "Password", "group": "security", "label": "security", "required": false, "type": "string", "javaType": "java.lang.String", "deprecated": false, "autowired": false, "secret": true, "configurationClass": "org.apache.camel.component.consul.ConsulConfiguration", "configurationField": "configuration", "description": "Sets the password to be used for basic authentication" },
    "sslContextParameters": { "index": 21, "kind": "parameter", "displayName": "Ssl Context Parameters", "group": "security", "label": "security", "required": false, "type": "object", "javaType": "org.apache.camel.support.jsse.SSLContextParameters", "deprecated": false, "autowired": false, "secret": false, "configurationClass": "org.apache.camel.component.consul.ConsulConfiguration", "configurationField": "configuration", "description": "SSL configuration using an org.apache.camel.support.jsse.SSLContextParameters instance." },
    "userName": { "index": 22, "kind": "parameter", "displayName": "User Name", "group": "security", "label": "security", "required": false, "type": "string", "javaType": "java.lang.String", "deprecated": false, "autowired": false, "secret": true, "configurationClass": "org.apache.camel.component.consul.ConsulConfiguration", "configurationField": "configuration", "description": "Sets the username to be used for basic authentication" },
    "blockSeconds": { "index": 23, "kind": "parameter", "displayName": "Block Seconds", "group": "watch", "label": "consumer,watch", "required": false, "type": "integer", "javaType": "java.lang.Integer", "deprecated": false, "autowired": false, "secret": false, "defaultValue": 10, "configurationClass": "org.apache.camel.component.consul.ConsulConfiguration", "configurationField": "configuration", "description": "The second to wait for a watch event, default 10 seconds" },
    "firstIndex": { "index": 24, "kind": "parameter", "displayName": "First Index", "group": "watch", "label": "consumer,watch", "required": false, "type": "object", "javaType": "java.math.BigInteger", "deprecated": false, "autowired": false, "secret": false, "defaultValue": "0", "configurationClass": "org.apache.camel.component.consul.ConsulConfiguration", "configurationField": "configuration", "description": "The first index for watch for, default 0" },
    "recursive": { "index": 25, "kind": "parameter", "displayName": "Recursive", "group": "watch", "label": "consumer,watch", "required": false, "type": "boolean", "javaType": "boolean", "deprecated": false, "autowired": false, "secret": false, "defaultValue": false, "configurationClass": "org.apache.camel.component.consul.ConsulConfiguration", "configurationField": "configuration", "description": "Recursively watch, default false" }
  }
}
