{
  "component": {
    "kind": "component",
    "name": "crypto",
    "title": "Crypto (JCE)",
    "description": "Sign and verify exchanges using the Signature Service of the Java Cryptographic Extension (JCE).",
    "deprecated": false,
    "firstVersion": "2.3.0",
    "label": "security,transformation",
    "javaType": "org.apache.camel.component.crypto.DigitalSignatureComponent",
    "supportLevel": "Stable",
    "groupId": "org.apache.camel",
    "artifactId": "camel-crypto",
    "version": "4.18.0-SNAPSHOT",
    "scheme": "crypto",
    "extendsScheme": "",
    "syntax": "crypto:cryptoOperation:name",
    "async": false,
    "api": false,
    "consumerOnly": false,
    "producerOnly": true,
    "lenientProperties": false,
    "browsable": false,
    "remote": false
  },
  "componentProperties": {
    "algorithm": { "index": 0, "kind": "property", "displayName": "Algorithm", "group": "producer", "label": "", "required": false, "type": "string", "javaType": "java.lang.String", "deprecated": false, "autowired": false, "secret": false, "defaultValue": "SHA256withRSA", "configurationClass": "org.apache.camel.component.crypto.DigitalSignatureConfiguration", "configurationField": "configuration", "description": "Sets the JCE name of the Algorithm that should be used for the signer." },
    "alias": { "index": 1, "kind": "property", "displayName": "Alias", "group": "producer", "label": "", "required": false, "type": "string", "javaType": "java.lang.String", "deprecated": false, "autowired": false, "secret": false, "configurationClass": "org.apache.camel.component.crypto.DigitalSignatureConfiguration", "configurationField": "configuration", "description": "Sets the alias used to query the KeyStore for keys and {link java.security.cert.Certificate Certificates} to be used in signing and verifying exchanges. This value can be provided at runtime via the message header org.apache.camel.component.crypto.DigitalSignatureConstants#KEYSTORE_ALIAS" },
    "certificateName": { "index": 2, "kind": "property", "displayName": "Certificate Name", "group": "producer", "label": "", "required": false, "type": "string", "javaType": "java.lang.String", "deprecated": false, "autowired": false, "secret": false, "configurationClass": "org.apache.camel.component.crypto.DigitalSignatureConfiguration", "configurationField": "configuration", "description": "Sets the reference name for a PrivateKey that can be found in the registry." },
    "keystore": { "index": 3, "kind": "property", "displayName": "Keystore", "group": "producer", "label": "", "required": false, "type": "object", "javaType": "java.security.KeyStore", "deprecated": false, "autowired": false, "secret": false, "configurationClass": "org.apache.camel.component.crypto.DigitalSignatureConfiguration", "configurationField": "configuration", "description": "Sets the KeyStore that can contain keys and Certficates for use in signing and verifying exchanges. A KeyStore is typically used with an alias, either one supplied in the Route definition or dynamically via the message header CamelSignatureKeyStoreAlias. If no alias is supplied and there is only a single entry in the Keystore, then this single entry will be used." },
    "keystoreName": { "index": 4, "kind": "property", "displayName": "Keystore Name", "group": "producer", "label": "", "required": false, "type": "string", "javaType": "java.lang.String", "deprecated": false, "autowired": false, "secret": false, "configurationClass": "org.apache.camel.component.crypto.DigitalSignatureConfiguration", "configurationField": "configuration", "description": "Sets the reference name for a Keystore that can be found in the registry." },
    "lazyStartProducer": { "index": 5, "kind": "property", "displayName": "Lazy Start Producer", "group": "producer", "label": "producer", "required": false, "type": "boolean", "javaType": "boolean", "deprecated": false, "autowired": false, "secret": false, "defaultValue": false, "description": "Whether the producer should be started lazy (on the first message). By starting lazy you can use this to allow CamelContext and routes to startup in situations where a producer may otherwise fail during starting and cause the route to fail being started. By deferring this startup to be lazy then the startup failure can be handled during routing messages via Camel's routing error handlers. Beware that when the first message is processed then creating and starting the producer may take a little time and prolong the total processing time of the processing." },
    "privateKey": { "index": 6, "kind": "property", "displayName": "Private Key", "group": "producer", "label": "", "required": false, "type": "object", "javaType": "java.security.PrivateKey", "deprecated": false, "autowired": false, "secret": true, "configurationClass": "org.apache.camel.component.crypto.DigitalSignatureConfiguration", "configurationField": "configuration", "description": "Set the PrivateKey that should be used to sign the exchange" },
    "privateKeyName": { "index": 7, "kind": "property", "displayName": "Private Key Name", "group": "producer", "label": "", "required": false, "type": "string", "javaType": "java.lang.String", "deprecated": false, "autowired": false, "secret": true, "configurationClass": "org.apache.camel.component.crypto.DigitalSignatureConfiguration", "configurationField": "configuration", "description": "Sets the reference name for a PrivateKey that can be found in the registry." },
    "provider": { "index": 8, "kind": "property", "displayName": "Provider", "group": "producer", "label": "", "required": false, "type": "string", "javaType": "java.lang.String", "deprecated": false, "autowired": false, "secret": false, "configurationClass": "org.apache.camel.component.crypto.DigitalSignatureConfiguration", "configurationField": "configuration", "description": "Set the id of the security provider that provides the configured Signature algorithm." },
    "publicKeyName": { "index": 9, "kind": "property", "displayName": "Public Key Name", "group": "producer", "label": "", "required": false, "type": "string", "javaType": "java.lang.String", "deprecated": false, "autowired": false, "secret": false, "configurationClass": "org.apache.camel.component.crypto.DigitalSignatureConfiguration", "configurationField": "configuration", "description": "references that should be resolved when the context changes" },
    "secureRandomName": { "index": 10, "kind": "property", "displayName": "Secure Random Name", "group": "producer", "label": "", "required": false, "type": "string", "javaType": "java.lang.String", "deprecated": false, "autowired": false, "secret": false, "configurationClass": "org.apache.camel.component.crypto.DigitalSignatureConfiguration", "configurationField": "configuration", "description": "Sets the reference name for a SecureRandom that can be found in the registry." },
    "signatureHeaderName": { "index": 11, "kind": "property", "displayName": "Signature Header Name", "group": "producer", "label": "", "required": false, "type": "string", "javaType": "java.lang.String", "deprecated": false, "autowired": false, "secret": false, "configurationClass": "org.apache.camel.component.crypto.DigitalSignatureConfiguration", "configurationField": "configuration", "description": "Set the name of the message header that should be used to store the base64 encoded signature. This defaults to 'CamelDigitalSignature'" },
    "autowiredEnabled": { "index": 12, "kind": "property", "displayName": "Autowired Enabled", "group": "advanced", "label": "advanced", "required": false, "type": "boolean", "javaType": "boolean", "deprecated": false, "autowired": false, "secret": false, "defaultValue": true, "description": "Whether autowiring is enabled. This is used for automatic autowiring options (the option must be marked as autowired) by looking up in the registry to find if there is a single instance of matching type, which then gets configured on the component. This can be used for automatic configuring JDBC data sources, JMS connection factories, AWS Clients, etc." },
    "bufferSize": { "index": 13, "kind": "property", "displayName": "Buffer Size", "group": "advanced", "label": "advanced", "required": false, "type": "integer", "javaType": "java.lang.Integer", "deprecated": false, "autowired": false, "secret": false, "defaultValue": 2048, "configurationClass": "org.apache.camel.component.crypto.DigitalSignatureConfiguration", "configurationField": "configuration", "description": "Set the size of the buffer used to read in the Exchange payload data." },
    "certificate": { "index": 14, "kind": "property", "displayName": "Certificate", "group": "advanced", "label": "advanced", "required": false, "type": "object", "javaType": "java.security.cert.Certificate", "deprecated": false, "autowired": false, "secret": false, "configurationClass": "org.apache.camel.component.crypto.DigitalSignatureConfiguration", "configurationField": "configuration", "description": "Set the Certificate that should be used to verify the signature in the exchange based on its payload." },
    "clearHeaders": { "index": 15, "kind": "property", "displayName": "Clear Headers", "group": "advanced", "label": "advanced", "required": false, "type": "boolean", "javaType": "boolean", "deprecated": false, "autowired": false, "secret": false, "defaultValue": true, "configurationClass": "org.apache.camel.component.crypto.DigitalSignatureConfiguration", "configurationField": "configuration", "description": "Determines if the Signature specific headers be cleared after signing and verification. Defaults to true, and should only be made otherwise at your extreme peril as vital private information such as Keys and passwords may escape if unset." },
    "configuration": { "index": 16, "kind": "property", "displayName": "Configuration", "group": "advanced", "label": "advanced", "required": false, "type": "object", "javaType": "org.apache.camel.component.crypto.DigitalSignatureConfiguration", "deprecated": false, "autowired": false, "secret": false, "description": "To use the shared DigitalSignatureConfiguration as configuration" },
    "keyStoreParameters": { "index": 17, "kind": "property", "displayName": "Key Store Parameters", "group": "advanced", "label": "advanced", "required": false, "type": "object", "javaType": "org.apache.camel.support.jsse.KeyStoreParameters", "deprecated": false, "autowired": false, "secret": false, "configurationClass": "org.apache.camel.component.crypto.DigitalSignatureConfiguration", "configurationField": "configuration", "description": "Sets the KeyStore that can contain keys and Certficates for use in signing and verifying exchanges based on the given KeyStoreParameters. A KeyStore is typically used with an alias, either one supplied in the Route definition or dynamically via the message header CamelSignatureKeyStoreAlias. If no alias is supplied and there is only a single entry in the Keystore, then this single entry will be used." },
    "publicKey": { "index": 18, "kind": "property", "displayName": "Public Key", "group": "advanced", "label": "advanced", "required": false, "type": "object", "javaType": "java.security.PublicKey", "deprecated": false, "autowired": false, "secret": false, "configurationClass": "org.apache.camel.component.crypto.DigitalSignatureConfiguration", "configurationField": "configuration", "description": "Set the PublicKey that should be used to verify the signature in the exchange." },
    "secureRandom": { "index": 19, "kind": "property", "displayName": "Secure Random", "group": "advanced", "label": "advanced", "required": false, "type": "object", "javaType": "java.security.SecureRandom", "deprecated": false, "autowired": false, "secret": true, "configurationClass": "org.apache.camel.component.crypto.DigitalSignatureConfiguration", "configurationField": "configuration", "description": "Set the SecureRandom used to initialize the Signature service" },
    "password": { "index": 20, "kind": "property", "displayName": "Password", "group": "security", "label": "security", "required": false, "type": "string", "javaType": "java.lang.String", "deprecated": false, "autowired": false, "secret": true, "configurationClass": "org.apache.camel.component.crypto.DigitalSignatureConfiguration", "configurationField": "configuration", "description": "Sets the password used to access an aliased PrivateKey in the KeyStore." }
  },
  "headers": {
    "CamelSignaturePrivateKey": { "index": 0, "kind": "header", "displayName": "", "group": "producer", "label": "", "required": false, "javaType": "java.security.PrivateKey", "deprecated": false, "deprecationNote": "", "autowired": false, "secret": false, "description": "The PrivateKey that should be used to sign the message", "constantName": "org.apache.camel.component.crypto.DigitalSignatureConstants#SIGNATURE_PRIVATE_KEY" },
    "CamelSignaturePublicKeyOrCert": { "index": 1, "kind": "header", "displayName": "", "group": "producer", "label": "", "required": false, "javaType": "Certificate or PublicKey", "deprecated": false, "deprecationNote": "", "autowired": false, "secret": false, "description": "The Certificate or PublicKey that should be used to verify the signature", "constantName": "org.apache.camel.component.crypto.DigitalSignatureConstants#SIGNATURE_PUBLIC_KEY_OR_CERT" },
    "CamelSignatureKeyStoreAlias": { "index": 2, "kind": "header", "displayName": "", "group": "producer", "label": "", "required": false, "javaType": "String", "deprecated": false, "deprecationNote": "", "autowired": false, "secret": false, "description": "The alias used to query the KeyStore for keys and Certificates to be used in signing and verifying exchanges", "constantName": "org.apache.camel.component.crypto.DigitalSignatureConstants#KEYSTORE_ALIAS" },
    "CamelSignatureKeyStorePassword": { "index": 3, "kind": "header", "displayName": "", "group": "producer", "label": "", "required": false, "javaType": "char[]", "deprecated": false, "deprecationNote": "", "autowired": false, "secret": false, "description": "The password used to access an aliased PrivateKey in the KeyStore.", "constantName": "org.apache.camel.component.crypto.DigitalSignatureConstants#KEYSTORE_PASSWORD" }
  },
  "properties": {
    "cryptoOperation": { "index": 0, "kind": "path", "displayName": "Crypto Operation", "group": "producer", "label": "", "required": true, "type": "enum", "javaType": "org.apache.camel.component.crypto.CryptoOperation", "enum": [ "sign", "verify" ], "deprecated": false, "deprecationNote": "", "autowired": false, "secret": false, "configurationClass": "org.apache.camel.component.crypto.DigitalSignatureConfiguration", "configurationField": "configuration", "description": "Set the Crypto operation from that supplied after the crypto scheme in the endpoint uri e.g. crypto:sign sets sign as the operation." },
    "name": { "index": 1, "kind": "path", "displayName": "Name", "group": "producer", "label": "", "required": true, "type": "string", "javaType": "java.lang.String", "deprecated": false, "deprecationNote": "", "autowired": false, "secret": false, "configurationClass": "org.apache.camel.component.crypto.DigitalSignatureConfiguration", "configurationField": "configuration", "description": "The logical name of this operation." },
    "algorithm": { "index": 2, "kind": "parameter", "displayName": "Algorithm", "group": "producer", "label": "", "required": false, "type": "string", "javaType": "java.lang.String", "deprecated": false, "autowired": false, "secret": false, "defaultValue": "SHA256withRSA", "configurationClass": "org.apache.camel.component.crypto.DigitalSignatureConfiguration", "configurationField": "configuration", "description": "Sets the JCE name of the Algorithm that should be used for the signer." },
    "alias": { "index": 3, "kind": "parameter", "displayName": "Alias", "group": "producer", "label": "", "required": false, "type": "string", "javaType": "java.lang.String", "deprecated": false, "autowired": false, "secret": false, "configurationClass": "org.apache.camel.component.crypto.DigitalSignatureConfiguration", "configurationField": "configuration", "description": "Sets the alias used to query the KeyStore for keys and {link java.security.cert.Certificate Certificates} to be used in signing and verifying exchanges. This value can be provided at runtime via the message header org.apache.camel.component.crypto.DigitalSignatureConstants#KEYSTORE_ALIAS" },
    "certificateName": { "index": 4, "kind": "parameter", "displayName": "Certificate Name", "group": "producer", "label": "", "required": false, "type": "string", "javaType": "java.lang.String", "deprecated": false, "autowired": false, "secret": false, "configurationClass": "org.apache.camel.component.crypto.DigitalSignatureConfiguration", "configurationField": "configuration", "description": "Sets the reference name for a PrivateKey that can be found in the registry." },
    "keystore": { "index": 5, "kind": "parameter", "displayName": "Keystore", "group": "producer", "label": "", "required": false, "type": "object", "javaType": "java.security.KeyStore", "deprecated": false, "autowired": false, "secret": false, "configurationClass": "org.apache.camel.component.crypto.DigitalSignatureConfiguration", "configurationField": "configuration", "description": "Sets the KeyStore that can contain keys and Certficates for use in signing and verifying exchanges. A KeyStore is typically used with an alias, either one supplied in the Route definition or dynamically via the message header CamelSignatureKeyStoreAlias. If no alias is supplied and there is only a single entry in the Keystore, then this single entry will be used." },
    "keystoreName": { "index": 6, "kind": "parameter", "displayName": "Keystore Name", "group": "producer", "label": "", "required": false, "type": "string", "javaType": "java.lang.String", "deprecated": false, "autowired": false, "secret": false, "configurationClass": "org.apache.camel.component.crypto.DigitalSignatureConfiguration", "configurationField": "configuration", "description": "Sets the reference name for a Keystore that can be found in the registry." },
    "privateKey": { "index": 7, "kind": "parameter", "displayName": "Private Key", "group": "producer", "label": "", "required": false, "type": "object", "javaType": "java.security.PrivateKey", "deprecated": false, "autowired": false, "secret": true, "configurationClass": "org.apache.camel.component.crypto.DigitalSignatureConfiguration", "configurationField": "configuration", "description": "Set the PrivateKey that should be used to sign the exchange" },
    "privateKeyName": { "index": 8, "kind": "parameter", "displayName": "Private Key Name", "group": "producer", "label": "", "required": false, "type": "string", "javaType": "java.lang.String", "deprecated": false, "autowired": false, "secret": true, "configurationClass": "org.apache.camel.component.crypto.DigitalSignatureConfiguration", "configurationField": "configuration", "description": "Sets the reference name for a PrivateKey that can be found in the registry." },
    "provider": { "index": 9, "kind": "parameter", "displayName": "Provider", "group": "producer", "label": "", "required": false, "type": "string", "javaType": "java.lang.String", "deprecated": false, "autowired": false, "secret": false, "configurationClass": "org.apache.camel.component.crypto.DigitalSignatureConfiguration", "configurationField": "configuration", "description": "Set the id of the security provider that provides the configured Signature algorithm." },
    "publicKeyName": { "index": 10, "kind": "parameter", "displayName": "Public Key Name", "group": "producer", "label": "", "required": false, "type": "string", "javaType": "java.lang.String", "deprecated": false, "autowired": false, "secret": false, "configurationClass": "org.apache.camel.component.crypto.DigitalSignatureConfiguration", "configurationField": "configuration", "description": "references that should be resolved when the context changes" },
    "secureRandomName": { "index": 11, "kind": "parameter", "displayName": "Secure Random Name", "group": "producer", "label": "", "required": false, "type": "string", "javaType": "java.lang.String", "deprecated": false, "autowired": false, "secret": false, "configurationClass": "org.apache.camel.component.crypto.DigitalSignatureConfiguration", "configurationField": "configuration", "description": "Sets the reference name for a SecureRandom that can be found in the registry." },
    "signatureHeaderName": { "index": 12, "kind": "parameter", "displayName": "Signature Header Name", "group": "producer", "label": "", "required": false, "type": "string", "javaType": "java.lang.String", "deprecated": false, "autowired": false, "secret": false, "configurationClass": "org.apache.camel.component.crypto.DigitalSignatureConfiguration", "configurationField": "configuration", "description": "Set the name of the message header that should be used to store the base64 encoded signature. This defaults to 'CamelDigitalSignature'" },
    "lazyStartProducer": { "index": 13, "kind": "parameter", "displayName": "Lazy Start Producer", "group": "producer (advanced)", "label": "producer,advanced", "required": false, "type": "boolean", "javaType": "boolean", "deprecated": false, "autowired": false, "secret": false, "defaultValue": false, "description": "Whether the producer should be started lazy (on the first message). By starting lazy you can use this to allow CamelContext and routes to startup in situations where a producer may otherwise fail during starting and cause the route to fail being started. By deferring this startup to be lazy then the startup failure can be handled during routing messages via Camel's routing error handlers. Beware that when the first message is processed then creating and starting the producer may take a little time and prolong the total processing time of the processing." },
    "bufferSize": { "index": 14, "kind": "parameter", "displayName": "Buffer Size", "group": "advanced", "label": "advanced", "required": false, "type": "integer", "javaType": "java.lang.Integer", "deprecated": false, "autowired": false, "secret": false, "defaultValue": 2048, "configurationClass": "org.apache.camel.component.crypto.DigitalSignatureConfiguration", "configurationField": "configuration", "description": "Set the size of the buffer used to read in the Exchange payload data." },
    "certificate": { "index": 15, "kind": "parameter", "displayName": "Certificate", "group": "advanced", "label": "advanced", "required": false, "type": "object", "javaType": "java.security.cert.Certificate", "deprecated": false, "autowired": false, "secret": false, "configurationClass": "org.apache.camel.component.crypto.DigitalSignatureConfiguration", "configurationField": "configuration", "description": "Set the Certificate that should be used to verify the signature in the exchange based on its payload." },
    "clearHeaders": { "index": 16, "kind": "parameter", "displayName": "Clear Headers", "group": "advanced", "label": "advanced", "required": false, "type": "boolean", "javaType": "boolean", "deprecated": false, "autowired": false, "secret": false, "defaultValue": true, "configurationClass": "org.apache.camel.component.crypto.DigitalSignatureConfiguration", "configurationField": "configuration", "description": "Determines if the Signature specific headers be cleared after signing and verification. Defaults to true, and should only be made otherwise at your extreme peril as vital private information such as Keys and passwords may escape if unset." },
    "keyStoreParameters": { "index": 17, "kind": "parameter", "displayName": "Key Store Parameters", "group": "advanced", "label": "advanced", "required": false, "type": "object", "javaType": "org.apache.camel.support.jsse.KeyStoreParameters", "deprecated": false, "autowired": false, "secret": false, "configurationClass": "org.apache.camel.component.crypto.DigitalSignatureConfiguration", "configurationField": "configuration", "description": "Sets the KeyStore that can contain keys and Certficates for use in signing and verifying exchanges based on the given KeyStoreParameters. A KeyStore is typically used with an alias, either one supplied in the Route definition or dynamically via the message header CamelSignatureKeyStoreAlias. If no alias is supplied and there is only a single entry in the Keystore, then this single entry will be used." },
    "publicKey": { "index": 18, "kind": "parameter", "displayName": "Public Key", "group": "advanced", "label": "advanced", "required": false, "type": "object", "javaType": "java.security.PublicKey", "deprecated": false, "autowired": false, "secret": false, "configurationClass": "org.apache.camel.component.crypto.DigitalSignatureConfiguration", "configurationField": "configuration", "description": "Set the PublicKey that should be used to verify the signature in the exchange." },
    "secureRandom": { "index": 19, "kind": "parameter", "displayName": "Secure Random", "group": "advanced", "label": "advanced", "required": false, "type": "object", "javaType": "java.security.SecureRandom", "deprecated": false, "autowired": false, "secret": true, "configurationClass": "org.apache.camel.component.crypto.DigitalSignatureConfiguration", "configurationField": "configuration", "description": "Set the SecureRandom used to initialize the Signature service" },
    "password": { "index": 20, "kind": "parameter", "displayName": "Password", "group": "security", "label": "security", "required": false, "type": "string", "javaType": "java.lang.String", "deprecated": false, "autowired": false, "secret": true, "configurationClass": "org.apache.camel.component.crypto.DigitalSignatureConfiguration", "configurationField": "configuration", "description": "Sets the password used to access an aliased PrivateKey in the KeyStore." }
  }
}
