{
  "component": {
    "kind": "component",
    "name": "cyberark-vault",
    "title": "CyberArk Vault",
    "description": "Retrieve secrets from CyberArk Conjur Vault.",
    "deprecated": false,
    "firstVersion": "4.17.0",
    "label": "cloud,security",
    "javaType": "org.apache.camel.component.cyberark.vault.CyberArkVaultComponent",
    "supportLevel": "Preview",
    "groupId": "org.apache.camel",
    "artifactId": "camel-cyberark-vault",
    "version": "4.18.0-SNAPSHOT",
    "scheme": "cyberark-vault",
    "extendsScheme": "",
    "syntax": "cyberark-vault:label",
    "async": false,
    "api": false,
    "consumerOnly": false,
    "producerOnly": true,
    "lenientProperties": false,
    "browsable": false,
    "remote": true
  },
  "componentProperties": {
    "account": { "index": 0, "kind": "property", "displayName": "Account", "group": "producer", "label": "", "required": true, "type": "string", "javaType": "java.lang.String", "deprecated": false, "deprecationNote": "", "autowired": false, "secret": false, "configurationClass": "org.apache.camel.component.cyberark.vault.CyberArkVaultConfiguration", "configurationField": "configuration", "description": "The CyberArk Conjur account name" },
    "certificatePath": { "index": 1, "kind": "property", "displayName": "Certificate Path", "group": "producer", "label": "", "required": false, "type": "string", "javaType": "java.lang.String", "deprecated": false, "autowired": false, "secret": false, "configurationClass": "org.apache.camel.component.cyberark.vault.CyberArkVaultConfiguration", "configurationField": "configuration", "description": "Path to the SSL certificate for verification" },
    "configuration": { "index": 2, "kind": "property", "displayName": "Configuration", "group": "producer", "label": "", "required": false, "type": "object", "javaType": "org.apache.camel.component.cyberark.vault.CyberArkVaultConfiguration", "deprecated": false, "autowired": false, "secret": false, "description": "Component configuration" },
    "conjurClient": { "index": 3, "kind": "property", "displayName": "Conjur Client", "group": "producer", "label": "", "required": false, "type": "object", "javaType": "org.apache.camel.component.cyberark.vault.client.ConjurClient", "deprecated": false, "autowired": false, "secret": false, "configurationClass": "org.apache.camel.component.cyberark.vault.CyberArkVaultConfiguration", "configurationField": "configuration", "description": "Reference to a ConjurClient instance in the registry" },
    "lazyStartProducer": { "index": 4, "kind": "property", "displayName": "Lazy Start Producer", "group": "producer", "label": "producer", "required": false, "type": "boolean", "javaType": "boolean", "deprecated": false, "autowired": false, "secret": false, "defaultValue": false, "description": "Whether the producer should be started lazy (on the first message). By starting lazy you can use this to allow CamelContext and routes to startup in situations where a producer may otherwise fail during starting and cause the route to fail being started. By deferring this startup to be lazy then the startup failure can be handled during routing messages via Camel's routing error handlers. Beware that when the first message is processed then creating and starting the producer may take a little time and prolong the total processing time of the processing." },
    "operation": { "index": 5, "kind": "property", "displayName": "Operation", "group": "producer", "label": "", "required": false, "type": "enum", "javaType": "org.apache.camel.component.cyberark.vault.CyberArkVaultOperations", "enum": [ "getSecret", "createSecret" ], "deprecated": false, "autowired": false, "secret": false, "defaultValue": "getSecret", "configurationClass": "org.apache.camel.component.cyberark.vault.CyberArkVaultConfiguration", "configurationField": "configuration", "description": "The operation to perform. It can be getSecret or createSecret" },
    "secretId": { "index": 6, "kind": "property", "displayName": "Secret Id", "group": "producer", "label": "", "required": false, "type": "string", "javaType": "java.lang.String", "deprecated": false, "autowired": false, "secret": false, "configurationClass": "org.apache.camel.component.cyberark.vault.CyberArkVaultConfiguration", "configurationField": "configuration", "description": "The secret ID to retrieve from CyberArk Conjur" },
    "url": { "index": 7, "kind": "property", "displayName": "Url", "group": "producer", "label": "", "required": true, "type": "string", "javaType": "java.lang.String", "deprecated": false, "deprecationNote": "", "autowired": false, "secret": false, "configurationClass": "org.apache.camel.component.cyberark.vault.CyberArkVaultConfiguration", "configurationField": "configuration", "description": "The CyberArk Conjur instance URL" },
    "verifySsl": { "index": 8, "kind": "property", "displayName": "Verify Ssl", "group": "producer", "label": "", "required": false, "type": "boolean", "javaType": "boolean", "deprecated": false, "autowired": false, "secret": false, "defaultValue": true, "configurationClass": "org.apache.camel.component.cyberark.vault.CyberArkVaultConfiguration", "configurationField": "configuration", "description": "Whether to verify SSL certificates when connecting to CyberArk Conjur" },
    "autowiredEnabled": { "index": 9, "kind": "property", "displayName": "Autowired Enabled", "group": "advanced", "label": "advanced", "required": false, "type": "boolean", "javaType": "boolean", "deprecated": false, "autowired": false, "secret": false, "defaultValue": true, "description": "Whether autowiring is enabled. This is used for automatic autowiring options (the option must be marked as autowired) by looking up in the registry to find if there is a single instance of matching type, which then gets configured on the component. This can be used for automatic configuring JDBC data sources, JMS connection factories, AWS Clients, etc." },
    "apiKey": { "index": 10, "kind": "property", "displayName": "Api Key", "group": "security", "label": "security", "required": false, "type": "string", "javaType": "java.lang.String", "deprecated": false, "autowired": false, "secret": true, "configurationClass": "org.apache.camel.component.cyberark.vault.CyberArkVaultConfiguration", "configurationField": "configuration", "description": "The API key for authentication with CyberArk Conjur" },
    "authToken": { "index": 11, "kind": "property", "displayName": "Auth Token", "group": "security", "label": "security", "required": false, "type": "string", "javaType": "java.lang.String", "deprecated": false, "autowired": false, "secret": true, "configurationClass": "org.apache.camel.component.cyberark.vault.CyberArkVaultConfiguration", "configurationField": "configuration", "description": "Pre-authenticated token to use for CyberArk Conjur" },
    "password": { "index": 12, "kind": "property", "displayName": "Password", "group": "security", "label": "security", "required": false, "type": "string", "javaType": "java.lang.String", "deprecated": false, "autowired": false, "secret": true, "configurationClass": "org.apache.camel.component.cyberark.vault.CyberArkVaultConfiguration", "configurationField": "configuration", "description": "The password for authentication with CyberArk Conjur" },
    "username": { "index": 13, "kind": "property", "displayName": "Username", "group": "security", "label": "security", "required": false, "type": "string", "javaType": "java.lang.String", "deprecated": false, "autowired": false, "secret": true, "configurationClass": "org.apache.camel.component.cyberark.vault.CyberArkVaultConfiguration", "configurationField": "configuration", "description": "The username for authentication with CyberArk Conjur" }
  },
  "properties": {
    "label": { "index": 0, "kind": "path", "displayName": "Label", "group": "producer", "label": "", "required": true, "type": "string", "javaType": "java.lang.String", "deprecated": false, "deprecationNote": "", "autowired": false, "secret": false, "configurationClass": "org.apache.camel.component.cyberark.vault.CyberArkVaultConfiguration", "configurationField": "configuration", "description": "Logical name" },
    "account": { "index": 1, "kind": "parameter", "displayName": "Account", "group": "producer", "label": "", "required": true, "type": "string", "javaType": "java.lang.String", "deprecated": false, "deprecationNote": "", "autowired": false, "secret": false, "configurationClass": "org.apache.camel.component.cyberark.vault.CyberArkVaultConfiguration", "configurationField": "configuration", "description": "The CyberArk Conjur account name" },
    "certificatePath": { "index": 2, "kind": "parameter", "displayName": "Certificate Path", "group": "producer", "label": "", "required": false, "type": "string", "javaType": "java.lang.String", "deprecated": false, "autowired": false, "secret": false, "configurationClass": "org.apache.camel.component.cyberark.vault.CyberArkVaultConfiguration", "configurationField": "configuration", "description": "Path to the SSL certificate for verification" },
    "conjurClient": { "index": 3, "kind": "parameter", "displayName": "Conjur Client", "group": "producer", "label": "", "required": false, "type": "object", "javaType": "org.apache.camel.component.cyberark.vault.client.ConjurClient", "deprecated": false, "autowired": false, "secret": false, "configurationClass": "org.apache.camel.component.cyberark.vault.CyberArkVaultConfiguration", "configurationField": "configuration", "description": "Reference to a ConjurClient instance in the registry" },
    "operation": { "index": 4, "kind": "parameter", "displayName": "Operation", "group": "producer", "label": "", "required": false, "type": "enum", "javaType": "org.apache.camel.component.cyberark.vault.CyberArkVaultOperations", "enum": [ "getSecret", "createSecret" ], "deprecated": false, "autowired": false, "secret": false, "defaultValue": "getSecret", "configurationClass": "org.apache.camel.component.cyberark.vault.CyberArkVaultConfiguration", "configurationField": "configuration", "description": "The operation to perform. It can be getSecret or createSecret" },
    "secretId": { "index": 5, "kind": "parameter", "displayName": "Secret Id", "group": "producer", "label": "", "required": false, "type": "string", "javaType": "java.lang.String", "deprecated": false, "autowired": false, "secret": false, "configurationClass": "org.apache.camel.component.cyberark.vault.CyberArkVaultConfiguration", "configurationField": "configuration", "description": "The secret ID to retrieve from CyberArk Conjur" },
    "url": { "index": 6, "kind": "parameter", "displayName": "Url", "group": "producer", "label": "", "required": true, "type": "string", "javaType": "java.lang.String", "deprecated": false, "deprecationNote": "", "autowired": false, "secret": false, "configurationClass": "org.apache.camel.component.cyberark.vault.CyberArkVaultConfiguration", "configurationField": "configuration", "description": "The CyberArk Conjur instance URL" },
    "verifySsl": { "index": 7, "kind": "parameter", "displayName": "Verify Ssl", "group": "producer", "label": "", "required": false, "type": "boolean", "javaType": "boolean", "deprecated": false, "autowired": false, "secret": false, "defaultValue": true, "configurationClass": "org.apache.camel.component.cyberark.vault.CyberArkVaultConfiguration", "configurationField": "configuration", "description": "Whether to verify SSL certificates when connecting to CyberArk Conjur" },
    "lazyStartProducer": { "index": 8, "kind": "parameter", "displayName": "Lazy Start Producer", "group": "producer (advanced)", "label": "producer,advanced", "required": false, "type": "boolean", "javaType": "boolean", "deprecated": false, "autowired": false, "secret": false, "defaultValue": false, "description": "Whether the producer should be started lazy (on the first message). By starting lazy you can use this to allow CamelContext and routes to startup in situations where a producer may otherwise fail during starting and cause the route to fail being started. By deferring this startup to be lazy then the startup failure can be handled during routing messages via Camel's routing error handlers. Beware that when the first message is processed then creating and starting the producer may take a little time and prolong the total processing time of the processing." },
    "apiKey": { "index": 9, "kind": "parameter", "displayName": "Api Key", "group": "security", "label": "security", "required": false, "type": "string", "javaType": "java.lang.String", "deprecated": false, "autowired": false, "secret": true, "configurationClass": "org.apache.camel.component.cyberark.vault.CyberArkVaultConfiguration", "configurationField": "configuration", "description": "The API key for authentication with CyberArk Conjur" },
    "authToken": { "index": 10, "kind": "parameter", "displayName": "Auth Token", "group": "security", "label": "security", "required": false, "type": "string", "javaType": "java.lang.String", "deprecated": false, "autowired": false, "secret": true, "configurationClass": "org.apache.camel.component.cyberark.vault.CyberArkVaultConfiguration", "configurationField": "configuration", "description": "Pre-authenticated token to use for CyberArk Conjur" },
    "password": { "index": 11, "kind": "parameter", "displayName": "Password", "group": "security", "label": "security", "required": false, "type": "string", "javaType": "java.lang.String", "deprecated": false, "autowired": false, "secret": true, "configurationClass": "org.apache.camel.component.cyberark.vault.CyberArkVaultConfiguration", "configurationField": "configuration", "description": "The password for authentication with CyberArk Conjur" },
    "username": { "index": 12, "kind": "parameter", "displayName": "Username", "group": "security", "label": "security", "required": false, "type": "string", "javaType": "java.lang.String", "deprecated": false, "autowired": false, "secret": true, "configurationClass": "org.apache.camel.component.cyberark.vault.CyberArkVaultConfiguration", "configurationField": "configuration", "description": "The username for authentication with CyberArk Conjur" }
  }
}
