{
  "component": {
    "kind": "component",
    "name": "dataset",
    "title": "Dataset",
    "description": "Provide data for load and soak testing of your Camel application.",
    "deprecated": false,
    "firstVersion": "1.3.0",
    "label": "core,testing",
    "javaType": "org.apache.camel.component.dataset.DataSetComponent",
    "supportLevel": "Stable",
    "groupId": "org.apache.camel",
    "artifactId": "camel-dataset",
    "version": "4.18.0-SNAPSHOT",
    "scheme": "dataset",
    "extendsScheme": "",
    "syntax": "dataset:name",
    "async": false,
    "api": false,
    "consumerOnly": false,
    "producerOnly": false,
    "lenientProperties": true,
    "browsable": true,
    "remote": false
  },
  "componentProperties": {
    "bridgeErrorHandler": { "index": 0, "kind": "property", "displayName": "Bridge Error Handler", "group": "consumer", "label": "consumer", "required": false, "type": "boolean", "javaType": "boolean", "deprecated": false, "autowired": false, "secret": false, "defaultValue": false, "description": "Allows for bridging the consumer to the Camel routing Error Handler, which mean any exceptions (if possible) occurred while the Camel consumer is trying to pickup incoming messages, or the likes, will now be processed as a message and handled by the routing Error Handler. Important: This is only possible if the 3rd party component allows Camel to be alerted if an exception was thrown. Some components handle this internally only, and therefore bridgeErrorHandler is not possible. In other situations we may improve the Camel component to hook into the 3rd party component and make this possible for future releases. By default the consumer will use the org.apache.camel.spi.ExceptionHandler to deal with exceptions, that will be logged at WARN or ERROR level and ignored." },
    "lazyStartProducer": { "index": 1, "kind": "property", "displayName": "Lazy Start Producer", "group": "producer", "label": "producer", "required": false, "type": "boolean", "javaType": "boolean", "deprecated": false, "autowired": false, "secret": false, "defaultValue": false, "description": "Whether the producer should be started lazy (on the first message). By starting lazy you can use this to allow CamelContext and routes to startup in situations where a producer may otherwise fail during starting and cause the route to fail being started. By deferring this startup to be lazy then the startup failure can be handled during routing messages via Camel's routing error handlers. Beware that when the first message is processed then creating and starting the producer may take a little time and prolong the total processing time of the processing." },
    "log": { "index": 2, "kind": "property", "displayName": "Log", "group": "producer", "label": "producer", "required": false, "type": "boolean", "javaType": "boolean", "deprecated": false, "autowired": false, "secret": false, "defaultValue": false, "description": "To turn on logging when the mock receives an incoming message. This will log only one time at INFO level for the incoming message. For more detailed logging, then set the logger to DEBUG level for the org.apache.camel.component.mock.MockEndpoint class." },
    "autowiredEnabled": { "index": 3, "kind": "property", "displayName": "Autowired Enabled", "group": "advanced", "label": "advanced", "required": false, "type": "boolean", "javaType": "boolean", "deprecated": false, "autowired": false, "secret": false, "defaultValue": true, "description": "Whether autowiring is enabled. This is used for automatic autowiring options (the option must be marked as autowired) by looking up in the registry to find if there is a single instance of matching type, which then gets configured on the component. This can be used for automatic configuring JDBC data sources, JMS connection factories, AWS Clients, etc." },
    "exchangeFormatter": { "index": 4, "kind": "property", "displayName": "Exchange Formatter", "group": "advanced", "label": "advanced", "required": false, "type": "object", "javaType": "org.apache.camel.spi.ExchangeFormatter", "deprecated": false, "autowired": true, "secret": false, "description": "To use a custom ExchangeFormatter to format the Exchange into a String suitable for logging." }
  },
  "headers": {
    "CamelDataSetIndex": { "index": 0, "kind": "header", "displayName": "", "group": "common", "label": "", "required": false, "javaType": "Long", "deprecated": false, "deprecationNote": "", "autowired": false, "secret": false, "description": "The dataset index", "constantName": "org.apache.camel.component.dataset.DataSetConstants#DATASET_INDEX" }
  },
  "properties": {
    "name": { "index": 0, "kind": "path", "displayName": "Name", "group": "common", "label": "", "required": true, "type": "object", "javaType": "org.apache.camel.component.dataset.DataSet", "deprecated": false, "deprecationNote": "", "autowired": false, "secret": false, "description": "Name of DataSet to lookup in the registry" },
    "dataSetIndex": { "index": 1, "kind": "parameter", "displayName": "Data Set Index", "group": "common", "label": "", "required": false, "type": "enum", "javaType": "java.lang.String", "enum": [ "strict", "lenient", "off" ], "deprecated": false, "autowired": false, "secret": false, "defaultValue": "lenient", "description": "Controls the behaviour of the CamelDataSetIndex header. off (consumer) the header will not be set. strict (consumer) the header will be set. lenient (consumer) the header will be set. off (producer) the header value will not be verified, and will not be set if it is not present. strict (producer) the header value must be present and will be verified. lenient (producer) the header value will be verified if it is present, and will be set if it is not present." },
    "initialDelay": { "index": 2, "kind": "parameter", "displayName": "Initial Delay", "group": "consumer", "label": "consumer", "required": false, "type": "duration", "javaType": "long", "deprecated": false, "autowired": false, "secret": false, "defaultValue": "1000", "description": "Time period in millis to wait before starting sending messages." },
    "minRate": { "index": 3, "kind": "parameter", "displayName": "Min Rate", "group": "consumer", "label": "consumer", "required": false, "type": "integer", "javaType": "int", "deprecated": false, "autowired": false, "secret": false, "defaultValue": 0, "description": "Wait until the DataSet contains at least this number of messages" },
    "preloadSize": { "index": 4, "kind": "parameter", "displayName": "Preload Size", "group": "consumer", "label": "consumer", "required": false, "type": "integer", "javaType": "long", "deprecated": false, "autowired": false, "secret": false, "defaultValue": 0, "description": "Sets how many messages should be preloaded (sent) before the route completes its initialization" },
    "produceDelay": { "index": 5, "kind": "parameter", "displayName": "Produce Delay", "group": "consumer", "label": "consumer", "required": false, "type": "duration", "javaType": "long", "deprecated": false, "autowired": false, "secret": false, "defaultValue": "3", "description": "Allows a delay to be specified which causes a delay when a message is sent by the consumer (to simulate slow processing)" },
    "bridgeErrorHandler": { "index": 6, "kind": "parameter", "displayName": "Bridge Error Handler", "group": "consumer (advanced)", "label": "consumer,advanced", "required": false, "type": "boolean", "javaType": "boolean", "deprecated": false, "autowired": false, "secret": false, "defaultValue": false, "description": "Allows for bridging the consumer to the Camel routing Error Handler, which mean any exceptions (if possible) occurred while the Camel consumer is trying to pickup incoming messages, or the likes, will now be processed as a message and handled by the routing Error Handler. Important: This is only possible if the 3rd party component allows Camel to be alerted if an exception was thrown. Some components handle this internally only, and therefore bridgeErrorHandler is not possible. In other situations we may improve the Camel component to hook into the 3rd party component and make this possible for future releases. By default the consumer will use the org.apache.camel.spi.ExceptionHandler to deal with exceptions, that will be logged at WARN or ERROR level and ignored." },
    "exceptionHandler": { "index": 7, "kind": "parameter", "displayName": "Exception Handler", "group": "consumer (advanced)", "label": "consumer,advanced", "required": false, "type": "object", "javaType": "org.apache.camel.spi.ExceptionHandler", "optionalPrefix": "consumer.", "deprecated": false, "autowired": false, "secret": false, "description": "To let the consumer use a custom ExceptionHandler. Notice if the option bridgeErrorHandler is enabled then this option is not in use. By default the consumer will deal with exceptions, that will be logged at WARN or ERROR level and ignored." },
    "exchangePattern": { "index": 8, "kind": "parameter", "displayName": "Exchange Pattern", "group": "consumer (advanced)", "label": "consumer,advanced", "required": false, "type": "enum", "javaType": "org.apache.camel.ExchangePattern", "enum": [ "InOnly", "InOut" ], "deprecated": false, "autowired": false, "secret": false, "description": "Sets the exchange pattern when the consumer creates an exchange." },
    "assertPeriod": { "index": 9, "kind": "parameter", "displayName": "Assert Period", "group": "producer", "label": "producer", "required": false, "type": "duration", "javaType": "long", "deprecated": false, "autowired": false, "secret": false, "description": "Sets a grace period after which the mock will re-assert to ensure the preliminary assertion is still valid. This is used, for example, to assert that exactly a number of messages arrive. For example, if the expected count was set to 5, then the assertion is satisfied when five or more messages arrive. To ensure that exactly 5 messages arrive, then you would need to wait a little period to ensure no further message arrives. This is what you can use this method for. By default, this period is disabled." },
    "consumeDelay": { "index": 10, "kind": "parameter", "displayName": "Consume Delay", "group": "producer", "label": "producer", "required": false, "type": "duration", "javaType": "long", "deprecated": false, "autowired": false, "secret": false, "defaultValue": "0", "description": "Allows a delay to be specified which causes a delay when a message is consumed by the producer (to simulate slow processing)" },
    "expectedCount": { "index": 11, "kind": "parameter", "displayName": "Expected Count", "group": "producer", "label": "producer", "required": false, "type": "integer", "javaType": "int", "deprecated": false, "autowired": false, "secret": false, "defaultValue": -1, "description": "Specifies the expected number of message exchanges that should be received by this mock. Beware: If you want to expect that 0 messages, then take extra care, as 0 matches when the tests starts, so you need to set a assert period time to let the test run for a while to make sure there are still no messages arrived; for that use the assertPeriod option. If you want to assert that exactly nth message arrives to this mock, then see also the assertPeriod option for further details." },
    "copyOnExchange": { "index": 12, "kind": "parameter", "displayName": "Copy On Exchange", "group": "producer (advanced)", "label": "producer,advanced", "required": false, "type": "boolean", "javaType": "boolean", "deprecated": false, "autowired": false, "secret": false, "defaultValue": true, "description": "Sets whether to make a deep copy of the incoming Exchange when received at this mock endpoint." },
    "failFast": { "index": 13, "kind": "parameter", "displayName": "Fail Fast", "group": "producer (advanced)", "label": "producer,advanced", "required": false, "type": "boolean", "javaType": "boolean", "deprecated": false, "autowired": false, "secret": false, "defaultValue": true, "description": "Sets whether assertIsSatisfied() should fail fast at the first detected failed expectation while it may otherwise wait for all expected messages to arrive before performing expectations verifications. Is by default true. Set to false to use behavior as in Camel 2.x." },
    "lazyStartProducer": { "index": 14, "kind": "parameter", "displayName": "Lazy Start Producer", "group": "producer (advanced)", "label": "producer,advanced", "required": false, "type": "boolean", "javaType": "boolean", "deprecated": false, "autowired": false, "secret": false, "defaultValue": false, "description": "Whether the producer should be started lazy (on the first message). By starting lazy you can use this to allow CamelContext and routes to startup in situations where a producer may otherwise fail during starting and cause the route to fail being started. By deferring this startup to be lazy then the startup failure can be handled during routing messages via Camel's routing error handlers. Beware that when the first message is processed then creating and starting the producer may take a little time and prolong the total processing time of the processing." },
    "log": { "index": 15, "kind": "parameter", "displayName": "Log", "group": "producer (advanced)", "label": "producer,advanced", "required": false, "type": "boolean", "javaType": "boolean", "deprecated": false, "autowired": false, "secret": false, "defaultValue": false, "description": "To turn on logging when the mock receives an incoming message. This will log only one time at INFO level for the incoming message. For more detailed logging, then set the logger to DEBUG level for the org.apache.camel.component.mock.MockEndpoint class." },
    "reportGroup": { "index": 16, "kind": "parameter", "displayName": "Report Group", "group": "producer (advanced)", "label": "producer,advanced", "required": false, "type": "integer", "javaType": "int", "deprecated": false, "autowired": false, "secret": false, "description": "A number that is used to turn on throughput logging based on groups of the size." },
    "resultMinimumWaitTime": { "index": 17, "kind": "parameter", "displayName": "Result Minimum Wait Time", "group": "producer (advanced)", "label": "producer,advanced", "required": false, "type": "duration", "javaType": "long", "deprecated": false, "autowired": false, "secret": false, "description": "Sets the minimum expected amount of time the assertIsSatisfied() will wait on a latch until it is satisfied" },
    "resultWaitTime": { "index": 18, "kind": "parameter", "displayName": "Result Wait Time", "group": "producer (advanced)", "label": "producer,advanced", "required": false, "type": "duration", "javaType": "long", "deprecated": false, "autowired": false, "secret": false, "description": "Sets the maximum amount of time the assertIsSatisfied() will wait on a latch until it is satisfied" },
    "retainFirst": { "index": 19, "kind": "parameter", "displayName": "Retain First", "group": "producer (advanced)", "label": "producer,advanced", "required": false, "type": "integer", "javaType": "int", "deprecated": false, "autowired": false, "secret": false, "defaultValue": -1, "description": "Specifies to only retain the first nth number of received Exchanges. This is used when testing with big data, to reduce memory consumption by not storing copies of every Exchange this mock endpoint receives. Important: When using this limitation, then the getReceivedCounter() will still return the actual number of received message. For example if we have received 5000 messages and have configured to only retain the first 10 Exchanges, then the getReceivedCounter() will still return 5000 but there is only the first 10 Exchanges in the getExchanges() and getReceivedExchanges() methods. When using this method, then some of the other expectation methods is not supported, for example the expectedBodiesReceived(Object...) sets a expectation on the first number of bodies received. You can configure both retainFirst and retainLast options, to limit both the first and last received." },
    "retainLast": { "index": 20, "kind": "parameter", "displayName": "Retain Last", "group": "producer (advanced)", "label": "producer,advanced", "required": false, "type": "integer", "javaType": "int", "deprecated": false, "autowired": false, "secret": false, "defaultValue": -1, "description": "Specifies to only retain the last nth number of received Exchanges. This is used when testing with big data, to reduce memory consumption by not storing copies of every Exchange this mock endpoint receives. Important: When using this limitation, then the getReceivedCounter() will still return the actual number of received message. For example if we have received 5000 messages and have configured to only retain the last 20 Exchanges, then the getReceivedCounter() will still return 5000 but there is only the last 20 Exchanges in the getExchanges() and getReceivedExchanges() methods. When using this method, then some of the other expectation methods is not supported, for example the expectedBodiesReceived(Object...) sets a expectation on the first number of bodies received. You can configure both retainFirst and retainLast options, to limit both the first and last received." },
    "sleepForEmptyTest": { "index": 21, "kind": "parameter", "displayName": "Sleep For Empty Test", "group": "producer (advanced)", "label": "producer,advanced", "required": false, "type": "duration", "javaType": "long", "deprecated": false, "autowired": false, "secret": false, "description": "Allows a sleep to be specified to wait to check that this mock really is empty when expectedMessageCount(int) is called with zero value" },
    "browseLimit": { "index": 22, "kind": "parameter", "displayName": "Browse Limit", "group": "advanced", "label": "advanced", "required": false, "type": "integer", "javaType": "int", "deprecated": false, "autowired": false, "secret": false, "defaultValue": 100, "description": "Maximum number of messages to keep in memory available for browsing. Use 0 for unlimited." }
  }
}
