{
  "component": {
    "kind": "component",
    "name": "dhis2",
    "title": "DHIS2",
    "description": "Leverages the DHIS2 Java SDK to integrate Apache Camel with the DHIS2 Web API.",
    "deprecated": false,
    "firstVersion": "4.0.0",
    "label": "api",
    "javaType": "org.apache.camel.component.dhis2.Dhis2Component",
    "supportLevel": "Stable",
    "groupId": "org.apache.camel",
    "artifactId": "camel-dhis2",
    "version": "4.17.0-SNAPSHOT",
    "scheme": "dhis2",
    "extendsScheme": "",
    "syntax": "dhis2:apiName\/methodName",
    "async": false,
    "api": true,
    "apiSyntax": "apiName\/methodName",
    "consumerOnly": false,
    "producerOnly": false,
    "lenientProperties": false,
    "browsable": false,
    "remote": true
  },
  "componentProperties": {
    "baseApiUrl": { "index": 0, "kind": "property", "displayName": "Base Api Url", "group": "common", "label": "", "required": false, "type": "string", "javaType": "java.lang.String", "deprecated": false, "autowired": false, "secret": false, "configurationClass": "org.apache.camel.component.dhis2.Dhis2Configuration", "configurationField": "configuration", "description": "DHIS2 server base API URL (e.g., https:\/\/play.dhis2.org\/2.39.1.1\/api)" },
    "bridgeErrorHandler": { "index": 1, "kind": "property", "displayName": "Bridge Error Handler", "group": "consumer", "label": "consumer", "required": false, "type": "boolean", "javaType": "boolean", "deprecated": false, "autowired": false, "secret": false, "defaultValue": false, "description": "Allows for bridging the consumer to the Camel routing Error Handler, which mean any exceptions (if possible) occurred while the Camel consumer is trying to pickup incoming messages, or the likes, will now be processed as a message and handled by the routing Error Handler. Important: This is only possible if the 3rd party component allows Camel to be alerted if an exception was thrown. Some components handle this internally only, and therefore bridgeErrorHandler is not possible. In other situations we may improve the Camel component to hook into the 3rd party component and make this possible for future releases. By default the consumer will use the org.apache.camel.spi.ExceptionHandler to deal with exceptions, that will be logged at WARN or ERROR level and ignored." },
    "lazyStartProducer": { "index": 2, "kind": "property", "displayName": "Lazy Start Producer", "group": "producer", "label": "producer", "required": false, "type": "boolean", "javaType": "boolean", "deprecated": false, "autowired": false, "secret": false, "defaultValue": false, "description": "Whether the producer should be started lazy (on the first message). By starting lazy you can use this to allow CamelContext and routes to startup in situations where a producer may otherwise fail during starting and cause the route to fail being started. By deferring this startup to be lazy then the startup failure can be handled during routing messages via Camel's routing error handlers. Beware that when the first message is processed then creating and starting the producer may take a little time and prolong the total processing time of the processing." },
    "autowiredEnabled": { "index": 3, "kind": "property", "displayName": "Autowired Enabled", "group": "advanced", "label": "advanced", "required": false, "type": "boolean", "javaType": "boolean", "deprecated": false, "autowired": false, "secret": false, "defaultValue": true, "description": "Whether autowiring is enabled. This is used for automatic autowiring options (the option must be marked as autowired) by looking up in the registry to find if there is a single instance of matching type, which then gets configured on the component. This can be used for automatic configuring JDBC data sources, JMS connection factories, AWS Clients, etc." },
    "client": { "index": 4, "kind": "property", "displayName": "Client", "group": "advanced", "label": "advanced", "required": false, "type": "object", "javaType": "org.hisp.dhis.integration.sdk.api.Dhis2Client", "deprecated": false, "autowired": false, "secret": false, "configurationClass": "org.apache.camel.component.dhis2.Dhis2Configuration", "configurationField": "configuration", "description": "References a user-defined org.hisp.dhis.integration.sdk.api.Dhis2Client. This option is mutually exclusive to the baseApiUrl, username, password, and personalAccessToken options" },
    "configuration": { "index": 5, "kind": "property", "displayName": "Configuration", "group": "advanced", "label": "advanced", "required": false, "type": "object", "javaType": "org.apache.camel.component.dhis2.Dhis2Configuration", "deprecated": false, "autowired": false, "secret": false, "description": "To use the shared configuration" },
    "password": { "index": 6, "kind": "property", "displayName": "Password", "group": "security", "label": "security", "required": false, "type": "string", "javaType": "java.lang.String", "deprecated": false, "autowired": false, "secret": true, "configurationClass": "org.apache.camel.component.dhis2.Dhis2Configuration", "configurationField": "configuration", "description": "Password of the DHIS2 username" },
    "personalAccessToken": { "index": 7, "kind": "property", "displayName": "Personal Access Token", "group": "security", "label": "security", "required": false, "type": "string", "javaType": "java.lang.String", "deprecated": false, "autowired": false, "secret": true, "configurationClass": "org.apache.camel.component.dhis2.Dhis2Configuration", "configurationField": "configuration", "description": "Personal access token to authenticate with DHIS2. This option is mutually exclusive to username and password" },
    "username": { "index": 8, "kind": "property", "displayName": "Username", "group": "security", "label": "security", "required": false, "type": "string", "javaType": "java.lang.String", "deprecated": false, "autowired": false, "secret": true, "configurationClass": "org.apache.camel.component.dhis2.Dhis2Configuration", "configurationField": "configuration", "description": "Username of the DHIS2 user to operate as" }
  },
  "properties": {
    "apiName": { "index": 0, "kind": "path", "displayName": "Api Name", "group": "common", "label": "", "required": true, "type": "enum", "javaType": "org.apache.camel.component.dhis2.internal.Dhis2ApiName", "enum": [ "POST", "RESOURCE_TABLES", "GET", "DELETE", "PUT" ], "deprecated": false, "deprecationNote": "", "autowired": false, "secret": false, "configurationClass": "org.apache.camel.component.dhis2.Dhis2Configuration", "configurationField": "configuration", "description": "API operation (e.g., get)" },
    "methodName": { "index": 1, "kind": "path", "displayName": "Method Name", "group": "common", "label": "", "required": true, "type": "string", "javaType": "java.lang.String", "deprecated": false, "deprecationNote": "", "autowired": false, "secret": false, "configurationClass": "org.apache.camel.component.dhis2.Dhis2Configuration", "configurationField": "configuration", "description": "Subject of the API operation (e.g., resource)" },
    "baseApiUrl": { "index": 2, "kind": "parameter", "displayName": "Base Api Url", "group": "common", "label": "", "required": false, "type": "string", "javaType": "java.lang.String", "deprecated": false, "autowired": false, "secret": false, "configurationClass": "org.apache.camel.component.dhis2.Dhis2Configuration", "configurationField": "configuration", "description": "DHIS2 server base API URL (e.g., https:\/\/play.dhis2.org\/2.39.1.1\/api)" },
    "inBody": { "index": 3, "kind": "parameter", "displayName": "In Body", "group": "common", "label": "", "required": false, "type": "string", "javaType": "java.lang.String", "deprecated": false, "autowired": false, "secret": false, "description": "Sets the name of a parameter to be passed in the exchange In Body" },
    "sendEmptyMessageWhenIdle": { "index": 4, "kind": "parameter", "displayName": "Send Empty Message When Idle", "group": "consumer", "label": "consumer", "required": false, "type": "boolean", "javaType": "boolean", "deprecated": false, "autowired": false, "secret": false, "defaultValue": false, "description": "If the polling consumer did not poll any files, you can enable this option to send an empty message (no body) instead." },
    "bridgeErrorHandler": { "index": 5, "kind": "parameter", "displayName": "Bridge Error Handler", "group": "consumer (advanced)", "label": "consumer,advanced", "required": false, "type": "boolean", "javaType": "boolean", "deprecated": false, "autowired": false, "secret": false, "defaultValue": false, "description": "Allows for bridging the consumer to the Camel routing Error Handler, which mean any exceptions (if possible) occurred while the Camel consumer is trying to pickup incoming messages, or the likes, will now be processed as a message and handled by the routing Error Handler. Important: This is only possible if the 3rd party component allows Camel to be alerted if an exception was thrown. Some components handle this internally only, and therefore bridgeErrorHandler is not possible. In other situations we may improve the Camel component to hook into the 3rd party component and make this possible for future releases. By default the consumer will use the org.apache.camel.spi.ExceptionHandler to deal with exceptions, that will be logged at WARN or ERROR level and ignored." },
    "exceptionHandler": { "index": 6, "kind": "parameter", "displayName": "Exception Handler", "group": "consumer (advanced)", "label": "consumer,advanced", "required": false, "type": "object", "javaType": "org.apache.camel.spi.ExceptionHandler", "optionalPrefix": "consumer.", "deprecated": false, "autowired": false, "secret": false, "description": "To let the consumer use a custom ExceptionHandler. Notice if the option bridgeErrorHandler is enabled then this option is not in use. By default the consumer will deal with exceptions, that will be logged at WARN or ERROR level and ignored." },
    "exchangePattern": { "index": 7, "kind": "parameter", "displayName": "Exchange Pattern", "group": "consumer (advanced)", "label": "consumer,advanced", "required": false, "type": "enum", "javaType": "org.apache.camel.ExchangePattern", "enum": [ "InOnly", "InOut" ], "deprecated": false, "autowired": false, "secret": false, "description": "Sets the exchange pattern when the consumer creates an exchange." },
    "pollStrategy": { "index": 8, "kind": "parameter", "displayName": "Poll Strategy", "group": "consumer (advanced)", "label": "consumer,advanced", "required": false, "type": "object", "javaType": "org.apache.camel.spi.PollingConsumerPollStrategy", "deprecated": false, "autowired": false, "secret": false, "description": "A pluggable org.apache.camel.PollingConsumerPollingStrategy allowing you to provide your custom implementation to control error handling usually occurred during the poll operation before an Exchange have been created and being routed in Camel." },
    "lazyStartProducer": { "index": 9, "kind": "parameter", "displayName": "Lazy Start Producer", "group": "producer (advanced)", "label": "producer,advanced", "required": false, "type": "boolean", "javaType": "boolean", "deprecated": false, "autowired": false, "secret": false, "defaultValue": false, "description": "Whether the producer should be started lazy (on the first message). By starting lazy you can use this to allow CamelContext and routes to startup in situations where a producer may otherwise fail during starting and cause the route to fail being started. By deferring this startup to be lazy then the startup failure can be handled during routing messages via Camel's routing error handlers. Beware that when the first message is processed then creating and starting the producer may take a little time and prolong the total processing time of the processing." },
    "client": { "index": 10, "kind": "parameter", "displayName": "Client", "group": "advanced", "label": "advanced", "required": false, "type": "object", "javaType": "org.hisp.dhis.integration.sdk.api.Dhis2Client", "deprecated": false, "autowired": false, "secret": false, "configurationClass": "org.apache.camel.component.dhis2.Dhis2Configuration", "configurationField": "configuration", "description": "References a user-defined org.hisp.dhis.integration.sdk.api.Dhis2Client. This option is mutually exclusive to the baseApiUrl, username, password, and personalAccessToken options" },
    "backoffErrorThreshold": { "index": 11, "kind": "parameter", "displayName": "Backoff Error Threshold", "group": "scheduler", "label": "consumer,scheduler", "required": false, "type": "integer", "javaType": "int", "deprecated": false, "autowired": false, "secret": false, "description": "The number of subsequent error polls (failed due some error) that should happen before the backoffMultipler should kick-in." },
    "backoffIdleThreshold": { "index": 12, "kind": "parameter", "displayName": "Backoff Idle Threshold", "group": "scheduler", "label": "consumer,scheduler", "required": false, "type": "integer", "javaType": "int", "deprecated": false, "autowired": false, "secret": false, "description": "The number of subsequent idle polls that should happen before the backoffMultipler should kick-in." },
    "backoffMultiplier": { "index": 13, "kind": "parameter", "displayName": "Backoff Multiplier", "group": "scheduler", "label": "consumer,scheduler", "required": false, "type": "integer", "javaType": "int", "deprecated": false, "autowired": false, "secret": false, "description": "To let the scheduled polling consumer backoff if there has been a number of subsequent idles\/errors in a row. The multiplier is then the number of polls that will be skipped before the next actual attempt is happening again. When this option is in use then backoffIdleThreshold and\/or backoffErrorThreshold must also be configured." },
    "delay": { "index": 14, "kind": "parameter", "displayName": "Delay", "group": "scheduler", "label": "consumer,scheduler", "required": false, "type": "integer", "javaType": "long", "deprecated": false, "autowired": false, "secret": false, "defaultValue": 500, "description": "Milliseconds before the next poll." },
    "greedy": { "index": 15, "kind": "parameter", "displayName": "Greedy", "group": "scheduler", "label": "consumer,scheduler", "required": false, "type": "boolean", "javaType": "boolean", "deprecated": false, "autowired": false, "secret": false, "defaultValue": false, "description": "If greedy is enabled, then the ScheduledPollConsumer will run immediately again, if the previous run polled 1 or more messages." },
    "initialDelay": { "index": 16, "kind": "parameter", "displayName": "Initial Delay", "group": "scheduler", "label": "consumer,scheduler", "required": false, "type": "integer", "javaType": "long", "deprecated": false, "autowired": false, "secret": false, "defaultValue": 1000, "description": "Milliseconds before the first poll starts." },
    "repeatCount": { "index": 17, "kind": "parameter", "displayName": "Repeat Count", "group": "scheduler", "label": "consumer,scheduler", "required": false, "type": "integer", "javaType": "long", "deprecated": false, "autowired": false, "secret": false, "defaultValue": 0, "description": "Specifies a maximum limit of number of fires. So if you set it to 1, the scheduler will only fire once. If you set it to 5, it will only fire five times. A value of zero or negative means fire forever." },
    "runLoggingLevel": { "index": 18, "kind": "parameter", "displayName": "Run Logging Level", "group": "scheduler", "label": "consumer,scheduler", "required": false, "type": "enum", "javaType": "org.apache.camel.LoggingLevel", "enum": [ "TRACE", "DEBUG", "INFO", "WARN", "ERROR", "OFF" ], "deprecated": false, "autowired": false, "secret": false, "defaultValue": "TRACE", "description": "The consumer logs a start\/complete log line when it polls. This option allows you to configure the logging level for that." },
    "scheduledExecutorService": { "index": 19, "kind": "parameter", "displayName": "Scheduled Executor Service", "group": "scheduler", "label": "consumer,scheduler", "required": false, "type": "object", "javaType": "java.util.concurrent.ScheduledExecutorService", "deprecated": false, "autowired": false, "secret": false, "description": "Allows for configuring a custom\/shared thread pool to use for the consumer. By default each consumer has its own single threaded thread pool." },
    "scheduler": { "index": 20, "kind": "parameter", "displayName": "Scheduler", "group": "scheduler", "label": "consumer,scheduler", "required": false, "type": "object", "javaType": "java.lang.Object", "deprecated": false, "autowired": false, "secret": false, "defaultValue": "none", "description": "To use a cron scheduler from either camel-spring or camel-quartz component. Use value spring or quartz for built in scheduler" },
    "schedulerProperties": { "index": 21, "kind": "parameter", "displayName": "Scheduler Properties", "group": "scheduler", "label": "consumer,scheduler", "required": false, "type": "object", "javaType": "java.util.Map<java.lang.String, java.lang.Object>", "prefix": "scheduler.", "multiValue": true, "deprecated": false, "autowired": false, "secret": false, "description": "To configure additional properties when using a custom scheduler or any of the Quartz, Spring based scheduler. This is a multi-value option with prefix: scheduler." },
    "startScheduler": { "index": 22, "kind": "parameter", "displayName": "Start Scheduler", "group": "scheduler", "label": "consumer,scheduler", "required": false, "type": "boolean", "javaType": "boolean", "deprecated": false, "autowired": false, "secret": false, "defaultValue": true, "description": "Whether the scheduler should be auto started." },
    "timeUnit": { "index": 23, "kind": "parameter", "displayName": "Time Unit", "group": "scheduler", "label": "consumer,scheduler", "required": false, "type": "enum", "javaType": "java.util.concurrent.TimeUnit", "enum": [ "NANOSECONDS", "MICROSECONDS", "MILLISECONDS", "SECONDS", "MINUTES", "HOURS", "DAYS" ], "deprecated": false, "autowired": false, "secret": false, "defaultValue": "MILLISECONDS", "description": "Time unit for initialDelay and delay options." },
    "useFixedDelay": { "index": 24, "kind": "parameter", "displayName": "Use Fixed Delay", "group": "scheduler", "label": "consumer,scheduler", "required": false, "type": "boolean", "javaType": "boolean", "deprecated": false, "autowired": false, "secret": false, "defaultValue": true, "description": "Controls if fixed delay or fixed rate is used. See ScheduledExecutorService in JDK for details." },
    "password": { "index": 25, "kind": "parameter", "displayName": "Password", "group": "security", "label": "security", "required": false, "type": "string", "javaType": "java.lang.String", "deprecated": false, "autowired": false, "secret": true, "configurationClass": "org.apache.camel.component.dhis2.Dhis2Configuration", "configurationField": "configuration", "description": "Password of the DHIS2 username" },
    "personalAccessToken": { "index": 26, "kind": "parameter", "displayName": "Personal Access Token", "group": "security", "label": "security", "required": false, "type": "string", "javaType": "java.lang.String", "deprecated": false, "autowired": false, "secret": true, "configurationClass": "org.apache.camel.component.dhis2.Dhis2Configuration", "configurationField": "configuration", "description": "Personal access token to authenticate with DHIS2. This option is mutually exclusive to username and password" },
    "username": { "index": 27, "kind": "parameter", "displayName": "Username", "group": "security", "label": "security", "required": false, "type": "string", "javaType": "java.lang.String", "deprecated": false, "autowired": false, "secret": true, "configurationClass": "org.apache.camel.component.dhis2.Dhis2Configuration", "configurationField": "configuration", "description": "Username of the DHIS2 user to operate as" }
  },
  "apis": {
    "delete": { "consumerOnly": false, "producerOnly": false, "description": "", "methods": { "resource": { "description": "", "signatures": [ "java.io.InputStream resource(String path, Object resource, java.util.Map<String, Object> queryParams)" ] } } },
    "get": { "consumerOnly": false, "producerOnly": false, "description": "", "methods": { "collection": { "description": "", "signatures": [ "java.util.Iterator<org.apache.camel.component.dhis2.api.Dhis2Resource> collection(String path, String arrayName, Boolean paging, String fields, java.util.List<String> filter, org.apache.camel.component.dhis2.api.RootJunctionEnum rootJunction, java.util.Map<String, Object> queryParams)" ] }, "resource": { "description": "", "signatures": [ "java.io.InputStream resource(String path, String fields, java.util.List<String> filter, org.apache.camel.component.dhis2.api.RootJunctionEnum rootJunction, java.util.Map<String, Object> queryParams)" ] } } },
    "post": { "consumerOnly": false, "producerOnly": false, "description": "", "methods": { "resource": { "description": "", "signatures": [ "java.io.InputStream resource(String path, Object resource, java.util.Map<String, Object> queryParams)" ] } } },
    "put": { "consumerOnly": false, "producerOnly": false, "description": "", "methods": { "resource": { "description": "", "signatures": [ "java.io.InputStream resource(String path, Object resource, java.util.Map<String, Object> queryParams)" ] } } },
    "resourceTables": { "consumerOnly": false, "producerOnly": false, "description": "", "methods": { "analytics": { "description": "", "signatures": [ "void analytics(Boolean skipAggregate, Boolean skipEvents, Integer lastYears, Integer interval, Boolean async)" ] } } }
  },
  "apiProperties": {
    "delete": { "methods": { "resource": { "properties": { "path": { "index": 0, "kind": "parameter", "displayName": "Path", "group": "common", "label": "", "required": false, "type": "string", "javaType": "java.lang.String", "deprecated": false, "autowired": false, "secret": false, "description": "", "optional": false }, "queryParams": { "index": 1, "kind": "parameter", "displayName": "Query Params", "group": "common", "label": "", "required": false, "type": "object", "javaType": "java.util.Map<java.lang.String, java.lang.Object>", "deprecated": false, "autowired": false, "secret": false, "description": "", "optional": true }, "resource": { "index": 2, "kind": "parameter", "displayName": "Resource", "group": "common", "label": "", "required": false, "type": "object", "javaType": "java.lang.Object", "deprecated": false, "autowired": false, "secret": false, "description": "", "optional": true } } } } },
    "get": { "methods": { "collection": { "properties": { "arrayName": { "index": 0, "kind": "parameter", "displayName": "Array Name", "group": "common", "label": "", "required": false, "type": "string", "javaType": "java.lang.String", "deprecated": false, "autowired": false, "secret": false, "description": "", "optional": false }, "fields": { "index": 1, "kind": "parameter", "displayName": "Fields", "group": "common", "label": "", "required": false, "type": "string", "javaType": "java.lang.String", "deprecated": false, "autowired": false, "secret": false, "description": "", "optional": true }, "filter": { "index": 2, "kind": "parameter", "displayName": "Filter", "group": "common", "label": "", "required": false, "type": "array", "javaType": "java.util.List<java.lang.String>", "deprecated": false, "autowired": false, "secret": false, "description": "", "optional": true }, "paging": { "index": 3, "kind": "parameter", "displayName": "Paging", "group": "common", "label": "", "required": false, "type": "boolean", "javaType": "java.lang.Boolean", "deprecated": false, "autowired": false, "secret": false, "defaultValue": false, "description": "", "optional": true }, "path": { "index": 4, "kind": "parameter", "displayName": "Path", "group": "common", "label": "", "required": false, "type": "string", "javaType": "java.lang.String", "deprecated": false, "autowired": false, "secret": false, "description": "", "optional": false }, "queryParams": { "index": 5, "kind": "parameter", "displayName": "Query Params", "group": "common", "label": "", "required": false, "type": "object", "javaType": "java.util.Map<java.lang.String, java.lang.Object>", "deprecated": false, "autowired": false, "secret": false, "description": "", "optional": true }, "rootJunction": { "index": 6, "kind": "parameter", "displayName": "Root Junction", "group": "common", "label": "", "required": false, "type": "enum", "javaType": "org.apache.camel.component.dhis2.api.RootJunctionEnum", "enum": [ "AND", "OR" ], "deprecated": false, "autowired": false, "secret": false, "description": "", "optional": true } } }, "resource": { "properties": { "fields": { "index": 0, "kind": "parameter", "displayName": "Fields", "group": "common", "label": "", "required": false, "type": "string", "javaType": "java.lang.String", "deprecated": false, "autowired": false, "secret": false, "description": "", "optional": true }, "filter": { "index": 1, "kind": "parameter", "displayName": "Filter", "group": "common", "label": "", "required": false, "type": "array", "javaType": "java.util.List<java.lang.String>", "deprecated": false, "autowired": false, "secret": false, "description": "", "optional": true }, "path": { "index": 2, "kind": "parameter", "displayName": "Path", "group": "common", "label": "", "required": false, "type": "string", "javaType": "java.lang.String", "deprecated": false, "autowired": false, "secret": false, "description": "", "optional": false }, "queryParams": { "index": 3, "kind": "parameter", "displayName": "Query Params", "group": "common", "label": "", "required": false, "type": "object", "javaType": "java.util.Map<java.lang.String, java.lang.Object>", "deprecated": false, "autowired": false, "secret": false, "description": "", "optional": true }, "rootJunction": { "index": 4, "kind": "parameter", "displayName": "Root Junction", "group": "common", "label": "", "required": false, "type": "enum", "javaType": "org.apache.camel.component.dhis2.api.RootJunctionEnum", "enum": [ "AND", "OR" ], "deprecated": false, "autowired": false, "secret": false, "description": "", "optional": true } } } } },
    "post": { "methods": { "resource": { "properties": { "path": { "index": 0, "kind": "parameter", "displayName": "Path", "group": "common", "label": "", "required": false, "type": "string", "javaType": "java.lang.String", "deprecated": false, "autowired": false, "secret": false, "description": "", "optional": false }, "queryParams": { "index": 1, "kind": "parameter", "displayName": "Query Params", "group": "common", "label": "", "required": false, "type": "object", "javaType": "java.util.Map<java.lang.String, java.lang.Object>", "deprecated": false, "autowired": false, "secret": false, "description": "", "optional": true }, "resource": { "index": 2, "kind": "parameter", "displayName": "Resource", "group": "common", "label": "", "required": false, "type": "object", "javaType": "java.lang.Object", "deprecated": false, "autowired": false, "secret": false, "description": "", "optional": true } } } } },
    "put": { "methods": { "resource": { "properties": { "path": { "index": 0, "kind": "parameter", "displayName": "Path", "group": "common", "label": "", "required": false, "type": "string", "javaType": "java.lang.String", "deprecated": false, "autowired": false, "secret": false, "description": "", "optional": false }, "queryParams": { "index": 1, "kind": "parameter", "displayName": "Query Params", "group": "common", "label": "", "required": false, "type": "object", "javaType": "java.util.Map<java.lang.String, java.lang.Object>", "deprecated": false, "autowired": false, "secret": false, "description": "", "optional": true }, "resource": { "index": 2, "kind": "parameter", "displayName": "Resource", "group": "common", "label": "", "required": false, "type": "object", "javaType": "java.lang.Object", "deprecated": false, "autowired": false, "secret": false, "description": "", "optional": true } } } } },
    "resourceTables": { "methods": { "analytics": { "properties": { "async": { "index": 0, "kind": "parameter", "displayName": "Async", "group": "common", "label": "", "required": false, "type": "boolean", "javaType": "java.lang.Boolean", "deprecated": false, "autowired": false, "secret": false, "defaultValue": false, "description": "", "optional": true }, "interval": { "index": 1, "kind": "parameter", "displayName": "Interval", "group": "common", "label": "", "required": false, "type": "integer", "javaType": "java.lang.Integer", "deprecated": false, "autowired": false, "secret": false, "description": "", "optional": true }, "lastYears": { "index": 2, "kind": "parameter", "displayName": "Last Years", "group": "common", "label": "", "required": false, "type": "integer", "javaType": "java.lang.Integer", "deprecated": false, "autowired": false, "secret": false, "description": "", "optional": true }, "skipAggregate": { "index": 3, "kind": "parameter", "displayName": "Skip Aggregate", "group": "common", "label": "", "required": false, "type": "boolean", "javaType": "java.lang.Boolean", "deprecated": false, "autowired": false, "secret": false, "defaultValue": false, "description": "", "optional": true }, "skipEvents": { "index": 4, "kind": "parameter", "displayName": "Skip Events", "group": "common", "label": "", "required": false, "type": "boolean", "javaType": "java.lang.Boolean", "deprecated": false, "autowired": false, "secret": false, "defaultValue": false, "description": "", "optional": true } } } } }
  }
}
