{
  "component": {
    "kind": "component",
    "name": "ftp",
    "title": "FTP",
    "description": "Upload and download files to\/from FTP servers.",
    "deprecated": false,
    "firstVersion": "1.1.0",
    "label": "file",
    "javaType": "org.apache.camel.component.file.remote.FtpComponent",
    "supportLevel": "Stable",
    "groupId": "org.apache.camel",
    "artifactId": "camel-ftp",
    "version": "4.18.0-SNAPSHOT",
    "scheme": "ftp",
    "extendsScheme": "file",
    "syntax": "ftp:host:port\/directoryName",
    "alternativeSyntax": "ftp:username:password@host:port\/directoryName",
    "async": false,
    "api": false,
    "consumerOnly": false,
    "producerOnly": false,
    "lenientProperties": false,
    "browsable": true,
    "remote": true
  },
  "componentProperties": {
    "bridgeErrorHandler": { "index": 0, "kind": "property", "displayName": "Bridge Error Handler", "group": "consumer", "label": "consumer", "required": false, "type": "boolean", "javaType": "boolean", "deprecated": false, "autowired": false, "secret": false, "defaultValue": false, "description": "Allows for bridging the consumer to the Camel routing Error Handler, which mean any exceptions (if possible) occurred while the Camel consumer is trying to pickup incoming messages, or the likes, will now be processed as a message and handled by the routing Error Handler. Important: This is only possible if the 3rd party component allows Camel to be alerted if an exception was thrown. Some components handle this internally only, and therefore bridgeErrorHandler is not possible. In other situations we may improve the Camel component to hook into the 3rd party component and make this possible for future releases. By default the consumer will use the org.apache.camel.spi.ExceptionHandler to deal with exceptions, that will be logged at WARN or ERROR level and ignored." },
    "lazyStartProducer": { "index": 1, "kind": "property", "displayName": "Lazy Start Producer", "group": "producer", "label": "producer", "required": false, "type": "boolean", "javaType": "boolean", "deprecated": false, "autowired": false, "secret": false, "defaultValue": false, "description": "Whether the producer should be started lazy (on the first message). By starting lazy you can use this to allow CamelContext and routes to startup in situations where a producer may otherwise fail during starting and cause the route to fail being started. By deferring this startup to be lazy then the startup failure can be handled during routing messages via Camel's routing error handlers. Beware that when the first message is processed then creating and starting the producer may take a little time and prolong the total processing time of the processing." },
    "autowiredEnabled": { "index": 2, "kind": "property", "displayName": "Autowired Enabled", "group": "advanced", "label": "advanced", "required": false, "type": "boolean", "javaType": "boolean", "deprecated": false, "autowired": false, "secret": false, "defaultValue": true, "description": "Whether autowiring is enabled. This is used for automatic autowiring options (the option must be marked as autowired) by looking up in the registry to find if there is a single instance of matching type, which then gets configured on the component. This can be used for automatic configuring JDBC data sources, JMS connection factories, AWS Clients, etc." },
    "healthCheckConsumerEnabled": { "index": 3, "kind": "property", "displayName": "Health Check Consumer Enabled", "group": "health", "label": "health", "required": false, "type": "boolean", "javaType": "boolean", "deprecated": false, "autowired": false, "secret": false, "defaultValue": true, "description": "Used for enabling or disabling all consumer based health checks from this component" },
    "healthCheckProducerEnabled": { "index": 4, "kind": "property", "displayName": "Health Check Producer Enabled", "group": "health", "label": "health", "required": false, "type": "boolean", "javaType": "boolean", "deprecated": false, "autowired": false, "secret": false, "defaultValue": true, "description": "Used for enabling or disabling all producer based health checks from this component. Notice: Camel has by default disabled all producer based health-checks. You can turn on producer checks globally by setting camel.health.producersEnabled=true." }
  },
  "headers": {
    "CamelFileLength": { "index": 0, "kind": "header", "displayName": "", "group": "consumer", "label": "consumer", "required": false, "javaType": "long", "deprecated": false, "deprecationNote": "", "autowired": false, "secret": false, "important": true, "description": "A long value containing the file size.", "constantName": "org.apache.camel.component.file.remote.FtpConstants#FILE_LENGTH" },
    "CamelFileLastModified": { "index": 1, "kind": "header", "displayName": "", "group": "consumer", "label": "consumer", "required": false, "javaType": "long", "deprecated": false, "deprecationNote": "", "autowired": false, "secret": false, "description": "A Long value containing the last modified timestamp of the file.", "constantName": "org.apache.camel.component.file.remote.FtpConstants#FILE_LAST_MODIFIED" },
    "CamelFileNameOnly": { "index": 2, "kind": "header", "displayName": "", "group": "consumer", "label": "consumer", "required": false, "javaType": "String", "deprecated": false, "deprecationNote": "", "autowired": false, "secret": false, "description": "Only the file name (the name with no leading paths).", "constantName": "org.apache.camel.component.file.remote.FtpConstants#FILE_NAME_ONLY" },
    "CamelFileName": { "index": 3, "kind": "header", "displayName": "", "group": "common", "label": "", "required": false, "javaType": "String", "deprecated": false, "deprecationNote": "", "autowired": false, "secret": false, "important": true, "description": "(producer) Specifies the name of the file to write (relative to the endpoint directory). This name can be a String; a String with a file or simple Language expression; or an Expression object. If it's null then Camel will auto-generate a filename based on the message unique ID. (consumer) Name of the consumed file as a relative file path with offset from the starting directory configured on the endpoint.", "constantName": "org.apache.camel.component.file.remote.FtpConstants#FILE_NAME" },
    "CamelFileNameConsumed": { "index": 4, "kind": "header", "displayName": "", "group": "consumer", "label": "consumer", "required": false, "javaType": "String", "deprecated": false, "deprecationNote": "", "autowired": false, "secret": false, "description": "The name of the file that has been consumed", "constantName": "org.apache.camel.component.file.remote.FtpConstants#FILE_NAME_CONSUMED" },
    "CamelFileAbsolute": { "index": 5, "kind": "header", "displayName": "", "group": "consumer", "label": "consumer", "required": false, "javaType": "Boolean", "deprecated": false, "deprecationNote": "", "autowired": false, "secret": false, "description": "A boolean option specifying whether the consumed file denotes an absolute path or not. Should normally be false for relative paths. Absolute paths should normally not be used but we added to the move option to allow moving files to absolute paths. But can be used elsewhere as well.", "constantName": "org.apache.camel.component.file.remote.FtpConstants#FILE_ABSOLUTE" },
    "CamelFileAbsolutePath": { "index": 6, "kind": "header", "displayName": "", "group": "consumer", "label": "consumer", "required": false, "javaType": "String", "deprecated": false, "deprecationNote": "", "autowired": false, "secret": false, "description": "The absolute path to the file. For relative files this path holds the relative path instead.", "constantName": "org.apache.camel.component.file.remote.FtpConstants#FILE_ABSOLUTE_PATH" },
    "CamelFilePath": { "index": 7, "kind": "header", "displayName": "", "group": "consumer", "label": "consumer", "required": false, "javaType": "String", "deprecated": false, "deprecationNote": "", "autowired": false, "secret": false, "description": "The file path. For relative files this is the starting directory. For absolute files this is the absolute path.", "constantName": "org.apache.camel.component.file.remote.FtpConstants#FILE_PATH" },
    "CamelFileRelativePath": { "index": 8, "kind": "header", "displayName": "", "group": "consumer", "label": "consumer", "required": false, "javaType": "String", "deprecated": false, "deprecationNote": "", "autowired": false, "secret": false, "description": "The relative path.", "constantName": "org.apache.camel.component.file.remote.FtpConstants#FILE_RELATIVE_PATH" },
    "CamelFileParent": { "index": 9, "kind": "header", "displayName": "", "group": "common", "label": "", "required": false, "javaType": "String", "deprecated": false, "deprecationNote": "", "autowired": false, "secret": false, "description": "The parent path.", "constantName": "org.apache.camel.component.file.remote.FtpConstants#FILE_PARENT" },
    "CamelFileNameProduced": { "index": 10, "kind": "header", "displayName": "", "group": "producer", "label": "producer", "required": false, "javaType": "String", "deprecated": false, "deprecationNote": "", "autowired": false, "secret": false, "description": "The actual absolute filepath (path name) for the output file that was written. This header is set by Camel and its purpose is providing end-users with the name of the file that was written.", "constantName": "org.apache.camel.component.file.remote.FtpConstants#FILE_NAME_PRODUCED" },
    "CamelOverruleFileName": { "index": 11, "kind": "header", "displayName": "", "group": "producer", "label": "producer", "required": false, "javaType": "Object", "deprecated": false, "deprecationNote": "", "autowired": false, "secret": false, "description": "Is used for overruling CamelFileName header and use the value instead (but only once, as the producer will remove this header after writing the file). The value can be only be a String. Notice that if the option fileName has been configured, then this is still being evaluated.", "constantName": "org.apache.camel.component.file.remote.FtpConstants#OVERRULE_FILE_NAME" },
    "CamelFileLocalWorkPath": { "index": 12, "kind": "header", "displayName": "", "group": "consumer", "label": "consumer", "required": false, "javaType": "String", "deprecated": false, "deprecationNote": "", "autowired": false, "secret": false, "description": "Path to the local work file, if local work directory is used.", "constantName": "org.apache.camel.component.file.remote.FtpConstants#FILE_LOCAL_WORK_PATH" },
    "CamelRemoteFileInputStream": { "index": 13, "kind": "header", "displayName": "", "group": "consumer", "label": "consumer", "required": false, "javaType": "java.io.InputStream", "deprecated": false, "deprecationNote": "", "autowired": false, "secret": false, "description": "The remote file input stream.", "constantName": "org.apache.camel.component.file.remote.FtpConstants#REMOTE_FILE_INPUT_STREAM" },
    "CamelFileHost": { "index": 14, "kind": "header", "displayName": "", "group": "consumer", "label": "consumer", "required": false, "javaType": "String", "deprecated": false, "deprecationNote": "", "autowired": false, "secret": false, "description": "The remote hostname.", "constantName": "org.apache.camel.component.file.remote.FtpConstants#FILE_HOST" },
    "CamelFtpReplyCode": { "index": 15, "kind": "header", "displayName": "", "group": "common", "label": "", "required": false, "javaType": "int", "deprecated": false, "deprecationNote": "", "autowired": false, "secret": false, "important": true, "description": "The FTP client reply code", "constantName": "org.apache.camel.component.file.remote.FtpConstants#FTP_REPLY_CODE" },
    "CamelFtpReplyString": { "index": 16, "kind": "header", "displayName": "", "group": "common", "label": "", "required": false, "javaType": "String", "deprecated": false, "deprecationNote": "", "autowired": false, "secret": false, "important": true, "description": "The FTP client reply string", "constantName": "org.apache.camel.component.file.remote.FtpConstants#FTP_REPLY_STRING" }
  },
  "properties": {
    "host": { "index": 0, "kind": "path", "displayName": "Host", "group": "common", "label": "", "required": true, "type": "string", "javaType": "java.lang.String", "deprecated": false, "deprecationNote": "", "autowired": false, "secret": false, "configurationClass": "org.apache.camel.component.file.remote.FtpConfiguration", "configurationField": "configuration", "description": "Hostname of the FTP server" },
    "port": { "index": 1, "kind": "path", "displayName": "Port", "group": "common", "label": "", "required": false, "type": "integer", "javaType": "int", "deprecated": false, "autowired": false, "secret": false, "configurationClass": "org.apache.camel.component.file.remote.FtpConfiguration", "configurationField": "configuration", "description": "Port of the FTP server" },
    "directoryName": { "index": 2, "kind": "path", "displayName": "Directory Name", "group": "common", "label": "", "required": false, "type": "string", "javaType": "java.lang.String", "deprecated": false, "autowired": false, "secret": false, "configurationClass": "org.apache.camel.component.file.remote.FtpConfiguration", "configurationField": "configuration", "description": "The starting directory" },
    "binary": { "index": 3, "kind": "parameter", "displayName": "Binary", "group": "common", "label": "", "required": false, "type": "boolean", "javaType": "boolean", "deprecated": false, "autowired": false, "secret": false, "defaultValue": false, "configurationClass": "org.apache.camel.component.file.remote.FtpConfiguration", "configurationField": "configuration", "description": "Specifies the file transfer mode, BINARY or ASCII. Default is ASCII (false)." },
    "charset": { "index": 4, "kind": "parameter", "displayName": "Charset", "group": "common", "label": "", "required": false, "type": "string", "javaType": "java.lang.String", "deprecated": false, "autowired": false, "secret": false, "description": "This option is used to specify the encoding of the file. You can use this on the consumer, to specify the encodings of the files, which allow Camel to know the charset it should load the file content in case the file content is being accessed. Likewise when writing a file, you can use this option to specify which charset to write the file as well. Do mind that when writing the file Camel may have to read the message content into memory to be able to convert the data into the configured charset, so do not use this if you have big messages." },
    "disconnect": { "index": 5, "kind": "parameter", "displayName": "Disconnect", "group": "common", "label": "common", "required": false, "type": "boolean", "javaType": "boolean", "deprecated": false, "autowired": false, "secret": false, "defaultValue": false, "description": "Whether or not to disconnect from remote FTP server right after use. Disconnect will only disconnect the current connection to the FTP server. If you have a consumer which you want to stop, then you need to stop the consumer\/route instead." },
    "doneFileName": { "index": 6, "kind": "parameter", "displayName": "Done File Name", "group": "common", "label": "", "required": false, "type": "string", "javaType": "java.lang.String", "deprecated": false, "autowired": false, "secret": false, "description": "Producer: If provided, then Camel will write a 2nd done file when the original file has been written. The done file will be empty. This option configures what file name to use. Either you can specify a fixed name. Or you can use dynamic placeholders. The done file will always be written in the same folder as the original file. Consumer: If provided, Camel will only consume files if a done file exists. This option configures what file name to use. Either you can specify a fixed name. Or you can use dynamic placeholders.The done file is always expected in the same folder as the original file. Only ${file.name} and ${file.name.next} is supported as dynamic placeholders." },
    "fileName": { "index": 7, "kind": "parameter", "displayName": "File Name", "group": "common", "label": "", "required": false, "type": "string", "javaType": "java.lang.String", "deprecated": false, "autowired": false, "secret": false, "description": "Use Expression such as File Language to dynamically set the filename. For consumers, it's used as a filename filter. For producers, it's used to evaluate the filename to write. If an expression is set, it take precedence over the CamelFileName header. (Note: The header itself can also be an Expression). The expression options support both String and Expression types. If the expression is a String type, it is always evaluated using the File Language. If the expression is an Expression type, the specified Expression type is used - this allows you, for instance, to use OGNL expressions. For the consumer, you can use it to filter filenames, so you can for instance consume today's file using the File Language syntax: mydata-${date:now:yyyyMMdd}.txt. The producers support the CamelOverruleFileName header which takes precedence over any existing CamelFileName header; the CamelOverruleFileName is a header that is used only once, and makes it easier as this avoids to temporary store CamelFileName and have to restore it afterwards." },
    "passiveMode": { "index": 8, "kind": "parameter", "displayName": "Passive Mode", "group": "common", "label": "", "required": false, "type": "boolean", "javaType": "boolean", "deprecated": false, "autowired": false, "secret": false, "defaultValue": false, "configurationClass": "org.apache.camel.component.file.remote.FtpConfiguration", "configurationField": "configuration", "description": "Sets passive mode connections. Default is active mode connections." },
    "separator": { "index": 9, "kind": "parameter", "displayName": "Separator", "group": "common", "label": "", "required": false, "type": "enum", "javaType": "org.apache.camel.component.file.remote.RemoteFileConfiguration.PathSeparator", "enum": [ "UNIX", "Windows", "Auto" ], "deprecated": false, "autowired": false, "secret": false, "defaultValue": "UNIX", "configurationClass": "org.apache.camel.component.file.remote.FtpConfiguration", "configurationField": "configuration", "description": "Sets the path separator to be used. UNIX = Uses unix style path separator Windows = Uses windows style path separator Auto = (is default) Use existing path separator in file name" },
    "transferLoggingIntervalSeconds": { "index": 10, "kind": "parameter", "displayName": "Transfer Logging Interval Seconds", "group": "common", "label": "common", "required": false, "type": "integer", "javaType": "int", "deprecated": false, "autowired": false, "secret": false, "defaultValue": 5, "description": "Configures the interval in seconds to use when logging the progress of upload and download operations that are in-flight. This is used for logging progress when operations take a longer time." },
    "transferLoggingLevel": { "index": 11, "kind": "parameter", "displayName": "Transfer Logging Level", "group": "common", "label": "common", "required": false, "type": "enum", "javaType": "org.apache.camel.LoggingLevel", "enum": [ "TRACE", "DEBUG", "INFO", "WARN", "ERROR", "OFF" ], "deprecated": false, "autowired": false, "secret": false, "defaultValue": "DEBUG", "description": "Configure the logging level to use when logging the progress of upload and download operations." },
    "transferLoggingVerbose": { "index": 12, "kind": "parameter", "displayName": "Transfer Logging Verbose", "group": "common", "label": "common", "required": false, "type": "boolean", "javaType": "boolean", "deprecated": false, "autowired": false, "secret": false, "defaultValue": false, "description": "Configures whether perform verbose (fine-grained) logging of the progress of upload and download operations." },
    "fastExistsCheck": { "index": 13, "kind": "parameter", "displayName": "Fast Exists Check", "group": "common (advanced)", "label": "common,advanced", "required": false, "type": "boolean", "javaType": "boolean", "deprecated": false, "autowired": false, "secret": false, "defaultValue": false, "description": "If set this option to be true, camel-ftp will use the list file directly to check if the file exists. Since some FTP server may not support to list the file directly, if the option is false, camel-ftp will use the old way to list the directory and check if the file exists. This option also influences readLock=changed to control whether it performs a fast check to update file information or not. This can be used to speed up the process if the FTP server has a lot of files." },
    "delete": { "index": 14, "kind": "parameter", "displayName": "Delete", "group": "consumer", "label": "consumer", "required": false, "type": "boolean", "javaType": "boolean", "deprecated": false, "autowired": false, "secret": false, "defaultValue": false, "description": "If true, the file will be deleted after it is processed successfully." },
    "moveFailed": { "index": 15, "kind": "parameter", "displayName": "Move Failed", "group": "consumer", "label": "consumer", "required": false, "type": "string", "javaType": "java.lang.String", "deprecated": false, "autowired": false, "secret": false, "description": "Sets the move failure expression based on Simple language. For example, to move files into a .error subdirectory use: .error. Note: When moving the files to the fail location Camel will handle the error and will not pick up the file again." },
    "noop": { "index": 16, "kind": "parameter", "displayName": "Noop", "group": "consumer", "label": "consumer", "required": false, "type": "boolean", "javaType": "boolean", "deprecated": false, "autowired": false, "secret": false, "defaultValue": false, "description": "If true, the file is not moved or deleted in any way. This option is good for readonly data, or for ETL type requirements. If noop=true, Camel will set idempotent=true as well, to avoid consuming the same files over and over again." },
    "preMove": { "index": 17, "kind": "parameter", "displayName": "Pre Move", "group": "consumer", "label": "consumer", "required": false, "type": "string", "javaType": "java.lang.String", "deprecated": false, "autowired": false, "secret": false, "description": "Expression (such as File Language) used to dynamically set the filename when moving it before processing. For example to move in-progress files into the order directory set this value to order." },
    "preSort": { "index": 18, "kind": "parameter", "displayName": "Pre Sort", "group": "consumer", "label": "consumer", "required": false, "type": "boolean", "javaType": "boolean", "deprecated": false, "autowired": false, "secret": false, "defaultValue": false, "description": "When pre-sort is enabled then the consumer will sort the file and directory names during polling, that was retrieved from the file system. You may want to do this in case you need to operate on the files in a sorted order. The pre-sort is executed before the consumer starts to filter, and accept files to process by Camel. This option is default=false meaning disabled." },
    "recursive": { "index": 19, "kind": "parameter", "displayName": "Recursive", "group": "consumer", "label": "consumer", "required": false, "type": "boolean", "javaType": "boolean", "deprecated": false, "autowired": false, "secret": false, "defaultValue": false, "description": "If a directory, will look for files in all the sub-directories as well." },
    "resumeDownload": { "index": 20, "kind": "parameter", "displayName": "Resume Download", "group": "consumer", "label": "consumer", "required": false, "type": "boolean", "javaType": "boolean", "deprecated": false, "autowired": false, "secret": false, "defaultValue": false, "description": "Configures whether resume download is enabled. This must be supported by the FTP server (almost all FTP servers support it). In addition, the options localWorkDirectory must be configured so downloaded files are stored in a local directory, and the option binary must be enabled, which is required to support resuming of downloads." },
    "sendEmptyMessageWhenIdle": { "index": 21, "kind": "parameter", "displayName": "Send Empty Message When Idle", "group": "consumer", "label": "consumer", "required": false, "type": "boolean", "javaType": "boolean", "deprecated": false, "autowired": false, "secret": false, "defaultValue": false, "description": "If the polling consumer did not poll any files, you can enable this option to send an empty message (no body) instead." },
    "streamDownload": { "index": 22, "kind": "parameter", "displayName": "Stream Download", "group": "consumer", "label": "consumer", "required": false, "type": "boolean", "javaType": "boolean", "deprecated": false, "autowired": false, "secret": false, "defaultValue": false, "configurationClass": "org.apache.camel.component.file.remote.FtpConfiguration", "configurationField": "configuration", "description": "Sets the download method to use when not using a local working directory. If set to true, the remote files are streamed to the route as they are read. When set to false, the remote files are loaded into memory before being sent into the route. If enabling this option then you must set stepwise=false as both cannot be enabled at the same time." },
    "bridgeErrorHandler": { "index": 23, "kind": "parameter", "displayName": "Bridge Error Handler", "group": "consumer (advanced)", "label": "consumer,advanced", "required": false, "type": "boolean", "javaType": "boolean", "deprecated": false, "autowired": false, "secret": false, "defaultValue": false, "description": "Allows for bridging the consumer to the Camel routing Error Handler, which mean any exceptions (if possible) occurred while the Camel consumer is trying to pickup incoming messages, or the likes, will now be processed as a message and handled by the routing Error Handler. Important: This is only possible if the 3rd party component allows Camel to be alerted if an exception was thrown. Some components handle this internally only, and therefore bridgeErrorHandler is not possible. In other situations we may improve the Camel component to hook into the 3rd party component and make this possible for future releases. By default the consumer will use the org.apache.camel.spi.ExceptionHandler to deal with exceptions, that will be logged at WARN or ERROR level and ignored." },
    "download": { "index": 24, "kind": "parameter", "displayName": "Download", "group": "consumer (advanced)", "label": "consumer,advanced", "required": false, "type": "boolean", "javaType": "boolean", "deprecated": false, "autowired": false, "secret": false, "defaultValue": false, "description": "Whether the FTP consumer should download the file. If this option is set to false, then the message body will be null, but the consumer will still trigger a Camel Exchange that has details about the file such as file name, file size, etc. It's just that the file will not be downloaded." },
    "exceptionHandler": { "index": 25, "kind": "parameter", "displayName": "Exception Handler", "group": "consumer (advanced)", "label": "consumer,advanced", "required": false, "type": "object", "javaType": "org.apache.camel.spi.ExceptionHandler", "optionalPrefix": "consumer.", "deprecated": false, "autowired": false, "secret": false, "description": "To let the consumer use a custom ExceptionHandler. Notice if the option bridgeErrorHandler is enabled then this option is not in use. By default the consumer will deal with exceptions, that will be logged at WARN or ERROR level and ignored." },
    "exchangePattern": { "index": 26, "kind": "parameter", "displayName": "Exchange Pattern", "group": "consumer (advanced)", "label": "consumer,advanced", "required": false, "type": "enum", "javaType": "org.apache.camel.ExchangePattern", "enum": [ "InOnly", "InOut" ], "deprecated": false, "autowired": false, "secret": false, "description": "Sets the exchange pattern when the consumer creates an exchange." },
    "handleDirectoryParserAbsoluteResult": { "index": 27, "kind": "parameter", "displayName": "Handle Directory Parser Absolute Result", "group": "consumer (advanced)", "label": "consumer,advanced", "required": false, "type": "boolean", "javaType": "boolean", "deprecated": false, "autowired": false, "secret": false, "defaultValue": false, "configurationClass": "org.apache.camel.component.file.remote.FtpConfiguration", "configurationField": "configuration", "description": "Allows you to set how the consumer will handle subfolders and files in the path if the directory parser results in with absolute paths. The reason for this is that some FTP servers may return file names with absolute paths, and if so, then the FTP component needs to handle this by converting the returned path into a relative path." },
    "ignoreFileNotFoundOrPermissionError": { "index": 28, "kind": "parameter", "displayName": "Ignore File Not Found Or Permission Error", "group": "consumer (advanced)", "label": "consumer,advanced", "required": false, "type": "boolean", "javaType": "boolean", "deprecated": false, "autowired": false, "secret": false, "defaultValue": false, "configurationClass": "org.apache.camel.component.file.remote.FtpConfiguration", "configurationField": "configuration", "description": "Whether to ignore when (trying to list files in directories or when downloading a file), which does not exist or due to permission error. By default when a directory or file does not exist or insufficient permission, then an exception is thrown. Setting this option to true allows to ignore that instead." },
    "inProgressRepository": { "index": 29, "kind": "parameter", "displayName": "In Progress Repository", "group": "consumer (advanced)", "label": "consumer,advanced", "required": false, "type": "object", "javaType": "org.apache.camel.spi.IdempotentRepository", "deprecated": false, "autowired": false, "secret": false, "description": "A pluggable in-progress repository org.apache.camel.spi.IdempotentRepository. The in-progress repository is used to account the current in progress files being consumed. By default a memory based repository is used." },
    "localWorkDirectory": { "index": 30, "kind": "parameter", "displayName": "Local Work Directory", "group": "consumer (advanced)", "label": "consumer,advanced", "required": false, "type": "string", "javaType": "java.lang.String", "deprecated": false, "autowired": false, "secret": false, "description": "When consuming, a local work directory can be used to store the remote file content directly in local files, to avoid loading the content into memory. This is beneficial, if you consume a very big remote file and thus can conserve memory." },
    "onCompletionExceptionHandler": { "index": 31, "kind": "parameter", "displayName": "On Completion Exception Handler", "group": "consumer (advanced)", "label": "consumer,advanced", "required": false, "type": "object", "javaType": "org.apache.camel.spi.ExceptionHandler", "deprecated": false, "autowired": false, "secret": false, "description": "To use a custom org.apache.camel.spi.ExceptionHandler to handle any thrown exceptions that happens during the file on completion process where the consumer does either a commit or rollback. The default implementation will log any exception at WARN level and ignore." },
    "pollStrategy": { "index": 32, "kind": "parameter", "displayName": "Poll Strategy", "group": "consumer (advanced)", "label": "consumer,advanced", "required": false, "type": "object", "javaType": "org.apache.camel.spi.PollingConsumerPollStrategy", "deprecated": false, "autowired": false, "secret": false, "description": "A pluggable org.apache.camel.PollingConsumerPollingStrategy allowing you to provide your custom implementation to control error handling usually occurred during the poll operation before an Exchange have been created and being routed in Camel." },
    "processStrategy": { "index": 33, "kind": "parameter", "displayName": "Process Strategy", "group": "consumer (advanced)", "label": "consumer,advanced", "required": false, "type": "object", "javaType": "org.apache.camel.component.file.GenericFileProcessStrategy<org.apache.commons.net.ftp.FTPFile>", "deprecated": false, "autowired": false, "secret": false, "description": "A pluggable org.apache.camel.component.file.GenericFileProcessStrategy allowing you to implement your own readLock option or similar. Can also be used when special conditions must be met before a file can be consumed, such as a special ready file exists. If this option is set then the readLock option does not apply." },
    "throwExceptionOnConnectFailed": { "index": 34, "kind": "parameter", "displayName": "Throw Exception On Connect Failed", "group": "consumer (advanced)", "label": "consumer,advanced", "required": false, "type": "boolean", "javaType": "boolean", "deprecated": false, "autowired": false, "secret": false, "defaultValue": false, "configurationClass": "org.apache.camel.component.file.remote.FtpConfiguration", "configurationField": "configuration", "description": "Should an exception be thrown if connection failed (exhausted)By default exception is not thrown and a WARN is logged. You can use this to enable exception being thrown and handle the thrown exception from the org.apache.camel.spi.PollingConsumerPollStrategy rollback method." },
    "useList": { "index": 35, "kind": "parameter", "displayName": "Use List", "group": "consumer (advanced)", "label": "consumer,advanced", "required": false, "type": "boolean", "javaType": "boolean", "deprecated": false, "autowired": false, "secret": false, "defaultValue": true, "configurationClass": "org.apache.camel.component.file.remote.FtpConfiguration", "configurationField": "configuration", "description": "Whether to allow using LIST command when downloading a file. Default is true. In some use cases you may want to download a specific file and are not allowed to use the LIST command, and therefore you can set this option to false. Notice when using this option, then the specific file to download does not include meta-data information such as file size, timestamp, permissions etc, because those information is only possible to retrieve when LIST command is in use." },
    "checksumFileAlgorithm": { "index": 36, "kind": "parameter", "displayName": "Checksum File Algorithm", "group": "producer", "label": "producer", "required": false, "type": "enum", "javaType": "java.lang.String", "enum": [ "MD2", "MD5", "SHA_1", "SHA_224", "SHA_256", "SHA_384", "SHA_512", "SHA_512_224", "SHA_512_256", "SHA3_224", "SHA3_256", "SHA3_384", "SHA3_512" ], "deprecated": false, "autowired": false, "secret": false, "description": "If provided, then Camel will write a checksum file when the original file has been written. The checksum file will contain the checksum created with the provided algorithm for the original file. The checksum file will always be written in the same folder as the original file." },
    "fileExist": { "index": 37, "kind": "parameter", "displayName": "File Exist", "group": "producer", "label": "producer", "required": false, "type": "enum", "javaType": "org.apache.camel.component.file.GenericFileExist", "enum": [ "Override", "Append", "Fail", "Ignore", "Move", "TryRename" ], "deprecated": false, "autowired": false, "secret": false, "defaultValue": "Override", "description": "What to do if a file already exists with the same name. Override, which is the default, replaces the existing file. - Append - adds content to the existing file. - Fail - throws a GenericFileOperationException, indicating that there is already an existing file. - Ignore - silently ignores the problem and does not override the existing file, but assumes everything is okay. - Move - option requires to use the moveExisting option to be configured as well. The option eagerDeleteTargetFile can be used to control what to do if an moving the file, and there exists already an existing file, otherwise causing the move operation to fail. The Move option will move any existing files, before writing the target file. - TryRename is only applicable if tempFileName option is in use. This allows to try renaming the file from the temporary name to the actual name, without doing any exists check. This check may be faster on some file systems and especially FTP servers." },
    "flatten": { "index": 38, "kind": "parameter", "displayName": "Flatten", "group": "producer", "label": "producer", "required": false, "type": "boolean", "javaType": "boolean", "deprecated": false, "autowired": false, "secret": false, "defaultValue": false, "description": "Flatten is used to flatten the file name path to strip any leading paths, so it's just the file name. This allows you to consume recursively into sub-directories, but when you eg write the files to another directory they will be written in a single directory. Setting this to true on the producer enforces that any file name in CamelFileName header will be stripped for any leading paths." },
    "jailStartingDirectory": { "index": 39, "kind": "parameter", "displayName": "Jail Starting Directory", "group": "producer", "label": "producer", "required": false, "type": "boolean", "javaType": "boolean", "deprecated": false, "autowired": false, "secret": false, "defaultValue": true, "description": "Used for jailing (restricting) writing files to the starting directory (and sub) only. This is enabled by default to not allow Camel to write files to outside directories (to be more secured out of the box). You can turn this off to allow writing files to directories outside the starting directory, such as parent or root folders." },
    "moveExisting": { "index": 40, "kind": "parameter", "displayName": "Move Existing", "group": "producer", "label": "producer", "required": false, "type": "string", "javaType": "java.lang.String", "deprecated": false, "autowired": false, "secret": false, "description": "Expression (such as File Language) used to compute file name to use when fileExist=Move is configured. To move files into a backup subdirectory just enter backup. This option only supports the following File Language tokens: file:name, file:name.ext, file:name.noext, file:onlyname, file:onlyname.noext, file:ext, and file:parent. Notice the file:parent is not supported by the FTP component, as the FTP component can only move any existing files to a relative directory based on current dir as base." },
    "tempFileName": { "index": 41, "kind": "parameter", "displayName": "Temp File Name", "group": "producer", "label": "producer", "required": false, "type": "string", "javaType": "java.lang.String", "deprecated": false, "autowired": false, "secret": false, "description": "The same as tempPrefix option but offering a more fine grained control on the naming of the temporary filename as it uses the File Language. The location for tempFilename is relative to the final file location in the option 'fileName', not the target directory in the base uri. For example if option fileName includes a directory prefix: dir\/finalFilename then tempFileName is relative to that subdirectory dir." },
    "tempPrefix": { "index": 42, "kind": "parameter", "displayName": "Temp Prefix", "group": "producer", "label": "producer", "required": false, "type": "string", "javaType": "java.lang.String", "deprecated": false, "autowired": false, "secret": false, "description": "This option is used to write the file using a temporary name and then, after the write is complete, rename it to the real name. Can be used to identify files being written and also avoid consumers (not using exclusive read locks) reading in progress files. Is often used by FTP when uploading big files." },
    "allowNullBody": { "index": 43, "kind": "parameter", "displayName": "Allow Null Body", "group": "producer (advanced)", "label": "producer,advanced", "required": false, "type": "boolean", "javaType": "boolean", "deprecated": false, "autowired": false, "secret": false, "defaultValue": false, "description": "Used to specify if a null body is allowed during file writing. If set to true then an empty file will be created, when set to false, and attempting to send a null body to the file component, a GenericFileWriteException of 'Cannot write null body to file.' will be thrown. If the fileExist option is set to 'Override', then the file will be truncated, and if set to append the file will remain unchanged." },
    "chmod": { "index": 44, "kind": "parameter", "displayName": "Chmod", "group": "producer (advanced)", "label": "producer,advanced", "required": false, "type": "string", "javaType": "java.lang.String", "deprecated": false, "autowired": false, "secret": false, "configurationClass": "org.apache.camel.component.file.remote.FtpConfiguration", "configurationField": "configuration", "description": "Allows you to set chmod on the stored file. For example, chmod=640." },
    "disconnectOnBatchComplete": { "index": 45, "kind": "parameter", "displayName": "Disconnect On Batch Complete", "group": "producer (advanced)", "label": "producer,advanced", "required": false, "type": "boolean", "javaType": "boolean", "deprecated": false, "autowired": false, "secret": false, "defaultValue": false, "description": "Whether or not to disconnect from remote FTP server right after a Batch upload is complete. disconnectOnBatchComplete will only disconnect the current connection to the FTP server." },
    "eagerDeleteTargetFile": { "index": 46, "kind": "parameter", "displayName": "Eager Delete Target File", "group": "producer (advanced)", "label": "producer,advanced", "required": false, "type": "boolean", "javaType": "boolean", "deprecated": false, "autowired": false, "secret": false, "defaultValue": true, "description": "Whether or not to eagerly delete any existing target file. This option only applies when you use fileExists=Override and the tempFileName option as well. You can use this to disable (set it to false) deleting the target file before the temp file is written. For example you may write big files and want the target file to exists during the temp file is being written. This ensure the target file is only deleted until the very last moment, just before the temp file is being renamed to the target filename. This option is also used to control whether to delete any existing files when fileExist=Move is enabled, and an existing file exists. If this option copyAndDeleteOnRenameFails false, then an exception will be thrown if an existing file existed, if its true, then the existing file is deleted before the move operation." },
    "keepLastModified": { "index": 47, "kind": "parameter", "displayName": "Keep Last Modified", "group": "producer (advanced)", "label": "producer,advanced", "required": false, "type": "boolean", "javaType": "boolean", "deprecated": false, "autowired": false, "secret": false, "defaultValue": false, "description": "Will keep the last modified timestamp from the source file (if any). Will use the FileConstants.FILE_LAST_MODIFIED header to located the timestamp. This header can contain either a java.util.Date or long with the timestamp. If the timestamp exists and the option is enabled it will set this timestamp on the written file. Note: This option only applies to the file producer. You cannot use this option with any of the ftp producers." },
    "lazyStartProducer": { "index": 48, "kind": "parameter", "displayName": "Lazy Start Producer", "group": "producer (advanced)", "label": "producer,advanced", "required": false, "type": "boolean", "javaType": "boolean", "deprecated": false, "autowired": false, "secret": false, "defaultValue": false, "description": "Whether the producer should be started lazy (on the first message). By starting lazy you can use this to allow CamelContext and routes to startup in situations where a producer may otherwise fail during starting and cause the route to fail being started. By deferring this startup to be lazy then the startup failure can be handled during routing messages via Camel's routing error handlers. Beware that when the first message is processed then creating and starting the producer may take a little time and prolong the total processing time of the processing." },
    "moveExistingFileStrategy": { "index": 49, "kind": "parameter", "displayName": "Move Existing File Strategy", "group": "producer (advanced)", "label": "producer,advanced", "required": false, "type": "object", "javaType": "org.apache.camel.component.file.strategy.FileMoveExistingStrategy", "deprecated": false, "autowired": false, "secret": false, "description": "Strategy (Custom Strategy) used to move file with special naming token to use when fileExist=Move is configured. By default, there is an implementation used if no custom strategy is provided" },
    "sendNoop": { "index": 50, "kind": "parameter", "displayName": "Send Noop", "group": "producer (advanced)", "label": "producer,advanced", "required": false, "type": "boolean", "javaType": "boolean", "deprecated": false, "autowired": false, "secret": false, "defaultValue": true, "configurationClass": "org.apache.camel.component.file.remote.FtpConfiguration", "configurationField": "configuration", "description": "Whether to send a noop command as a pre-write check before uploading files to the FTP server. This is enabled by default as a validation of the connection is still valid, which allows to silently re-connect to be able to upload the file. However if this causes problems, you can turn this option off." },
    "activePortRange": { "index": 51, "kind": "parameter", "displayName": "Active Port Range", "group": "advanced", "label": "advanced", "required": false, "type": "string", "javaType": "java.lang.String", "deprecated": false, "autowired": false, "secret": false, "configurationClass": "org.apache.camel.component.file.remote.FtpConfiguration", "configurationField": "configuration", "description": "Set the client side port range in active mode. The syntax is: minPort-maxPort Both port numbers are inclusive, e.g., 10000-19999 to include all 1xxxx ports." },
    "autoCreate": { "index": 52, "kind": "parameter", "displayName": "Auto Create", "group": "advanced", "label": "advanced", "required": false, "type": "boolean", "javaType": "boolean", "deprecated": false, "autowired": false, "secret": false, "defaultValue": true, "description": "Automatically create missing directories in the file's pathname. For the file consumer, that means creating the starting directory. For the file producer, it means the directory the files should be written to." },
    "browseLimit": { "index": 53, "kind": "parameter", "displayName": "Browse Limit", "group": "advanced", "label": "advanced", "required": false, "type": "integer", "javaType": "int", "deprecated": false, "autowired": false, "secret": false, "defaultValue": 100, "description": "Maximum number of messages to keep in memory available for browsing. Use 0 for unlimited." },
    "bufferSize": { "index": 54, "kind": "parameter", "displayName": "Buffer Size", "group": "advanced", "label": "advanced", "required": false, "type": "integer", "javaType": "int", "deprecated": false, "autowired": false, "secret": false, "defaultValue": 131072, "description": "Buffer size in bytes used for writing files (or in case of FTP for downloading and uploading files)." },
    "connectTimeout": { "index": 55, "kind": "parameter", "displayName": "Connect Timeout", "group": "advanced", "label": "advanced", "required": false, "type": "duration", "javaType": "int", "deprecated": false, "autowired": false, "secret": false, "defaultValue": "10000", "configurationClass": "org.apache.camel.component.file.remote.FtpConfiguration", "configurationField": "configuration", "description": "Sets the connect timeout for waiting for a connection to be established Used by both FTPClient and JSCH" },
    "ftpClient": { "index": 56, "kind": "parameter", "displayName": "Ftp Client", "group": "advanced", "label": "advanced", "required": false, "type": "object", "javaType": "org.apache.commons.net.ftp.FTPClient", "deprecated": false, "autowired": false, "secret": false, "description": "To use a custom instance of FTPClient" },
    "ftpClientConfig": { "index": 57, "kind": "parameter", "displayName": "Ftp Client Config", "group": "advanced", "label": "advanced", "required": false, "type": "object", "javaType": "org.apache.commons.net.ftp.FTPClientConfig", "deprecated": false, "autowired": false, "secret": false, "description": "To use a custom instance of FTPClientConfig to configure the FTP client the endpoint should use." },
    "ftpClientConfigParameters": { "index": 58, "kind": "parameter", "displayName": "Ftp Client Config Parameters", "group": "advanced", "label": "advanced", "required": false, "type": "object", "javaType": "java.util.Map<java.lang.String, java.lang.Object>", "prefix": "ftpClientConfig.", "multiValue": true, "deprecated": false, "autowired": false, "secret": false, "description": "Used by FtpComponent to provide additional parameters for the FTPClientConfig. This is a multi-value option with prefix: ftpClientConfig." },
    "ftpClientParameters": { "index": 59, "kind": "parameter", "displayName": "Ftp Client Parameters", "group": "advanced", "label": "advanced", "required": false, "type": "object", "javaType": "java.util.Map<java.lang.String, java.lang.Object>", "prefix": "ftpClient.", "multiValue": true, "deprecated": false, "autowired": false, "secret": false, "description": "Used by FtpComponent to provide additional parameters for the FTPClient. This is a multi-value option with prefix: ftpClient." },
    "maximumReconnectAttempts": { "index": 60, "kind": "parameter", "displayName": "Maximum Reconnect Attempts", "group": "advanced", "label": "advanced", "required": false, "type": "integer", "javaType": "int", "deprecated": false, "autowired": false, "secret": false, "description": "Specifies the maximum reconnect attempts Camel performs when it tries to connect to the remote FTP server. Use 0 to disable this behavior." },
    "reconnectDelay": { "index": 61, "kind": "parameter", "displayName": "Reconnect Delay", "group": "advanced", "label": "advanced", "required": false, "type": "duration", "javaType": "long", "deprecated": false, "autowired": false, "secret": false, "defaultValue": "1000", "description": "Delay in millis Camel will wait before performing a reconnect attempt." },
    "siteCommand": { "index": 62, "kind": "parameter", "displayName": "Site Command", "group": "advanced", "label": "advanced", "required": false, "type": "string", "javaType": "java.lang.String", "deprecated": false, "autowired": false, "secret": false, "configurationClass": "org.apache.camel.component.file.remote.FtpConfiguration", "configurationField": "configuration", "description": "Sets optional site command(s) to be executed after successful login. Multiple site commands can be separated using a new line character." },
    "soTimeout": { "index": 63, "kind": "parameter", "displayName": "So Timeout", "group": "advanced", "label": "advanced", "required": false, "type": "duration", "javaType": "int", "deprecated": false, "autowired": false, "secret": false, "defaultValue": "300000", "configurationClass": "org.apache.camel.component.file.remote.FtpConfiguration", "configurationField": "configuration", "description": "Sets the so timeout FTP and FTPS Is the SocketOptions.SO_TIMEOUT value in millis. Recommended option is to set this to 300000 so as not have a hanged connection. On SFTP this option is set as timeout on the JSCH Session instance." },
    "stepwise": { "index": 64, "kind": "parameter", "displayName": "Stepwise", "group": "advanced", "label": "advanced", "required": false, "type": "boolean", "javaType": "boolean", "deprecated": false, "autowired": false, "secret": false, "defaultValue": true, "configurationClass": "org.apache.camel.component.file.remote.FtpConfiguration", "configurationField": "configuration", "description": "Sets whether we should stepwise change directories while traversing file structures when downloading files, or as well when uploading a file to a directory. You can disable this if you for example are in a situation where you cannot change directory on the FTP server due security reasons. Stepwise cannot be used together with streamDownload." },
    "timeout": { "index": 65, "kind": "parameter", "displayName": "Timeout", "group": "advanced", "label": "advanced", "required": false, "type": "duration", "javaType": "int", "deprecated": false, "autowired": false, "secret": false, "defaultValue": "30000", "configurationClass": "org.apache.camel.component.file.remote.FtpConfiguration", "configurationField": "configuration", "description": "Sets the data timeout for waiting for reply Used only by FTPClient" },
    "antExclude": { "index": 66, "kind": "parameter", "displayName": "Ant Exclude", "group": "filter", "label": "consumer,filter", "required": false, "type": "string", "javaType": "java.lang.String", "deprecated": false, "autowired": false, "secret": false, "description": "Ant style filter exclusion. If both antInclude and antExclude are used, antExclude takes precedence over antInclude. Multiple exclusions may be specified in comma-delimited format." },
    "antFilterCaseSensitive": { "index": 67, "kind": "parameter", "displayName": "Ant Filter Case Sensitive", "group": "filter", "label": "consumer,filter", "required": false, "type": "boolean", "javaType": "boolean", "deprecated": false, "autowired": false, "secret": false, "defaultValue": true, "description": "Sets case sensitive flag on ant filter." },
    "antInclude": { "index": 68, "kind": "parameter", "displayName": "Ant Include", "group": "filter", "label": "consumer,filter", "required": false, "type": "string", "javaType": "java.lang.String", "deprecated": false, "autowired": false, "secret": false, "description": "Ant style filter inclusion. Multiple inclusions may be specified in comma-delimited format." },
    "eagerMaxMessagesPerPoll": { "index": 69, "kind": "parameter", "displayName": "Eager Max Messages Per Poll", "group": "filter", "label": "consumer,filter", "required": false, "type": "boolean", "javaType": "boolean", "deprecated": false, "autowired": false, "secret": false, "defaultValue": true, "description": "Allows for controlling whether the limit from maxMessagesPerPoll is eager or not. If eager then the limit is during the scanning of files. Where as false would scan all files, and then perform sorting. Setting this option to false allows for sorting all files first, and then limit the poll. Mind that this requires a higher memory usage as all file details are in memory to perform the sorting." },
    "exclude": { "index": 70, "kind": "parameter", "displayName": "Exclude", "group": "filter", "label": "consumer,filter", "required": false, "type": "string", "javaType": "java.lang.String", "deprecated": false, "autowired": false, "secret": false, "description": "Is used to exclude files, if filename matches the regex pattern (matching is case in-sensitive). Notice if you use symbols such as plus sign and others you would need to configure this using the RAW() syntax if configuring this as an endpoint uri. See more details at configuring endpoint uris" },
    "excludeExt": { "index": 71, "kind": "parameter", "displayName": "Exclude Ext", "group": "filter", "label": "consumer,filter", "required": false, "type": "string", "javaType": "java.lang.String", "deprecated": false, "autowired": false, "secret": false, "description": "Is used to exclude files matching file extension name (case insensitive). For example to exclude bak files, then use excludeExt=bak. Multiple extensions can be separated by comma, for example to exclude bak and dat files, use excludeExt=bak,dat. Note that the file extension includes all parts, for example having a file named mydata.tar.gz will have extension as tar.gz. For more flexibility then use the include\/exclude options." },
    "filter": { "index": 72, "kind": "parameter", "displayName": "Filter", "group": "filter", "label": "consumer,filter", "required": false, "type": "object", "javaType": "org.apache.camel.component.file.GenericFileFilter<org.apache.commons.net.ftp.FTPFile>", "deprecated": false, "autowired": false, "secret": false, "description": "Pluggable filter as a org.apache.camel.component.file.GenericFileFilter class. Will skip files if filter returns false in its accept() method." },
    "filterDirectory": { "index": 73, "kind": "parameter", "displayName": "Filter Directory", "group": "filter", "label": "consumer,filter", "required": false, "type": "string", "javaType": "java.lang.String", "deprecated": false, "autowired": false, "secret": false, "description": "Filters the directory based on Simple language. For example to filter on current date, you can use a simple date pattern such as ${date:now:yyyMMdd}" },
    "filterFile": { "index": 74, "kind": "parameter", "displayName": "Filter File", "group": "filter", "label": "consumer,filter", "required": false, "type": "string", "javaType": "java.lang.String", "deprecated": false, "autowired": false, "secret": false, "description": "Filters the file based on Simple language. For example to filter on file size, you can use ${file:size} 5000" },
    "idempotent": { "index": 75, "kind": "parameter", "displayName": "Idempotent", "group": "filter", "label": "consumer,filter", "required": false, "type": "boolean", "javaType": "java.lang.Boolean", "deprecated": false, "autowired": false, "secret": false, "defaultValue": false, "description": "Option to use the Idempotent Consumer EIP pattern to let Camel skip already processed files. Will by default use a memory based LRUCache that holds 1000 entries. If noop=true then idempotent will be enabled as well to avoid consuming the same files over and over again." },
    "idempotentEager": { "index": 76, "kind": "parameter", "displayName": "Idempotent Eager", "group": "filter", "label": "consumer,filter", "required": false, "type": "boolean", "javaType": "java.lang.Boolean", "deprecated": false, "autowired": false, "secret": false, "defaultValue": true, "description": "Sets whether to eagerly add the filename to the idempotent repository or wait until the exchange is complete." },
    "idempotentKey": { "index": 77, "kind": "parameter", "displayName": "Idempotent Key", "group": "filter", "label": "consumer,filter", "required": false, "type": "string", "javaType": "java.lang.String", "deprecated": false, "autowired": false, "secret": false, "description": "To use a custom idempotent key. By default the absolute path of the file is used. You can use the File Language, for example to use the file name and file size, you can do: idempotentKey=${file:name}-${file:size}" },
    "idempotentRepository": { "index": 78, "kind": "parameter", "displayName": "Idempotent Repository", "group": "filter", "label": "consumer,filter", "required": false, "type": "object", "javaType": "org.apache.camel.spi.IdempotentRepository", "deprecated": false, "autowired": false, "secret": false, "description": "A pluggable repository org.apache.camel.spi.IdempotentRepository which by default use MemoryIdempotentRepository if none is specified and idempotent is true." },
    "include": { "index": 79, "kind": "parameter", "displayName": "Include", "group": "filter", "label": "consumer,filter", "required": false, "type": "string", "javaType": "java.lang.String", "deprecated": false, "autowired": false, "secret": false, "description": "Is used to include files, if filename matches the regex pattern (matching is case in-sensitive). Notice if you use symbols such as plus sign and others you would need to configure this using the RAW() syntax if configuring this as an endpoint uri. See more details at configuring endpoint uris" },
    "includeExt": { "index": 80, "kind": "parameter", "displayName": "Include Ext", "group": "filter", "label": "consumer,filter", "required": false, "type": "string", "javaType": "java.lang.String", "deprecated": false, "autowired": false, "secret": false, "description": "Is used to include files matching file extension name (case insensitive). For example to include txt files, then use includeExt=txt. Multiple extensions can be separated by comma, for example to include txt and xml files, use includeExt=txt,xml. Note that the file extension includes all parts, for example having a file named mydata.tar.gz will have extension as tar.gz. For more flexibility then use the include\/exclude options." },
    "maxDepth": { "index": 81, "kind": "parameter", "displayName": "Max Depth", "group": "filter", "label": "consumer,filter", "required": false, "type": "integer", "javaType": "int", "deprecated": false, "autowired": false, "secret": false, "defaultValue": 2147483647, "description": "The maximum depth to traverse when recursively processing a directory." },
    "maxMessagesPerPoll": { "index": 82, "kind": "parameter", "displayName": "Max Messages Per Poll", "group": "filter", "label": "consumer,filter", "required": false, "type": "integer", "javaType": "int", "deprecated": false, "autowired": false, "secret": false, "description": "To define a maximum messages to gather per poll. By default no maximum is set. Can be used to set a limit of e.g. 1000 to avoid when starting up the server that there are thousands of files. Set a value of 0 or negative to disabled it. Notice: If this option is in use then the File and FTP components will limit before any sorting. For example if you have 100000 files and use maxMessagesPerPoll=500, then only the first 500 files will be picked up, and then sorted. You can use the eagerMaxMessagesPerPoll option and set this to false to allow to scan all files first and then sort afterwards." },
    "minDepth": { "index": 83, "kind": "parameter", "displayName": "Min Depth", "group": "filter", "label": "consumer,filter", "required": false, "type": "integer", "javaType": "int", "deprecated": false, "autowired": false, "secret": false, "description": "The minimum depth to start processing when recursively processing a directory. Using minDepth=1 means the base directory. Using minDepth=2 means the first sub directory." },
    "move": { "index": 84, "kind": "parameter", "displayName": "Move", "group": "filter", "label": "consumer,filter", "required": false, "type": "string", "javaType": "java.lang.String", "deprecated": false, "autowired": false, "secret": false, "description": "Expression (such as Simple Language) used to dynamically set the filename when moving it after processing. To move files into a .done subdirectory just enter .done." },
    "exclusiveReadLockStrategy": { "index": 85, "kind": "parameter", "displayName": "Exclusive Read Lock Strategy", "group": "lock", "label": "consumer,lock", "required": false, "type": "object", "javaType": "org.apache.camel.component.file.GenericFileExclusiveReadLockStrategy<org.apache.commons.net.ftp.FTPFile>", "deprecated": false, "autowired": false, "secret": false, "description": "Pluggable read-lock as a org.apache.camel.component.file.GenericFileExclusiveReadLockStrategy implementation." },
    "readLock": { "index": 86, "kind": "parameter", "displayName": "Read Lock", "group": "lock", "label": "consumer,lock", "required": false, "type": "enum", "javaType": "java.lang.String", "enum": [ "none", "markerFile", "fileLock", "rename", "changed", "idempotent", "idempotent-changed", "idempotent-rename" ], "deprecated": false, "autowired": false, "secret": false, "defaultValue": "none", "description": "Used by consumer, to only poll the files if it has exclusive read-lock on the file (i.e. the file is not in-progress or being written). Camel will wait until the file lock is granted. This option provides the build in strategies: - none - No read lock is in use - markerFile - Camel creates a marker file (fileName.camelLock) and then holds a lock on it. This option is not available for the FTP component - changed - Changed is using file length\/modification timestamp to detect whether the file is currently being copied or not. Will at least use 1 sec to determine this, so this option cannot consume files as fast as the others, but can be more reliable as the JDK IO API cannot always determine whether a file is currently being used by another process. The option readLockCheckInterval can be used to set the check frequency. - fileLock - is for using java.nio.channels.FileLock. This option is not avail for Windows OS and the FTP component. This approach should be avoided when accessing a remote file system via a mount\/share unless that file system supports distributed file locks. - rename - rename is for using a try to rename the file as a test if we can get exclusive read-lock. - idempotent - (only for file component) idempotent is for using a idempotentRepository as the read-lock. This allows to use read locks that supports clustering if the idempotent repository implementation supports that. - idempotent-changed - (only for file component) idempotent-changed is for using a idempotentRepository and changed as the combined read-lock. This allows to use read locks that supports clustering if the idempotent repository implementation supports that. - idempotent-rename - (only for file component) idempotent-rename is for using a idempotentRepository and rename as the combined read-lock. This allows to use read locks that supports clustering if the idempotent repository implementation supports that.Notice: The various read locks is not all suited to work in clustered mode, where concurrent consumers on different nodes is competing for the same files on a shared file system. The markerFile using a close to atomic operation to create the empty marker file, but its not guaranteed to work in a cluster. The fileLock may work better but then the file system need to support distributed file locks, and so on. Using the idempotent read lock can support clustering if the idempotent repository supports clustering, such as Hazelcast Component or Infinispan." },
    "readLockCheckInterval": { "index": 87, "kind": "parameter", "displayName": "Read Lock Check Interval", "group": "lock", "label": "consumer,lock", "required": false, "type": "integer", "javaType": "long", "deprecated": false, "autowired": false, "secret": false, "defaultValue": 1000, "description": "Interval in millis for the read-lock, if supported by the read lock. This interval is used for sleeping between attempts to acquire the read lock. For example when using the changed read lock, you can set a higher interval period to cater for slow writes. The default of 1 sec. may be too fast if the producer is very slow writing the file. Notice: For FTP the default readLockCheckInterval is 5000. The readLockTimeout value must be higher than readLockCheckInterval, but a rule of thumb is to have a timeout that is at least 2 or more times higher than the readLockCheckInterval. This is needed to ensure that ample time is allowed for the read lock process to try to grab the lock before the timeout was hit." },
    "readLockDeleteOrphanLockFiles": { "index": 88, "kind": "parameter", "displayName": "Read Lock Delete Orphan Lock Files", "group": "lock", "label": "consumer,lock", "required": false, "type": "boolean", "javaType": "boolean", "deprecated": false, "autowired": false, "secret": false, "defaultValue": true, "description": "Whether or not read lock with marker files should upon startup delete any orphan read lock files, which may have been left on the file system, if Camel was not properly shutdown (such as a JVM crash). If turning this option to false then any orphaned lock file will cause Camel to not attempt to pickup that file, this could also be due another node is concurrently reading files from the same shared directory." },
    "readLockLoggingLevel": { "index": 89, "kind": "parameter", "displayName": "Read Lock Logging Level", "group": "lock", "label": "consumer,lock", "required": false, "type": "enum", "javaType": "org.apache.camel.LoggingLevel", "enum": [ "TRACE", "DEBUG", "INFO", "WARN", "ERROR", "OFF" ], "deprecated": false, "autowired": false, "secret": false, "defaultValue": "DEBUG", "description": "Logging level used when a read lock could not be acquired. By default a DEBUG is logged. You can change this level, for example to OFF to not have any logging. This option is only applicable for readLock of types: changed, fileLock, idempotent, idempotent-changed, idempotent-rename, rename." },
    "readLockMarkerFile": { "index": 90, "kind": "parameter", "displayName": "Read Lock Marker File", "group": "lock", "label": "consumer,lock", "required": false, "type": "boolean", "javaType": "boolean", "deprecated": false, "autowired": false, "secret": false, "defaultValue": true, "description": "Whether to use marker file with the changed, rename, or exclusive read lock types. By default a marker file is used as well to guard against other processes picking up the same files. This behavior can be turned off by setting this option to false. For example if you do not want to write marker files to the file systems by the Camel application." },
    "readLockMinAge": { "index": 91, "kind": "parameter", "displayName": "Read Lock Min Age", "group": "lock", "label": "consumer,lock", "required": false, "type": "integer", "javaType": "long", "deprecated": false, "autowired": false, "secret": false, "defaultValue": 0, "description": "This option is applied only for readLock=changed. It allows to specify a minimum age the file must be before attempting to acquire the read lock. For example use readLockMinAge=300s to require the file is at last 5 minutes old. This can speedup the changed read lock as it will only attempt to acquire files which are at least that given age." },
    "readLockMinLength": { "index": 92, "kind": "parameter", "displayName": "Read Lock Min Length", "group": "lock", "label": "consumer,lock", "required": false, "type": "integer", "javaType": "long", "deprecated": false, "autowired": false, "secret": false, "defaultValue": 1, "description": "This option is applied only for readLock=changed. It allows you to configure a minimum file length. By default Camel expects the file to contain data, and thus the default value is 1. You can set this option to zero, to allow consuming zero-length files." },
    "readLockRemoveOnCommit": { "index": 93, "kind": "parameter", "displayName": "Read Lock Remove On Commit", "group": "lock", "label": "consumer,lock", "required": false, "type": "boolean", "javaType": "boolean", "deprecated": false, "autowired": false, "secret": false, "defaultValue": false, "description": "This option is applied only for readLock=idempotent. It allows to specify whether to remove the file name entry from the idempotent repository when processing the file is succeeded and a commit happens. By default the file is not removed which ensures that any race-condition do not occur so another active node may attempt to grab the file. Instead the idempotent repository may support eviction strategies that you can configure to evict the file name entry after X minutes - this ensures no problems with race conditions. See more details at the readLockIdempotentReleaseDelay option." },
    "readLockRemoveOnRollback": { "index": 94, "kind": "parameter", "displayName": "Read Lock Remove On Rollback", "group": "lock", "label": "consumer,lock", "required": false, "type": "boolean", "javaType": "boolean", "deprecated": false, "autowired": false, "secret": false, "defaultValue": true, "description": "This option is applied only for readLock=idempotent. It allows to specify whether to remove the file name entry from the idempotent repository when processing the file failed and a rollback happens. If this option is false, then the file name entry is confirmed (as if the file did a commit)." },
    "readLockTimeout": { "index": 95, "kind": "parameter", "displayName": "Read Lock Timeout", "group": "lock", "label": "consumer,lock", "required": false, "type": "integer", "javaType": "long", "deprecated": false, "autowired": false, "secret": false, "defaultValue": 10000, "description": "Optional timeout in millis for the read-lock, if supported by the read-lock. If the read-lock could not be granted and the timeout triggered, then Camel will skip the file. At next poll Camel, will try the file again, and this time maybe the read-lock could be granted. Use a value of 0 or lower to indicate forever. Currently fileLock, changed and rename support the timeout. Notice: For FTP the default readLockTimeout value is 20000 instead of 10000. The readLockTimeout value must be higher than readLockCheckInterval, but a rule of thumb is to have a timeout that is at least 2 or more times higher than the readLockCheckInterval. This is needed to ensure that ample time is allowed for the read lock process to try to grab the lock before the timeout was hit." },
    "backoffErrorThreshold": { "index": 96, "kind": "parameter", "displayName": "Backoff Error Threshold", "group": "scheduler", "label": "consumer,scheduler", "required": false, "type": "integer", "javaType": "int", "deprecated": false, "autowired": false, "secret": false, "description": "The number of subsequent error polls (failed due some error) that should happen before the backoffMultipler should kick-in." },
    "backoffIdleThreshold": { "index": 97, "kind": "parameter", "displayName": "Backoff Idle Threshold", "group": "scheduler", "label": "consumer,scheduler", "required": false, "type": "integer", "javaType": "int", "deprecated": false, "autowired": false, "secret": false, "description": "The number of subsequent idle polls that should happen before the backoffMultipler should kick-in." },
    "backoffMultiplier": { "index": 98, "kind": "parameter", "displayName": "Backoff Multiplier", "group": "scheduler", "label": "consumer,scheduler", "required": false, "type": "integer", "javaType": "int", "deprecated": false, "autowired": false, "secret": false, "description": "To let the scheduled polling consumer backoff if there has been a number of subsequent idles\/errors in a row. The multiplier is then the number of polls that will be skipped before the next actual attempt is happening again. When this option is in use then backoffIdleThreshold and\/or backoffErrorThreshold must also be configured." },
    "delay": { "index": 99, "kind": "parameter", "displayName": "Delay", "group": "scheduler", "label": "consumer,scheduler", "required": false, "type": "integer", "javaType": "long", "deprecated": false, "autowired": false, "secret": false, "defaultValue": 500, "description": "Milliseconds before the next poll." },
    "greedy": { "index": 100, "kind": "parameter", "displayName": "Greedy", "group": "scheduler", "label": "consumer,scheduler", "required": false, "type": "boolean", "javaType": "boolean", "deprecated": false, "autowired": false, "secret": false, "defaultValue": false, "description": "If greedy is enabled, then the ScheduledPollConsumer will run immediately again, if the previous run polled 1 or more messages." },
    "initialDelay": { "index": 101, "kind": "parameter", "displayName": "Initial Delay", "group": "scheduler", "label": "consumer,scheduler", "required": false, "type": "integer", "javaType": "long", "deprecated": false, "autowired": false, "secret": false, "defaultValue": 1000, "description": "Milliseconds before the first poll starts." },
    "repeatCount": { "index": 102, "kind": "parameter", "displayName": "Repeat Count", "group": "scheduler", "label": "consumer,scheduler", "required": false, "type": "integer", "javaType": "long", "deprecated": false, "autowired": false, "secret": false, "defaultValue": 0, "description": "Specifies a maximum limit of number of fires. So if you set it to 1, the scheduler will only fire once. If you set it to 5, it will only fire five times. A value of zero or negative means fire forever." },
    "runLoggingLevel": { "index": 103, "kind": "parameter", "displayName": "Run Logging Level", "group": "scheduler", "label": "consumer,scheduler", "required": false, "type": "enum", "javaType": "org.apache.camel.LoggingLevel", "enum": [ "TRACE", "DEBUG", "INFO", "WARN", "ERROR", "OFF" ], "deprecated": false, "autowired": false, "secret": false, "defaultValue": "TRACE", "description": "The consumer logs a start\/complete log line when it polls. This option allows you to configure the logging level for that." },
    "scheduledExecutorService": { "index": 104, "kind": "parameter", "displayName": "Scheduled Executor Service", "group": "scheduler", "label": "consumer,scheduler", "required": false, "type": "object", "javaType": "java.util.concurrent.ScheduledExecutorService", "deprecated": false, "autowired": false, "secret": false, "description": "Allows for configuring a custom\/shared thread pool to use for the consumer. By default each consumer has its own single threaded thread pool." },
    "scheduler": { "index": 105, "kind": "parameter", "displayName": "Scheduler", "group": "scheduler", "label": "consumer,scheduler", "required": false, "type": "object", "javaType": "java.lang.Object", "deprecated": false, "autowired": false, "secret": false, "defaultValue": "none", "description": "To use a cron scheduler from either camel-spring or camel-quartz component. Use value spring or quartz for built in scheduler" },
    "schedulerProperties": { "index": 106, "kind": "parameter", "displayName": "Scheduler Properties", "group": "scheduler", "label": "consumer,scheduler", "required": false, "type": "object", "javaType": "java.util.Map<java.lang.String, java.lang.Object>", "prefix": "scheduler.", "multiValue": true, "deprecated": false, "autowired": false, "secret": false, "description": "To configure additional properties when using a custom scheduler or any of the Quartz, Spring based scheduler. This is a multi-value option with prefix: scheduler." },
    "startScheduler": { "index": 107, "kind": "parameter", "displayName": "Start Scheduler", "group": "scheduler", "label": "consumer,scheduler", "required": false, "type": "boolean", "javaType": "boolean", "deprecated": false, "autowired": false, "secret": false, "defaultValue": true, "description": "Whether the scheduler should be auto started." },
    "timeUnit": { "index": 108, "kind": "parameter", "displayName": "Time Unit", "group": "scheduler", "label": "consumer,scheduler", "required": false, "type": "enum", "javaType": "java.util.concurrent.TimeUnit", "enum": [ "NANOSECONDS", "MICROSECONDS", "MILLISECONDS", "SECONDS", "MINUTES", "HOURS", "DAYS" ], "deprecated": false, "autowired": false, "secret": false, "defaultValue": "MILLISECONDS", "description": "Time unit for initialDelay and delay options." },
    "useFixedDelay": { "index": 109, "kind": "parameter", "displayName": "Use Fixed Delay", "group": "scheduler", "label": "consumer,scheduler", "required": false, "type": "boolean", "javaType": "boolean", "deprecated": false, "autowired": false, "secret": false, "defaultValue": true, "description": "Controls if fixed delay or fixed rate is used. See ScheduledExecutorService in JDK for details." },
    "account": { "index": 110, "kind": "parameter", "displayName": "Account", "group": "security", "label": "security", "required": false, "type": "string", "javaType": "java.lang.String", "deprecated": false, "autowired": false, "secret": true, "configurationClass": "org.apache.camel.component.file.remote.FtpConfiguration", "configurationField": "configuration", "description": "Account to use for login" },
    "password": { "index": 111, "kind": "parameter", "displayName": "Password", "group": "security", "label": "security", "required": false, "type": "string", "javaType": "java.lang.String", "deprecated": false, "autowired": false, "secret": true, "configurationClass": "org.apache.camel.component.file.remote.FtpConfiguration", "configurationField": "configuration", "description": "Password to use for login" },
    "username": { "index": 112, "kind": "parameter", "displayName": "Username", "group": "security", "label": "security", "required": false, "type": "string", "javaType": "java.lang.String", "deprecated": false, "autowired": false, "secret": true, "configurationClass": "org.apache.camel.component.file.remote.FtpConfiguration", "configurationField": "configuration", "description": "Username to use for login" },
    "shuffle": { "index": 113, "kind": "parameter", "displayName": "Shuffle", "group": "sort", "label": "consumer,sort", "required": false, "type": "boolean", "javaType": "boolean", "deprecated": false, "autowired": false, "secret": false, "defaultValue": false, "description": "To shuffle the list of files (sort in random order)" },
    "sortBy": { "index": 114, "kind": "parameter", "displayName": "Sort By", "group": "sort", "label": "consumer,sort", "required": false, "type": "string", "javaType": "java.lang.String", "deprecated": false, "autowired": false, "secret": false, "description": "Built-in sort by using the File Language. Supports nested sorts, so you can have a sort by file name and as a 2nd group sort by modified date." },
    "sorter": { "index": 115, "kind": "parameter", "displayName": "Sorter", "group": "sort", "label": "consumer,sort", "required": false, "type": "object", "javaType": "java.util.Comparator<org.apache.camel.component.file.GenericFile<org.apache.commons.net.ftp.FTPFile>>", "deprecated": false, "autowired": false, "secret": false, "description": "Pluggable sorter as a java.util.Comparator class." }
  }
}
