{
  "component": {
    "kind": "component",
    "name": "google-vertexai",
    "title": "Google Vertex AI",
    "description": "Interact with Google Cloud Vertex AI generative models.",
    "deprecated": false,
    "firstVersion": "4.17.0",
    "label": "ai,cloud",
    "javaType": "org.apache.camel.component.google.vertexai.GoogleVertexAIComponent",
    "supportLevel": "Preview",
    "groupId": "org.apache.camel",
    "artifactId": "camel-google-vertexai",
    "version": "4.18.0-SNAPSHOT",
    "scheme": "google-vertexai",
    "extendsScheme": "",
    "syntax": "google-vertexai:projectId:location:modelId",
    "async": false,
    "api": false,
    "consumerOnly": false,
    "producerOnly": true,
    "lenientProperties": false,
    "browsable": false,
    "remote": true
  },
  "componentProperties": {
    "serviceAccountKey": { "index": 0, "kind": "property", "displayName": "Service Account Key", "group": "common", "label": "common", "required": false, "type": "string", "javaType": "java.lang.String", "deprecated": false, "autowired": false, "secret": false, "configurationClass": "org.apache.camel.component.google.vertexai.GoogleVertexAIConfiguration", "configurationField": "configuration", "description": "The Service account key that can be used as credentials for the Vertex AI client. It can be loaded by default from classpath, but you can prefix with classpath:, file:, or http: to load the resource from different systems." },
    "anthropicVersion": { "index": 1, "kind": "property", "displayName": "Anthropic Version", "group": "producer", "label": "producer", "required": false, "type": "string", "javaType": "java.lang.String", "deprecated": false, "autowired": false, "secret": false, "defaultValue": "vertex-2023-10-16", "configurationClass": "org.apache.camel.component.google.vertexai.GoogleVertexAIConfiguration", "configurationField": "configuration", "description": "Anthropic API version for Claude models. Required when publisher is 'anthropic'." },
    "candidateCount": { "index": 2, "kind": "property", "displayName": "Candidate Count", "group": "producer", "label": "producer", "required": false, "type": "integer", "javaType": "java.lang.Integer", "deprecated": false, "autowired": false, "secret": false, "defaultValue": 1, "configurationClass": "org.apache.camel.component.google.vertexai.GoogleVertexAIConfiguration", "configurationField": "configuration", "description": "Number of candidate responses to generate" },
    "configuration": { "index": 3, "kind": "property", "displayName": "Configuration", "group": "producer", "label": "", "required": false, "type": "object", "javaType": "org.apache.camel.component.google.vertexai.GoogleVertexAIConfiguration", "deprecated": false, "autowired": false, "secret": false, "description": "The component configuration" },
    "jsonMode": { "index": 4, "kind": "property", "displayName": "Json Mode", "group": "producer", "label": "producer", "required": false, "type": "boolean", "javaType": "boolean", "deprecated": false, "autowired": false, "secret": false, "defaultValue": false, "configurationClass": "org.apache.camel.component.google.vertexai.GoogleVertexAIConfiguration", "configurationField": "configuration", "description": "Whether to use JSON request\/response format" },
    "lazyStartProducer": { "index": 5, "kind": "property", "displayName": "Lazy Start Producer", "group": "producer", "label": "producer", "required": false, "type": "boolean", "javaType": "boolean", "deprecated": false, "autowired": false, "secret": false, "defaultValue": false, "description": "Whether the producer should be started lazy (on the first message). By starting lazy you can use this to allow CamelContext and routes to startup in situations where a producer may otherwise fail during starting and cause the route to fail being started. By deferring this startup to be lazy then the startup failure can be handled during routing messages via Camel's routing error handlers. Beware that when the first message is processed then creating and starting the producer may take a little time and prolong the total processing time of the processing." },
    "maxOutputTokens": { "index": 6, "kind": "property", "displayName": "Max Output Tokens", "group": "producer", "label": "producer", "required": false, "type": "integer", "javaType": "java.lang.Integer", "deprecated": false, "autowired": false, "secret": false, "defaultValue": 1024, "configurationClass": "org.apache.camel.component.google.vertexai.GoogleVertexAIConfiguration", "configurationField": "configuration", "description": "Maximum number of output tokens" },
    "operation": { "index": 7, "kind": "property", "displayName": "Operation", "group": "producer", "label": "producer", "required": false, "type": "enum", "javaType": "org.apache.camel.component.google.vertexai.GoogleVertexAIOperations", "enum": [ "generateText", "generateChat", "generateChatStreaming", "generateImage", "generateEmbeddings", "generateCode", "generateMultimodal", "rawPredict", "streamRawPredict" ], "deprecated": false, "autowired": false, "secret": false, "configurationClass": "org.apache.camel.component.google.vertexai.GoogleVertexAIConfiguration", "configurationField": "configuration", "description": "Set the operation for the producer" },
    "publisher": { "index": 8, "kind": "property", "displayName": "Publisher", "group": "producer", "label": "producer", "required": false, "type": "string", "javaType": "java.lang.String", "deprecated": false, "autowired": false, "secret": false, "configurationClass": "org.apache.camel.component.google.vertexai.GoogleVertexAIConfiguration", "configurationField": "configuration", "description": "Publisher name for partner models (e.g., anthropic, meta, mistralai). Required for rawPredict operations." },
    "streamOutputMode": { "index": 9, "kind": "property", "displayName": "Stream Output Mode", "group": "producer", "label": "producer", "required": false, "type": "enum", "javaType": "java.lang.String", "enum": [ "complete", "chunks" ], "deprecated": false, "autowired": false, "secret": false, "defaultValue": "complete", "configurationClass": "org.apache.camel.component.google.vertexai.GoogleVertexAIConfiguration", "configurationField": "configuration", "description": "Streaming output mode: complete (default) or chunks" },
    "temperature": { "index": 10, "kind": "property", "displayName": "Temperature", "group": "producer", "label": "producer", "required": false, "type": "number", "javaType": "java.lang.Float", "deprecated": false, "autowired": false, "secret": false, "defaultValue": "0.7", "configurationClass": "org.apache.camel.component.google.vertexai.GoogleVertexAIConfiguration", "configurationField": "configuration", "description": "Temperature parameter for generation (0.0-1.0)" },
    "topK": { "index": 11, "kind": "property", "displayName": "Top K", "group": "producer", "label": "producer", "required": false, "type": "integer", "javaType": "java.lang.Integer", "deprecated": false, "autowired": false, "secret": false, "defaultValue": 40, "configurationClass": "org.apache.camel.component.google.vertexai.GoogleVertexAIConfiguration", "configurationField": "configuration", "description": "Top-K parameter for generation" },
    "topP": { "index": 12, "kind": "property", "displayName": "Top P", "group": "producer", "label": "producer", "required": false, "type": "number", "javaType": "java.lang.Float", "deprecated": false, "autowired": false, "secret": false, "defaultValue": "0.95", "configurationClass": "org.apache.camel.component.google.vertexai.GoogleVertexAIConfiguration", "configurationField": "configuration", "description": "Top-P parameter for nucleus sampling" },
    "autowiredEnabled": { "index": 13, "kind": "property", "displayName": "Autowired Enabled", "group": "advanced", "label": "advanced", "required": false, "type": "boolean", "javaType": "boolean", "deprecated": false, "autowired": false, "secret": false, "defaultValue": true, "description": "Whether autowiring is enabled. This is used for automatic autowiring options (the option must be marked as autowired) by looking up in the registry to find if there is a single instance of matching type, which then gets configured on the component. This can be used for automatic configuring JDBC data sources, JMS connection factories, AWS Clients, etc." },
    "client": { "index": 14, "kind": "property", "displayName": "Client", "group": "advanced", "label": "advanced", "required": false, "type": "object", "javaType": "com.google.genai.Client", "deprecated": false, "deprecationNote": "", "autowired": true, "secret": false, "configurationClass": "org.apache.camel.component.google.vertexai.GoogleVertexAIConfiguration", "configurationField": "configuration", "description": "The Google GenAI client for Vertex AI" },
    "predictionServiceClient": { "index": 15, "kind": "property", "displayName": "Prediction Service Client", "group": "advanced", "label": "advanced", "required": false, "type": "object", "javaType": "com.google.cloud.aiplatform.v1.PredictionServiceClient", "deprecated": false, "deprecationNote": "", "autowired": true, "secret": false, "configurationClass": "org.apache.camel.component.google.vertexai.GoogleVertexAIConfiguration", "configurationField": "configuration", "description": "The Google Cloud AI Platform Prediction Service client for rawPredict operations" },
    "healthCheckConsumerEnabled": { "index": 16, "kind": "property", "displayName": "Health Check Consumer Enabled", "group": "health", "label": "health", "required": false, "type": "boolean", "javaType": "boolean", "deprecated": false, "autowired": false, "secret": false, "defaultValue": true, "description": "Used for enabling or disabling all consumer based health checks from this component" },
    "healthCheckProducerEnabled": { "index": 17, "kind": "property", "displayName": "Health Check Producer Enabled", "group": "health", "label": "health", "required": false, "type": "boolean", "javaType": "boolean", "deprecated": false, "autowired": false, "secret": false, "defaultValue": true, "description": "Used for enabling or disabling all producer based health checks from this component. Notice: Camel has by default disabled all producer based health-checks. You can turn on producer checks globally by setting camel.health.producersEnabled=true." }
  },
  "headers": {
    "CamelGoogleVertexAIOperation": { "index": 0, "kind": "header", "displayName": "", "group": "producer", "label": "producer", "required": false, "javaType": "org.apache.camel.component.google.vertexai.GoogleVertexAIOperations", "enum": [ "generateText", "generateChat", "generateChatStreaming", "generateImage", "generateEmbeddings", "generateCode", "generateMultimodal", "rawPredict", "streamRawPredict" ], "deprecated": false, "deprecationNote": "", "autowired": false, "secret": false, "description": "The operation to perform", "constantName": "org.apache.camel.component.google.vertexai.GoogleVertexAIConstants#OPERATION" },
    "CamelGoogleVertexAIModelId": { "index": 1, "kind": "header", "displayName": "", "group": "producer", "label": "producer", "required": false, "javaType": "String", "deprecated": false, "deprecationNote": "", "autowired": false, "secret": false, "description": "The model ID to use for generation", "constantName": "org.apache.camel.component.google.vertexai.GoogleVertexAIConstants#MODEL_ID" },
    "CamelGoogleVertexAIProjectId": { "index": 2, "kind": "header", "displayName": "", "group": "producer", "label": "producer", "required": false, "javaType": "String", "deprecated": false, "deprecationNote": "", "autowired": false, "secret": false, "description": "The project ID to use for the request", "constantName": "org.apache.camel.component.google.vertexai.GoogleVertexAIConstants#PROJECT_ID" },
    "CamelGoogleVertexAILocation": { "index": 3, "kind": "header", "displayName": "", "group": "producer", "label": "producer", "required": false, "javaType": "String", "deprecated": false, "deprecationNote": "", "autowired": false, "secret": false, "description": "The location\/region to use for the request", "constantName": "org.apache.camel.component.google.vertexai.GoogleVertexAIConstants#LOCATION" },
    "CamelGoogleVertexAITemperature": { "index": 4, "kind": "header", "displayName": "", "group": "producer", "label": "producer", "required": false, "javaType": "Float", "deprecated": false, "deprecationNote": "", "autowired": false, "secret": false, "description": "The temperature parameter for generation (0.0-1.0)", "constantName": "org.apache.camel.component.google.vertexai.GoogleVertexAIConstants#TEMPERATURE" },
    "CamelGoogleVertexAITopP": { "index": 5, "kind": "header", "displayName": "", "group": "producer", "label": "producer", "required": false, "javaType": "Float", "deprecated": false, "deprecationNote": "", "autowired": false, "secret": false, "description": "The top-p parameter for generation", "constantName": "org.apache.camel.component.google.vertexai.GoogleVertexAIConstants#TOP_P" },
    "CamelGoogleVertexAITopK": { "index": 6, "kind": "header", "displayName": "", "group": "producer", "label": "producer", "required": false, "javaType": "Integer", "deprecated": false, "deprecationNote": "", "autowired": false, "secret": false, "description": "The top-k parameter for generation", "constantName": "org.apache.camel.component.google.vertexai.GoogleVertexAIConstants#TOP_K" },
    "CamelGoogleVertexAIMaxOutputTokens": { "index": 7, "kind": "header", "displayName": "", "group": "producer", "label": "producer", "required": false, "javaType": "Integer", "deprecated": false, "deprecationNote": "", "autowired": false, "secret": false, "description": "The maximum number of output tokens", "constantName": "org.apache.camel.component.google.vertexai.GoogleVertexAIConstants#MAX_OUTPUT_TOKENS" },
    "CamelGoogleVertexAIcandidateCount": { "index": 8, "kind": "header", "displayName": "", "group": "producer", "label": "producer", "required": false, "javaType": "Integer", "deprecated": false, "deprecationNote": "", "autowired": false, "secret": false, "description": "The number of candidate responses to generate", "constantName": "org.apache.camel.component.google.vertexai.GoogleVertexAIConstants#CANDIDATE_COUNT" },
    "CamelGoogleVertexAIStreamOutputMode": { "index": 9, "kind": "header", "displayName": "", "group": "producer", "label": "producer", "required": false, "javaType": "String", "deprecated": false, "deprecationNote": "", "autowired": false, "secret": false, "description": "The streaming output mode (complete or chunks)", "constantName": "org.apache.camel.component.google.vertexai.GoogleVertexAIConstants#STREAM_OUTPUT_MODE" },
    "CamelGoogleVertexAIPrompt": { "index": 10, "kind": "header", "displayName": "", "group": "producer", "label": "producer", "required": false, "javaType": "String", "deprecated": false, "deprecationNote": "", "autowired": false, "secret": false, "description": "The prompt text for text generation", "constantName": "org.apache.camel.component.google.vertexai.GoogleVertexAIConstants#PROMPT" },
    "CamelGoogleVertexAIChatMessages": { "index": 11, "kind": "header", "displayName": "", "group": "producer", "label": "producer", "required": false, "javaType": "java.util.List<com.google.cloud.aiplatform.v1.Content>", "deprecated": false, "deprecationNote": "", "autowired": false, "secret": false, "description": "The chat messages for chat generation", "constantName": "org.apache.camel.component.google.vertexai.GoogleVertexAIConstants#CHAT_MESSAGES" },
    "CamelGoogleVertexAISystemInstruction": { "index": 12, "kind": "header", "displayName": "", "group": "producer", "label": "producer", "required": false, "javaType": "String", "deprecated": false, "deprecationNote": "", "autowired": false, "secret": false, "description": "The system instruction for the model", "constantName": "org.apache.camel.component.google.vertexai.GoogleVertexAIConstants#SYSTEM_INSTRUCTION" },
    "CamelGoogleVertexAISafetySettings": { "index": 13, "kind": "header", "displayName": "", "group": "producer", "label": "producer", "required": false, "javaType": "java.util.List<com.google.cloud.aiplatform.v1.SafetySetting>", "deprecated": false, "deprecationNote": "", "autowired": false, "secret": false, "description": "The safety settings for content filtering", "constantName": "org.apache.camel.component.google.vertexai.GoogleVertexAIConstants#SAFETY_SETTINGS" },
    "CamelGoogleVertexAIFinishReason": { "index": 14, "kind": "header", "displayName": "", "group": "producer", "label": "", "required": false, "javaType": "String", "deprecated": false, "deprecationNote": "", "autowired": false, "secret": false, "description": "The finish reason from the response", "constantName": "org.apache.camel.component.google.vertexai.GoogleVertexAIConstants#FINISH_REASON" },
    "CamelGoogleVertexAIPromptTokenCount": { "index": 15, "kind": "header", "displayName": "", "group": "producer", "label": "", "required": false, "javaType": "Integer", "deprecated": false, "deprecationNote": "", "autowired": false, "secret": false, "description": "The number of tokens in the prompt", "constantName": "org.apache.camel.component.google.vertexai.GoogleVertexAIConstants#PROMPT_TOKEN_COUNT" },
    "CamelGoogleVertexAICandidatesTokenCount": { "index": 16, "kind": "header", "displayName": "", "group": "producer", "label": "", "required": false, "javaType": "Integer", "deprecated": false, "deprecationNote": "", "autowired": false, "secret": false, "description": "The number of tokens in the response", "constantName": "org.apache.camel.component.google.vertexai.GoogleVertexAIConstants#CANDIDATES_TOKEN_COUNT" },
    "CamelGoogleVertexAITotalTokenCount": { "index": 17, "kind": "header", "displayName": "", "group": "producer", "label": "", "required": false, "javaType": "Integer", "deprecated": false, "deprecationNote": "", "autowired": false, "secret": false, "description": "The total token count (prompt response)", "constantName": "org.apache.camel.component.google.vertexai.GoogleVertexAIConstants#TOTAL_TOKEN_COUNT" },
    "CamelGoogleVertexAISafetyRatings": { "index": 18, "kind": "header", "displayName": "", "group": "producer", "label": "", "required": false, "javaType": "java.util.List<com.google.cloud.aiplatform.v1.SafetyRating>", "deprecated": false, "deprecationNote": "", "autowired": false, "secret": false, "description": "The safety ratings from the response", "constantName": "org.apache.camel.component.google.vertexai.GoogleVertexAIConstants#SAFETY_RATINGS" },
    "CamelGoogleVertexAIContentBlocked": { "index": 19, "kind": "header", "displayName": "", "group": "producer", "label": "", "required": false, "javaType": "Boolean", "deprecated": false, "deprecationNote": "", "autowired": false, "secret": false, "description": "Whether the content was blocked by safety filters", "constantName": "org.apache.camel.component.google.vertexai.GoogleVertexAIConstants#CONTENT_BLOCKED" },
    "CamelGoogleVertexAIChunkCount": { "index": 20, "kind": "header", "displayName": "", "group": "producer", "label": "", "required": false, "javaType": "Integer", "deprecated": false, "deprecationNote": "", "autowired": false, "secret": false, "description": "The number of chunks received in streaming response", "constantName": "org.apache.camel.component.google.vertexai.GoogleVertexAIConstants#STREAMING_CHUNK_COUNT" },
    "CamelGoogleVertexAIPublisher": { "index": 21, "kind": "header", "displayName": "", "group": "producer", "label": "producer", "required": false, "javaType": "String", "deprecated": false, "deprecationNote": "", "autowired": false, "secret": false, "description": "Publisher name for partner models (e.g., anthropic, meta, mistralai)", "constantName": "org.apache.camel.component.google.vertexai.GoogleVertexAIConstants#PUBLISHER" },
    "CamelGoogleVertexAIRawResponse": { "index": 22, "kind": "header", "displayName": "", "group": "producer", "label": "", "required": false, "javaType": "String", "deprecated": false, "deprecationNote": "", "autowired": false, "secret": false, "description": "The raw JSON response from rawPredict operation", "constantName": "org.apache.camel.component.google.vertexai.GoogleVertexAIConstants#RAW_RESPONSE" },
    "CamelGoogleVertexAIAnthropicVersion": { "index": 23, "kind": "header", "displayName": "", "group": "producer", "label": "producer", "required": false, "javaType": "String", "deprecated": false, "deprecationNote": "", "autowired": false, "secret": false, "description": "Anthropic API version for Claude models", "constantName": "org.apache.camel.component.google.vertexai.GoogleVertexAIConstants#ANTHROPIC_VERSION" }
  },
  "properties": {
    "projectId": { "index": 0, "kind": "path", "displayName": "Project Id", "group": "common", "label": "common", "required": true, "type": "string", "javaType": "java.lang.String", "deprecated": false, "deprecationNote": "", "autowired": false, "secret": false, "configurationClass": "org.apache.camel.component.google.vertexai.GoogleVertexAIConfiguration", "configurationField": "configuration", "description": "Google Cloud Project ID" },
    "location": { "index": 1, "kind": "path", "displayName": "Location", "group": "common", "label": "common", "required": true, "type": "string", "javaType": "java.lang.String", "deprecated": false, "deprecationNote": "", "autowired": false, "secret": false, "configurationClass": "org.apache.camel.component.google.vertexai.GoogleVertexAIConfiguration", "configurationField": "configuration", "description": "Google Cloud location\/region (e.g., us-central1)" },
    "modelId": { "index": 2, "kind": "path", "displayName": "Model Id", "group": "common", "label": "common", "required": true, "type": "string", "javaType": "java.lang.String", "deprecated": false, "deprecationNote": "", "autowired": false, "secret": false, "configurationClass": "org.apache.camel.component.google.vertexai.GoogleVertexAIConfiguration", "configurationField": "configuration", "description": "Model ID to use for predictions" },
    "serviceAccountKey": { "index": 3, "kind": "parameter", "displayName": "Service Account Key", "group": "common", "label": "common", "required": false, "type": "string", "javaType": "java.lang.String", "deprecated": false, "autowired": false, "secret": false, "configurationClass": "org.apache.camel.component.google.vertexai.GoogleVertexAIConfiguration", "configurationField": "configuration", "description": "The Service account key that can be used as credentials for the Vertex AI client. It can be loaded by default from classpath, but you can prefix with classpath:, file:, or http: to load the resource from different systems." },
    "anthropicVersion": { "index": 4, "kind": "parameter", "displayName": "Anthropic Version", "group": "producer", "label": "producer", "required": false, "type": "string", "javaType": "java.lang.String", "deprecated": false, "autowired": false, "secret": false, "defaultValue": "vertex-2023-10-16", "configurationClass": "org.apache.camel.component.google.vertexai.GoogleVertexAIConfiguration", "configurationField": "configuration", "description": "Anthropic API version for Claude models. Required when publisher is 'anthropic'." },
    "candidateCount": { "index": 5, "kind": "parameter", "displayName": "Candidate Count", "group": "producer", "label": "producer", "required": false, "type": "integer", "javaType": "java.lang.Integer", "deprecated": false, "autowired": false, "secret": false, "defaultValue": 1, "configurationClass": "org.apache.camel.component.google.vertexai.GoogleVertexAIConfiguration", "configurationField": "configuration", "description": "Number of candidate responses to generate" },
    "jsonMode": { "index": 6, "kind": "parameter", "displayName": "Json Mode", "group": "producer", "label": "producer", "required": false, "type": "boolean", "javaType": "boolean", "deprecated": false, "autowired": false, "secret": false, "defaultValue": false, "configurationClass": "org.apache.camel.component.google.vertexai.GoogleVertexAIConfiguration", "configurationField": "configuration", "description": "Whether to use JSON request\/response format" },
    "maxOutputTokens": { "index": 7, "kind": "parameter", "displayName": "Max Output Tokens", "group": "producer", "label": "producer", "required": false, "type": "integer", "javaType": "java.lang.Integer", "deprecated": false, "autowired": false, "secret": false, "defaultValue": 1024, "configurationClass": "org.apache.camel.component.google.vertexai.GoogleVertexAIConfiguration", "configurationField": "configuration", "description": "Maximum number of output tokens" },
    "operation": { "index": 8, "kind": "parameter", "displayName": "Operation", "group": "producer", "label": "producer", "required": false, "type": "enum", "javaType": "org.apache.camel.component.google.vertexai.GoogleVertexAIOperations", "enum": [ "generateText", "generateChat", "generateChatStreaming", "generateImage", "generateEmbeddings", "generateCode", "generateMultimodal", "rawPredict", "streamRawPredict" ], "deprecated": false, "autowired": false, "secret": false, "configurationClass": "org.apache.camel.component.google.vertexai.GoogleVertexAIConfiguration", "configurationField": "configuration", "description": "Set the operation for the producer" },
    "publisher": { "index": 9, "kind": "parameter", "displayName": "Publisher", "group": "producer", "label": "producer", "required": false, "type": "string", "javaType": "java.lang.String", "deprecated": false, "autowired": false, "secret": false, "configurationClass": "org.apache.camel.component.google.vertexai.GoogleVertexAIConfiguration", "configurationField": "configuration", "description": "Publisher name for partner models (e.g., anthropic, meta, mistralai). Required for rawPredict operations." },
    "streamOutputMode": { "index": 10, "kind": "parameter", "displayName": "Stream Output Mode", "group": "producer", "label": "producer", "required": false, "type": "enum", "javaType": "java.lang.String", "enum": [ "complete", "chunks" ], "deprecated": false, "autowired": false, "secret": false, "defaultValue": "complete", "configurationClass": "org.apache.camel.component.google.vertexai.GoogleVertexAIConfiguration", "configurationField": "configuration", "description": "Streaming output mode: complete (default) or chunks" },
    "temperature": { "index": 11, "kind": "parameter", "displayName": "Temperature", "group": "producer", "label": "producer", "required": false, "type": "number", "javaType": "java.lang.Float", "deprecated": false, "autowired": false, "secret": false, "defaultValue": "0.7", "configurationClass": "org.apache.camel.component.google.vertexai.GoogleVertexAIConfiguration", "configurationField": "configuration", "description": "Temperature parameter for generation (0.0-1.0)" },
    "topK": { "index": 12, "kind": "parameter", "displayName": "Top K", "group": "producer", "label": "producer", "required": false, "type": "integer", "javaType": "java.lang.Integer", "deprecated": false, "autowired": false, "secret": false, "defaultValue": 40, "configurationClass": "org.apache.camel.component.google.vertexai.GoogleVertexAIConfiguration", "configurationField": "configuration", "description": "Top-K parameter for generation" },
    "topP": { "index": 13, "kind": "parameter", "displayName": "Top P", "group": "producer", "label": "producer", "required": false, "type": "number", "javaType": "java.lang.Float", "deprecated": false, "autowired": false, "secret": false, "defaultValue": "0.95", "configurationClass": "org.apache.camel.component.google.vertexai.GoogleVertexAIConfiguration", "configurationField": "configuration", "description": "Top-P parameter for nucleus sampling" },
    "lazyStartProducer": { "index": 14, "kind": "parameter", "displayName": "Lazy Start Producer", "group": "producer (advanced)", "label": "producer,advanced", "required": false, "type": "boolean", "javaType": "boolean", "deprecated": false, "autowired": false, "secret": false, "defaultValue": false, "description": "Whether the producer should be started lazy (on the first message). By starting lazy you can use this to allow CamelContext and routes to startup in situations where a producer may otherwise fail during starting and cause the route to fail being started. By deferring this startup to be lazy then the startup failure can be handled during routing messages via Camel's routing error handlers. Beware that when the first message is processed then creating and starting the producer may take a little time and prolong the total processing time of the processing." },
    "client": { "index": 15, "kind": "parameter", "displayName": "Client", "group": "advanced", "label": "advanced", "required": false, "type": "object", "javaType": "com.google.genai.Client", "deprecated": false, "deprecationNote": "", "autowired": true, "secret": false, "configurationClass": "org.apache.camel.component.google.vertexai.GoogleVertexAIConfiguration", "configurationField": "configuration", "description": "The Google GenAI client for Vertex AI" },
    "predictionServiceClient": { "index": 16, "kind": "parameter", "displayName": "Prediction Service Client", "group": "advanced", "label": "advanced", "required": false, "type": "object", "javaType": "com.google.cloud.aiplatform.v1.PredictionServiceClient", "deprecated": false, "deprecationNote": "", "autowired": true, "secret": false, "configurationClass": "org.apache.camel.component.google.vertexai.GoogleVertexAIConfiguration", "configurationField": "configuration", "description": "The Google Cloud AI Platform Prediction Service client for rawPredict operations" }
  }
}
