{
  "component": {
    "kind": "component",
    "name": "google-sheets",
    "title": "Google Sheets",
    "description": "Manage spreadsheets in Google Sheets.",
    "deprecated": false,
    "firstVersion": "2.23.0",
    "label": "cloud,document",
    "javaType": "org.apache.camel.component.google.sheets.GoogleSheetsComponent",
    "supportLevel": "Stable",
    "groupId": "org.apache.camel",
    "artifactId": "camel-google-sheets",
    "version": "4.17.0-SNAPSHOT",
    "scheme": "google-sheets",
    "extendsScheme": "",
    "syntax": "google-sheets:apiName\/methodName",
    "async": false,
    "api": true,
    "apiSyntax": "apiName\/methodName",
    "consumerOnly": false,
    "producerOnly": false,
    "lenientProperties": false,
    "browsable": false,
    "remote": true,
    "verifiers": "parameters,connectivity"
  },
  "componentProperties": {
    "applicationName": { "index": 0, "kind": "property", "displayName": "Application Name", "group": "common", "label": "", "required": false, "type": "string", "javaType": "java.lang.String", "deprecated": false, "autowired": false, "secret": false, "configurationClass": "org.apache.camel.component.google.sheets.GoogleSheetsConfiguration", "configurationField": "configuration", "description": "Google Sheets application name. Example would be camel-google-sheets\/1.0" },
    "clientId": { "index": 1, "kind": "property", "displayName": "Client Id", "group": "common", "label": "", "required": false, "type": "string", "javaType": "java.lang.String", "deprecated": false, "autowired": false, "secret": false, "configurationClass": "org.apache.camel.component.google.sheets.GoogleSheetsConfiguration", "configurationField": "configuration", "description": "Client ID of the sheets application" },
    "configuration": { "index": 2, "kind": "property", "displayName": "Configuration", "group": "common", "label": "", "required": false, "type": "object", "javaType": "org.apache.camel.component.google.sheets.GoogleSheetsConfiguration", "deprecated": false, "autowired": false, "secret": false, "description": "To use the shared configuration" },
    "delegate": { "index": 3, "kind": "property", "displayName": "Delegate", "group": "common", "label": "", "required": false, "type": "string", "javaType": "java.lang.String", "deprecated": false, "autowired": false, "secret": false, "configurationClass": "org.apache.camel.component.google.sheets.GoogleSheetsConfiguration", "configurationField": "configuration", "description": "Delegate for wide-domain service account" },
    "scopes": { "index": 4, "kind": "property", "displayName": "Scopes", "group": "common", "label": "", "required": false, "type": "string", "javaType": "java.lang.String", "deprecated": false, "autowired": false, "secret": false, "configurationClass": "org.apache.camel.component.google.sheets.GoogleSheetsConfiguration", "configurationField": "configuration", "description": "Specifies the level of permissions you want a sheets application to have to a user account. See https:\/\/developers.google.com\/identity\/protocols\/googlescopes for more info. Multiple scopes can be separated by comma." },
    "bridgeErrorHandler": { "index": 5, "kind": "property", "displayName": "Bridge Error Handler", "group": "consumer", "label": "consumer", "required": false, "type": "boolean", "javaType": "boolean", "deprecated": false, "autowired": false, "secret": false, "defaultValue": false, "description": "Allows for bridging the consumer to the Camel routing Error Handler, which mean any exceptions (if possible) occurred while the Camel consumer is trying to pickup incoming messages, or the likes, will now be processed as a message and handled by the routing Error Handler. Important: This is only possible if the 3rd party component allows Camel to be alerted if an exception was thrown. Some components handle this internally only, and therefore bridgeErrorHandler is not possible. In other situations we may improve the Camel component to hook into the 3rd party component and make this possible for future releases. By default the consumer will use the org.apache.camel.spi.ExceptionHandler to deal with exceptions, that will be logged at WARN or ERROR level and ignored." },
    "splitResult": { "index": 6, "kind": "property", "displayName": "Split Result", "group": "consumer", "label": "consumer", "required": false, "type": "boolean", "javaType": "boolean", "deprecated": false, "autowired": false, "secret": false, "defaultValue": true, "configurationClass": "org.apache.camel.component.google.sheets.GoogleSheetsConfiguration", "configurationField": "configuration", "description": "When consumer return an array or collection this will generate one exchange per element, and their routes will be executed once for each exchange. Set this value to false to use a single exchange for the entire list or array." },
    "lazyStartProducer": { "index": 7, "kind": "property", "displayName": "Lazy Start Producer", "group": "producer", "label": "producer", "required": false, "type": "boolean", "javaType": "boolean", "deprecated": false, "autowired": false, "secret": false, "defaultValue": false, "description": "Whether the producer should be started lazy (on the first message). By starting lazy you can use this to allow CamelContext and routes to startup in situations where a producer may otherwise fail during starting and cause the route to fail being started. By deferring this startup to be lazy then the startup failure can be handled during routing messages via Camel's routing error handlers. Beware that when the first message is processed then creating and starting the producer may take a little time and prolong the total processing time of the processing." },
    "autowiredEnabled": { "index": 8, "kind": "property", "displayName": "Autowired Enabled", "group": "advanced", "label": "advanced", "required": false, "type": "boolean", "javaType": "boolean", "deprecated": false, "autowired": false, "secret": false, "defaultValue": true, "description": "Whether autowiring is enabled. This is used for automatic autowiring options (the option must be marked as autowired) by looking up in the registry to find if there is a single instance of matching type, which then gets configured on the component. This can be used for automatic configuring JDBC data sources, JMS connection factories, AWS Clients, etc." },
    "clientFactory": { "index": 9, "kind": "property", "displayName": "Client Factory", "group": "advanced", "label": "advanced", "required": false, "type": "object", "javaType": "org.apache.camel.component.google.sheets.GoogleSheetsClientFactory", "deprecated": false, "autowired": false, "secret": false, "description": "To use the GoogleSheetsClientFactory as factory for creating the client. Will by default use BatchGoogleSheetsClientFactory" },
    "accessToken": { "index": 10, "kind": "property", "displayName": "Access Token", "group": "security", "label": "security", "required": false, "type": "string", "javaType": "java.lang.String", "deprecated": false, "autowired": false, "secret": true, "configurationClass": "org.apache.camel.component.google.sheets.GoogleSheetsConfiguration", "configurationField": "configuration", "description": "OAuth 2 access token. This typically expires after an hour so refreshToken is recommended for long term usage." },
    "clientSecret": { "index": 11, "kind": "property", "displayName": "Client Secret", "group": "security", "label": "security", "required": false, "type": "string", "javaType": "java.lang.String", "deprecated": false, "autowired": false, "secret": true, "configurationClass": "org.apache.camel.component.google.sheets.GoogleSheetsConfiguration", "configurationField": "configuration", "description": "Client secret of the sheets application" },
    "refreshToken": { "index": 12, "kind": "property", "displayName": "Refresh Token", "group": "security", "label": "security", "required": false, "type": "string", "javaType": "java.lang.String", "deprecated": false, "autowired": false, "secret": true, "configurationClass": "org.apache.camel.component.google.sheets.GoogleSheetsConfiguration", "configurationField": "configuration", "description": "OAuth 2 refresh token. Using this, the Google Sheets component can obtain a new accessToken whenever the current one expires - a necessity if the application is long-lived." },
    "serviceAccountKey": { "index": 13, "kind": "property", "displayName": "Service Account Key", "group": "security", "label": "security", "required": false, "type": "string", "javaType": "java.lang.String", "deprecated": false, "autowired": false, "secret": false, "configurationClass": "org.apache.camel.component.google.sheets.GoogleSheetsConfiguration", "configurationField": "configuration", "description": "Sets .json file with credentials for Service account" }
  },
  "properties": {
    "apiName": { "index": 0, "kind": "path", "displayName": "Api Name", "group": "common", "label": "", "required": true, "type": "enum", "javaType": "org.apache.camel.component.google.sheets.internal.GoogleSheetsApiName", "enum": [ "SPREADSHEETS", "DATA" ], "deprecated": false, "deprecationNote": "", "autowired": false, "secret": false, "configurationClass": "org.apache.camel.component.google.sheets.GoogleSheetsConfiguration", "configurationField": "configuration", "description": "What kind of operation to perform" },
    "methodName": { "index": 1, "kind": "path", "displayName": "Method Name", "group": "common", "label": "", "required": true, "type": "enum", "javaType": "java.lang.String", "enum": [ "create", "get", "update", "append", "batchUpdate", "clear" ], "deprecated": false, "deprecationNote": "", "autowired": false, "secret": false, "configurationClass": "org.apache.camel.component.google.sheets.GoogleSheetsConfiguration", "configurationField": "configuration", "description": "What sub operation to use for the selected operation" },
    "applicationName": { "index": 2, "kind": "parameter", "displayName": "Application Name", "group": "common", "label": "", "required": false, "type": "string", "javaType": "java.lang.String", "deprecated": false, "autowired": false, "secret": false, "configurationClass": "org.apache.camel.component.google.sheets.GoogleSheetsConfiguration", "configurationField": "configuration", "description": "Google Sheets application name. Example would be camel-google-sheets\/1.0" },
    "clientId": { "index": 3, "kind": "parameter", "displayName": "Client Id", "group": "common", "label": "", "required": false, "type": "string", "javaType": "java.lang.String", "deprecated": false, "autowired": false, "secret": false, "configurationClass": "org.apache.camel.component.google.sheets.GoogleSheetsConfiguration", "configurationField": "configuration", "description": "Client ID of the sheets application" },
    "delegate": { "index": 4, "kind": "parameter", "displayName": "Delegate", "group": "common", "label": "", "required": false, "type": "string", "javaType": "java.lang.String", "deprecated": false, "autowired": false, "secret": false, "configurationClass": "org.apache.camel.component.google.sheets.GoogleSheetsConfiguration", "configurationField": "configuration", "description": "Delegate for wide-domain service account" },
    "inBody": { "index": 5, "kind": "parameter", "displayName": "In Body", "group": "common", "label": "", "required": false, "type": "string", "javaType": "java.lang.String", "deprecated": false, "autowired": false, "secret": false, "description": "Sets the name of a parameter to be passed in the exchange In Body" },
    "scopes": { "index": 6, "kind": "parameter", "displayName": "Scopes", "group": "common", "label": "", "required": false, "type": "string", "javaType": "java.lang.String", "deprecated": false, "autowired": false, "secret": false, "configurationClass": "org.apache.camel.component.google.sheets.GoogleSheetsConfiguration", "configurationField": "configuration", "description": "Specifies the level of permissions you want a sheets application to have to a user account. See https:\/\/developers.google.com\/identity\/protocols\/googlescopes for more info. Multiple scopes can be separated by comma." },
    "sendEmptyMessageWhenIdle": { "index": 7, "kind": "parameter", "displayName": "Send Empty Message When Idle", "group": "consumer", "label": "consumer", "required": false, "type": "boolean", "javaType": "boolean", "deprecated": false, "autowired": false, "secret": false, "defaultValue": false, "description": "If the polling consumer did not poll any files, you can enable this option to send an empty message (no body) instead." },
    "splitResult": { "index": 8, "kind": "parameter", "displayName": "Split Result", "group": "consumer", "label": "consumer", "required": false, "type": "boolean", "javaType": "boolean", "deprecated": false, "autowired": false, "secret": false, "defaultValue": true, "configurationClass": "org.apache.camel.component.google.sheets.GoogleSheetsConfiguration", "configurationField": "configuration", "description": "When consumer return an array or collection this will generate one exchange per element, and their routes will be executed once for each exchange. Set this value to false to use a single exchange for the entire list or array." },
    "bridgeErrorHandler": { "index": 9, "kind": "parameter", "displayName": "Bridge Error Handler", "group": "consumer (advanced)", "label": "consumer,advanced", "required": false, "type": "boolean", "javaType": "boolean", "deprecated": false, "autowired": false, "secret": false, "defaultValue": false, "description": "Allows for bridging the consumer to the Camel routing Error Handler, which mean any exceptions (if possible) occurred while the Camel consumer is trying to pickup incoming messages, or the likes, will now be processed as a message and handled by the routing Error Handler. Important: This is only possible if the 3rd party component allows Camel to be alerted if an exception was thrown. Some components handle this internally only, and therefore bridgeErrorHandler is not possible. In other situations we may improve the Camel component to hook into the 3rd party component and make this possible for future releases. By default the consumer will use the org.apache.camel.spi.ExceptionHandler to deal with exceptions, that will be logged at WARN or ERROR level and ignored." },
    "exceptionHandler": { "index": 10, "kind": "parameter", "displayName": "Exception Handler", "group": "consumer (advanced)", "label": "consumer,advanced", "required": false, "type": "object", "javaType": "org.apache.camel.spi.ExceptionHandler", "optionalPrefix": "consumer.", "deprecated": false, "autowired": false, "secret": false, "description": "To let the consumer use a custom ExceptionHandler. Notice if the option bridgeErrorHandler is enabled then this option is not in use. By default the consumer will deal with exceptions, that will be logged at WARN or ERROR level and ignored." },
    "exchangePattern": { "index": 11, "kind": "parameter", "displayName": "Exchange Pattern", "group": "consumer (advanced)", "label": "consumer,advanced", "required": false, "type": "enum", "javaType": "org.apache.camel.ExchangePattern", "enum": [ "InOnly", "InOut" ], "deprecated": false, "autowired": false, "secret": false, "description": "Sets the exchange pattern when the consumer creates an exchange." },
    "pollStrategy": { "index": 12, "kind": "parameter", "displayName": "Poll Strategy", "group": "consumer (advanced)", "label": "consumer,advanced", "required": false, "type": "object", "javaType": "org.apache.camel.spi.PollingConsumerPollStrategy", "deprecated": false, "autowired": false, "secret": false, "description": "A pluggable org.apache.camel.PollingConsumerPollingStrategy allowing you to provide your custom implementation to control error handling usually occurred during the poll operation before an Exchange have been created and being routed in Camel." },
    "lazyStartProducer": { "index": 13, "kind": "parameter", "displayName": "Lazy Start Producer", "group": "producer (advanced)", "label": "producer,advanced", "required": false, "type": "boolean", "javaType": "boolean", "deprecated": false, "autowired": false, "secret": false, "defaultValue": false, "description": "Whether the producer should be started lazy (on the first message). By starting lazy you can use this to allow CamelContext and routes to startup in situations where a producer may otherwise fail during starting and cause the route to fail being started. By deferring this startup to be lazy then the startup failure can be handled during routing messages via Camel's routing error handlers. Beware that when the first message is processed then creating and starting the producer may take a little time and prolong the total processing time of the processing." },
    "backoffErrorThreshold": { "index": 14, "kind": "parameter", "displayName": "Backoff Error Threshold", "group": "scheduler", "label": "consumer,scheduler", "required": false, "type": "integer", "javaType": "int", "deprecated": false, "autowired": false, "secret": false, "description": "The number of subsequent error polls (failed due some error) that should happen before the backoffMultipler should kick-in." },
    "backoffIdleThreshold": { "index": 15, "kind": "parameter", "displayName": "Backoff Idle Threshold", "group": "scheduler", "label": "consumer,scheduler", "required": false, "type": "integer", "javaType": "int", "deprecated": false, "autowired": false, "secret": false, "description": "The number of subsequent idle polls that should happen before the backoffMultipler should kick-in." },
    "backoffMultiplier": { "index": 16, "kind": "parameter", "displayName": "Backoff Multiplier", "group": "scheduler", "label": "consumer,scheduler", "required": false, "type": "integer", "javaType": "int", "deprecated": false, "autowired": false, "secret": false, "description": "To let the scheduled polling consumer backoff if there has been a number of subsequent idles\/errors in a row. The multiplier is then the number of polls that will be skipped before the next actual attempt is happening again. When this option is in use then backoffIdleThreshold and\/or backoffErrorThreshold must also be configured." },
    "delay": { "index": 17, "kind": "parameter", "displayName": "Delay", "group": "scheduler", "label": "consumer,scheduler", "required": false, "type": "integer", "javaType": "long", "deprecated": false, "autowired": false, "secret": false, "defaultValue": 500, "description": "Milliseconds before the next poll." },
    "greedy": { "index": 18, "kind": "parameter", "displayName": "Greedy", "group": "scheduler", "label": "consumer,scheduler", "required": false, "type": "boolean", "javaType": "boolean", "deprecated": false, "autowired": false, "secret": false, "defaultValue": false, "description": "If greedy is enabled, then the ScheduledPollConsumer will run immediately again, if the previous run polled 1 or more messages." },
    "initialDelay": { "index": 19, "kind": "parameter", "displayName": "Initial Delay", "group": "scheduler", "label": "consumer,scheduler", "required": false, "type": "integer", "javaType": "long", "deprecated": false, "autowired": false, "secret": false, "defaultValue": 1000, "description": "Milliseconds before the first poll starts." },
    "repeatCount": { "index": 20, "kind": "parameter", "displayName": "Repeat Count", "group": "scheduler", "label": "consumer,scheduler", "required": false, "type": "integer", "javaType": "long", "deprecated": false, "autowired": false, "secret": false, "defaultValue": 0, "description": "Specifies a maximum limit of number of fires. So if you set it to 1, the scheduler will only fire once. If you set it to 5, it will only fire five times. A value of zero or negative means fire forever." },
    "runLoggingLevel": { "index": 21, "kind": "parameter", "displayName": "Run Logging Level", "group": "scheduler", "label": "consumer,scheduler", "required": false, "type": "enum", "javaType": "org.apache.camel.LoggingLevel", "enum": [ "TRACE", "DEBUG", "INFO", "WARN", "ERROR", "OFF" ], "deprecated": false, "autowired": false, "secret": false, "defaultValue": "TRACE", "description": "The consumer logs a start\/complete log line when it polls. This option allows you to configure the logging level for that." },
    "scheduledExecutorService": { "index": 22, "kind": "parameter", "displayName": "Scheduled Executor Service", "group": "scheduler", "label": "consumer,scheduler", "required": false, "type": "object", "javaType": "java.util.concurrent.ScheduledExecutorService", "deprecated": false, "autowired": false, "secret": false, "description": "Allows for configuring a custom\/shared thread pool to use for the consumer. By default each consumer has its own single threaded thread pool." },
    "scheduler": { "index": 23, "kind": "parameter", "displayName": "Scheduler", "group": "scheduler", "label": "consumer,scheduler", "required": false, "type": "object", "javaType": "java.lang.Object", "deprecated": false, "autowired": false, "secret": false, "defaultValue": "none", "description": "To use a cron scheduler from either camel-spring or camel-quartz component. Use value spring or quartz for built in scheduler" },
    "schedulerProperties": { "index": 24, "kind": "parameter", "displayName": "Scheduler Properties", "group": "scheduler", "label": "consumer,scheduler", "required": false, "type": "object", "javaType": "java.util.Map<java.lang.String, java.lang.Object>", "prefix": "scheduler.", "multiValue": true, "deprecated": false, "autowired": false, "secret": false, "description": "To configure additional properties when using a custom scheduler or any of the Quartz, Spring based scheduler. This is a multi-value option with prefix: scheduler." },
    "startScheduler": { "index": 25, "kind": "parameter", "displayName": "Start Scheduler", "group": "scheduler", "label": "consumer,scheduler", "required": false, "type": "boolean", "javaType": "boolean", "deprecated": false, "autowired": false, "secret": false, "defaultValue": true, "description": "Whether the scheduler should be auto started." },
    "timeUnit": { "index": 26, "kind": "parameter", "displayName": "Time Unit", "group": "scheduler", "label": "consumer,scheduler", "required": false, "type": "enum", "javaType": "java.util.concurrent.TimeUnit", "enum": [ "NANOSECONDS", "MICROSECONDS", "MILLISECONDS", "SECONDS", "MINUTES", "HOURS", "DAYS" ], "deprecated": false, "autowired": false, "secret": false, "defaultValue": "MILLISECONDS", "description": "Time unit for initialDelay and delay options." },
    "useFixedDelay": { "index": 27, "kind": "parameter", "displayName": "Use Fixed Delay", "group": "scheduler", "label": "consumer,scheduler", "required": false, "type": "boolean", "javaType": "boolean", "deprecated": false, "autowired": false, "secret": false, "defaultValue": true, "description": "Controls if fixed delay or fixed rate is used. See ScheduledExecutorService in JDK for details." },
    "accessToken": { "index": 28, "kind": "parameter", "displayName": "Access Token", "group": "security", "label": "security", "required": false, "type": "string", "javaType": "java.lang.String", "deprecated": false, "autowired": false, "secret": true, "configurationClass": "org.apache.camel.component.google.sheets.GoogleSheetsConfiguration", "configurationField": "configuration", "description": "OAuth 2 access token. This typically expires after an hour so refreshToken is recommended for long term usage." },
    "clientSecret": { "index": 29, "kind": "parameter", "displayName": "Client Secret", "group": "security", "label": "security", "required": false, "type": "string", "javaType": "java.lang.String", "deprecated": false, "autowired": false, "secret": true, "configurationClass": "org.apache.camel.component.google.sheets.GoogleSheetsConfiguration", "configurationField": "configuration", "description": "Client secret of the sheets application" },
    "refreshToken": { "index": 30, "kind": "parameter", "displayName": "Refresh Token", "group": "security", "label": "security", "required": false, "type": "string", "javaType": "java.lang.String", "deprecated": false, "autowired": false, "secret": true, "configurationClass": "org.apache.camel.component.google.sheets.GoogleSheetsConfiguration", "configurationField": "configuration", "description": "OAuth 2 refresh token. Using this, the Google Sheets component can obtain a new accessToken whenever the current one expires - a necessity if the application is long-lived." },
    "serviceAccountKey": { "index": 31, "kind": "parameter", "displayName": "Service Account Key", "group": "security", "label": "security", "required": false, "type": "string", "javaType": "java.lang.String", "deprecated": false, "autowired": false, "secret": false, "configurationClass": "org.apache.camel.component.google.sheets.GoogleSheetsConfiguration", "configurationField": "configuration", "description": "Sets .json file with credentials for Service account" }
  },
  "apis": {
    "data": { "consumerOnly": false, "producerOnly": false, "description": "The values collection of methods", "methods": { "append": { "description": "Appends values to a spreadsheet", "signatures": [ "com.google.api.services.sheets.v4.Sheets$Spreadsheets$Values$Append append(String spreadsheetId, String range, com.google.api.services.sheets.v4.model.ValueRange content)" ] }, "batchClear": { "description": "Clears one or more ranges of values from a spreadsheet", "signatures": [ "com.google.api.services.sheets.v4.Sheets$Spreadsheets$Values$BatchClear batchClear(String spreadsheetId, com.google.api.services.sheets.v4.model.BatchClearValuesRequest content)" ] }, "batchClearByDataFilter": { "description": "Clears one or more ranges of values from a spreadsheet", "signatures": [ "com.google.api.services.sheets.v4.Sheets$Spreadsheets$Values$BatchClearByDataFilter batchClearByDataFilter(String spreadsheetId, com.google.api.services.sheets.v4.model.BatchClearValuesByDataFilterRequest content)" ] }, "batchGet": { "description": "Returns one or more ranges of values from a spreadsheet", "signatures": [ "com.google.api.services.sheets.v4.Sheets$Spreadsheets$Values$BatchGet batchGet(String spreadsheetId)" ] }, "batchGetByDataFilter": { "description": "Returns one or more ranges of values that match the specified data filters", "signatures": [ "com.google.api.services.sheets.v4.Sheets$Spreadsheets$Values$BatchGetByDataFilter batchGetByDataFilter(String spreadsheetId, com.google.api.services.sheets.v4.model.BatchGetValuesByDataFilterRequest content)" ] }, "batchUpdate": { "description": "Sets values in one or more ranges of a spreadsheet", "signatures": [ "com.google.api.services.sheets.v4.Sheets$Spreadsheets$Values$BatchUpdate batchUpdate(String spreadsheetId, com.google.api.services.sheets.v4.model.BatchUpdateValuesRequest content)" ] }, "batchUpdateByDataFilter": { "description": "Sets values in one or more ranges of a spreadsheet", "signatures": [ "com.google.api.services.sheets.v4.Sheets$Spreadsheets$Values$BatchUpdateByDataFilter batchUpdateByDataFilter(String spreadsheetId, com.google.api.services.sheets.v4.model.BatchUpdateValuesByDataFilterRequest content)" ] }, "clear": { "description": "Clears values from a spreadsheet", "signatures": [ "com.google.api.services.sheets.v4.Sheets$Spreadsheets$Values$Clear clear(String spreadsheetId, String range, com.google.api.services.sheets.v4.model.ClearValuesRequest content)" ] }, "get": { "description": "Returns a range of values from a spreadsheet", "signatures": [ "com.google.api.services.sheets.v4.Sheets$Spreadsheets$Values$Get get(String spreadsheetId, String range)" ] }, "update": { "description": "Sets values in a range of a spreadsheet", "signatures": [ "com.google.api.services.sheets.v4.Sheets$Spreadsheets$Values$Update update(String spreadsheetId, String range, com.google.api.services.sheets.v4.model.ValueRange content)" ] } } },
    "spreadsheets": { "consumerOnly": false, "producerOnly": false, "description": "The spreadsheets collection of methods", "methods": { "batchUpdate": { "description": "Applies one or more updates to the spreadsheet", "signatures": [ "com.google.api.services.sheets.v4.Sheets$Spreadsheets$BatchUpdate batchUpdate(String spreadsheetId, com.google.api.services.sheets.v4.model.BatchUpdateSpreadsheetRequest content)" ] }, "create": { "description": "Creates a spreadsheet, returning the newly created spreadsheet", "signatures": [ "com.google.api.services.sheets.v4.Sheets$Spreadsheets$Create create(com.google.api.services.sheets.v4.model.Spreadsheet content)" ] }, "developerMetadata": { "description": "An accessor for creating requests from the DeveloperMetadata collection", "signatures": [ "com.google.api.services.sheets.v4.Sheets$Spreadsheets$DeveloperMetadata developerMetadata()" ] }, "get": { "description": "Returns the spreadsheet at the given ID", "signatures": [ "com.google.api.services.sheets.v4.Sheets$Spreadsheets$Get get(String spreadsheetId)" ] }, "getByDataFilter": { "description": "Returns the spreadsheet at the given ID", "signatures": [ "com.google.api.services.sheets.v4.Sheets$Spreadsheets$GetByDataFilter getByDataFilter(String spreadsheetId, com.google.api.services.sheets.v4.model.GetSpreadsheetByDataFilterRequest content)" ] }, "sheets": { "description": "An accessor for creating requests from the SheetsOperations collection", "signatures": [ "com.google.api.services.sheets.v4.Sheets$Spreadsheets$SheetsOperations sheets()" ] }, "values": { "description": "An accessor for creating requests from the Values collection", "signatures": [ "com.google.api.services.sheets.v4.Sheets$Spreadsheets$Values values()" ] } } }
  },
  "apiProperties": {
    "data": { "methods": { "append": { "properties": { "includeValuesInResponse": { "index": 0, "kind": "parameter", "displayName": "Include Values In Response", "group": "common", "label": "", "required": false, "type": "boolean", "javaType": "java.lang.Boolean", "deprecated": false, "autowired": false, "secret": false, "defaultValue": false, "description": "Determines if the update response should include the values of the cells that were appended", "optional": true }, "insertDataOption": { "index": 1, "kind": "parameter", "displayName": "Insert Data Option", "group": "common", "label": "", "required": false, "type": "string", "javaType": "java.lang.String", "deprecated": false, "autowired": false, "secret": false, "description": "How the input data should be inserted", "optional": true }, "range": { "index": 2, "kind": "parameter", "displayName": "Range", "group": "common", "label": "", "required": false, "type": "string", "javaType": "java.lang.String", "deprecated": false, "autowired": false, "secret": false, "description": "The A1 notation(https:\/\/developers.google.com\/workspace\/sheets\/api\/guides\/concepts#cell) of a range to search for a logical table of data. Values are appended after the last row of the table.", "optional": false }, "responseDateTimeRenderOption": { "index": 3, "kind": "parameter", "displayName": "Response Date Time Render Option", "group": "common", "label": "", "required": false, "type": "string", "javaType": "java.lang.String", "deprecated": false, "autowired": false, "secret": false, "description": "Determines how dates, times, and durations in the response should be rendered", "optional": true }, "responseValueRenderOption": { "index": 4, "kind": "parameter", "displayName": "Response Value Render Option", "group": "common", "label": "", "required": false, "type": "string", "javaType": "java.lang.String", "deprecated": false, "autowired": false, "secret": false, "description": "Determines how values in the response should be rendered", "optional": true }, "spreadsheetId": { "index": 5, "kind": "parameter", "displayName": "Spreadsheet Id", "group": "common", "label": "", "required": false, "type": "string", "javaType": "java.lang.String", "deprecated": false, "autowired": false, "secret": false, "description": "The ID of the spreadsheet to update", "optional": false }, "valueInputOption": { "index": 6, "kind": "parameter", "displayName": "Value Input Option", "group": "common", "label": "", "required": false, "type": "string", "javaType": "java.lang.String", "deprecated": false, "autowired": false, "secret": false, "description": "How the input data should be interpreted", "optional": true }, "values": { "index": 7, "kind": "parameter", "displayName": "Values", "group": "common", "label": "", "required": false, "type": "object", "javaType": "com.google.api.services.sheets.v4.model.ValueRange", "deprecated": false, "autowired": false, "secret": false, "description": "The com.google.api.services.sheets.v4.model.ValueRange", "optional": false } } }, "batchClear": { "properties": { "batchClearValuesRequest": { "index": 0, "kind": "parameter", "displayName": "Batch Clear Values Request", "group": "common", "label": "", "required": false, "type": "object", "javaType": "com.google.api.services.sheets.v4.model.BatchClearValuesRequest", "deprecated": false, "autowired": false, "secret": false, "description": "The com.google.api.services.sheets.v4.model.BatchClearValuesRequest", "optional": false }, "spreadsheetId": { "index": 1, "kind": "parameter", "displayName": "Spreadsheet Id", "group": "common", "label": "", "required": false, "type": "string", "javaType": "java.lang.String", "deprecated": false, "autowired": false, "secret": false, "description": "The ID of the spreadsheet to update", "optional": false } } }, "batchClearByDataFilter": { "properties": { "content": { "index": 0, "kind": "parameter", "displayName": "Content", "group": "common", "label": "", "required": false, "type": "object", "javaType": "com.google.api.services.sheets.v4.model.BatchClearValuesByDataFilterRequest", "deprecated": false, "autowired": false, "secret": false, "description": "The com.google.api.services.sheets.v4.model.BatchClearValuesByDataFilterRequest", "optional": false }, "spreadsheetId": { "index": 1, "kind": "parameter", "displayName": "Spreadsheet Id", "group": "common", "label": "", "required": false, "type": "string", "javaType": "java.lang.String", "deprecated": false, "autowired": false, "secret": false, "description": "The ID of the spreadsheet to update", "optional": false } } }, "batchGet": { "properties": { "dateTimeRenderOption": { "index": 0, "kind": "parameter", "displayName": "Date Time Render Option", "group": "common", "label": "", "required": false, "type": "string", "javaType": "java.lang.String", "deprecated": false, "autowired": false, "secret": false, "description": "How dates, times, and durations should be represented in the output", "optional": true }, "majorDimension": { "index": 1, "kind": "parameter", "displayName": "Major Dimension", "group": "common", "label": "", "required": false, "type": "string", "javaType": "java.lang.String", "deprecated": false, "autowired": false, "secret": false, "description": "The major dimension that results should use", "optional": true }, "ranges": { "index": 2, "kind": "parameter", "displayName": "Ranges", "group": "common", "label": "", "required": false, "type": "array", "javaType": "java.util.List", "deprecated": false, "autowired": false, "secret": false, "description": "The A1 notation or R1C1 notation(https:\/\/developers", "optional": true }, "spreadsheetId": { "index": 3, "kind": "parameter", "displayName": "Spreadsheet Id", "group": "common", "label": "", "required": false, "type": "string", "javaType": "java.lang.String", "deprecated": false, "autowired": false, "secret": false, "description": "The ID of the spreadsheet to retrieve data from", "optional": false }, "valueRenderOption": { "index": 4, "kind": "parameter", "displayName": "Value Render Option", "group": "common", "label": "", "required": false, "type": "string", "javaType": "java.lang.String", "deprecated": false, "autowired": false, "secret": false, "description": "How values should be represented in the output", "optional": true } } }, "batchGetByDataFilter": { "properties": { "batchGetValuesByDataFilterRequest": { "index": 0, "kind": "parameter", "displayName": "Batch Get Values By Data Filter Request", "group": "common", "label": "", "required": false, "type": "object", "javaType": "com.google.api.services.sheets.v4.model.BatchGetValuesByDataFilterRequest", "deprecated": false, "autowired": false, "secret": false, "description": "The com.google.api.services.sheets.v4.model.BatchGetValuesByDataFilterRequest", "optional": false }, "spreadsheetId": { "index": 1, "kind": "parameter", "displayName": "Spreadsheet Id", "group": "common", "label": "", "required": false, "type": "string", "javaType": "java.lang.String", "deprecated": false, "autowired": false, "secret": false, "description": "The ID of the spreadsheet to retrieve data from", "optional": false } } }, "batchUpdate": { "properties": { "batchUpdateValuesRequest": { "index": 0, "kind": "parameter", "displayName": "Batch Update Values Request", "group": "common", "label": "", "required": false, "type": "object", "javaType": "com.google.api.services.sheets.v4.model.BatchUpdateValuesRequest", "deprecated": false, "autowired": false, "secret": false, "description": "The com.google.api.services.sheets.v4.model.BatchUpdateValuesRequest", "optional": false }, "spreadsheetId": { "index": 1, "kind": "parameter", "displayName": "Spreadsheet Id", "group": "common", "label": "", "required": false, "type": "string", "javaType": "java.lang.String", "deprecated": false, "autowired": false, "secret": false, "description": "The ID of the spreadsheet to update", "optional": false } } }, "batchUpdateByDataFilter": { "properties": { "batchUpdateValuesByDataFilterRequest": { "index": 0, "kind": "parameter", "displayName": "Batch Update Values By Data Filter Request", "group": "common", "label": "", "required": false, "type": "object", "javaType": "com.google.api.services.sheets.v4.model.BatchUpdateValuesByDataFilterRequest", "deprecated": false, "autowired": false, "secret": false, "description": "The com.google.api.services.sheets.v4.model.BatchUpdateValuesByDataFilterRequest", "optional": false }, "spreadsheetId": { "index": 1, "kind": "parameter", "displayName": "Spreadsheet Id", "group": "common", "label": "", "required": false, "type": "string", "javaType": "java.lang.String", "deprecated": false, "autowired": false, "secret": false, "description": "The ID of the spreadsheet to update", "optional": false } } }, "clear": { "properties": { "clearValuesRequest": { "index": 0, "kind": "parameter", "displayName": "Clear Values Request", "group": "common", "label": "", "required": false, "type": "object", "javaType": "com.google.api.services.sheets.v4.model.ClearValuesRequest", "deprecated": false, "autowired": false, "secret": false, "description": "The com.google.api.services.sheets.v4.model.ClearValuesRequest", "optional": false }, "range": { "index": 1, "kind": "parameter", "displayName": "Range", "group": "common", "label": "", "required": false, "type": "string", "javaType": "java.lang.String", "deprecated": false, "autowired": false, "secret": false, "description": "The A1 notation or R1C1 notation(https:\/\/developers.google.com\/workspace\/sheets\/api\/guides\/concepts#cell) of the values to clear.", "optional": false }, "spreadsheetId": { "index": 2, "kind": "parameter", "displayName": "Spreadsheet Id", "group": "common", "label": "", "required": false, "type": "string", "javaType": "java.lang.String", "deprecated": false, "autowired": false, "secret": false, "description": "The ID of the spreadsheet to update", "optional": false } } }, "get": { "properties": { "dateTimeRenderOption": { "index": 0, "kind": "parameter", "displayName": "Date Time Render Option", "group": "common", "label": "", "required": false, "type": "string", "javaType": "java.lang.String", "deprecated": false, "autowired": false, "secret": false, "description": "How dates, times, and durations should be represented in the output", "optional": true }, "majorDimension": { "index": 1, "kind": "parameter", "displayName": "Major Dimension", "group": "common", "label": "", "required": false, "type": "string", "javaType": "java.lang.String", "deprecated": false, "autowired": false, "secret": false, "description": "The major dimension that results should use", "optional": true }, "range": { "index": 2, "kind": "parameter", "displayName": "Range", "group": "common", "label": "", "required": false, "type": "string", "javaType": "java.lang.String", "deprecated": false, "autowired": false, "secret": false, "description": "The A1 notation or R1C1 notation(https:\/\/developers.google.com\/workspace\/sheets\/api\/guides\/concepts#cell) of the range to retrieve values from.", "optional": false }, "spreadsheetId": { "index": 3, "kind": "parameter", "displayName": "Spreadsheet Id", "group": "common", "label": "", "required": false, "type": "string", "javaType": "java.lang.String", "deprecated": false, "autowired": false, "secret": false, "description": "The ID of the spreadsheet to retrieve data from", "optional": false }, "valueRenderOption": { "index": 4, "kind": "parameter", "displayName": "Value Render Option", "group": "common", "label": "", "required": false, "type": "string", "javaType": "java.lang.String", "deprecated": false, "autowired": false, "secret": false, "description": "How values should be represented in the output", "optional": true } } }, "update": { "properties": { "includeValuesInResponse": { "index": 0, "kind": "parameter", "displayName": "Include Values In Response", "group": "common", "label": "", "required": false, "type": "boolean", "javaType": "java.lang.Boolean", "deprecated": false, "autowired": false, "secret": false, "defaultValue": false, "description": "Determines if the update response should include the values of the cells that were updated", "optional": true }, "range": { "index": 1, "kind": "parameter", "displayName": "Range", "group": "common", "label": "", "required": false, "type": "string", "javaType": "java.lang.String", "deprecated": false, "autowired": false, "secret": false, "description": "The A1 notation(https:\/\/developers.google.com\/workspace\/sheets\/api\/guides\/concepts#cell) of the values to update.", "optional": false }, "responseDateTimeRenderOption": { "index": 2, "kind": "parameter", "displayName": "Response Date Time Render Option", "group": "common", "label": "", "required": false, "type": "string", "javaType": "java.lang.String", "deprecated": false, "autowired": false, "secret": false, "description": "Determines how dates, times, and durations in the response should be rendered", "optional": true }, "responseValueRenderOption": { "index": 3, "kind": "parameter", "displayName": "Response Value Render Option", "group": "common", "label": "", "required": false, "type": "string", "javaType": "java.lang.String", "deprecated": false, "autowired": false, "secret": false, "description": "Determines how values in the response should be rendered", "optional": true }, "spreadsheetId": { "index": 4, "kind": "parameter", "displayName": "Spreadsheet Id", "group": "common", "label": "", "required": false, "type": "string", "javaType": "java.lang.String", "deprecated": false, "autowired": false, "secret": false, "description": "The ID of the spreadsheet to update", "optional": false }, "valueInputOption": { "index": 5, "kind": "parameter", "displayName": "Value Input Option", "group": "common", "label": "", "required": false, "type": "string", "javaType": "java.lang.String", "deprecated": false, "autowired": false, "secret": false, "description": "How the input data should be interpreted", "optional": true }, "values": { "index": 6, "kind": "parameter", "displayName": "Values", "group": "common", "label": "", "required": false, "type": "object", "javaType": "com.google.api.services.sheets.v4.model.ValueRange", "deprecated": false, "autowired": false, "secret": false, "description": "The com.google.api.services.sheets.v4.model.ValueRange", "optional": false } } } } },
    "spreadsheets": { "methods": { "batchUpdate": { "properties": { "batchUpdateSpreadsheetRequest": { "index": 0, "kind": "parameter", "displayName": "Batch Update Spreadsheet Request", "group": "common", "label": "", "required": false, "type": "object", "javaType": "com.google.api.services.sheets.v4.model.BatchUpdateSpreadsheetRequest", "deprecated": false, "autowired": false, "secret": false, "description": "The com.google.api.services.sheets.v4.model.BatchUpdateSpreadsheetRequest", "optional": false }, "spreadsheetId": { "index": 1, "kind": "parameter", "displayName": "Spreadsheet Id", "group": "common", "label": "", "required": false, "type": "string", "javaType": "java.lang.String", "deprecated": false, "autowired": false, "secret": false, "description": "The spreadsheet to apply the updates to", "optional": false } } }, "create": { "properties": { "content": { "index": 0, "kind": "parameter", "displayName": "Content", "group": "common", "label": "", "required": false, "type": "object", "javaType": "com.google.api.services.sheets.v4.model.Spreadsheet", "deprecated": false, "autowired": false, "secret": false, "description": "The com.google.api.services.sheets.v4.model.Spreadsheet", "optional": false } } }, "developerMetadata": { "properties": {  } }, "get": { "properties": { "excludeTablesInBandedRanges": { "index": 0, "kind": "parameter", "displayName": "Exclude Tables In Banded Ranges", "group": "common", "label": "", "required": false, "type": "boolean", "javaType": "java.lang.Boolean", "deprecated": false, "autowired": false, "secret": false, "defaultValue": false, "description": "True if tables should be excluded in the banded ranges", "optional": true }, "includeGridData": { "index": 1, "kind": "parameter", "displayName": "Include Grid Data", "group": "common", "label": "", "required": false, "type": "boolean", "javaType": "java.lang.Boolean", "deprecated": false, "autowired": false, "secret": false, "defaultValue": false, "description": "True if grid data should be returned", "optional": true }, "ranges": { "index": 2, "kind": "parameter", "displayName": "Ranges", "group": "common", "label": "", "required": false, "type": "array", "javaType": "java.util.List", "deprecated": false, "autowired": false, "secret": false, "description": "The ranges to retrieve from the spreadsheet", "optional": true }, "spreadsheetId": { "index": 3, "kind": "parameter", "displayName": "Spreadsheet Id", "group": "common", "label": "", "required": false, "type": "string", "javaType": "java.lang.String", "deprecated": false, "autowired": false, "secret": false, "description": "The spreadsheet to request", "optional": false } } }, "getByDataFilter": { "properties": { "getSpreadsheetByDataFilterRequest": { "index": 0, "kind": "parameter", "displayName": "Get Spreadsheet By Data Filter Request", "group": "common", "label": "", "required": false, "type": "object", "javaType": "com.google.api.services.sheets.v4.model.GetSpreadsheetByDataFilterRequest", "deprecated": false, "autowired": false, "secret": false, "description": "The com.google.api.services.sheets.v4.model.GetSpreadsheetByDataFilterRequest", "optional": false }, "spreadsheetId": { "index": 1, "kind": "parameter", "displayName": "Spreadsheet Id", "group": "common", "label": "", "required": false, "type": "string", "javaType": "java.lang.String", "deprecated": false, "autowired": false, "secret": false, "description": "The spreadsheet to request", "optional": false } } }, "sheets": { "properties": {  } }, "values": { "properties": {  } } } }
  }
}
