{
  "component": {
    "kind": "component",
    "name": "google-pubsub-lite",
    "title": "Google PubSub Lite",
    "description": "Send and receive messages to\/from Google Cloud Platform PubSub Lite Service.",
    "deprecated": true,
    "firstVersion": "4.6.0",
    "label": "cloud,messaging",
    "javaType": "org.apache.camel.component.google.pubsublite.GooglePubsubLiteComponent",
    "supportLevel": "Stable",
    "groupId": "org.apache.camel",
    "artifactId": "camel-google-pubsub-lite",
    "version": "4.17.0-SNAPSHOT",
    "scheme": "google-pubsub-lite",
    "extendsScheme": "",
    "syntax": "google-pubsub-lite:projectId:location:destinationName",
    "async": false,
    "api": false,
    "consumerOnly": false,
    "producerOnly": false,
    "lenientProperties": false,
    "browsable": false,
    "remote": true
  },
  "componentProperties": {
    "bridgeErrorHandler": { "index": 0, "kind": "property", "displayName": "Bridge Error Handler", "group": "consumer", "label": "consumer", "required": false, "type": "boolean", "javaType": "boolean", "deprecated": false, "autowired": false, "secret": false, "defaultValue": false, "description": "Allows for bridging the consumer to the Camel routing Error Handler, which mean any exceptions (if possible) occurred while the Camel consumer is trying to pickup incoming messages, or the likes, will now be processed as a message and handled by the routing Error Handler. Important: This is only possible if the 3rd party component allows Camel to be alerted if an exception was thrown. Some components handle this internally only, and therefore bridgeErrorHandler is not possible. In other situations we may improve the Camel component to hook into the 3rd party component and make this possible for future releases. By default the consumer will use the org.apache.camel.spi.ExceptionHandler to deal with exceptions, that will be logged at WARN or ERROR level and ignored." },
    "consumerBytesOutstanding": { "index": 1, "kind": "property", "displayName": "Consumer Bytes Outstanding", "group": "consumer (advanced)", "label": "consumer,advanced", "required": false, "type": "integer", "javaType": "long", "deprecated": false, "autowired": false, "secret": false, "defaultValue": 10485760, "description": "The number of quota bytes that may be outstanding to the client. Must be greater than the allowed size of the largest message (1 MiB)." },
    "consumerMessagesOutstanding": { "index": 2, "kind": "property", "displayName": "Consumer Messages Outstanding", "group": "consumer (advanced)", "label": "consumer,advanced", "required": false, "type": "integer", "javaType": "long", "deprecated": false, "autowired": false, "secret": false, "defaultValue": 1000, "description": "The number of messages that may be outstanding to the client. Must be 0." },
    "lazyStartProducer": { "index": 3, "kind": "property", "displayName": "Lazy Start Producer", "group": "producer", "label": "producer", "required": false, "type": "boolean", "javaType": "boolean", "deprecated": false, "autowired": false, "secret": false, "defaultValue": false, "description": "Whether the producer should be started lazy (on the first message). By starting lazy you can use this to allow CamelContext and routes to startup in situations where a producer may otherwise fail during starting and cause the route to fail being started. By deferring this startup to be lazy then the startup failure can be handled during routing messages via Camel's routing error handlers. Beware that when the first message is processed then creating and starting the producer may take a little time and prolong the total processing time of the processing." },
    "publisherCacheSize": { "index": 4, "kind": "property", "displayName": "Publisher Cache Size", "group": "producer (advanced)", "label": "producer,advanced", "required": false, "type": "integer", "javaType": "int", "deprecated": false, "autowired": false, "secret": false, "defaultValue": 100, "description": "Maximum number of producers to cache. This could be increased if you have producers for lots of different topics." },
    "publisherCacheTimeout": { "index": 5, "kind": "property", "displayName": "Publisher Cache Timeout", "group": "producer (advanced)", "label": "producer,advanced", "required": false, "type": "integer", "javaType": "int", "deprecated": false, "autowired": false, "secret": false, "defaultValue": 180000, "description": "How many milliseconds should each producer stay alive in the cache." },
    "publisherTerminationTimeout": { "index": 6, "kind": "property", "displayName": "Publisher Termination Timeout", "group": "producer (advanced)", "label": "producer,advanced", "required": false, "type": "integer", "javaType": "int", "deprecated": false, "autowired": false, "secret": false, "defaultValue": 60000, "description": "How many milliseconds should a producer be allowed to terminate." },
    "autowiredEnabled": { "index": 7, "kind": "property", "displayName": "Autowired Enabled", "group": "advanced", "label": "advanced", "required": false, "type": "boolean", "javaType": "boolean", "deprecated": false, "autowired": false, "secret": false, "defaultValue": true, "description": "Whether autowiring is enabled. This is used for automatic autowiring options (the option must be marked as autowired) by looking up in the registry to find if there is a single instance of matching type, which then gets configured on the component. This can be used for automatic configuring JDBC data sources, JMS connection factories, AWS Clients, etc." },
    "serviceAccountKey": { "index": 8, "kind": "property", "displayName": "Service Account Key", "group": "security", "label": "security", "required": false, "type": "string", "javaType": "java.lang.String", "deprecated": false, "autowired": false, "secret": false, "description": "The Service account key that can be used as credentials for the PubSub Lite publisher\/subscriber. It can be loaded by default from classpath, but you can prefix with classpath:, file:, or http: to load the resource from different systems." }
  },
  "headers": {
    "CamelGooglePubsubMessageId": { "index": 0, "kind": "header", "displayName": "", "group": "common", "label": "", "required": false, "javaType": "String", "deprecated": false, "deprecationNote": "", "autowired": false, "secret": false, "description": "The ID of the message, assigned by the server when the message is published.", "constantName": "org.apache.camel.component.google.pubsublite.GooglePubsubLiteConstants#MESSAGE_ID" },
    "CamelGooglePubsubMsgAckId": { "index": 1, "kind": "header", "displayName": "", "group": "consumer", "label": "consumer", "required": false, "javaType": "String", "deprecated": false, "deprecationNote": "", "autowired": false, "secret": false, "description": "The ID used to acknowledge the received message.", "constantName": "org.apache.camel.component.google.pubsublite.GooglePubsubLiteConstants#ACK_ID" },
    "CamelGooglePubsubPublishTime": { "index": 2, "kind": "header", "displayName": "", "group": "consumer", "label": "consumer", "required": false, "javaType": "com.google.protobuf.Timestamp", "deprecated": false, "deprecationNote": "", "autowired": false, "secret": false, "description": "The time at which the message was published", "constantName": "org.apache.camel.component.google.pubsublite.GooglePubsubLiteConstants#PUBLISH_TIME" },
    "CamelGooglePubsubAttributes": { "index": 3, "kind": "header", "displayName": "", "group": "common", "label": "", "required": false, "javaType": "Map<String, String>", "deprecated": false, "deprecationNote": "", "autowired": false, "secret": false, "description": "The attributes of the message.", "constantName": "org.apache.camel.component.google.pubsublite.GooglePubsubLiteConstants#ATTRIBUTES" },
    "CamelGooglePubsubOrderingKey": { "index": 4, "kind": "header", "displayName": "", "group": "producer", "label": "producer", "required": false, "javaType": "String", "deprecated": false, "deprecationNote": "", "autowired": false, "secret": false, "description": "If non-empty, identifies related messages for which publish order should be respected.", "constantName": "org.apache.camel.component.google.pubsublite.GooglePubsubLiteConstants#ORDERING_KEY" }
  },
  "properties": {
    "projectId": { "index": 0, "kind": "path", "displayName": "Project Id", "group": "common", "label": "common", "required": true, "type": "integer", "javaType": "java.lang.Long", "deprecated": false, "deprecationNote": "", "autowired": false, "secret": false, "description": "The Google Cloud PubSub Lite Project Id" },
    "location": { "index": 1, "kind": "path", "displayName": "Location", "group": "common", "label": "common", "required": true, "type": "string", "javaType": "java.lang.String", "deprecated": false, "deprecationNote": "", "autowired": false, "secret": false, "description": "The Google Cloud PubSub Lite location" },
    "destinationName": { "index": 2, "kind": "path", "displayName": "Destination Name", "group": "common", "label": "common", "required": true, "type": "string", "javaType": "java.lang.String", "deprecated": false, "deprecationNote": "", "autowired": false, "secret": false, "description": "The Destination Name. For the consumer this will be the subscription name, while for the producer this will be the topic name." },
    "loggerId": { "index": 3, "kind": "parameter", "displayName": "Logger Id", "group": "common", "label": "", "required": false, "type": "string", "javaType": "java.lang.String", "deprecated": false, "autowired": false, "secret": false, "description": "Logger ID to use when a match to the parent route required" },
    "ackMode": { "index": 4, "kind": "parameter", "displayName": "Ack Mode", "group": "consumer", "label": "consumer", "required": false, "type": "enum", "javaType": "org.apache.camel.component.google.pubsublite.GooglePubsubLiteConstants.AckMode", "enum": [ "AUTO", "NONE" ], "deprecated": false, "autowired": false, "secret": false, "defaultValue": "AUTO", "description": "AUTO = exchange gets ack'ed\/nack'ed on completion. NONE = downstream process has to ack\/nack explicitly" },
    "concurrentConsumers": { "index": 5, "kind": "parameter", "displayName": "Concurrent Consumers", "group": "consumer", "label": "consumer", "required": false, "type": "integer", "javaType": "java.lang.Integer", "deprecated": false, "autowired": false, "secret": false, "defaultValue": 1, "description": "The number of parallel streams consuming from the subscription" },
    "maxAckExtensionPeriod": { "index": 6, "kind": "parameter", "displayName": "Max Ack Extension Period", "group": "consumer", "label": "consumer", "required": false, "type": "integer", "javaType": "int", "deprecated": false, "autowired": false, "secret": false, "defaultValue": 3600, "description": "Set the maximum period a message ack deadline will be extended. Value in seconds" },
    "maxMessagesPerPoll": { "index": 7, "kind": "parameter", "displayName": "Max Messages Per Poll", "group": "consumer", "label": "consumer", "required": false, "type": "integer", "javaType": "java.lang.Integer", "deprecated": false, "autowired": false, "secret": false, "defaultValue": 1, "description": "The max number of messages to receive from the server in a single API call" },
    "bridgeErrorHandler": { "index": 8, "kind": "parameter", "displayName": "Bridge Error Handler", "group": "consumer (advanced)", "label": "consumer,advanced", "required": false, "type": "boolean", "javaType": "boolean", "deprecated": false, "autowired": false, "secret": false, "defaultValue": false, "description": "Allows for bridging the consumer to the Camel routing Error Handler, which mean any exceptions (if possible) occurred while the Camel consumer is trying to pickup incoming messages, or the likes, will now be processed as a message and handled by the routing Error Handler. Important: This is only possible if the 3rd party component allows Camel to be alerted if an exception was thrown. Some components handle this internally only, and therefore bridgeErrorHandler is not possible. In other situations we may improve the Camel component to hook into the 3rd party component and make this possible for future releases. By default the consumer will use the org.apache.camel.spi.ExceptionHandler to deal with exceptions, that will be logged at WARN or ERROR level and ignored." },
    "exceptionHandler": { "index": 9, "kind": "parameter", "displayName": "Exception Handler", "group": "consumer (advanced)", "label": "consumer,advanced", "required": false, "type": "object", "javaType": "org.apache.camel.spi.ExceptionHandler", "optionalPrefix": "consumer.", "deprecated": false, "autowired": false, "secret": false, "description": "To let the consumer use a custom ExceptionHandler. Notice if the option bridgeErrorHandler is enabled then this option is not in use. By default the consumer will deal with exceptions, that will be logged at WARN or ERROR level and ignored." },
    "exchangePattern": { "index": 10, "kind": "parameter", "displayName": "Exchange Pattern", "group": "consumer (advanced)", "label": "consumer,advanced", "required": false, "type": "enum", "javaType": "org.apache.camel.ExchangePattern", "enum": [ "InOnly", "InOut" ], "deprecated": false, "autowired": false, "secret": false, "description": "Sets the exchange pattern when the consumer creates an exchange." },
    "lazyStartProducer": { "index": 11, "kind": "parameter", "displayName": "Lazy Start Producer", "group": "producer (advanced)", "label": "producer,advanced", "required": false, "type": "boolean", "javaType": "boolean", "deprecated": false, "autowired": false, "secret": false, "defaultValue": false, "description": "Whether the producer should be started lazy (on the first message). By starting lazy you can use this to allow CamelContext and routes to startup in situations where a producer may otherwise fail during starting and cause the route to fail being started. By deferring this startup to be lazy then the startup failure can be handled during routing messages via Camel's routing error handlers. Beware that when the first message is processed then creating and starting the producer may take a little time and prolong the total processing time of the processing." },
    "pubsubEndpoint": { "index": 12, "kind": "parameter", "displayName": "Pubsub Endpoint", "group": "producer (advanced)", "label": "producer,advanced", "required": false, "type": "string", "javaType": "java.lang.String", "deprecated": false, "autowired": false, "secret": false, "description": "Pub\/Sub endpoint to use. Required when using message ordering, and ensures that messages are received in order even when multiple publishers are used" },
    "serializer": { "index": 13, "kind": "parameter", "displayName": "Serializer", "group": "producer (advanced)", "label": "producer,advanced", "required": false, "type": "object", "javaType": "org.apache.camel.component.google.pubsublite.serializer.GooglePubsubSerializer", "deprecated": false, "deprecationNote": "", "autowired": true, "secret": false, "description": "A custom GooglePubsubLiteSerializer to use for serializing message payloads in the producer" },
    "serviceAccountKey": { "index": 14, "kind": "parameter", "displayName": "Service Account Key", "group": "security", "label": "security", "required": false, "type": "string", "javaType": "java.lang.String", "deprecated": false, "autowired": false, "secret": false, "description": "The Service account key that can be used as credentials for the PubSub publisher\/subscriber. It can be loaded by default from classpath, but you can prefix with classpath:, file:, or http: to load the resource from different systems." }
  }
}
