{
  "component": {
    "kind": "component",
    "name": "google-sheets-stream",
    "title": "Google Sheets Stream",
    "description": "Poll for changes in Google Sheets.",
    "deprecated": false,
    "firstVersion": "2.23.0",
    "label": "cloud,document",
    "javaType": "org.apache.camel.component.google.sheets.stream.GoogleSheetsStreamComponent",
    "supportLevel": "Stable",
    "groupId": "org.apache.camel",
    "artifactId": "camel-google-sheets",
    "version": "4.18.0-SNAPSHOT",
    "scheme": "google-sheets-stream",
    "extendsScheme": "",
    "syntax": "google-sheets-stream:spreadsheetId",
    "async": false,
    "api": false,
    "consumerOnly": true,
    "producerOnly": false,
    "lenientProperties": false,
    "browsable": false,
    "remote": true,
    "verifiers": "parameters,connectivity"
  },
  "componentProperties": {
    "applicationName": { "index": 0, "kind": "property", "displayName": "Application Name", "group": "consumer", "label": "", "required": false, "type": "string", "javaType": "java.lang.String", "deprecated": false, "autowired": false, "secret": false, "configurationClass": "org.apache.camel.component.google.sheets.stream.GoogleSheetsStreamConfiguration", "configurationField": "configuration", "description": "Google Sheets application name. Example would be camel-google-sheets\/1.0" },
    "bridgeErrorHandler": { "index": 1, "kind": "property", "displayName": "Bridge Error Handler", "group": "consumer", "label": "consumer", "required": false, "type": "boolean", "javaType": "boolean", "deprecated": false, "autowired": false, "secret": false, "defaultValue": false, "description": "Allows for bridging the consumer to the Camel routing Error Handler, which mean any exceptions (if possible) occurred while the Camel consumer is trying to pickup incoming messages, or the likes, will now be processed as a message and handled by the routing Error Handler. Important: This is only possible if the 3rd party component allows Camel to be alerted if an exception was thrown. Some components handle this internally only, and therefore bridgeErrorHandler is not possible. In other situations we may improve the Camel component to hook into the 3rd party component and make this possible for future releases. By default the consumer will use the org.apache.camel.spi.ExceptionHandler to deal with exceptions, that will be logged at WARN or ERROR level and ignored." },
    "clientId": { "index": 2, "kind": "property", "displayName": "Client Id", "group": "consumer", "label": "", "required": false, "type": "string", "javaType": "java.lang.String", "deprecated": false, "autowired": false, "secret": false, "configurationClass": "org.apache.camel.component.google.sheets.stream.GoogleSheetsStreamConfiguration", "configurationField": "configuration", "description": "Client ID of the sheets application" },
    "configuration": { "index": 3, "kind": "property", "displayName": "Configuration", "group": "consumer", "label": "", "required": false, "type": "object", "javaType": "org.apache.camel.component.google.sheets.stream.GoogleSheetsStreamConfiguration", "deprecated": false, "autowired": false, "secret": false, "description": "To use the shared configuration" },
    "delegate": { "index": 4, "kind": "property", "displayName": "Delegate", "group": "consumer", "label": "", "required": false, "type": "string", "javaType": "java.lang.String", "deprecated": false, "autowired": false, "secret": false, "configurationClass": "org.apache.camel.component.google.sheets.stream.GoogleSheetsStreamConfiguration", "configurationField": "configuration", "description": "Delegate for wide-domain service account" },
    "includeGridData": { "index": 5, "kind": "property", "displayName": "Include Grid Data", "group": "consumer", "label": "", "required": false, "type": "boolean", "javaType": "boolean", "deprecated": false, "autowired": false, "secret": false, "defaultValue": false, "configurationClass": "org.apache.camel.component.google.sheets.stream.GoogleSheetsStreamConfiguration", "configurationField": "configuration", "description": "True if grid data should be returned." },
    "majorDimension": { "index": 6, "kind": "property", "displayName": "Major Dimension", "group": "consumer", "label": "", "required": false, "type": "enum", "javaType": "java.lang.String", "enum": [ "ROWS", "COLUMNS", "DIMENSION_UNSPECIFIED" ], "deprecated": false, "autowired": false, "secret": false, "defaultValue": "ROWS", "configurationClass": "org.apache.camel.component.google.sheets.stream.GoogleSheetsStreamConfiguration", "configurationField": "configuration", "description": "Specifies the major dimension that results should use.." },
    "maxResults": { "index": 7, "kind": "property", "displayName": "Max Results", "group": "consumer", "label": "", "required": false, "type": "integer", "javaType": "int", "deprecated": false, "autowired": false, "secret": false, "configurationClass": "org.apache.camel.component.google.sheets.stream.GoogleSheetsStreamConfiguration", "configurationField": "configuration", "description": "Specify the maximum number of returned results. This will limit the number of rows in a returned value range data set or the number of returned value ranges in a batch request." },
    "range": { "index": 8, "kind": "property", "displayName": "Range", "group": "consumer", "label": "", "required": false, "type": "string", "javaType": "java.lang.String", "deprecated": false, "autowired": false, "secret": false, "configurationClass": "org.apache.camel.component.google.sheets.stream.GoogleSheetsStreamConfiguration", "configurationField": "configuration", "description": "Specifies the range of rows and columns in a sheet to get data from." },
    "scopes": { "index": 9, "kind": "property", "displayName": "Scopes", "group": "consumer", "label": "", "required": false, "type": "string", "javaType": "java.lang.String", "deprecated": false, "autowired": false, "secret": false, "configurationClass": "org.apache.camel.component.google.sheets.stream.GoogleSheetsStreamConfiguration", "configurationField": "configuration", "description": "Specifies the level of permissions you want a sheets application to have to a user account. See https:\/\/developers.google.com\/identity\/protocols\/googlescopes for more info. Multiple scopes can be separated by comma." },
    "splitResults": { "index": 10, "kind": "property", "displayName": "Split Results", "group": "consumer", "label": "", "required": false, "type": "boolean", "javaType": "boolean", "deprecated": false, "autowired": false, "secret": false, "defaultValue": false, "configurationClass": "org.apache.camel.component.google.sheets.stream.GoogleSheetsStreamConfiguration", "configurationField": "configuration", "description": "True if value range result should be split into rows or columns to process each of them individually. When true each row or column is represented with a separate exchange in batch processing. Otherwise value range object is used as exchange junk size." },
    "valueRenderOption": { "index": 11, "kind": "property", "displayName": "Value Render Option", "group": "consumer", "label": "", "required": false, "type": "enum", "javaType": "java.lang.String", "enum": [ "FORMATTED_VALUE", "UNFORMATTED_VALUE", "FORMULA" ], "deprecated": false, "autowired": false, "secret": false, "defaultValue": "FORMATTED_VALUE", "configurationClass": "org.apache.camel.component.google.sheets.stream.GoogleSheetsStreamConfiguration", "configurationField": "configuration", "description": "Determines how values should be rendered in the output." },
    "autowiredEnabled": { "index": 12, "kind": "property", "displayName": "Autowired Enabled", "group": "advanced", "label": "advanced", "required": false, "type": "boolean", "javaType": "boolean", "deprecated": false, "autowired": false, "secret": false, "defaultValue": true, "description": "Whether autowiring is enabled. This is used for automatic autowiring options (the option must be marked as autowired) by looking up in the registry to find if there is a single instance of matching type, which then gets configured on the component. This can be used for automatic configuring JDBC data sources, JMS connection factories, AWS Clients, etc." },
    "clientFactory": { "index": 13, "kind": "property", "displayName": "Client Factory", "group": "advanced", "label": "advanced", "required": false, "type": "object", "javaType": "org.apache.camel.component.google.sheets.GoogleSheetsClientFactory", "deprecated": false, "autowired": false, "secret": false, "description": "To use the GoogleSheetsClientFactory as factory for creating the client. Will by default use BatchGoogleSheetsClientFactory" },
    "healthCheckConsumerEnabled": { "index": 14, "kind": "property", "displayName": "Health Check Consumer Enabled", "group": "health", "label": "health", "required": false, "type": "boolean", "javaType": "boolean", "deprecated": false, "autowired": false, "secret": false, "defaultValue": true, "description": "Used for enabling or disabling all consumer based health checks from this component" },
    "healthCheckProducerEnabled": { "index": 15, "kind": "property", "displayName": "Health Check Producer Enabled", "group": "health", "label": "health", "required": false, "type": "boolean", "javaType": "boolean", "deprecated": false, "autowired": false, "secret": false, "defaultValue": true, "description": "Used for enabling or disabling all producer based health checks from this component. Notice: Camel has by default disabled all producer based health-checks. You can turn on producer checks globally by setting camel.health.producersEnabled=true." },
    "accessToken": { "index": 16, "kind": "property", "displayName": "Access Token", "group": "security", "label": "security", "required": false, "type": "string", "javaType": "java.lang.String", "deprecated": false, "autowired": false, "secret": true, "configurationClass": "org.apache.camel.component.google.sheets.stream.GoogleSheetsStreamConfiguration", "configurationField": "configuration", "description": "OAuth 2 access token. This typically expires after an hour so refreshToken is recommended for long term usage." },
    "clientSecret": { "index": 17, "kind": "property", "displayName": "Client Secret", "group": "security", "label": "security", "required": false, "type": "string", "javaType": "java.lang.String", "deprecated": false, "autowired": false, "secret": true, "configurationClass": "org.apache.camel.component.google.sheets.stream.GoogleSheetsStreamConfiguration", "configurationField": "configuration", "description": "Client secret of the sheets application" },
    "refreshToken": { "index": 18, "kind": "property", "displayName": "Refresh Token", "group": "security", "label": "security", "required": false, "type": "string", "javaType": "java.lang.String", "deprecated": false, "autowired": false, "secret": true, "configurationClass": "org.apache.camel.component.google.sheets.stream.GoogleSheetsStreamConfiguration", "configurationField": "configuration", "description": "OAuth 2 refresh token. Using this, the Google Sheets component can obtain a new accessToken whenever the current one expires - a necessity if the application is long-lived." },
    "serviceAccountKey": { "index": 19, "kind": "property", "displayName": "Service Account Key", "group": "security", "label": "security", "required": false, "type": "string", "javaType": "java.lang.String", "deprecated": false, "autowired": false, "secret": false, "configurationClass": "org.apache.camel.component.google.sheets.stream.GoogleSheetsStreamConfiguration", "configurationField": "configuration", "description": "Sets .json file with credentials for Service account" }
  },
  "headers": {
    "CamelGoogleSheetsSpreadsheetId": { "index": 0, "kind": "header", "displayName": "", "group": "consumer", "label": "", "required": false, "javaType": "String", "deprecated": false, "deprecationNote": "", "autowired": false, "secret": false, "description": "Specifies the spreadsheet identifier that is used to identify the target to obtain.", "constantName": "org.apache.camel.component.google.sheets.stream.GoogleSheetsStreamConstants#SPREADSHEET_ID" },
    "CamelGoogleSheetsSpreadsheetUrl": { "index": 1, "kind": "header", "displayName": "", "group": "consumer", "label": "", "required": false, "javaType": "String", "deprecated": false, "deprecationNote": "", "autowired": false, "secret": false, "description": "The URL of the spreadsheet.", "constantName": "org.apache.camel.component.google.sheets.stream.GoogleSheetsStreamConstants#SPREADSHEET_URL" },
    "CamelGoogleSheetsMajorDimension": { "index": 2, "kind": "header", "displayName": "", "group": "consumer", "label": "", "required": false, "javaType": "String", "deprecated": false, "deprecationNote": "", "autowired": false, "secret": false, "description": "The major dimension of the values", "constantName": "org.apache.camel.component.google.sheets.stream.GoogleSheetsStreamConstants#MAJOR_DIMENSION" },
    "CamelGoogleSheetsRange": { "index": 3, "kind": "header", "displayName": "", "group": "consumer", "label": "", "required": false, "javaType": "String", "deprecated": false, "deprecationNote": "", "autowired": false, "secret": false, "description": "The range the values cover, in A1 notation.", "constantName": "org.apache.camel.component.google.sheets.stream.GoogleSheetsStreamConstants#RANGE" },
    "CamelGoogleSheetsRangeIndex": { "index": 4, "kind": "header", "displayName": "", "group": "consumer", "label": "", "required": false, "javaType": "int", "deprecated": false, "deprecationNote": "", "autowired": false, "secret": false, "description": "The index of the range", "constantName": "org.apache.camel.component.google.sheets.stream.GoogleSheetsStreamConstants#RANGE_INDEX" },
    "CamelGoogleSheetsValueIndex": { "index": 5, "kind": "header", "displayName": "", "group": "consumer", "label": "", "required": false, "javaType": "int", "deprecated": false, "deprecationNote": "", "autowired": false, "secret": false, "description": "The index of the value", "constantName": "org.apache.camel.component.google.sheets.stream.GoogleSheetsStreamConstants#VALUE_INDEX" }
  },
  "properties": {
    "spreadsheetId": { "index": 0, "kind": "path", "displayName": "Spreadsheet Id", "group": "consumer", "label": "", "required": true, "type": "string", "javaType": "java.lang.String", "deprecated": false, "deprecationNote": "", "autowired": false, "secret": false, "configurationClass": "org.apache.camel.component.google.sheets.stream.GoogleSheetsStreamConfiguration", "configurationField": "configuration", "description": "Specifies the spreadsheet identifier that is used to identify the target to obtain." },
    "applicationName": { "index": 1, "kind": "parameter", "displayName": "Application Name", "group": "consumer", "label": "", "required": false, "type": "string", "javaType": "java.lang.String", "deprecated": false, "autowired": false, "secret": false, "configurationClass": "org.apache.camel.component.google.sheets.stream.GoogleSheetsStreamConfiguration", "configurationField": "configuration", "description": "Google Sheets application name. Example would be camel-google-sheets\/1.0" },
    "clientId": { "index": 2, "kind": "parameter", "displayName": "Client Id", "group": "consumer", "label": "", "required": false, "type": "string", "javaType": "java.lang.String", "deprecated": false, "autowired": false, "secret": false, "configurationClass": "org.apache.camel.component.google.sheets.stream.GoogleSheetsStreamConfiguration", "configurationField": "configuration", "description": "Client ID of the sheets application" },
    "delegate": { "index": 3, "kind": "parameter", "displayName": "Delegate", "group": "consumer", "label": "", "required": false, "type": "string", "javaType": "java.lang.String", "deprecated": false, "autowired": false, "secret": false, "configurationClass": "org.apache.camel.component.google.sheets.stream.GoogleSheetsStreamConfiguration", "configurationField": "configuration", "description": "Delegate for wide-domain service account" },
    "includeGridData": { "index": 4, "kind": "parameter", "displayName": "Include Grid Data", "group": "consumer", "label": "", "required": false, "type": "boolean", "javaType": "boolean", "deprecated": false, "autowired": false, "secret": false, "defaultValue": false, "configurationClass": "org.apache.camel.component.google.sheets.stream.GoogleSheetsStreamConfiguration", "configurationField": "configuration", "description": "True if grid data should be returned." },
    "majorDimension": { "index": 5, "kind": "parameter", "displayName": "Major Dimension", "group": "consumer", "label": "", "required": false, "type": "enum", "javaType": "java.lang.String", "enum": [ "ROWS", "COLUMNS", "DIMENSION_UNSPECIFIED" ], "deprecated": false, "autowired": false, "secret": false, "defaultValue": "ROWS", "configurationClass": "org.apache.camel.component.google.sheets.stream.GoogleSheetsStreamConfiguration", "configurationField": "configuration", "description": "Specifies the major dimension that results should use.." },
    "maxResults": { "index": 6, "kind": "parameter", "displayName": "Max Results", "group": "consumer", "label": "", "required": false, "type": "integer", "javaType": "int", "deprecated": false, "autowired": false, "secret": false, "configurationClass": "org.apache.camel.component.google.sheets.stream.GoogleSheetsStreamConfiguration", "configurationField": "configuration", "description": "Specify the maximum number of returned results. This will limit the number of rows in a returned value range data set or the number of returned value ranges in a batch request." },
    "range": { "index": 7, "kind": "parameter", "displayName": "Range", "group": "consumer", "label": "", "required": false, "type": "string", "javaType": "java.lang.String", "deprecated": false, "autowired": false, "secret": false, "configurationClass": "org.apache.camel.component.google.sheets.stream.GoogleSheetsStreamConfiguration", "configurationField": "configuration", "description": "Specifies the range of rows and columns in a sheet to get data from." },
    "scopes": { "index": 8, "kind": "parameter", "displayName": "Scopes", "group": "consumer", "label": "", "required": false, "type": "string", "javaType": "java.lang.String", "deprecated": false, "autowired": false, "secret": false, "configurationClass": "org.apache.camel.component.google.sheets.stream.GoogleSheetsStreamConfiguration", "configurationField": "configuration", "description": "Specifies the level of permissions you want a sheets application to have to a user account. See https:\/\/developers.google.com\/identity\/protocols\/googlescopes for more info. Multiple scopes can be separated by comma." },
    "sendEmptyMessageWhenIdle": { "index": 9, "kind": "parameter", "displayName": "Send Empty Message When Idle", "group": "consumer", "label": "consumer", "required": false, "type": "boolean", "javaType": "boolean", "deprecated": false, "autowired": false, "secret": false, "defaultValue": false, "description": "If the polling consumer did not poll any files, you can enable this option to send an empty message (no body) instead." },
    "splitResults": { "index": 10, "kind": "parameter", "displayName": "Split Results", "group": "consumer", "label": "", "required": false, "type": "boolean", "javaType": "boolean", "deprecated": false, "autowired": false, "secret": false, "defaultValue": false, "configurationClass": "org.apache.camel.component.google.sheets.stream.GoogleSheetsStreamConfiguration", "configurationField": "configuration", "description": "True if value range result should be split into rows or columns to process each of them individually. When true each row or column is represented with a separate exchange in batch processing. Otherwise value range object is used as exchange junk size." },
    "valueRenderOption": { "index": 11, "kind": "parameter", "displayName": "Value Render Option", "group": "consumer", "label": "", "required": false, "type": "enum", "javaType": "java.lang.String", "enum": [ "FORMATTED_VALUE", "UNFORMATTED_VALUE", "FORMULA" ], "deprecated": false, "autowired": false, "secret": false, "defaultValue": "FORMATTED_VALUE", "configurationClass": "org.apache.camel.component.google.sheets.stream.GoogleSheetsStreamConfiguration", "configurationField": "configuration", "description": "Determines how values should be rendered in the output." },
    "bridgeErrorHandler": { "index": 12, "kind": "parameter", "displayName": "Bridge Error Handler", "group": "consumer (advanced)", "label": "consumer,advanced", "required": false, "type": "boolean", "javaType": "boolean", "deprecated": false, "autowired": false, "secret": false, "defaultValue": false, "description": "Allows for bridging the consumer to the Camel routing Error Handler, which mean any exceptions (if possible) occurred while the Camel consumer is trying to pickup incoming messages, or the likes, will now be processed as a message and handled by the routing Error Handler. Important: This is only possible if the 3rd party component allows Camel to be alerted if an exception was thrown. Some components handle this internally only, and therefore bridgeErrorHandler is not possible. In other situations we may improve the Camel component to hook into the 3rd party component and make this possible for future releases. By default the consumer will use the org.apache.camel.spi.ExceptionHandler to deal with exceptions, that will be logged at WARN or ERROR level and ignored." },
    "exceptionHandler": { "index": 13, "kind": "parameter", "displayName": "Exception Handler", "group": "consumer (advanced)", "label": "consumer,advanced", "required": false, "type": "object", "javaType": "org.apache.camel.spi.ExceptionHandler", "optionalPrefix": "consumer.", "deprecated": false, "autowired": false, "secret": false, "description": "To let the consumer use a custom ExceptionHandler. Notice if the option bridgeErrorHandler is enabled then this option is not in use. By default the consumer will deal with exceptions, that will be logged at WARN or ERROR level and ignored." },
    "exchangePattern": { "index": 14, "kind": "parameter", "displayName": "Exchange Pattern", "group": "consumer (advanced)", "label": "consumer,advanced", "required": false, "type": "enum", "javaType": "org.apache.camel.ExchangePattern", "enum": [ "InOnly", "InOut" ], "deprecated": false, "autowired": false, "secret": false, "description": "Sets the exchange pattern when the consumer creates an exchange." },
    "pollStrategy": { "index": 15, "kind": "parameter", "displayName": "Poll Strategy", "group": "consumer (advanced)", "label": "consumer,advanced", "required": false, "type": "object", "javaType": "org.apache.camel.spi.PollingConsumerPollStrategy", "deprecated": false, "autowired": false, "secret": false, "description": "A pluggable org.apache.camel.PollingConsumerPollingStrategy allowing you to provide your custom implementation to control error handling usually occurred during the poll operation before an Exchange have been created and being routed in Camel." },
    "backoffErrorThreshold": { "index": 16, "kind": "parameter", "displayName": "Backoff Error Threshold", "group": "scheduler", "label": "consumer,scheduler", "required": false, "type": "integer", "javaType": "int", "deprecated": false, "autowired": false, "secret": false, "description": "The number of subsequent error polls (failed due some error) that should happen before the backoffMultipler should kick-in." },
    "backoffIdleThreshold": { "index": 17, "kind": "parameter", "displayName": "Backoff Idle Threshold", "group": "scheduler", "label": "consumer,scheduler", "required": false, "type": "integer", "javaType": "int", "deprecated": false, "autowired": false, "secret": false, "description": "The number of subsequent idle polls that should happen before the backoffMultipler should kick-in." },
    "backoffMultiplier": { "index": 18, "kind": "parameter", "displayName": "Backoff Multiplier", "group": "scheduler", "label": "consumer,scheduler", "required": false, "type": "integer", "javaType": "int", "deprecated": false, "autowired": false, "secret": false, "description": "To let the scheduled polling consumer backoff if there has been a number of subsequent idles\/errors in a row. The multiplier is then the number of polls that will be skipped before the next actual attempt is happening again. When this option is in use then backoffIdleThreshold and\/or backoffErrorThreshold must also be configured." },
    "delay": { "index": 19, "kind": "parameter", "displayName": "Delay", "group": "scheduler", "label": "consumer,scheduler", "required": false, "type": "integer", "javaType": "long", "deprecated": false, "autowired": false, "secret": false, "defaultValue": 500, "description": "Milliseconds before the next poll." },
    "greedy": { "index": 20, "kind": "parameter", "displayName": "Greedy", "group": "scheduler", "label": "consumer,scheduler", "required": false, "type": "boolean", "javaType": "boolean", "deprecated": false, "autowired": false, "secret": false, "defaultValue": false, "description": "If greedy is enabled, then the ScheduledPollConsumer will run immediately again, if the previous run polled 1 or more messages." },
    "initialDelay": { "index": 21, "kind": "parameter", "displayName": "Initial Delay", "group": "scheduler", "label": "consumer,scheduler", "required": false, "type": "integer", "javaType": "long", "deprecated": false, "autowired": false, "secret": false, "defaultValue": 1000, "description": "Milliseconds before the first poll starts." },
    "repeatCount": { "index": 22, "kind": "parameter", "displayName": "Repeat Count", "group": "scheduler", "label": "consumer,scheduler", "required": false, "type": "integer", "javaType": "long", "deprecated": false, "autowired": false, "secret": false, "defaultValue": 0, "description": "Specifies a maximum limit of number of fires. So if you set it to 1, the scheduler will only fire once. If you set it to 5, it will only fire five times. A value of zero or negative means fire forever." },
    "runLoggingLevel": { "index": 23, "kind": "parameter", "displayName": "Run Logging Level", "group": "scheduler", "label": "consumer,scheduler", "required": false, "type": "enum", "javaType": "org.apache.camel.LoggingLevel", "enum": [ "TRACE", "DEBUG", "INFO", "WARN", "ERROR", "OFF" ], "deprecated": false, "autowired": false, "secret": false, "defaultValue": "TRACE", "description": "The consumer logs a start\/complete log line when it polls. This option allows you to configure the logging level for that." },
    "scheduledExecutorService": { "index": 24, "kind": "parameter", "displayName": "Scheduled Executor Service", "group": "scheduler", "label": "consumer,scheduler", "required": false, "type": "object", "javaType": "java.util.concurrent.ScheduledExecutorService", "deprecated": false, "autowired": false, "secret": false, "description": "Allows for configuring a custom\/shared thread pool to use for the consumer. By default each consumer has its own single threaded thread pool." },
    "scheduler": { "index": 25, "kind": "parameter", "displayName": "Scheduler", "group": "scheduler", "label": "consumer,scheduler", "required": false, "type": "object", "javaType": "java.lang.Object", "deprecated": false, "autowired": false, "secret": false, "defaultValue": "none", "description": "To use a cron scheduler from either camel-spring or camel-quartz component. Use value spring or quartz for built in scheduler" },
    "schedulerProperties": { "index": 26, "kind": "parameter", "displayName": "Scheduler Properties", "group": "scheduler", "label": "consumer,scheduler", "required": false, "type": "object", "javaType": "java.util.Map<java.lang.String, java.lang.Object>", "prefix": "scheduler.", "multiValue": true, "deprecated": false, "autowired": false, "secret": false, "description": "To configure additional properties when using a custom scheduler or any of the Quartz, Spring based scheduler. This is a multi-value option with prefix: scheduler." },
    "startScheduler": { "index": 27, "kind": "parameter", "displayName": "Start Scheduler", "group": "scheduler", "label": "consumer,scheduler", "required": false, "type": "boolean", "javaType": "boolean", "deprecated": false, "autowired": false, "secret": false, "defaultValue": true, "description": "Whether the scheduler should be auto started." },
    "timeUnit": { "index": 28, "kind": "parameter", "displayName": "Time Unit", "group": "scheduler", "label": "consumer,scheduler", "required": false, "type": "enum", "javaType": "java.util.concurrent.TimeUnit", "enum": [ "NANOSECONDS", "MICROSECONDS", "MILLISECONDS", "SECONDS", "MINUTES", "HOURS", "DAYS" ], "deprecated": false, "autowired": false, "secret": false, "defaultValue": "MILLISECONDS", "description": "Time unit for initialDelay and delay options." },
    "useFixedDelay": { "index": 29, "kind": "parameter", "displayName": "Use Fixed Delay", "group": "scheduler", "label": "consumer,scheduler", "required": false, "type": "boolean", "javaType": "boolean", "deprecated": false, "autowired": false, "secret": false, "defaultValue": true, "description": "Controls if fixed delay or fixed rate is used. See ScheduledExecutorService in JDK for details." },
    "accessToken": { "index": 30, "kind": "parameter", "displayName": "Access Token", "group": "security", "label": "security", "required": false, "type": "string", "javaType": "java.lang.String", "deprecated": false, "autowired": false, "secret": true, "configurationClass": "org.apache.camel.component.google.sheets.stream.GoogleSheetsStreamConfiguration", "configurationField": "configuration", "description": "OAuth 2 access token. This typically expires after an hour so refreshToken is recommended for long term usage." },
    "clientSecret": { "index": 31, "kind": "parameter", "displayName": "Client Secret", "group": "security", "label": "security", "required": false, "type": "string", "javaType": "java.lang.String", "deprecated": false, "autowired": false, "secret": true, "configurationClass": "org.apache.camel.component.google.sheets.stream.GoogleSheetsStreamConfiguration", "configurationField": "configuration", "description": "Client secret of the sheets application" },
    "refreshToken": { "index": 32, "kind": "parameter", "displayName": "Refresh Token", "group": "security", "label": "security", "required": false, "type": "string", "javaType": "java.lang.String", "deprecated": false, "autowired": false, "secret": true, "configurationClass": "org.apache.camel.component.google.sheets.stream.GoogleSheetsStreamConfiguration", "configurationField": "configuration", "description": "OAuth 2 refresh token. Using this, the Google Sheets component can obtain a new accessToken whenever the current one expires - a necessity if the application is long-lived." },
    "serviceAccountKey": { "index": 33, "kind": "parameter", "displayName": "Service Account Key", "group": "security", "label": "security", "required": false, "type": "string", "javaType": "java.lang.String", "deprecated": false, "autowired": false, "secret": false, "configurationClass": "org.apache.camel.component.google.sheets.stream.GoogleSheetsStreamConfiguration", "configurationField": "configuration", "description": "Sets .json file with credentials for Service account" }
  }
}
