{
  "component": {
    "kind": "component",
    "name": "grpc",
    "title": "gRPC",
    "description": "Expose gRPC endpoints and access external gRPC endpoints.",
    "deprecated": false,
    "firstVersion": "2.19.0",
    "label": "rpc",
    "javaType": "org.apache.camel.component.grpc.GrpcComponent",
    "supportLevel": "Stable",
    "metadata": { "protocol": "http" },
    "groupId": "org.apache.camel",
    "artifactId": "camel-grpc",
    "version": "4.18.0-SNAPSHOT",
    "scheme": "grpc",
    "extendsScheme": "",
    "syntax": "grpc:host:port\/service",
    "async": false,
    "api": false,
    "consumerOnly": false,
    "producerOnly": false,
    "lenientProperties": false,
    "browsable": false,
    "remote": true
  },
  "componentProperties": {
    "bridgeErrorHandler": { "index": 0, "kind": "property", "displayName": "Bridge Error Handler", "group": "consumer", "label": "consumer", "required": false, "type": "boolean", "javaType": "boolean", "deprecated": false, "autowired": false, "secret": false, "defaultValue": false, "description": "Allows for bridging the consumer to the Camel routing Error Handler, which mean any exceptions (if possible) occurred while the Camel consumer is trying to pickup incoming messages, or the likes, will now be processed as a message and handled by the routing Error Handler. Important: This is only possible if the 3rd party component allows Camel to be alerted if an exception was thrown. Some components handle this internally only, and therefore bridgeErrorHandler is not possible. In other situations we may improve the Camel component to hook into the 3rd party component and make this possible for future releases. By default the consumer will use the org.apache.camel.spi.ExceptionHandler to deal with exceptions, that will be logged at WARN or ERROR level and ignored." },
    "lazyStartProducer": { "index": 1, "kind": "property", "displayName": "Lazy Start Producer", "group": "producer", "label": "producer", "required": false, "type": "boolean", "javaType": "boolean", "deprecated": false, "autowired": false, "secret": false, "defaultValue": false, "description": "Whether the producer should be started lazy (on the first message). By starting lazy you can use this to allow CamelContext and routes to startup in situations where a producer may otherwise fail during starting and cause the route to fail being started. By deferring this startup to be lazy then the startup failure can be handled during routing messages via Camel's routing error handlers. Beware that when the first message is processed then creating and starting the producer may take a little time and prolong the total processing time of the processing." },
    "autowiredEnabled": { "index": 2, "kind": "property", "displayName": "Autowired Enabled", "group": "advanced", "label": "advanced", "required": false, "type": "boolean", "javaType": "boolean", "deprecated": false, "autowired": false, "secret": false, "defaultValue": true, "description": "Whether autowiring is enabled. This is used for automatic autowiring options (the option must be marked as autowired) by looking up in the registry to find if there is a single instance of matching type, which then gets configured on the component. This can be used for automatic configuring JDBC data sources, JMS connection factories, AWS Clients, etc." }
  },
  "headers": {
    "CamelGrpcMethodName": { "index": 0, "kind": "header", "displayName": "", "group": "consumer", "label": "consumer", "required": false, "javaType": "String", "deprecated": false, "deprecationNote": "", "autowired": false, "secret": false, "description": "Method name handled by the consumer service", "constantName": "org.apache.camel.component.grpc.GrpcConstants#GRPC_METHOD_NAME_HEADER" },
    "CamelGrpcUserAgent": { "index": 1, "kind": "header", "displayName": "", "group": "consumer", "label": "consumer", "required": false, "javaType": "String", "deprecated": false, "deprecationNote": "", "autowired": false, "secret": false, "description": "If provided, the given agent will prepend the gRPC library's user agent information", "constantName": "org.apache.camel.component.grpc.GrpcConstants#GRPC_USER_AGENT_HEADER" },
    "CamelGrpcEventType": { "index": 2, "kind": "header", "displayName": "", "group": "consumer", "label": "consumer", "required": false, "javaType": "String", "deprecated": false, "deprecationNote": "", "autowired": false, "secret": false, "description": "Received event type from the sent request. Possible values: onNext onCompleted onError", "constantName": "org.apache.camel.component.grpc.GrpcConstants#GRPC_EVENT_TYPE_HEADER" }
  },
  "properties": {
    "host": { "index": 0, "kind": "path", "displayName": "Host", "group": "common", "label": "", "required": true, "type": "string", "javaType": "java.lang.String", "deprecated": false, "deprecationNote": "", "autowired": false, "secret": false, "configurationClass": "org.apache.camel.component.grpc.GrpcConfiguration", "configurationField": "configuration", "description": "The gRPC server host name. This is localhost or 0.0.0.0 when being a consumer or remote server host name when using producer." },
    "port": { "index": 1, "kind": "path", "displayName": "Port", "group": "common", "label": "", "required": true, "type": "integer", "javaType": "int", "deprecated": false, "deprecationNote": "", "autowired": false, "secret": false, "configurationClass": "org.apache.camel.component.grpc.GrpcConfiguration", "configurationField": "configuration", "description": "The gRPC local or remote server port" },
    "service": { "index": 2, "kind": "path", "displayName": "Service", "group": "common", "label": "", "required": true, "type": "string", "javaType": "java.lang.String", "deprecated": false, "deprecationNote": "", "autowired": false, "secret": false, "configurationClass": "org.apache.camel.component.grpc.GrpcConfiguration", "configurationField": "configuration", "description": "Fully qualified service name from the protocol buffer descriptor file (package dot service definition name)" },
    "flowControlWindow": { "index": 3, "kind": "parameter", "displayName": "Flow Control Window", "group": "common", "label": "", "required": false, "type": "integer", "javaType": "int", "deprecated": false, "autowired": false, "secret": false, "defaultValue": 1048576, "configurationClass": "org.apache.camel.component.grpc.GrpcConfiguration", "configurationField": "configuration", "description": "The HTTP\/2 flow control window size (MiB)" },
    "maxMessageSize": { "index": 4, "kind": "parameter", "displayName": "Max Message Size", "group": "common", "label": "", "required": false, "type": "integer", "javaType": "int", "deprecated": false, "autowired": false, "secret": false, "defaultValue": 4194304, "configurationClass": "org.apache.camel.component.grpc.GrpcConfiguration", "configurationField": "configuration", "description": "The maximum message size allowed to be received\/sent (MiB)" },
    "autoDiscoverServerInterceptors": { "index": 5, "kind": "parameter", "displayName": "Auto Discover Server Interceptors", "group": "consumer", "label": "consumer", "required": false, "type": "boolean", "javaType": "boolean", "deprecated": false, "autowired": false, "secret": false, "defaultValue": true, "configurationClass": "org.apache.camel.component.grpc.GrpcConfiguration", "configurationField": "configuration", "description": "Setting the autoDiscoverServerInterceptors mechanism, if true, the component will look for a ServerInterceptor instance in the registry automatically otherwise it will skip that checking." },
    "consumerStrategy": { "index": 6, "kind": "parameter", "displayName": "Consumer Strategy", "group": "consumer", "label": "consumer", "required": false, "type": "enum", "javaType": "org.apache.camel.component.grpc.GrpcConsumerStrategy", "enum": [ "AGGREGATION", "PROPAGATION", "DELEGATION" ], "deprecated": false, "autowired": false, "secret": false, "defaultValue": "PROPAGATION", "configurationClass": "org.apache.camel.component.grpc.GrpcConfiguration", "configurationField": "configuration", "description": "This option specifies the top-level strategy for processing service requests and responses in streaming mode. If an aggregation strategy is selected, all requests will be accumulated in the list, then transferred to the flow, and the accumulated responses will be sent to the sender. If a propagation strategy is selected, request is sent to the stream, and the response will be immediately sent back to the sender. If a delegation strategy is selected, request is sent to the stream, but no response generated under the assumption that all necessary responses will be sent at another part of route. Delegation strategy always comes with routeControlledStreamObserver=true to be able to achieve the assumption." },
    "forwardOnCompleted": { "index": 7, "kind": "parameter", "displayName": "Forward On Completed", "group": "consumer", "label": "consumer", "required": false, "type": "boolean", "javaType": "boolean", "deprecated": false, "autowired": false, "secret": false, "defaultValue": false, "configurationClass": "org.apache.camel.component.grpc.GrpcConfiguration", "configurationField": "configuration", "description": "Determines if onCompleted events should be pushed to the Camel route." },
    "forwardOnError": { "index": 8, "kind": "parameter", "displayName": "Forward On Error", "group": "consumer", "label": "consumer", "required": false, "type": "boolean", "javaType": "boolean", "deprecated": false, "autowired": false, "secret": false, "defaultValue": false, "configurationClass": "org.apache.camel.component.grpc.GrpcConfiguration", "configurationField": "configuration", "description": "Determines if onError events should be pushed to the Camel route. Exceptions will be set as message body." },
    "initialFlowControlWindow": { "index": 9, "kind": "parameter", "displayName": "Initial Flow Control Window", "group": "consumer", "label": "consumer", "required": false, "type": "integer", "javaType": "int", "deprecated": false, "autowired": false, "secret": false, "defaultValue": 1048576, "configurationClass": "org.apache.camel.component.grpc.GrpcConfiguration", "configurationField": "configuration", "description": "Sets the initial flow control window in bytes." },
    "keepAliveTime": { "index": 10, "kind": "parameter", "displayName": "Keep Alive Time", "group": "consumer", "label": "consumer", "required": false, "type": "integer", "javaType": "long", "deprecated": false, "autowired": false, "secret": false, "defaultValue": 7200000, "configurationClass": "org.apache.camel.component.grpc.GrpcConfiguration", "configurationField": "configuration", "description": "Sets a custom keepalive time in milliseconds, the delay time for sending next keepalive ping. A value of Long.MAX_VALUE or a value greater or equal to NettyServerBuilder.AS_LARGE_AS_INFINITE will disable keepalive." },
    "keepAliveTimeout": { "index": 11, "kind": "parameter", "displayName": "Keep Alive Timeout", "group": "consumer", "label": "consumer", "required": false, "type": "integer", "javaType": "long", "deprecated": false, "autowired": false, "secret": false, "defaultValue": 20000, "configurationClass": "org.apache.camel.component.grpc.GrpcConfiguration", "configurationField": "configuration", "description": "Sets a custom keepalive timeout in milliseconds, the timeout for keepalive ping requests." },
    "maxConcurrentCallsPerConnection": { "index": 12, "kind": "parameter", "displayName": "Max Concurrent Calls Per Connection", "group": "consumer", "label": "consumer", "required": false, "type": "integer", "javaType": "int", "deprecated": false, "autowired": false, "secret": false, "defaultValue": 2147483647, "configurationClass": "org.apache.camel.component.grpc.GrpcConfiguration", "configurationField": "configuration", "description": "The maximum number of concurrent calls permitted for each incoming server connection. Defaults to no limit." },
    "maxConnectionAge": { "index": 13, "kind": "parameter", "displayName": "Max Connection Age", "group": "consumer", "label": "consumer", "required": false, "type": "integer", "javaType": "long", "deprecated": false, "autowired": false, "secret": false, "defaultValue": 9223372036854775807, "configurationClass": "org.apache.camel.component.grpc.GrpcConfiguration", "configurationField": "configuration", "description": "Sets a custom max connection age in milliseconds. Connections lasting longer than which will be gracefully terminated. A random jitter of \/-10% will be added to the value. A value of Long.MAX_VALUE (the default) or a value greater or equal to NettyServerBuilder.AS_LARGE_AS_INFINITE will disable max connection age." },
    "maxConnectionAgeGrace": { "index": 14, "kind": "parameter", "displayName": "Max Connection Age Grace", "group": "consumer", "label": "consumer", "required": false, "type": "integer", "javaType": "long", "deprecated": false, "autowired": false, "secret": false, "defaultValue": 9223372036854775807, "configurationClass": "org.apache.camel.component.grpc.GrpcConfiguration", "configurationField": "configuration", "description": "Sets a custom grace time in milliseconds for the graceful connection termination. A value of Long.MAX_VALUE (the default) or a value greater or equal to NettyServerBuilder.AS_LARGE_AS_INFINITE is considered infinite." },
    "maxConnectionIdle": { "index": 15, "kind": "parameter", "displayName": "Max Connection Idle", "group": "consumer", "label": "consumer", "required": false, "type": "integer", "javaType": "long", "deprecated": false, "autowired": false, "secret": false, "defaultValue": 9223372036854775807, "configurationClass": "org.apache.camel.component.grpc.GrpcConfiguration", "configurationField": "configuration", "description": "Sets a custom max connection idle time in milliseconds. Connection being idle for longer than which will be gracefully terminated. A value of Long.MAX_VALUE (the default) or a value greater or equal to NettyServerBuilder.AS_LARGE_AS_INFINITE will disable max connection idle" },
    "maxInboundMetadataSize": { "index": 16, "kind": "parameter", "displayName": "Max Inbound Metadata Size", "group": "consumer", "label": "consumer", "required": false, "type": "integer", "javaType": "int", "deprecated": false, "autowired": false, "secret": false, "defaultValue": 8192, "configurationClass": "org.apache.camel.component.grpc.GrpcConfiguration", "configurationField": "configuration", "description": "Sets the maximum size of metadata allowed to be received. The default is 8 KiB." },
    "maxRstFramesPerWindow": { "index": 17, "kind": "parameter", "displayName": "Max Rst Frames Per Window", "group": "consumer", "label": "consumer", "required": false, "type": "integer", "javaType": "int", "deprecated": false, "autowired": false, "secret": false, "defaultValue": 0, "configurationClass": "org.apache.camel.component.grpc.GrpcConfiguration", "configurationField": "configuration", "description": "Limits the rate of incoming RST_STREAM frames per connection to maxRstFramesPerWindow per maxRstPeriodSeconds. This option MUST be used in conjunction with maxRstPeriodSeconds for it to be effective." },
    "maxRstPeriodSeconds": { "index": 18, "kind": "parameter", "displayName": "Max Rst Period Seconds", "group": "consumer", "label": "consumer", "required": false, "type": "integer", "javaType": "int", "deprecated": false, "autowired": false, "secret": false, "defaultValue": 0, "configurationClass": "org.apache.camel.component.grpc.GrpcConfiguration", "configurationField": "configuration", "description": "Limits the rate of incoming RST_STREAM frames per maxRstPeriodSeconds. This option MUST be used in conjunction with maxRstFramesPerWindow for it to be effective." },
    "permitKeepAliveTime": { "index": 19, "kind": "parameter", "displayName": "Permit Keep Alive Time", "group": "consumer", "label": "consumer", "required": false, "type": "integer", "javaType": "long", "deprecated": false, "autowired": false, "secret": false, "defaultValue": 300000, "configurationClass": "org.apache.camel.component.grpc.GrpcConfiguration", "configurationField": "configuration", "description": "Sets the most aggressive keep-alive time in milliseconds that clients are permitted to configure. The server will try to detect clients exceeding this rate and will forcefully close the connection." },
    "permitKeepAliveWithoutCalls": { "index": 20, "kind": "parameter", "displayName": "Permit Keep Alive Without Calls", "group": "consumer", "label": "consumer", "required": false, "type": "boolean", "javaType": "boolean", "deprecated": false, "autowired": false, "secret": false, "defaultValue": false, "configurationClass": "org.apache.camel.component.grpc.GrpcConfiguration", "configurationField": "configuration", "description": "Sets whether to allow clients to send keep-alive HTTP\/ 2 PINGs even if there are no outstanding RPCs on the connection." },
    "routeControlledStreamObserver": { "index": 21, "kind": "parameter", "displayName": "Route Controlled Stream Observer", "group": "consumer", "label": "consumer", "required": false, "type": "boolean", "javaType": "boolean", "deprecated": false, "autowired": false, "secret": false, "defaultValue": false, "configurationClass": "org.apache.camel.component.grpc.GrpcConfiguration", "configurationField": "configuration", "description": "Lets the route to take control over stream observer. If this value is set to true, then the response observer of gRPC call will be set with the name GrpcConstants.GRPC_RESPONSE_OBSERVER in the Exchange object. Please note that the stream observer's onNext(), onError(), onCompleted() methods should be called in the route." },
    "bridgeErrorHandler": { "index": 22, "kind": "parameter", "displayName": "Bridge Error Handler", "group": "consumer (advanced)", "label": "consumer,advanced", "required": false, "type": "boolean", "javaType": "boolean", "deprecated": false, "autowired": false, "secret": false, "defaultValue": false, "description": "Allows for bridging the consumer to the Camel routing Error Handler, which mean any exceptions (if possible) occurred while the Camel consumer is trying to pickup incoming messages, or the likes, will now be processed as a message and handled by the routing Error Handler. Important: This is only possible if the 3rd party component allows Camel to be alerted if an exception was thrown. Some components handle this internally only, and therefore bridgeErrorHandler is not possible. In other situations we may improve the Camel component to hook into the 3rd party component and make this possible for future releases. By default the consumer will use the org.apache.camel.spi.ExceptionHandler to deal with exceptions, that will be logged at WARN or ERROR level and ignored." },
    "exceptionHandler": { "index": 23, "kind": "parameter", "displayName": "Exception Handler", "group": "consumer (advanced)", "label": "consumer,advanced", "required": false, "type": "object", "javaType": "org.apache.camel.spi.ExceptionHandler", "optionalPrefix": "consumer.", "deprecated": false, "autowired": false, "secret": false, "description": "To let the consumer use a custom ExceptionHandler. Notice if the option bridgeErrorHandler is enabled then this option is not in use. By default the consumer will deal with exceptions, that will be logged at WARN or ERROR level and ignored." },
    "exchangePattern": { "index": 24, "kind": "parameter", "displayName": "Exchange Pattern", "group": "consumer (advanced)", "label": "consumer,advanced", "required": false, "type": "enum", "javaType": "org.apache.camel.ExchangePattern", "enum": [ "InOnly", "InOut" ], "deprecated": false, "autowired": false, "secret": false, "description": "Sets the exchange pattern when the consumer creates an exchange." },
    "autoDiscoverClientInterceptors": { "index": 25, "kind": "parameter", "displayName": "Auto Discover Client Interceptors", "group": "producer", "label": "producer", "required": false, "type": "boolean", "javaType": "boolean", "deprecated": false, "autowired": false, "secret": false, "defaultValue": true, "configurationClass": "org.apache.camel.component.grpc.GrpcConfiguration", "configurationField": "configuration", "description": "Setting the autoDiscoverClientInterceptors mechanism, if true, the component will look for a ClientInterceptor instance in the registry automatically otherwise it will skip that checking." },
    "inheritExchangePropertiesForReplies": { "index": 26, "kind": "parameter", "displayName": "Inherit Exchange Properties For Replies", "group": "producer", "label": "producer", "required": false, "type": "boolean", "javaType": "boolean", "deprecated": false, "autowired": false, "secret": false, "defaultValue": false, "configurationClass": "org.apache.camel.component.grpc.GrpcConfiguration", "configurationField": "configuration", "description": "Copies exchange properties from original exchange to all exchanges created for route defined by streamRepliesTo." },
    "method": { "index": 27, "kind": "parameter", "displayName": "Method", "group": "producer", "label": "producer", "required": false, "type": "string", "javaType": "java.lang.String", "deprecated": false, "autowired": false, "secret": false, "configurationClass": "org.apache.camel.component.grpc.GrpcConfiguration", "configurationField": "configuration", "description": "gRPC method name" },
    "producerStrategy": { "index": 28, "kind": "parameter", "displayName": "Producer Strategy", "group": "producer", "label": "producer", "required": false, "type": "enum", "javaType": "org.apache.camel.component.grpc.GrpcProducerStrategy", "enum": [ "SIMPLE", "STREAMING" ], "deprecated": false, "autowired": false, "secret": false, "defaultValue": "SIMPLE", "configurationClass": "org.apache.camel.component.grpc.GrpcConfiguration", "configurationField": "configuration", "description": "The mode used to communicate with a remote gRPC server. In SIMPLE mode a single exchange is translated into a remote procedure call. In STREAMING mode all exchanges will be sent within the same request (input and output of the recipient gRPC service must be of type 'stream')." },
    "streamRepliesTo": { "index": 29, "kind": "parameter", "displayName": "Stream Replies To", "group": "producer", "label": "producer", "required": false, "type": "string", "javaType": "java.lang.String", "deprecated": false, "autowired": false, "secret": false, "configurationClass": "org.apache.camel.component.grpc.GrpcConfiguration", "configurationField": "configuration", "description": "When using STREAMING client mode, it indicates the endpoint where responses should be forwarded." },
    "toRouteControlledStreamObserver": { "index": 30, "kind": "parameter", "displayName": "To Route Controlled Stream Observer", "group": "producer", "label": "producer", "required": false, "type": "boolean", "javaType": "boolean", "deprecated": false, "autowired": false, "secret": false, "defaultValue": false, "configurationClass": "org.apache.camel.component.grpc.GrpcConfiguration", "configurationField": "configuration", "description": "Expects that exchange property GrpcConstants.GRPC_RESPONSE_OBSERVER is set. Takes its value and calls onNext, onError and onComplete on that StreamObserver. All other gRPC parameters are ignored." },
    "userAgent": { "index": 31, "kind": "parameter", "displayName": "User Agent", "group": "producer", "label": "producer", "required": false, "type": "string", "javaType": "java.lang.String", "deprecated": false, "autowired": false, "secret": false, "configurationClass": "org.apache.camel.component.grpc.GrpcConfiguration", "configurationField": "configuration", "description": "The user agent header passed to the server" },
    "lazyStartProducer": { "index": 32, "kind": "parameter", "displayName": "Lazy Start Producer", "group": "producer (advanced)", "label": "producer,advanced", "required": false, "type": "boolean", "javaType": "boolean", "deprecated": false, "autowired": false, "secret": false, "defaultValue": false, "description": "Whether the producer should be started lazy (on the first message). By starting lazy you can use this to allow CamelContext and routes to startup in situations where a producer may otherwise fail during starting and cause the route to fail being started. By deferring this startup to be lazy then the startup failure can be handled during routing messages via Camel's routing error handlers. Beware that when the first message is processed then creating and starting the producer may take a little time and prolong the total processing time of the processing." },
    "synchronous": { "index": 33, "kind": "parameter", "displayName": "Synchronous", "group": "advanced", "label": "advanced", "required": false, "type": "boolean", "javaType": "boolean", "deprecated": false, "autowired": false, "secret": false, "defaultValue": false, "configurationClass": "org.apache.camel.component.grpc.GrpcConfiguration", "configurationField": "configuration", "description": "Sets whether synchronous processing should be strictly used" },
    "authenticationType": { "index": 34, "kind": "parameter", "displayName": "Authentication Type", "group": "security", "label": "security", "required": false, "type": "enum", "javaType": "org.apache.camel.component.grpc.GrpcAuthType", "enum": [ "NONE", "GOOGLE", "JWT" ], "deprecated": false, "autowired": false, "secret": false, "defaultValue": "NONE", "configurationClass": "org.apache.camel.component.grpc.GrpcConfiguration", "configurationField": "configuration", "description": "Authentication method type in advance to the SSL\/TLS negotiation" },
    "jwtAlgorithm": { "index": 35, "kind": "parameter", "displayName": "Jwt Algorithm", "group": "security", "label": "security", "required": false, "type": "enum", "javaType": "org.apache.camel.component.grpc.auth.jwt.JwtAlgorithm", "enum": [ "HMAC256", "HMAC384", "HMAC512", "RSA256", "RSA384", "RSA512" ], "deprecated": false, "autowired": false, "secret": false, "defaultValue": "HMAC256", "configurationClass": "org.apache.camel.component.grpc.GrpcConfiguration", "configurationField": "configuration", "description": "JSON Web Token sign algorithm" },
    "jwtIssuer": { "index": 36, "kind": "parameter", "displayName": "Jwt Issuer", "group": "security", "label": "security", "required": false, "type": "string", "javaType": "java.lang.String", "deprecated": false, "autowired": false, "secret": false, "configurationClass": "org.apache.camel.component.grpc.GrpcConfiguration", "configurationField": "configuration", "description": "JSON Web Token issuer" },
    "jwtSecret": { "index": 37, "kind": "parameter", "displayName": "Jwt Secret", "group": "security", "label": "security", "required": false, "type": "string", "javaType": "java.lang.String", "deprecated": false, "autowired": false, "secret": true, "configurationClass": "org.apache.camel.component.grpc.GrpcConfiguration", "configurationField": "configuration", "description": "JSON Web Token secret" },
    "jwtSubject": { "index": 38, "kind": "parameter", "displayName": "Jwt Subject", "group": "security", "label": "security", "required": false, "type": "string", "javaType": "java.lang.String", "deprecated": false, "autowired": false, "secret": false, "configurationClass": "org.apache.camel.component.grpc.GrpcConfiguration", "configurationField": "configuration", "description": "JSON Web Token subject" },
    "keyCertChainResource": { "index": 39, "kind": "parameter", "displayName": "Key Cert Chain Resource", "group": "security", "label": "security", "required": false, "type": "string", "javaType": "java.lang.String", "deprecated": false, "deprecationNote": "", "autowired": false, "secret": false, "supportFileReference": true, "configurationClass": "org.apache.camel.component.grpc.GrpcConfiguration", "configurationField": "configuration", "description": "The X.509 certificate chain file resource in PEM format link" },
    "keyPassword": { "index": 40, "kind": "parameter", "displayName": "Key Password", "group": "security", "label": "security", "required": false, "type": "string", "javaType": "java.lang.String", "deprecated": false, "autowired": false, "secret": true, "configurationClass": "org.apache.camel.component.grpc.GrpcConfiguration", "configurationField": "configuration", "description": "The PKCS#8 private key file password" },
    "keyResource": { "index": 41, "kind": "parameter", "displayName": "Key Resource", "group": "security", "label": "security", "required": false, "type": "string", "javaType": "java.lang.String", "deprecated": false, "deprecationNote": "", "autowired": false, "secret": false, "supportFileReference": true, "configurationClass": "org.apache.camel.component.grpc.GrpcConfiguration", "configurationField": "configuration", "description": "The PKCS#8 private key file resource in PEM format link" },
    "negotiationType": { "index": 42, "kind": "parameter", "displayName": "Negotiation Type", "group": "security", "label": "security", "required": false, "type": "enum", "javaType": "io.grpc.netty.NegotiationType", "enum": [ "PLAINTEXT", "TLS" ], "deprecated": false, "autowired": false, "secret": false, "defaultValue": "PLAINTEXT", "configurationClass": "org.apache.camel.component.grpc.GrpcConfiguration", "configurationField": "configuration", "description": "Identifies the security negotiation type used for HTTP\/2 communication" },
    "serviceAccountResource": { "index": 43, "kind": "parameter", "displayName": "Service Account Resource", "group": "security", "label": "security", "required": false, "type": "string", "javaType": "java.lang.String", "deprecated": false, "deprecationNote": "", "autowired": false, "secret": false, "supportFileReference": true, "configurationClass": "org.apache.camel.component.grpc.GrpcConfiguration", "configurationField": "configuration", "description": "Service Account key file in JSON format resource link supported by the Google Cloud SDK" },
    "trustCertCollectionResource": { "index": 44, "kind": "parameter", "displayName": "Trust Cert Collection Resource", "group": "security", "label": "security", "required": false, "type": "string", "javaType": "java.lang.String", "deprecated": false, "deprecationNote": "", "autowired": false, "secret": false, "supportFileReference": true, "configurationClass": "org.apache.camel.component.grpc.GrpcConfiguration", "configurationField": "configuration", "description": "The trusted certificates collection file resource in PEM format for verifying the remote endpoint's certificate" }
  }
}
