{
  "component": {
    "kind": "component",
    "name": "hazelcast-queue",
    "title": "Hazelcast Queue",
    "description": "Perform operations on Hazelcast distributed queue.",
    "deprecated": false,
    "firstVersion": "2.7.0",
    "label": "cache,clustering,messaging",
    "javaType": "org.apache.camel.component.hazelcast.queue.HazelcastQueueComponent",
    "supportLevel": "Stable",
    "groupId": "org.apache.camel",
    "artifactId": "camel-hazelcast",
    "version": "4.18.0-SNAPSHOT",
    "scheme": "hazelcast-queue",
    "extendsScheme": "",
    "syntax": "hazelcast-queue:cacheName",
    "async": false,
    "api": false,
    "consumerOnly": false,
    "producerOnly": false,
    "lenientProperties": false,
    "browsable": false,
    "remote": true
  },
  "componentProperties": {
    "bridgeErrorHandler": { "index": 0, "kind": "property", "displayName": "Bridge Error Handler", "group": "consumer", "label": "consumer", "required": false, "type": "boolean", "javaType": "boolean", "deprecated": false, "autowired": false, "secret": false, "defaultValue": false, "description": "Allows for bridging the consumer to the Camel routing Error Handler, which mean any exceptions (if possible) occurred while the Camel consumer is trying to pickup incoming messages, or the likes, will now be processed as a message and handled by the routing Error Handler. Important: This is only possible if the 3rd party component allows Camel to be alerted if an exception was thrown. Some components handle this internally only, and therefore bridgeErrorHandler is not possible. In other situations we may improve the Camel component to hook into the 3rd party component and make this possible for future releases. By default the consumer will use the org.apache.camel.spi.ExceptionHandler to deal with exceptions, that will be logged at WARN or ERROR level and ignored." },
    "lazyStartProducer": { "index": 1, "kind": "property", "displayName": "Lazy Start Producer", "group": "producer", "label": "producer", "required": false, "type": "boolean", "javaType": "boolean", "deprecated": false, "autowired": false, "secret": false, "defaultValue": false, "description": "Whether the producer should be started lazy (on the first message). By starting lazy you can use this to allow CamelContext and routes to startup in situations where a producer may otherwise fail during starting and cause the route to fail being started. By deferring this startup to be lazy then the startup failure can be handled during routing messages via Camel's routing error handlers. Beware that when the first message is processed then creating and starting the producer may take a little time and prolong the total processing time of the processing." },
    "autowiredEnabled": { "index": 2, "kind": "property", "displayName": "Autowired Enabled", "group": "advanced", "label": "advanced", "required": false, "type": "boolean", "javaType": "boolean", "deprecated": false, "autowired": false, "secret": false, "defaultValue": true, "description": "Whether autowiring is enabled. This is used for automatic autowiring options (the option must be marked as autowired) by looking up in the registry to find if there is a single instance of matching type, which then gets configured on the component. This can be used for automatic configuring JDBC data sources, JMS connection factories, AWS Clients, etc." },
    "hazelcastInstance": { "index": 3, "kind": "property", "displayName": "Hazelcast Instance", "group": "advanced", "label": "advanced", "required": false, "type": "object", "javaType": "com.hazelcast.core.HazelcastInstance", "deprecated": false, "autowired": false, "secret": false, "description": "The hazelcast instance reference which can be used for hazelcast endpoint. If you don't specify the instance reference, camel use the default hazelcast instance from the camel-hazelcast instance." },
    "hazelcastMode": { "index": 4, "kind": "property", "displayName": "Hazelcast Mode", "group": "advanced", "label": "advanced", "required": false, "type": "string", "javaType": "java.lang.String", "deprecated": false, "autowired": false, "secret": false, "defaultValue": "node", "description": "The hazelcast mode reference which kind of instance should be used. If you don't specify the mode, then the node mode will be the default." }
  },
  "headers": {
    "CamelHazelcastObjectId": { "index": 0, "kind": "header", "displayName": "", "group": "common", "label": "", "required": false, "javaType": "String", "deprecated": false, "deprecationNote": "", "autowired": false, "secret": false, "description": "the object id to store \/ find your object inside the cache", "constantName": "org.apache.camel.component.hazelcast.HazelcastConstants#OBJECT_ID" },
    "CamelHazelcastDrainToCollection": { "index": 1, "kind": "header", "displayName": "", "group": "producer", "label": "producer", "required": false, "javaType": "Collection", "deprecated": false, "deprecationNote": "", "autowired": false, "secret": false, "description": "The collection to transfer elements into", "constantName": "org.apache.camel.component.hazelcast.HazelcastConstants#DRAIN_TO_COLLECTION" },
    "CamelHazelcastListenerAction": { "index": 2, "kind": "header", "displayName": "", "group": "consumer", "label": "consumer", "required": false, "javaType": "String", "deprecated": false, "deprecationNote": "", "autowired": false, "secret": false, "description": "The type of event - here added and removed", "constantName": "org.apache.camel.component.hazelcast.HazelcastConstants#LISTENER_ACTION" },
    "CamelHazelcastListenerType": { "index": 3, "kind": "header", "displayName": "", "group": "consumer", "label": "consumer", "required": false, "javaType": "String", "deprecated": false, "deprecationNote": "", "autowired": false, "secret": false, "description": "The map consumer", "constantName": "org.apache.camel.component.hazelcast.HazelcastConstants#LISTENER_TYPE" },
    "CamelHazelcastListenerTime": { "index": 4, "kind": "header", "displayName": "", "group": "consumer", "label": "consumer", "required": false, "javaType": "Long", "deprecated": false, "deprecationNote": "", "autowired": false, "secret": false, "description": "The time of the event in millis", "constantName": "org.apache.camel.component.hazelcast.HazelcastConstants#LISTENER_TIME" },
    "CamelHazelcastCacheName": { "index": 5, "kind": "header", "displayName": "", "group": "consumer", "label": "consumer", "required": false, "javaType": "String", "deprecated": false, "deprecationNote": "", "autowired": false, "secret": false, "description": "The name of the cache - e.g. foo", "constantName": "org.apache.camel.component.hazelcast.HazelcastConstants#CACHE_NAME" },
    "CamelHazelcastOperationType": { "index": 6, "kind": "header", "displayName": "", "group": "producer", "label": "producer", "required": false, "javaType": "String", "deprecated": false, "deprecationNote": "", "autowired": false, "secret": false, "description": "The operation to perform", "constantName": "org.apache.camel.component.hazelcast.HazelcastConstants#OPERATION" }
  },
  "properties": {
    "cacheName": { "index": 0, "kind": "path", "displayName": "Cache Name", "group": "common", "label": "", "required": true, "type": "string", "javaType": "java.lang.String", "deprecated": false, "deprecationNote": "", "autowired": false, "secret": false, "description": "The name of the cache" },
    "defaultOperation": { "index": 1, "kind": "parameter", "displayName": "Default Operation", "group": "common", "label": "", "required": false, "type": "enum", "javaType": "org.apache.camel.component.hazelcast.HazelcastOperation", "enum": [ "put", "delete", "get", "update", "query", "getAll", "clear", "putIfAbsent", "addAll", "removeAll", "retainAll", "evict", "evictAll", "valueCount", "containsKey", "containsValue", "getKeys", "removeValue", "increment", "decrement", "setValue", "destroy", "compareAndSet", "getAndAdd", "add", "offer", "peek", "poll", "remainingCapacity", "drainTo", "removeIf", "take", "publish", "readOnceHead", "readOnceTail", "capacity" ], "deprecated": false, "autowired": false, "secret": false, "description": "To specify a default operation to use, if no operation header has been provided." },
    "hazelcastConfigUri": { "index": 2, "kind": "parameter", "displayName": "Hazelcast Config Uri", "group": "common", "label": "", "required": false, "type": "string", "javaType": "java.lang.String", "deprecated": false, "deprecationNote": "", "autowired": false, "secret": false, "supportFileReference": true, "description": "Hazelcast configuration file." },
    "hazelcastInstance": { "index": 3, "kind": "parameter", "displayName": "Hazelcast Instance", "group": "common", "label": "", "required": false, "type": "object", "javaType": "com.hazelcast.core.HazelcastInstance", "deprecated": false, "autowired": false, "secret": false, "description": "The hazelcast instance reference which can be used for hazelcast endpoint." },
    "hazelcastInstanceName": { "index": 4, "kind": "parameter", "displayName": "Hazelcast Instance Name", "group": "common", "label": "", "required": false, "type": "string", "javaType": "java.lang.String", "deprecated": false, "autowired": false, "secret": false, "description": "The hazelcast instance reference name which can be used for hazelcast endpoint. If you don't specify the instance reference, camel use the default hazelcast instance from the camel-hazelcast instance." },
    "pollingTimeout": { "index": 5, "kind": "parameter", "displayName": "Polling Timeout", "group": "consumer", "label": "consumer", "required": false, "type": "integer", "javaType": "long", "deprecated": false, "autowired": false, "secret": false, "defaultValue": 10000, "configurationClass": "org.apache.camel.component.hazelcast.queue.HazelcastQueueConfiguration", "configurationField": "configuration", "description": "Define the polling timeout of the Queue consumer in Poll mode" },
    "poolSize": { "index": 6, "kind": "parameter", "displayName": "Pool Size", "group": "consumer", "label": "consumer", "required": false, "type": "integer", "javaType": "int", "deprecated": false, "autowired": false, "secret": false, "defaultValue": 1, "configurationClass": "org.apache.camel.component.hazelcast.queue.HazelcastQueueConfiguration", "configurationField": "configuration", "description": "Define the Pool size for Queue Consumer Executor" },
    "queueConsumerMode": { "index": 7, "kind": "parameter", "displayName": "Queue Consumer Mode", "group": "consumer", "label": "consumer", "required": false, "type": "enum", "javaType": "org.apache.camel.component.hazelcast.queue.HazelcastQueueConsumerMode", "enum": [ "listen", "poll" ], "deprecated": false, "autowired": false, "secret": false, "defaultValue": "Listen", "configurationClass": "org.apache.camel.component.hazelcast.queue.HazelcastQueueConfiguration", "configurationField": "configuration", "description": "Define the Queue Consumer mode: Listen or Poll" },
    "bridgeErrorHandler": { "index": 8, "kind": "parameter", "displayName": "Bridge Error Handler", "group": "consumer (advanced)", "label": "consumer,advanced", "required": false, "type": "boolean", "javaType": "boolean", "deprecated": false, "autowired": false, "secret": false, "defaultValue": false, "description": "Allows for bridging the consumer to the Camel routing Error Handler, which mean any exceptions (if possible) occurred while the Camel consumer is trying to pickup incoming messages, or the likes, will now be processed as a message and handled by the routing Error Handler. Important: This is only possible if the 3rd party component allows Camel to be alerted if an exception was thrown. Some components handle this internally only, and therefore bridgeErrorHandler is not possible. In other situations we may improve the Camel component to hook into the 3rd party component and make this possible for future releases. By default the consumer will use the org.apache.camel.spi.ExceptionHandler to deal with exceptions, that will be logged at WARN or ERROR level and ignored." },
    "exceptionHandler": { "index": 9, "kind": "parameter", "displayName": "Exception Handler", "group": "consumer (advanced)", "label": "consumer,advanced", "required": false, "type": "object", "javaType": "org.apache.camel.spi.ExceptionHandler", "optionalPrefix": "consumer.", "deprecated": false, "autowired": false, "secret": false, "description": "To let the consumer use a custom ExceptionHandler. Notice if the option bridgeErrorHandler is enabled then this option is not in use. By default the consumer will deal with exceptions, that will be logged at WARN or ERROR level and ignored." },
    "exchangePattern": { "index": 10, "kind": "parameter", "displayName": "Exchange Pattern", "group": "consumer (advanced)", "label": "consumer,advanced", "required": false, "type": "enum", "javaType": "org.apache.camel.ExchangePattern", "enum": [ "InOnly", "InOut" ], "deprecated": false, "autowired": false, "secret": false, "description": "Sets the exchange pattern when the consumer creates an exchange." },
    "lazyStartProducer": { "index": 11, "kind": "parameter", "displayName": "Lazy Start Producer", "group": "producer (advanced)", "label": "producer,advanced", "required": false, "type": "boolean", "javaType": "boolean", "deprecated": false, "autowired": false, "secret": false, "defaultValue": false, "description": "Whether the producer should be started lazy (on the first message). By starting lazy you can use this to allow CamelContext and routes to startup in situations where a producer may otherwise fail during starting and cause the route to fail being started. By deferring this startup to be lazy then the startup failure can be handled during routing messages via Camel's routing error handlers. Beware that when the first message is processed then creating and starting the producer may take a little time and prolong the total processing time of the processing." }
  }
}
