{
  "component": {
    "kind": "component",
    "name": "http",
    "title": "HTTP",
    "description": "Send requests to external HTTP servers using Apache HTTP Client 5.x.",
    "deprecated": false,
    "firstVersion": "2.3.0",
    "label": "http",
    "javaType": "org.apache.camel.component.http.HttpComponent",
    "supportLevel": "Stable",
    "metadata": { "protocol": "http" },
    "groupId": "org.apache.camel",
    "artifactId": "camel-http",
    "version": "4.17.0-SNAPSHOT",
    "scheme": "http",
    "extendsScheme": "",
    "alternativeSchemes": "http,https",
    "syntax": "http:\/\/httpUri",
    "async": false,
    "api": false,
    "consumerOnly": false,
    "producerOnly": true,
    "lenientProperties": true,
    "browsable": false,
    "remote": true,
    "verifiers": "parameters,connectivity"
  },
  "componentProperties": {
    "lazyStartProducer": { "index": 0, "kind": "property", "displayName": "Lazy Start Producer", "group": "producer", "label": "producer", "required": false, "type": "boolean", "javaType": "boolean", "deprecated": false, "autowired": false, "secret": false, "defaultValue": false, "description": "Whether the producer should be started lazy (on the first message). By starting lazy you can use this to allow CamelContext and routes to startup in situations where a producer may otherwise fail during starting and cause the route to fail being started. By deferring this startup to be lazy then the startup failure can be handled during routing messages via Camel's routing error handlers. Beware that when the first message is processed then creating and starting the producer may take a little time and prolong the total processing time of the processing." },
    "logHttpActivity": { "index": 1, "kind": "property", "displayName": "Log Http Activity", "group": "producer", "label": "producer", "required": false, "type": "boolean", "javaType": "boolean", "deprecated": false, "autowired": false, "secret": false, "defaultValue": false, "description": "To enable logging HTTP request and response. You can use a custom LoggingHttpActivityListener as httpActivityListener to control logging options." },
    "skipControlHeaders": { "index": 2, "kind": "property", "displayName": "Skip Control Headers", "group": "producer", "label": "producer", "required": false, "type": "boolean", "javaType": "boolean", "deprecated": false, "autowired": false, "secret": false, "defaultValue": false, "description": "Whether to skip Camel control headers (CamelHttp... headers) to influence this endpoint. Control headers from previous HTTP components can influence how this Camel component behaves such as CamelHttpPath, CamelHttpQuery, etc." },
    "skipRequestHeaders": { "index": 3, "kind": "property", "displayName": "Skip Request Headers", "group": "producer", "label": "producer", "required": false, "type": "boolean", "javaType": "boolean", "deprecated": false, "autowired": false, "secret": false, "defaultValue": false, "description": "Whether to skip mapping all the Camel headers as HTTP request headers. This is useful when you know that calling the HTTP service should not include any custom headers." },
    "skipResponseHeaders": { "index": 4, "kind": "property", "displayName": "Skip Response Headers", "group": "producer", "label": "producer", "required": false, "type": "boolean", "javaType": "boolean", "deprecated": false, "autowired": false, "secret": false, "defaultValue": false, "description": "Whether to skip mapping all the HTTP response headers to Camel headers." },
    "contentTypeCharsetEnabled": { "index": 5, "kind": "property", "displayName": "Content Type Charset Enabled", "group": "producer (advanced)", "label": "producer,advanced", "required": false, "type": "boolean", "javaType": "boolean", "deprecated": false, "autowired": false, "secret": false, "defaultValue": true, "description": "Whether the Content-Type header should automatic include charset for string based content." },
    "cookieStore": { "index": 6, "kind": "property", "displayName": "Cookie Store", "group": "producer (advanced)", "label": "producer,advanced", "required": false, "type": "object", "javaType": "org.apache.hc.client5.http.cookie.CookieStore", "deprecated": false, "autowired": false, "secret": false, "description": "To use a custom org.apache.hc.client5.http.cookie.CookieStore. By default the org.apache.hc.client5.http.cookie.BasicCookieStore is used which is an in-memory only cookie store. Notice if bridgeEndpoint=true then the cookie store is forced to be a noop cookie store as cookie shouldn't be stored as we are just bridging (eg acting as a proxy)." },
    "copyHeaders": { "index": 7, "kind": "property", "displayName": "Copy Headers", "group": "producer (advanced)", "label": "producer,advanced", "required": false, "type": "boolean", "javaType": "boolean", "deprecated": false, "autowired": false, "secret": false, "defaultValue": true, "description": "If this option is true then IN exchange headers will be copied to OUT exchange headers according to copy strategy. Setting this to false, allows to only include the headers from the HTTP response (not propagating IN headers)." },
    "followRedirects": { "index": 8, "kind": "property", "displayName": "Follow Redirects", "group": "producer (advanced)", "label": "producer,advanced", "required": false, "type": "boolean", "javaType": "boolean", "deprecated": false, "autowired": false, "secret": false, "defaultValue": false, "description": "Whether to the HTTP request should follow redirects. By default the HTTP request does not follow redirects" },
    "httpActivityListener": { "index": 9, "kind": "property", "displayName": "Http Activity Listener", "group": "producer (advanced)", "label": "producer,advanced", "required": false, "type": "object", "javaType": "org.apache.camel.component.http.HttpActivityListener", "deprecated": false, "autowired": true, "secret": false, "description": "To use a custom activity listener" },
    "responsePayloadStreamingThreshold": { "index": 10, "kind": "property", "displayName": "Response Payload Streaming Threshold", "group": "producer (advanced)", "label": "producer,advanced", "required": false, "type": "integer", "javaType": "int", "deprecated": false, "autowired": false, "secret": false, "defaultValue": 8192, "description": "This threshold in bytes controls whether the response payload should be stored in memory as a byte array or be streaming based. Set this to -1 to always use streaming mode." },
    "userAgent": { "index": 11, "kind": "property", "displayName": "User Agent", "group": "producer (advanced)", "label": "producer,advanced", "required": false, "type": "string", "javaType": "java.lang.String", "deprecated": false, "autowired": false, "secret": false, "description": "To set a custom HTTP User-Agent request header" },
    "allowJavaSerializedObject": { "index": 12, "kind": "property", "displayName": "Allow Java Serialized Object", "group": "advanced", "label": "advanced", "required": false, "type": "boolean", "javaType": "boolean", "deprecated": false, "autowired": false, "secret": false, "defaultValue": false, "description": "Whether to allow java serialization when a request uses context-type=application\/x-java-serialized-object. This is by default turned off. If you enable this then be aware that Java will deserialize the incoming data from the request to Java and that can be a potential security risk." },
    "authCachingDisabled": { "index": 13, "kind": "property", "displayName": "Auth Caching Disabled", "group": "advanced", "label": "advanced", "required": false, "type": "boolean", "javaType": "boolean", "deprecated": false, "autowired": false, "secret": false, "defaultValue": false, "description": "Disables authentication scheme caching" },
    "automaticRetriesDisabled": { "index": 14, "kind": "property", "displayName": "Automatic Retries Disabled", "group": "advanced", "label": "advanced", "required": false, "type": "boolean", "javaType": "boolean", "deprecated": false, "autowired": false, "secret": false, "defaultValue": false, "description": "Disables automatic request recovery and re-execution" },
    "autowiredEnabled": { "index": 15, "kind": "property", "displayName": "Autowired Enabled", "group": "advanced", "label": "advanced", "required": false, "type": "boolean", "javaType": "boolean", "deprecated": false, "autowired": false, "secret": false, "defaultValue": true, "description": "Whether autowiring is enabled. This is used for automatic autowiring options (the option must be marked as autowired) by looking up in the registry to find if there is a single instance of matching type, which then gets configured on the component. This can be used for automatic configuring JDBC data sources, JMS connection factories, AWS Clients, etc." },
    "clientConnectionManager": { "index": 16, "kind": "property", "displayName": "Client Connection Manager", "group": "advanced", "label": "advanced", "required": false, "type": "object", "javaType": "org.apache.hc.client5.http.io.HttpClientConnectionManager", "deprecated": false, "autowired": false, "secret": false, "description": "To use a custom and shared HttpClientConnectionManager to manage connections. If this has been configured then this is always used for all endpoints created by this component." },
    "connectionsPerRoute": { "index": 17, "kind": "property", "displayName": "Connections Per Route", "group": "advanced", "label": "advanced", "required": false, "type": "integer", "javaType": "int", "deprecated": false, "autowired": false, "secret": false, "defaultValue": 20, "description": "The maximum number of connections per route." },
    "connectionStateDisabled": { "index": 18, "kind": "property", "displayName": "Connection State Disabled", "group": "advanced", "label": "advanced", "required": false, "type": "boolean", "javaType": "boolean", "deprecated": false, "autowired": false, "secret": false, "defaultValue": false, "description": "Disables connection state tracking" },
    "connectionTimeToLive": { "index": 19, "kind": "property", "displayName": "Connection Time To Live", "group": "advanced", "label": "advanced", "required": false, "type": "integer", "javaType": "long", "deprecated": false, "autowired": false, "secret": false, "description": "The time for connection to live, the time unit is millisecond, the default value is always keepAlive." },
    "contentCompressionDisabled": { "index": 20, "kind": "property", "displayName": "Content Compression Disabled", "group": "advanced", "label": "advanced", "required": false, "type": "boolean", "javaType": "boolean", "deprecated": false, "autowired": false, "secret": false, "defaultValue": false, "description": "Disables automatic content decompression" },
    "cookieManagementDisabled": { "index": 21, "kind": "property", "displayName": "Cookie Management Disabled", "group": "advanced", "label": "advanced", "required": false, "type": "boolean", "javaType": "boolean", "deprecated": false, "autowired": false, "secret": false, "defaultValue": false, "description": "Disables state (cookie) management" },
    "defaultUserAgentDisabled": { "index": 22, "kind": "property", "displayName": "Default User Agent Disabled", "group": "advanced", "label": "advanced", "required": false, "type": "boolean", "javaType": "boolean", "deprecated": false, "autowired": false, "secret": false, "defaultValue": false, "description": "Disables the default user agent set by this builder if none has been provided by the user" },
    "httpBinding": { "index": 23, "kind": "property", "displayName": "Http Binding", "group": "advanced", "label": "advanced", "required": false, "type": "object", "javaType": "org.apache.camel.http.common.HttpBinding", "deprecated": false, "autowired": false, "secret": false, "description": "To use a custom HttpBinding to control the mapping between Camel message and HttpClient." },
    "httpClientConfigurer": { "index": 24, "kind": "property", "displayName": "Http Client Configurer", "group": "advanced", "label": "advanced", "required": false, "type": "object", "javaType": "org.apache.camel.component.http.HttpClientConfigurer", "deprecated": false, "autowired": false, "secret": false, "description": "To use the custom HttpClientConfigurer to perform configuration of the HttpClient that will be used." },
    "httpConfiguration": { "index": 25, "kind": "property", "displayName": "Http Configuration", "group": "advanced", "label": "advanced", "required": false, "type": "object", "javaType": "org.apache.camel.http.common.HttpConfiguration", "deprecated": false, "autowired": false, "secret": false, "description": "To use the shared HttpConfiguration as base configuration." },
    "httpContext": { "index": 26, "kind": "property", "displayName": "Http Context", "group": "advanced", "label": "advanced", "required": false, "type": "object", "javaType": "org.apache.hc.core5.http.protocol.HttpContext", "deprecated": false, "autowired": false, "secret": false, "description": "To use a custom org.apache.hc.core5.http.protocol.HttpContext when executing requests." },
    "maxTotalConnections": { "index": 27, "kind": "property", "displayName": "Max Total Connections", "group": "advanced", "label": "advanced", "required": false, "type": "integer", "javaType": "int", "deprecated": false, "autowired": false, "secret": false, "defaultValue": 200, "description": "The maximum number of connections." },
    "redirectHandlingDisabled": { "index": 28, "kind": "property", "displayName": "Redirect Handling Disabled", "group": "advanced", "label": "advanced", "required": false, "type": "boolean", "javaType": "boolean", "deprecated": false, "autowired": false, "secret": false, "defaultValue": false, "description": "Disables automatic redirect handling" },
    "useSystemProperties": { "index": 29, "kind": "property", "displayName": "Use System Properties", "group": "advanced", "label": "advanced", "required": false, "type": "boolean", "javaType": "boolean", "deprecated": false, "autowired": false, "secret": false, "defaultValue": false, "description": "To use System Properties as fallback for configuration for configuring HTTP Client" },
    "headerFilterStrategy": { "index": 30, "kind": "property", "displayName": "Header Filter Strategy", "group": "filter", "label": "filter", "required": false, "type": "object", "javaType": "org.apache.camel.spi.HeaderFilterStrategy", "deprecated": false, "autowired": false, "secret": false, "description": "To use a custom org.apache.camel.spi.HeaderFilterStrategy to filter header to and from Camel message." },
    "nonProxyHosts": { "index": 31, "kind": "property", "displayName": "Non Proxy Hosts", "group": "proxy", "label": "producer,proxy", "required": false, "type": "string", "javaType": "java.lang.String", "deprecated": false, "autowired": false, "secret": false, "description": "Comma-separated list of hosts that should bypass the proxy. Supports wildcards, e.g., localhost,.example.com,192.168.." },
    "proxyAuthDomain": { "index": 32, "kind": "property", "displayName": "Proxy Auth Domain", "group": "proxy", "label": "producer,proxy", "required": false, "type": "string", "javaType": "java.lang.String", "deprecated": false, "autowired": false, "secret": false, "description": "Proxy authentication domain to use with NTLM" },
    "proxyAuthHost": { "index": 33, "kind": "property", "displayName": "Proxy Auth Host", "group": "proxy", "label": "producer,proxy", "required": false, "type": "string", "javaType": "java.lang.String", "deprecated": true, "autowired": false, "secret": false, "description": "Proxy server host" },
    "proxyAuthMethod": { "index": 34, "kind": "property", "displayName": "Proxy Auth Method", "group": "proxy", "label": "producer,proxy", "required": false, "type": "enum", "javaType": "java.lang.String", "enum": [ "Basic", "Digest", "NTLM" ], "deprecated": false, "autowired": false, "secret": false, "description": "Proxy authentication method to use (NTLM is deprecated)" },
    "proxyAuthNtHost": { "index": 35, "kind": "property", "displayName": "Proxy Auth Nt Host", "group": "proxy", "label": "producer,proxy", "required": false, "type": "string", "javaType": "java.lang.String", "deprecated": false, "autowired": false, "secret": false, "description": "Proxy authentication domain (workstation name) to use with NTLM (NTLM is deprecated)" },
    "proxyAuthPassword": { "index": 36, "kind": "property", "displayName": "Proxy Auth Password", "group": "proxy", "label": "producer,proxy", "required": false, "type": "string", "javaType": "java.lang.String", "deprecated": false, "autowired": false, "secret": true, "description": "Proxy server password" },
    "proxyAuthPort": { "index": 37, "kind": "property", "displayName": "Proxy Auth Port", "group": "proxy", "label": "producer,proxy", "required": false, "type": "integer", "javaType": "java.lang.Integer", "deprecated": true, "autowired": false, "secret": false, "description": "Proxy server port" },
    "proxyAuthScheme": { "index": 38, "kind": "property", "displayName": "Proxy Auth Scheme", "group": "proxy", "label": "producer,proxy", "required": false, "type": "enum", "javaType": "java.lang.String", "enum": [ "http", "https" ], "deprecated": false, "autowired": false, "secret": false, "description": "Proxy server authentication protocol scheme to use" },
    "proxyAuthUsername": { "index": 39, "kind": "property", "displayName": "Proxy Auth Username", "group": "proxy", "label": "producer,proxy", "required": false, "type": "string", "javaType": "java.lang.String", "deprecated": false, "autowired": false, "secret": true, "description": "Proxy server username" },
    "proxyHost": { "index": 40, "kind": "property", "displayName": "Proxy Host", "group": "proxy", "label": "producer,proxy", "required": false, "type": "string", "javaType": "java.lang.String", "deprecated": false, "autowired": false, "secret": false, "description": "Proxy server host" },
    "proxyPort": { "index": 41, "kind": "property", "displayName": "Proxy Port", "group": "proxy", "label": "producer,proxy", "required": false, "type": "integer", "javaType": "java.lang.Integer", "deprecated": false, "autowired": false, "secret": false, "description": "Proxy server port" },
    "sslContextParameters": { "index": 42, "kind": "property", "displayName": "Ssl Context Parameters", "group": "security", "label": "security", "required": false, "type": "object", "javaType": "org.apache.camel.support.jsse.SSLContextParameters", "deprecated": false, "autowired": false, "secret": false, "description": "To configure security using SSLContextParameters. Important: Only one instance of org.apache.camel.support.jsse.SSLContextParameters is supported per HttpComponent. If you need to use 2 or more different instances, you need to define a new HttpComponent per instance you need." },
    "useGlobalSslContextParameters": { "index": 43, "kind": "property", "displayName": "Use Global Ssl Context Parameters", "group": "security", "label": "security", "required": false, "type": "boolean", "javaType": "boolean", "deprecated": false, "autowired": false, "secret": false, "defaultValue": false, "description": "Enable usage of global SSL context parameters." },
    "x509HostnameVerifier": { "index": 44, "kind": "property", "displayName": "X509 Hostname Verifier", "group": "security", "label": "security", "required": false, "type": "object", "javaType": "javax.net.ssl.HostnameVerifier", "deprecated": false, "autowired": false, "secret": false, "description": "To use a custom X509HostnameVerifier such as DefaultHostnameVerifier or NoopHostnameVerifier." },
    "connectionRequestTimeout": { "index": 45, "kind": "property", "displayName": "Connection Request Timeout", "group": "timeout", "label": "timeout", "required": false, "type": "integer", "javaType": "long", "deprecated": false, "autowired": false, "secret": false, "defaultValue": 180000, "description": "Returns the connection lease request timeout (in millis) used when requesting a connection from the connection manager. A timeout value of zero is interpreted as a disabled timeout." },
    "connectTimeout": { "index": 46, "kind": "property", "displayName": "Connect Timeout", "group": "timeout", "label": "timeout", "required": false, "type": "integer", "javaType": "long", "deprecated": false, "autowired": false, "secret": false, "defaultValue": 180000, "description": "Determines the timeout (in millis) until a new connection is fully established. A timeout value of zero is interpreted as an infinite timeout." },
    "responseTimeout": { "index": 47, "kind": "property", "displayName": "Response Timeout", "group": "timeout", "label": "timeout", "required": false, "type": "integer", "javaType": "long", "deprecated": false, "autowired": false, "secret": false, "description": "Determines the timeout (in millis) until arrival of a response from the opposite endpoint. A timeout value of zero is interpreted as an infinite timeout. Please note that response timeout may be unsupported by HTTP transports with message multiplexing." },
    "soTimeout": { "index": 48, "kind": "property", "displayName": "So Timeout", "group": "timeout", "label": "timeout", "required": false, "type": "integer", "javaType": "long", "deprecated": false, "autowired": false, "secret": false, "defaultValue": 180000, "description": "Determines the default socket timeout (in millis) value for blocking I\/O operations." }
  },
  "headers": {
    "Content-Encoding": { "index": 0, "kind": "header", "displayName": "", "group": "producer", "label": "", "required": false, "javaType": "String", "deprecated": false, "deprecationNote": "", "autowired": false, "secret": false, "description": "The HTTP content encoding. Is set on both the IN and OUT message to provide a content encoding, such as gzip.", "constantName": "org.apache.camel.component.http.HttpConstants#CONTENT_ENCODING" },
    "CamelHttpResponseCode": { "index": 1, "kind": "header", "displayName": "", "group": "producer", "label": "", "required": false, "javaType": "int", "deprecated": false, "deprecationNote": "", "autowired": false, "secret": false, "important": true, "description": "The HTTP response code from the external server. Is 200 for OK.", "constantName": "org.apache.camel.component.http.HttpConstants#HTTP_RESPONSE_CODE" },
    "CamelHttpResponseText": { "index": 2, "kind": "header", "displayName": "", "group": "producer", "label": "", "required": false, "javaType": "String", "deprecated": false, "deprecationNote": "", "autowired": false, "secret": false, "important": true, "description": "The HTTP response text from the external server.", "constantName": "org.apache.camel.component.http.HttpConstants#HTTP_RESPONSE_TEXT" },
    "CamelHttpQuery": { "index": 3, "kind": "header", "displayName": "", "group": "producer", "label": "producer", "required": false, "javaType": "String", "deprecated": false, "deprecationNote": "", "autowired": false, "secret": false, "description": "URI parameters. Will override existing URI parameters set directly on the endpoint.", "constantName": "org.apache.camel.component.http.HttpConstants#HTTP_QUERY" },
    "CamelHttpProtocolVersion": { "index": 4, "kind": "header", "displayName": "", "group": "producer", "label": "producer", "required": false, "javaType": "String", "deprecated": false, "deprecationNote": "", "autowired": false, "secret": false, "description": "The version of the http protocol used.", "constantName": "org.apache.camel.component.http.HttpConstants#HTTP_PROTOCOL_VERSION" },
    "Host": { "index": 5, "kind": "header", "displayName": "", "group": "producer", "label": "producer", "required": false, "javaType": "String", "deprecated": false, "deprecationNote": "", "autowired": false, "secret": false, "description": "The target host.", "constantName": "org.apache.camel.component.http.HttpConstants#HTTP_HEADER_HOST" },
    "CamelRestHttpUri": { "index": 6, "kind": "header", "displayName": "", "group": "producer", "label": "producer", "required": false, "javaType": "String", "deprecated": false, "deprecationNote": "", "autowired": false, "secret": false, "description": "The rest http URI.", "constantName": "org.apache.camel.component.http.HttpConstants#REST_HTTP_URI" },
    "CamelHttpUri": { "index": 7, "kind": "header", "displayName": "", "group": "producer", "label": "producer", "required": false, "javaType": "String", "deprecated": false, "deprecationNote": "", "autowired": false, "secret": false, "description": "URI to call. Will override existing URI set directly on the endpoint. This uri is the uri of the http server to call. Its not the same as the Camel endpoint uri, where you can configure endpoint options such as security etc. This header does not support that, its only the uri of the http server.", "constantName": "org.apache.camel.component.http.HttpConstants#HTTP_URI" },
    "CamelHttpPath": { "index": 8, "kind": "header", "displayName": "", "group": "producer", "label": "producer", "required": false, "javaType": "String", "deprecated": false, "deprecationNote": "", "autowired": false, "secret": false, "description": "Request URI's path, the header will be used to build the request URI with the HTTP_URI.", "constantName": "org.apache.camel.component.http.HttpConstants#HTTP_PATH" },
    "CamelRestHttpQuery": { "index": 9, "kind": "header", "displayName": "", "group": "producer", "label": "producer", "required": false, "javaType": "String", "deprecated": false, "deprecationNote": "", "autowired": false, "secret": false, "description": "The rest http query.", "constantName": "org.apache.camel.component.http.HttpConstants#REST_HTTP_QUERY" },
    "CamelHttpRawQuery": { "index": 10, "kind": "header", "displayName": "", "group": "producer", "label": "producer", "required": false, "javaType": "String", "deprecated": false, "deprecationNote": "", "autowired": false, "secret": false, "description": "The http raw query.", "constantName": "org.apache.camel.component.http.HttpConstants#HTTP_RAW_QUERY" },
    "CamelHttpMethod": { "index": 11, "kind": "header", "displayName": "", "group": "producer", "label": "producer", "required": false, "javaType": "org.apache.camel.component.http.HttpMethods", "enum": [ "GET", "PATCH", "POST", "PUT", "DELETE", "HEAD", "OPTIONS", "TRACE" ], "deprecated": false, "deprecationNote": "", "autowired": false, "secret": false, "description": "The http method to use.", "constantName": "org.apache.camel.component.http.HttpConstants#HTTP_METHOD" },
    "CamelHttpCharacterEncoding": { "index": 12, "kind": "header", "displayName": "", "group": "producer", "label": "", "required": false, "javaType": "String", "deprecated": false, "deprecationNote": "", "autowired": false, "secret": false, "description": "The character encoding.", "constantName": "org.apache.camel.component.http.HttpConstants#HTTP_CHARACTER_ENCODING" },
    "Content-Type": { "index": 13, "kind": "header", "displayName": "", "group": "producer", "label": "", "required": false, "javaType": "String", "deprecated": false, "deprecationNote": "", "autowired": false, "secret": false, "important": true, "description": "The HTTP content type. Is set on both the IN and OUT message to provide a content type, such as text\/html.", "constantName": "org.apache.camel.component.http.HttpConstants#CONTENT_TYPE" }
  },
  "properties": {
    "httpUri": { "index": 0, "kind": "path", "displayName": "Http Uri", "group": "common", "label": "common", "required": true, "type": "string", "javaType": "java.net.URI", "deprecated": false, "deprecationNote": "", "autowired": false, "secret": false, "description": "The url of the HTTP endpoint to call." },
    "disableStreamCache": { "index": 1, "kind": "parameter", "displayName": "Disable Stream Cache", "group": "common", "label": "common", "required": false, "type": "boolean", "javaType": "boolean", "deprecated": false, "autowired": false, "secret": false, "defaultValue": false, "description": "Determines whether or not the raw input stream is cached or not. The Camel consumer (camel-servlet, camel-jetty etc.) will by default cache the input stream to support reading it multiple times to ensure it Camel can retrieve all data from the stream. However you can set this option to true when you for example need to access the raw stream, such as streaming it directly to a file or other persistent store. DefaultHttpBinding will copy the request input stream into a stream cache and put it into message body if this option is false to support reading the stream multiple times. If you use Servlet to bridge\/proxy an endpoint then consider enabling this option to improve performance, in case you do not need to read the message payload multiple times. The producer (camel-http) will by default cache the response body stream. If setting this option to true, then the producers will not cache the response body stream but use the response stream as-is (the stream can only be read once) as the message body." },
    "headerFilterStrategy": { "index": 2, "kind": "parameter", "displayName": "Header Filter Strategy", "group": "common (advanced)", "label": "common,advanced", "required": false, "type": "object", "javaType": "org.apache.camel.spi.HeaderFilterStrategy", "deprecated": false, "autowired": false, "secret": false, "description": "To use a custom HeaderFilterStrategy to filter header to and from Camel message." },
    "bridgeEndpoint": { "index": 3, "kind": "parameter", "displayName": "Bridge Endpoint", "group": "producer", "label": "producer", "required": false, "type": "boolean", "javaType": "boolean", "deprecated": false, "autowired": false, "secret": false, "defaultValue": false, "description": "If the option is true, HttpProducer will ignore the Exchange.HTTP_URI header, and use the endpoint's URI for request. You may also set the option throwExceptionOnFailure to be false to let the HttpProducer send all the fault response back." },
    "connectionClose": { "index": 4, "kind": "parameter", "displayName": "Connection Close", "group": "producer", "label": "producer", "required": false, "type": "boolean", "javaType": "boolean", "deprecated": false, "autowired": false, "secret": false, "defaultValue": false, "description": "Specifies whether a Connection Close header must be added to HTTP Request. By default connectionClose is false." },
    "httpMethod": { "index": 5, "kind": "parameter", "displayName": "Http Method", "group": "producer", "label": "producer", "required": false, "type": "enum", "javaType": "org.apache.camel.http.common.HttpMethods", "enum": [ "GET", "POST", "PUT", "DELETE", "HEAD", "OPTIONS", "TRACE", "PATCH" ], "deprecated": false, "autowired": false, "secret": false, "description": "Configure the HTTP method to use. The HttpMethod header cannot override this option if set." },
    "logHttpActivity": { "index": 6, "kind": "parameter", "displayName": "Log Http Activity", "group": "producer", "label": "producer", "required": false, "type": "boolean", "javaType": "boolean", "deprecated": false, "autowired": false, "secret": false, "defaultValue": false, "description": "To enable logging HTTP request and response. You can use a custom LoggingHttpActivityListener as httpActivityListener to control logging options." },
    "multipartUpload": { "index": 7, "kind": "parameter", "displayName": "Multipart Upload", "group": "producer", "label": "producer", "required": false, "type": "boolean", "javaType": "boolean", "deprecated": false, "autowired": false, "secret": false, "defaultValue": false, "description": "Whether to force using multipart\/form-data for easy file uploads. This is only to be used for uploading the message body as a single entity form-data. For uploading multiple entries then use org.apache.hc.client5.http.entity.mime.MultipartEntityBuilder to build the form." },
    "multipartUploadName": { "index": 8, "kind": "parameter", "displayName": "Multipart Upload Name", "group": "producer", "label": "producer", "required": false, "type": "string", "javaType": "java.lang.String", "deprecated": false, "autowired": false, "secret": false, "defaultValue": "data", "description": "The name of the multipart\/form-data when multipartUpload is enabled." },
    "skipControlHeaders": { "index": 9, "kind": "parameter", "displayName": "Skip Control Headers", "group": "producer", "label": "producer", "required": false, "type": "boolean", "javaType": "boolean", "deprecated": false, "autowired": false, "secret": false, "defaultValue": false, "description": "Whether to skip Camel control headers (CamelHttp... headers) to influence this endpoint. Control headers from previous HTTP components can influence how this Camel component behaves such as CamelHttpPath, CamelHttpQuery, etc." },
    "skipRequestHeaders": { "index": 10, "kind": "parameter", "displayName": "Skip Request Headers", "group": "producer", "label": "producer", "required": false, "type": "boolean", "javaType": "boolean", "deprecated": false, "autowired": false, "secret": false, "defaultValue": false, "description": "Whether to skip mapping the Camel headers as HTTP request headers. This is useful when you know that calling the HTTP service should not include any custom headers." },
    "skipResponseHeaders": { "index": 11, "kind": "parameter", "displayName": "Skip Response Headers", "group": "producer", "label": "producer", "required": false, "type": "boolean", "javaType": "boolean", "deprecated": false, "autowired": false, "secret": false, "defaultValue": false, "description": "Whether to skip mapping all the HTTP response headers to Camel headers." },
    "throwExceptionOnFailure": { "index": 12, "kind": "parameter", "displayName": "Throw Exception On Failure", "group": "producer", "label": "producer", "required": false, "type": "boolean", "javaType": "boolean", "deprecated": false, "autowired": false, "secret": false, "defaultValue": true, "description": "Option to disable throwing the HttpOperationFailedException in case of failed responses from the remote server. This allows you to get all responses regardless of the HTTP status code." },
    "clearExpiredCookies": { "index": 13, "kind": "parameter", "displayName": "Clear Expired Cookies", "group": "producer (advanced)", "label": "producer,advanced", "required": false, "type": "boolean", "javaType": "boolean", "deprecated": false, "autowired": false, "secret": false, "defaultValue": true, "description": "Whether to clear expired cookies before sending the HTTP request. This ensures the cookies store does not keep growing by adding new cookies which is newer removed when they are expired. If the component has disabled cookie management then this option is disabled too." },
    "contentTypeCharsetEnabled": { "index": 14, "kind": "parameter", "displayName": "Content Type Charset Enabled", "group": "producer (advanced)", "label": "producer,advanced", "required": false, "type": "boolean", "javaType": "boolean", "deprecated": false, "autowired": false, "secret": false, "defaultValue": true, "description": "Whether the Content-Type header should automatic include charset for string based content." },
    "cookieHandler": { "index": 15, "kind": "parameter", "displayName": "Cookie Handler", "group": "producer (advanced)", "label": "producer,advanced", "required": false, "type": "object", "javaType": "org.apache.camel.http.base.cookie.CookieHandler", "deprecated": false, "autowired": false, "secret": false, "description": "Configure a cookie handler to maintain a HTTP session" },
    "cookieStore": { "index": 16, "kind": "parameter", "displayName": "Cookie Store", "group": "producer (advanced)", "label": "producer,advanced", "required": false, "type": "object", "javaType": "org.apache.hc.client5.http.cookie.CookieStore", "deprecated": false, "autowired": false, "secret": false, "description": "To use a custom CookieStore. By default the BasicCookieStore is used which is an in-memory only cookie store. Notice if bridgeEndpoint=true then the cookie store is forced to be a noop cookie store as cookie shouldn't be stored as we are just bridging (eg acting as a proxy). If a cookieHandler is set then the cookie store is also forced to be a noop cookie store as cookie handling is then performed by the cookieHandler." },
    "copyHeaders": { "index": 17, "kind": "parameter", "displayName": "Copy Headers", "group": "producer (advanced)", "label": "producer,advanced", "required": false, "type": "boolean", "javaType": "boolean", "deprecated": false, "autowired": false, "secret": false, "defaultValue": true, "description": "If this option is true then IN exchange headers will be copied to OUT exchange headers according to copy strategy. Setting this to false, allows to only include the headers from the HTTP response (not propagating IN headers)." },
    "customHostHeader": { "index": 18, "kind": "parameter", "displayName": "Custom Host Header", "group": "producer (advanced)", "label": "producer,advanced", "required": false, "type": "string", "javaType": "java.lang.String", "deprecated": false, "autowired": false, "secret": false, "description": "To use custom host header for producer. When not set in query will be ignored. When set will override host header derived from url." },
    "deleteWithBody": { "index": 19, "kind": "parameter", "displayName": "Delete With Body", "group": "producer (advanced)", "label": "producer,advanced", "required": false, "type": "boolean", "javaType": "boolean", "deprecated": false, "autowired": false, "secret": false, "defaultValue": false, "description": "Whether the HTTP DELETE should include the message body or not. By default HTTP DELETE do not include any HTTP body. However in some rare cases users may need to be able to include the message body." },
    "followRedirects": { "index": 20, "kind": "parameter", "displayName": "Follow Redirects", "group": "producer (advanced)", "label": "producer,advanced", "required": false, "type": "boolean", "javaType": "boolean", "deprecated": false, "autowired": false, "secret": false, "defaultValue": false, "description": "Whether to the HTTP request should follow redirects. By default the HTTP request does not follow redirects" },
    "getWithBody": { "index": 21, "kind": "parameter", "displayName": "Get With Body", "group": "producer (advanced)", "label": "producer,advanced", "required": false, "type": "boolean", "javaType": "boolean", "deprecated": false, "autowired": false, "secret": false, "defaultValue": false, "description": "Whether the HTTP GET should include the message body or not. By default HTTP GET do not include any HTTP body. However in some rare cases users may need to be able to include the message body." },
    "httpActivityListener": { "index": 22, "kind": "parameter", "displayName": "Http Activity Listener", "group": "producer (advanced)", "label": "producer,advanced", "required": false, "type": "object", "javaType": "org.apache.camel.component.http.HttpActivityListener", "deprecated": false, "autowired": false, "secret": false, "description": "To use a custom activity listener" },
    "ignoreResponseBody": { "index": 23, "kind": "parameter", "displayName": "Ignore Response Body", "group": "producer (advanced)", "label": "producer,advanced", "required": false, "type": "boolean", "javaType": "boolean", "deprecated": false, "autowired": false, "secret": false, "defaultValue": false, "description": "If this option is true, The http producer won't read response body and cache the input stream" },
    "lazyStartProducer": { "index": 24, "kind": "parameter", "displayName": "Lazy Start Producer", "group": "producer (advanced)", "label": "producer,advanced", "required": false, "type": "boolean", "javaType": "boolean", "deprecated": false, "autowired": false, "secret": false, "defaultValue": false, "description": "Whether the producer should be started lazy (on the first message). By starting lazy you can use this to allow CamelContext and routes to startup in situations where a producer may otherwise fail during starting and cause the route to fail being started. By deferring this startup to be lazy then the startup failure can be handled during routing messages via Camel's routing error handlers. Beware that when the first message is processed then creating and starting the producer may take a little time and prolong the total processing time of the processing." },
    "okStatusCodeRange": { "index": 25, "kind": "parameter", "displayName": "Ok Status Code Range", "group": "producer (advanced)", "label": "producer,advanced", "required": false, "type": "string", "javaType": "java.lang.String", "deprecated": false, "autowired": false, "secret": false, "defaultValue": "200-299", "description": "The status codes which are considered a success response. The values are inclusive. Multiple ranges can be defined, separated by comma, e.g. 200-204,209,301-304. Each range must be a single number or from-to with the dash included." },
    "preserveHostHeader": { "index": 26, "kind": "parameter", "displayName": "Preserve Host Header", "group": "producer (advanced)", "label": "producer,advanced", "required": false, "type": "boolean", "javaType": "boolean", "deprecated": false, "autowired": false, "secret": false, "defaultValue": false, "description": "If the option is true, HttpProducer will set the Host header to the value contained in the current exchange Host header, useful in reverse proxy applications where you want the Host header received by the downstream server to reflect the URL called by the upstream client, this allows applications which use the Host header to generate accurate URL's for a proxied service" },
    "userAgent": { "index": 27, "kind": "parameter", "displayName": "User Agent", "group": "producer (advanced)", "label": "producer,advanced", "required": false, "type": "string", "javaType": "java.lang.String", "deprecated": false, "autowired": false, "secret": false, "description": "To set a custom HTTP User-Agent request header" },
    "clientBuilder": { "index": 28, "kind": "parameter", "displayName": "Client Builder", "group": "advanced", "label": "advanced", "required": false, "type": "object", "javaType": "org.apache.hc.client5.http.impl.classic.HttpClientBuilder", "deprecated": false, "autowired": false, "secret": false, "description": "Provide access to the http client request parameters used on new RequestConfig instances used by producers or consumers of this endpoint." },
    "clientConnectionManager": { "index": 29, "kind": "parameter", "displayName": "Client Connection Manager", "group": "advanced", "label": "advanced", "required": false, "type": "object", "javaType": "org.apache.hc.client5.http.io.HttpClientConnectionManager", "deprecated": false, "autowired": false, "secret": false, "description": "To use a custom HttpClientConnectionManager to manage connections" },
    "connectionsPerRoute": { "index": 30, "kind": "parameter", "displayName": "Connections Per Route", "group": "advanced", "label": "advanced", "required": false, "type": "integer", "javaType": "int", "deprecated": false, "autowired": false, "secret": false, "defaultValue": 20, "description": "The maximum number of connections per route." },
    "httpClient": { "index": 31, "kind": "parameter", "displayName": "Http Client", "group": "advanced", "label": "advanced", "required": false, "type": "object", "javaType": "org.apache.hc.client5.http.classic.HttpClient", "deprecated": false, "autowired": false, "secret": false, "description": "Sets a custom HttpClient to be used by the producer" },
    "httpClientConfigurer": { "index": 32, "kind": "parameter", "displayName": "Http Client Configurer", "group": "advanced", "label": "advanced", "required": false, "type": "object", "javaType": "org.apache.camel.component.http.HttpClientConfigurer", "deprecated": false, "autowired": false, "secret": false, "description": "Register a custom configuration strategy for new HttpClient instances created by producers or consumers such as to configure authentication mechanisms etc." },
    "httpClientOptions": { "index": 33, "kind": "parameter", "displayName": "Http Client Options", "group": "advanced", "label": "advanced", "required": false, "type": "object", "javaType": "java.util.Map<java.lang.String, java.lang.Object>", "prefix": "httpClient.", "multiValue": true, "deprecated": false, "autowired": false, "secret": false, "description": "To configure the HttpClient using the key\/values from the Map. This is a multi-value option with prefix: httpClient." },
    "httpConnectionOptions": { "index": 34, "kind": "parameter", "displayName": "Http Connection Options", "group": "advanced", "label": "advanced", "required": false, "type": "object", "javaType": "java.util.Map<java.lang.String, java.lang.Object>", "prefix": "httpConnection.", "multiValue": true, "deprecated": false, "autowired": false, "secret": false, "description": "To configure the connection and the socket using the key\/values from the Map. This is a multi-value option with prefix: httpConnection." },
    "httpContext": { "index": 35, "kind": "parameter", "displayName": "Http Context", "group": "advanced", "label": "advanced", "required": false, "type": "object", "javaType": "org.apache.hc.core5.http.protocol.HttpContext", "deprecated": false, "autowired": false, "secret": false, "description": "To use a custom HttpContext instance" },
    "maxTotalConnections": { "index": 36, "kind": "parameter", "displayName": "Max Total Connections", "group": "advanced", "label": "advanced", "required": false, "type": "integer", "javaType": "int", "deprecated": false, "autowired": false, "secret": false, "defaultValue": 200, "description": "The maximum number of connections." },
    "useSystemProperties": { "index": 37, "kind": "parameter", "displayName": "Use System Properties", "group": "advanced", "label": "advanced", "required": false, "type": "boolean", "javaType": "boolean", "deprecated": false, "autowired": false, "secret": false, "defaultValue": false, "description": "To use System Properties as fallback for configuration for configuring HTTP Client" },
    "nonProxyHosts": { "index": 38, "kind": "parameter", "displayName": "Non Proxy Hosts", "group": "proxy", "label": "producer,proxy", "required": false, "type": "string", "javaType": "java.lang.String", "deprecated": false, "autowired": false, "secret": false, "description": "Comma-separated list of hosts that should bypass the proxy. Supports wildcards, e.g., localhost,.example.com,192.168.." },
    "proxyAuthDomain": { "index": 39, "kind": "parameter", "displayName": "Proxy Auth Domain", "group": "proxy", "label": "producer,proxy", "required": false, "type": "string", "javaType": "java.lang.String", "deprecated": true, "autowired": false, "secret": false, "description": "Proxy authentication domain to use with NTLM" },
    "proxyAuthHost": { "index": 40, "kind": "parameter", "displayName": "Proxy Auth Host", "group": "proxy", "label": "producer,proxy", "required": false, "type": "string", "javaType": "java.lang.String", "deprecated": true, "autowired": false, "secret": false, "description": "Proxy server host" },
    "proxyAuthMethod": { "index": 41, "kind": "parameter", "displayName": "Proxy Auth Method", "group": "proxy", "label": "producer,proxy", "required": false, "type": "enum", "javaType": "java.lang.String", "enum": [ "Basic", "Bearer", "NTLM" ], "deprecated": false, "autowired": false, "secret": false, "description": "Proxy authentication method to use (NTLM is deprecated)" },
    "proxyAuthNtHost": { "index": 42, "kind": "parameter", "displayName": "Proxy Auth Nt Host", "group": "proxy", "label": "producer,proxy", "required": false, "type": "string", "javaType": "java.lang.String", "deprecated": true, "autowired": false, "secret": false, "description": "Proxy authentication domain (workstation name) to use with NTLM" },
    "proxyAuthPassword": { "index": 43, "kind": "parameter", "displayName": "Proxy Auth Password", "group": "proxy", "label": "producer,proxy", "required": false, "type": "string", "javaType": "java.lang.String", "deprecated": false, "autowired": false, "secret": true, "description": "Proxy server password" },
    "proxyAuthPort": { "index": 44, "kind": "parameter", "displayName": "Proxy Auth Port", "group": "proxy", "label": "producer,proxy", "required": false, "type": "integer", "javaType": "int", "deprecated": true, "autowired": false, "secret": false, "description": "Proxy server port" },
    "proxyAuthScheme": { "index": 45, "kind": "parameter", "displayName": "Proxy Auth Scheme", "group": "proxy", "label": "producer,proxy", "required": false, "type": "enum", "javaType": "java.lang.String", "enum": [ "http", "https" ], "deprecated": false, "autowired": false, "secret": false, "description": "Proxy server authentication protocol scheme to use" },
    "proxyAuthUsername": { "index": 46, "kind": "parameter", "displayName": "Proxy Auth Username", "group": "proxy", "label": "producer,proxy", "required": false, "type": "string", "javaType": "java.lang.String", "deprecated": false, "autowired": false, "secret": true, "description": "Proxy server username" },
    "proxyHost": { "index": 47, "kind": "parameter", "displayName": "Proxy Host", "group": "proxy", "label": "producer,proxy", "required": false, "type": "string", "javaType": "java.lang.String", "deprecated": false, "autowired": false, "secret": false, "description": "Proxy server host" },
    "proxyPort": { "index": 48, "kind": "parameter", "displayName": "Proxy Port", "group": "proxy", "label": "producer,proxy", "required": false, "type": "integer", "javaType": "int", "deprecated": false, "autowired": false, "secret": false, "description": "Proxy server port" },
    "authBearerToken": { "index": 49, "kind": "parameter", "displayName": "Auth Bearer Token", "group": "security", "label": "producer,security", "required": false, "type": "string", "javaType": "java.lang.String", "deprecated": false, "autowired": false, "secret": true, "description": "Authentication bearer token" },
    "authDomain": { "index": 50, "kind": "parameter", "displayName": "Auth Domain", "group": "security", "label": "producer,security", "required": false, "type": "string", "javaType": "java.lang.String", "deprecated": true, "autowired": false, "secret": false, "description": "Authentication domain to use with NTLM" },
    "authenticationPreemptive": { "index": 51, "kind": "parameter", "displayName": "Authentication Preemptive", "group": "security", "label": "producer,security", "required": false, "type": "boolean", "javaType": "boolean", "deprecated": false, "autowired": false, "secret": false, "defaultValue": false, "description": "If this option is true, camel-http sends preemptive basic authentication to the server." },
    "authHost": { "index": 52, "kind": "parameter", "displayName": "Auth Host", "group": "security", "label": "producer,security", "required": false, "type": "string", "javaType": "java.lang.String", "deprecated": true, "autowired": false, "secret": false, "description": "Authentication host to use with NTLM" },
    "authMethod": { "index": 53, "kind": "parameter", "displayName": "Auth Method", "group": "security", "label": "producer,security", "required": false, "type": "enum", "javaType": "java.lang.String", "enum": [ "Basic", "Bearer", "NTLM" ], "deprecated": false, "autowired": false, "secret": false, "description": "Authentication methods allowed to use as a comma separated list of values Basic, Bearer, or NTLM. (NTLM is deprecated)" },
    "authPassword": { "index": 54, "kind": "parameter", "displayName": "Auth Password", "group": "security", "label": "producer,security", "required": false, "type": "string", "javaType": "java.lang.String", "deprecated": false, "autowired": false, "secret": true, "description": "Authentication password" },
    "authUsername": { "index": 55, "kind": "parameter", "displayName": "Auth Username", "group": "security", "label": "producer,security", "required": false, "type": "string", "javaType": "java.lang.String", "deprecated": false, "autowired": false, "secret": true, "description": "Authentication username" },
    "oauth2BodyAuthentication": { "index": 56, "kind": "parameter", "displayName": "Oauth2 Body Authentication", "group": "security", "label": "producer,security", "required": false, "type": "boolean", "javaType": "boolean", "deprecated": false, "autowired": false, "secret": false, "defaultValue": false, "description": "Whether to use OAuth2 body authentication." },
    "oauth2CachedTokensDefaultExpirySeconds": { "index": 57, "kind": "parameter", "displayName": "Oauth2 Cached Tokens Default Expiry Seconds", "group": "security", "label": "producer,security", "required": false, "type": "integer", "javaType": "long", "deprecated": false, "autowired": false, "secret": false, "defaultValue": 3600, "description": "Default expiration time for cached OAuth2 tokens, in seconds. Used if token response does not contain 'expires_in' field." },
    "oauth2CachedTokensExpirationMarginSeconds": { "index": 58, "kind": "parameter", "displayName": "Oauth2 Cached Tokens Expiration Margin Seconds", "group": "security", "label": "producer,security", "required": false, "type": "integer", "javaType": "long", "deprecated": false, "autowired": false, "secret": false, "defaultValue": 5, "description": "Amount of time which is deducted from OAuth2 tokens expiry time to compensate for the time it takes OAuth2 Token Endpoint to send the token over http, in seconds. Set this parameter to high value if you OAuth2 Token Endpoint answers slowly or you tokens expire quickly. If you set this parameter to too small value, you can get 4xx http errors because camel will think that the received token is still valid, while in reality the token is expired for the Authentication server." },
    "oauth2CacheTokens": { "index": 59, "kind": "parameter", "displayName": "Oauth2 Cache Tokens", "group": "security", "label": "producer,security", "required": false, "type": "boolean", "javaType": "boolean", "deprecated": false, "autowired": false, "secret": false, "defaultValue": false, "description": "Whether to cache OAuth2 client tokens." },
    "oauth2ClientId": { "index": 60, "kind": "parameter", "displayName": "Oauth2 Client Id", "group": "security", "label": "producer,security", "required": false, "type": "string", "javaType": "java.lang.String", "deprecated": false, "autowired": false, "secret": true, "description": "OAuth2 client id" },
    "oauth2ClientSecret": { "index": 61, "kind": "parameter", "displayName": "Oauth2 Client Secret", "group": "security", "label": "producer,security", "required": false, "type": "string", "javaType": "java.lang.String", "deprecated": false, "autowired": false, "secret": true, "description": "OAuth2 client secret" },
    "oauth2ResourceIndicator": { "index": 62, "kind": "parameter", "displayName": "Oauth2 Resource Indicator", "group": "security", "label": "producer,security", "required": false, "type": "string", "javaType": "java.lang.String", "deprecated": false, "autowired": false, "secret": false, "description": "OAuth2 Token endpoint" },
    "oauth2Scope": { "index": 63, "kind": "parameter", "displayName": "Oauth2 Scope", "group": "security", "label": "producer,security", "required": false, "type": "string", "javaType": "java.lang.String", "deprecated": false, "autowired": false, "secret": false, "description": "OAuth2 scope" },
    "oauth2TokenEndpoint": { "index": 64, "kind": "parameter", "displayName": "Oauth2 Token Endpoint", "group": "security", "label": "producer,security", "required": false, "type": "string", "javaType": "java.lang.String", "deprecated": false, "autowired": false, "secret": false, "description": "OAuth2 Resource Indicator" },
    "sslContextParameters": { "index": 65, "kind": "parameter", "displayName": "Ssl Context Parameters", "group": "security", "label": "security", "required": false, "type": "object", "javaType": "org.apache.camel.support.jsse.SSLContextParameters", "deprecated": false, "autowired": false, "secret": false, "description": "To configure security using SSLContextParameters. Important: Only one instance of org.apache.camel.util.jsse.SSLContextParameters is supported per HttpComponent. If you need to use 2 or more different instances, you need to define a new HttpComponent per instance you need." },
    "x509HostnameVerifier": { "index": 66, "kind": "parameter", "displayName": "X509 Hostname Verifier", "group": "security", "label": "security", "required": false, "type": "object", "javaType": "javax.net.ssl.HostnameVerifier", "deprecated": false, "autowired": false, "secret": false, "description": "To use a custom X509HostnameVerifier such as DefaultHostnameVerifier or NoopHostnameVerifier" }
  }
}
