{
  "component": {
    "kind": "component",
    "name": "hwcloud-dms",
    "title": "Huawei Distributed Message Service (DMS)",
    "description": "To integrate with a fully managed, high-performance message queuing service on Huawei Cloud",
    "deprecated": false,
    "firstVersion": "3.12.0",
    "label": "cloud",
    "javaType": "org.apache.camel.component.huaweicloud.dms.DMSComponent",
    "supportLevel": "Stable",
    "groupId": "org.apache.camel",
    "artifactId": "camel-huaweicloud-dms",
    "version": "4.17.0-SNAPSHOT",
    "scheme": "hwcloud-dms",
    "extendsScheme": "",
    "syntax": "hwcloud-dms:operation",
    "async": false,
    "api": false,
    "consumerOnly": false,
    "producerOnly": true,
    "lenientProperties": false,
    "browsable": false,
    "remote": true
  },
  "componentProperties": {
    "lazyStartProducer": { "index": 0, "kind": "property", "displayName": "Lazy Start Producer", "group": "producer", "label": "producer", "required": false, "type": "boolean", "javaType": "boolean", "deprecated": false, "autowired": false, "secret": false, "defaultValue": false, "description": "Whether the producer should be started lazy (on the first message). By starting lazy you can use this to allow CamelContext and routes to startup in situations where a producer may otherwise fail during starting and cause the route to fail being started. By deferring this startup to be lazy then the startup failure can be handled during routing messages via Camel's routing error handlers. Beware that when the first message is processed then creating and starting the producer may take a little time and prolong the total processing time of the processing." },
    "autowiredEnabled": { "index": 1, "kind": "property", "displayName": "Autowired Enabled", "group": "advanced", "label": "advanced", "required": false, "type": "boolean", "javaType": "boolean", "deprecated": false, "autowired": false, "secret": false, "defaultValue": true, "description": "Whether autowiring is enabled. This is used for automatic autowiring options (the option must be marked as autowired) by looking up in the registry to find if there is a single instance of matching type, which then gets configured on the component. This can be used for automatic configuring JDBC data sources, JMS connection factories, AWS Clients, etc." }
  },
  "properties": {
    "operation": { "index": 0, "kind": "path", "displayName": "Operation", "group": "producer", "label": "producer", "required": true, "type": "string", "javaType": "java.lang.String", "deprecated": false, "deprecationNote": "", "autowired": false, "secret": false, "description": "Operation to be performed" },
    "accessKey": { "index": 1, "kind": "parameter", "displayName": "API access key (AK)", "group": "producer", "label": "", "required": true, "type": "string", "javaType": "java.lang.String", "deprecated": false, "deprecationNote": "", "autowired": false, "secret": true, "description": "Access key for the cloud user" },
    "accessUser": { "index": 2, "kind": "parameter", "displayName": "Access user", "group": "producer", "label": "", "required": false, "type": "string", "javaType": "java.lang.String", "deprecated": false, "deprecationNote": "", "autowired": false, "secret": false, "description": "The username of a RabbitMQ instance. This option is mandatory when creating a RabbitMQ instance." },
    "availableZones": { "index": 3, "kind": "parameter", "displayName": "Available zones", "group": "producer", "label": "", "required": false, "type": "string", "javaType": "java.lang.String", "deprecated": false, "deprecationNote": "", "autowired": false, "secret": false, "description": "A comma separated String of Availability Zones. This option is mandatory when creating an instance and it cannot be an empty array." },
    "endpoint": { "index": 4, "kind": "parameter", "displayName": "Service endpoint", "group": "producer", "label": "", "required": false, "type": "string", "javaType": "java.lang.String", "deprecated": false, "deprecationNote": "", "autowired": false, "secret": false, "description": "DMS url. Carries higher precedence than region parameter based client initialization" },
    "engine": { "index": 5, "kind": "parameter", "displayName": "Engine type", "group": "producer", "label": "", "required": false, "type": "enum", "javaType": "java.lang.String", "enum": [ "kafka", "rabbitmq" ], "deprecated": false, "deprecationNote": "", "autowired": false, "secret": false, "description": "The message engine. Either kafka or rabbitmq. If the parameter is not specified, all instances will be queried" },
    "engineVersion": { "index": 6, "kind": "parameter", "displayName": "Engine version", "group": "producer", "label": "", "required": false, "type": "string", "javaType": "java.lang.String", "deprecated": false, "deprecationNote": "", "autowired": false, "secret": false, "description": "The version of the message engine. This option is mandatory when creating an instance." },
    "ignoreSslVerification": { "index": 7, "kind": "parameter", "displayName": "SSL Verification Ignored", "group": "producer", "label": "", "required": false, "type": "boolean", "javaType": "boolean", "deprecated": false, "deprecationNote": "", "autowired": false, "secret": false, "defaultValue": false, "description": "Ignore SSL verification" },
    "instanceId": { "index": 8, "kind": "parameter", "displayName": "Instance id", "group": "producer", "label": "", "required": false, "type": "string", "javaType": "java.lang.String", "deprecated": false, "deprecationNote": "", "autowired": false, "secret": false, "description": "The id of the instance. This option is mandatory when deleting or querying an instance" },
    "kafkaManagerPassword": { "index": 9, "kind": "parameter", "displayName": "Kafka manager password", "group": "producer", "label": "", "required": false, "type": "string", "javaType": "java.lang.String", "deprecated": false, "deprecationNote": "", "autowired": false, "secret": false, "description": "The password for logging in to the Kafka Manager. This option is mandatory when creating a Kafka instance." },
    "kafkaManagerUser": { "index": 10, "kind": "parameter", "displayName": "Kafka manager username", "group": "producer", "label": "", "required": false, "type": "string", "javaType": "java.lang.String", "deprecated": false, "deprecationNote": "", "autowired": false, "secret": false, "description": "The username for logging in to the Kafka Manager. This option is mandatory when creating a Kafka instance." },
    "name": { "index": 11, "kind": "parameter", "displayName": "Name", "group": "producer", "label": "", "required": false, "type": "string", "javaType": "java.lang.String", "deprecated": false, "deprecationNote": "", "autowired": false, "secret": false, "description": "The name of the instance for creating and updating an instance. This option is mandatory when creating an instance" },
    "partitionNum": { "index": 12, "kind": "parameter", "displayName": "Partition Number", "group": "producer", "label": "", "required": false, "type": "integer", "javaType": "int", "deprecated": false, "deprecationNote": "", "autowired": false, "secret": false, "description": "The maximum number of partitions in a Kafka instance. This option is mandatory when creating a Kafka instance." },
    "password": { "index": 13, "kind": "parameter", "displayName": "Password", "group": "producer", "label": "", "required": false, "type": "string", "javaType": "java.lang.String", "deprecated": false, "deprecationNote": "", "autowired": false, "secret": false, "description": "The password of a RabbitMQ instance. This option is mandatory when creating a RabbitMQ instance." },
    "productId": { "index": 14, "kind": "parameter", "displayName": "Product ID", "group": "producer", "label": "", "required": false, "type": "string", "javaType": "java.lang.String", "deprecated": false, "deprecationNote": "", "autowired": false, "secret": false, "description": "The product ID. This option is mandatory when creating an instance." },
    "projectId": { "index": 15, "kind": "parameter", "displayName": "Project ID", "group": "producer", "label": "", "required": true, "type": "string", "javaType": "java.lang.String", "deprecated": false, "deprecationNote": "", "autowired": false, "secret": false, "description": "Cloud project ID" },
    "proxyHost": { "index": 16, "kind": "parameter", "displayName": "Proxy server host", "group": "producer", "label": "", "required": false, "type": "string", "javaType": "java.lang.String", "deprecated": false, "deprecationNote": "", "autowired": false, "secret": false, "description": "Proxy server ip\/hostname" },
    "proxyPassword": { "index": 17, "kind": "parameter", "displayName": "Proxy password", "group": "producer", "label": "", "required": false, "type": "string", "javaType": "java.lang.String", "deprecated": false, "deprecationNote": "", "autowired": false, "secret": true, "description": "Proxy authentication password" },
    "proxyPort": { "index": 18, "kind": "parameter", "displayName": "Proxy server port", "group": "producer", "label": "", "required": false, "type": "integer", "javaType": "int", "deprecated": false, "deprecationNote": "", "autowired": false, "secret": false, "description": "Proxy server port" },
    "proxyUser": { "index": 19, "kind": "parameter", "displayName": "Proxy user", "group": "producer", "label": "", "required": false, "type": "string", "javaType": "java.lang.String", "deprecated": false, "deprecationNote": "", "autowired": false, "secret": true, "description": "Proxy authentication user" },
    "region": { "index": 20, "kind": "parameter", "displayName": "Service region", "group": "producer", "label": "", "required": true, "type": "string", "javaType": "java.lang.String", "deprecated": false, "deprecationNote": "", "autowired": false, "secret": false, "description": "DMS service region" },
    "secretKey": { "index": 21, "kind": "parameter", "displayName": "API secret key (SK)", "group": "producer", "label": "", "required": true, "type": "string", "javaType": "java.lang.String", "deprecated": false, "deprecationNote": "", "autowired": false, "secret": true, "description": "Secret key for the cloud user" },
    "securityGroupId": { "index": 22, "kind": "parameter", "displayName": "Security group ID", "group": "producer", "label": "", "required": false, "type": "string", "javaType": "java.lang.String", "deprecated": false, "deprecationNote": "", "autowired": false, "secret": false, "description": "The security group which the instance belongs to. This option is mandatory when creating an instance." },
    "serviceKeys": { "index": 23, "kind": "parameter", "displayName": "Service Configuration", "group": "producer", "label": "", "required": false, "type": "object", "javaType": "org.apache.camel.component.huaweicloud.common.models.ServiceKeys", "deprecated": false, "deprecationNote": "", "autowired": false, "secret": true, "description": "Configuration object for cloud service authentication" },
    "specification": { "index": 24, "kind": "parameter", "displayName": "Engine version", "group": "producer", "label": "", "required": false, "type": "string", "javaType": "java.lang.String", "deprecated": false, "deprecationNote": "", "autowired": false, "secret": false, "description": "The baseline bandwidth of a Kafka instance. This option is mandatory when creating a Kafka instance." },
    "storageSpace": { "index": 25, "kind": "parameter", "displayName": "Storage space", "group": "producer", "label": "", "required": false, "type": "integer", "javaType": "int", "deprecated": false, "deprecationNote": "", "autowired": false, "secret": false, "description": "The message storage space. This option is mandatory when creating an instance." },
    "storageSpecCode": { "index": 26, "kind": "parameter", "displayName": "Storage specification code", "group": "producer", "label": "", "required": false, "type": "string", "javaType": "java.lang.String", "deprecated": false, "deprecationNote": "", "autowired": false, "secret": false, "description": "The storage I\/O specification. This option is mandatory when creating an instance." },
    "subnetId": { "index": 27, "kind": "parameter", "displayName": "Subnet ID", "group": "producer", "label": "", "required": false, "type": "string", "javaType": "java.lang.String", "deprecated": false, "deprecationNote": "", "autowired": false, "secret": false, "description": "The subnet ID. This option is mandatory when creating an instance." },
    "vpcId": { "index": 28, "kind": "parameter", "displayName": "VPC ID", "group": "producer", "label": "", "required": false, "type": "string", "javaType": "java.lang.String", "deprecated": false, "deprecationNote": "", "autowired": false, "secret": false, "description": "The VPC ID. This option is mandatory when creating an instance." },
    "lazyStartProducer": { "index": 29, "kind": "parameter", "displayName": "Lazy Start Producer", "group": "producer (advanced)", "label": "producer,advanced", "required": false, "type": "boolean", "javaType": "boolean", "deprecated": false, "autowired": false, "secret": false, "defaultValue": false, "description": "Whether the producer should be started lazy (on the first message). By starting lazy you can use this to allow CamelContext and routes to startup in situations where a producer may otherwise fail during starting and cause the route to fail being started. By deferring this startup to be lazy then the startup failure can be handled during routing messages via Camel's routing error handlers. Beware that when the first message is processed then creating and starting the producer may take a little time and prolong the total processing time of the processing." }
  }
}
