{
  "component": {
    "kind": "component",
    "name": "ibm-watson-speech-to-text",
    "title": "IBM Watson Speech to Text",
    "description": "Convert speech audio to text using IBM Watson Speech to Text",
    "deprecated": false,
    "firstVersion": "4.17.0",
    "label": "ai,cloud",
    "javaType": "org.apache.camel.component.ibm.watson.stt.WatsonSpeechToTextComponent",
    "supportLevel": "Preview",
    "groupId": "org.apache.camel",
    "artifactId": "camel-ibm-watson-speech-to-text",
    "version": "4.18.0-SNAPSHOT",
    "scheme": "ibm-watson-speech-to-text",
    "extendsScheme": "",
    "syntax": "ibm-watson-speech-to-text:label",
    "async": false,
    "api": false,
    "consumerOnly": false,
    "producerOnly": true,
    "lenientProperties": false,
    "browsable": false,
    "remote": true
  },
  "componentProperties": {
    "configuration": { "index": 0, "kind": "property", "displayName": "Configuration", "group": "producer", "label": "", "required": false, "type": "object", "javaType": "org.apache.camel.component.ibm.watson.stt.WatsonSpeechToTextConfiguration", "deprecated": false, "autowired": false, "secret": false, "description": "Component configuration" },
    "serviceUrl": { "index": 1, "kind": "property", "displayName": "Service Url", "group": "common", "label": "common", "required": false, "type": "string", "javaType": "java.lang.String", "deprecated": false, "autowired": false, "secret": false, "configurationClass": "org.apache.camel.component.ibm.watson.stt.WatsonSpeechToTextConfiguration", "configurationField": "configuration", "description": "The service endpoint URL. If not specified, the default URL will be used." },
    "contentType": { "index": 2, "kind": "property", "displayName": "Content Type", "group": "producer", "label": "producer", "required": false, "type": "string", "javaType": "java.lang.String", "deprecated": false, "autowired": false, "secret": false, "defaultValue": "audio\/wav", "configurationClass": "org.apache.camel.component.ibm.watson.stt.WatsonSpeechToTextConfiguration", "configurationField": "configuration", "description": "The audio format (MIME type). Default is audio\/wav. Supported formats: audio\/wav, audio\/mp3, audio\/flac, audio\/ogg, audio\/webm" },
    "lazyStartProducer": { "index": 3, "kind": "property", "displayName": "Lazy Start Producer", "group": "producer", "label": "producer", "required": false, "type": "boolean", "javaType": "boolean", "deprecated": false, "autowired": false, "secret": false, "defaultValue": false, "description": "Whether the producer should be started lazy (on the first message). By starting lazy you can use this to allow CamelContext and routes to startup in situations where a producer may otherwise fail during starting and cause the route to fail being started. By deferring this startup to be lazy then the startup failure can be handled during routing messages via Camel's routing error handlers. Beware that when the first message is processed then creating and starting the producer may take a little time and prolong the total processing time of the processing." },
    "model": { "index": 4, "kind": "property", "displayName": "Model", "group": "producer", "label": "producer", "required": false, "type": "string", "javaType": "java.lang.String", "deprecated": false, "autowired": false, "secret": false, "defaultValue": "en-US_BroadbandModel", "configurationClass": "org.apache.camel.component.ibm.watson.stt.WatsonSpeechToTextConfiguration", "configurationField": "configuration", "description": "The language model to use for recognition. Default is en-US_BroadbandModel. Examples: en-US_NarrowbandModel, en-GB_BroadbandModel, es-ES_BroadbandModel, fr-FR_BroadbandModel" },
    "operation": { "index": 5, "kind": "property", "displayName": "Operation", "group": "producer", "label": "producer", "required": false, "type": "enum", "javaType": "org.apache.camel.component.ibm.watson.stt.WatsonSpeechToTextOperations", "enum": [ "recognize", "listModels", "getModel", "listCustomModels", "getCustomModel" ], "deprecated": false, "autowired": false, "secret": false, "configurationClass": "org.apache.camel.component.ibm.watson.stt.WatsonSpeechToTextConfiguration", "configurationField": "configuration", "description": "The operation to perform" },
    "speakerLabels": { "index": 6, "kind": "property", "displayName": "Speaker Labels", "group": "producer", "label": "producer", "required": false, "type": "boolean", "javaType": "boolean", "deprecated": false, "autowired": false, "secret": false, "defaultValue": false, "configurationClass": "org.apache.camel.component.ibm.watson.stt.WatsonSpeechToTextConfiguration", "configurationField": "configuration", "description": "Whether to identify different speakers in the audio. Default is false." },
    "timestamps": { "index": 7, "kind": "property", "displayName": "Timestamps", "group": "producer", "label": "producer", "required": false, "type": "boolean", "javaType": "boolean", "deprecated": false, "autowired": false, "secret": false, "defaultValue": false, "configurationClass": "org.apache.camel.component.ibm.watson.stt.WatsonSpeechToTextConfiguration", "configurationField": "configuration", "description": "Whether to include timestamps for each word in the transcription. Default is false." },
    "wordConfidence": { "index": 8, "kind": "property", "displayName": "Word Confidence", "group": "producer", "label": "producer", "required": false, "type": "boolean", "javaType": "boolean", "deprecated": false, "autowired": false, "secret": false, "defaultValue": false, "configurationClass": "org.apache.camel.component.ibm.watson.stt.WatsonSpeechToTextConfiguration", "configurationField": "configuration", "description": "Whether to include confidence scores for each word. Default is false." },
    "autowiredEnabled": { "index": 9, "kind": "property", "displayName": "Autowired Enabled", "group": "advanced", "label": "advanced", "required": false, "type": "boolean", "javaType": "boolean", "deprecated": false, "autowired": false, "secret": false, "defaultValue": true, "description": "Whether autowiring is enabled. This is used for automatic autowiring options (the option must be marked as autowired) by looking up in the registry to find if there is a single instance of matching type, which then gets configured on the component. This can be used for automatic configuring JDBC data sources, JMS connection factories, AWS Clients, etc." },
    "healthCheckConsumerEnabled": { "index": 10, "kind": "property", "displayName": "Health Check Consumer Enabled", "group": "health", "label": "health", "required": false, "type": "boolean", "javaType": "boolean", "deprecated": false, "autowired": false, "secret": false, "defaultValue": true, "description": "Used for enabling or disabling all consumer based health checks from this component" },
    "healthCheckProducerEnabled": { "index": 11, "kind": "property", "displayName": "Health Check Producer Enabled", "group": "health", "label": "health", "required": false, "type": "boolean", "javaType": "boolean", "deprecated": false, "autowired": false, "secret": false, "defaultValue": true, "description": "Used for enabling or disabling all producer based health checks from this component. Notice: Camel has by default disabled all producer based health-checks. You can turn on producer checks globally by setting camel.health.producersEnabled=true." },
    "apiKey": { "index": 12, "kind": "property", "displayName": "Api Key", "group": "security", "label": "security", "required": true, "type": "string", "javaType": "java.lang.String", "deprecated": false, "deprecationNote": "", "autowired": false, "secret": true, "configurationClass": "org.apache.camel.component.ibm.watson.stt.WatsonSpeechToTextConfiguration", "configurationField": "configuration", "description": "The IBM Cloud API key for authentication" }
  },
  "headers": {
    "CamelIBMWatsonSTTOperation": { "index": 0, "kind": "header", "displayName": "", "group": "producer", "label": "", "required": false, "javaType": "String", "deprecated": false, "deprecationNote": "", "autowired": false, "secret": false, "description": "The operation to perform", "constantName": "org.apache.camel.component.ibm.watson.stt.WatsonSpeechToTextConstants#OPERATION" },
    "CamelIBMWatsonSTTAudioFile": { "index": 1, "kind": "header", "displayName": "", "group": "producer", "label": "", "required": false, "javaType": "java.io.File", "deprecated": false, "deprecationNote": "", "autowired": false, "secret": false, "description": "The audio file to transcribe", "constantName": "org.apache.camel.component.ibm.watson.stt.WatsonSpeechToTextConstants#AUDIO_FILE" },
    "CamelIBMWatsonSTTModel": { "index": 2, "kind": "header", "displayName": "", "group": "producer", "label": "", "required": false, "javaType": "String", "deprecated": false, "deprecationNote": "", "autowired": false, "secret": false, "description": "The language model to use for recognition", "constantName": "org.apache.camel.component.ibm.watson.stt.WatsonSpeechToTextConstants#MODEL" },
    "CamelIBMWatsonSTTContentType": { "index": 3, "kind": "header", "displayName": "", "group": "producer", "label": "", "required": false, "javaType": "String", "deprecated": false, "deprecationNote": "", "autowired": false, "secret": false, "description": "The audio format (e.g., audio\/wav, audio\/mp3, audio\/flac)", "constantName": "org.apache.camel.component.ibm.watson.stt.WatsonSpeechToTextConstants#CONTENT_TYPE" },
    "CamelIBMWatsonSTTTimestamps": { "index": 4, "kind": "header", "displayName": "", "group": "producer", "label": "", "required": false, "javaType": "Boolean", "deprecated": false, "deprecationNote": "", "autowired": false, "secret": false, "description": "Whether to include timestamps in the transcription", "constantName": "org.apache.camel.component.ibm.watson.stt.WatsonSpeechToTextConstants#TIMESTAMPS" },
    "CamelIBMWatsonSTTWordConfidence": { "index": 5, "kind": "header", "displayName": "", "group": "producer", "label": "", "required": false, "javaType": "Boolean", "deprecated": false, "deprecationNote": "", "autowired": false, "secret": false, "description": "Whether to include word confidence scores", "constantName": "org.apache.camel.component.ibm.watson.stt.WatsonSpeechToTextConstants#WORD_CONFIDENCE" },
    "CamelIBMWatsonSTTSpeakerLabels": { "index": 6, "kind": "header", "displayName": "", "group": "producer", "label": "", "required": false, "javaType": "Boolean", "deprecated": false, "deprecationNote": "", "autowired": false, "secret": false, "description": "Whether to identify different speakers", "constantName": "org.apache.camel.component.ibm.watson.stt.WatsonSpeechToTextConstants#SPEAKER_LABELS" },
    "CamelIBMWatsonSTTModelName": { "index": 7, "kind": "header", "displayName": "", "group": "producer", "label": "", "required": false, "javaType": "String", "deprecated": false, "deprecationNote": "", "autowired": false, "secret": false, "description": "The name of the model to retrieve", "constantName": "org.apache.camel.component.ibm.watson.stt.WatsonSpeechToTextConstants#MODEL_NAME" },
    "CamelIBMWatsonSTTLanguage": { "index": 8, "kind": "header", "displayName": "", "group": "producer", "label": "", "required": false, "javaType": "String", "deprecated": false, "deprecationNote": "", "autowired": false, "secret": false, "description": "The language for filtering models", "constantName": "org.apache.camel.component.ibm.watson.stt.WatsonSpeechToTextConstants#LANGUAGE" },
    "CamelIBMWatsonSTTTranscript": { "index": 9, "kind": "header", "displayName": "", "group": "producer", "label": "", "required": false, "javaType": "String", "deprecated": false, "deprecationNote": "", "autowired": false, "secret": false, "description": "The transcription result text", "constantName": "org.apache.camel.component.ibm.watson.stt.WatsonSpeechToTextConstants#TRANSCRIPT" }
  },
  "properties": {
    "label": { "index": 0, "kind": "path", "displayName": "Label", "group": "producer", "label": "", "required": true, "type": "string", "javaType": "java.lang.String", "deprecated": false, "deprecationNote": "", "autowired": false, "secret": false, "description": "Logical name" },
    "serviceUrl": { "index": 1, "kind": "parameter", "displayName": "Service Url", "group": "common", "label": "common", "required": false, "type": "string", "javaType": "java.lang.String", "deprecated": false, "autowired": false, "secret": false, "configurationClass": "org.apache.camel.component.ibm.watson.stt.WatsonSpeechToTextConfiguration", "configurationField": "configuration", "description": "The service endpoint URL. If not specified, the default URL will be used." },
    "contentType": { "index": 2, "kind": "parameter", "displayName": "Content Type", "group": "producer", "label": "producer", "required": false, "type": "string", "javaType": "java.lang.String", "deprecated": false, "autowired": false, "secret": false, "defaultValue": "audio\/wav", "configurationClass": "org.apache.camel.component.ibm.watson.stt.WatsonSpeechToTextConfiguration", "configurationField": "configuration", "description": "The audio format (MIME type). Default is audio\/wav. Supported formats: audio\/wav, audio\/mp3, audio\/flac, audio\/ogg, audio\/webm" },
    "model": { "index": 3, "kind": "parameter", "displayName": "Model", "group": "producer", "label": "producer", "required": false, "type": "string", "javaType": "java.lang.String", "deprecated": false, "autowired": false, "secret": false, "defaultValue": "en-US_BroadbandModel", "configurationClass": "org.apache.camel.component.ibm.watson.stt.WatsonSpeechToTextConfiguration", "configurationField": "configuration", "description": "The language model to use for recognition. Default is en-US_BroadbandModel. Examples: en-US_NarrowbandModel, en-GB_BroadbandModel, es-ES_BroadbandModel, fr-FR_BroadbandModel" },
    "operation": { "index": 4, "kind": "parameter", "displayName": "Operation", "group": "producer", "label": "producer", "required": false, "type": "enum", "javaType": "org.apache.camel.component.ibm.watson.stt.WatsonSpeechToTextOperations", "enum": [ "recognize", "listModels", "getModel", "listCustomModels", "getCustomModel" ], "deprecated": false, "autowired": false, "secret": false, "configurationClass": "org.apache.camel.component.ibm.watson.stt.WatsonSpeechToTextConfiguration", "configurationField": "configuration", "description": "The operation to perform" },
    "speakerLabels": { "index": 5, "kind": "parameter", "displayName": "Speaker Labels", "group": "producer", "label": "producer", "required": false, "type": "boolean", "javaType": "boolean", "deprecated": false, "autowired": false, "secret": false, "defaultValue": false, "configurationClass": "org.apache.camel.component.ibm.watson.stt.WatsonSpeechToTextConfiguration", "configurationField": "configuration", "description": "Whether to identify different speakers in the audio. Default is false." },
    "timestamps": { "index": 6, "kind": "parameter", "displayName": "Timestamps", "group": "producer", "label": "producer", "required": false, "type": "boolean", "javaType": "boolean", "deprecated": false, "autowired": false, "secret": false, "defaultValue": false, "configurationClass": "org.apache.camel.component.ibm.watson.stt.WatsonSpeechToTextConfiguration", "configurationField": "configuration", "description": "Whether to include timestamps for each word in the transcription. Default is false." },
    "wordConfidence": { "index": 7, "kind": "parameter", "displayName": "Word Confidence", "group": "producer", "label": "producer", "required": false, "type": "boolean", "javaType": "boolean", "deprecated": false, "autowired": false, "secret": false, "defaultValue": false, "configurationClass": "org.apache.camel.component.ibm.watson.stt.WatsonSpeechToTextConfiguration", "configurationField": "configuration", "description": "Whether to include confidence scores for each word. Default is false." },
    "lazyStartProducer": { "index": 8, "kind": "parameter", "displayName": "Lazy Start Producer", "group": "producer (advanced)", "label": "producer,advanced", "required": false, "type": "boolean", "javaType": "boolean", "deprecated": false, "autowired": false, "secret": false, "defaultValue": false, "description": "Whether the producer should be started lazy (on the first message). By starting lazy you can use this to allow CamelContext and routes to startup in situations where a producer may otherwise fail during starting and cause the route to fail being started. By deferring this startup to be lazy then the startup failure can be handled during routing messages via Camel's routing error handlers. Beware that when the first message is processed then creating and starting the producer may take a little time and prolong the total processing time of the processing." },
    "apiKey": { "index": 9, "kind": "parameter", "displayName": "Api Key", "group": "security", "label": "security", "required": true, "type": "string", "javaType": "java.lang.String", "deprecated": false, "deprecationNote": "", "autowired": false, "secret": true, "configurationClass": "org.apache.camel.component.ibm.watson.stt.WatsonSpeechToTextConfiguration", "configurationField": "configuration", "description": "The IBM Cloud API key for authentication" }
  }
}
