{
  "component": {
    "kind": "component",
    "name": "ibm-watsonx-ai",
    "title": "IBM watsonx.ai",
    "description": "Interact with IBM watsonx.ai foundation models for text generation, chat, embeddings, and more.",
    "deprecated": false,
    "firstVersion": "4.18.0",
    "label": "ai,cloud",
    "javaType": "org.apache.camel.component.ibm.watsonx.ai.WatsonxAiComponent",
    "supportLevel": "Preview",
    "groupId": "org.apache.camel",
    "artifactId": "camel-ibm-watsonx-ai",
    "version": "4.18.0-SNAPSHOT",
    "scheme": "ibm-watsonx-ai",
    "extendsScheme": "",
    "syntax": "ibm-watsonx-ai:label",
    "async": false,
    "api": false,
    "consumerOnly": false,
    "producerOnly": true,
    "lenientProperties": false,
    "browsable": false,
    "remote": true
  },
  "componentProperties": {
    "baseUrl": { "index": 0, "kind": "property", "displayName": "Base Url", "group": "common", "label": "common", "required": true, "type": "string", "javaType": "java.lang.String", "deprecated": false, "deprecationNote": "", "autowired": false, "secret": false, "configurationClass": "org.apache.camel.component.ibm.watsonx.ai.WatsonxAiConfiguration", "configurationField": "configuration", "description": "The watsonx.ai base URL (e.g., https:\/\/us-south.ml.cloud.ibm.com)" },
    "configuration": { "index": 1, "kind": "property", "displayName": "Configuration", "group": "producer", "label": "", "required": false, "type": "object", "javaType": "org.apache.camel.component.ibm.watsonx.ai.WatsonxAiConfiguration", "deprecated": false, "autowired": false, "secret": false, "description": "The component configuration" },
    "projectId": { "index": 2, "kind": "property", "displayName": "Project Id", "group": "common", "label": "common", "required": false, "type": "string", "javaType": "java.lang.String", "deprecated": false, "autowired": false, "secret": false, "configurationClass": "org.apache.camel.component.ibm.watsonx.ai.WatsonxAiConfiguration", "configurationField": "configuration", "description": "IBM Cloud project ID" },
    "spaceId": { "index": 3, "kind": "property", "displayName": "Space Id", "group": "common", "label": "common", "required": false, "type": "string", "javaType": "java.lang.String", "deprecated": false, "autowired": false, "secret": false, "configurationClass": "org.apache.camel.component.ibm.watsonx.ai.WatsonxAiConfiguration", "configurationField": "configuration", "description": "IBM Cloud deployment space ID (alternative to projectId)" },
    "wxUrl": { "index": 4, "kind": "property", "displayName": "Wx Url", "group": "common", "label": "common", "required": false, "type": "string", "javaType": "java.lang.String", "deprecated": false, "autowired": false, "secret": false, "configurationClass": "org.apache.camel.component.ibm.watsonx.ai.WatsonxAiConfiguration", "configurationField": "configuration", "description": "The watsonx.ai WX platform URL for tool operations (e.g., https:\/\/api.dataplatform.cloud.ibm.com\/wx)" },
    "cosUrl": { "index": 5, "kind": "property", "displayName": "Cos Url", "group": "producer", "label": "producer", "required": false, "type": "string", "javaType": "java.lang.String", "deprecated": false, "autowired": false, "secret": false, "configurationClass": "org.apache.camel.component.ibm.watsonx.ai.WatsonxAiConfiguration", "configurationField": "configuration", "description": "Cloud Object Storage URL" },
    "deploymentId": { "index": 6, "kind": "property", "displayName": "Deployment Id", "group": "producer", "label": "producer", "required": false, "type": "string", "javaType": "java.lang.String", "deprecated": false, "autowired": false, "secret": false, "configurationClass": "org.apache.camel.component.ibm.watsonx.ai.WatsonxAiConfiguration", "configurationField": "configuration", "description": "Deployed model ID (for deployment operations)" },
    "detectHap": { "index": 7, "kind": "property", "displayName": "Detect Hap", "group": "producer", "label": "producer", "required": false, "type": "boolean", "javaType": "java.lang.Boolean", "deprecated": false, "autowired": false, "secret": false, "defaultValue": false, "configurationClass": "org.apache.camel.component.ibm.watsonx.ai.WatsonxAiConfiguration", "configurationField": "configuration", "description": "Whether to detect HAP (Harmful, Abusive, Profane content)" },
    "detectionThreshold": { "index": 8, "kind": "property", "displayName": "Detection Threshold", "group": "producer", "label": "producer", "required": false, "type": "number", "javaType": "java.lang.Double", "deprecated": false, "autowired": false, "secret": false, "configurationClass": "org.apache.camel.component.ibm.watsonx.ai.WatsonxAiConfiguration", "configurationField": "configuration", "description": "Detection threshold (0.0 to 1.0)" },
    "detectPii": { "index": 9, "kind": "property", "displayName": "Detect Pii", "group": "producer", "label": "producer", "required": false, "type": "boolean", "javaType": "java.lang.Boolean", "deprecated": false, "autowired": false, "secret": false, "defaultValue": false, "configurationClass": "org.apache.camel.component.ibm.watsonx.ai.WatsonxAiConfiguration", "configurationField": "configuration", "description": "Whether to detect PII (Personal Identifiable Information)" },
    "documentBucket": { "index": 10, "kind": "property", "displayName": "Document Bucket", "group": "producer", "label": "producer", "required": false, "type": "string", "javaType": "java.lang.String", "deprecated": false, "autowired": false, "secret": false, "configurationClass": "org.apache.camel.component.ibm.watsonx.ai.WatsonxAiConfiguration", "configurationField": "configuration", "description": "COS bucket for document storage" },
    "documentConnectionId": { "index": 11, "kind": "property", "displayName": "Document Connection Id", "group": "producer", "label": "producer", "required": false, "type": "string", "javaType": "java.lang.String", "deprecated": false, "autowired": false, "secret": false, "configurationClass": "org.apache.camel.component.ibm.watsonx.ai.WatsonxAiConfiguration", "configurationField": "configuration", "description": "COS connection ID for document storage" },
    "frequencyPenalty": { "index": 12, "kind": "property", "displayName": "Frequency Penalty", "group": "producer", "label": "producer", "required": false, "type": "number", "javaType": "java.lang.Double", "deprecated": false, "autowired": false, "secret": false, "configurationClass": "org.apache.camel.component.ibm.watsonx.ai.WatsonxAiConfiguration", "configurationField": "configuration", "description": "Frequency penalty for chat" },
    "lazyStartProducer": { "index": 13, "kind": "property", "displayName": "Lazy Start Producer", "group": "producer", "label": "producer", "required": false, "type": "boolean", "javaType": "boolean", "deprecated": false, "autowired": false, "secret": false, "defaultValue": false, "description": "Whether the producer should be started lazy (on the first message). By starting lazy you can use this to allow CamelContext and routes to startup in situations where a producer may otherwise fail during starting and cause the route to fail being started. By deferring this startup to be lazy then the startup failure can be handled during routing messages via Camel's routing error handlers. Beware that when the first message is processed then creating and starting the producer may take a little time and prolong the total processing time of the processing." },
    "maxCompletionTokens": { "index": 14, "kind": "property", "displayName": "Max Completion Tokens", "group": "producer", "label": "producer", "required": false, "type": "integer", "javaType": "java.lang.Integer", "deprecated": false, "autowired": false, "secret": false, "configurationClass": "org.apache.camel.component.ibm.watsonx.ai.WatsonxAiConfiguration", "configurationField": "configuration", "description": "Maximum completion tokens for chat" },
    "maxNewTokens": { "index": 15, "kind": "property", "displayName": "Max New Tokens", "group": "producer", "label": "producer", "required": false, "type": "integer", "javaType": "java.lang.Integer", "deprecated": false, "autowired": false, "secret": false, "configurationClass": "org.apache.camel.component.ibm.watsonx.ai.WatsonxAiConfiguration", "configurationField": "configuration", "description": "Maximum new tokens to generate" },
    "modelId": { "index": 16, "kind": "property", "displayName": "Model Id", "group": "producer", "label": "producer", "required": false, "type": "string", "javaType": "java.lang.String", "deprecated": false, "autowired": false, "secret": false, "configurationClass": "org.apache.camel.component.ibm.watsonx.ai.WatsonxAiConfiguration", "configurationField": "configuration", "description": "Foundation model ID (e.g., ibm\/granite-13b-instruct-v2)" },
    "operation": { "index": 17, "kind": "property", "displayName": "Operation", "group": "producer", "label": "producer", "required": false, "type": "enum", "javaType": "org.apache.camel.component.ibm.watsonx.ai.WatsonxAiOperations", "enum": [ "textGeneration", "textGenerationStreaming", "chat", "chatStreaming", "embedding", "rerank", "tokenize", "textExtraction", "textExtractionFetch", "textExtractionUpload", "textExtractionUploadAndFetch", "textExtractionUploadFile", "textExtractionReadFile", "textExtractionDeleteFile", "textExtractionDeleteRequest", "textClassification", "textClassificationFetch", "textClassificationUpload", "textClassificationUploadAndFetch", "textClassificationUploadFile", "textClassificationDeleteFile", "textClassificationDeleteRequest", "detect", "forecast", "listModels", "listTasks", "deploymentInfo", "deploymentGenerate", "deploymentChat", "deploymentForecast", "runTool", "listTools", "processToolCalls" ], "deprecated": false, "autowired": false, "secret": false, "configurationClass": "org.apache.camel.component.ibm.watsonx.ai.WatsonxAiConfiguration", "configurationField": "configuration", "description": "The operation to perform" },
    "presencePenalty": { "index": 18, "kind": "property", "displayName": "Presence Penalty", "group": "producer", "label": "producer", "required": false, "type": "number", "javaType": "java.lang.Double", "deprecated": false, "autowired": false, "secret": false, "configurationClass": "org.apache.camel.component.ibm.watsonx.ai.WatsonxAiConfiguration", "configurationField": "configuration", "description": "Presence penalty for chat" },
    "repetitionPenalty": { "index": 19, "kind": "property", "displayName": "Repetition Penalty", "group": "producer", "label": "producer", "required": false, "type": "number", "javaType": "java.lang.Double", "deprecated": false, "autowired": false, "secret": false, "configurationClass": "org.apache.camel.component.ibm.watsonx.ai.WatsonxAiConfiguration", "configurationField": "configuration", "description": "Repetition penalty" },
    "rerankTopN": { "index": 20, "kind": "property", "displayName": "Rerank Top N", "group": "producer", "label": "producer", "required": false, "type": "integer", "javaType": "java.lang.Integer", "deprecated": false, "autowired": false, "secret": false, "configurationClass": "org.apache.camel.component.ibm.watsonx.ai.WatsonxAiConfiguration", "configurationField": "configuration", "description": "Number of top results to return for reranking" },
    "resultBucket": { "index": 21, "kind": "property", "displayName": "Result Bucket", "group": "producer", "label": "producer", "required": false, "type": "string", "javaType": "java.lang.String", "deprecated": false, "autowired": false, "secret": false, "configurationClass": "org.apache.camel.component.ibm.watsonx.ai.WatsonxAiConfiguration", "configurationField": "configuration", "description": "COS bucket for result storage" },
    "resultConnectionId": { "index": 22, "kind": "property", "displayName": "Result Connection Id", "group": "producer", "label": "producer", "required": false, "type": "string", "javaType": "java.lang.String", "deprecated": false, "autowired": false, "secret": false, "configurationClass": "org.apache.camel.component.ibm.watsonx.ai.WatsonxAiConfiguration", "configurationField": "configuration", "description": "COS connection ID for result storage" },
    "returnDocuments": { "index": 23, "kind": "property", "displayName": "Return Documents", "group": "producer", "label": "producer", "required": false, "type": "boolean", "javaType": "java.lang.Boolean", "deprecated": false, "autowired": false, "secret": false, "defaultValue": false, "configurationClass": "org.apache.camel.component.ibm.watsonx.ai.WatsonxAiConfiguration", "configurationField": "configuration", "description": "Whether to return documents in rerank response" },
    "temperature": { "index": 24, "kind": "property", "displayName": "Temperature", "group": "producer", "label": "producer", "required": false, "type": "number", "javaType": "java.lang.Double", "deprecated": false, "autowired": false, "secret": false, "configurationClass": "org.apache.camel.component.ibm.watsonx.ai.WatsonxAiConfiguration", "configurationField": "configuration", "description": "Temperature for randomness (0.0 to 2.0)" },
    "topK": { "index": 25, "kind": "property", "displayName": "Top K", "group": "producer", "label": "producer", "required": false, "type": "integer", "javaType": "java.lang.Integer", "deprecated": false, "autowired": false, "secret": false, "configurationClass": "org.apache.camel.component.ibm.watsonx.ai.WatsonxAiConfiguration", "configurationField": "configuration", "description": "Top K (top-k sampling)" },
    "topP": { "index": 26, "kind": "property", "displayName": "Top P", "group": "producer", "label": "producer", "required": false, "type": "number", "javaType": "java.lang.Double", "deprecated": false, "autowired": false, "secret": false, "configurationClass": "org.apache.camel.component.ibm.watsonx.ai.WatsonxAiConfiguration", "configurationField": "configuration", "description": "Top P (nucleus sampling)" },
    "truncateInputTokens": { "index": 27, "kind": "property", "displayName": "Truncate Input Tokens", "group": "producer", "label": "producer", "required": false, "type": "integer", "javaType": "java.lang.Integer", "deprecated": false, "autowired": false, "secret": false, "configurationClass": "org.apache.camel.component.ibm.watsonx.ai.WatsonxAiConfiguration", "configurationField": "configuration", "description": "Maximum number of tokens accepted per input for embeddings. Truncates from the end if exceeded." },
    "autowiredEnabled": { "index": 28, "kind": "property", "displayName": "Autowired Enabled", "group": "advanced", "label": "advanced", "required": false, "type": "boolean", "javaType": "boolean", "deprecated": false, "autowired": false, "secret": false, "defaultValue": true, "description": "Whether autowiring is enabled. This is used for automatic autowiring options (the option must be marked as autowired) by looking up in the registry to find if there is a single instance of matching type, which then gets configured on the component. This can be used for automatic configuring JDBC data sources, JMS connection factories, AWS Clients, etc." },
    "logRequests": { "index": 29, "kind": "property", "displayName": "Log Requests", "group": "advanced", "label": "advanced", "required": false, "type": "boolean", "javaType": "java.lang.Boolean", "deprecated": false, "autowired": false, "secret": false, "defaultValue": false, "configurationClass": "org.apache.camel.component.ibm.watsonx.ai.WatsonxAiConfiguration", "configurationField": "configuration", "description": "Whether to log HTTP requests to the watsonx.ai API" },
    "logResponses": { "index": 30, "kind": "property", "displayName": "Log Responses", "group": "advanced", "label": "advanced", "required": false, "type": "boolean", "javaType": "java.lang.Boolean", "deprecated": false, "autowired": false, "secret": false, "defaultValue": false, "configurationClass": "org.apache.camel.component.ibm.watsonx.ai.WatsonxAiConfiguration", "configurationField": "configuration", "description": "Whether to log HTTP responses from the watsonx.ai API" },
    "timeout": { "index": 31, "kind": "property", "displayName": "Timeout", "group": "advanced", "label": "advanced", "required": false, "type": "integer", "javaType": "java.lang.Long", "deprecated": false, "autowired": false, "secret": false, "configurationClass": "org.apache.camel.component.ibm.watsonx.ai.WatsonxAiConfiguration", "configurationField": "configuration", "description": "Request timeout in milliseconds" },
    "verifySsl": { "index": 32, "kind": "property", "displayName": "Verify Ssl", "group": "advanced", "label": "advanced", "required": false, "type": "boolean", "javaType": "java.lang.Boolean", "deprecated": false, "autowired": false, "secret": false, "defaultValue": true, "configurationClass": "org.apache.camel.component.ibm.watsonx.ai.WatsonxAiConfiguration", "configurationField": "configuration", "description": "Whether to verify SSL certificates" },
    "apiKey": { "index": 33, "kind": "property", "displayName": "Api Key", "group": "security", "label": "security", "required": true, "type": "string", "javaType": "java.lang.String", "deprecated": false, "deprecationNote": "", "autowired": false, "secret": true, "configurationClass": "org.apache.camel.component.ibm.watsonx.ai.WatsonxAiConfiguration", "configurationField": "configuration", "description": "IBM Cloud API key for authentication" }
  },
  "headers": {
    "CamelIBMWatsonxAiOperation": { "index": 0, "kind": "header", "displayName": "", "group": "producer", "label": "", "required": false, "javaType": "WatsonxAiOperations", "deprecated": false, "deprecationNote": "", "autowired": false, "secret": false, "description": "The operation to perform", "constantName": "org.apache.camel.component.ibm.watsonx.ai.WatsonxAiConstants#OPERATION" },
    "CamelIBMWatsonxAiInput": { "index": 1, "kind": "header", "displayName": "", "group": "producer", "label": "", "required": false, "javaType": "String", "deprecated": false, "deprecationNote": "", "autowired": false, "secret": false, "description": "The input text\/prompt for generation", "constantName": "org.apache.camel.component.ibm.watsonx.ai.WatsonxAiConstants#INPUT" },
    "CamelIBMWatsonxAiInputs": { "index": 2, "kind": "header", "displayName": "", "group": "producer", "label": "", "required": false, "javaType": "java.util.List<String>", "deprecated": false, "deprecationNote": "", "autowired": false, "secret": false, "description": "The list of inputs for batch operations", "constantName": "org.apache.camel.component.ibm.watsonx.ai.WatsonxAiConstants#INPUTS" },
    "CamelIBMWatsonxAiGeneratedText": { "index": 3, "kind": "header", "displayName": "", "group": "producer", "label": "", "required": false, "javaType": "String", "deprecated": false, "deprecationNote": "", "autowired": false, "secret": false, "description": "The generated text output", "constantName": "org.apache.camel.component.ibm.watsonx.ai.WatsonxAiConstants#GENERATED_TEXT" },
    "CamelIBMWatsonxAiModelId": { "index": 4, "kind": "header", "displayName": "", "group": "producer", "label": "", "required": false, "javaType": "String", "deprecated": false, "deprecationNote": "", "autowired": false, "secret": false, "description": "The model ID to use", "constantName": "org.apache.camel.component.ibm.watsonx.ai.WatsonxAiConstants#MODEL_ID" },
    "CamelIBMWatsonxAiDeploymentId": { "index": 5, "kind": "header", "displayName": "", "group": "producer", "label": "", "required": false, "javaType": "String", "deprecated": false, "deprecationNote": "", "autowired": false, "secret": false, "description": "The deployment ID to use", "constantName": "org.apache.camel.component.ibm.watsonx.ai.WatsonxAiConstants#DEPLOYMENT_ID" },
    "CamelIBMWatsonxAiSpaceId": { "index": 6, "kind": "header", "displayName": "", "group": "producer", "label": "", "required": false, "javaType": "String", "deprecated": false, "deprecationNote": "", "autowired": false, "secret": false, "description": "The space ID for deployment operations", "constantName": "org.apache.camel.component.ibm.watsonx.ai.WatsonxAiConstants#SPACE_ID" },
    "CamelIBMWatsonxAiDeploymentName": { "index": 7, "kind": "header", "displayName": "", "group": "producer", "label": "", "required": false, "javaType": "String", "deprecated": false, "deprecationNote": "", "autowired": false, "secret": false, "description": "The deployment name", "constantName": "org.apache.camel.component.ibm.watsonx.ai.WatsonxAiConstants#DEPLOYMENT_NAME" },
    "CamelIBMWatsonxAiDeploymentAssetType": { "index": 8, "kind": "header", "displayName": "", "group": "producer", "label": "", "required": false, "javaType": "String", "deprecated": false, "deprecationNote": "", "autowired": false, "secret": false, "description": "The deployed asset type", "constantName": "org.apache.camel.component.ibm.watsonx.ai.WatsonxAiConstants#DEPLOYMENT_ASSET_TYPE" },
    "CamelIBMWatsonxAiDeploymentStatus": { "index": 9, "kind": "header", "displayName": "", "group": "producer", "label": "", "required": false, "javaType": "String", "deprecated": false, "deprecationNote": "", "autowired": false, "secret": false, "description": "The deployment status state", "constantName": "org.apache.camel.component.ibm.watsonx.ai.WatsonxAiConstants#DEPLOYMENT_STATUS" },
    "CamelIBMWatsonxAiTemperature": { "index": 10, "kind": "header", "displayName": "", "group": "producer", "label": "", "required": false, "javaType": "Double", "deprecated": false, "deprecationNote": "", "autowired": false, "secret": false, "description": "Temperature for randomness (0.0 to 2.0)", "constantName": "org.apache.camel.component.ibm.watsonx.ai.WatsonxAiConstants#TEMPERATURE" },
    "CamelIBMWatsonxAiMaxNewTokens": { "index": 11, "kind": "header", "displayName": "", "group": "producer", "label": "", "required": false, "javaType": "Integer", "deprecated": false, "deprecationNote": "", "autowired": false, "secret": false, "description": "Maximum new tokens to generate", "constantName": "org.apache.camel.component.ibm.watsonx.ai.WatsonxAiConstants#MAX_NEW_TOKENS" },
    "CamelIBMWatsonxAiTopP": { "index": 12, "kind": "header", "displayName": "", "group": "producer", "label": "", "required": false, "javaType": "Double", "deprecated": false, "deprecationNote": "", "autowired": false, "secret": false, "description": "Top P (nucleus sampling)", "constantName": "org.apache.camel.component.ibm.watsonx.ai.WatsonxAiConstants#TOP_P" },
    "CamelIBMWatsonxAiTopK": { "index": 13, "kind": "header", "displayName": "", "group": "producer", "label": "", "required": false, "javaType": "Integer", "deprecated": false, "deprecationNote": "", "autowired": false, "secret": false, "description": "Top K (top-k sampling)", "constantName": "org.apache.camel.component.ibm.watsonx.ai.WatsonxAiConstants#TOP_K" },
    "CamelIBMWatsonxAiRepetitionPenalty": { "index": 14, "kind": "header", "displayName": "", "group": "producer", "label": "", "required": false, "javaType": "Double", "deprecated": false, "deprecationNote": "", "autowired": false, "secret": false, "description": "Repetition penalty", "constantName": "org.apache.camel.component.ibm.watsonx.ai.WatsonxAiConstants#REPETITION_PENALTY" },
    "CamelIBMWatsonxAiMessages": { "index": 15, "kind": "header", "displayName": "", "group": "producer", "label": "", "required": false, "javaType": "java.util.List", "deprecated": false, "deprecationNote": "", "autowired": false, "secret": false, "description": "The chat messages", "constantName": "org.apache.camel.component.ibm.watsonx.ai.WatsonxAiConstants#MESSAGES" },
    "CamelIBMWatsonxAiSystemMessage": { "index": 16, "kind": "header", "displayName": "", "group": "producer", "label": "", "required": false, "javaType": "String", "deprecated": false, "deprecationNote": "", "autowired": false, "secret": false, "description": "The system message for chat (used to build messages if MESSAGES header is not set)", "constantName": "org.apache.camel.component.ibm.watsonx.ai.WatsonxAiConstants#SYSTEM_MESSAGE" },
    "CamelIBMWatsonxAiUserMessage": { "index": 17, "kind": "header", "displayName": "", "group": "producer", "label": "", "required": false, "javaType": "String", "deprecated": false, "deprecationNote": "", "autowired": false, "secret": false, "description": "The user message for chat (used to build messages if MESSAGES header is not set, alternative to body)", "constantName": "org.apache.camel.component.ibm.watsonx.ai.WatsonxAiConstants#USER_MESSAGE" },
    "CamelIBMWatsonxAiTools": { "index": 18, "kind": "header", "displayName": "", "group": "producer", "label": "", "required": false, "javaType": "java.util.List", "deprecated": false, "deprecationNote": "", "autowired": false, "secret": false, "description": "The tools available for function calling", "constantName": "org.apache.camel.component.ibm.watsonx.ai.WatsonxAiConstants#TOOLS" },
    "CamelIBMWatsonxAiToolChoice": { "index": 19, "kind": "header", "displayName": "", "group": "producer", "label": "", "required": false, "javaType": "String", "deprecated": false, "deprecationNote": "", "autowired": false, "secret": false, "description": "Tool choice option (auto, required, none)", "constantName": "org.apache.camel.component.ibm.watsonx.ai.WatsonxAiConstants#TOOL_CHOICE" },
    "CamelIBMWatsonxAiEmbeddings": { "index": 20, "kind": "header", "displayName": "", "group": "producer", "label": "", "required": false, "javaType": "java.util.List", "deprecated": false, "deprecationNote": "", "autowired": false, "secret": false, "description": "The embedding vectors result", "constantName": "org.apache.camel.component.ibm.watsonx.ai.WatsonxAiConstants#EMBEDDINGS" },
    "CamelIBMWatsonxAiRerankQuery": { "index": 21, "kind": "header", "displayName": "", "group": "producer", "label": "", "required": false, "javaType": "String", "deprecated": false, "deprecationNote": "", "autowired": false, "secret": false, "description": "The query for reranking", "constantName": "org.apache.camel.component.ibm.watsonx.ai.WatsonxAiConstants#RERANK_QUERY" },
    "CamelIBMWatsonxAiRerankTopN": { "index": 22, "kind": "header", "displayName": "", "group": "producer", "label": "", "required": false, "javaType": "Integer", "deprecated": false, "deprecationNote": "", "autowired": false, "secret": false, "description": "Number of top results to return for reranking", "constantName": "org.apache.camel.component.ibm.watsonx.ai.WatsonxAiConstants#RERANK_TOP_N" },
    "CamelIBMWatsonxAiTokenCount": { "index": 23, "kind": "header", "displayName": "", "group": "producer", "label": "", "required": false, "javaType": "Integer", "deprecated": false, "deprecationNote": "", "autowired": false, "secret": false, "description": "The token count", "constantName": "org.apache.camel.component.ibm.watsonx.ai.WatsonxAiConstants#TOKEN_COUNT" },
    "CamelIBMWatsonxAiTokens": { "index": 24, "kind": "header", "displayName": "", "group": "producer", "label": "", "required": false, "javaType": "java.util.List<Integer>", "deprecated": false, "deprecationNote": "", "autowired": false, "secret": false, "description": "The token IDs", "constantName": "org.apache.camel.component.ibm.watsonx.ai.WatsonxAiConstants#TOKENS" },
    "CamelIBMWatsonxAiFile": { "index": 25, "kind": "header", "displayName": "", "group": "producer", "label": "", "required": false, "javaType": "java.io.File", "deprecated": false, "deprecationNote": "", "autowired": false, "secret": false, "description": "The file to upload", "constantName": "org.apache.camel.component.ibm.watsonx.ai.WatsonxAiConstants#FILE" },
    "CamelIBMWatsonxAiFileName": { "index": 26, "kind": "header", "displayName": "", "group": "producer", "label": "", "required": false, "javaType": "String", "deprecated": false, "deprecationNote": "", "autowired": false, "secret": false, "description": "The file name when using InputStream input", "constantName": "org.apache.camel.component.ibm.watsonx.ai.WatsonxAiConstants#FILE_NAME" },
    "CamelIBMWatsonxAiFilePath": { "index": 27, "kind": "header", "displayName": "", "group": "producer", "label": "", "required": false, "javaType": "String", "deprecated": false, "deprecationNote": "", "autowired": false, "secret": false, "description": "The file path for extraction or classification (for files already in COS)", "constantName": "org.apache.camel.component.ibm.watsonx.ai.WatsonxAiConstants#FILE_PATH" },
    "CamelIBMWatsonxAiExtractionId": { "index": 28, "kind": "header", "displayName": "", "group": "producer", "label": "", "required": false, "javaType": "String", "deprecated": false, "deprecationNote": "", "autowired": false, "secret": false, "description": "The extraction request ID", "constantName": "org.apache.camel.component.ibm.watsonx.ai.WatsonxAiConstants#EXTRACTION_ID" },
    "CamelIBMWatsonxAiExtractionStatus": { "index": 29, "kind": "header", "displayName": "", "group": "producer", "label": "", "required": false, "javaType": "String", "deprecated": false, "deprecationNote": "", "autowired": false, "secret": false, "description": "The extraction status", "constantName": "org.apache.camel.component.ibm.watsonx.ai.WatsonxAiConstants#EXTRACTION_STATUS" },
    "CamelIBMWatsonxAiExtractedText": { "index": 30, "kind": "header", "displayName": "", "group": "producer", "label": "", "required": false, "javaType": "String", "deprecated": false, "deprecationNote": "", "autowired": false, "secret": false, "description": "The extracted text content", "constantName": "org.apache.camel.component.ibm.watsonx.ai.WatsonxAiConstants#EXTRACTED_TEXT" },
    "CamelIBMWatsonxAiBucketName": { "index": 31, "kind": "header", "displayName": "", "group": "producer", "label": "", "required": false, "javaType": "String", "deprecated": false, "deprecationNote": "", "autowired": false, "secret": false, "description": "The COS bucket name for file operations", "constantName": "org.apache.camel.component.ibm.watsonx.ai.WatsonxAiConstants#BUCKET_NAME" },
    "CamelIBMWatsonxAiUploadSuccess": { "index": 32, "kind": "header", "displayName": "", "group": "producer", "label": "", "required": false, "javaType": "Boolean", "deprecated": false, "deprecationNote": "", "autowired": false, "secret": false, "description": "Whether the upload operation was successful", "constantName": "org.apache.camel.component.ibm.watsonx.ai.WatsonxAiConstants#UPLOAD_SUCCESS" },
    "CamelIBMWatsonxAiDeleteSuccess": { "index": 33, "kind": "header", "displayName": "", "group": "producer", "label": "", "required": false, "javaType": "Boolean", "deprecated": false, "deprecationNote": "", "autowired": false, "secret": false, "description": "Whether the delete operation was successful", "constantName": "org.apache.camel.component.ibm.watsonx.ai.WatsonxAiConstants#DELETE_SUCCESS" },
    "CamelIBMWatsonxAiClassificationId": { "index": 34, "kind": "header", "displayName": "", "group": "producer", "label": "", "required": false, "javaType": "String", "deprecated": false, "deprecationNote": "", "autowired": false, "secret": false, "description": "The classification request ID", "constantName": "org.apache.camel.component.ibm.watsonx.ai.WatsonxAiConstants#CLASSIFICATION_ID" },
    "CamelIBMWatsonxAiClassificationStatus": { "index": 35, "kind": "header", "displayName": "", "group": "producer", "label": "", "required": false, "javaType": "String", "deprecated": false, "deprecationNote": "", "autowired": false, "secret": false, "description": "The classification status", "constantName": "org.apache.camel.component.ibm.watsonx.ai.WatsonxAiConstants#CLASSIFICATION_STATUS" },
    "CamelIBMWatsonxAiClassificationResult": { "index": 36, "kind": "header", "displayName": "", "group": "producer", "label": "", "required": false, "javaType": "String", "deprecated": false, "deprecationNote": "", "autowired": false, "secret": false, "description": "The classification result (document type)", "constantName": "org.apache.camel.component.ibm.watsonx.ai.WatsonxAiConstants#CLASSIFICATION_RESULT" },
    "CamelIBMWatsonxAiDocumentClassified": { "index": 37, "kind": "header", "displayName": "", "group": "producer", "label": "", "required": false, "javaType": "Boolean", "deprecated": false, "deprecationNote": "", "autowired": false, "secret": false, "description": "Whether the document was classified", "constantName": "org.apache.camel.component.ibm.watsonx.ai.WatsonxAiConstants#DOCUMENT_CLASSIFIED" },
    "CamelIBMWatsonxAiErrorMessage": { "index": 38, "kind": "header", "displayName": "", "group": "producer", "label": "", "required": false, "javaType": "String", "deprecated": false, "deprecationNote": "", "autowired": false, "secret": false, "description": "Error message when classification or extraction fails", "constantName": "org.apache.camel.component.ibm.watsonx.ai.WatsonxAiConstants#ERROR_MESSAGE" },
    "CamelIBMWatsonxAiErrorCode": { "index": 39, "kind": "header", "displayName": "", "group": "producer", "label": "", "required": false, "javaType": "String", "deprecated": false, "deprecationNote": "", "autowired": false, "secret": false, "description": "Error code when classification or extraction fails", "constantName": "org.apache.camel.component.ibm.watsonx.ai.WatsonxAiConstants#ERROR_CODE" },
    "CamelIBMWatsonxAiDetectors": { "index": 40, "kind": "header", "displayName": "", "group": "producer", "label": "", "required": false, "javaType": "java.util.List<com.ibm.watsonx.ai.detection.detector.BaseDetector>", "deprecated": false, "deprecationNote": "", "autowired": false, "secret": false, "description": "List of detectors to use", "constantName": "org.apache.camel.component.ibm.watsonx.ai.WatsonxAiConstants#DETECTORS" },
    "CamelIBMWatsonxAiDetected": { "index": 41, "kind": "header", "displayName": "", "group": "producer", "label": "", "required": false, "javaType": "Boolean", "deprecated": false, "deprecationNote": "", "autowired": false, "secret": false, "description": "Whether harmful content was detected", "constantName": "org.apache.camel.component.ibm.watsonx.ai.WatsonxAiConstants#DETECTED" },
    "CamelIBMWatsonxAiDetectionResults": { "index": 42, "kind": "header", "displayName": "", "group": "producer", "label": "", "required": false, "javaType": "java.util.Map", "deprecated": false, "deprecationNote": "", "autowired": false, "secret": false, "description": "Detection results grouped by type", "constantName": "org.apache.camel.component.ibm.watsonx.ai.WatsonxAiConstants#DETECTION_RESULTS" },
    "CamelIBMWatsonxAiDetectionCount": { "index": 43, "kind": "header", "displayName": "", "group": "producer", "label": "", "required": false, "javaType": "Integer", "deprecated": false, "deprecationNote": "", "autowired": false, "secret": false, "description": "Count of detections found", "constantName": "org.apache.camel.component.ibm.watsonx.ai.WatsonxAiConstants#DETECTION_COUNT" },
    "CamelIBMWatsonxAiStreamConsumer": { "index": 44, "kind": "header", "displayName": "", "group": "producer", "label": "", "required": false, "javaType": "java.util.function.Consumer", "deprecated": false, "deprecationNote": "", "autowired": false, "secret": false, "description": "Consumer for streaming text", "constantName": "org.apache.camel.component.ibm.watsonx.ai.WatsonxAiConstants#STREAM_CONSUMER" },
    "CamelIBMWatsonxAiInputTokenCount": { "index": 45, "kind": "header", "displayName": "", "group": "producer", "label": "", "required": false, "javaType": "Integer", "deprecated": false, "deprecationNote": "", "autowired": false, "secret": false, "description": "Input token count", "constantName": "org.apache.camel.component.ibm.watsonx.ai.WatsonxAiConstants#INPUT_TOKEN_COUNT" },
    "CamelIBMWatsonxAiOutputTokenCount": { "index": 46, "kind": "header", "displayName": "", "group": "producer", "label": "", "required": false, "javaType": "Integer", "deprecated": false, "deprecationNote": "", "autowired": false, "secret": false, "description": "Output token count", "constantName": "org.apache.camel.component.ibm.watsonx.ai.WatsonxAiConstants#OUTPUT_TOKEN_COUNT" },
    "CamelIBMWatsonxAiStopReason": { "index": 47, "kind": "header", "displayName": "", "group": "producer", "label": "", "required": false, "javaType": "String", "deprecated": false, "deprecationNote": "", "autowired": false, "secret": false, "description": "Stop reason for generation", "constantName": "org.apache.camel.component.ibm.watsonx.ai.WatsonxAiConstants#STOP_REASON" },
    "CamelIBMWatsonxAiForecastInputSchema": { "index": 48, "kind": "header", "displayName": "", "group": "producer", "label": "", "required": false, "javaType": "com.ibm.watsonx.ai.timeseries.InputSchema", "deprecated": false, "deprecationNote": "", "autowired": false, "secret": false, "description": "The input schema for time series forecast", "constantName": "org.apache.camel.component.ibm.watsonx.ai.WatsonxAiConstants#FORECAST_INPUT_SCHEMA" },
    "CamelIBMWatsonxAiForecastData": { "index": 49, "kind": "header", "displayName": "", "group": "producer", "label": "", "required": false, "javaType": "com.ibm.watsonx.ai.timeseries.ForecastData", "deprecated": false, "deprecationNote": "", "autowired": false, "secret": false, "description": "The forecast data", "constantName": "org.apache.camel.component.ibm.watsonx.ai.WatsonxAiConstants#FORECAST_DATA" },
    "CamelIBMWatsonxAiForecastResults": { "index": 50, "kind": "header", "displayName": "", "group": "producer", "label": "", "required": false, "javaType": "java.util.List", "deprecated": false, "deprecationNote": "", "autowired": false, "secret": false, "description": "The forecast results", "constantName": "org.apache.camel.component.ibm.watsonx.ai.WatsonxAiConstants#FORECAST_RESULTS" },
    "CamelIBMWatsonxAiForecastInputDataPoints": { "index": 51, "kind": "header", "displayName": "", "group": "producer", "label": "", "required": false, "javaType": "Integer", "deprecated": false, "deprecationNote": "", "autowired": false, "secret": false, "description": "Number of input data points", "constantName": "org.apache.camel.component.ibm.watsonx.ai.WatsonxAiConstants#FORECAST_INPUT_DATA_POINTS" },
    "CamelIBMWatsonxAiForecastOutputDataPoints": { "index": 52, "kind": "header", "displayName": "", "group": "producer", "label": "", "required": false, "javaType": "Integer", "deprecated": false, "deprecationNote": "", "autowired": false, "secret": false, "description": "Number of output data points", "constantName": "org.apache.camel.component.ibm.watsonx.ai.WatsonxAiConstants#FORECAST_OUTPUT_DATA_POINTS" },
    "CamelIBMWatsonxAiFoundationModels": { "index": 53, "kind": "header", "displayName": "", "group": "producer", "label": "", "required": false, "javaType": "java.util.List", "deprecated": false, "deprecationNote": "", "autowired": false, "secret": false, "description": "List of foundation models", "constantName": "org.apache.camel.component.ibm.watsonx.ai.WatsonxAiConstants#FOUNDATION_MODELS" },
    "CamelIBMWatsonxAiFoundationModelTasks": { "index": 54, "kind": "header", "displayName": "", "group": "producer", "label": "", "required": false, "javaType": "java.util.List", "deprecated": false, "deprecationNote": "", "autowired": false, "secret": false, "description": "List of foundation model tasks", "constantName": "org.apache.camel.component.ibm.watsonx.ai.WatsonxAiConstants#FOUNDATION_MODEL_TASKS" },
    "CamelIBMWatsonxAiFoundationModelFilter": { "index": 55, "kind": "header", "displayName": "", "group": "producer", "label": "", "required": false, "javaType": "String", "deprecated": false, "deprecationNote": "", "autowired": false, "secret": false, "description": "Filter for foundation models or tasks", "constantName": "org.apache.camel.component.ibm.watsonx.ai.WatsonxAiConstants#FOUNDATION_MODEL_FILTER" },
    "CamelIBMWatsonxAiFoundationModelTechPreview": { "index": 56, "kind": "header", "displayName": "", "group": "producer", "label": "", "required": false, "javaType": "Boolean", "deprecated": false, "deprecationNote": "", "autowired": false, "secret": false, "description": "Include tech preview models", "constantName": "org.apache.camel.component.ibm.watsonx.ai.WatsonxAiConstants#FOUNDATION_MODEL_TECH_PREVIEW" },
    "CamelIBMWatsonxAiToolName": { "index": 57, "kind": "header", "displayName": "", "group": "producer", "label": "", "required": false, "javaType": "String", "deprecated": false, "deprecationNote": "", "autowired": false, "secret": false, "description": "The tool name to run", "constantName": "org.apache.camel.component.ibm.watsonx.ai.WatsonxAiConstants#TOOL_NAME" },
    "CamelIBMWatsonxAiToolRequest": { "index": 58, "kind": "header", "displayName": "", "group": "producer", "label": "", "required": false, "javaType": "com.ibm.watsonx.ai.tool.ToolRequest", "deprecated": false, "deprecationNote": "", "autowired": false, "secret": false, "description": "The tool request object", "constantName": "org.apache.camel.component.ibm.watsonx.ai.WatsonxAiConstants#TOOL_REQUEST" },
    "CamelIBMWatsonxAiToolConfig": { "index": 59, "kind": "header", "displayName": "", "group": "producer", "label": "", "required": false, "javaType": "java.util.Map", "deprecated": false, "deprecationNote": "", "autowired": false, "secret": false, "description": "The tool configuration", "constantName": "org.apache.camel.component.ibm.watsonx.ai.WatsonxAiConstants#TOOL_CONFIG" },
    "CamelIBMWatsonxAiUtilityTools": { "index": 60, "kind": "header", "displayName": "", "group": "producer", "label": "", "required": false, "javaType": "java.util.List", "deprecated": false, "deprecationNote": "", "autowired": false, "secret": false, "description": "List of available utility tools", "constantName": "org.apache.camel.component.ibm.watsonx.ai.WatsonxAiConstants#UTILITY_TOOLS" },
    "CamelIBMWatsonxAiToolRegistry": { "index": 61, "kind": "header", "displayName": "", "group": "producer", "label": "", "required": false, "javaType": "com.ibm.watsonx.ai.chat.ToolRegistry", "deprecated": false, "deprecationNote": "", "autowired": false, "secret": false, "description": "Tool registry for chat with tool calling capabilities", "constantName": "org.apache.camel.component.ibm.watsonx.ai.WatsonxAiConstants#TOOL_REGISTRY" },
    "CamelIBMWatsonxAiToolCalls": { "index": 62, "kind": "header", "displayName": "", "group": "producer", "label": "", "required": false, "javaType": "java.util.List<com.ibm.watsonx.ai.chat.model.ToolCall>", "deprecated": false, "deprecationNote": "", "autowired": false, "secret": false, "description": "List of tool calls requested by the assistant", "constantName": "org.apache.camel.component.ibm.watsonx.ai.WatsonxAiConstants#TOOL_CALLS" },
    "CamelIBMWatsonxAiHasToolCalls": { "index": 63, "kind": "header", "displayName": "", "group": "producer", "label": "", "required": false, "javaType": "Boolean", "deprecated": false, "deprecationNote": "", "autowired": false, "secret": false, "description": "Whether the assistant response contains tool calls", "constantName": "org.apache.camel.component.ibm.watsonx.ai.WatsonxAiConstants#HAS_TOOL_CALLS" },
    "CamelIBMWatsonxAiAssistantMessage": { "index": 64, "kind": "header", "displayName": "", "group": "producer", "label": "", "required": false, "javaType": "com.ibm.watsonx.ai.chat.model.AssistantMessage", "deprecated": false, "deprecationNote": "", "autowired": false, "secret": false, "description": "The full assistant message from chat response", "constantName": "org.apache.camel.component.ibm.watsonx.ai.WatsonxAiConstants#ASSISTANT_MESSAGE" }
  },
  "properties": {
    "label": { "index": 0, "kind": "path", "displayName": "Label", "group": "producer", "label": "", "required": true, "type": "string", "javaType": "java.lang.String", "deprecated": false, "deprecationNote": "", "autowired": false, "secret": false, "description": "Logical name for the endpoint" },
    "baseUrl": { "index": 1, "kind": "parameter", "displayName": "Base Url", "group": "common", "label": "common", "required": true, "type": "string", "javaType": "java.lang.String", "deprecated": false, "deprecationNote": "", "autowired": false, "secret": false, "configurationClass": "org.apache.camel.component.ibm.watsonx.ai.WatsonxAiConfiguration", "configurationField": "configuration", "description": "The watsonx.ai base URL (e.g., https:\/\/us-south.ml.cloud.ibm.com)" },
    "projectId": { "index": 2, "kind": "parameter", "displayName": "Project Id", "group": "common", "label": "common", "required": false, "type": "string", "javaType": "java.lang.String", "deprecated": false, "autowired": false, "secret": false, "configurationClass": "org.apache.camel.component.ibm.watsonx.ai.WatsonxAiConfiguration", "configurationField": "configuration", "description": "IBM Cloud project ID" },
    "spaceId": { "index": 3, "kind": "parameter", "displayName": "Space Id", "group": "common", "label": "common", "required": false, "type": "string", "javaType": "java.lang.String", "deprecated": false, "autowired": false, "secret": false, "configurationClass": "org.apache.camel.component.ibm.watsonx.ai.WatsonxAiConfiguration", "configurationField": "configuration", "description": "IBM Cloud deployment space ID (alternative to projectId)" },
    "wxUrl": { "index": 4, "kind": "parameter", "displayName": "Wx Url", "group": "common", "label": "common", "required": false, "type": "string", "javaType": "java.lang.String", "deprecated": false, "autowired": false, "secret": false, "configurationClass": "org.apache.camel.component.ibm.watsonx.ai.WatsonxAiConfiguration", "configurationField": "configuration", "description": "The watsonx.ai WX platform URL for tool operations (e.g., https:\/\/api.dataplatform.cloud.ibm.com\/wx)" },
    "cosUrl": { "index": 5, "kind": "parameter", "displayName": "Cos Url", "group": "producer", "label": "producer", "required": false, "type": "string", "javaType": "java.lang.String", "deprecated": false, "autowired": false, "secret": false, "configurationClass": "org.apache.camel.component.ibm.watsonx.ai.WatsonxAiConfiguration", "configurationField": "configuration", "description": "Cloud Object Storage URL" },
    "deploymentId": { "index": 6, "kind": "parameter", "displayName": "Deployment Id", "group": "producer", "label": "producer", "required": false, "type": "string", "javaType": "java.lang.String", "deprecated": false, "autowired": false, "secret": false, "configurationClass": "org.apache.camel.component.ibm.watsonx.ai.WatsonxAiConfiguration", "configurationField": "configuration", "description": "Deployed model ID (for deployment operations)" },
    "detectHap": { "index": 7, "kind": "parameter", "displayName": "Detect Hap", "group": "producer", "label": "producer", "required": false, "type": "boolean", "javaType": "java.lang.Boolean", "deprecated": false, "autowired": false, "secret": false, "defaultValue": false, "configurationClass": "org.apache.camel.component.ibm.watsonx.ai.WatsonxAiConfiguration", "configurationField": "configuration", "description": "Whether to detect HAP (Harmful, Abusive, Profane content)" },
    "detectionThreshold": { "index": 8, "kind": "parameter", "displayName": "Detection Threshold", "group": "producer", "label": "producer", "required": false, "type": "number", "javaType": "java.lang.Double", "deprecated": false, "autowired": false, "secret": false, "configurationClass": "org.apache.camel.component.ibm.watsonx.ai.WatsonxAiConfiguration", "configurationField": "configuration", "description": "Detection threshold (0.0 to 1.0)" },
    "detectPii": { "index": 9, "kind": "parameter", "displayName": "Detect Pii", "group": "producer", "label": "producer", "required": false, "type": "boolean", "javaType": "java.lang.Boolean", "deprecated": false, "autowired": false, "secret": false, "defaultValue": false, "configurationClass": "org.apache.camel.component.ibm.watsonx.ai.WatsonxAiConfiguration", "configurationField": "configuration", "description": "Whether to detect PII (Personal Identifiable Information)" },
    "documentBucket": { "index": 10, "kind": "parameter", "displayName": "Document Bucket", "group": "producer", "label": "producer", "required": false, "type": "string", "javaType": "java.lang.String", "deprecated": false, "autowired": false, "secret": false, "configurationClass": "org.apache.camel.component.ibm.watsonx.ai.WatsonxAiConfiguration", "configurationField": "configuration", "description": "COS bucket for document storage" },
    "documentConnectionId": { "index": 11, "kind": "parameter", "displayName": "Document Connection Id", "group": "producer", "label": "producer", "required": false, "type": "string", "javaType": "java.lang.String", "deprecated": false, "autowired": false, "secret": false, "configurationClass": "org.apache.camel.component.ibm.watsonx.ai.WatsonxAiConfiguration", "configurationField": "configuration", "description": "COS connection ID for document storage" },
    "frequencyPenalty": { "index": 12, "kind": "parameter", "displayName": "Frequency Penalty", "group": "producer", "label": "producer", "required": false, "type": "number", "javaType": "java.lang.Double", "deprecated": false, "autowired": false, "secret": false, "configurationClass": "org.apache.camel.component.ibm.watsonx.ai.WatsonxAiConfiguration", "configurationField": "configuration", "description": "Frequency penalty for chat" },
    "maxCompletionTokens": { "index": 13, "kind": "parameter", "displayName": "Max Completion Tokens", "group": "producer", "label": "producer", "required": false, "type": "integer", "javaType": "java.lang.Integer", "deprecated": false, "autowired": false, "secret": false, "configurationClass": "org.apache.camel.component.ibm.watsonx.ai.WatsonxAiConfiguration", "configurationField": "configuration", "description": "Maximum completion tokens for chat" },
    "maxNewTokens": { "index": 14, "kind": "parameter", "displayName": "Max New Tokens", "group": "producer", "label": "producer", "required": false, "type": "integer", "javaType": "java.lang.Integer", "deprecated": false, "autowired": false, "secret": false, "configurationClass": "org.apache.camel.component.ibm.watsonx.ai.WatsonxAiConfiguration", "configurationField": "configuration", "description": "Maximum new tokens to generate" },
    "modelId": { "index": 15, "kind": "parameter", "displayName": "Model Id", "group": "producer", "label": "producer", "required": false, "type": "string", "javaType": "java.lang.String", "deprecated": false, "autowired": false, "secret": false, "configurationClass": "org.apache.camel.component.ibm.watsonx.ai.WatsonxAiConfiguration", "configurationField": "configuration", "description": "Foundation model ID (e.g., ibm\/granite-13b-instruct-v2)" },
    "operation": { "index": 16, "kind": "parameter", "displayName": "Operation", "group": "producer", "label": "producer", "required": false, "type": "enum", "javaType": "org.apache.camel.component.ibm.watsonx.ai.WatsonxAiOperations", "enum": [ "textGeneration", "textGenerationStreaming", "chat", "chatStreaming", "embedding", "rerank", "tokenize", "textExtraction", "textExtractionFetch", "textExtractionUpload", "textExtractionUploadAndFetch", "textExtractionUploadFile", "textExtractionReadFile", "textExtractionDeleteFile", "textExtractionDeleteRequest", "textClassification", "textClassificationFetch", "textClassificationUpload", "textClassificationUploadAndFetch", "textClassificationUploadFile", "textClassificationDeleteFile", "textClassificationDeleteRequest", "detect", "forecast", "listModels", "listTasks", "deploymentInfo", "deploymentGenerate", "deploymentChat", "deploymentForecast", "runTool", "listTools", "processToolCalls" ], "deprecated": false, "autowired": false, "secret": false, "configurationClass": "org.apache.camel.component.ibm.watsonx.ai.WatsonxAiConfiguration", "configurationField": "configuration", "description": "The operation to perform" },
    "presencePenalty": { "index": 17, "kind": "parameter", "displayName": "Presence Penalty", "group": "producer", "label": "producer", "required": false, "type": "number", "javaType": "java.lang.Double", "deprecated": false, "autowired": false, "secret": false, "configurationClass": "org.apache.camel.component.ibm.watsonx.ai.WatsonxAiConfiguration", "configurationField": "configuration", "description": "Presence penalty for chat" },
    "repetitionPenalty": { "index": 18, "kind": "parameter", "displayName": "Repetition Penalty", "group": "producer", "label": "producer", "required": false, "type": "number", "javaType": "java.lang.Double", "deprecated": false, "autowired": false, "secret": false, "configurationClass": "org.apache.camel.component.ibm.watsonx.ai.WatsonxAiConfiguration", "configurationField": "configuration", "description": "Repetition penalty" },
    "rerankTopN": { "index": 19, "kind": "parameter", "displayName": "Rerank Top N", "group": "producer", "label": "producer", "required": false, "type": "integer", "javaType": "java.lang.Integer", "deprecated": false, "autowired": false, "secret": false, "configurationClass": "org.apache.camel.component.ibm.watsonx.ai.WatsonxAiConfiguration", "configurationField": "configuration", "description": "Number of top results to return for reranking" },
    "resultBucket": { "index": 20, "kind": "parameter", "displayName": "Result Bucket", "group": "producer", "label": "producer", "required": false, "type": "string", "javaType": "java.lang.String", "deprecated": false, "autowired": false, "secret": false, "configurationClass": "org.apache.camel.component.ibm.watsonx.ai.WatsonxAiConfiguration", "configurationField": "configuration", "description": "COS bucket for result storage" },
    "resultConnectionId": { "index": 21, "kind": "parameter", "displayName": "Result Connection Id", "group": "producer", "label": "producer", "required": false, "type": "string", "javaType": "java.lang.String", "deprecated": false, "autowired": false, "secret": false, "configurationClass": "org.apache.camel.component.ibm.watsonx.ai.WatsonxAiConfiguration", "configurationField": "configuration", "description": "COS connection ID for result storage" },
    "returnDocuments": { "index": 22, "kind": "parameter", "displayName": "Return Documents", "group": "producer", "label": "producer", "required": false, "type": "boolean", "javaType": "java.lang.Boolean", "deprecated": false, "autowired": false, "secret": false, "defaultValue": false, "configurationClass": "org.apache.camel.component.ibm.watsonx.ai.WatsonxAiConfiguration", "configurationField": "configuration", "description": "Whether to return documents in rerank response" },
    "temperature": { "index": 23, "kind": "parameter", "displayName": "Temperature", "group": "producer", "label": "producer", "required": false, "type": "number", "javaType": "java.lang.Double", "deprecated": false, "autowired": false, "secret": false, "configurationClass": "org.apache.camel.component.ibm.watsonx.ai.WatsonxAiConfiguration", "configurationField": "configuration", "description": "Temperature for randomness (0.0 to 2.0)" },
    "topK": { "index": 24, "kind": "parameter", "displayName": "Top K", "group": "producer", "label": "producer", "required": false, "type": "integer", "javaType": "java.lang.Integer", "deprecated": false, "autowired": false, "secret": false, "configurationClass": "org.apache.camel.component.ibm.watsonx.ai.WatsonxAiConfiguration", "configurationField": "configuration", "description": "Top K (top-k sampling)" },
    "topP": { "index": 25, "kind": "parameter", "displayName": "Top P", "group": "producer", "label": "producer", "required": false, "type": "number", "javaType": "java.lang.Double", "deprecated": false, "autowired": false, "secret": false, "configurationClass": "org.apache.camel.component.ibm.watsonx.ai.WatsonxAiConfiguration", "configurationField": "configuration", "description": "Top P (nucleus sampling)" },
    "truncateInputTokens": { "index": 26, "kind": "parameter", "displayName": "Truncate Input Tokens", "group": "producer", "label": "producer", "required": false, "type": "integer", "javaType": "java.lang.Integer", "deprecated": false, "autowired": false, "secret": false, "configurationClass": "org.apache.camel.component.ibm.watsonx.ai.WatsonxAiConfiguration", "configurationField": "configuration", "description": "Maximum number of tokens accepted per input for embeddings. Truncates from the end if exceeded." },
    "lazyStartProducer": { "index": 27, "kind": "parameter", "displayName": "Lazy Start Producer", "group": "producer (advanced)", "label": "producer,advanced", "required": false, "type": "boolean", "javaType": "boolean", "deprecated": false, "autowired": false, "secret": false, "defaultValue": false, "description": "Whether the producer should be started lazy (on the first message). By starting lazy you can use this to allow CamelContext and routes to startup in situations where a producer may otherwise fail during starting and cause the route to fail being started. By deferring this startup to be lazy then the startup failure can be handled during routing messages via Camel's routing error handlers. Beware that when the first message is processed then creating and starting the producer may take a little time and prolong the total processing time of the processing." },
    "logRequests": { "index": 28, "kind": "parameter", "displayName": "Log Requests", "group": "advanced", "label": "advanced", "required": false, "type": "boolean", "javaType": "java.lang.Boolean", "deprecated": false, "autowired": false, "secret": false, "defaultValue": false, "configurationClass": "org.apache.camel.component.ibm.watsonx.ai.WatsonxAiConfiguration", "configurationField": "configuration", "description": "Whether to log HTTP requests to the watsonx.ai API" },
    "logResponses": { "index": 29, "kind": "parameter", "displayName": "Log Responses", "group": "advanced", "label": "advanced", "required": false, "type": "boolean", "javaType": "java.lang.Boolean", "deprecated": false, "autowired": false, "secret": false, "defaultValue": false, "configurationClass": "org.apache.camel.component.ibm.watsonx.ai.WatsonxAiConfiguration", "configurationField": "configuration", "description": "Whether to log HTTP responses from the watsonx.ai API" },
    "timeout": { "index": 30, "kind": "parameter", "displayName": "Timeout", "group": "advanced", "label": "advanced", "required": false, "type": "integer", "javaType": "java.lang.Long", "deprecated": false, "autowired": false, "secret": false, "configurationClass": "org.apache.camel.component.ibm.watsonx.ai.WatsonxAiConfiguration", "configurationField": "configuration", "description": "Request timeout in milliseconds" },
    "verifySsl": { "index": 31, "kind": "parameter", "displayName": "Verify Ssl", "group": "advanced", "label": "advanced", "required": false, "type": "boolean", "javaType": "java.lang.Boolean", "deprecated": false, "autowired": false, "secret": false, "defaultValue": true, "configurationClass": "org.apache.camel.component.ibm.watsonx.ai.WatsonxAiConfiguration", "configurationField": "configuration", "description": "Whether to verify SSL certificates" },
    "apiKey": { "index": 32, "kind": "parameter", "displayName": "Api Key", "group": "security", "label": "security", "required": true, "type": "string", "javaType": "java.lang.String", "deprecated": false, "deprecationNote": "", "autowired": false, "secret": true, "configurationClass": "org.apache.camel.component.ibm.watsonx.ai.WatsonxAiConfiguration", "configurationField": "configuration", "description": "IBM Cloud API key for authentication" }
  }
}
