{
  "component": {
    "kind": "component",
    "name": "jsonata",
    "title": "JSONata",
    "description": "Transforms JSON payload using JSONata transformation.",
    "deprecated": false,
    "firstVersion": "3.5.0",
    "label": "transformation",
    "javaType": "org.apache.camel.component.jsonata.JsonataComponent",
    "supportLevel": "Stable",
    "groupId": "org.apache.camel",
    "artifactId": "camel-jsonata",
    "version": "4.17.0-SNAPSHOT",
    "scheme": "jsonata",
    "extendsScheme": "",
    "syntax": "jsonata:resourceUri",
    "async": false,
    "api": false,
    "consumerOnly": false,
    "producerOnly": true,
    "lenientProperties": false,
    "browsable": false,
    "remote": false
  },
  "componentProperties": {
    "allowTemplateFromHeader": { "index": 0, "kind": "property", "displayName": "Allow Template From Header", "group": "producer", "label": "", "required": false, "type": "boolean", "javaType": "boolean", "deprecated": false, "autowired": false, "secret": false, "defaultValue": false, "description": "Whether to allow to use resource template from header or not (default false). Enabling this allows to specify dynamic templates via message header. However this can be seen as a potential security vulnerability if the header is coming from a malicious user, so use this with care." },
    "contentCache": { "index": 1, "kind": "property", "displayName": "Content Cache", "group": "producer", "label": "", "required": false, "type": "boolean", "javaType": "boolean", "deprecated": false, "autowired": false, "secret": false, "defaultValue": true, "description": "Sets whether to use resource content cache or not" },
    "lazyStartProducer": { "index": 2, "kind": "property", "displayName": "Lazy Start Producer", "group": "producer", "label": "producer", "required": false, "type": "boolean", "javaType": "boolean", "deprecated": false, "autowired": false, "secret": false, "defaultValue": false, "description": "Whether the producer should be started lazy (on the first message). By starting lazy you can use this to allow CamelContext and routes to startup in situations where a producer may otherwise fail during starting and cause the route to fail being started. By deferring this startup to be lazy then the startup failure can be handled during routing messages via Camel's routing error handlers. Beware that when the first message is processed then creating and starting the producer may take a little time and prolong the total processing time of the processing." },
    "autowiredEnabled": { "index": 3, "kind": "property", "displayName": "Autowired Enabled", "group": "advanced", "label": "advanced", "required": false, "type": "boolean", "javaType": "boolean", "deprecated": false, "autowired": false, "secret": false, "defaultValue": true, "description": "Whether autowiring is enabled. This is used for automatic autowiring options (the option must be marked as autowired) by looking up in the registry to find if there is a single instance of matching type, which then gets configured on the component. This can be used for automatic configuring JDBC data sources, JMS connection factories, AWS Clients, etc." },
    "frameBinding": { "index": 4, "kind": "property", "displayName": "Frame Binding", "group": "advanced", "label": "advanced", "required": false, "type": "object", "javaType": "org.apache.camel.component.jsonata.JsonataFrameBinding", "deprecated": false, "autowired": false, "secret": false, "description": "To configure custom frame bindings and inject user functions." }
  },
  "properties": {
    "resourceUri": { "index": 0, "kind": "path", "displayName": "Resource Uri", "group": "producer", "label": "", "required": true, "type": "string", "javaType": "java.lang.String", "deprecated": false, "deprecationNote": "", "autowired": false, "secret": false, "supportFileReference": true, "description": "Path to the resource. You can prefix with: classpath, file, http, ref, or bean. classpath, file and http loads the resource using these protocols (classpath is default). ref will lookup the resource in the registry. bean will call a method on a bean to be used as the resource. For bean you can specify the method name after dot, eg bean:myBean.myMethod." },
    "allowContextMapAll": { "index": 1, "kind": "parameter", "displayName": "Allow Context Map All", "group": "producer", "label": "", "required": false, "type": "boolean", "javaType": "boolean", "deprecated": false, "autowired": false, "secret": false, "defaultValue": false, "description": "Sets whether the context map should allow access to all details. By default only the message body and headers can be accessed. This option can be enabled for full access to the current Exchange and CamelContext. Doing so impose a potential security risk as this opens access to the full power of CamelContext API." },
    "allowTemplateFromHeader": { "index": 2, "kind": "parameter", "displayName": "Allow Template From Header", "group": "producer", "label": "", "required": false, "type": "boolean", "javaType": "boolean", "deprecated": false, "autowired": false, "secret": false, "defaultValue": false, "description": "Whether to allow to use resource template from header or not (default false). Enabling this allows to specify dynamic templates via message header. However this can be seen as a potential security vulnerability if the header is coming from a malicious user, so use this with care." },
    "contentCache": { "index": 3, "kind": "parameter", "displayName": "Content Cache", "group": "producer", "label": "", "required": false, "type": "boolean", "javaType": "boolean", "deprecated": false, "autowired": false, "secret": false, "defaultValue": true, "description": "Sets whether to use resource content cache or not" },
    "inputType": { "index": 4, "kind": "parameter", "displayName": "Input Type", "group": "producer", "label": "", "required": false, "type": "enum", "javaType": "org.apache.camel.component.jsonata.JsonataInputOutputType", "enum": [ "Jackson", "JsonString" ], "deprecated": false, "autowired": false, "secret": false, "defaultValue": "Jackson", "description": "Specifies if the input should be Jackson JsonNode or a JSON String." },
    "outputType": { "index": 5, "kind": "parameter", "displayName": "Output Type", "group": "producer", "label": "", "required": false, "type": "enum", "javaType": "org.apache.camel.component.jsonata.JsonataInputOutputType", "enum": [ "Jackson", "JsonString" ], "deprecated": false, "autowired": false, "secret": false, "defaultValue": "Jackson", "description": "Specifies if the output should be Jackson JsonNode or a JSON String." },
    "prettyPrint": { "index": 6, "kind": "parameter", "displayName": "Pretty Print", "group": "producer", "label": "", "required": false, "type": "boolean", "javaType": "boolean", "deprecated": false, "autowired": false, "secret": false, "defaultValue": false, "description": "Whether to pretty print JSon output when using string as output type." },
    "lazyStartProducer": { "index": 7, "kind": "parameter", "displayName": "Lazy Start Producer", "group": "producer (advanced)", "label": "producer,advanced", "required": false, "type": "boolean", "javaType": "boolean", "deprecated": false, "autowired": false, "secret": false, "defaultValue": false, "description": "Whether the producer should be started lazy (on the first message). By starting lazy you can use this to allow CamelContext and routes to startup in situations where a producer may otherwise fail during starting and cause the route to fail being started. By deferring this startup to be lazy then the startup failure can be handled during routing messages via Camel's routing error handlers. Beware that when the first message is processed then creating and starting the producer may take a little time and prolong the total processing time of the processing." },
    "frameBinding": { "index": 8, "kind": "parameter", "displayName": "Frame Binding", "group": "advanced", "label": "advanced", "required": false, "type": "object", "javaType": "org.apache.camel.component.jsonata.JsonataFrameBinding", "deprecated": false, "autowired": false, "secret": false, "description": "To configure the Jsonata frame binding. Allows custom functions to be added." }
  }
}
