{
  "component": {
    "kind": "component",
    "name": "json-validator",
    "title": "JSON Schema Validator",
    "description": "Validate JSON payloads using NetworkNT JSON Schema.",
    "deprecated": false,
    "firstVersion": "2.20.0",
    "label": "validation",
    "javaType": "org.apache.camel.component.jsonvalidator.JsonValidatorComponent",
    "supportLevel": "Stable",
    "groupId": "org.apache.camel",
    "artifactId": "camel-json-validator",
    "version": "4.18.0-SNAPSHOT",
    "scheme": "json-validator",
    "extendsScheme": "",
    "syntax": "json-validator:resourceUri",
    "async": false,
    "api": false,
    "consumerOnly": false,
    "producerOnly": true,
    "lenientProperties": false,
    "browsable": false,
    "remote": false
  },
  "componentProperties": {
    "contentCache": { "index": 0, "kind": "property", "displayName": "Content Cache", "group": "producer", "label": "", "required": false, "type": "boolean", "javaType": "boolean", "deprecated": false, "autowired": false, "secret": false, "defaultValue": true, "description": "Sets whether to use resource content cache or not" },
    "lazyStartProducer": { "index": 1, "kind": "property", "displayName": "Lazy Start Producer", "group": "producer", "label": "producer", "required": false, "type": "boolean", "javaType": "boolean", "deprecated": false, "autowired": false, "secret": false, "defaultValue": false, "description": "Whether the producer should be started lazy (on the first message). By starting lazy you can use this to allow CamelContext and routes to startup in situations where a producer may otherwise fail during starting and cause the route to fail being started. By deferring this startup to be lazy then the startup failure can be handled during routing messages via Camel's routing error handlers. Beware that when the first message is processed then creating and starting the producer may take a little time and prolong the total processing time of the processing." },
    "useDefaultObjectMapper": { "index": 2, "kind": "property", "displayName": "Use Default Object Mapper", "group": "producer", "label": "", "required": false, "type": "boolean", "javaType": "boolean", "deprecated": false, "autowired": false, "secret": false, "defaultValue": true, "description": "Whether to lookup and use default Jackson ObjectMapper from the registry." },
    "autowiredEnabled": { "index": 3, "kind": "property", "displayName": "Autowired Enabled", "group": "advanced", "label": "advanced", "required": false, "type": "boolean", "javaType": "boolean", "deprecated": false, "autowired": false, "secret": false, "defaultValue": true, "description": "Whether autowiring is enabled. This is used for automatic autowiring options (the option must be marked as autowired) by looking up in the registry to find if there is a single instance of matching type, which then gets configured on the component. This can be used for automatic configuring JDBC data sources, JMS connection factories, AWS Clients, etc." },
    "objectMapper": { "index": 4, "kind": "property", "displayName": "Object Mapper", "group": "advanced", "label": "advanced", "required": false, "type": "string", "javaType": "java.lang.String", "deprecated": false, "autowired": false, "secret": false, "description": "Lookup and use the existing ObjectMapper with the given id." }
  },
  "properties": {
    "resourceUri": { "index": 0, "kind": "path", "displayName": "Resource Uri", "group": "producer", "label": "", "required": true, "type": "string", "javaType": "java.lang.String", "deprecated": false, "deprecationNote": "", "autowired": false, "secret": false, "supportFileReference": true, "description": "Path to the resource. You can prefix with: classpath, file, http, ref, or bean. classpath, file and http loads the resource using these protocols (classpath is default). ref will lookup the resource in the registry. bean will call a method on a bean to be used as the resource. For bean you can specify the method name after dot, eg bean:myBean.myMethod." },
    "allowContextMapAll": { "index": 1, "kind": "parameter", "displayName": "Allow Context Map All", "group": "producer", "label": "", "required": false, "type": "boolean", "javaType": "boolean", "deprecated": false, "autowired": false, "secret": false, "defaultValue": false, "description": "Sets whether the context map should allow access to all details. By default only the message body and headers can be accessed. This option can be enabled for full access to the current Exchange and CamelContext. Doing so impose a potential security risk as this opens access to the full power of CamelContext API." },
    "contentCache": { "index": 2, "kind": "parameter", "displayName": "Content Cache", "group": "producer", "label": "", "required": false, "type": "boolean", "javaType": "boolean", "deprecated": false, "autowired": false, "secret": false, "defaultValue": true, "description": "Sets whether to use resource content cache or not" },
    "failOnNullBody": { "index": 3, "kind": "parameter", "displayName": "Fail On Null Body", "group": "producer", "label": "", "required": false, "type": "boolean", "javaType": "boolean", "deprecated": false, "autowired": false, "secret": false, "defaultValue": true, "description": "Whether to fail if no body exists." },
    "failOnNullHeader": { "index": 4, "kind": "parameter", "displayName": "Fail On Null Header", "group": "producer", "label": "", "required": false, "type": "boolean", "javaType": "boolean", "deprecated": false, "autowired": false, "secret": false, "defaultValue": true, "description": "Whether to fail if no header exists when validating against a header." },
    "headerName": { "index": 5, "kind": "parameter", "displayName": "Header Name", "group": "producer", "label": "", "required": false, "type": "string", "javaType": "java.lang.String", "deprecated": false, "autowired": false, "secret": false, "description": "To validate against a header instead of the message body." },
    "lazyStartProducer": { "index": 6, "kind": "parameter", "displayName": "Lazy Start Producer", "group": "producer (advanced)", "label": "producer,advanced", "required": false, "type": "boolean", "javaType": "boolean", "deprecated": false, "autowired": false, "secret": false, "defaultValue": false, "description": "Whether the producer should be started lazy (on the first message). By starting lazy you can use this to allow CamelContext and routes to startup in situations where a producer may otherwise fail during starting and cause the route to fail being started. By deferring this startup to be lazy then the startup failure can be handled during routing messages via Camel's routing error handlers. Beware that when the first message is processed then creating and starting the producer may take a little time and prolong the total processing time of the processing." },
    "disabledDeserializationFeatures": { "index": 7, "kind": "parameter", "displayName": "Disabled Deserialization Features", "group": "advanced", "label": "advanced", "required": false, "type": "string", "javaType": "java.lang.String", "deprecated": false, "autowired": false, "secret": false, "description": "Comma-separated list of Jackson DeserializationFeature enum values which will be disabled for parsing exchange body" },
    "enabledDeserializationFeatures": { "index": 8, "kind": "parameter", "displayName": "Enabled Deserialization Features", "group": "advanced", "label": "advanced", "required": false, "type": "string", "javaType": "java.lang.String", "deprecated": false, "autowired": false, "secret": false, "description": "Comma-separated list of Jackson DeserializationFeature enum values which will be enabled for parsing exchange body" },
    "errorHandler": { "index": 9, "kind": "parameter", "displayName": "Error Handler", "group": "advanced", "label": "advanced", "required": false, "type": "object", "javaType": "org.apache.camel.component.jsonvalidator.JsonValidatorErrorHandler", "deprecated": false, "autowired": false, "secret": false, "description": "To use a custom ValidatorErrorHandler. The default error handler captures the errors and throws an exception." },
    "objectMapper": { "index": 10, "kind": "parameter", "displayName": "Object Mapper", "group": "advanced", "label": "advanced", "required": false, "type": "object", "javaType": "com.fasterxml.jackson.databind.ObjectMapper", "deprecated": false, "autowired": false, "secret": false, "description": "The used Jackson object mapper" },
    "uriSchemaLoader": { "index": 11, "kind": "parameter", "displayName": "Uri Schema Loader", "group": "advanced", "label": "advanced", "required": false, "type": "object", "javaType": "org.apache.camel.component.jsonvalidator.JsonUriSchemaLoader", "deprecated": false, "autowired": false, "secret": false, "description": "To use a custom schema loader allowing for adding custom format validation. The default implementation will create a schema loader that tries to determine the schema version from the $schema property of the specified schema." }
  }
}
