{
  "component": {
    "kind": "component",
    "name": "kubernetes-services",
    "title": "Kubernetes Services",
    "description": "Perform operations on Kubernetes Services and get notified on Service changes.",
    "deprecated": false,
    "firstVersion": "2.17.0",
    "label": "container,cloud",
    "javaType": "org.apache.camel.component.kubernetes.services.KubernetesServicesComponent",
    "supportLevel": "Stable",
    "groupId": "org.apache.camel",
    "artifactId": "camel-kubernetes",
    "version": "4.17.0-SNAPSHOT",
    "scheme": "kubernetes-services",
    "extendsScheme": "",
    "syntax": "kubernetes-services:masterUrl",
    "async": false,
    "api": false,
    "consumerOnly": false,
    "producerOnly": false,
    "lenientProperties": false,
    "browsable": false,
    "remote": true
  },
  "componentProperties": {
    "kubernetesClient": { "index": 0, "kind": "property", "displayName": "Kubernetes Client", "group": "common", "label": "", "required": false, "type": "object", "javaType": "io.fabric8.kubernetes.client.KubernetesClient", "deprecated": false, "autowired": true, "secret": false, "description": "To use an existing kubernetes client." },
    "bridgeErrorHandler": { "index": 1, "kind": "property", "displayName": "Bridge Error Handler", "group": "consumer", "label": "consumer", "required": false, "type": "boolean", "javaType": "boolean", "deprecated": false, "autowired": false, "secret": false, "defaultValue": false, "description": "Allows for bridging the consumer to the Camel routing Error Handler, which mean any exceptions (if possible) occurred while the Camel consumer is trying to pickup incoming messages, or the likes, will now be processed as a message and handled by the routing Error Handler. Important: This is only possible if the 3rd party component allows Camel to be alerted if an exception was thrown. Some components handle this internally only, and therefore bridgeErrorHandler is not possible. In other situations we may improve the Camel component to hook into the 3rd party component and make this possible for future releases. By default the consumer will use the org.apache.camel.spi.ExceptionHandler to deal with exceptions, that will be logged at WARN or ERROR level and ignored." },
    "lazyStartProducer": { "index": 2, "kind": "property", "displayName": "Lazy Start Producer", "group": "producer", "label": "producer", "required": false, "type": "boolean", "javaType": "boolean", "deprecated": false, "autowired": false, "secret": false, "defaultValue": false, "description": "Whether the producer should be started lazy (on the first message). By starting lazy you can use this to allow CamelContext and routes to startup in situations where a producer may otherwise fail during starting and cause the route to fail being started. By deferring this startup to be lazy then the startup failure can be handled during routing messages via Camel's routing error handlers. Beware that when the first message is processed then creating and starting the producer may take a little time and prolong the total processing time of the processing." },
    "autowiredEnabled": { "index": 3, "kind": "property", "displayName": "Autowired Enabled", "group": "advanced", "label": "advanced", "required": false, "type": "boolean", "javaType": "boolean", "deprecated": false, "autowired": false, "secret": false, "defaultValue": true, "description": "Whether autowiring is enabled. This is used for automatic autowiring options (the option must be marked as autowired) by looking up in the registry to find if there is a single instance of matching type, which then gets configured on the component. This can be used for automatic configuring JDBC data sources, JMS connection factories, AWS Clients, etc." }
  },
  "headers": {
    "CamelKubernetesOperation": { "index": 0, "kind": "header", "displayName": "", "group": "producer", "label": "producer", "required": false, "javaType": "String", "deprecated": false, "deprecationNote": "", "autowired": false, "secret": false, "description": "The Producer operation", "constantName": "org.apache.camel.component.kubernetes.KubernetesConstants#KUBERNETES_OPERATION" },
    "CamelKubernetesNamespaceName": { "index": 1, "kind": "header", "displayName": "", "group": "producer", "label": "producer", "required": false, "javaType": "String", "deprecated": false, "deprecationNote": "", "autowired": false, "secret": false, "description": "The namespace name", "constantName": "org.apache.camel.component.kubernetes.KubernetesConstants#KUBERNETES_NAMESPACE_NAME" },
    "CamelKubernetesServiceLabels": { "index": 2, "kind": "header", "displayName": "", "group": "producer", "label": "producer", "required": false, "javaType": "Map<String, String>", "deprecated": false, "deprecationNote": "", "autowired": false, "secret": false, "description": "The service labels", "constantName": "org.apache.camel.component.kubernetes.KubernetesConstants#KUBERNETES_SERVICE_LABELS" },
    "CamelKubernetesServiceName": { "index": 3, "kind": "header", "displayName": "", "group": "producer", "label": "producer", "required": false, "javaType": "String", "deprecated": false, "deprecationNote": "", "autowired": false, "secret": false, "description": "The service name", "constantName": "org.apache.camel.component.kubernetes.KubernetesConstants#KUBERNETES_SERVICE_NAME" },
    "CamelKubernetesServiceSpec": { "index": 4, "kind": "header", "displayName": "", "group": "producer", "label": "producer", "required": false, "javaType": "io.fabric8.kubernetes.api.model.ServiceSpec", "deprecated": false, "deprecationNote": "", "autowired": false, "secret": false, "description": "The spec of a service", "constantName": "org.apache.camel.component.kubernetes.KubernetesConstants#KUBERNETES_SERVICE_SPEC" },
    "CamelKubernetesEventAction": { "index": 5, "kind": "header", "displayName": "", "group": "consumer", "label": "consumer", "required": false, "javaType": "io.fabric8.kubernetes.client.Watcher.Action", "enum": [ "ADDED", "MODIFIED", "DELETED", "ERROR", "BOOKMARK" ], "deprecated": false, "deprecationNote": "", "autowired": false, "secret": false, "description": "Action watched by the consumer", "constantName": "org.apache.camel.component.kubernetes.KubernetesConstants#KUBERNETES_EVENT_ACTION" },
    "CamelKubernetesEventTimestamp": { "index": 6, "kind": "header", "displayName": "", "group": "consumer", "label": "consumer", "required": false, "javaType": "long", "deprecated": false, "deprecationNote": "", "autowired": false, "secret": false, "description": "Timestamp of the action watched by the consumer", "constantName": "org.apache.camel.component.kubernetes.KubernetesConstants#KUBERNETES_EVENT_TIMESTAMP" }
  },
  "properties": {
    "masterUrl": { "index": 0, "kind": "path", "displayName": "Master Url", "group": "common", "label": "", "required": true, "type": "string", "javaType": "java.lang.String", "deprecated": false, "deprecationNote": "", "autowired": false, "secret": false, "configurationClass": "org.apache.camel.component.kubernetes.KubernetesConfiguration", "configurationField": "configuration", "description": "URL to a remote Kubernetes API server. This should only be used when your Camel application is connecting from outside Kubernetes. If you run your Camel application inside Kubernetes, then you can use local or client as the URL to tell Camel to run in local mode. If you connect remotely to Kubernetes, then you may also need some of the many other configuration options for secured connection with certificates, etc." },
    "apiVersion": { "index": 1, "kind": "parameter", "displayName": "Api Version", "group": "common", "label": "", "required": false, "type": "string", "javaType": "java.lang.String", "deprecated": false, "autowired": false, "secret": false, "configurationClass": "org.apache.camel.component.kubernetes.KubernetesConfiguration", "configurationField": "configuration", "description": "The Kubernetes API Version to use" },
    "dnsDomain": { "index": 2, "kind": "parameter", "displayName": "Dns Domain", "group": "common", "label": "", "required": false, "type": "string", "javaType": "java.lang.String", "deprecated": false, "autowired": false, "secret": false, "configurationClass": "org.apache.camel.component.kubernetes.KubernetesConfiguration", "configurationField": "configuration", "description": "The dns domain, used for ServiceCall EIP" },
    "kubernetesClient": { "index": 3, "kind": "parameter", "displayName": "Kubernetes Client", "group": "common", "label": "", "required": false, "type": "object", "javaType": "io.fabric8.kubernetes.client.KubernetesClient", "deprecated": false, "autowired": false, "secret": false, "configurationClass": "org.apache.camel.component.kubernetes.KubernetesConfiguration", "configurationField": "configuration", "description": "Default KubernetesClient to use if provided" },
    "namespace": { "index": 4, "kind": "parameter", "displayName": "Namespace", "group": "common", "label": "", "required": false, "type": "string", "javaType": "java.lang.String", "deprecated": false, "autowired": false, "secret": false, "configurationClass": "org.apache.camel.component.kubernetes.KubernetesConfiguration", "configurationField": "configuration", "description": "The namespace" },
    "portName": { "index": 5, "kind": "parameter", "displayName": "Port Name", "group": "common", "label": "", "required": false, "type": "string", "javaType": "java.lang.String", "deprecated": false, "autowired": false, "secret": false, "configurationClass": "org.apache.camel.component.kubernetes.KubernetesConfiguration", "configurationField": "configuration", "description": "The port name, used for ServiceCall EIP" },
    "portProtocol": { "index": 6, "kind": "parameter", "displayName": "Port Protocol", "group": "common", "label": "", "required": false, "type": "string", "javaType": "java.lang.String", "deprecated": false, "autowired": false, "secret": false, "defaultValue": "tcp", "configurationClass": "org.apache.camel.component.kubernetes.KubernetesConfiguration", "configurationField": "configuration", "description": "The port protocol, used for ServiceCall EIP" },
    "crdGroup": { "index": 7, "kind": "parameter", "displayName": "Crd Group", "group": "consumer", "label": "consumer", "required": false, "type": "string", "javaType": "java.lang.String", "deprecated": false, "autowired": false, "secret": false, "configurationClass": "org.apache.camel.component.kubernetes.KubernetesConfiguration", "configurationField": "configuration", "description": "The Consumer CRD Resource Group we would like to watch" },
    "crdName": { "index": 8, "kind": "parameter", "displayName": "Crd Name", "group": "consumer", "label": "consumer", "required": false, "type": "string", "javaType": "java.lang.String", "deprecated": false, "autowired": false, "secret": false, "configurationClass": "org.apache.camel.component.kubernetes.KubernetesConfiguration", "configurationField": "configuration", "description": "The Consumer CRD Resource name we would like to watch" },
    "crdPlural": { "index": 9, "kind": "parameter", "displayName": "Crd Plural", "group": "consumer", "label": "consumer", "required": false, "type": "string", "javaType": "java.lang.String", "deprecated": false, "autowired": false, "secret": false, "configurationClass": "org.apache.camel.component.kubernetes.KubernetesConfiguration", "configurationField": "configuration", "description": "The Consumer CRD Resource Plural we would like to watch" },
    "crdScope": { "index": 10, "kind": "parameter", "displayName": "Crd Scope", "group": "consumer", "label": "consumer", "required": false, "type": "string", "javaType": "java.lang.String", "deprecated": false, "autowired": false, "secret": false, "configurationClass": "org.apache.camel.component.kubernetes.KubernetesConfiguration", "configurationField": "configuration", "description": "The Consumer CRD Resource Scope we would like to watch" },
    "crdVersion": { "index": 11, "kind": "parameter", "displayName": "Crd Version", "group": "consumer", "label": "consumer", "required": false, "type": "string", "javaType": "java.lang.String", "deprecated": false, "autowired": false, "secret": false, "configurationClass": "org.apache.camel.component.kubernetes.KubernetesConfiguration", "configurationField": "configuration", "description": "The Consumer CRD Resource Version we would like to watch" },
    "labelKey": { "index": 12, "kind": "parameter", "displayName": "Label Key", "group": "consumer", "label": "consumer", "required": false, "type": "string", "javaType": "java.lang.String", "deprecated": false, "autowired": false, "secret": false, "configurationClass": "org.apache.camel.component.kubernetes.KubernetesConfiguration", "configurationField": "configuration", "description": "The Consumer Label key when watching at some resources" },
    "labelValue": { "index": 13, "kind": "parameter", "displayName": "Label Value", "group": "consumer", "label": "consumer", "required": false, "type": "string", "javaType": "java.lang.String", "deprecated": false, "autowired": false, "secret": false, "configurationClass": "org.apache.camel.component.kubernetes.KubernetesConfiguration", "configurationField": "configuration", "description": "The Consumer Label value when watching at some resources" },
    "poolSize": { "index": 14, "kind": "parameter", "displayName": "Pool Size", "group": "consumer", "label": "consumer", "required": false, "type": "integer", "javaType": "int", "deprecated": false, "autowired": false, "secret": false, "defaultValue": 1, "configurationClass": "org.apache.camel.component.kubernetes.KubernetesConfiguration", "configurationField": "configuration", "description": "The Consumer pool size" },
    "resourceName": { "index": 15, "kind": "parameter", "displayName": "Resource Name", "group": "consumer", "label": "consumer", "required": false, "type": "string", "javaType": "java.lang.String", "deprecated": false, "autowired": false, "secret": false, "configurationClass": "org.apache.camel.component.kubernetes.KubernetesConfiguration", "configurationField": "configuration", "description": "The Consumer Resource Name we would like to watch" },
    "bridgeErrorHandler": { "index": 16, "kind": "parameter", "displayName": "Bridge Error Handler", "group": "consumer (advanced)", "label": "consumer,advanced", "required": false, "type": "boolean", "javaType": "boolean", "deprecated": false, "autowired": false, "secret": false, "defaultValue": false, "description": "Allows for bridging the consumer to the Camel routing Error Handler, which mean any exceptions (if possible) occurred while the Camel consumer is trying to pickup incoming messages, or the likes, will now be processed as a message and handled by the routing Error Handler. Important: This is only possible if the 3rd party component allows Camel to be alerted if an exception was thrown. Some components handle this internally only, and therefore bridgeErrorHandler is not possible. In other situations we may improve the Camel component to hook into the 3rd party component and make this possible for future releases. By default the consumer will use the org.apache.camel.spi.ExceptionHandler to deal with exceptions, that will be logged at WARN or ERROR level and ignored." },
    "exceptionHandler": { "index": 17, "kind": "parameter", "displayName": "Exception Handler", "group": "consumer (advanced)", "label": "consumer,advanced", "required": false, "type": "object", "javaType": "org.apache.camel.spi.ExceptionHandler", "optionalPrefix": "consumer.", "deprecated": false, "autowired": false, "secret": false, "description": "To let the consumer use a custom ExceptionHandler. Notice if the option bridgeErrorHandler is enabled then this option is not in use. By default the consumer will deal with exceptions, that will be logged at WARN or ERROR level and ignored." },
    "exchangePattern": { "index": 18, "kind": "parameter", "displayName": "Exchange Pattern", "group": "consumer (advanced)", "label": "consumer,advanced", "required": false, "type": "enum", "javaType": "org.apache.camel.ExchangePattern", "enum": [ "InOnly", "InOut" ], "deprecated": false, "autowired": false, "secret": false, "description": "Sets the exchange pattern when the consumer creates an exchange." },
    "operation": { "index": 19, "kind": "parameter", "displayName": "Operation", "group": "producer", "label": "producer", "required": false, "type": "string", "javaType": "java.lang.String", "deprecated": false, "autowired": false, "secret": false, "configurationClass": "org.apache.camel.component.kubernetes.KubernetesConfiguration", "configurationField": "configuration", "description": "Producer operation to do on Kubernetes" },
    "lazyStartProducer": { "index": 20, "kind": "parameter", "displayName": "Lazy Start Producer", "group": "producer (advanced)", "label": "producer,advanced", "required": false, "type": "boolean", "javaType": "boolean", "deprecated": false, "autowired": false, "secret": false, "defaultValue": false, "description": "Whether the producer should be started lazy (on the first message). By starting lazy you can use this to allow CamelContext and routes to startup in situations where a producer may otherwise fail during starting and cause the route to fail being started. By deferring this startup to be lazy then the startup failure can be handled during routing messages via Camel's routing error handlers. Beware that when the first message is processed then creating and starting the producer may take a little time and prolong the total processing time of the processing." },
    "connectionTimeout": { "index": 21, "kind": "parameter", "displayName": "Connection Timeout", "group": "advanced", "label": "advanced", "required": false, "type": "integer", "javaType": "java.lang.Integer", "deprecated": false, "autowired": false, "secret": false, "configurationClass": "org.apache.camel.component.kubernetes.KubernetesConfiguration", "configurationField": "configuration", "description": "Connection timeout in milliseconds to use when making requests to the Kubernetes API server." },
    "caCertData": { "index": 22, "kind": "parameter", "displayName": "Ca Cert Data", "group": "security", "label": "security", "required": false, "type": "string", "javaType": "java.lang.String", "deprecated": false, "autowired": false, "secret": true, "configurationClass": "org.apache.camel.component.kubernetes.KubernetesConfiguration", "configurationField": "configuration", "description": "The CA Cert Data" },
    "caCertFile": { "index": 23, "kind": "parameter", "displayName": "Ca Cert File", "group": "security", "label": "security", "required": false, "type": "string", "javaType": "java.lang.String", "deprecated": false, "autowired": false, "secret": true, "configurationClass": "org.apache.camel.component.kubernetes.KubernetesConfiguration", "configurationField": "configuration", "description": "The CA Cert File" },
    "clientCertData": { "index": 24, "kind": "parameter", "displayName": "Client Cert Data", "group": "security", "label": "security", "required": false, "type": "string", "javaType": "java.lang.String", "deprecated": false, "autowired": false, "secret": true, "configurationClass": "org.apache.camel.component.kubernetes.KubernetesConfiguration", "configurationField": "configuration", "description": "The Client Cert Data" },
    "clientCertFile": { "index": 25, "kind": "parameter", "displayName": "Client Cert File", "group": "security", "label": "security", "required": false, "type": "string", "javaType": "java.lang.String", "deprecated": false, "autowired": false, "secret": true, "configurationClass": "org.apache.camel.component.kubernetes.KubernetesConfiguration", "configurationField": "configuration", "description": "The Client Cert File" },
    "clientKeyAlgo": { "index": 26, "kind": "parameter", "displayName": "Client Key Algo", "group": "security", "label": "security", "required": false, "type": "string", "javaType": "java.lang.String", "deprecated": false, "autowired": false, "secret": true, "configurationClass": "org.apache.camel.component.kubernetes.KubernetesConfiguration", "configurationField": "configuration", "description": "The Key Algorithm used by the client" },
    "clientKeyData": { "index": 27, "kind": "parameter", "displayName": "Client Key Data", "group": "security", "label": "security", "required": false, "type": "string", "javaType": "java.lang.String", "deprecated": false, "autowired": false, "secret": true, "configurationClass": "org.apache.camel.component.kubernetes.KubernetesConfiguration", "configurationField": "configuration", "description": "The Client Key data" },
    "clientKeyFile": { "index": 28, "kind": "parameter", "displayName": "Client Key File", "group": "security", "label": "security", "required": false, "type": "string", "javaType": "java.lang.String", "deprecated": false, "autowired": false, "secret": true, "configurationClass": "org.apache.camel.component.kubernetes.KubernetesConfiguration", "configurationField": "configuration", "description": "The Client Key file" },
    "clientKeyPassphrase": { "index": 29, "kind": "parameter", "displayName": "Client Key Passphrase", "group": "security", "label": "security", "required": false, "type": "string", "javaType": "java.lang.String", "deprecated": false, "autowired": false, "secret": true, "configurationClass": "org.apache.camel.component.kubernetes.KubernetesConfiguration", "configurationField": "configuration", "description": "The Client Key Passphrase" },
    "oauthToken": { "index": 30, "kind": "parameter", "displayName": "Oauth Token", "group": "security", "label": "security", "required": false, "type": "string", "javaType": "java.lang.String", "deprecated": false, "autowired": false, "secret": true, "configurationClass": "org.apache.camel.component.kubernetes.KubernetesConfiguration", "configurationField": "configuration", "description": "The Auth Token" },
    "password": { "index": 31, "kind": "parameter", "displayName": "Password", "group": "security", "label": "security", "required": false, "type": "string", "javaType": "java.lang.String", "deprecated": false, "autowired": false, "secret": true, "configurationClass": "org.apache.camel.component.kubernetes.KubernetesConfiguration", "configurationField": "configuration", "description": "Password to connect to Kubernetes" },
    "trustCerts": { "index": 32, "kind": "parameter", "displayName": "Trust Certs", "group": "security", "label": "security", "required": false, "type": "boolean", "javaType": "java.lang.Boolean", "deprecated": false, "autowired": false, "secret": true, "defaultValue": false, "configurationClass": "org.apache.camel.component.kubernetes.KubernetesConfiguration", "configurationField": "configuration", "description": "Define if the certs we used are trusted anyway or not" },
    "username": { "index": 33, "kind": "parameter", "displayName": "Username", "group": "security", "label": "security", "required": false, "type": "string", "javaType": "java.lang.String", "deprecated": false, "autowired": false, "secret": true, "configurationClass": "org.apache.camel.component.kubernetes.KubernetesConfiguration", "configurationField": "configuration", "description": "Username to connect to Kubernetes" }
  }
}
