{
  "component": {
    "kind": "component",
    "name": "langchain4j-chat",
    "title": "LangChain4j Chat",
    "description": "LangChain4j Chat component",
    "deprecated": false,
    "firstVersion": "4.5.0",
    "label": "ai",
    "javaType": "org.apache.camel.component.langchain4j.chat.LangChain4jChatComponent",
    "supportLevel": "Stable",
    "groupId": "org.apache.camel",
    "artifactId": "camel-langchain4j-chat",
    "version": "4.17.0-SNAPSHOT",
    "scheme": "langchain4j-chat",
    "extendsScheme": "",
    "syntax": "langchain4j-chat:chatId",
    "async": false,
    "api": false,
    "consumerOnly": false,
    "producerOnly": false,
    "lenientProperties": false,
    "browsable": false,
    "remote": true
  },
  "componentProperties": {
    "chatOperation": { "index": 0, "kind": "property", "displayName": "Chat Operation", "group": "common", "label": "", "required": true, "type": "enum", "javaType": "org.apache.camel.component.langchain4j.chat.LangChain4jChatOperations", "enum": [ "CHAT_SINGLE_MESSAGE", "CHAT_SINGLE_MESSAGE_WITH_PROMPT", "CHAT_MULTIPLE_MESSAGES" ], "deprecated": false, "deprecationNote": "", "autowired": false, "secret": false, "defaultValue": "CHAT_SINGLE_MESSAGE", "configurationClass": "org.apache.camel.component.langchain4j.chat.LangChain4jChatConfiguration", "configurationField": "configuration", "description": "Operation in case of Endpoint of type CHAT. The value is one of the values of org.apache.camel.component.langchain4j.chat.LangChain4jChatOperations" },
    "configuration": { "index": 1, "kind": "property", "displayName": "Configuration", "group": "common", "label": "", "required": false, "type": "object", "javaType": "org.apache.camel.component.langchain4j.chat.LangChain4jChatConfiguration", "deprecated": false, "autowired": false, "secret": false, "description": "The configuration." },
    "bridgeErrorHandler": { "index": 2, "kind": "property", "displayName": "Bridge Error Handler", "group": "consumer", "label": "consumer", "required": false, "type": "boolean", "javaType": "boolean", "deprecated": false, "autowired": false, "secret": false, "defaultValue": false, "description": "Allows for bridging the consumer to the Camel routing Error Handler, which mean any exceptions (if possible) occurred while the Camel consumer is trying to pickup incoming messages, or the likes, will now be processed as a message and handled by the routing Error Handler. Important: This is only possible if the 3rd party component allows Camel to be alerted if an exception was thrown. Some components handle this internally only, and therefore bridgeErrorHandler is not possible. In other situations we may improve the Camel component to hook into the 3rd party component and make this possible for future releases. By default the consumer will use the org.apache.camel.spi.ExceptionHandler to deal with exceptions, that will be logged at WARN or ERROR level and ignored." },
    "lazyStartProducer": { "index": 3, "kind": "property", "displayName": "Lazy Start Producer", "group": "producer", "label": "producer", "required": false, "type": "boolean", "javaType": "boolean", "deprecated": false, "autowired": false, "secret": false, "defaultValue": false, "description": "Whether the producer should be started lazy (on the first message). By starting lazy you can use this to allow CamelContext and routes to startup in situations where a producer may otherwise fail during starting and cause the route to fail being started. By deferring this startup to be lazy then the startup failure can be handled during routing messages via Camel's routing error handlers. Beware that when the first message is processed then creating and starting the producer may take a little time and prolong the total processing time of the processing." },
    "autowiredEnabled": { "index": 4, "kind": "property", "displayName": "Autowired Enabled", "group": "advanced", "label": "advanced", "required": false, "type": "boolean", "javaType": "boolean", "deprecated": false, "autowired": false, "secret": false, "defaultValue": true, "description": "Whether autowiring is enabled. This is used for automatic autowiring options (the option must be marked as autowired) by looking up in the registry to find if there is a single instance of matching type, which then gets configured on the component. This can be used for automatic configuring JDBC data sources, JMS connection factories, AWS Clients, etc." },
    "chatModel": { "index": 5, "kind": "property", "displayName": "Chat Model", "group": "advanced", "label": "advanced", "required": false, "type": "object", "javaType": "dev.langchain4j.model.chat.ChatModel", "deprecated": false, "deprecationNote": "", "autowired": true, "secret": false, "configurationClass": "org.apache.camel.component.langchain4j.chat.LangChain4jChatConfiguration", "configurationField": "configuration", "description": "Chat Model of type dev.langchain4j.model.chat.ChatModel" }
  },
  "headers": {
    "CamelLangChain4jChatPromptTemplate": { "index": 0, "kind": "header", "displayName": "", "group": "common", "label": "", "required": false, "javaType": "String", "deprecated": false, "deprecationNote": "", "autowired": false, "secret": false, "description": "The prompt Template.", "constantName": "org.apache.camel.component.langchain4j.chat.LangChain4jChatHeaders#PROMPT_TEMPLATE" },
    "CamelLangChain4jChatAugmentedData": { "index": 1, "kind": "header", "displayName": "", "group": "common", "label": "", "required": false, "javaType": "String", "deprecated": false, "deprecationNote": "", "autowired": false, "secret": false, "description": "Augmented Data for RAG", "constantName": "org.apache.camel.component.langchain4j.chat.LangChain4jChatHeaders#AUGMENTED_DATA" }
  },
  "properties": {
    "chatId": { "index": 0, "kind": "path", "displayName": "Chat Id", "group": "common", "label": "", "required": true, "type": "string", "javaType": "java.lang.String", "deprecated": false, "deprecationNote": "", "autowired": false, "secret": false, "description": "The id" },
    "chatOperation": { "index": 1, "kind": "parameter", "displayName": "Chat Operation", "group": "common", "label": "", "required": true, "type": "enum", "javaType": "org.apache.camel.component.langchain4j.chat.LangChain4jChatOperations", "enum": [ "CHAT_SINGLE_MESSAGE", "CHAT_SINGLE_MESSAGE_WITH_PROMPT", "CHAT_MULTIPLE_MESSAGES" ], "deprecated": false, "deprecationNote": "", "autowired": false, "secret": false, "defaultValue": "CHAT_SINGLE_MESSAGE", "configurationClass": "org.apache.camel.component.langchain4j.chat.LangChain4jChatConfiguration", "configurationField": "configuration", "description": "Operation in case of Endpoint of type CHAT. The value is one of the values of org.apache.camel.component.langchain4j.chat.LangChain4jChatOperations" },
    "bridgeErrorHandler": { "index": 2, "kind": "parameter", "displayName": "Bridge Error Handler", "group": "consumer (advanced)", "label": "consumer,advanced", "required": false, "type": "boolean", "javaType": "boolean", "deprecated": false, "autowired": false, "secret": false, "defaultValue": false, "description": "Allows for bridging the consumer to the Camel routing Error Handler, which mean any exceptions (if possible) occurred while the Camel consumer is trying to pickup incoming messages, or the likes, will now be processed as a message and handled by the routing Error Handler. Important: This is only possible if the 3rd party component allows Camel to be alerted if an exception was thrown. Some components handle this internally only, and therefore bridgeErrorHandler is not possible. In other situations we may improve the Camel component to hook into the 3rd party component and make this possible for future releases. By default the consumer will use the org.apache.camel.spi.ExceptionHandler to deal with exceptions, that will be logged at WARN or ERROR level and ignored." },
    "exceptionHandler": { "index": 3, "kind": "parameter", "displayName": "Exception Handler", "group": "consumer (advanced)", "label": "consumer,advanced", "required": false, "type": "object", "javaType": "org.apache.camel.spi.ExceptionHandler", "optionalPrefix": "consumer.", "deprecated": false, "autowired": false, "secret": false, "description": "To let the consumer use a custom ExceptionHandler. Notice if the option bridgeErrorHandler is enabled then this option is not in use. By default the consumer will deal with exceptions, that will be logged at WARN or ERROR level and ignored." },
    "exchangePattern": { "index": 4, "kind": "parameter", "displayName": "Exchange Pattern", "group": "consumer (advanced)", "label": "consumer,advanced", "required": false, "type": "enum", "javaType": "org.apache.camel.ExchangePattern", "enum": [ "InOnly", "InOut" ], "deprecated": false, "autowired": false, "secret": false, "description": "Sets the exchange pattern when the consumer creates an exchange." },
    "lazyStartProducer": { "index": 5, "kind": "parameter", "displayName": "Lazy Start Producer", "group": "producer (advanced)", "label": "producer,advanced", "required": false, "type": "boolean", "javaType": "boolean", "deprecated": false, "autowired": false, "secret": false, "defaultValue": false, "description": "Whether the producer should be started lazy (on the first message). By starting lazy you can use this to allow CamelContext and routes to startup in situations where a producer may otherwise fail during starting and cause the route to fail being started. By deferring this startup to be lazy then the startup failure can be handled during routing messages via Camel's routing error handlers. Beware that when the first message is processed then creating and starting the producer may take a little time and prolong the total processing time of the processing." },
    "chatModel": { "index": 6, "kind": "parameter", "displayName": "Chat Model", "group": "advanced", "label": "advanced", "required": false, "type": "object", "javaType": "dev.langchain4j.model.chat.ChatModel", "deprecated": false, "deprecationNote": "", "autowired": true, "secret": false, "configurationClass": "org.apache.camel.component.langchain4j.chat.LangChain4jChatConfiguration", "configurationField": "configuration", "description": "Chat Model of type dev.langchain4j.model.chat.ChatModel" }
  }
}
