{
  "component": {
    "kind": "component",
    "name": "ldap",
    "title": "LDAP",
    "description": "Perform searches on LDAP servers.",
    "deprecated": false,
    "firstVersion": "1.5.0",
    "label": "database,security",
    "javaType": "org.apache.camel.component.ldap.LdapComponent",
    "supportLevel": "Stable",
    "groupId": "org.apache.camel",
    "artifactId": "camel-ldap",
    "version": "4.18.0-SNAPSHOT",
    "scheme": "ldap",
    "extendsScheme": "",
    "syntax": "ldap:dirContextName",
    "async": false,
    "api": false,
    "consumerOnly": false,
    "producerOnly": true,
    "lenientProperties": false,
    "browsable": false,
    "remote": true
  },
  "componentProperties": {
    "lazyStartProducer": { "index": 0, "kind": "property", "displayName": "Lazy Start Producer", "group": "producer", "label": "producer", "required": false, "type": "boolean", "javaType": "boolean", "deprecated": false, "autowired": false, "secret": false, "defaultValue": false, "description": "Whether the producer should be started lazy (on the first message). By starting lazy you can use this to allow CamelContext and routes to startup in situations where a producer may otherwise fail during starting and cause the route to fail being started. By deferring this startup to be lazy then the startup failure can be handled during routing messages via Camel's routing error handlers. Beware that when the first message is processed then creating and starting the producer may take a little time and prolong the total processing time of the processing." },
    "autowiredEnabled": { "index": 1, "kind": "property", "displayName": "Autowired Enabled", "group": "advanced", "label": "advanced", "required": false, "type": "boolean", "javaType": "boolean", "deprecated": false, "autowired": false, "secret": false, "defaultValue": true, "description": "Whether autowiring is enabled. This is used for automatic autowiring options (the option must be marked as autowired) by looking up in the registry to find if there is a single instance of matching type, which then gets configured on the component. This can be used for automatic configuring JDBC data sources, JMS connection factories, AWS Clients, etc." }
  },
  "properties": {
    "dirContextName": { "index": 0, "kind": "path", "displayName": "Dir Context Name", "group": "producer", "label": "", "required": true, "type": "string", "javaType": "java.lang.String", "deprecated": false, "deprecationNote": "", "autowired": false, "secret": false, "description": "Name of either a javax.naming.directory.DirContext, or java.util.Hashtable, or Map bean to lookup in the registry. If the bean is either a Hashtable or Map then a new javax.naming.directory.DirContext instance is created for each use. If the bean is a javax.naming.directory.DirContext then the bean is used as given. The latter may not be possible in all situations where the javax.naming.directory.DirContext must not be shared, and in those situations it can be better to use java.util.Hashtable or Map instead." },
    "base": { "index": 1, "kind": "parameter", "displayName": "Base", "group": "producer", "label": "", "required": false, "type": "string", "javaType": "java.lang.String", "deprecated": false, "autowired": false, "secret": false, "defaultValue": "ou=system", "description": "The base DN for searches." },
    "pageSize": { "index": 2, "kind": "parameter", "displayName": "Page Size", "group": "producer", "label": "", "required": false, "type": "integer", "javaType": "java.lang.Integer", "deprecated": false, "autowired": false, "secret": false, "description": "When specified the ldap module uses paging to retrieve all results (most LDAP Servers throw an exception when trying to retrieve more than 1000 entries in one query). To be able to use this a LdapContext (subclass of DirContext) has to be passed in as ldapServerBean (otherwise an exception is thrown)" },
    "returnedAttributes": { "index": 3, "kind": "parameter", "displayName": "Returned Attributes", "group": "producer", "label": "", "required": false, "type": "string", "javaType": "java.lang.String", "deprecated": false, "autowired": false, "secret": false, "description": "Comma-separated list of attributes that should be set in each entry of the result" },
    "scope": { "index": 4, "kind": "parameter", "displayName": "Scope", "group": "producer", "label": "", "required": false, "type": "enum", "javaType": "java.lang.String", "enum": [ "object", "onelevel", "subtree" ], "deprecated": false, "autowired": false, "secret": false, "defaultValue": "subtree", "description": "Specifies how deeply to search the tree of entries, starting at the base DN." },
    "lazyStartProducer": { "index": 5, "kind": "parameter", "displayName": "Lazy Start Producer", "group": "producer (advanced)", "label": "producer,advanced", "required": false, "type": "boolean", "javaType": "boolean", "deprecated": false, "autowired": false, "secret": false, "defaultValue": false, "description": "Whether the producer should be started lazy (on the first message). By starting lazy you can use this to allow CamelContext and routes to startup in situations where a producer may otherwise fail during starting and cause the route to fail being started. By deferring this startup to be lazy then the startup failure can be handled during routing messages via Camel's routing error handlers. Beware that when the first message is processed then creating and starting the producer may take a little time and prolong the total processing time of the processing." }
  }
}
