{
  "component": {
    "kind": "component",
    "name": "micrometer",
    "title": "Micrometer",
    "description": "Collect various metrics directly from Camel routes using the Micrometer library.",
    "deprecated": false,
    "firstVersion": "2.22.0",
    "label": "monitoring",
    "javaType": "org.apache.camel.component.micrometer.MicrometerComponent",
    "supportLevel": "Stable",
    "groupId": "org.apache.camel",
    "artifactId": "camel-micrometer",
    "version": "4.17.0-SNAPSHOT",
    "scheme": "micrometer",
    "extendsScheme": "",
    "syntax": "micrometer:metricsType:metricsName",
    "async": false,
    "api": false,
    "consumerOnly": false,
    "producerOnly": true,
    "lenientProperties": false,
    "browsable": false,
    "remote": false
  },
  "componentProperties": {
    "lazyStartProducer": { "index": 0, "kind": "property", "displayName": "Lazy Start Producer", "group": "producer", "label": "producer", "required": false, "type": "boolean", "javaType": "boolean", "deprecated": false, "autowired": false, "secret": false, "defaultValue": false, "description": "Whether the producer should be started lazy (on the first message). By starting lazy you can use this to allow CamelContext and routes to startup in situations where a producer may otherwise fail during starting and cause the route to fail being started. By deferring this startup to be lazy then the startup failure can be handled during routing messages via Camel's routing error handlers. Beware that when the first message is processed then creating and starting the producer may take a little time and prolong the total processing time of the processing." },
    "autowiredEnabled": { "index": 1, "kind": "property", "displayName": "Autowired Enabled", "group": "advanced", "label": "advanced", "required": false, "type": "boolean", "javaType": "boolean", "deprecated": false, "autowired": false, "secret": false, "defaultValue": true, "description": "Whether autowiring is enabled. This is used for automatic autowiring options (the option must be marked as autowired) by looking up in the registry to find if there is a single instance of matching type, which then gets configured on the component. This can be used for automatic configuring JDBC data sources, JMS connection factories, AWS Clients, etc." },
    "metricsRegistry": { "index": 2, "kind": "property", "displayName": "Metrics Registry", "group": "advanced", "label": "advanced", "required": false, "type": "object", "javaType": "io.micrometer.core.instrument.MeterRegistry", "deprecated": false, "autowired": false, "secret": false, "description": "To use a custom configured MetricRegistry." }
  },
  "headers": {
    "CamelMetricsTimerAction": { "index": 0, "kind": "header", "displayName": "", "group": "producer", "label": "", "required": false, "javaType": "org.apache.camel.component.micrometer.MicrometerTimerAction", "enum": [ "start", "stop" ], "deprecated": false, "deprecationNote": "", "autowired": false, "secret": false, "description": "Override timer action in URI", "constantName": "org.apache.camel.component.micrometer.MicrometerConstants#HEADER_TIMER_ACTION" },
    "CamelMetricsHistogramValue": { "index": 1, "kind": "header", "displayName": "", "group": "producer", "label": "", "required": false, "javaType": "long", "deprecated": false, "deprecationNote": "", "autowired": false, "secret": false, "description": "Override histogram value in URI", "constantName": "org.apache.camel.component.micrometer.MicrometerConstants#HEADER_HISTOGRAM_VALUE" },
    "CamelMetricsCounterDecrement": { "index": 2, "kind": "header", "displayName": "", "group": "producer", "label": "", "required": false, "javaType": "Double", "deprecated": false, "deprecationNote": "", "autowired": false, "secret": false, "description": "Override decrement value in URI", "constantName": "org.apache.camel.component.micrometer.MicrometerConstants#HEADER_COUNTER_DECREMENT" },
    "CamelMetricsCounterIncrement": { "index": 3, "kind": "header", "displayName": "", "group": "producer", "label": "", "required": false, "javaType": "Double", "deprecated": false, "deprecationNote": "", "autowired": false, "secret": false, "description": "Override increment value in URI", "constantName": "org.apache.camel.component.micrometer.MicrometerConstants#HEADER_COUNTER_INCREMENT" },
    "CamelMetricsName": { "index": 4, "kind": "header", "displayName": "", "group": "producer", "label": "", "required": false, "javaType": "String", "deprecated": false, "deprecationNote": "", "autowired": false, "secret": false, "description": "Override name value in URI", "constantName": "org.apache.camel.component.micrometer.MicrometerConstants#HEADER_METRIC_NAME" },
    "CamelMetricsDescription": { "index": 5, "kind": "header", "displayName": "", "group": "producer", "label": "", "required": false, "javaType": "String", "deprecated": false, "deprecationNote": "", "autowired": false, "secret": false, "description": "Override description value in URI", "constantName": "org.apache.camel.component.micrometer.MicrometerConstants#HEADER_METRIC_DESCRIPTION" },
    "CamelMetricsTags": { "index": 6, "kind": "header", "displayName": "", "group": "producer", "label": "", "required": false, "javaType": "java.lang.Iterable<Tag>", "deprecated": false, "deprecationNote": "", "autowired": false, "secret": false, "description": "To augment meter tags defined as URI parameters", "constantName": "org.apache.camel.component.micrometer.MicrometerConstants#HEADER_METRIC_TAGS" }
  },
  "properties": {
    "metricsType": { "index": 0, "kind": "path", "displayName": "Metrics Type", "group": "producer", "label": "", "required": true, "type": "enum", "javaType": "io.micrometer.core.instrument.Meter.Type", "enum": [ "counter", "summary", "timer" ], "deprecated": false, "deprecationNote": "", "autowired": false, "secret": false, "description": "Type of metrics" },
    "metricsName": { "index": 1, "kind": "path", "displayName": "Metrics Name", "group": "producer", "label": "", "required": true, "type": "string", "javaType": "java.lang.String", "deprecated": false, "deprecationNote": "", "autowired": false, "secret": false, "description": "Name of metrics" },
    "action": { "index": 2, "kind": "parameter", "displayName": "Action", "group": "producer", "label": "", "required": false, "type": "enum", "javaType": "java.lang.String", "enum": [ "start", "stop" ], "deprecated": false, "autowired": false, "secret": false, "description": "Action expression when using timer type" },
    "decrement": { "index": 3, "kind": "parameter", "displayName": "Decrement", "group": "producer", "label": "", "required": false, "type": "string", "javaType": "java.lang.String", "deprecated": false, "autowired": false, "secret": false, "description": "Decrement value expression when using counter type" },
    "increment": { "index": 4, "kind": "parameter", "displayName": "Increment", "group": "producer", "label": "", "required": false, "type": "string", "javaType": "java.lang.String", "deprecated": false, "autowired": false, "secret": false, "description": "Increment value expression when using counter type" },
    "metricsDescription": { "index": 5, "kind": "parameter", "displayName": "Metrics Description", "group": "producer", "label": "", "required": false, "type": "string", "javaType": "java.lang.String", "deprecated": false, "autowired": false, "secret": false, "description": "Description of metrics" },
    "tags": { "index": 6, "kind": "parameter", "displayName": "Tags", "group": "producer", "label": "", "required": false, "type": "object", "javaType": "java.util.Map<java.lang.String, java.lang.String>", "prefix": "tags.", "multiValue": true, "deprecated": false, "autowired": false, "secret": false, "description": "Tags of metrics. This is a multi-value option with prefix: tags." },
    "value": { "index": 7, "kind": "parameter", "displayName": "Value", "group": "producer", "label": "", "required": false, "type": "string", "javaType": "java.lang.String", "deprecated": false, "autowired": false, "secret": false, "description": "Value expression when using histogram type" },
    "lazyStartProducer": { "index": 8, "kind": "parameter", "displayName": "Lazy Start Producer", "group": "producer (advanced)", "label": "producer,advanced", "required": false, "type": "boolean", "javaType": "boolean", "deprecated": false, "autowired": false, "secret": false, "defaultValue": false, "description": "Whether the producer should be started lazy (on the first message). By starting lazy you can use this to allow CamelContext and routes to startup in situations where a producer may otherwise fail during starting and cause the route to fail being started. By deferring this startup to be lazy then the startup failure can be handled during routing messages via Camel's routing error handlers. Beware that when the first message is processed then creating and starting the producer may take a little time and prolong the total processing time of the processing." }
  }
}
