{
  "component": {
    "kind": "component",
    "name": "milo-server",
    "title": "OPC UA Server",
    "description": "Make telemetry data available as an OPC UA server.",
    "deprecated": false,
    "firstVersion": "2.19.0",
    "label": "iot",
    "javaType": "org.apache.camel.component.milo.server.MiloServerComponent",
    "supportLevel": "Stable",
    "groupId": "org.apache.camel",
    "artifactId": "camel-milo",
    "version": "4.18.0-SNAPSHOT",
    "scheme": "milo-server",
    "extendsScheme": "",
    "syntax": "milo-server:itemId",
    "async": false,
    "api": false,
    "consumerOnly": false,
    "producerOnly": false,
    "lenientProperties": false,
    "browsable": false,
    "remote": true
  },
  "componentProperties": {
    "applicationName": { "index": 0, "kind": "property", "displayName": "Application Name", "group": "common", "label": "", "required": false, "type": "string", "javaType": "java.lang.String", "deprecated": false, "autowired": false, "secret": false, "description": "The application name" },
    "applicationUri": { "index": 1, "kind": "property", "displayName": "Application Uri", "group": "common", "label": "", "required": false, "type": "string", "javaType": "java.lang.String", "deprecated": false, "autowired": false, "secret": false, "description": "The application URI" },
    "bindAddresses": { "index": 2, "kind": "property", "displayName": "Bind Addresses", "group": "common", "label": "", "required": false, "type": "string", "javaType": "java.lang.String", "deprecated": false, "autowired": false, "secret": false, "description": "Set the addresses of the local addresses the server should bind to" },
    "buildInfo": { "index": 3, "kind": "property", "displayName": "Build Info", "group": "common", "label": "", "required": false, "type": "object", "javaType": "org.eclipse.milo.opcua.stack.core.types.structured.BuildInfo", "deprecated": false, "autowired": false, "secret": false, "description": "Server build info" },
    "namespaceUri": { "index": 4, "kind": "property", "displayName": "Namespace Uri", "group": "common", "label": "", "required": false, "type": "string", "javaType": "java.lang.String", "deprecated": false, "autowired": false, "secret": false, "defaultValue": "urn:org:apache:camel", "description": "The URI of the namespace, defaults to urn:org:apache:camel" },
    "path": { "index": 5, "kind": "property", "displayName": "Path", "group": "common", "label": "", "required": false, "type": "string", "javaType": "java.lang.String", "deprecated": false, "autowired": false, "secret": false, "description": "The path to be appended to the end of the endpoint url. (doesn't need to start with '\/')" },
    "port": { "index": 6, "kind": "property", "displayName": "Port", "group": "common", "label": "", "required": false, "type": "integer", "javaType": "int", "deprecated": false, "autowired": false, "secret": false, "description": "The TCP port the server binds to" },
    "productUri": { "index": 7, "kind": "property", "displayName": "Product Uri", "group": "common", "label": "", "required": false, "type": "string", "javaType": "java.lang.String", "deprecated": false, "autowired": false, "secret": false, "description": "The product URI" },
    "bridgeErrorHandler": { "index": 8, "kind": "property", "displayName": "Bridge Error Handler", "group": "consumer", "label": "consumer", "required": false, "type": "boolean", "javaType": "boolean", "deprecated": false, "autowired": false, "secret": false, "defaultValue": false, "description": "Allows for bridging the consumer to the Camel routing Error Handler, which mean any exceptions (if possible) occurred while the Camel consumer is trying to pickup incoming messages, or the likes, will now be processed as a message and handled by the routing Error Handler. Important: This is only possible if the 3rd party component allows Camel to be alerted if an exception was thrown. Some components handle this internally only, and therefore bridgeErrorHandler is not possible. In other situations we may improve the Camel component to hook into the 3rd party component and make this possible for future releases. By default the consumer will use the org.apache.camel.spi.ExceptionHandler to deal with exceptions, that will be logged at WARN or ERROR level and ignored." },
    "lazyStartProducer": { "index": 9, "kind": "property", "displayName": "Lazy Start Producer", "group": "producer", "label": "producer", "required": false, "type": "boolean", "javaType": "boolean", "deprecated": false, "autowired": false, "secret": false, "defaultValue": false, "description": "Whether the producer should be started lazy (on the first message). By starting lazy you can use this to allow CamelContext and routes to startup in situations where a producer may otherwise fail during starting and cause the route to fail being started. By deferring this startup to be lazy then the startup failure can be handled during routing messages via Camel's routing error handlers. Beware that when the first message is processed then creating and starting the producer may take a little time and prolong the total processing time of the processing." },
    "autowiredEnabled": { "index": 10, "kind": "property", "displayName": "Autowired Enabled", "group": "advanced", "label": "advanced", "required": false, "type": "boolean", "javaType": "boolean", "deprecated": false, "autowired": false, "secret": false, "defaultValue": true, "description": "Whether autowiring is enabled. This is used for automatic autowiring options (the option must be marked as autowired) by looking up in the registry to find if there is a single instance of matching type, which then gets configured on the component. This can be used for automatic configuring JDBC data sources, JMS connection factories, AWS Clients, etc." },
    "certificate": { "index": 11, "kind": "property", "displayName": "Certificate", "group": "security", "label": "security", "required": false, "type": "object", "javaType": "java.security.cert.X509Certificate", "deprecated": false, "autowired": false, "secret": false, "description": "Server certificate" },
    "certificateManager": { "index": 12, "kind": "property", "displayName": "Certificate Manager", "group": "security", "label": "security", "required": false, "type": "object", "javaType": "org.eclipse.milo.opcua.stack.core.security.CertificateManager", "deprecated": false, "autowired": false, "secret": false, "description": "Server certificate manager" },
    "certificateValidator": { "index": 13, "kind": "property", "displayName": "Certificate Validator", "group": "security", "label": "security", "required": false, "type": "object", "javaType": "org.eclipse.milo.opcua.stack.core.security.CertificateValidator", "deprecated": false, "autowired": false, "secret": false, "description": "Validator for client certificates" },
    "defaultCertificateValidator": { "index": 14, "kind": "property", "displayName": "Default Certificate Validator", "group": "security", "label": "security", "required": false, "type": "string", "javaType": "java.lang.String", "deprecated": false, "autowired": false, "secret": false, "description": "Validator for client certificates using default file based approach" },
    "enableAnonymousAuthentication": { "index": 15, "kind": "property", "displayName": "Enable Anonymous Authentication", "group": "security", "label": "security", "required": false, "type": "boolean", "javaType": "boolean", "deprecated": false, "autowired": false, "secret": false, "defaultValue": false, "description": "Enable anonymous authentication, disabled by default" },
    "securityPolicies": { "index": 16, "kind": "property", "displayName": "Security Policies", "group": "security", "label": "security", "required": false, "type": "object", "javaType": "java.util.Set<org.eclipse.milo.opcua.stack.core.security.SecurityPolicy>", "deprecated": false, "autowired": false, "secret": false, "description": "Security policies" },
    "securityPoliciesById": { "index": 17, "kind": "property", "displayName": "Security Policies By Id", "group": "security", "label": "security", "required": false, "type": "string", "javaType": "java.lang.String", "deprecated": false, "autowired": false, "secret": false, "description": "Security policies by URI or name. Multiple policies can be separated by comma." },
    "userAuthenticationCredentials": { "index": 18, "kind": "property", "displayName": "User Authentication Credentials", "group": "security", "label": "security", "required": false, "type": "string", "javaType": "java.lang.String", "deprecated": false, "autowired": false, "secret": true, "description": "Set user password combinations in the form of user1:pwd1,user2:pwd2 Usernames and passwords will be URL decoded" },
    "usernameSecurityPolicyUri": { "index": 19, "kind": "property", "displayName": "Username Security Policy Uri", "group": "security", "label": "security", "required": false, "type": "enum", "javaType": "org.eclipse.milo.opcua.stack.core.security.SecurityPolicy", "enum": [ "None", "Basic128Rsa15", "Basic256", "Basic256Sha256", "Aes128_Sha256_RsaOaep", "Aes256_Sha256_RsaPss" ], "deprecated": false, "autowired": false, "secret": false, "description": "Set the UserTokenPolicy used when" }
  },
  "properties": {
    "itemId": { "index": 0, "kind": "path", "displayName": "Item Id", "group": "common", "label": "", "required": true, "type": "string", "javaType": "java.lang.String", "deprecated": false, "deprecationNote": "", "autowired": false, "secret": false, "description": "ID of the item" },
    "bridgeErrorHandler": { "index": 1, "kind": "parameter", "displayName": "Bridge Error Handler", "group": "consumer (advanced)", "label": "consumer,advanced", "required": false, "type": "boolean", "javaType": "boolean", "deprecated": false, "autowired": false, "secret": false, "defaultValue": false, "description": "Allows for bridging the consumer to the Camel routing Error Handler, which mean any exceptions (if possible) occurred while the Camel consumer is trying to pickup incoming messages, or the likes, will now be processed as a message and handled by the routing Error Handler. Important: This is only possible if the 3rd party component allows Camel to be alerted if an exception was thrown. Some components handle this internally only, and therefore bridgeErrorHandler is not possible. In other situations we may improve the Camel component to hook into the 3rd party component and make this possible for future releases. By default the consumer will use the org.apache.camel.spi.ExceptionHandler to deal with exceptions, that will be logged at WARN or ERROR level and ignored." },
    "exceptionHandler": { "index": 2, "kind": "parameter", "displayName": "Exception Handler", "group": "consumer (advanced)", "label": "consumer,advanced", "required": false, "type": "object", "javaType": "org.apache.camel.spi.ExceptionHandler", "optionalPrefix": "consumer.", "deprecated": false, "autowired": false, "secret": false, "description": "To let the consumer use a custom ExceptionHandler. Notice if the option bridgeErrorHandler is enabled then this option is not in use. By default the consumer will deal with exceptions, that will be logged at WARN or ERROR level and ignored." },
    "exchangePattern": { "index": 3, "kind": "parameter", "displayName": "Exchange Pattern", "group": "consumer (advanced)", "label": "consumer,advanced", "required": false, "type": "enum", "javaType": "org.apache.camel.ExchangePattern", "enum": [ "InOnly", "InOut" ], "deprecated": false, "autowired": false, "secret": false, "description": "Sets the exchange pattern when the consumer creates an exchange." },
    "lazyStartProducer": { "index": 4, "kind": "parameter", "displayName": "Lazy Start Producer", "group": "producer (advanced)", "label": "producer,advanced", "required": false, "type": "boolean", "javaType": "boolean", "deprecated": false, "autowired": false, "secret": false, "defaultValue": false, "description": "Whether the producer should be started lazy (on the first message). By starting lazy you can use this to allow CamelContext and routes to startup in situations where a producer may otherwise fail during starting and cause the route to fail being started. By deferring this startup to be lazy then the startup failure can be handled during routing messages via Camel's routing error handlers. Beware that when the first message is processed then creating and starting the producer may take a little time and prolong the total processing time of the processing." }
  }
}
