{
  "component": {
    "kind": "component",
    "name": "nats",
    "title": "Nats",
    "description": "Send and receive messages from NATS messaging system.",
    "deprecated": false,
    "firstVersion": "2.17.0",
    "label": "messaging",
    "javaType": "org.apache.camel.component.nats.NatsComponent",
    "supportLevel": "Stable",
    "groupId": "org.apache.camel",
    "artifactId": "camel-nats",
    "version": "4.17.0-SNAPSHOT",
    "scheme": "nats",
    "extendsScheme": "",
    "syntax": "nats:topic",
    "async": false,
    "api": false,
    "consumerOnly": false,
    "producerOnly": false,
    "lenientProperties": false,
    "browsable": false,
    "remote": true
  },
  "componentProperties": {
    "servers": { "index": 0, "kind": "property", "displayName": "Servers", "group": "common", "label": "", "required": false, "type": "string", "javaType": "java.lang.String", "deprecated": false, "autowired": false, "secret": false, "description": "URLs to one or more NAT servers. Use comma to separate URLs when specifying multiple servers." },
    "verbose": { "index": 1, "kind": "property", "displayName": "Verbose", "group": "common", "label": "", "required": false, "type": "boolean", "javaType": "boolean", "deprecated": false, "autowired": false, "secret": false, "defaultValue": false, "description": "Whether or not running in verbose mode" },
    "bridgeErrorHandler": { "index": 2, "kind": "property", "displayName": "Bridge Error Handler", "group": "consumer", "label": "consumer", "required": false, "type": "boolean", "javaType": "boolean", "deprecated": false, "autowired": false, "secret": false, "defaultValue": false, "description": "Allows for bridging the consumer to the Camel routing Error Handler, which mean any exceptions (if possible) occurred while the Camel consumer is trying to pickup incoming messages, or the likes, will now be processed as a message and handled by the routing Error Handler. Important: This is only possible if the 3rd party component allows Camel to be alerted if an exception was thrown. Some components handle this internally only, and therefore bridgeErrorHandler is not possible. In other situations we may improve the Camel component to hook into the 3rd party component and make this possible for future releases. By default the consumer will use the org.apache.camel.spi.ExceptionHandler to deal with exceptions, that will be logged at WARN or ERROR level and ignored." },
    "lazyStartProducer": { "index": 3, "kind": "property", "displayName": "Lazy Start Producer", "group": "producer", "label": "producer", "required": false, "type": "boolean", "javaType": "boolean", "deprecated": false, "autowired": false, "secret": false, "defaultValue": false, "description": "Whether the producer should be started lazy (on the first message). By starting lazy you can use this to allow CamelContext and routes to startup in situations where a producer may otherwise fail during starting and cause the route to fail being started. By deferring this startup to be lazy then the startup failure can be handled during routing messages via Camel's routing error handlers. Beware that when the first message is processed then creating and starting the producer may take a little time and prolong the total processing time of the processing." },
    "autowiredEnabled": { "index": 4, "kind": "property", "displayName": "Autowired Enabled", "group": "advanced", "label": "advanced", "required": false, "type": "boolean", "javaType": "boolean", "deprecated": false, "autowired": false, "secret": false, "defaultValue": true, "description": "Whether autowiring is enabled. This is used for automatic autowiring options (the option must be marked as autowired) by looking up in the registry to find if there is a single instance of matching type, which then gets configured on the component. This can be used for automatic configuring JDBC data sources, JMS connection factories, AWS Clients, etc." },
    "headerFilterStrategy": { "index": 5, "kind": "property", "displayName": "Header Filter Strategy", "group": "filter", "label": "filter", "required": false, "type": "object", "javaType": "org.apache.camel.spi.HeaderFilterStrategy", "deprecated": false, "autowired": false, "secret": false, "description": "To use a custom org.apache.camel.spi.HeaderFilterStrategy to filter header to and from Camel message." },
    "useGlobalSslContextParameters": { "index": 6, "kind": "property", "displayName": "Use Global Ssl Context Parameters", "group": "security", "label": "security", "required": false, "type": "boolean", "javaType": "boolean", "deprecated": false, "autowired": false, "secret": false, "defaultValue": false, "description": "Enable usage of global SSL context parameters." }
  },
  "headers": {
    "CamelNatsMessageTimestamp": { "index": 0, "kind": "header", "displayName": "", "group": "common", "label": "", "required": false, "javaType": "long", "deprecated": false, "deprecationNote": "", "autowired": false, "secret": false, "description": "The timestamp of a consumed message.", "constantName": "org.apache.camel.component.nats.NatsConstants#NATS_MESSAGE_TIMESTAMP" },
    "CamelNatsSID": { "index": 1, "kind": "header", "displayName": "", "group": "common", "label": "", "required": false, "javaType": "String", "deprecated": false, "deprecationNote": "", "autowired": false, "secret": false, "important": true, "description": "The SID of a consumed message.", "constantName": "org.apache.camel.component.nats.NatsConstants#NATS_SID" },
    "CamelNatsReplyTo": { "index": 2, "kind": "header", "displayName": "", "group": "common", "label": "", "required": false, "javaType": "String", "deprecated": false, "deprecationNote": "", "autowired": false, "secret": false, "description": "The ReplyTo of a consumed message (may be null).", "constantName": "org.apache.camel.component.nats.NatsConstants#NATS_REPLY_TO" },
    "CamelNatsSubject": { "index": 3, "kind": "header", "displayName": "", "group": "common", "label": "", "required": false, "javaType": "String", "deprecated": false, "deprecationNote": "", "autowired": false, "secret": false, "description": "The Subject of a consumed message.", "constantName": "org.apache.camel.component.nats.NatsConstants#NATS_SUBJECT" },
    "CamelNatsQueueName": { "index": 4, "kind": "header", "displayName": "", "group": "common", "label": "", "required": false, "javaType": "String", "deprecated": false, "deprecationNote": "", "autowired": false, "secret": false, "description": "The Queue name of a consumed message (may be null).", "constantName": "org.apache.camel.component.nats.NatsConstants#NATS_QUEUE_NAME" },
    "CamelNatsStatusCode": { "index": 5, "kind": "header", "displayName": "", "group": "consumer", "label": "consumer", "required": false, "javaType": "int", "deprecated": false, "deprecationNote": "", "autowired": false, "secret": false, "important": true, "description": "Status message code", "constantName": "org.apache.camel.component.nats.NatsConstants#NATS_STATUS_CODE" },
    "CamelNatsStatusError": { "index": 6, "kind": "header", "displayName": "", "group": "consumer", "label": "consumer", "required": false, "javaType": "String", "deprecated": false, "deprecationNote": "", "autowired": false, "secret": false, "important": true, "description": "Status message error message", "constantName": "org.apache.camel.component.nats.NatsConstants#NATS_STATUS_ERROR" }
  },
  "properties": {
    "topic": { "index": 0, "kind": "path", "displayName": "Topic", "group": "common", "label": "", "required": true, "type": "string", "javaType": "java.lang.String", "deprecated": false, "deprecationNote": "", "autowired": false, "secret": false, "configurationClass": "org.apache.camel.component.nats.NatsConfiguration", "configurationField": "configuration", "description": "The name of topic we want to use" },
    "connectionTimeout": { "index": 1, "kind": "parameter", "displayName": "Connection Timeout", "group": "common", "label": "common", "required": false, "type": "integer", "javaType": "int", "deprecated": false, "autowired": false, "secret": false, "defaultValue": 2000, "configurationClass": "org.apache.camel.component.nats.NatsConfiguration", "configurationField": "configuration", "description": "Timeout for connection attempts. (in milliseconds)" },
    "flushConnection": { "index": 2, "kind": "parameter", "displayName": "Flush Connection", "group": "common", "label": "common", "required": false, "type": "boolean", "javaType": "boolean", "deprecated": false, "autowired": false, "secret": false, "defaultValue": true, "configurationClass": "org.apache.camel.component.nats.NatsConfiguration", "configurationField": "configuration", "description": "Define if we want to flush connection when stopping or not" },
    "flushTimeout": { "index": 3, "kind": "parameter", "displayName": "Flush Timeout", "group": "common", "label": "common", "required": false, "type": "integer", "javaType": "int", "deprecated": false, "autowired": false, "secret": false, "defaultValue": 1000, "configurationClass": "org.apache.camel.component.nats.NatsConfiguration", "configurationField": "configuration", "description": "Set the flush timeout (in milliseconds)" },
    "jetstreamEnabled": { "index": 4, "kind": "parameter", "displayName": "Jetstream Enabled", "group": "common", "label": "common", "required": false, "type": "boolean", "javaType": "boolean", "deprecated": false, "autowired": false, "secret": false, "defaultValue": false, "configurationClass": "org.apache.camel.component.nats.NatsConfiguration", "configurationField": "configuration", "description": "Sets whether to enable JetStream support for this endpoint." },
    "jetstreamName": { "index": 5, "kind": "parameter", "displayName": "Jetstream Name", "group": "common", "label": "common", "required": false, "type": "string", "javaType": "java.lang.String", "deprecated": false, "autowired": false, "secret": false, "configurationClass": "org.apache.camel.component.nats.NatsConfiguration", "configurationField": "configuration", "description": "Sets the name of the JetStream stream to use." },
    "maxPingsOut": { "index": 6, "kind": "parameter", "displayName": "Max Pings Out", "group": "common", "label": "common", "required": false, "type": "integer", "javaType": "int", "deprecated": false, "autowired": false, "secret": false, "defaultValue": 2, "configurationClass": "org.apache.camel.component.nats.NatsConfiguration", "configurationField": "configuration", "description": "maximum number of pings have not received a response allowed by the client" },
    "maxReconnectAttempts": { "index": 7, "kind": "parameter", "displayName": "Max Reconnect Attempts", "group": "common", "label": "", "required": false, "type": "integer", "javaType": "int", "deprecated": false, "autowired": false, "secret": false, "defaultValue": 60, "configurationClass": "org.apache.camel.component.nats.NatsConfiguration", "configurationField": "configuration", "description": "Max reconnection attempts" },
    "noEcho": { "index": 8, "kind": "parameter", "displayName": "No Echo", "group": "common", "label": "", "required": false, "type": "boolean", "javaType": "boolean", "deprecated": false, "autowired": false, "secret": false, "defaultValue": false, "configurationClass": "org.apache.camel.component.nats.NatsConfiguration", "configurationField": "configuration", "description": "Turn off echo. If supported by the gnatsd version you are connecting to this flag will prevent the server from echoing messages back to the connection if it has subscriptions on the subject being published to." },
    "noRandomizeServers": { "index": 9, "kind": "parameter", "displayName": "No Randomize Servers", "group": "common", "label": "", "required": false, "type": "boolean", "javaType": "boolean", "deprecated": false, "autowired": false, "secret": false, "defaultValue": false, "configurationClass": "org.apache.camel.component.nats.NatsConfiguration", "configurationField": "configuration", "description": "Whether or not randomizing the order of servers for the connection attempts" },
    "pedantic": { "index": 10, "kind": "parameter", "displayName": "Pedantic", "group": "common", "label": "common", "required": false, "type": "boolean", "javaType": "boolean", "deprecated": false, "autowired": false, "secret": false, "defaultValue": false, "configurationClass": "org.apache.camel.component.nats.NatsConfiguration", "configurationField": "configuration", "description": "Whether or not running in pedantic mode (this affects performance)" },
    "pingInterval": { "index": 11, "kind": "parameter", "displayName": "Ping Interval", "group": "common", "label": "", "required": false, "type": "integer", "javaType": "int", "deprecated": false, "autowired": false, "secret": false, "defaultValue": 120000, "configurationClass": "org.apache.camel.component.nats.NatsConfiguration", "configurationField": "configuration", "description": "Ping interval to be aware if connection is still alive (in milliseconds)" },
    "reconnect": { "index": 12, "kind": "parameter", "displayName": "Reconnect", "group": "common", "label": "common", "required": false, "type": "boolean", "javaType": "boolean", "deprecated": false, "autowired": false, "secret": false, "defaultValue": true, "configurationClass": "org.apache.camel.component.nats.NatsConfiguration", "configurationField": "configuration", "description": "Whether or not using reconnection feature" },
    "reconnectTimeWait": { "index": 13, "kind": "parameter", "displayName": "Reconnect Time Wait", "group": "common", "label": "common", "required": false, "type": "integer", "javaType": "int", "deprecated": false, "autowired": false, "secret": false, "defaultValue": 2000, "configurationClass": "org.apache.camel.component.nats.NatsConfiguration", "configurationField": "configuration", "description": "Waiting time before attempts reconnection (in milliseconds)" },
    "requestCleanupInterval": { "index": 14, "kind": "parameter", "displayName": "Request Cleanup Interval", "group": "common", "label": "common", "required": false, "type": "integer", "javaType": "int", "deprecated": false, "autowired": false, "secret": false, "defaultValue": 5000, "configurationClass": "org.apache.camel.component.nats.NatsConfiguration", "configurationField": "configuration", "description": "Interval to clean up cancelled\/timed out requests." },
    "servers": { "index": 15, "kind": "parameter", "displayName": "Servers", "group": "common", "label": "common", "required": false, "type": "string", "javaType": "java.lang.String", "deprecated": false, "autowired": false, "secret": false, "configurationClass": "org.apache.camel.component.nats.NatsConfiguration", "configurationField": "configuration", "description": "URLs to one or more NAT servers. Use comma to separate URLs when specifying multiple servers." },
    "verbose": { "index": 16, "kind": "parameter", "displayName": "Verbose", "group": "common", "label": "", "required": false, "type": "boolean", "javaType": "boolean", "deprecated": false, "autowired": false, "secret": false, "defaultValue": false, "configurationClass": "org.apache.camel.component.nats.NatsConfiguration", "configurationField": "configuration", "description": "Whether or not running in verbose mode" },
    "maxMessages": { "index": 17, "kind": "parameter", "displayName": "Max Messages", "group": "consumer", "label": "consumer", "required": false, "type": "string", "javaType": "java.lang.String", "deprecated": false, "autowired": false, "secret": false, "configurationClass": "org.apache.camel.component.nats.NatsConfiguration", "configurationField": "configuration", "description": "Stop receiving messages from a topic we are subscribing to after maxMessages" },
    "poolSize": { "index": 18, "kind": "parameter", "displayName": "Pool Size", "group": "consumer", "label": "consumer", "required": false, "type": "integer", "javaType": "int", "deprecated": false, "autowired": false, "secret": false, "defaultValue": 10, "configurationClass": "org.apache.camel.component.nats.NatsConfiguration", "configurationField": "configuration", "description": "Consumer thread pool size (default is 10)" },
    "queueName": { "index": 19, "kind": "parameter", "displayName": "Queue Name", "group": "consumer", "label": "consumer", "required": false, "type": "string", "javaType": "java.lang.String", "deprecated": false, "autowired": false, "secret": false, "configurationClass": "org.apache.camel.component.nats.NatsConfiguration", "configurationField": "configuration", "description": "The Queue name if we are using nats for a queue configuration" },
    "replyToDisabled": { "index": 20, "kind": "parameter", "displayName": "Reply To Disabled", "group": "consumer", "label": "consumer", "required": false, "type": "boolean", "javaType": "boolean", "deprecated": false, "autowired": false, "secret": false, "defaultValue": false, "configurationClass": "org.apache.camel.component.nats.NatsConfiguration", "configurationField": "configuration", "description": "Can be used to turn off sending back reply message in the consumer." },
    "bridgeErrorHandler": { "index": 21, "kind": "parameter", "displayName": "Bridge Error Handler", "group": "consumer (advanced)", "label": "consumer,advanced", "required": false, "type": "boolean", "javaType": "boolean", "deprecated": false, "autowired": false, "secret": false, "defaultValue": false, "description": "Allows for bridging the consumer to the Camel routing Error Handler, which mean any exceptions (if possible) occurred while the Camel consumer is trying to pickup incoming messages, or the likes, will now be processed as a message and handled by the routing Error Handler. Important: This is only possible if the 3rd party component allows Camel to be alerted if an exception was thrown. Some components handle this internally only, and therefore bridgeErrorHandler is not possible. In other situations we may improve the Camel component to hook into the 3rd party component and make this possible for future releases. By default the consumer will use the org.apache.camel.spi.ExceptionHandler to deal with exceptions, that will be logged at WARN or ERROR level and ignored." },
    "exceptionHandler": { "index": 22, "kind": "parameter", "displayName": "Exception Handler", "group": "consumer (advanced)", "label": "consumer,advanced", "required": false, "type": "object", "javaType": "org.apache.camel.spi.ExceptionHandler", "optionalPrefix": "consumer.", "deprecated": false, "autowired": false, "secret": false, "description": "To let the consumer use a custom ExceptionHandler. Notice if the option bridgeErrorHandler is enabled then this option is not in use. By default the consumer will deal with exceptions, that will be logged at WARN or ERROR level and ignored." },
    "exchangePattern": { "index": 23, "kind": "parameter", "displayName": "Exchange Pattern", "group": "consumer (advanced)", "label": "consumer,advanced", "required": false, "type": "enum", "javaType": "org.apache.camel.ExchangePattern", "enum": [ "InOnly", "InOut" ], "deprecated": false, "autowired": false, "secret": false, "description": "Sets the exchange pattern when the consumer creates an exchange." },
    "replySubject": { "index": 24, "kind": "parameter", "displayName": "Reply Subject", "group": "producer", "label": "producer", "required": false, "type": "string", "javaType": "java.lang.String", "deprecated": false, "autowired": false, "secret": false, "configurationClass": "org.apache.camel.component.nats.NatsConfiguration", "configurationField": "configuration", "description": "the subject to which subscribers should send response" },
    "requestTimeout": { "index": 25, "kind": "parameter", "displayName": "Request Timeout", "group": "producer", "label": "producer", "required": false, "type": "integer", "javaType": "long", "deprecated": false, "autowired": false, "secret": false, "defaultValue": 20000, "configurationClass": "org.apache.camel.component.nats.NatsConfiguration", "configurationField": "configuration", "description": "Request timeout in milliseconds" },
    "lazyStartProducer": { "index": 26, "kind": "parameter", "displayName": "Lazy Start Producer", "group": "producer (advanced)", "label": "producer,advanced", "required": false, "type": "boolean", "javaType": "boolean", "deprecated": false, "autowired": false, "secret": false, "defaultValue": false, "description": "Whether the producer should be started lazy (on the first message). By starting lazy you can use this to allow CamelContext and routes to startup in situations where a producer may otherwise fail during starting and cause the route to fail being started. By deferring this startup to be lazy then the startup failure can be handled during routing messages via Camel's routing error handlers. Beware that when the first message is processed then creating and starting the producer may take a little time and prolong the total processing time of the processing." },
    "connection": { "index": 27, "kind": "parameter", "displayName": "Connection", "group": "advanced", "label": "advanced", "required": false, "type": "object", "javaType": "io.nats.client.Connection", "deprecated": false, "autowired": false, "secret": false, "configurationClass": "org.apache.camel.component.nats.NatsConfiguration", "configurationField": "configuration", "description": "Reference an already instantiated connection to Nats server" },
    "consumerConfiguration": { "index": 28, "kind": "parameter", "displayName": "Consumer Configuration", "group": "advanced", "label": "advanced", "required": false, "type": "object", "javaType": "io.nats.client.api.ConsumerConfiguration", "deprecated": false, "autowired": false, "secret": false, "configurationClass": "org.apache.camel.component.nats.NatsConfiguration", "configurationField": "configuration", "description": "Sets a custom ConsumerConfiguration object for the JetStream consumer. This is an advanced option typically used when you need to configure properties not exposed as simple Camel URI parameters. When set, this object will be used to build the final consumer subscription options." },
    "durableName": { "index": 29, "kind": "parameter", "displayName": "Durable Name", "group": "advanced", "label": "advanced", "required": false, "type": "string", "javaType": "java.lang.String", "deprecated": false, "autowired": false, "secret": false, "configurationClass": "org.apache.camel.component.nats.NatsConfiguration", "configurationField": "configuration", "description": "Sets the name to assign to the JetStream durable consumer. Setting this value makes the consumer durable. The value is used to set the durable() field in the underlying NATS ConsumerConfiguration.Builder." },
    "headerFilterStrategy": { "index": 30, "kind": "parameter", "displayName": "Header Filter Strategy", "group": "advanced", "label": "advanced", "required": false, "type": "object", "javaType": "org.apache.camel.spi.HeaderFilterStrategy", "deprecated": false, "autowired": false, "secret": false, "configurationClass": "org.apache.camel.component.nats.NatsConfiguration", "configurationField": "configuration", "description": "To use a custom header filter strategy." },
    "jetstreamAsync": { "index": 31, "kind": "parameter", "displayName": "Jetstream Async", "group": "advanced", "label": "advanced", "required": false, "type": "boolean", "javaType": "boolean", "deprecated": false, "autowired": false, "secret": false, "defaultValue": true, "configurationClass": "org.apache.camel.component.nats.NatsConfiguration", "configurationField": "configuration", "description": "Sets whether to operate JetStream requests asynchronously." },
    "pullSubscription": { "index": 32, "kind": "parameter", "displayName": "Pull Subscription", "group": "advanced", "label": "advanced", "required": false, "type": "boolean", "javaType": "boolean", "deprecated": false, "autowired": false, "secret": false, "defaultValue": true, "configurationClass": "org.apache.camel.component.nats.NatsConfiguration", "configurationField": "configuration", "description": "Sets the consumer subscription type for JetStream. Set to true to use a Pull Subscription (consumer explicitly requests messages). Set to false to use a Push Subscription (messages are automatically delivered)." },
    "traceConnection": { "index": 33, "kind": "parameter", "displayName": "Trace Connection", "group": "advanced", "label": "advanced", "required": false, "type": "boolean", "javaType": "boolean", "deprecated": false, "autowired": false, "secret": false, "defaultValue": false, "configurationClass": "org.apache.camel.component.nats.NatsConfiguration", "configurationField": "configuration", "description": "Whether or not connection trace messages should be printed to standard out for fine grained debugging of connection issues." },
    "credentialsFilePath": { "index": 34, "kind": "parameter", "displayName": "Credentials File Path", "group": "security", "label": "security", "required": false, "type": "string", "javaType": "java.lang.String", "deprecated": false, "autowired": false, "secret": false, "configurationClass": "org.apache.camel.component.nats.NatsConfiguration", "configurationField": "configuration", "description": "If we use useCredentialsFile to true we'll need to set the credentialsFilePath option. It can be loaded by default from classpath, but you can prefix with classpath:, file:, or http: to load the resource from different systems." },
    "secure": { "index": 35, "kind": "parameter", "displayName": "Secure", "group": "security", "label": "security", "required": false, "type": "boolean", "javaType": "boolean", "deprecated": false, "autowired": false, "secret": false, "defaultValue": false, "configurationClass": "org.apache.camel.component.nats.NatsConfiguration", "configurationField": "configuration", "description": "Set secure option indicating TLS is required" },
    "sslContextParameters": { "index": 36, "kind": "parameter", "displayName": "Ssl Context Parameters", "group": "security", "label": "security", "required": false, "type": "object", "javaType": "org.apache.camel.support.jsse.SSLContextParameters", "deprecated": false, "autowired": false, "secret": false, "configurationClass": "org.apache.camel.component.nats.NatsConfiguration", "configurationField": "configuration", "description": "To configure security using SSLContextParameters" }
  }
}
