{
  "groups": [
    {
      "name": "spring.ai.alibaba.a2a.nacos",
      "type": "com.alibaba.cloud.ai.a2a.registry.nacos.properties.NacosA2aProperties",
      "sourceType": "com.alibaba.cloud.ai.a2a.registry.nacos.properties.NacosA2aProperties",
      "description": "Configuration properties for Nacos A2A Registry."
    },
    {
      "name": "spring.ai.alibaba.a2a.nacos.registry",
      "type": "com.alibaba.cloud.ai.a2a.registry.nacos.register.NacosA2aRegistryProperties",
      "sourceType": "com.alibaba.cloud.ai.a2a.registry.nacos.register.NacosA2aRegistryProperties",
      "description": "Configuration properties for Nacos A2A Registry."
    }
  ],
  "properties": [
    {
      "name": "spring.ai.alibaba.a2a.nacos.server-addr",
      "type": "java.lang.String",
      "description": "Nacos server address.",
      "sourceType": "com.alibaba.cloud.ai.a2a.registry.nacos.properties.NacosA2aProperties",
      "defaultValue": "localhost:8848"
    },
    {
      "name": "spring.ai.alibaba.a2a.nacos.namespace",
      "type": "java.lang.String",
      "description": "Nacos namespace for A2A service.",
      "sourceType": "com.alibaba.cloud.ai.a2a.registry.nacos.properties.NacosA2aProperties",
      "defaultValue": "public"
    },
    {
      "name": "spring.ai.alibaba.a2a.nacos.username",
      "type": "java.lang.String",
      "description": "Nacos username to authenticate.",
      "sourceType": "com.alibaba.cloud.ai.a2a.registry.nacos.properties.NacosA2aProperties",
      "defaultValue": ""
    },
    {
      "name": "spring.ai.alibaba.a2a.nacos.password",
      "type": "java.lang.String",
      "description": "Nacos password to authenticate.",
      "sourceType": "com.alibaba.cloud.ai.a2a.registry.nacos.properties.NacosA2aProperties",
      "defaultValue": ""
    },
    {
      "name": "spring.ai.alibaba.a2a.nacos.access-key",
      "type": "java.lang.String",
      "description": "Nacos access key to authenticate.",
      "sourceType": "com.alibaba.cloud.ai.a2a.registry.nacos.properties.NacosA2aProperties",
      "defaultValue": ""
    },
    {
      "name": "spring.ai.alibaba.a2a.nacos.secret-key",
      "type": "java.lang.String",
      "description": "Nacos secret key to authenticate.",
      "sourceType": "com.alibaba.cloud.ai.a2a.registry.nacos.properties.NacosA2aProperties",
      "defaultValue": ""
    },
    {
      "name": "spring.ai.alibaba.a2a.nacos.endpoint",
      "type": "java.lang.String",
      "description": "Nacos server endpoint.",
      "sourceType": "com.alibaba.cloud.ai.a2a.registry.nacos.properties.NacosA2aProperties",
      "defaultValue": ""
    },
    {
      "name": "spring.ai.alibaba.a2a.nacos.registry.enabled",
      "type": "java.lang.Boolean",
      "description": "Enable nacos auto registry agent card to nacos.",
      "defaultValue": "true"
    },
    {
      "name": "spring.ai.alibaba.a2a.nacos.registry.register-as-latest",
      "type": "java.lang.Boolean",
      "description": "Register agent card as latest version.",
      "sourceType": "com.alibaba.cloud.ai.a2a.registry.nacos.register.NacosA2aRegistryProperties",
      "defaultValue": "true"
    },
    {
      "name": "spring.ai.alibaba.a2a.nacos.discovery.enabled",
      "type": "java.lang.Boolean",
      "description": "Enable nacos auto discovery agent card from nacos.",
      "defaultValue": "true"
    }
  ],
  "hints": []
}
