{
  "name": "Java",
  "dockerFile": "Dockerfile",
  "hostRequirements": {
    "cpus": 2
  },
  "features": {
    "ghcr.io/devcontainers/features/java:1": {
      "version": "none",
      "installMaven": "true",
      "installGradle": "true"
    },
    "ghcr.io/devcontainers/features/sshd:1": { },
    "ghcr.io/devcontainers/features/docker-in-docker:2": { }
  },
  "customizations": {
    "vscode": {
      "extensions": [
        "vscjava.vscode-java-pack",
        "vscjava.vscode-java-debug",
        "vscjava.vscode-maven",
        "vscjava.vscode-gradle",
        "vscjava.vscode-java-dependency",
        "vscjava.vscode-java-test",
        "redhat.java",
        "redhat.vscode-xml",
        "redhat.vscode-yaml",
        "ms-azuretools.vscode-docker"
      ]
    }
  }
}
