{
  "id": "8a641514-bb92-4a5e-8ea4-27b90ef3e637",
  "clientId": "reference-client",
  "surrogateAuthRequired": false,
  "enabled": true,
  "alwaysDisplayInConsole": false,
  "clientAuthenticatorType": "client-secret",
  "secret": "hzjJYnHVxMf3I3ugD4le0CgT1iI3rCx2",
  "redirectUris": [],
  "webOrigins": [],
  "notBefore": 0,
  "bearerOnly": false,
  "consentRequired": false,
  "standardFlowEnabled": true,
  "implicitFlowEnabled": false,
  "directAccessGrantsEnabled": false,
  "serviceAccountsEnabled": false,
  "publicClient": false,
  "frontchannelLogout": false,
  "protocol": "openid-connect",
  "attributes": {
    "client.secret.creation.time": "1676457441"
  },
  "authenticationFlowBindingOverrides": {},
  "fullScopeAllowed": true,
  "nodeReRegistrationTimeout": -1,
  "defaultClientScopes": [
    "web-origins",
    "acr",
    "profile",
    "roles",
    "email"
  ],
  "optionalClientScopes": [
    "address",
    "phone",
    "offline_access",
    "microprofile-jwt"
  ],
  "access": {
    "view": true,
    "configure": true,
    "manage": true
  }
}
