<?xml version="1.0" encoding="UTF-8"?>
<!--
    Licensed to the Apache Software Foundation (ASF) under one or more
    contributor license agreements.  See the NOTICE file distributed with
    this work for additional information regarding copyright ownership.
    The ASF licenses this file to You under the Apache License, Version 2.0
    (the "License"); you may not use this file except in compliance with
    the License.  You may obtain a copy of the License at

         http://www.apache.org/licenses/LICENSE-2.0

    Unless required by applicable law or agreed to in writing, software
    distributed under the License is distributed on an "AS IS" BASIS,
    WITHOUT WARRANTIES OR CONDITIONS OF ANY KIND, either express or implied.
    See the License for the specific language governing permissions and
    limitations under the License.
  -->
<!--
      Ignite configuration with all defaults and enabled p2p deployment and enabled events.
  -->
<beans xmlns="http://www.springframework.org/schema/beans" xmlns:util="http://www.springframework.org/schema/util" xmlns:xsi="http://www.w3.org/2001/XMLSchema-instance" xsi:schemaLocation="         http://www.springframework.org/schema/beans         http://www.springframework.org/schema/beans/spring-beans.xsd         http://www.springframework.org/schema/util         http://www.springframework.org/schema/util/spring-util.xsd">
    <!-- tag::ignite-config[] -->
    <bean class="org.apache.ignite.configuration.IgniteConfiguration" id="ignite.cfg">
        <!-- tag::http-configuration[] -->
        <property name="connectorConfiguration">
            <bean class="org.apache.ignite.configuration.ConnectorConfiguration">
                <property name="jettyPath" value="jetty.xml"/>
            </bean>
        </property>
        <!-- end::http-configuration[] -->
       <!-- tag::discovery[] --> 
        <property name="discoverySpi">
            <bean class="org.apache.ignite.spi.discovery.tcp.TcpDiscoverySpi">
                <property name="ipFinder">
                    <bean class="org.apache.ignite.spi.discovery.tcp.ipfinder.vm.TcpDiscoveryVmIpFinder">
                        <property name="addresses">
                            <list>
                                <!-- In distributed environment, replace with actual host IP address. -->
                                <value>127.0.0.1:47500..47509</value>
                            </list>
                        </property>
                    </bean>
                </property>
            </bean>
        </property>
        <!-- end::discovery[] -->
    </bean>

    <!-- end::ignite-config[] -->
</beans>