<?xml version="1.0" encoding="UTF-8"?>
<!--
  Licensed to the Apache Software Foundation (ASF) under one or more
  contributor license agreements.  See the NOTICE file distributed with
  this work for additional information regarding copyright ownership.
  The ASF licenses this file to You under the Apache License, Version 2.0
  (the "License"); you may not use this file except in compliance with
  the License.  You may obtain a copy of the License at

       http://www.apache.org/licenses/LICENSE-2.0

  Unless required by applicable law or agreed to in writing, software
  distributed under the License is distributed on an "AS IS" BASIS,
  WITHOUT WARRANTIES OR CONDITIONS OF ANY KIND, either express or implied.
  See the License for the specific language governing permissions and
  limitations under the License.
-->
<beans xmlns="http://www.springframework.org/schema/beans" xmlns:util="http://www.springframework.org/schema/util" xmlns:xsi="http://www.w3.org/2001/XMLSchema-instance" xsi:schemaLocation="         http://www.springframework.org/schema/beans         http://www.springframework.org/schema/beans/spring-beans.xsd         http://www.springframework.org/schema/util         http://www.springframework.org/schema/util/spring-util.xsd">
    <!-- tag::ignite-config[] -->
    <bean class="org.apache.ignite.configuration.IgniteConfiguration">
        <!-- tag::encryption[] -->
        <!-- We need to configure EncryptionSpi to enable encryption feature. -->
        <property name="encryptionSpi">
            <!-- Using EncryptionSpi implementation based on java keystore. -->
            <bean class="org.apache.ignite.spi.encryption.keystore.KeystoreEncryptionSpi">
                <!-- Path to the keystore file. -->
                <property name="keyStorePath" value="ignite_keystore.jks"/>
                <!-- Password for keystore file. -->
                <property name="keyStorePassword" value="mypassw0rd"/>
                <!-- Name of the key in keystore to be used as a master key. -->
                <property name="masterKeyName" value="ignite.master.key"/>
                <!-- Size of the cache encryption keys in bits. Can be 128, 192, or 256 bits.-->
                <property name="keySize" value="256"/>
            </bean>
        </property>
        <!-- end::encryption[] -->
        <!-- tag::cache[] -->
        <property name="cacheConfiguration">
            <bean class="org.apache.ignite.configuration.CacheConfiguration">
                <property name="name" value="encrypted-cache"/>
                <property name="encryptionEnabled" value="true"/>
            </bean>
        </property>
        <!-- end::cache[] -->
        <!-- tag::discovery[] -->
        <property name="discoverySpi">
            <bean class="org.apache.ignite.spi.discovery.tcp.TcpDiscoverySpi">
                <property name="ipFinder">
                    <bean class="org.apache.ignite.spi.discovery.tcp.ipfinder.vm.TcpDiscoveryVmIpFinder">
                        <property name="addresses">
                            <list>
                                <value>127.0.0.1:47500..47509</value>
                            </list>
                        </property>
                    </bean>
                </property>
            </bean>
        </property>
        <!-- end::discovery[] -->
        <!-- tag::reencryption[] -->
        <property name="dataStorageConfiguration">
            <bean class="org.apache.ignite.configuration.DataStorageConfiguration">
                <property name="encryptionConfiguration">
                    <bean class="org.apache.ignite.configuration.EncryptionConfiguration">
                        <!-- Set re-encryption rate limit to 10.3 MB/s. -->
                        <property name="reencryptionRateLimit" value="10.3"/>
                    </bean>
                </property>
            </bean>
        </property>
        <!-- end::reencryption[] -->
    </bean>
    <!-- end::ignite-config[] -->
</beans>
