{
  "ors": {
    "services": {
      "isochrones": {
        "enabled": true,
        "maximum_range_distance": [
          {
            "profiles": "any",
            "value": 50000
          },
          {
            "profiles": "driving-car, driving-hgv",
            "value": 100000
          }
        ],
        "maximum_range_time": [
          {
            "profiles": "any",
            "value": 18000
          },
          {
            "profiles": "driving-car, driving-hgv",
            "value": 3600
          }
        ],
        "fastisochrones": {
          "maximum_range_distance": [
            {
              "profiles": "any",
              "value": 50000
            },
            {
              "profiles": "driving-car, driving-hgv",
              "value": 500000
            }
          ],
          "maximum_range_time": [
            {
              "profiles": "any",
              "value": 18000
            },
            {
              "profiles": "driving-car, driving-hgv",
              "value": 10800
            }
          ],
          "profiles": {
            "default_params": {
              "enabled": false,
              "threads": 12,
              "weightings": "recommended",
              "maxcellnodes": 5000
            },
            "hgv": {
              "enabled": false,
              "threads": 12,
              "weightings": "recommended, shortest",
              "maxcellnodes": 5000
            }
          }
        },
        "maximum_intervals": 10,
        "maximum_locations": 2,
        "allow_compute_area": true
      },
      "routing": {
        "enabled": true,
        "mode": "normal",
        "routing_description": "This is a routing file from openrouteservice",
        "routing_name": "openrouteservice routing",
        "sources": [
          "/tmp/heidelberg.test.pbf"
        ],
        "init_threads": 1,
        "attribution": "openrouteservice.org, OpenStreetMap contributors",
        "elevation_preprocessed": false,
        "profiles": {
          "active": [
            "car"
          ],
          "default_params": {
            "encoder_flags_size": 8,
            "graphs_root_path": "/tmp/graphs",
            "elevation_provider": "multi",
            "elevation_cache_path": "/tmp/elevation-cache",
            "elevation_cache_clear": false,
            "instructions": true,
            "maximum_distance": 100000,
            "maximum_distance_dynamic_weights": 100000,
            "maximum_distance_avoid_areas": 100000,
            "maximum_waypoints": 50,
            "maximum_snapping_radius": 400,
            "maximum_avoid_polygon_area": 200000000,
            "maximum_avoid_polygon_extent": 20000,
            "maximum_distance_alternative_routes": 100000,
            "maximum_alternative_routes": 3,
            "maximum_distance_round_trip_routes": 100000,
            "maximum_speed_lower_bound": 80,
            "preparation": {
              "min_network_size": 200,
              "methods": {
                "lm": {
                  "enabled": true,
                  "threads": 1,
                  "weightings": "recommended,shortest",
                  "landmarks": 16
                }
              }
            },
            "execution": {
              "methods": {
                "lm": {
                  "active_landmarks": 8
                }
              }
            }
          },
          "profile-car": {
            "profiles": "driving-car",
            "parameters": {
              "encoder_flags_size": 8,
              "encoder_options": "turn_costs=true|block_fords=false|use_acceleration=true",
              "maximum_distance": 100000,
              "elevation": true,
              "maximum_snapping_radius": 350,
              "preparation": {
                "min_network_size": 200,
                "methods": {
                  "ch": {
                    "enabled": true,
                    "threads": 1,
                    "weightings": "fastest"
                  },
                  "lm": {
                    "enabled": false,
                    "threads": 1,
                    "weightings": "fastest,shortest",
                    "landmarks": 16
                  },
                  "core": {
                    "enabled": true,
                    "threads": 1,
                    "weightings": "fastest,shortest",
                    "landmarks": 64,
                    "lmsets": "highways;allow_all"
                  }
                }
              },
              "execution": {
                "methods": {
                  "lm": {
                    "active_landmarks": 6
                  },
                  "core": {
                    "active_landmarks": 6
                  }
                }
              },
              "ext_storages": {
                "WayCategory": {},
                "HeavyVehicle": {},
                "WaySurfaceType": {},
                "RoadAccessRestrictions": {
                  "use_for_warnings": true
                }
              }
            }
          },
          "profile-hgv": {
            "profiles": "driving-hgv",
            "parameters": {
              "encoder_flags_size": 8,
              "encoder_options": "turn_costs=true|block_fords=false|use_acceleration=true",
              "maximum_distance": 100000,
              "elevation": true,
              "preparation": {
                "min_network_size": 200,
                "methods": {
                  "ch": {
                    "enabled": true,
                    "threads": 1,
                    "weightings": "recommended"
                  },
                  "core": {
                    "enabled": true,
                    "threads": 1,
                    "weightings": "recommended,shortest",
                    "landmarks": 64,
                    "lmsets": "highways;allow_all"
                  }
                }
              },
              "execution": {
                "methods": {
                  "core": {
                    "active_landmarks": 6
                  }
                }
              },
              "ext_storages": {
                "WayCategory": {},
                "HeavyVehicle": {
                  "restrictions": true
                },
                "WaySurfaceType": {}
              }
            }
          },
          "profile-bike-regular": {
            "profiles": "cycling-regular",
            "parameters": {
              "encoder_options": "consider_elevation=true|turn_costs=true|block_fords=false",
              "elevation": true,
              "ext_storages": {
                "WayCategory": {},
                "WaySurfaceType": {},
                "HillIndex": {},
                "TrailDifficulty": {}
              }
            }
          },
          "profile-bike-mountain": {
            "profiles": "cycling-mountain",
            "parameters": {
              "encoder_options": "consider_elevation=true|turn_costs=true|block_fords=false",
              "elevation": true,
              "ext_storages": {
                "WayCategory": {},
                "WaySurfaceType": {},
                "HillIndex": {},
                "TrailDifficulty": {}
              }
            }
          },
          "profile-bike-road": {
            "profiles": "cycling-road",
            "parameters": {
              "encoder_options": "consider_elevation=true|turn_costs=true|block_fords=false",
              "elevation": true,
              "ext_storages": {
                "WayCategory": {},
                "WaySurfaceType": {},
                "HillIndex": {},
                "TrailDifficulty": {}
              }
            }
          },
          "profile-bike-electric": {
            "profiles": "cycling-electric",
            "parameters": {
              "encoder_options": "consider_elevation=true|turn_costs=true|block_fords=false",
              "elevation": true,
              "ext_storages": {
                "WayCategory": {},
                "WaySurfaceType": {},
                "HillIndex": {},
                "TrailDifficulty": {}
              }
            }
          },
          "profile-walking": {
            "profiles": "foot-walking",
            "parameters": {
              "encoder_options": "block_fords=false",
              "elevation": true,
              "ext_storages": {
                "WayCategory": {},
                "WaySurfaceType": {},
                "HillIndex": {},
                "TrailDifficulty": {}
              }
            }
          },
          "profile-hiking": {
            "profiles": "foot-hiking",
            "parameters": {
              "encoder_options": "block_fords=false",
              "elevation": true,
              "ext_storages": {
                "WayCategory": {},
                "WaySurfaceType": {},
                "HillIndex": {},
                "TrailDifficulty": {}
              }
            }
          },
          "profile-wheelchair": {
            "profiles": "wheelchair",
            "parameters": {
              "encoder_options": "block_fords=true",
              "elevation": true,
              "maximum_snapping_radius": 50,
              "ext_storages": {
                "WayCategory": {},
                "WaySurfaceType": {},
                "Wheelchair": {
                  "KerbsOnCrossings": "true"
                },
                "OsmId": {}
              }
            }
          },
          "profile-public-transport": {
            "profiles": "public-transport",
            "parameters": {
              "encoder_options": "block_fords=false",
              "elevation": true,
              "maximum_visited_nodes": 1000000,
              "gtfs_file": "ors-api/src/test/files/vrn_gtfs.zip"
            }
          }
        }
      }
    }
  }
}
