{
    "generator-jhipster": {
        "applicationType": "monolith",
        "authenticationType": "oauth2",
        "baseName": "sampleOauth2SassInfinispan",
        "buildTool": "maven",
        "cacheProvider": "infinispan",
        "clientFramework": "angular",
        "clientPackageManager": "npm",
        "creationTimestamp": 1596513172471,
        "databaseType": "sql",
        "devDatabaseType": "h2Disk",
        "enableHibernateCache": true,
        "enableTranslation": false,
        "jhiPrefix": "myPrefix",
        "messageBroker": "no",
        "packageFolder": "tech/jhipster/sample",
        "packageName": "tech.jhipster.sample",
        "prodDatabaseType": "mariadb",
        "rememberMeKey": "448f9a67a8a292c4905a733ec22cc3b78e493c56",
        "searchEngine": "no",
        "serverPort": "8080",
        "serviceDiscoveryType": "no",
        "testFrameworks": ["gatling", "cypress"],
        "websocket": "no"
    }
}
