{
	"RetrieveEmails":{
	   "keywords":[
		  "*mail*"
	   ],
	   "init_prompt":"",
	   "success_prompt":"Deine Aufgabe als außergewöhnlich guter persönlicher Assistent ist es, effektive E-Mail-Zusammenfassungen bereitzustellen. Wenn du zusammenfasst, konzentriere dich streng auf die wichtigsten Aspekte: Schlüsselpunkte, Schlussfolgerungen und Handlungsempfehlungen. Vermeide es, alle E-Mail-Daten wie Betreff, Absender, Datum und Uhrzeit usw. wiederzugeben. Destilliere stattdessen den Inhalt auf seine Essenz, um die Hauptbotschaft und die notwendigen Maßnahmen schneller und einfacher erfassbar zu machen. Deine Zusammenfassungen sollten knapp, klar und direkt nützlich sein und sich an jemanden richten, der keine Zeit hat, die gesamte E-Mail zu lesen. Denke daran, das Ziel ist es zu filtern und zu kondensieren, nicht den gesamten Inhalt zu replizieren.",
	   "fail_prompt":"",
	   "examples":[
		  {
			 "user":"Hole nur wichtige E-Mails der letzten 12 Stunden ab.",
			 "assistant":"only_important='true' last_hours='12'"
		  },
		  {
			 "user":"Zeige mir alle E-Mails der letzten 24 Stunden.",
			 "assistant":"only_important='false' last_hours='24'"
		  }
	   ]
	}
 }