{
  "groups": [
    {
      "name": "spring.ai.alibaba.mcp.nacos",
      "type": "com.alibaba.cloud.ai.mcp.nacos.NacosMcpProperties",
      "sourceType": "com.alibaba.cloud.ai.mcp.nacos.NacosMcpProperties",
      "description": "Configuration properties for Nacos MCP integration."
    },
    {
      "name": "spring.ai.alibaba.mcp.nacos.register",
      "type": "com.alibaba.cloud.ai.mcp.register.NacosMcpRegisterProperties",
      "sourceType": "com.alibaba.cloud.ai.mcp.register.NacosMcpRegisterProperties",
      "description": "Configuration properties for Nacos MCP server registration."
    },
    {
      "name": "spring.ai.alibaba.mcp.nacos.client.sse",
      "type": "com.alibaba.cloud.ai.autoconfigure.mcp.client.NacosMcpSseClientProperties",
      "sourceType": "com.alibaba.cloud.ai.autoconfigure.mcp.client.NacosMcpSseClientProperties",
      "description": "Configuration properties for Nacos MCP SSE client connections."
    }
  ],
  "properties": [
    {
      "name": "spring.ai.alibaba.mcp.nacos.server-addr",
      "type": "java.lang.String",
      "description": "Nacos server address.",
      "sourceType": "com.alibaba.cloud.ai.mcp.nacos.NacosMcpProperties",
      "defaultValue": "localhost:8848"
    },
    {
      "name": "spring.ai.alibaba.mcp.nacos.namespace",
      "type": "java.lang.String",
      "description": "Nacos namespace for MCP service.",
      "sourceType": "com.alibaba.cloud.ai.mcp.nacos.NacosMcpProperties",
      "defaultValue": "public"
    },
    {
      "name": "spring.ai.alibaba.mcp.nacos.username",
      "type": "java.lang.String",
      "description": "Nacos username to authenticate.",
      "sourceType": "com.alibaba.cloud.ai.mcp.nacos.NacosMcpProperties",
      "defaultValue": ""
    },
    {
      "name": "spring.ai.alibaba.mcp.nacos.password",
      "type": "java.lang.String",
      "description": "Nacos password to authenticate.",
      "sourceType": "com.alibaba.cloud.ai.mcp.nacos.NacosMcpProperties",
      "defaultValue": ""
    },
    {
      "name": "spring.ai.alibaba.mcp.nacos.access-key",
      "type": "java.lang.String",
      "description": "Nacos access key to authenticate.",
      "sourceType": "com.alibaba.cloud.ai.mcp.nacos.NacosMcpProperties",
      "defaultValue": ""
    },
    {
      "name": "spring.ai.alibaba.mcp.nacos.secret-key",
      "type": "java.lang.String",
      "description": "Nacos secret key to authenticate.",
      "sourceType": "com.alibaba.cloud.ai.mcp.nacos.NacosMcpProperties",
      "defaultValue": ""
    },
    {
      "name": "spring.ai.alibaba.mcp.nacos.endpoint",
      "type": "java.lang.String",
      "description": "Nacos server endpoint.",
      "sourceType": "com.alibaba.cloud.ai.mcp.nacos.NacosMcpProperties",
      "defaultValue": ""
    },
    {
      "name": "spring.ai.alibaba.mcp.nacos.ip",
      "type": "java.lang.String",
      "description": "Local IP address for MCP service registration.",
      "sourceType": "com.alibaba.cloud.ai.mcp.nacos.NacosMcpProperties"
    },
    {
      "name": "spring.ai.alibaba.mcp.nacos.register.enabled",
      "type": "java.lang.Boolean",
      "description": "Whether to register MCP server service to Nacos.",
      "sourceType": "com.alibaba.cloud.ai.mcp.register.NacosMcpRegisterProperties",
      "defaultValue": false
    },
    {
      "name": "spring.ai.alibaba.mcp.nacos.register.service-name",
      "type": "java.lang.String",
      "description": "Service name for MCP server service.",
      "sourceType": "com.alibaba.cloud.ai.mcp.register.NacosMcpRegisterProperties",
      "defaultValue": "mcp-server"
    },
    {
      "name": "spring.ai.alibaba.mcp.nacos.register.service-group",
      "type": "java.lang.String",
      "description": "Group for MCP server service.",
      "sourceType": "com.alibaba.cloud.ai.mcp.register.NacosMcpRegisterProperties",
      "defaultValue": "DEFAULT_GROUP"
    },
    {
      "name": "spring.ai.alibaba.mcp.nacos.register.sse-export-context-path",
      "type": "java.lang.String",
      "description": "Base context path for SSE MCP server.",
      "sourceType": "com.alibaba.cloud.ai.mcp.register.NacosMcpRegisterProperties",
      "defaultValue": "/mcp"
    },
    {
      "name": "spring.ai.alibaba.mcp.nacos.client.enabled",
      "type": "java.lang.Boolean",
      "description": "Whether to enable Nacos MCP client functionality.",
      "defaultValue": false
    },
    {
      "name": "spring.ai.alibaba.mcp.nacos.client.sse.connections",
      "type": "java.util.Map<java.lang.String,com.alibaba.cloud.ai.autoconfigure.mcp.client.NacosMcpSseClientProperties$NacosSseParameters>",
      "description": "SSE client connections configuration for Nacos MCP services.",
      "sourceType": "com.alibaba.cloud.ai.autoconfigure.mcp.client.NacosMcpSseClientProperties"
    },
    {
      "name": "spring.ai.mcp.server.enabled",
      "type": "java.lang.Boolean",
      "description": "Whether to enable MCP server.",
      "defaultValue": true
    },
    {
      "name": "spring.ai.mcp.client.type",
      "type": "java.lang.String",
      "description": "MCP client type (SYNC or ASYNC).",
      "defaultValue": "SYNC"
    }
  ],
  "hints": []
}
