{"width":1024,"SubTexture":[{"width":10,"y":994,"height":10,"name":"blank","x":604},{"width":295,"y":1,"height":472,"name":"body/a_arm_L","x":720},{"width":179,"y":1,"height":1013,"name":"body/a_leg_L","x":263},{"width":274,"y":1,"height":555,"name":"body/a_body","x":444},{"width":260,"y":1,"height":930,"name":"body/a_leg_R","x":1},{"width":215,"y":475,"height":517,"name":"body/a_arm_R","x":720},{"width":202,"y":558,"height":238,"name":"body/a_head","x":444},{"width":158,"y":917,"height":96,"name":"20","x":444},{"width":141,"y":798,"height":117,"name":"face/10202001","x":444}],"height":1024,"name":"body","imagePath":"body_tex.png"}