[
{
    "model": "oauth2_provider.application",
    "pk": 1001,
    "fields": {
        "skip_authorization": true,
        "created": "2018-05-31T10:00:31.661Z",
        "updated": "2018-05-31T11:30:31.245Z",
        "algorithm": "RS256",
        "redirect_uris": "http://geonode/geoserver",
        "name": "GeoServer",
        "authorization_grant_type": "authorization-code",
        "client_type": "confidential",
        "client_id": "Jrchz2oPY3akmzndmgUTYrs9gczlgoV20YPSvqaV",
        "client_secret": "rCnp5txobUo83EpQEblM8fVj3QT5zb5qRfxNsuPzCqZaiRyIoxM4jdgMiZKFfePBHYXCLd7B8NlkfDBY9HKeIQPcy5Cp08KQNpRHQbjpLItDHv12GvkSeXp6OxaUETv3",
        "user": [
            "admin"
        ]
    }
}
]
